{"type": "FeatureCollection", "features": [{"id": "0", "type": "Feature", "properties": {"area_ha": 8469.28, "pair_id": "baseline_2018_09_low__blagoveshchensk", "layer": "water_peak", "aoi_name": "Благовещенск — слияние Амура и Зеи", "event_name": "Контрольный период межени, сентябрь 2018", "date_peak": "2018-09-15"}, "geometry": {"type": "MultiPolygon", "coordinates": [[[[127.37401387759759, 50.13098388328239], [127.37413545459265, 50.131525255343824], [127.37483475366706, 50.131535046059206], [127.37471621450642, 50.130903772381586], [127.37401387759759, 50.13098388328239]]], [[[127.32506794797939, 50.138203260464415], [127.3250553895167, 50.1385628601016], [127.32590092693917, 50.138395164429696], [127.32591034100064, 50.1381254645798], [127.32506794797939, 50.138203260464415]]], [[[127.32421612878633, 50.13855074981858], [127.32309397204699, 50.13862449315957], [127.32308139860028, 50.13898409240763], [127.3242067050584, 50.13882044941517], [127.32421612878633, 50.13855074981858]]], [[[127.29635733097497, 50.14669012126192], [127.29620465395637, 50.14704766226117], [127.29690734501744, 50.146968026052676], [127.29678341354119, 50.14651648159866], [127.29635733097497, 50.14669012126192]]], [[[127.28239152118812, 50.1497224004746], [127.28184478367525, 50.1493545298616], [127.28100212944287, 50.14943200308204], [127.2798570823759, 50.15013460866513], [127.27983450230393, 50.15076389198135], [127.28010787008192, 50.15094783229535], [127.2819299194787, 50.15088486127793], [127.28221618147138, 50.15070920585992], [127.28239152118812, 50.1497224004746]]], [[[127.31110804466391, 50.17694723905656], [127.31027128937163, 50.176845122607986], [127.3104176196369, 50.17666736205356], [127.30999448654165, 50.17675115004852], [127.31025860264351, 50.17720471710966], [127.31054175098534, 50.17711889179386], [127.31053223739363, 50.17738858769725], [127.3110890238277, 50.177486631022845], [127.31110804466391, 50.17694723905656]]], [[[127.3103827337568, 50.17765624697868], [127.31066905555606, 50.17748052275513], [127.31039224828035, 50.177386551108555], [127.3103827337568, 50.17765624697868]]], [[[127.34653201664625, 50.18132460265821], [127.34693961292494, 50.18169018255124], [127.34777343532357, 50.18188193657972], [127.3478106561634, 50.180803133244865], [127.34654753694743, 50.18087510153361], [127.34653201664625, 50.18132460265821]]], [[[127.27580411562235, 50.184973231402694], [127.27511054914976, 50.18478304267853], [127.2745375581951, 50.18513431100464], [127.27452459944797, 50.18549389829706], [127.27564791906461, 50.1854206371289], [127.27593441332724, 50.18524500057728], [127.27580411562235, 50.184973231402694]]], [[[127.26836436803457, 50.18926984604235], [127.2680648127755, 50.1898050490624], [127.26832859814735, 50.19025870711022], [127.26903196722422, 50.190179247256175], [127.26892445124608, 50.189278195394245], [127.26836436803457, 50.18926984604235]]], [[[127.25834771221368, 50.19118880344035], [127.26005089380199, 50.19058471662923], [127.26060772349383, 50.19068300229749], [127.26077387673624, 50.18996593055197], [127.26036361051351, 50.189689951019936], [127.26037341079555, 50.189420262767214], [127.259819863998, 50.18923208005088], [127.25957250593649, 50.188328923193076], [127.25816252080382, 50.188577620315115], [127.25758608957747, 50.18901869898314], [127.25645283999687, 50.189361471932834], [127.25529336382448, 50.19042340031074], [127.25527698167272, 50.19087287943261], [127.25583707974823, 50.19088129207205], [127.25670014387136, 50.19026463472209], [127.25823385410357, 50.19046753585481], [127.2566772273589, 50.19089390597009], [127.25610402916875, 50.19124508080902], [127.2560942042071, 50.191514768364804], [127.25834771221368, 50.19118880344035]]], [[[127.37640985228862, 50.20072432026426], [127.3774177206851, 50.19992890872977], [127.3788213645635, 50.19985856426426], [127.3797926514608, 50.20014194829053], [127.37993879886753, 50.19996409902654], [127.38148250072642, 50.19989567578689], [127.38291044119354, 50.199106069572366], [127.38502344397027, 50.198775692263794], [127.38630820725082, 50.19807399754921], [127.38729162165882, 50.19799771199152], [127.38744379284417, 50.19764004930027], [127.38929777418878, 50.19667639127917], [127.39088971864928, 50.1951694108159], [127.39174208241248, 50.194821440632374], [127.39176624745967, 50.19410222431848], [127.39248458143574, 50.193572505105294], [127.39251175329491, 50.19276338627574], [127.3918236355242, 50.192394085180105], [127.38972910496271, 50.19218517783944], [127.38904404268882, 50.1917259585477], [127.38750364137144, 50.19170458313701], [127.38734240455089, 50.192331952085645], [127.3867701327105, 50.19268378069848], [127.38352798361983, 50.19326831161048], [127.38307749345346, 50.194161480580405], [127.38304104965515, 50.19524030039239], [127.3827609568205, 50.19523640080426], [127.38189028614062, 50.196123713836414], [127.38118700099318, 50.19620385808605], [127.38075468777352, 50.19655760775659], [127.37807850541026, 50.19696998833849], [127.37750611028629, 50.19732176983149], [127.37720771644743, 50.19785726486185], [127.37650439858419, 50.197937380409954], [127.37550266112757, 50.19855298203522], [127.3754935062913, 50.19882268579395], [127.37521339354198, 50.19881876780828], [127.37448563003831, 50.1996180806925], [127.37541415855154, 50.20116011779119], [127.37640985228862, 50.20072432026426]], [[127.3811201027314, 50.198181691695034], [127.38126319837264, 50.19809374211623], [127.38126015764372, 50.198183643634], [127.3811201027314, 50.198181691695034]], [[127.38407036549364, 50.19795294204131], [127.38364716601461, 50.19803699752624], [127.38351318433753, 50.1978552452278], [127.38407947172757, 50.197683237098715], [127.38407036549364, 50.19795294204131]], [[127.38421345510446, 50.197864988765254], [127.38435654418966, 50.19777703530654], [127.38435350930395, 50.19786693696641], [127.38421345510446, 50.197864988765254]], [[127.38468216566693, 50.19643240592276], [127.38439599630546, 50.19660831358857], [127.3834186794957, 50.19650477160335], [127.38342475246974, 50.19632496832254], [127.38440510027108, 50.19633860853993], [127.38455121872651, 50.19616075308159], [127.38468216566693, 50.19643240592276]], [[127.38763836257539, 50.19602376085207], [127.38818644883902, 50.19639114334302], [127.38762624834541, 50.19638336817253], [127.38763836257539, 50.19602376085207]], [[127.39011596056493, 50.19317992346301], [127.39025902476565, 50.19309196242443], [127.39025600146637, 50.19318186441824], [127.39011596056493, 50.19317992346301]], [[127.39082523192431, 50.19291992049181], [127.39097131597815, 50.192742056525], [127.39096527211407, 50.19292186058485], [127.39082523192431, 50.19291992049181]], [[127.38916290274257, 50.19235721449515], [127.3887427875454, 50.192351387239505], [127.38860880179008, 50.19216964061445], [127.38903194086036, 50.19208556638412], [127.38916290274257, 50.19235721449515]]], [[[127.36094461965972, 50.2022160547346], [127.36040284056223, 50.20166874439166], [127.35998573070336, 50.201572911830446], [127.35970252243088, 50.201658856800506], [127.35968403254854, 50.20219825977035], [127.36009190436586, 50.20256379496864], [127.36079223587392, 50.20257368034126], [127.36094461965972, 50.2022160547346]]], [[[127.36281325900018, 50.20494072695537], [127.36280403058379, 50.20521042871345], [127.36350440176828, 50.20522029811344], [127.36365677426633, 50.204862668989634], [127.36281325900018, 50.20494072695537]]], [[[127.38008223861993, 50.241250203661934], [127.37924725129109, 50.24105867220459], [127.37884195974272, 50.240603301260506], [127.3777266320981, 50.240407846763304], [127.37745848514575, 50.24004432904881], [127.37646808183162, 50.240300323565734], [127.3764589188891, 50.240570025505534], [127.37686724087338, 50.24093550388666], [127.377711372227, 50.24085735026037], [127.37769611196929, 50.241306853719074], [127.3785280465835, 50.24158829701989], [127.3785158442362, 50.24194789988975], [127.37879621011895, 50.2419518123351], [127.37879010990639, 50.24213161378563], [127.38047840671341, 50.24197527280803], [127.38063686958085, 50.24143782187679], [127.38007614339666, 50.2414300052486], [127.38008223861993, 50.241250203661934]]], [[[127.36601800730237, 50.262909469216225], [127.3651919359307, 50.26244813482943], [127.36477120952962, 50.26244221493846], [127.36474965821148, 50.26307151337446], [127.36502398955098, 50.26325525978956], [127.36572213531552, 50.263355023829845], [127.36600877800427, 50.26317916870101], [127.36601800730237, 50.262909469216225]]], [[[127.28470014942397, 50.26506544903941], [127.2844099705086, 50.2653309963668], [127.28454375526277, 50.265512858977836], [127.28553192969667, 50.265347555721085], [127.28554161416572, 50.26507786742206], [127.28470014942397, 50.26506544903941]]], [[[127.31862350011937, 50.27797344220467], [127.31735460124072, 50.27813496297512], [127.31705818016974, 50.27858038702055], [127.31861399812351, 50.27824313452331], [127.31862350011937, 50.27797344220467]]], [[[127.36233749453437, 50.280216655080594], [127.36234366496151, 50.28003685628477], [127.36163911049073, 50.280116868645436], [127.3620445630992, 50.28057229828368], [127.36289250290643, 50.280404360529225], [127.36233749453437, 50.280216655080594]]], [[[127.32674731453203, 50.31047016429267], [127.3273088371806, 50.310478246211176], [127.3277425943726, 50.31012471643774], [127.32983569226661, 50.31051458129648], [127.32998867136955, 50.310157008459726], [127.33026943128185, 50.310161041912686], [127.33030092015704, 50.30926206706938], [127.33086872506374, 50.30909033664799], [127.33074094001087, 50.30872873069113], [127.33102169162102, 50.30873276224516], [127.33103428105207, 50.308373172099785], [127.33145540541398, 50.30837921808342], [127.3316020727376, 50.30820143793938], [127.33103742836992, 50.308283274559585], [127.33106890067033, 50.30738429907284], [127.3307881569926, 50.30738026771064], [127.33080074758095, 50.30702067752393], [127.33024556196105, 50.3068328178174], [127.33027389908143, 50.306023740009614], [127.33084166522885, 50.30585200924681], [127.33085425473152, 50.30549241895528], [127.33029908654689, 50.305304559631196], [127.33031167989631, 50.304944969405], [127.33003095068699, 50.3049409363552], [127.33003724832336, 50.30476114125843], [127.32947264234367, 50.30484297070077], [127.3294820918987, 50.30457327812545], [127.32865566825186, 50.304111683534074], [127.32840015857414, 50.303388466613185], [127.32799168892058, 50.303022820075626], [127.32686881905171, 50.30300666184858], [127.32688143723777, 50.30264707210841], [127.32744917469729, 50.30247535754392], [127.32733089299245, 50.30184405545846], [127.32677578123268, 50.30165617975119], [127.32652977736512, 50.30066326646621], [127.32596837049581, 50.300655181921435], [127.32597468248908, 50.30047538706397], [127.32569398020765, 50.30047134380096], [127.32570660611644, 50.30011175411884], [127.3251483634688, 50.30001376826424], [127.32474942188529, 50.2993784184636], [127.32490240121744, 50.29902085168618], [127.32378910711647, 50.29873497248694], [127.32241411140589, 50.29790564782076], [127.3222895812103, 50.29745413553006], [127.32201206034406, 50.29736018624923], [127.32203420164898, 50.29673090513544], [127.32163532821802, 50.296095544987566], [127.32135465233169, 50.29609149150185], [127.32120482095887, 50.29635915633684], [127.3209304736256, 50.296175307269145], [127.32122064330152, 50.29590966994267], [127.32081862226349, 50.295364204366344], [127.32010744430872, 50.2956237562734], [127.31968960227513, 50.29552777308154], [127.31971177277612, 50.29489849251696], [127.31858592961362, 50.2949721533891], [127.3180372732518, 50.29460444253416], [127.31791279246826, 50.294152925807495], [127.31693046902308, 50.29413870458478], [127.31625419846452, 50.2934093647973], [127.31556207472167, 50.29312950653775], [127.31544079589901, 50.29258809025589], [127.31405341247999, 50.292118257265024], [127.31463377387996, 50.29158701610142], [127.31324960643124, 50.29102727678015], [127.3131251796051, 50.290575755206405], [127.31217155995353, 50.28975242167748], [127.31177605627656, 50.28902713189881], [127.31079702474688, 50.28892296296211], [127.31011773636153, 50.28828348542901], [127.30846265596868, 50.28744991890005], [127.30779617445732, 50.28645084086756], [127.30738162760608, 50.286264917532606], [127.30698941483995, 50.285449715272044], [127.30644095693842, 50.28508195109481], [127.3056119008142, 50.28471009356621], [127.3042120636294, 50.284599732610445], [127.3032491257551, 50.284046017800414], [127.30340221357065, 50.2836884795504], [127.3030004973573, 50.28314295433251], [127.30190050528178, 50.28249728327444], [127.30177300692586, 50.28213564682042], [127.30122462730816, 50.281767858613776], [127.30110033660145, 50.2813163248691], [127.30039887172309, 50.28130606811595], [127.29868651043869, 50.282090502785614], [127.29826562516321, 50.28208434043372], [127.29758018699226, 50.28162458443759], [127.29686909277586, 50.281883995519024], [127.2970823059272, 50.28377593101662], [127.29679528789485, 50.28395161165483], [127.29676961461425, 50.28467078229278], [127.29727628376745, 50.28620724367029], [127.29933282323663, 50.287586506067015], [127.29984921565149, 50.28885326747593], [127.30108003602305, 50.289770699081366], [127.30191234316561, 50.290052692682394], [127.30203346233512, 50.290594121691385], [127.3034078900388, 50.291423682778614], [127.30336951903465, 50.29250244100367], [127.30376492169326, 50.29322775797532], [127.3041795139808, 50.2934136944658], [127.30428788204944, 50.294314707264796], [127.3047088765259, 50.29432084888803], [127.30469609494273, 50.29468043504966], [127.30524145330584, 50.29513810441094], [127.30607707158518, 50.29533017255772], [127.30606429985745, 50.295689758910925], [127.30703069396849, 50.29615355539991], [127.30702431154465, 50.296333348642584], [127.30840855659156, 50.29689316243241], [127.3086605412826, 50.29770631735195], [127.30976415849003, 50.298262030523915], [127.30987901330874, 50.29898324514358], [127.30900824970023, 50.29978006698689], [127.30675949343714, 50.29983727108363], [127.3067531091574, 50.3000170641866], [127.3063320639625, 50.300010929465614], [127.30604178674164, 50.30027652835036], [127.3058886623244, 50.30063406875957], [127.30461592262778, 50.30088533978745], [127.2990083163891, 50.30062352159936], [127.29816301040066, 50.30070109057007], [127.297872683882, 50.300966668517795], [127.29534958998615, 50.30083974785387], [127.29491889634089, 50.301103259713706], [127.29309111984027, 50.30116637467509], [127.29237648843552, 50.301515650098715], [127.29249430572291, 50.30214698306798], [127.29192645055382, 50.302318525646484], [127.29191034853854, 50.30276800474061], [127.29231531646363, 50.30322367108806], [127.2931478030885, 50.30350572869009], [127.29314136666457, 50.303685520409836], [127.29524674190517, 50.30371641924902], [127.2977475204713, 50.30447261608923], [127.29787825317187, 50.30474435985677], [127.29843328329983, 50.30493237269965], [127.29856081293664, 50.305294011814766], [127.29926262992221, 50.30530428318601], [127.29924018140366, 50.30593355598233], [127.30092456603421, 50.30595819054184], [127.30228980644632, 50.307057455614476], [127.30356272335862, 50.306806212100305], [127.30414018537749, 50.30636492392884], [127.30567463766695, 50.30665713080321], [127.30568422241615, 50.30638744160637], [127.30610851785794, 50.30630368281215], [127.30849475710554, 50.30633843379114], [127.30848837789641, 50.30651822685306], [127.30973893858497, 50.306896191064894], [127.31662655626455, 50.30672631821346], [127.31760596636904, 50.3068304415137], [127.31787401703221, 50.30719409249884], [127.31871623941134, 50.30720627806918], [127.31982019338179, 50.30776189824075], [127.32024130993348, 50.30776798478878], [127.32053472255943, 50.30741245336352], [127.32109620741804, 50.30742056493083], [127.32136745359367, 50.30769431102375], [127.32192894201052, 50.30770241860227], [127.32329472175186, 50.30880144193321], [127.32357863415143, 50.30871559428044], [127.32355966534251, 50.30925497740535], [127.32384041902242, 50.309259026330444], [127.32382461388494, 50.30970851228966], [127.32437032647617, 50.310166094284185], [127.32433872477459, 50.311065066266615], [127.32515890727916, 50.311706486244994], [127.3257204440327, 50.311714575977824], [127.32573307477612, 50.31135498698988], [127.32614791058303, 50.311540846968946], [127.32616685164955, 50.31100146334384], [127.32644761598718, 50.31100550607437], [127.32646024092894, 50.31064591690884], [127.32674100321499, 50.31064995891033], [127.32674731453203, 50.31047016429267]], [[127.30053551493305, 50.30505307244197], [127.30068228606366, 50.30487533228298], [127.30096621426605, 50.304789539986885], [127.30095660337938, 50.305059228599674], [127.30053551493305, 50.30505307244197]], [[127.310520427759, 50.30465897936466], [127.31051405656652, 50.304838772666606], [127.3102333308302, 50.30483469182059], [127.31023970308011, 50.304654898544534], [127.310520427759, 50.30465897936466]], [[127.32709906957763, 50.30444906134072], [127.32708960658815, 50.30471875359408], [127.3268120340462, 50.304624815374055], [127.32681834374728, 50.30444502056256], [127.32709906957763, 50.30444906134072]], [[127.30674661343717, 50.304154348714945], [127.30674022813163, 50.30433414168251], [127.30631914482711, 50.304328006535656], [127.30632872514022, 50.30405831714039], [127.30674661343717, 50.304154348714945]], [[127.31395271043114, 50.30290995989245], [127.31408988923856, 50.30300189269802], [127.31394953150999, 50.30299985673026], [127.31395271043114, 50.30290995989245]], [[127.31312964868827, 50.30235835974087], [127.31312328785147, 50.30253815335591], [127.31284257527946, 50.3025340789442], [127.31284893717357, 50.30235428535499], [127.31312964868827, 50.30235835974087]], [[127.32266755362302, 50.302676280220176], [127.32281739754316, 50.302408613895324], [127.3232384674725, 50.30241468912208], [127.32308862588317, 50.3026823560129], [127.32266755362302, 50.302676280220176]], [[127.29827769442608, 50.301422314646274], [127.29813092535285, 50.30160005188694], [127.29799057290707, 50.30159799669422], [127.2979969905754, 50.30141820445625], [127.29827769442608, 50.301422314646274]], [[127.30333037485819, 50.30149618221548], [127.30346433033995, 50.30167802370459], [127.30332397727665, 50.3016759749481], [127.30333037485819, 50.30149618221548]], [[127.32409956608993, 50.301887451096796], [127.32423676185877, 50.30197937210663], [127.32409640640901, 50.30197734841822], [127.32409956608993, 50.301887451096796]], [[127.30235430878673, 50.301302043620666], [127.30290931735155, 50.301490034968715], [127.30234470693713, 50.301571732590034], [127.30235430878673, 50.301302043620666]], [[127.32217255450193, 50.300780334865436], [127.32230974336666, 50.300872258098096], [127.32216939131312, 50.30087023211546], [127.32217255450193, 50.300780334865436]], [[127.3080002965265, 50.3004849422258], [127.30813745682205, 50.30057688190843], [127.30799710666, 50.30057483882558], [127.3080002965265, 50.3004849422258]], [[127.32346732840188, 50.299899589390755], [127.32374486687796, 50.29999353533275], [127.32346416775208, 50.29998948671401], [127.32346732840188, 50.299899589390755]], [[127.31449771729883, 50.299410088634524], [127.31449136228356, 50.299589882467764], [127.31421384490935, 50.29949591462811], [127.31421702293747, 50.29940601772365], [127.31449771729883, 50.299410088634524]], [[127.3139363286406, 50.29940194613532], [127.31407349748856, 50.29949387891218], [127.31393315008391, 50.29949184302687], [127.3139363286406, 50.29940194613532]], [[127.3207489856337, 50.297341943991434], [127.32032479474047, 50.297425757409115], [127.32017178663767, 50.29778331796372], [127.31989426816695, 50.297689363653426], [127.32019078604003, 50.29724393470435], [127.3207489856337, 50.297341943991434]], [[127.31796435254748, 50.29667207672052], [127.31795484052414, 50.29694176807593], [127.31753699152797, 50.29684577709348], [127.31754333444621, 50.29666598289364], [127.31796435254748, 50.29667207672052]], [[127.31871358783332, 50.295333772243204], [127.31870724962509, 50.2955135665924], [127.31828941149234, 50.2954175784024], [127.31829258138107, 50.29532768124635], [127.31871358783332, 50.295333772243204]], [[127.31092804967761, 50.293152195186615], [127.31080045613442, 50.29279056830187], [127.31135858342665, 50.29288862204631], [127.31135221805094, 50.293068415791836], [127.31092804967761, 50.293152195186615]], [[127.30998397354675, 50.2920591533794], [127.31025825476006, 50.292243027750914], [127.30997441796977, 50.292328843842995], [127.30998397354675, 50.2920591533794]], [[127.30931102526237, 50.29123987747918], [127.3095884850479, 50.29133385657474], [127.30930783891078, 50.29132977428345], [127.30931102526237, 50.29123987747918]], [[127.31269785656325, 50.290749438330785], [127.31240767203532, 50.29101505444276], [127.31241721341398, 50.29074536357984], [127.31269785656325, 50.290749438330785]], [[127.3000952418594, 50.28588873771907], [127.30036624687472, 50.28616253134185], [127.30008563248882, 50.28615842709152], [127.3000952418594, 50.28588873771907]], [[127.30586697060288, 50.28543335832522], [127.30586058622005, 50.28561315179309], [127.30557997426637, 50.28560906083765], [127.30558635970544, 50.28542926739571], [127.30586697060288, 50.28543335832522]], [[127.30011446016198, 50.28534935893242], [127.30025156222446, 50.28544130755847], [127.30011125715215, 50.28543925540073], [127.30011446016198, 50.28534935893242]], [[127.30155591214019, 50.28429111430624], [127.30169301403168, 50.2843830612451], [127.30155271196568, 50.28438101085817], [127.30155591214019, 50.28429111430624]]], [[[127.35432283828875, 50.30097016549838], [127.35418558653194, 50.30087827945231], [127.35418248366943, 50.300968178159714], [127.35432283828875, 50.30097016549838]]], [[[127.28818688010794, 50.30478191795533], [127.288362741927, 50.30379513321193], [127.28695270093147, 50.30395424622196], [127.2867961912277, 50.30440165523275], [127.28818688010794, 50.30478191795533]]], [[[127.29897548824066, 50.3054799673549], [127.29911905934578, 50.305392125362445], [127.29897869566804, 50.30539007125108], [127.29897548824066, 50.3054799673549]]], [[[127.35641757720134, 50.309454406629854], [127.35656415557591, 50.30927659414463], [127.35642377635024, 50.30927460927574], [127.35641757720134, 50.309454406629854]]], [[[127.34598896868178, 50.31047573179756], [127.34571444443446, 50.31029193993147], [127.34570820467879, 50.310471736285436], [127.34598896868178, 50.31047573179756]]], [[[127.34056057389449, 50.313096638887465], [127.34143419251637, 50.31220968166717], [127.34144670496828, 50.31185008983769], [127.34060126112776, 50.3119279660475], [127.34002406370317, 50.31236943761611], [127.33986488974075, 50.31290681994848], [127.34056057389449, 50.313096638887465]]], [[[127.37075192064856, 50.3215285927374], [127.36990942306575, 50.32151678169127], [127.36979053660443, 50.32088551894094], [127.36893881908702, 50.32114339821284], [127.36920426537658, 50.32159683355294], [127.36990019659075, 50.321786478965294], [127.37002831248289, 50.32214804428435], [127.37073655105141, 50.32197808837377], [127.37075192064856, 50.3215285927374]]], [[[127.37329092783014, 50.32534172125595], [127.37357792122958, 50.32516585259901], [127.37360247229843, 50.32444665894408], [127.3733216221157, 50.324442729327316], [127.37274149920023, 50.32497426308541], [127.37271386404326, 50.325783355520784], [127.37354416188253, 50.3261547437142], [127.37384036493026, 50.325709176888914], [127.37355950727388, 50.32570524777576], [127.37329092783014, 50.32534172125595]]], [[[127.37523852238918, 50.32590861081197], [127.37468293827303, 50.3257209601595], [127.37423404145862, 50.32652416222911], [127.37522012674485, 50.326448006363634], [127.37523852238918, 50.32590861081197]]], [[[127.3361508923018, 50.334799678831], [127.3361194852918, 50.335698652379094], [127.33639411605033, 50.335882467212734], [127.33610692204147, 50.33605824175521], [127.33665932950046, 50.33633597350529], [127.33671584391172, 50.33471782074279], [127.3361508923018, 50.334799678831]]], [[[127.34262140001566, 50.366911466293296], [127.34262766393623, 50.36673167197387], [127.34234656862444, 50.36672766512314], [127.34236536318802, 50.36618828220422], [127.34208427112334, 50.366184274750694], [127.34209680263658, 50.365824686158156], [127.34153775684238, 50.36572677218904], [127.34156909496384, 50.36482780083895], [127.34128801104845, 50.36482379153901], [127.3411725448324, 50.364102609596145], [127.34075406068159, 50.3640066968988], [127.34078541169475, 50.36310772563793], [127.34022953660258, 50.362919908548655], [127.34027030391805, 50.36175124597028], [127.33998923835766, 50.36174723370796], [127.34000805631676, 50.36120785096812], [127.33945220639964, 50.361020030351376], [127.33949299005423, 50.35985136784929], [127.33921193582364, 50.35984735381753], [127.33911847538359, 50.3584968897771], [127.33855638308823, 50.35848885938005], [127.33840089421872, 50.3548889582784], [127.33783884472895, 50.35488092482765], [127.3378796591093, 50.35371226204095], [127.33776426754676, 50.352991076158986], [127.33748325406371, 50.35298705834369], [127.33752093449853, 50.35190829254504], [127.33709628319264, 50.35199216191817], [127.33668419654794, 50.35171644124085], [127.33629096786623, 50.35090133645296], [127.3363066784207, 50.350451850840294], [127.33672817597287, 50.350457881354565], [127.33674702334103, 50.34991849845374], [127.33618503299782, 50.349910457581785], [127.33619760183164, 50.34955086905247], [127.33506734176659, 50.349714573534115], [127.33504847550667, 50.35025395599405], [127.33532632860901, 50.350347876619225], [127.33557589160678, 50.35125087037763], [127.33599111055486, 50.35143669780576], [127.33596911072772, 50.35206597744478], [127.33624383381012, 50.35224979305991], [127.33624606933836, 50.35620727452366], [127.33580565896273, 50.35674062382897], [127.33646739513816, 50.357919339127164], [127.33674843759364, 50.35792335968029], [127.33673586918815, 50.35828294778972], [127.33729167635606, 50.35847078105787], [127.33726654700973, 50.3591899573822], [127.33754131564608, 50.359373770168396], [127.33765357637455, 50.36018485266554], [127.33807516040075, 50.36019087913625], [127.33804376144015, 50.361089849616135], [127.33832168338807, 50.361183763594326], [127.33855879878944, 50.36244633860249], [127.33883986827482, 50.36245035436162], [127.33934239087142, 50.36416642810212], [127.33975773635818, 50.36435224293212], [127.339742050652, 50.364801728251244], [127.34002313421712, 50.36480574128596], [127.33997608266742, 50.36615419720339], [127.34081935761996, 50.36616623280613], [127.3416500981944, 50.36653785078868], [127.34192179249722, 50.366811550702415], [127.34202474295944, 50.3678923202289], [127.34299920661208, 50.368176035664746], [127.34340520934354, 50.36863152929912], [127.3439611635437, 50.36881933180419], [127.34397994119911, 50.36827994864012], [127.34369883654881, 50.3682759449689], [127.34371135679046, 50.367916356212895], [127.34314915192569, 50.36790834693473], [127.3431679381788, 50.36736896390704], [127.3428837074925, 50.36745485548795], [127.34290249645228, 50.366915472490355], [127.34262140001566, 50.366911466293296]], [[127.33680271044561, 50.35234773103678], [127.33695263841393, 50.35208004944838], [127.33723050595722, 50.35217396563619], [127.3372242248882, 50.35235375991663], [127.33680271044561, 50.35234773103678]]], [[[127.34423601315719, 50.369003129273594], [127.34424227144146, 50.36882333487246], [127.3439611635437, 50.36881933180419], [127.34395490419809, 50.36899912617991], [127.34423601315719, 50.369003129273594]]], [[[127.34588202924225, 50.37019579802095], [127.34589453383686, 50.36983620898788], [127.34478884690445, 50.369280825089845], [127.34480135935482, 50.36892123619832], [127.34437969654532, 50.3689152333596], [127.34437656766056, 50.36900513056576], [127.34423601315719, 50.369003129273594], [127.34422662561158, 50.36927282086373], [127.3450574470644, 50.36964441510184], [127.34559465954905, 50.370371593319135], [127.34587577684965, 50.37037559252824], [127.34586327187401, 50.37073518152439], [127.34640363402299, 50.37137245886819], [127.34695963218506, 50.37156024737989], [127.34697837767295, 50.37102086365508], [127.3466972564034, 50.371016867073955], [127.34644113678415, 50.370293691630636], [127.34588202924225, 50.37019579802095]]], [[[127.25874839086715, 50.38403398395321], [127.25870229529072, 50.38529248557357], [127.25926138944001, 50.385390798095074], [127.2593074703814, 50.38413229612241], [127.25874839086715, 50.38403398395321]]], [[[127.25197043485315, 50.39238687294799], [127.25129711787514, 50.391567270428524], [127.25087527473308, 50.3915609265764], [127.25127396571476, 50.39219651796173], [127.25168589437031, 50.39247253797694], [127.25197043485315, 50.39238687294799]]], [[[127.25306563293869, 50.393212809285515], [127.25223844577552, 50.3927506699151], [127.25222522263462, 50.39311024005037], [127.25306563293869, 50.393212809285515]]], [[[127.34557173566101, 50.39528507574914], [127.34598424625327, 50.39556076712865], [127.34640614571259, 50.39556676643161], [127.34615303556713, 50.39475369515505], [127.34573114337773, 50.394747695003815], [127.34557173566101, 50.39528507574914]]], [[[127.34477464089598, 50.39797197495268], [127.34439970095534, 50.3966175180385], [127.34398405799061, 50.39643171784915], [127.34372785208268, 50.39570853853935], [127.34409995628343, 50.39310553662239], [127.34270623862338, 50.39272591879158], [127.34292793588062, 50.394437964682204], [127.34334042367492, 50.39471366525643], [127.34302155082905, 50.39578841937123], [127.34329655021784, 50.395972219730226], [127.34340584694469, 50.396873190288815], [127.34435272043574, 50.397965969526865], [127.34447143696586, 50.39859724879267], [127.34503087417212, 50.39869515195977], [127.34519030034885, 50.3981577724307], [127.34477464089598, 50.39797197495268]]], [[[127.25919034148237, 50.395013549019325], [127.25988030133904, 50.39538364297984], [127.26044609735834, 50.395302165140805], [127.2600373841946, 50.39493628263701], [127.25919034148237, 50.395013549019325]]], [[[127.38388239245378, 50.39825214345583], [127.38500448765097, 50.398357670858566], [127.38501059824387, 50.39817787371296], [127.38417590742654, 50.3978964575287], [127.38389156465225, 50.39798244787936], [127.38388239245378, 50.39825214345583]]], [[[127.38837690255173, 50.39849439094835], [127.38825455278713, 50.39795304970595], [127.38684507009218, 50.39802344996811], [127.38683896647196, 50.39820324728089], [127.38628249709988, 50.3980156458255], [127.38599815729967, 50.398101641354366], [127.38597678308547, 50.398730931651485], [127.38723343809166, 50.399018186639154], [127.38767367885268, 50.398484644539], [127.38837690255173, 50.39849439094835]]], [[[127.34315864189236, 50.399927674684236], [127.34341799454066, 50.40056095820941], [127.34398058563534, 50.400568969920386], [127.34401504929065, 50.399580106160094], [127.3433180936511, 50.39939029807868], [127.34315864189236, 50.399927674684236]]], [[[127.34612143152452, 50.403747376578096], [127.3455619327014, 50.40364947813669], [127.34497738336883, 50.404270750552], [127.34539309815385, 50.404456547656764], [127.34582133664735, 50.4042827564224], [127.34612143152452, 50.403747376578096]]], [[[127.34550871193326, 50.40517772217041], [127.34580568605938, 50.40473224001754], [127.34482732865656, 50.404538439006906], [127.34453347926028, 50.40489402194403], [127.34450528537752, 50.40570309177613], [127.3447772148337, 50.40597678559074], [127.34548053437126, 50.40598679236118], [127.34550871193326, 50.40517772217041]]], [[[127.27969198430004, 50.41168802757903], [127.27913579433176, 50.41149991662148], [127.27898860419295, 50.41167762226535], [127.277578585195, 50.41174669233415], [127.27728745129616, 50.412012205900616], [127.27855354357264, 50.412030951005804], [127.27969198430004, 50.41168802757903]]], [[[127.27490900773765, 50.41161718762206], [127.27531797708968, 50.41198301947327], [127.2771467744594, 50.41201012226101], [127.27701588100601, 50.41173835819511], [127.27490900773765, 50.41161718762206]]], [[[127.35648176822713, 50.4134279897776], [127.35634730381905, 50.41324620773741], [127.35634108147728, 50.4134260018535], [127.35648176822713, 50.4134279897776]]], [[[127.35459989498703, 50.41493038195061], [127.35446231882653, 50.414838494759294], [127.3544592039206, 50.414928391708386], [127.35459989498703, 50.41493038195061]]], [[[127.30245210645835, 50.416789325290615], [127.30319411625294, 50.41572085457451], [127.30418215490236, 50.415645322149494], [127.30362581909982, 50.41545732700124], [127.30207502720489, 50.41552464134674], [127.30188933523144, 50.41678111085925], [127.30245210645835, 50.416789325290615]]], [[[127.29652689783416, 50.41715240933723], [127.29555495037337, 50.41677840522521], [127.29540457741878, 50.41704602614821], [127.2966579176515, 50.41742415246878], [127.29652689783416, 50.41715240933723]]], [[[127.3089015847808, 50.41751285948122], [127.30793913960156, 50.416869273396316], [127.30751385527358, 50.41695302749467], [127.30749783515276, 50.417402501316765], [127.30874808246011, 50.4178703931636], [127.3089015847808, 50.41751285948122]]], [[[127.30552489863427, 50.417463718738155], [127.30257673271085, 50.417240851164316], [127.30214500767939, 50.4175043745457], [127.30383334807493, 50.417529006220576], [127.30662801949973, 50.418109372872586], [127.30663763680074, 50.41783968873804], [127.30552489863427, 50.417463718738155]]], [[[127.30898465681996, 50.41913301158429], [127.30856575836066, 50.41903697972427], [127.30840584316067, 50.4195743023401], [127.3088055348361, 50.42020970350505], [127.30922764520932, 50.420215839794366], [127.30938435271916, 50.419768410846686], [127.30897505240402, 50.4194026959853], [127.30898465681996, 50.41913301158429]]], [[[127.34915995460723, 50.42159887943821], [127.3493037904664, 50.42151097966583], [127.34916308028129, 50.421508982832236], [127.34915995460723, 50.42159887943821]]], [[[127.31159723024673, 50.420879847499485], [127.31005266901722, 50.42076747676911], [127.30948664775808, 50.420849193436226], [127.30989596425664, 50.42121490657313], [127.31116232332934, 50.421233299244605], [127.31159723024673, 50.420879847499485]]], [[[127.34474746521944, 50.427022573580714], [127.34391878926834, 50.4265610745901], [127.34390938073169, 50.4268307634546], [127.34459106430789, 50.42747005263345], [127.34474746521944, 50.427022573580714]]], [[[127.34260518687981, 50.427891480381156], [127.34190782416492, 50.42770166073706], [127.34192038439406, 50.427342075999206], [127.34163893053021, 50.42733806397087], [127.34153903298491, 50.42616740738178], [127.34052568633544, 50.42696242454432], [127.34064127269706, 50.42768360102086], [127.34355891758256, 50.42880447390321], [127.34343073547304, 50.428442884969975], [127.34287409100351, 50.428255074983085], [127.34260518687981, 50.427891480381156]]], [[[127.34581688762484, 50.4286567219056], [127.34662996187284, 50.429567689602365], [127.34691142966314, 50.42957168968544], [127.34693334503957, 50.42894241499125], [127.34665188097664, 50.428938414997056], [127.34665814343445, 50.428758622238846], [127.34581688762484, 50.4286567219056]]], [[[127.3434150488315, 50.42889236614616], [127.34380901407947, 50.4297074438144], [127.34422808050826, 50.42980335018603], [127.34423435233677, 50.42962355767461], [127.3439528846193, 50.42961955111302], [127.3439717029171, 50.42908017361819], [127.34369023845828, 50.429076166452326], [127.34369964898934, 50.42880647772229], [127.3434150488315, 50.42889236614616]]], [[[127.34939149780968, 50.431135899976056], [127.34828748716095, 50.430490644244344], [127.34801852901165, 50.43012706176557], [127.34773392844208, 50.4302129607364], [127.34882541566753, 50.43121780739061], [127.34980746301504, 50.43132168292956], [127.34981371405225, 50.43114188995949], [127.34939149780968, 50.431135899976056]]], [[[127.32508950336694, 50.43348677373028], [127.32408842362297, 50.4339220612946], [127.3240820745374, 50.43410185183195], [127.32534878657529, 50.43412009345631], [127.32536464718477, 50.43367061681188], [127.32508950336694, 50.43348677373028]]], [[[127.34237601268647, 50.43445389962081], [127.34111242311637, 50.43434594722122], [127.34068703708866, 50.43442982141308], [127.34068075075503, 50.43460961345273], [127.34137506734558, 50.43488933722466], [127.34236973274443, 50.43463369181334], [127.34237601268647, 50.43445389962081]]], [[[127.35486837355559, 50.43562057796963], [127.35404880308954, 50.43488945948071], [127.35388934364369, 50.43542684765855], [127.35471827100508, 50.435888277375376], [127.35486837355559, 50.43562057796963]]], [[[127.36981601058449, 50.43502153041573], [127.36953759582977, 50.43492768811601], [127.36927771642728, 50.43429446130758], [127.36885237823253, 50.434378438975685], [127.36883692899849, 50.43482792542077], [127.36951597545428, 50.435556969283176], [127.36950053185785, 50.436006455785126], [127.3706049622252, 50.43665151358245], [127.37073337279318, 50.43701307426778], [127.37075806456285, 50.43629389553052], [127.36992588362145, 50.435922475898664], [127.36981601058449, 50.43502153041573]]], [[[127.32923270950978, 50.435794875864566], [127.33179151299947, 50.43511206927954], [127.33389328537065, 50.435412011990074], [127.33487853784884, 50.43542611830711], [127.33488484634078, 50.435246326821776], [127.33446890680614, 50.4350604908637], [127.33348050525278, 50.43513627683448], [127.33320847854033, 50.43486255692998], [127.33109725105119, 50.43483228884], [127.3308031066414, 50.435187832447966], [127.32924220442351, 50.43552518942612], [127.32923270950978, 50.435794875864566]]], [[[127.32090615734933, 50.43630458081772], [127.32105963146144, 50.43594703186519], [127.3222015312789, 50.435513801221], [127.32249574168947, 50.43515828003847], [127.32349051055819, 50.43490279712867], [127.32364078504446, 50.43463513968645], [127.323084149146, 50.43444723524798], [127.32107553371284, 50.43549755634871], [127.32022785420149, 50.43557526061452], [127.3197928734521, 50.43592874307463], [127.31978014177211, 50.43628832322783], [127.31920439817166, 50.436639770373624], [127.31919166171244, 50.43699935037416], [127.32003300313684, 50.43710144401698], [127.32032087582574, 50.436925718773615], [127.32033678562489, 50.436476243503215], [127.32090615734933, 50.43630458081772]]], [[[127.36887262389484, 50.43788640585933], [127.36776509693372, 50.43733122889665], [127.36748048745935, 50.43741717600481], [127.36830340110514, 50.43805830474623], [127.36813790789127, 50.43877550801345], [127.36826630496377, 50.43913707116945], [127.36868550572011, 50.43923289055257], [127.36887262389484, 50.43788640585933]]], [[[127.31682480739678, 50.440203005972435], [127.31808530433571, 50.440401117977395], [127.31783246023738, 50.4395879935545], [127.31840506424797, 50.4393264487497], [127.31856493855888, 50.43878911368096], [127.31914389768359, 50.43834777515632], [127.31944770020769, 50.437722577287836], [127.31860634916397, 50.43762047932587], [127.31757006220506, 50.43904455323688], [127.31755731227699, 50.43940413278657], [127.31727579038565, 50.43940006112927], [127.31654328087271, 50.44019893249669], [127.31540440867093, 50.4405422108668], [127.31539802519647, 50.44072200039826], [127.31653052264295, 50.440558511785134], [127.31682480739678, 50.440203005972435]]], [[[127.37004373753949, 50.44069097629145], [127.36892686100605, 50.440405501592124], [127.36823848137244, 50.43994614584186], [127.3688990474232, 50.441214576353204], [127.37003138444132, 50.441050565271496], [127.37004373753949, 50.44069097629145]]], [[[127.30525016404206, 50.44093437816871], [127.30825750879646, 50.43953909198804], [127.30882375575084, 50.43945738379309], [127.3092588502075, 50.43910394369086], [127.30841429367688, 50.43909166650248], [127.30699066326058, 50.439520662892576], [127.3056949289376, 50.440311268962645], [127.30525016404206, 50.44093437816871]]], [[[127.32922786605666, 50.43993208782609], [127.32950939282456, 50.439936130599584], [127.32938129011532, 50.43957452760915], [127.32867431224604, 50.439654314068555], [127.32865531303707, 50.44019368639069], [127.32822035114354, 50.44054720029377], [127.32820134617333, 50.44108657240787], [127.32862047964865, 50.441182535503856], [127.32891151235674, 50.440916893677], [127.32920570737748, 50.440561355677225], [127.32922786605666, 50.43993208782609]]], [[[127.31132865309365, 50.44030323955791], [127.31090316341277, 50.44038700369792], [127.31088396174465, 50.44092637103896], [127.31059603003821, 50.44110207222429], [127.31082955383712, 50.44245457820336], [127.31139903110034, 50.44228296327514], [127.31132865309365, 50.44030323955791]]], [[[127.30709898214324, 50.44437905513728], [127.30852916873576, 50.443770270410454], [127.3085419890477, 50.443410692802516], [127.30770056282124, 50.44330851529084], [127.30683989080939, 50.44374569768062], [127.30682384906645, 50.44419516926574], [127.30709898214324, 50.44437905513728]]], [[[127.36096417417413, 50.44667937190076], [127.36093000610344, 50.44766823603725], [127.3614993708976, 50.44749637487086], [127.36153042188255, 50.446597407199164], [127.36096417417413, 50.44667937190076]]], [[[127.34386645776394, 50.44823605847471], [127.34344723015123, 50.44814014951466], [127.34344095121743, 50.448319941379445], [127.34386645776394, 50.44823605847471]]], [[[127.35900645671043, 50.45033933587569], [127.35930981684555, 50.44971403084748], [127.35974152673884, 50.44945029647516], [127.35976639602059, 50.448731123225016], [127.35934091176033, 50.4488150645046], [127.35932847398415, 50.44917465106018], [127.35801465837767, 50.45050522400557], [127.35798353646692, 50.451404189489025], [127.35840282340747, 50.45150004657602], [127.3585747345848, 50.45060306736405], [127.35900645671043, 50.45033933587569]]], [[[127.30821819632622, 50.45249001983663], [127.31048699608749, 50.45207328364043], [127.31078139931253, 50.4517177949518], [127.3119013765979, 50.451913932067605], [127.31234296246296, 50.451380693176], [127.3080966386823, 50.451948606931786], [127.30737340196553, 50.45247773275253], [127.30792697639238, 50.452755607524296], [127.30821819632622, 50.45249001983663]]], [[[127.30722939439654, 50.45256557851197], [127.30737340196553, 50.45247773275253], [127.30723260296253, 50.452475684309185], [127.30722939439654, 50.45256557851197]]], [[[127.4175159623226, 50.12717768350004], [127.4169506296551, 50.12734986572573], [127.41721550190015, 50.12780320013287], [127.41776897997487, 50.12799063353075], [127.4175159623226, 50.12717768350004]]], [[[127.41393963535057, 50.133784783055006], [127.41463303842353, 50.13397414236397], [127.41701675896263, 50.13382677746594], [127.41744526531188, 50.13356278533585], [127.41746306094878, 50.13302336064342], [127.41774576055892, 50.132937269023515], [127.41762368712556, 50.13239593806443], [127.41664463046008, 50.13238259043948], [127.41636786799609, 50.13228887123369], [127.41610594832682, 50.13174563099134], [127.41499298323325, 50.13155055334109], [127.41472514141114, 50.13118711817955], [127.41490658948877, 50.12993037111775], [127.41436795740236, 50.12929340382831], [127.41297237178694, 50.12918439092725], [127.4126837372346, 50.12945027904587], [127.4119904071011, 50.12926090865067], [127.41113340853175, 50.12978885154454], [127.40987469386704, 50.129771619095635], [127.40972291651231, 50.130129318862565], [127.40900871876295, 50.130569257393866], [127.40746728209812, 50.13063806899879], [127.40565508566685, 50.13043330831529], [127.40566106112566, 50.13025350102041], [127.40509863953606, 50.13033572104909], [127.40550626282842, 50.13070109856951], [127.40606570106664, 50.13070878026583], [127.40591986692182, 50.13088666739825], [127.40633944728475, 50.13089242744414], [127.4066251395466, 50.13071645926806], [127.40926757052415, 50.13120241671492], [127.40967523312035, 50.131567779919365], [127.41230286594424, 50.13250318815582], [127.41393963535057, 50.133784783055006]], [[127.40634243378814, 50.1308025237747], [127.40620556066398, 50.13071070026896], [127.40634542027642, 50.13071262010371], [127.40634243378814, 50.1308025237747]], [[127.41327002819455, 50.1328761881794], [127.41271651226641, 50.132688733114634], [127.41274030980618, 50.13196950171462], [127.41358543847291, 50.13180116324792], [127.41357354622805, 50.13216077911776], [127.41441273248594, 50.13217224259962], [127.41440381785772, 50.13244195459491], [127.41468057725262, 50.132535678452186], [127.41565963611282, 50.1325490426644], [127.4159274924312, 50.13291247572758], [127.4162072258242, 50.13291629193317], [127.41619832104793, 50.13318600412768], [127.4154841356093, 50.133625982402506], [127.4140854490468, 50.133606885734814], [127.41409139358555, 50.13342707780343], [127.413258133133, 50.13323580392741], [127.41327002819455, 50.1328761881794]], [[127.41675779115647, 50.133193634590626], [127.41675185665883, 50.13337344276103], [127.41647212052708, 50.13336962784217], [127.4164780560722, 50.13318981969596], [127.41675779115647, 50.133193634590626]], [[127.41511799517265, 50.132001982805384], [127.4151120547808, 50.13218179087039], [127.41483232581778, 50.13217797206726], [127.41483826725701, 50.131998164026456], [127.41511799517265, 50.132001982805384]], [[127.414564481828, 50.131814536551225], [127.41455853940148, 50.131994344573954], [127.41427881160607, 50.13199052444789], [127.41428475507998, 50.13181071644937], [127.414564481828, 50.131814536551225]], [[127.41163628399666, 50.13150468022411], [127.41107087953809, 50.13167683300389], [127.41107683496648, 50.131497025274896], [127.41023766187303, 50.131485537799485], [127.41025553722274, 50.13094611479421], [127.41138037637327, 50.13078162201217], [127.41137442223317, 50.130961429789856], [127.41165414363635, 50.130965256854935], [127.41163628399666, 50.13150468022411]], [[127.41222548855951, 50.130613293257476], [127.41276708088752, 50.13116036627266], [127.4119219608282, 50.13132869888053], [127.41194576913053, 50.13060946758797], [127.41222548855951, 50.130613293257476]], [[127.41223143943729, 50.13043348539479], [127.4126510171227, 50.13043922259983], [127.41252305735959, 50.13007769457436], [127.4129426319934, 50.130083430696416], [127.4127849275981, 50.1306209425759], [127.41222548855951, 50.130613293257476], [127.41223143943729, 50.13043348539479]], [[127.41347828050968, 50.130810308400946], [127.41348422673474, 50.130630500435345], [127.41404366631475, 50.130638143692], [127.4140377221843, 50.13081795170604], [127.41347828050968, 50.130810308400946]], [[127.41404366631475, 50.130638143692], [127.41432932921798, 50.13046215626567], [127.41432338619494, 50.130641964310044], [127.41404366631475, 50.130638143692]]], [[[127.54683100536795, 50.1398413441244], [127.54648488765979, 50.13740853713181], [127.54564283226411, 50.13748793663528], [127.544751672684, 50.139185698124486], [127.5447298483496, 50.13990497268683], [127.54640314445543, 50.14010581914669], [127.54683100536795, 50.1398413441244]]], [[[127.40036836438085, 50.1379159409603], [127.39993972605863, 50.13817986858821], [127.40034737490407, 50.138545264008314], [127.40077001886334, 50.138461141518455], [127.4007790120415, 50.13819143159037], [127.40036836438085, 50.1379159409603]]], [[[127.4333823719643, 50.142593465667346], [127.4328110351957, 50.14294553279635], [127.43210567103988, 50.14311589883407], [127.43209979199094, 50.143295708021995], [127.4335017100877, 50.14322468570938], [127.4333823719643, 50.142593465667346]]], [[[127.53399009128002, 50.152451905931265], [127.5331532544225, 50.15235139479274], [127.53285963460517, 50.15279740250335], [127.53355654593808, 50.152896148789466], [127.53399009128002, 50.152451905931265]]], [[[127.45257918579343, 50.15490338856131], [127.45159094063524, 50.155160047125136], [127.45158222789118, 50.155429762840384], [127.45228190178852, 50.15543909040693], [127.45257918579343, 50.15490338856131]]], [[[127.49358456822435, 50.1597598664185], [127.4931731980436, 50.15948469858754], [127.49275052275527, 50.15956915692825], [127.49273073000393, 50.16019850516787], [127.49340504986726, 50.161016747655346], [127.4946533381745, 50.161392709868146], [127.49648121582696, 50.16114655914033], [127.49663809223827, 50.16060892882773], [127.49484129630639, 50.15986610556883], [127.49414154392464, 50.1598570337974], [127.49426172151783, 50.16048819713966], [127.49467310652106, 50.16076336120265], [127.49383903917145, 50.160572659365656], [127.49358456822435, 50.1597598664185]], [[127.49523291911869, 50.160770616489685], [127.49522445020365, 50.161040337424396], [127.49467028251442, 50.16085326815942], [127.49467310652106, 50.16076336120265], [127.49523291911869, 50.160770616489685]]], [[[127.50791273287251, 50.162733095301164], [127.5081954511701, 50.162646783996045], [127.50791553222825, 50.16264318782937], [127.50791273287251, 50.162733095301164]]], [[[127.54609770938119, 50.16402691791429], [127.54541698394789, 50.16338879161083], [127.54558696408732, 50.162401545719725], [127.54488715865715, 50.162392779340806], [127.54457720023981, 50.163378270071924], [127.54524972586461, 50.164286128073805], [127.54509338057295, 50.164823828354365], [127.54607861400149, 50.16465628083144], [127.54609770938119, 50.16402691791429]]], [[[127.5081870546344, 50.16291650644108], [127.50596731319509, 50.16225836619719], [127.50528434773096, 50.16170991689411], [127.5044446086025, 50.16169910547083], [127.50401631950922, 50.16196341946017], [127.50412259972653, 50.163044110148334], [127.50369710402548, 50.16321851547659], [127.5036886820063, 50.163488237341994], [127.50521984757752, 50.163777786217786], [127.50769437810133, 50.16524870539536], [127.51022217314964, 50.16501133004225], [127.50981345771837, 50.164646312618295], [127.50896807026072, 50.164815348449004], [127.50897366541174, 50.16463553348236], [127.50869373475612, 50.1646319390882], [127.5089848555439, 50.16427590353093], [127.50870492698724, 50.164272309182344], [127.50871332101191, 50.16400258673704], [127.50815346721696, 50.16399539608498], [127.50816466324942, 50.16363576622789], [127.50900443773008, 50.16364655105765], [127.50899884289053, 50.163826366057584], [127.50969586184152, 50.16392525636231], [127.50982464155355, 50.16428668253021], [127.51011575184654, 50.163930644023324], [127.51053843653388, 50.16384612260659], [127.5106728110778, 50.16402773277537], [127.51152376422884, 50.16367886912928], [127.510286460309, 50.16294345645165], [127.51029763992072, 50.162583826180274], [127.50973780229373, 50.162576643310956], [127.50974898587664, 50.162217013106414], [127.50946906924675, 50.16221342070574], [127.50947466200267, 50.16203360561716], [127.50919474647876, 50.16203001256489], [127.50918355881161, 50.162389642690435], [127.50819265233902, 50.16273669147924], [127.5081870546344, 50.16291650644108]], [[127.50790153530784, 50.1630927251732], [127.50762161379919, 50.16308912827515], [127.50761041390899, 50.16344875807737], [127.50733049035819, 50.16344516045932], [127.50734729325666, 50.16290571581532], [127.5079071341185, 50.16291291024021], [127.50790153530784, 50.1630927251732]], [[127.50772797734405, 50.164169816210894], [127.50801070449775, 50.16408350545525], [127.50800790517768, 50.16417341290854], [127.50772797734405, 50.164169816210894]]], [[[127.5092591901689, 50.16445931220663], [127.50897926050615, 50.16445571850968], [127.50897366541174, 50.16463553348236], [127.50925359612398, 50.16463912720209], [127.5092591901689, 50.16445931220663]]], [[[127.45449923465945, 50.164822785216664], [127.45505618548502, 50.16492013979278], [127.45507937485623, 50.16420089785755], [127.45451663298421, 50.16428335390689], [127.45449923465945, 50.164822785216664]]], [[[127.51927279523905, 50.16665611761163], [127.52026925822724, 50.16612915866939], [127.52124627682375, 50.16623154669111], [127.52153731498893, 50.165875479020265], [127.51971493176855, 50.165942207695025], [127.5197065990825, 50.166211931394635], [127.51928390888904, 50.16629648610723], [127.51927279523905, 50.16665611761163]]], [[[127.54222883831558, 50.17153363963182], [127.54253069565073, 50.17081788364267], [127.54338154340753, 50.17046878597732], [127.54518769263625, 50.170941140293706], [127.54531948868905, 50.17121262031873], [127.54573672002849, 50.17130778862273], [127.54632394995787, 50.170415709911985], [127.54634577396418, 50.16969643863933], [127.54538227544195, 50.16914471635626], [127.54454239088325, 50.16913419369477], [127.54483327523604, 50.16877806645892], [127.54525594428688, 50.1686934185835], [127.54526140404586, 50.16851360080598], [127.54470148835544, 50.16850658585397], [127.54471514276004, 50.16805704149491], [127.5452805127671, 50.16788423853713], [127.54571408890426, 50.16743995325743], [127.54573319095402, 50.16681059074523], [127.54616948095564, 50.16627639461355], [127.54604042121265, 50.165915006444116], [127.54562050704834, 50.1659097484959], [127.54546961876682, 50.16626763125543], [127.54490972926438, 50.166260617533716], [127.54520332272887, 50.16581458010091], [127.5450824611661, 50.165183464106235], [127.54466255358957, 50.16517820275039], [127.54377082373593, 50.166875944027126], [127.54279100555452, 50.16686365380658], [127.54264282771248, 50.16713162381472], [127.54123760632996, 50.16729386767021], [127.541498398891, 50.16792674505096], [127.54290910647038, 50.167584680592945], [127.54317539018636, 50.16803773677029], [127.54401525501915, 50.16804826914959], [127.54456970293894, 50.16823510510013], [127.5445642406384, 50.168414922831126], [127.54413884091396, 50.168589477048805], [127.5426018064866, 50.1684802557532], [127.54230817208075, 50.1689262860547], [127.54188823222687, 50.168921014386015], [127.54162195601329, 50.16846795538788], [127.5407848229763, 50.1683674969279], [127.54007397356413, 50.16871833559352], [127.53934666761559, 50.16960862164385], [127.53808683215134, 50.16959276981007], [127.53751592760489, 50.16994535441065], [127.53750494934823, 50.17030498863121], [127.53806488425923, 50.17031203845411], [127.5383366226842, 50.17058528810378], [127.53875931872322, 50.17050066413992], [127.53890752900253, 50.17023269952033], [127.53932473862113, 50.170327890689805], [127.53958552148593, 50.17096077196786], [127.5395608541565, 50.17176994953454], [127.54222883831558, 50.17153363963182]], [[127.5415480603525, 50.170895490969315], [127.54167983557164, 50.17116697494524], [127.54139438788002, 50.17134327642694], [127.54069719187532, 50.171244574993075], [127.54085087050886, 50.17079679050492], [127.5415480603525, 50.170895490969315]], [[127.5451958832903, 50.17067141373823], [127.54534132838862, 50.17049334946572], [127.54533586854662, 50.17067316718803], [127.5451958832903, 50.17067141373823]], [[127.54228628806717, 50.16964555613371], [127.54327163032046, 50.16947803351473], [127.54370250682219, 50.16912366496224], [127.54467690955637, 50.16931576560523], [127.54466871637456, 50.16958549216184], [127.5440951274785, 50.17002801836439], [127.54310977660401, 50.17019554788138], [127.54241259349975, 50.17009685684207], [127.54228628806717, 50.16964555613371]]], [[[127.54290143036172, 50.17244151060547], [127.54417773704267, 50.17191785813206], [127.5441913980111, 50.171468314142956], [127.54377143552824, 50.17146304908987], [127.54363964762662, 50.17119156739006], [127.54321968767216, 50.17118630036322], [127.54235788345412, 50.17189503157781], [127.54290143036172, 50.17244151060547]]], [[[127.54527853686876, 50.17256125290798], [127.54571215627246, 50.17211696835345], [127.54501220892242, 50.172108201503185], [127.5445785831634, 50.17255248338887], [127.54387862980366, 50.172543709653254], [127.54358498150816, 50.17298974276574], [127.54527853686876, 50.17256125290798]]], [[[127.537834347399, 50.173277258202816], [127.53924798014778, 50.17284533159025], [127.5406451541934, 50.17295283936337], [127.54107608171729, 50.17259848120598], [127.54108977211447, 50.17214893788964], [127.53884171812525, 50.17239050571321], [127.53885817159404, 50.17185105424647], [127.5378809978605, 50.17174881316031], [127.53770533299236, 50.172915861581004], [127.53742809532801, 50.17282242749911], [127.5375872990733, 50.17219483071908], [127.53703008794439, 50.17209786989863], [127.53673088653967, 50.17272370216088], [127.53602269028593, 50.172984606476405], [127.53615169213205, 50.17334600485339], [127.5368516548043, 50.17335482524991], [127.53727986849238, 50.173090389971364], [127.537834347399, 50.173277258202816]]], [[[127.54274503022368, 50.17297920652631], [127.5421987431515, 50.17252263548441], [127.54177877179995, 50.17251736314735], [127.5421686463118, 50.17351163115449], [127.5427340900355, 50.173338841395484], [127.54274503022368, 50.17297920652631]]], [[[127.53754612819269, 50.1735434584396], [127.53711791185012, 50.17380789465719], [127.5370986918979, 50.17443725399488], [127.53766141969729, 50.1743543977004], [127.53782062591108, 50.17372680077937], [127.53754612819269, 50.1735434584396]]], [[[127.53872674033393, 50.185340848360106], [127.5377520378188, 50.185148695656245], [127.53801287637233, 50.18578157942057], [127.53871850898928, 50.18561057345481], [127.53872674033393, 50.185340848360106]]], [[[127.4835426746307, 50.185083172073114], [127.4828397088856, 50.18516393500674], [127.48283116285516, 50.185433653262194], [127.48324838830453, 50.185529045830165], [127.48337417456061, 50.1859804048251], [127.4837999466924, 50.18580607714145], [127.48381702793742, 50.18526664040987], [127.4835426746307, 50.185083172073114]]], [[[127.39829883133707, 50.199858949931375], [127.39717232180458, 50.20002329802428], [127.39715726636221, 50.20047280896158], [127.39785457029144, 50.20057237283834], [127.3981407149968, 50.200396431881316], [127.39829883133707, 50.199858949931375]]], [[[127.54500885597203, 50.20448756699538], [127.54420938093875, 50.20312841180649], [127.54379187669967, 50.20303323612742], [127.54377546065004, 50.20357268586752], [127.54485236710306, 50.20502526216123], [127.54484143032178, 50.205384895372724], [127.54511887011627, 50.205478313018624], [127.54510246760182, 50.206017762848326], [127.54552000046446, 50.206112934018556], [127.54555552853891, 50.20494412578829], [127.54500885597203, 50.20448756699538]]], [[[127.54377208262684, 50.222100788225966], [127.54349728814613, 50.2219174588178], [127.54351645626922, 50.221288102857756], [127.5430960566624, 50.22128283159129], [127.54282674849979, 50.220919684669965], [127.54226622020765, 50.22091265268696], [127.54154910859849, 50.221443306445146], [127.5418047022028, 50.22225599583696], [127.54138429440894, 50.22225071830424], [127.54137880966918, 50.22243053409996], [127.5422168877296, 50.22253099564079], [127.54234606218925, 50.22289238571377], [127.5429038741375, 50.22298932546083], [127.54289291574115, 50.22334895724332], [127.5431731942133, 50.22335247218412], [127.5431786723862, 50.223172656273604], [127.54387936617685, 50.22318144061306], [127.54377208262684, 50.222100788225966]], [[127.54266743761566, 50.2215472826959], [127.5426619578364, 50.221727098616135], [127.54238168895219, 50.22172358252429], [127.5423871697844, 50.221543766626375], [127.54266743761566, 50.2215472826959]]], [[[127.5353140885167, 50.22820048332518], [127.53419010877636, 50.228276250216105], [127.53417081316216, 50.22890560279923], [127.53556134762947, 50.229282907579844], [127.53584716685884, 50.22910662536654], [127.53586093384958, 50.228657087493595], [127.53530582541337, 50.228470206008886], [127.5353140885167, 50.22820048332518]]], [[[127.53524798017341, 50.23035826441463], [127.53453891585893, 50.23061914960873], [127.53452513548207, 50.23106868706355], [127.53494561951452, 50.23107399008321], [127.53523696133469, 50.23071789451169], [127.53524798017341, 50.23035826441463]]], [[[127.43979038738107, 50.23379259284511], [127.43964141979649, 50.2340604210196], [127.43991587910975, 50.23424399260321], [127.4410401278994, 50.23416914059707], [127.44104599228416, 50.23398933346996], [127.44049120347046, 50.233802002030494], [127.43979038738107, 50.23379259284511]]], [[[127.46427446375769, 50.23987514148663], [127.46539592531401, 50.23988995920086], [127.46540169927138, 50.23971015018542], [127.4647065648571, 50.23952108147773], [127.46428313099499, 50.23960542810211], [127.46427446375769, 50.23987514148663]]], [[[127.53661337544054, 50.240718820076886], [127.53520045549658, 50.24106078454594], [127.53645941858063, 50.24116659139779], [127.53772388969787, 50.24109256973804], [127.53772939181567, 50.24091275481562], [127.53661337544054, 50.240718820076886]]], [[[127.54023908936497, 50.241394022826476], [127.53926599060047, 50.24111196705587], [127.53772388969787, 50.24109256973804], [127.5377183875243, 50.24127238465444], [127.54023359659475, 50.24157383793504], [127.54023908936497, 50.241394022826476]]], [[[127.4077640928883, 50.23965411221202], [127.40691403301491, 50.23991228887974], [127.40690803900904, 50.24009209287223], [127.40774911589068, 50.240103622387515], [127.4077640928883, 50.23965411221202]]], [[[127.54079436663747, 50.24158088181091], [127.54023359659475, 50.24157383793504], [127.54022810376884, 50.24175365303758], [127.54078887591979, 50.24176069695811], [127.54079436663747, 50.24158088181091]]], [[[127.53475783026826, 50.24177474037684], [127.53447744483691, 50.24177120420339], [127.53477161368623, 50.241325203707824], [127.53420257497878, 50.24158785273544], [127.5343372521422, 50.241769435863056], [127.53405686679467, 50.24176589867519], [127.5340485926233, 50.24203562057438], [127.5334712638886, 50.242567987725465], [127.53346022691224, 50.242927616777266], [127.53402652755128, 50.24275487890579], [127.5340458345382, 50.242125527871075], [127.53446641574283, 50.24213083346658], [127.53475783026826, 50.24177474037684]]], [[[127.54203415581726, 50.24231598159535], [127.54258396678433, 50.24268264738824], [127.54342240181326, 50.242783103005934], [127.54315297345457, 50.24241995707252], [127.54203415581726, 50.24231598159535]]], [[[127.53346022691224, 50.242927616777266], [127.53317707507439, 50.243013984662596], [127.53317431525427, 50.24310389190905], [127.53345470834019, 50.243107431294106], [127.53346022691224, 50.242927616777266]]], [[[127.5324401980385, 50.24417392699033], [127.5325803976672, 50.24417569768018], [127.53315499612182, 50.24373324259191], [127.53317431525427, 50.24310389190905], [127.53245124317763, 50.24381429818022], [127.5324401980385, 50.24417392699033]]], [[[127.53243467538498, 50.24435374138635], [127.5324401980385, 50.24417392699033], [127.53215979882307, 50.244170385103416], [127.53215427511529, 50.244350199476955], [127.53243467538498, 50.24435374138635]]], [[[127.53215427511529, 50.244350199476955], [127.53187387490156, 50.244346656891224], [127.53186835008351, 50.24452647123627], [127.53214875135149, 50.244530013844454], [127.53215427511529, 50.244350199476955]]], [[[127.53158242294322, 50.244702742268245], [127.53186282520949, 50.24470628557527], [127.53186835008351, 50.24452647123627], [127.53158794887155, 50.24452292795172], [127.53158242294322, 50.244702742268245]]], [[[127.53101609048582, 50.2448754678907], [127.53101056233687, 50.24505528215019], [127.5312909665997, 50.24505882685486], [127.53158242294322, 50.244702742268245], [127.53101609048582, 50.2448754678907]]], [[[127.53086483149433, 50.24523332378644], [127.53101056233687, 50.24505528215019], [127.53044975397931, 50.24504819071176], [127.53044422366573, 50.24522800492026], [127.53086483149433, 50.24523332378644]]], [[[127.53043869329608, 50.2454078191227], [127.53044422366573, 50.24522800492026], [127.5301638185167, 50.24522445816402], [127.53015828709273, 50.24540427234396], [127.53043869329608, 50.2454078191227]]], [[[127.52804970296798, 50.24555746394938], [127.52496523146972, 50.24551834869521], [127.52495968042842, 50.245698162446175], [127.52509433348754, 50.24587975595524], [127.52593555872289, 50.24589043098907], [127.52594110613026, 50.245710617165145], [127.52804416352433, 50.245737277948415], [127.52804970296798, 50.24555746394938]]], [[[127.52369229255393, 50.245861950704736], [127.52157810612525, 50.24619483805337], [127.5212921314483, 50.246371083289084], [127.52297459684321, 50.24639248246262], [127.52369229255393, 50.245861950704736]]], [[[127.5212921314483, 50.246371083289084], [127.52100893771164, 50.24645742109571], [127.52058553713417, 50.24654197315052], [127.52128656641881, 50.24655089671599], [127.5212921314483, 50.246371083289084]]], [[[127.51648328366524, 50.2476589177293], [127.51564203088736, 50.24764817400508], [127.51563644434592, 50.24782798693315], [127.51633749092818, 50.247836940516194], [127.51648328366524, 50.2476589177293]]], [[[127.51436897004666, 50.247991672649924], [127.51563085774782, 50.24800779985515], [127.51563644434592, 50.24782798693315], [127.51437456138976, 50.247811859830186], [127.51436897004666, 50.247991672649924]]], [[[127.5143633786469, 50.2481714854636], [127.51436897004666, 50.247991672649924], [127.51408855071334, 50.24798808696639], [127.51408295825911, 50.24816789975734], [127.5143633786469, 50.2481714854636]]], [[[127.51013464935252, 50.248836878673856], [127.51407736574821, 50.248347712542234], [127.51408295825911, 50.24816789975734], [127.51141336487555, 50.248313614380145], [127.51028327160456, 50.24856895770081], [127.51013464935252, 50.248836878673856]]], [[[127.5159621192744, 50.25089017902128], [127.51553867070356, 50.25097471219522], [127.51553308311443, 50.2511545250114], [127.51594815422106, 50.25133971114314], [127.51623417846928, 50.25116347964502], [127.5159621192744, 50.25089017902128]]], [[[127.4141286604392, 50.2507142007801], [127.41245807928158, 50.25033161620754], [127.41274148613942, 50.250245545138576], [127.41275940859569, 50.249706132563816], [127.41219857657917, 50.24969847001454], [127.41220455271883, 50.24951866585933], [127.41164372305327, 50.2495110006532], [127.41135433933462, 50.24977687315675], [127.41190022871622, 50.250234050081424], [127.41188827378294, 50.25059365828824], [127.41146465255062, 50.25067781043361], [127.41159290601077, 50.2510393353645], [127.41201653024876, 50.25095518278481], [127.41230890558957, 50.25059940665064], [127.41258335194821, 50.25078304220177], [127.41229396553622, 50.25104891696592], [127.41241923837286, 50.25150034308635], [127.41409582935174, 50.251703124274705], [127.4141286604392, 50.2507142007801]]], [[[127.43031887361954, 50.270271705759185], [127.43019042955528, 50.26991020084937], [127.42892801340778, 50.26989314062088], [127.42890730195215, 50.27052245799024], [127.43031887361954, 50.270271705759185]]], [[[127.4267854730175, 50.27103340747234], [127.4267913987486, 50.270853602716144], [127.42777329661445, 50.270866891198395], [127.42806568077826, 50.27051107663722], [127.42862676150084, 50.27051866488277], [127.42863859881956, 50.2701590550147], [127.42750460029579, 50.27050348568418], [127.42708675234674, 50.270407888294066], [127.42709860121708, 50.27004827868466], [127.42837877896419, 50.26952594403483], [127.42683287718401, 50.26959496925189], [127.4258302541358, 50.2702109895425], [127.42484243776369, 50.270377489380834], [127.4236905953505, 50.27126129614942], [127.42437118358419, 50.27190012338299], [127.42438305353382, 50.271540514335356], [127.42564551048493, 50.27155762432867], [127.42565144061898, 50.27137781968715], [127.42621253087681, 50.271385419680584], [127.4262184588394, 50.27120561498478], [127.4267854730175, 50.27103340747234]]], [[[127.49312545232739, 50.27667947514733], [127.49189406905177, 50.27567414133623], [127.49104664744291, 50.27584302527543], [127.4911698845309, 50.27638427683966], [127.49171400384347, 50.27693099128755], [127.49311409806035, 50.277039095497464], [127.49312545232739, 50.27667947514733]]], [[[127.49671925937669, 50.278434912496486], [127.49575984396691, 50.27770296363043], [127.49546791557442, 50.278058952175336], [127.49587747192916, 50.27842402090674], [127.49671925937669, 50.278434912496486]]], [[[127.49235298875236, 50.27891800385668], [127.49392181484689, 50.278128868202025], [127.49407629614521, 50.277681160690406], [127.49380137976627, 50.2774977142887], [127.49183725105524, 50.2774722421389], [127.49084665901701, 50.277729208569134], [127.4912476502211, 50.27836400823094], [127.49235298875236, 50.27891800385668]]], [[[127.44213858666112, 50.277895970331194], [127.44299500900728, 50.277457736139525], [127.44314409880118, 50.277189906683866], [127.44032359591237, 50.277601799454416], [127.43989096497617, 50.27795576163622], [127.44213858666112, 50.277895970331194]]], [[[127.45049488190688, 50.27989647130068], [127.45136001763606, 50.279188465397944], [127.45346739083944, 50.27912658578968], [127.45375089813396, 50.27904041599982], [127.45375963687218, 50.278770705776545], [127.45138627411598, 50.27837933562086], [127.4498634731194, 50.27772943843898], [127.44832317605375, 50.277618940824745], [127.44817703709364, 50.27779687397438], [127.44858914826584, 50.27807220280138], [127.44857745792213, 50.27843181559437], [127.44729725514739, 50.278954371823936], [127.44785259217106, 50.279141674454905], [127.44870898560349, 50.278703397966076], [127.44940754271619, 50.27880266261725], [127.44994536584628, 50.279529374673814], [127.44993660532091, 50.279799084375895], [127.4493695672867, 50.279971404410304], [127.44950402459914, 50.28015308268949], [127.45049488190688, 50.27989647130068]]], [[[127.50429759749748, 50.28293983712167], [127.50375326571312, 50.28239318024957], [127.50432014202305, 50.282220593447704], [127.50419110544009, 50.2818591658313], [127.50291422641672, 50.28229243357607], [127.50290294364626, 50.28265205518991], [127.50345290796358, 50.28301890512909], [127.50429759749748, 50.28293983712167]]], [[[127.50845074747413, 50.28479204494008], [127.50918042552426, 50.28390199032775], [127.50834977916851, 50.283531565701914], [127.50694664310066, 50.283513548721785], [127.50679507564159, 50.28387136826891], [127.50623381744467, 50.2838641559673], [127.5062478901052, 50.283414628357455], [127.50723852073301, 50.28315753120316], [127.50570916138626, 50.28268816938983], [127.50528259587013, 50.28286256756981], [127.5051282015644, 50.283310290375226], [127.50539474672296, 50.28376342695082], [127.50650037613869, 50.28431729008596], [127.50649474788844, 50.28449710112706], [127.50761727953109, 50.28451152063227], [127.50845074747413, 50.28479204494008]]], [[[127.51013455718459, 50.284813641893926], [127.50914952543384, 50.284890952256305], [127.50914109783731, 50.28516066911414], [127.5095508196314, 50.285525690691536], [127.50997177854849, 50.28553108828907], [127.51013455718459, 50.284813641893926]]], [[[127.51152651470544, 50.28519124359803], [127.51122904541072, 50.28572708332806], [127.51233759207408, 50.28619098604732], [127.51222250183888, 50.285380038262346], [127.51152651470544, 50.28519124359803]]], [[[127.41917341567219, 50.289008534190636], [127.41804784357575, 50.28908316140073], [127.4179194454142, 50.288721644459415], [127.41708645676219, 50.28844047550761], [127.41710435438536, 50.28790106536293], [127.41653710449212, 50.2880732229338], [127.41640872036054, 50.28771170439611], [127.4155697868858, 50.28761032808844], [127.4156981643832, 50.287971847496536], [127.41598179069531, 50.2878857711172], [127.41594596954447, 50.288964590769496], [127.41622661671617, 50.28896841549242], [127.41634306468671, 50.289689540724794], [127.41676105821317, 50.28978517782869], [127.41674912314063, 50.29014478442115], [127.41843901060636, 50.289987907914245], [127.41860317954863, 50.289270603515135], [127.41916447827204, 50.28927823948748], [127.41917341567219, 50.289008534190636]]], [[[127.58728735207303, 50.14420815906823], [127.58647439129108, 50.14329883410447], [127.58635303616134, 50.14266775457731], [127.58565880948149, 50.142479414457824], [127.58567471900656, 50.14193994912239], [127.58513101899675, 50.14139366632008], [127.58513897648155, 50.14112393366987], [127.58485917360845, 50.14112052398498], [127.5851230613912, 50.14166339895679], [127.584964588325, 50.142291070228076], [127.58272611254804, 50.14226377005866], [127.58287664444592, 50.14190583445238], [127.5834362589283, 50.14191266277796], [127.58386924453451, 50.141468228116764], [127.5841490493162, 50.14147164020365], [127.58403834698146, 50.140480914952946], [127.58432610782384, 50.14021459398591], [127.58391437567442, 50.139939743772466], [127.58392499420214, 50.13958010033424], [127.58364520048043, 50.13957668780052], [127.58352920161639, 50.13876578360304], [127.5832494126919, 50.13876237015585], [127.58312545434623, 50.13822119809068], [127.58327596996368, 50.137863261590276], [127.58272171614601, 50.137676611202785], [127.58274031258506, 50.13704723524792], [127.58231532962208, 50.1372219337769], [127.58230735736157, 50.13749166628028], [127.58174779472317, 50.13748483295036], [127.58174247771954, 50.13766465456845], [127.58257385401183, 50.13794463613087], [127.58255791186878, 50.13848410111692], [127.58213025753142, 50.138748709628345], [127.58157333920579, 50.138651964536535], [127.58144940006842, 50.13811079083586], [127.5804701533188, 50.13809882339887], [127.58020367580949, 50.137645848894], [127.58062334889621, 50.13765097973583], [127.5807765415305, 50.13720313581258], [127.58147333148253, 50.13730159367216], [127.58246319088276, 50.13695390913887], [127.58108557758696, 50.13621753638167], [127.58065527526337, 50.136572050457055], [127.57995583590629, 50.13656349853691], [127.57982659605477, 50.13620214463659], [127.57926172299842, 50.13637512094634], [127.57941226126727, 50.136017189540816], [127.57969203371813, 50.136020612096814], [127.57970268242241, 50.13566096907148], [127.57845170970954, 50.13537583032035], [127.57843039354601, 50.13609511599245], [127.57759107551092, 50.13608483717421], [127.57744585637545, 50.13626294477523], [127.57771763222642, 50.136536104092194], [127.57841440585729, 50.136634580183376], [127.57967872253475, 50.136470165844635], [127.57964411188237, 50.13763900541312], [127.57838509383433, 50.13762359772618], [127.57867020406046, 50.13744720145624], [127.57853830721362, 50.137175756932116], [127.57755108179963, 50.13743349706147], [127.57756974590922, 50.1368041224895], [127.57701285973387, 50.13670735576377], [127.57688364175657, 50.13634599878297], [127.577749622676, 50.13545717596387], [127.57690498129818, 50.135626713624795], [127.57663321515976, 50.135353552447754], [127.57720875240454, 50.13482094618579], [127.57708220467873, 50.134369678663], [127.5773699664215, 50.134103374679604], [127.57778960800736, 50.13410851549906], [127.57766039075574, 50.133747159234986], [127.57820658490607, 50.13420356552702], [127.57848634663554, 50.13420699089801], [127.57849700369302, 50.13384734794773], [127.5779401497578, 50.1337505858992], [127.57767105383046, 50.1333875163849], [127.576552026744, 50.13337380316437], [127.57666256093756, 50.13436453526806], [127.57637479370713, 50.134630837439445], [127.57595514781075, 50.13462569146899], [127.575965823999, 50.134266048939836], [127.5742952706328, 50.13397571844253], [127.57473628080659, 50.1332615855876], [127.5740475815506, 50.1328933561149], [127.57392374101475, 50.132352174715194], [127.57336424034726, 50.13234530150111], [127.57307379303809, 50.13270150608188], [127.57139795751404, 50.132590955484766], [127.57126611477204, 50.13231950294738], [127.57155925009496, 50.13187339246202], [127.57114230702265, 50.13177831881154], [127.57114766264118, 50.13159849783789], [127.57086523868614, 50.13168496539457], [127.57115301820552, 50.13141867685824], [127.57087595191015, 50.131325323478876], [127.57088666491742, 50.13096568153913], [127.57032450187698, 50.131048704296205], [127.57031378462494, 50.131408346142635], [127.56961442368048, 50.13139973258137], [127.5699075684774, 50.130953626281205], [127.57018463070862, 50.13104698194262], [127.56991828860126, 50.13059398447018], [127.56865141358189, 50.1308482041364], [127.56852495624828, 50.13039692777073], [127.56768842565965, 50.13029666784375], [127.56770453033648, 50.12975720557944], [127.56644303919292, 50.12983158055567], [127.56618479973562, 50.129108843781], [127.5647915266584, 50.128911742732704], [127.56438538389838, 50.12845700399536], [127.56396579418445, 50.128451815163785], [127.56396041225229, 50.12863163567109], [127.56340634142309, 50.12844489436406], [127.56353005391954, 50.12898608622178], [127.56477001062889, 50.129631024928656], [127.56475656266835, 50.1300805762522], [127.5655850186635, 50.13045058809191], [127.56556888976385, 50.13099004979155], [127.56584863121827, 50.130993505445915], [127.5659750647709, 50.13144478447756], [127.56627361723709, 50.130818867049065], [127.56780950691461, 50.130927765796606], [127.5684981296126, 50.13129603173709], [127.56862727141744, 50.131657397694354], [127.56932127336053, 50.131845838061025], [127.56930518566854, 50.13238530051111], [127.5701363966523, 50.13266536996377], [127.57012031765761, 50.13320483252917], [127.57040007258024, 50.133208277329885], [127.57038935507488, 50.13356791905371], [127.57094351253544, 50.13375462761778], [127.57119916948567, 50.13456726452093], [127.57230216624822, 50.13512049245545], [127.57256052863443, 50.13584321596413], [127.57311472086379, 50.136029914392424], [127.57337042602381, 50.136842546624386], [127.57392463295163, 50.137029241281766], [127.57390592087414, 50.13765861483254], [127.57418302954427, 50.13775196124661], [127.5743095581909, 50.13820323151562], [127.57472923508027, 50.138208383697666], [127.57471053277703, 50.13883775734019], [127.57497696453261, 50.13929074397317], [127.5752460721302, 50.13965381948094], [127.57552586528364, 50.13965725225301], [127.57578429941688, 50.1403799686637], [127.57633588764817, 50.14065656266999], [127.57631987382145, 50.14119602594465], [127.57658900204261, 50.141559098402475], [127.57687147448293, 50.14147261747558], [127.57685546621673, 50.14201208079949], [127.57713527332112, 50.14201550981073], [127.5771246029703, 50.14237515204006], [127.57766822189306, 50.1429214715569], [127.57765488848784, 50.14337102437329], [127.5779347036166, 50.14337445152561], [127.57819319303657, 50.14409716260575], [127.57847301246683, 50.14410058849697], [127.57845968604788, 50.14455014137852], [127.57901133744453, 50.14482672302354], [127.57900334445537, 50.14509645478602], [127.57928316981388, 50.145099878774616], [127.57927517827613, 50.14536961055612], [127.57968692947416, 50.14564447714084], [127.57967095051059, 50.146183940733856], [127.5800853733511, 50.14636889534983], [127.58060777841082, 50.147634486226934], [127.58142335903491, 50.14845394065439], [127.58153934229647, 50.14926484553311], [127.5820937244198, 50.14945150230484], [127.58192986526176, 50.15025898930382], [127.58220174456113, 50.15053213837764], [127.58218579112257, 50.151071602101496], [127.58259760751749, 50.1513464586614], [127.58302803048225, 50.15099193927434], [127.58344516429342, 50.15108697155951], [127.58342922453004, 50.15162643552151], [127.58300677117131, 50.151711224427174], [127.58327335073007, 50.15216419232113], [127.58201394936079, 50.152148820761695], [127.58158616861458, 50.15241342559726], [127.58088649792664, 50.152404877333396], [127.58047734474903, 50.15204010422614], [127.57963774690383, 50.152029837843685], [127.57950847017699, 50.15166848419147], [127.57853161325923, 50.151566587583154], [127.57812781832315, 50.151021985426596], [127.57743884032578, 50.15065377476262], [127.57704307083527, 50.14983943759641], [127.5766232917424, 50.149834292914036], [127.57663396867233, 50.1494746512273], [127.57608494850791, 50.14910814775454], [127.57595570606338, 50.148746790266614], [127.57540135653704, 50.148560104442545], [127.57568654345216, 50.14838371647424], [127.57569989767613, 50.147934164432094], [127.5752801355055, 50.14792901503647], [127.5752988363568, 50.14729964222854], [127.57474717858575, 50.14702304300011], [127.57476321340785, 50.146483580638204], [127.57421156807087, 50.146206978934195], [127.57394778039793, 50.14566408042462], [127.57284452433844, 50.14511086685614], [127.57285790365235, 50.14466131511493], [127.57202914725646, 50.144291353461725], [127.57204521109718, 50.14375189148277], [127.57176539448294, 50.1437484501225], [127.57177610553595, 50.143388808816745], [127.57067024700288, 50.14292548536257], [127.57068632534944, 50.14238602357553], [127.57040651686879, 50.14238257900909], [127.57041723759194, 50.142022937831314], [127.56986298736332, 50.1418362262097], [127.5698871173874, 50.14102703364115], [127.56960731693147, 50.141023587216715], [127.56962340614845, 50.14048412550217], [127.56906381168857, 50.14047723076263], [127.5690960012354, 50.139398307433225], [127.56881889327391, 50.13930494890743], [127.56899097900919, 50.1382277496124], [127.5698410548634, 50.13787844955701], [127.5704166977078, 50.13734587809951], [127.56987054328421, 50.13688943573301], [127.56989734951566, 50.13599033209868], [127.56961757843284, 50.135986885948874], [127.56963366466456, 50.135447423761576], [127.5693538967797, 50.13544397700352], [127.56936462275873, 50.13508433555892], [127.56908485702388, 50.13508088817077], [127.56882923343323, 50.13426824696714], [127.56827507852074, 50.134081528347714], [127.56829654539882, 50.13336224560355], [127.56747070308714, 50.13290234235579], [127.56748681169798, 50.13236288038614], [127.56720706205995, 50.13235942860975], [127.56721780295764, 50.131999787310306], [127.56693805546936, 50.13199633490396], [127.56694611257153, 50.1317266039464], [127.5665345531354, 50.13145169320107], [127.56597237729112, 50.13153469476446], [127.56610418788861, 50.13180615307156], [127.56638393416618, 50.131809607477095], [127.56636781347196, 50.13234906923833], [127.56691119757912, 50.13289543799804], [127.56690045404264, 50.133255079193525], [127.56772629680462, 50.13371498647543], [127.56771019011494, 50.13425444837526], [127.56798995086307, 50.13425789903386], [127.56880240882101, 50.1351673504504], [127.56877826550986, 50.135976543456685], [127.5693297625334, 50.13625317016584], [127.56931367242545, 50.13679263220636], [127.56888864386089, 50.13696728119545], [127.56816236315784, 50.13785776117458], [127.56690603199705, 50.137752318743026], [127.56664505864055, 50.13711949375665], [127.56608819195363, 50.13702267479689], [127.56610700616415, 50.13639330332297], [127.56582992140868, 50.1362999378166], [127.56583798596893, 50.13603020719068], [127.565278444385, 50.13602329465541], [127.56530264676252, 50.13521410289352], [127.56502557037666, 50.13512073552147], [127.56489913681223, 50.13466945572754], [127.56448218325338, 50.13457435810849], [127.56450639781758, 50.13376516642568], [127.56422664036866, 50.13376170740002], [127.5642374041389, 50.133402066656814], [127.56395764883995, 50.133398607001276], [127.56396841448792, 50.13303896627784], [127.56368866133893, 50.133035505992424], [127.56345736982331, 50.131413661874504], [127.56289518941422, 50.131496648496345], [127.56290596229984, 50.13113700782194], [127.5624944313029, 50.130862082972286], [127.56151534057096, 50.130849956978984], [127.56153421064306, 50.13022058609336], [127.56097743457548, 50.130123743292366], [127.56110112355051, 50.13066493738591], [127.56040447409373, 50.13056635835726], [127.5604206608076, 50.13002689783922], [127.56070848761763, 50.129760635534275], [127.56112539177477, 50.12985574635486], [127.56085374826573, 50.12958254904213], [127.56043145167726, 50.12966725746375], [127.56042335854548, 50.12993698774762], [127.56000375662052, 50.12993178449], [127.55959495191873, 50.12956693946708], [127.55861318776996, 50.12964469928179], [127.5587665581353, 50.129196885363676], [127.56017870007491, 50.12876468789255], [127.56004693114116, 50.12849322308324], [127.55962734190908, 50.12848801857378], [127.55963813813568, 50.12812837822783], [127.56076512538984, 50.12787252296862], [127.56077321600911, 50.12760279254789], [127.56035633205948, 50.12750768060252], [127.56022456541942, 50.12723621595882], [127.559662428847, 50.127319187361316], [127.55996103652501, 50.1266932862245], [127.55912188968793, 50.12668287533937], [127.55924015025134, 50.1274038916365], [127.55881787019382, 50.127488594361616], [127.55854625305646, 50.12721539177195], [127.55856245873628, 50.12667593138144], [127.55562544982784, 50.12663943139983], [127.55560650466279, 50.127268801040536], [127.55503894504302, 50.12753156984643], [127.55516256083047, 50.12807276986032], [127.55557673233396, 50.1282578103268], [127.55555778544408, 50.12888717977768], [127.55582398212626, 50.129340209059144], [127.55637532766924, 50.12961689629478], [127.55634827413803, 50.130515995592454], [127.55662530679233, 50.130609383366256], [127.55661448703714, 50.1309690230812], [127.55716315177341, 50.13133561663198], [127.55728409667064, 50.13196672426969], [127.5579618416841, 50.13269469182141], [127.5582199750415, 50.13341744554224], [127.55849972974588, 50.133420919020146], [127.55848892296268, 50.133780558856664], [127.55904033463891, 50.13405723380692], [127.55888424927596, 50.134594957568915], [127.5593038917739, 50.134600165221194], [127.55927688834696, 50.13549926490158], [127.5598310235937, 50.13568602626175], [127.559408671318, 50.13577073039505], [127.5594032709107, 50.13595055031501], [127.55965334307736, 50.13694303064223], [127.56021019520577, 50.13703988034508], [127.56019130320637, 50.13766925012196], [127.56047108294567, 50.13767271906353], [127.56029880837221, 50.13874990418878], [127.56070769528327, 50.13911474689596], [127.56042520849896, 50.13920118840136], [127.56124569515012, 50.13984096157517], [127.56181336847662, 50.13957816393636], [127.56206889928742, 50.14039081907786], [127.56262040717269, 50.1406674775551], [127.56260962850922, 50.14102711759118], [127.56316384048729, 50.14121386353649], [127.56313959688585, 50.14202305370002], [127.56341940238049, 50.142026515756065], [127.56340324251114, 50.142565975863164], [127.56368305120513, 50.14256943731107], [127.563672279783, 50.142929077396246], [127.56395209062813, 50.14293253821408], [127.56418613837413, 50.1444644688241], [127.56474039609661, 50.14465120753281], [127.56471617614214, 50.1454603977737], [127.56499062056929, 50.14564367626147], [127.56511439129011, 50.146184865407555], [127.5650794137717, 50.14735369559746], [127.56479150335977, 50.147619967250264], [127.56476728172068, 50.14842915709346], [127.56448743870614, 50.14842569796585], [127.56419144108193, 50.148961697860315], [127.56391159503036, 50.14895823731874], [127.56390082288446, 50.1493178770422], [127.56305588946384, 50.149487311028096], [127.5627652596216, 50.14984348723606], [127.56177499285965, 50.15019099954432], [127.56147625599614, 50.150816901818715], [127.56104837551975, 50.15108143017221], [127.56087875840154, 50.15206870366228], [127.5605961951001, 50.15215514473802], [127.5607226307308, 50.15260642794267], [127.55820653467757, 50.15248527228601], [127.55497723995589, 50.15280490559128], [127.554126791158, 50.153154092702735], [127.55454117321392, 50.15333913793544], [127.55424774501815, 50.1537852013259], [127.55480749114214, 50.15379216878759], [127.55538349419753, 50.153259676399166], [127.55762786699255, 50.15310768872158], [127.55790503181892, 50.15320107424245], [127.55789421300126, 50.153560712753574], [127.55760622505201, 50.15382696564363], [127.5594254050303, 50.15384954744568], [127.559557237108, 50.154121012379626], [127.56012238966883, 50.153948134876856], [127.5601142878353, 50.15421786399045], [127.56039146400384, 50.154311243656544], [127.56049360306861, 50.155571714280114], [127.56032395671289, 50.15655898598014], [127.56073569260742, 50.1568339191402], [127.5606843955265, 50.158542202904265], [127.56136795738998, 50.15909033171179], [127.56135176466489, 50.15962978974028], [127.56176623062005, 50.15981480971374], [127.56188730021394, 50.16044591068829], [127.56312534375472, 50.16118078009085], [127.56448453388903, 50.16254673491607], [127.56503900044875, 50.16273347344757], [127.5650309237609, 50.16300320273248], [127.56531085194145, 50.163006661276], [127.5658464918355, 50.16382276440913], [127.56640366826849, 50.16391958677218], [127.56636063033312, 50.165358143365474], [127.56594071728905, 50.16535295891668], [127.56593264492646, 50.16562268818574], [127.56634987030476, 50.16571778245361], [127.56664057243059, 50.16536159882156], [127.56748577478348, 50.165192141502196], [127.5676364956644, 50.16483422863331], [127.56805640447499, 50.16483940691322], [127.56818562804925, 50.16520077207812], [127.56846556945075, 50.16520422312814], [127.56899591695957, 50.16620013181577], [127.56927586429738, 50.166203580962566], [127.56938899401705, 50.16710440402637], [127.56994353254991, 50.1672911196148], [127.56979282072949, 50.16764903541205], [127.56894758266438, 50.1678185091503], [127.56895563868603, 50.16754877962839], [127.56826649731745, 50.167180514126066], [127.56813726810311, 50.16681914911997], [127.56744545545274, 50.1665407886606], [127.56718970305839, 50.16572814692979], [127.56676978662033, 50.16572296545051], [127.5667509615574, 50.16635233391179], [127.56716550636902, 50.1665373350857], [127.56742932686338, 50.16708024742918], [127.56770927915075, 50.16708370039522], [127.56769315322093, 50.1676231591753], [127.567973108712, 50.16762661153246], [127.56796504713813, 50.16789634093502], [127.56851421667659, 50.168262882961216], [127.56877806161239, 50.16880579229655], [127.57112020518649, 50.170093832685964], [127.57196011637987, 50.170104163322364], [127.5723720346828, 50.170379056168855], [127.57349460073117, 50.17030290701228], [127.57347318377084, 50.17102218678727], [127.57389314787277, 50.17102734442663], [127.57402243132852, 50.171388703241014], [127.57471702732816, 50.17157711521385], [127.57511560324407, 50.172301548526924], [127.57580754390543, 50.17257986411611], [127.57579685203032, 50.17293950423558], [127.57690077689917, 50.17349269293881], [127.57715406261393, 50.174395224041454], [127.57798070618576, 50.17485506211626], [127.57823668765295, 50.1756676808135], [127.57851669143285, 50.1756711081563], [127.57892336022194, 50.176125798420465], [127.57867663845806, 50.17972048786331], [127.57892998822784, 50.18062301471595], [127.57888196487043, 50.18224139500432], [127.57901131460505, 50.18260274816399], [127.5792913590178, 50.1826061739812], [127.57927535466354, 50.18314563403078], [127.57955540228245, 50.18314905923824], [127.57981678494951, 50.18378185391222], [127.580096836354, 50.18378527784581], [127.58022086770212, 50.18432644971981], [127.5806409496791, 50.184331583946104], [127.58063028964533, 50.18469122408802], [127.58105037489617, 50.18469635686075], [127.58145714280388, 50.18515103842108], [127.58228667388445, 50.18552093688384], [127.58227602575967, 50.18588057720783], [127.58255608973421, 50.18588399531614], [127.58255076664184, 50.186063815490805], [127.58311089685448, 50.186070649725764], [127.58336702164648, 50.18688325683475], [127.58392184350667, 50.1870699074645], [127.58417001100648, 50.18815224316657], [127.58443945562351, 50.18851529731667], [127.58472219298069, 50.188428800206154], [127.58470624650336, 50.188968260979365], [127.58498632882946, 50.18897167338048], [127.58523984318172, 50.18987418649139], [127.58551993087097, 50.18987759765051], [127.58549867968496, 50.190596878736734], [127.58576017981791, 50.19122966025456], [127.58604027549858, 50.19123307022565], [127.58628054517995, 50.19258513162796], [127.58683013599254, 50.19295158910971], [127.58709166601133, 50.19358436763769], [127.58764392716547, 50.193860911208205], [127.58790547270122, 50.1944936879403], [127.58818558773554, 50.19449709289896], [127.58817498053438, 50.19485673357983], [127.58845509772526, 50.19486013790645], [127.58857924986782, 50.19540130088997], [127.58885141845307, 50.1956744348173], [127.5892716015582, 50.195679538667605], [127.58926100207076, 50.196039179443034], [127.59008283637364, 50.19667875424085], [127.59244013071671, 50.197516823827776], [127.59256962202218, 50.19787816217103], [127.59298718206557, 50.19797316304066], [127.59297660963034, 50.19833280424761], [127.59325674773882, 50.19833619716672], [127.59336775018838, 50.19932690674579], [127.59378796616798, 50.19933199452921], [127.59377211569569, 50.19987145638915], [127.5948795062733, 50.20033456836458], [127.59458087402416, 50.20096055153573], [127.59470510998425, 50.20150170813316], [127.59385143073568, 50.20194108876441], [127.59379859145466, 50.2037392939912], [127.59415545098443, 50.20590222640556], [127.59387526848309, 50.20589883528472], [127.5936796835025, 50.20778525355677], [127.59422950390197, 50.20815167703921], [127.59421629522795, 50.20860122799198], [127.59307170690877, 50.20939685074962], [127.59303468969033, 50.21065559242646], [127.59246104301414, 50.21109835406034], [127.59257998867021, 50.211819332174095], [127.59328846272673, 50.21155808693135], [127.5938462511724, 50.211654782004786], [127.59396786153381, 50.2122858487009], [127.59338627238378, 50.212998344995924], [127.59267513225487, 50.21334950065114], [127.59222568768591, 50.21433341813713], [127.59093021521123, 50.21548695949464], [127.59091697210141, 50.21593650924012], [127.59063673122876, 50.21593310981994], [127.59061818662704, 50.216562479325134], [127.59103325648353, 50.216747398192624], [127.59102531088394, 50.217017127997536], [127.590311443431, 50.217458178211515], [127.59013951520616, 50.21853539642498], [127.58928283547542, 50.2190646491591], [127.58927487935338, 50.21933437865283], [127.58856892122284, 50.21950568812018], [127.58882795932628, 50.22022837113248], [127.58769627612166, 50.22057438741096], [127.58796857991561, 50.22084752342132], [127.58791548405738, 50.2226457182189], [127.58763520423892, 50.22264231123157], [127.58762458231554, 50.22300195007579], [127.58720415952952, 50.22299683826271], [127.5867757655418, 50.22326145394902], [127.58676779409785, 50.223531182955675], [127.5864875092292, 50.223527773156725], [127.58574425139055, 50.22495779957067], [127.58501957329315, 50.22575845359767], [127.58500626980208, 50.22620800139983], [127.58541608054279, 50.226572759680565], [127.58441638871601, 50.22719017716025], [127.5843950928161, 50.22790945326024], [127.58196445795886, 50.229498767166326], [127.58112083198006, 50.22957840945857], [127.57984069866637, 50.23019236250303], [127.57983535699876, 50.230372181087795], [127.57771955321422, 50.23079600921127], [127.5772883609719, 50.231150497715404], [127.57630721188167, 50.23113847912058], [127.57545551083048, 50.23148780729898], [127.57263878948613, 50.23190294705325], [127.56800792829279, 50.232025847382175], [127.5647571155333, 50.23288515535242], [127.56474901715502, 50.23315488132992], [127.56305347300882, 50.233583633800755], [127.56261944400343, 50.234027975114905], [127.56092114346527, 50.23454660449835], [127.55934401217608, 50.23569630571391], [127.55721965608831, 50.236389481610054], [127.55706319223597, 50.23692719063492], [127.55478225508736, 50.23815802951187], [127.55477138016148, 50.23851766224153], [127.5539193924031, 50.238866829610046], [127.55390579025527, 50.23931637029218], [127.55290542711487, 50.23993350946703], [127.55289725983748, 50.240203233710375], [127.55399701113112, 50.24093646120879], [127.55470068777024, 50.240855274396885], [127.55444206196327, 50.24013252130247], [127.55472244026724, 50.24013600922675], [127.55471700222566, 50.24031582552833], [127.55556085807697, 50.240236377126735], [127.55613791430079, 50.23970389764764], [127.55641829030016, 50.239707381459105], [127.55642915329415, 50.23934774854253], [127.5568497142343, 50.23935297292551], [127.5568605738461, 50.238993339918565], [127.55714094576699, 50.23899682195109], [127.55714637443634, 50.23881700541649], [127.55784730184428, 50.23882570748406], [127.55827599503101, 50.238561201750315], [127.55828955571785, 50.238111660144206], [127.56042751380173, 50.236968923292416], [127.56172701349915, 50.23572582911314], [127.564142428964, 50.23467640045575], [127.56443357731233, 50.23432023021247], [127.56640678247112, 50.2339848258993], [127.5662720040135, 50.23380327885866], [127.56937192112834, 50.23330183844467], [127.57259852008852, 50.233251581675184], [127.57301366247647, 50.2334365650487], [127.5726957369894, 50.23469184696099], [127.57111081742133, 50.23611143694715], [127.57108931459753, 50.236830707785195], [127.57080088830311, 50.23709698601767], [127.57135892595097, 50.23719379080982], [127.57150716897071, 50.23692578779297], [127.57278490487958, 50.23640183863983], [127.57280101270123, 50.235862385081866], [127.57364744541233, 50.235692895385235], [127.57394657693233, 50.235066973876215], [127.57523763594038, 50.234093451832514], [127.57524567541644, 50.23382372466484], [127.57609741994341, 50.23347439852858], [127.57624830241174, 50.23311647986714], [127.57681433570343, 50.23294353086569], [127.57739106759806, 50.23241094242316], [127.57795173932399, 50.23241780610189], [127.57824277138442, 50.23206160012898], [127.57894360621407, 50.232070174125354], [127.57894895155681, 50.23189035566291], [127.58064696694558, 50.231371460069], [127.58177095511999, 50.23129524374944], [127.58176295317377, 50.23156497179826], [127.5801970987568, 50.23235532449958], [127.5797552254885, 50.23306945913803], [127.57847765424106, 50.23359348664551], [127.57847230680312, 50.23377330501826], [127.57903299476793, 50.233780163614405], [127.57974454036683, 50.23342909610921], [127.58003823619245, 50.23298297638725], [127.58059891526955, 50.232989827350465], [127.58146661440273, 50.232101005524726], [127.58443675293667, 50.2312378117875], [127.58444207746392, 50.23105799287184], [127.58598388630656, 50.23107676756463], [127.58653656951358, 50.23135331826987], [127.58669268309373, 50.23081556611072], [127.58740147219461, 50.23055436025572], [127.59188404906097, 50.23069871589161], [127.59188934548024, 50.23051889638246], [127.59287048845636, 50.23053078331083], [127.59457359447826, 50.22983186271997], [127.59499143638614, 50.2299268582547], [127.59571865422721, 50.22903623178998], [127.59574506213045, 50.22813713244686], [127.59631360713153, 50.227874177261064], [127.59647751664497, 50.22706668068094], [127.59689533842055, 50.227161669241326], [127.59718355960813, 50.2268953240699], [127.5973448132355, 50.226177736013064], [127.59818044658189, 50.226367705332244], [127.59833377644777, 50.22591984592242], [127.59861407676077, 50.225923227263706], [127.59901345224291, 50.226647578781865], [127.59899237630121, 50.22736685945951], [127.59842648748933, 50.22753991789736], [127.59841594487776, 50.227899558102436], [127.59869362164478, 50.22799284939985], [127.59851393246528, 50.22933980947263], [127.59822833979776, 50.229516247758724], [127.59805390419105, 50.23068338663051], [127.59704373198933, 50.23166055283757], [127.59686398048103, 50.233007509023786], [127.59771028066167, 50.23283784280262], [127.597731379977, 50.232118563200025], [127.59856711828326, 50.23230853043162], [127.59914887152124, 50.23159601182885], [127.59915941000129, 50.2312363717411], [127.59888171359137, 50.23114308144244], [127.59986550556924, 50.23106499938603], [127.60027283911033, 50.23151961631164], [127.60037615280415, 50.232780045677885], [127.60078613724043, 50.23314475078804], [127.6004873683311, 50.23377074462833], [127.59906455599118, 50.23447313166698], [127.5991889221531, 50.23501428157904], [127.59889802669801, 50.23537054099759], [127.59819186386363, 50.23554190678715], [127.59733232496774, 50.2361611254617], [127.59649124458518, 50.2361509686417], [127.59635898550901, 50.23587954571838], [127.59594108898696, 50.235784554737734], [127.59549413301957, 50.23667857014936], [127.5930739973207, 50.23790847454118], [127.59251325754036, 50.23790168328742], [127.59179908778282, 50.238342738589616], [127.58953488384167, 50.23903480887798], [127.58573384760312, 50.23952825570423], [127.57702607625808, 50.239961590088186], [127.57520896802167, 50.239759438384276], [127.57295788664179, 50.24000163823266], [127.57240249865518, 50.2398149320059], [127.57224619319511, 50.24035266252632], [127.57182293375918, 50.2404374026088], [127.57184442829278, 50.23971813198961], [127.57072022791442, 50.23979425033981], [127.57072560565516, 50.23961443276045], [127.57002735289477, 50.23951589950434], [127.57003542331546, 50.239246173201536], [127.57074173855035, 50.239074979986235], [127.57090343325169, 50.23835743385097], [127.57008922298495, 50.237447997503615], [127.5695284941838, 50.23744109539251], [127.5685256769064, 50.23814828005928], [127.56654422350893, 50.23875344470896], [127.56568152252386, 50.239462333488625], [127.56484039558147, 50.2394519471066], [127.561990652612, 50.240945725354194], [127.5614298847672, 50.24093878381904], [127.55845602433045, 50.24189128747003], [127.5580273018659, 50.24215579347185], [127.55814036926392, 50.24305661574123], [127.55784911975091, 50.24341276882971], [127.55517990488347, 50.24355949258653], [127.55449522739592, 50.24301132527436], [127.55338453432553, 50.242637734521594], [127.55325250393479, 50.24236626479627], [127.55282647156554, 50.24254084325151], [127.55295849998724, 50.24281231343629], [127.55252701572509, 50.24316670679595], [127.5516831034414, 50.24324613263253], [127.55043223057567, 50.24287076620255], [127.54944266484573, 50.243128242496624], [127.54928609004403, 50.24366593949114], [127.54829923323872, 50.243833497954114], [127.54771657444925, 50.244545752555524], [127.54659222683586, 50.24462163606452], [127.54601774055662, 50.24506415852535], [127.54531672532288, 50.24505538432424], [127.5440412008642, 50.24548911834885], [127.54403024228472, 50.245848748913254], [127.54445359700053, 50.24576411100153], [127.5445855861694, 50.24603559021785], [127.54486599788156, 50.246039102219], [127.5444316856126, 50.24648337220368], [127.54273548997153, 50.24691182149704], [127.54274097436722, 50.24673200635437], [127.54373613062081, 50.24629477302106], [127.543887297089, 50.245936899625534], [127.54361510746784, 50.2456636624018], [127.54305428881642, 50.24565663172478], [127.54050589096178, 50.246434127651064], [127.54021448981558, 50.24679023500561], [127.53950795452157, 50.246961240464884], [127.5397746320507, 50.24741430200066], [127.54075335350963, 50.247516539398156], [127.54074236939954, 50.247876169310715], [127.5411547666144, 50.24815117357623], [127.54030800204873, 50.24832042326504], [127.54018152549983, 50.2478691245476], [127.53976364061494, 50.24777393176284], [127.53891137902998, 50.24812298613844], [127.5389058799536, 50.24830280093135], [127.53806460736533, 50.248292219413834], [127.53763296344871, 50.24864655573844], [127.53637655507208, 50.248450852700316], [127.53608786564725, 50.24871704192711], [127.53538679992656, 50.248708207367535], [127.53452897450444, 50.249237043571156], [127.53437772722461, 50.24959490388819], [127.53256320979767, 50.24930217676115], [127.53227173192145, 50.249658263352266], [127.53142491043899, 50.24982744775101], [127.53059467514295, 50.2494571836896], [127.5300199832708, 50.24989962488008], [127.52875803742326, 50.249883653473674], [127.52775435916048, 50.25059047713305], [127.5273364763059, 50.25049523970542], [127.527207345546, 50.25013383495721], [127.52650626182833, 50.250124946648505], [127.52551364547818, 50.25047212321394], [127.52410869192997, 50.25054422861345], [127.52410313667647, 50.25072404213877], [127.52325348930904, 50.25098307327504], [127.52284395241972, 50.250618099586504], [127.52228308083467, 50.250610968171415], [127.52171386308495, 50.25087355404333], [127.52087255172285, 50.25086284768632], [127.52072398115796, 50.25113078256207], [127.51918993052263, 50.25084141670715], [127.51904413783139, 50.25101944279884], [127.51736151250692, 50.25099798530063], [127.51706712057309, 50.25144393902459], [127.51594815422106, 50.25133971114314], [127.51580234797503, 50.25151773303187], [127.51342700140378, 50.25121754206274], [127.51313816827958, 50.25148367285884], [127.51243706921035, 50.251474699507945], [127.51175277614607, 50.25092628441999], [127.50922885218861, 50.250893930742656], [127.50893719167502, 50.25124995706323], [127.50977570065221, 50.25135065604645], [127.50990470219972, 50.25171207894797], [127.50961023651357, 50.25215801306685], [127.50876610050544, 50.25223712501046], [127.50863429940517, 50.251965607053776], [127.50835385748009, 50.2519620073284], [127.50863991311714, 50.25178579482582], [127.50850811392708, 50.251514276722965], [127.50697412852665, 50.25122475015406], [127.50459322713759, 50.25110419124135], [127.50374065425548, 50.25145298460897], [127.50332563044827, 50.25126775528639], [127.50206084455058, 50.25134139956845], [127.50206930201672, 50.251071682003456], [127.50249277421808, 50.25098719813975], [127.50236101222504, 50.25071567335988], [127.5026527180436, 50.25035966392391], [127.50477284168117, 50.24984731203006], [127.50575434362818, 50.2498599379691], [127.50675270742092, 50.24933311919047], [127.50843807300403, 50.24926482361616], [127.50886432451586, 50.24909041010678], [127.50887274290605, 50.24882069160022], [127.50718458419662, 50.24897889973006], [127.50661249429636, 50.249331317210306], [127.50506733754733, 50.24940139027431], [127.50421479871171, 50.24975018752213], [127.50323329970847, 50.24973754860151], [127.50251532039061, 50.250267951083494], [127.50181142301044, 50.25034881966866], [127.50180014470843, 50.25070844308821], [127.50097012849172, 50.25033796932526], [127.50025211517996, 50.250868357463446], [127.49799733436306, 50.251199002133035], [127.49742232279858, 50.251641279058], [127.49643229859451, 50.251898299274515], [127.49656402985575, 50.25216983045076], [127.49627226764329, 50.252525823986346], [127.49571138044189, 50.252518564143244], [127.49572553647316, 50.252069036259144], [127.49460094001903, 50.252144414219], [127.49361089067213, 50.252401410143754], [127.49331910516013, 50.25275739603951], [127.49219165128912, 50.2529226559415], [127.4913332779769, 50.25345116785426], [127.48907831690669, 50.2537816376473], [127.48680623651939, 50.25465149443384], [127.48610509941477, 50.25464236182625], [127.48580754405431, 50.255178138357124], [127.48326629588901, 50.25568464932015], [127.48268538236475, 50.25630666123822], [127.48084520931216, 50.25682227182996], [127.47998091858331, 50.25753050748951], [127.47899640747912, 50.25760756728234], [127.47401635383379, 50.259790832146045], [127.47204434172795, 50.26003474567553], [127.47175234876303, 50.26039067506428], [127.47077064584114, 50.260377760028824], [127.46991766441839, 50.26072630090182], [127.46991190315852, 50.26090610964318], [127.46935092440103, 50.26089872170064], [127.46891289527717, 50.26143260490902], [127.46820589664009, 50.261603172037525], [127.46820012875709, 50.26178298060786], [127.46637402924524, 50.26184883695158], [127.46522604548835, 50.26264316137757], [127.46452479811225, 50.26263389752585], [127.4636717314507, 50.26298239163102], [127.46366594621583, 50.263162199776964], [127.46268419004068, 50.26314921592641], [127.46183110095576, 50.26349769628127], [127.46182530868563, 50.263677504256], [127.46126429950044, 50.263670076989115], [127.46097220394779, 50.26402597813045], [127.46041119089395, 50.26401854670885], [127.46011908684014, 50.26437444560708], [127.45941781572395, 50.26436515071359], [127.45941201418994, 50.2645449584576], [127.45885099545102, 50.26453751945021], [127.4588451917475, 50.26471732714094], [127.45799785398611, 50.26488597109721], [127.45799204699887, 50.26506577870498], [127.45729076643269, 50.26505647088617], [127.45685837567568, 50.26541049917293], [127.45559024634936, 50.265573537047686], [127.45558443015578, 50.265753344430294], [127.45444781524883, 50.26618794469457], [127.45261570549977, 50.26643339024672], [127.45260696412188, 50.26670310089992], [127.45232352859581, 50.26678926873246], [127.45148196383869, 50.266778057525165], [127.45147613192823, 50.266957864521835], [127.45020794432179, 50.267120843066884], [127.45020210754346, 50.26730064994465], [127.44879948629736, 50.2672819354788], [127.44878780200837, 50.26764154897868], [127.445135110305, 50.26777261799339], [127.44485165531063, 50.267858767401414], [127.44484286963942, 50.268128476997234], [127.44287917125689, 50.26810218115712], [127.43949520604518, 50.268596443206306], [127.43948932862335, 50.26877624912442], [127.44047118972865, 50.26878942995134], [127.4403191751227, 50.269147159444984], [127.43975810738193, 50.269139627786785], [127.43976398386738, 50.26895982185695], [127.43907147074026, 50.26868069472007], [127.43892532567354, 50.26885861643357], [127.43696454627718, 50.268742317497065], [127.43653491682005, 50.26900636538479], [127.43471440393581, 50.26889191553053], [127.43344316160128, 50.269144612768244], [127.43343136089145, 50.26950422352632], [127.4341356477247, 50.26942377318152], [127.43442502745096, 50.269157844737265], [127.43735885823851, 50.269557102324725], [127.43877623940918, 50.2691264408702], [127.43947169600033, 50.26931566684224], [127.43960314769022, 50.269587259217246], [127.43903031624397, 50.26993933574673], [127.43734414396035, 50.270006616576495], [127.43649663950082, 50.27017510201231], [127.43649075045857, 50.270354907624466], [127.43508804863514, 50.27033602687687], [127.434097311113, 50.27059250838631], [127.43352442744218, 50.27094455722352], [127.43351557682657, 50.27121426522087], [127.43225017158106, 50.27128714339595], [127.4315399463305, 50.271547387151436], [127.43153403833578, 50.27172719229518], [127.42842729582482, 50.27231481692921], [127.42799758725627, 50.272578832351535], [127.42812602137812, 50.27294033943629], [127.42755898907717, 50.27311255326843], [127.42671732279112, 50.27310116173], [127.42657111811926, 50.27327906721579], [127.42601889917081, 50.27300176181524], [127.42390880389952, 50.27315304815455], [127.42389989827191, 50.27342275480587], [127.42446397959138, 50.273340461237275], [127.4245983233287, 50.27352216746588], [127.4241537422062, 50.27423567946002], [127.42359558822761, 50.27413816702804], [127.4234760937022, 50.27350694872152], [127.42265521843538, 50.272866212405184], [127.42181653090189, 50.27276488326604], [127.42169111778388, 50.272313467515374], [127.4225297971204, 50.2724147974903], [127.4224014068482, 50.27205328460049], [127.42142246020221, 50.271950048383935], [127.42084946795859, 50.272302033620264], [127.41972429272606, 50.272376681001134], [127.41971536370575, 50.27264638714534], [127.41887370881321, 50.27263493888988], [127.41886775289035, 50.27281474290577], [127.41703223654096, 50.27314952499352], [127.41673975415155, 50.27350531070747], [127.41574885546147, 50.27376163409191], [127.41574288753228, 50.27394143780152], [127.41461468062953, 50.27410593707819], [127.41346853633499, 50.274809835796205], [127.41219403776054, 50.275152199479464], [127.41190150696795, 50.27550797243996], [127.41105082584897, 50.27576617200423], [127.41103286752391, 50.276305581701244], [127.41076127632132, 50.27603204033104], [127.41034042078503, 50.2760262842688], [127.41033443200654, 50.27620608743724], [127.40962701229753, 50.27637629365582], [127.41018216753505, 50.276563774693344], [127.40988362229996, 50.27709934538314], [127.40946275753349, 50.27709358605528], [127.40919716424959, 50.27664023804449], [127.4083434504027, 50.27698831891757], [127.40694057269164, 50.27696909667721], [127.40679128151314, 50.277236877765255], [127.40594955095622, 50.27722533517157], [127.40565696091004, 50.27758109172695], [127.40424805558224, 50.2777416394902], [127.40381515889652, 50.27809546479169], [127.40241225173949, 50.27807618759591], [127.40113758888502, 50.278418428245196], [127.4011315649345, 50.27859823053455], [127.39972563019914, 50.278668821893476], [127.39928666077304, 50.27920243200226], [127.39859122595544, 50.27901296599304], [127.39817034663115, 50.279007165621564], [127.39816431137807, 50.27918696763218], [127.39577932216595, 50.279154069877194], [127.39578536639561, 50.278974268075274], [127.39241834301532, 50.27892774120365], [127.39184808476661, 50.279189679430495], [127.38847801681595, 50.279232938948894], [127.38818832135976, 50.279498749465766], [127.38706293252042, 50.27957307838424], [127.38733440626038, 50.27984667386526], [127.38565086968313, 50.2798232999334], [127.38479997357159, 50.28008130503513], [127.38465054867108, 50.28034905624873], [127.38366847636003, 50.28033540164527], [127.38366238619551, 50.280515202334726], [127.38281451396801, 50.28068329232225], [127.38280842051154, 50.28086309292517], [127.38196663589807, 50.28085137606134], [127.38195444246284, 50.281210977100166], [127.38125295042923, 50.281201208268136], [127.38096320294044, 50.281467000183305], [127.38012446030422, 50.2813653696838], [127.37983165314147, 50.281721058863006], [127.37870314611379, 50.28188520629661], [127.37740987451993, 50.28276658424764], [127.37670530275292, 50.28284668777166], [127.37612267436873, 50.28346814729379], [127.37513135754632, 50.2837241197808], [127.37526247909487, 50.28399578109907], [127.37413390340508, 50.28415988342666], [127.37097656574278, 50.28618435272287], [127.36884114647428, 50.28705382858105], [127.36696782001624, 50.28846660473539], [127.36668718257926, 50.288462661125784], [127.36638807413436, 50.288998113515845], [127.36596711343503, 50.28899219570313], [127.36552459148943, 50.28961557215695], [127.36281528074652, 50.2908366364944], [127.36266261219605, 50.291194256668504], [127.36224163290379, 50.291188325178986], [127.36123464026035, 50.29189367248185], [127.36093544850917, 50.29242910972669], [127.36065478861057, 50.292425151330065], [127.36021834604418, 50.29286870800659], [127.36019980212369, 50.29340810260564], [127.35991913656936, 50.29340414237751], [127.35947958594421, 50.29393759512058], [127.35931141959897, 50.294744705579475], [127.35742202578079, 50.29660681522369], [127.35725381419589, 50.297413921915926], [127.35697312548763, 50.297409954347984], [127.35639005993627, 50.29803130918034], [127.35637766626294, 50.298390904575434], [127.35609697192913, 50.298386934836635], [127.35566043149393, 50.29883047301005], [127.35564493204843, 50.299279967023494], [127.35465007696564, 50.29962565861155], [127.35349002331398, 50.30068854289341], [127.35236408763248, 50.30076253009086], [127.35150642514591, 50.30120008229562], [127.35105738066855, 50.302003196558175], [127.34990963325973, 50.30270644927444], [127.34961024429133, 50.303241854488675], [127.34932952236322, 50.30323786813396], [127.34946365928131, 50.303419658309565], [127.34889910033644, 50.30350158262357], [127.34888976094128, 50.303771277901866], [127.34846555959486, 50.30385519386496], [127.34802266786527, 50.30447849853283], [127.34774193888254, 50.30447450827422], [127.347015182448, 50.30518371624769], [127.34616674676923, 50.305351532574846], [127.34487535667901, 50.306142634591296], [127.34428265885987, 50.307033619726], [127.34400191536533, 50.30702962029058], [127.34339981799354, 50.30819029489633], [127.34353394561762, 50.30837209168074], [127.34325319434905, 50.30836809036079], [127.3432406970649, 50.308727682735224], [127.342660437739, 50.30925906632379], [127.3426416844201, 50.30979845463151], [127.34236092487981, 50.30979445107528], [127.3418928800596, 50.31113691452073], [127.34146547317009, 50.311310702047294], [127.34145296109902, 50.311670293913714], [127.3424544148806, 50.31114492336973], [127.34234842023452, 50.31015404319884], [127.3427695627421, 50.31016004835526], [127.34320320369092, 50.309806459710785], [127.34322195066319, 50.30926707125072], [127.34364933280013, 50.30909327696314], [127.34396131854204, 50.30819829613008], [127.34480981250638, 50.30803049655581], [127.34484414603902, 50.30704161656381], [127.34569573588165, 50.3067839120483], [127.3455647240111, 50.30651221944398], [127.3458454646811, 50.30651621507615], [127.34614491714115, 50.30598082046798], [127.3468529957912, 50.305811008102964], [127.3470058318418, 50.30545341119149], [127.34742693382695, 50.30545939907526], [127.34886485519266, 50.30449046524298], [127.34942631372677, 50.30449843966168], [127.34943876249754, 50.30413884590226], [127.3500033281501, 50.30405691904037], [127.34987229873728, 50.30378523100179], [127.35130079428721, 50.30308596130366], [127.3516063791467, 50.30237075439151], [127.35231438521554, 50.30220090793734], [127.35232681119791, 50.301841313512625], [127.35260752532942, 50.30184529255074], [127.35261373716875, 50.30166549530392], [127.35317516350617, 50.30167345129702], [127.35347760660908, 50.301048137599956], [127.35403902592329, 50.30105608935122], [127.3541917922097, 50.300698482032914], [127.35504011784698, 50.300530605909515], [127.35576358376926, 50.29991124414699], [127.35618153968909, 50.30000709865097], [127.35616604450779, 50.30045659269044], [127.35558913078994, 50.30089814515367], [127.35557983008486, 50.30116784146028], [127.3552991195215, 50.30116386963727], [127.35528361538861, 50.30161336338789], [127.35427940026183, 50.302228747328726], [127.35426698883042, 50.302588342082046], [127.35384591074573, 50.30258237921747], [127.35266402355727, 50.3042745442162], [127.35238329511932, 50.30427056517612], [127.35222739627922, 50.30471806822141], [127.35179697646684, 50.30498179340427], [127.35133546461505, 50.30614450198744], [127.35091124614337, 50.30622842667926], [127.35089258816423, 50.30676781751401], [127.34960746074998, 50.30737917544857], [127.34987576028239, 50.30774275500752], [127.35071178571675, 50.30793450573882], [127.35069623461949, 50.30838399792726], [127.34929869926223, 50.30818427427671], [127.34656608821452, 50.310034229701984], [127.3460014460142, 50.31011613903276], [127.34599208803864, 50.31038583360866], [127.34655673345986, 50.31030392435853], [127.34654737856283, 50.31057361900121], [127.34626037616935, 50.310749421227364], [127.34542119986229, 50.310647536418024], [127.34526833438579, 50.31100513065736], [127.34455392841484, 50.31135472862979], [127.34439793156022, 50.31180221969639], [127.34296907249426, 50.31250139997385], [127.34295969657398, 50.31277109402553], [127.34238563677589, 50.31312267937621], [127.34154017168127, 50.313200562192094], [127.34125000644055, 50.31346624956697], [127.34040766380667, 50.31345422615207], [127.339683790873, 50.31407348693702], [127.3391190896282, 50.314155362190206], [127.3395246069318, 50.31461086855775], [127.34007992005793, 50.31479868495111], [127.34047919137737, 50.315433983786775], [127.34017961367623, 50.315969361745644], [127.34014830360579, 50.31686834005636], [127.339723970507, 50.31695222263139], [127.33956790886921, 50.31739970617261], [127.33885336493363, 50.31774926737921], [127.33841021488513, 50.318372531467524], [127.33812940544856, 50.31836851720082], [127.33811686507909, 50.318728108020906], [127.33783605358953, 50.31872409302532], [127.33724933659897, 50.31943524226082], [127.33723051527878, 50.31997462814153], [127.33694969657176, 50.319970610933694], [127.33679359840195, 50.32041809017153], [127.33650963879948, 50.32050396948483], [127.33588834372593, 50.32220398450591], [127.33545767467798, 50.322467645959875], [127.33527956710677, 50.32354440531118], [127.33470846196313, 50.3238060527927], [127.33469275117376, 50.32425554011107], [127.33397178095649, 50.32478486442143], [127.33381249408006, 50.32532223627464], [127.33309778854515, 50.32567176004866], [127.33292905138588, 50.32647882253949], [127.33264504865566, 50.326564691899556], [127.33263560962982, 50.326834383883735], [127.33206759786466, 50.32700612040225], [127.33190513371369, 50.32763338644314], [127.33133396087231, 50.32789501649965], [127.33132451398073, 50.328164708241886], [127.33104364785326, 50.32816067629813], [127.33103419922958, 50.328430367988105], [127.32888669608013, 50.329568769087125], [127.32887408097612, 50.32992835752135], [127.32816558036883, 50.33009805548273], [127.32815295958584, 50.330457643751835], [127.32730400854471, 50.33062531655545], [127.32672645875934, 50.331066717249], [127.32671698472495, 50.33133640820995], [127.32428203152217, 50.33265047187498], [127.32427570593582, 50.33283026557677], [127.32357031036248, 50.332910038022966], [127.32326726422775, 50.33353526465716], [127.32269597340316, 50.333796850838596], [127.3223960764522, 50.334332178192604], [127.32210676898944, 50.338555296098626], [127.32275956131629, 50.34396125563673], [127.32257790752162, 50.34512788462095], [127.32212160913663, 50.346110665363064], [127.32218712983051, 50.352227682191966], [127.3224491259568, 50.35277111568287], [127.32264459507968, 50.35520237389482], [127.32305662887185, 50.35547814366704], [127.32299010461753, 50.35736596859569], [127.32326797440803, 50.357459918104325], [127.32310844876733, 50.357997270094394], [127.32353317733042, 50.357913452672385], [127.32348567012552, 50.35926189888047], [127.32376355190439, 50.35935584729471], [127.32374771793681, 50.359805329343516], [127.32402876970741, 50.35980938074158], [127.32401610436541, 50.3601689664043], [127.32429715832181, 50.36017301717487], [127.32454655846999, 50.36107603157236], [127.32509918401936, 50.36135381931461], [127.3250770324407, 50.361983094384435], [127.32535493321731, 50.36207703914143], [127.3256170172085, 50.36262046550309], [127.32589808587177, 50.3626245125468], [127.32588227022806, 50.363073994831964], [127.32616334160787, 50.363078041260906], [127.32615069092567, 50.36343762711262], [127.32641911567441, 50.363801258792314], [127.32670019142651, 50.36380530396593], [127.32682176039364, 50.36434670518498], [127.32722757505802, 50.36480225373807], [127.32750865683829, 50.36480629701578], [127.32749601554609, 50.365165883007], [127.32805186492311, 50.36535376066559], [127.32803606809175, 50.36580324323276], [127.32830767920078, 50.36607697417472], [127.32886670032315, 50.36617495152042], [127.3288477527613, 50.36671433074395], [127.32912884606812, 50.36671837021661], [127.32911937366245, 50.366988059846015], [127.32967840721251, 50.36708603339664], [127.3296657812945, 50.36744561964396], [127.33048067979185, 50.36826679953247], [127.33046490427185, 50.36871628242973], [127.330880253615, 50.36890212888137], [127.33099557343718, 50.36962331904533], [127.33127668423676, 50.36962735349495], [127.33193847915045, 50.370806092715185], [127.33262866888138, 50.3711757585968], [127.33275032229454, 50.37171715380667], [127.33356534597982, 50.372538312741376], [127.3335527469984, 50.37289789936117], [127.33383387751206, 50.37290192781894], [127.33381498174472, 50.37344130777911], [127.3340835201321, 50.37380492229477], [127.33436465608153, 50.37380894952186], [127.33434261727537, 50.37443822620775], [127.3346143131544, 50.374711942868494], [127.33455764703255, 50.37633008271814], [127.33483250247954, 50.37651390225581], [127.33481991130013, 50.37687348886007], [127.33510106549015, 50.376877514483695], [127.33508847617854, 50.3772371011144], [127.33549133110004, 50.377782518367525], [127.3367345397851, 50.378429898272], [127.33856210473539, 50.37845602318198], [127.34008654148725, 50.37910738446707], [127.3410706302747, 50.37912142707113], [127.34105808509145, 50.37948101465063], [127.34189846201657, 50.379582941626225], [127.341879653226, 50.38012232316911], [127.34271064347756, 50.38049393518506], [127.34296675739678, 50.38121711760542], [127.34352598765541, 50.3813150262634], [127.34378211814405, 50.38203820695412], [127.34434449020227, 50.382046214787884], [127.34431944648469, 50.38276539074901], [127.34459750685257, 50.382859290749224], [127.3445849866729, 50.38321887873753], [127.34514111485974, 50.383406676860396], [127.34593465661284, 50.38485703064464], [127.3464939359635, 50.38495492544807], [127.34647830246094, 50.385404410697], [127.3470219607392, 50.38595178828032], [127.34730317033718, 50.385955784928655], [127.34729066924226, 50.386315373215425], [127.34809994300025, 50.38731622731532], [127.35057163979869, 50.38906019652512], [127.350993482549, 50.3890661786367], [127.35097788930277, 50.38951566458501], [127.35180911469367, 50.389887213293164], [127.35179664593367, 50.39024680215135], [127.35220603364637, 50.390612368831455], [127.3526278905149, 50.390618345148674], [127.35302171283841, 50.39143339523439], [127.35439680322541, 50.392352273756686], [127.35465004302515, 50.393165328657716], [127.35614407807456, 50.39471545761671], [127.35707255791262, 50.39634752010537], [127.35803526919052, 50.39699070418064], [127.35815105967973, 50.39771186869713], [127.3584292349129, 50.397805736502214], [127.35933922763667, 50.39997716568426], [127.35961741844095, 50.40007103076308], [127.35972392918161, 50.40106188585046], [127.36013967510121, 50.401247630628625], [127.36016862974621, 50.404485919847836], [127.35988420519337, 50.40457185060598], [127.35925015292108, 50.40663155349504], [127.35749376955343, 50.408585468074364], [127.35733444436205, 50.40912286454752], [127.35618105302932, 50.409916039614615], [127.35613438471994, 50.41126449599911], [127.3554216452064, 50.411524244025415], [127.35525294668568, 50.41233132815582], [127.35467464197654, 50.41277285459693], [127.35412436454392, 50.41240530533684], [127.35341159706081, 50.41266504072396], [127.35340224705132, 50.41293473152558], [127.35312087692382, 50.41293074808803], [127.35238002807439, 50.413999549055156], [127.35180479619223, 50.414351163796546], [127.35179543650119, 50.41462085430183], [127.35151405661402, 50.41461686688262], [127.35106701638745, 50.41533005883825], [127.35064181824998, 50.41541397152051], [127.3504792684378, 50.4160412537746], [127.3499071213015, 50.41630296189895], [127.34959761315973, 50.4171080401324], [127.34887537310397, 50.41763743661754], [127.34885349224591, 50.41826671315673], [127.34857209117774, 50.418262718415114], [127.34844077066808, 50.41799103091011], [127.34827192814646, 50.41879810267173], [127.3479811411881, 50.41906379627382], [127.34811246187618, 50.41933548425274], [127.34769035095724, 50.41932948910556], [127.34767783798267, 50.41968907538879], [127.34636453466065, 50.42101952801991], [127.34649898187963, 50.42120132120855], [127.34621756375799, 50.42119732060517], [127.34620503880296, 50.4215569065053], [127.34533571498507, 50.42226407188181], [127.34444128691099, 50.42369040134556], [127.34400973105949, 50.42395408151922], [127.34399718816113, 50.424313666847304], [127.3434343158051, 50.42430565250285], [127.34342176839306, 50.424665237704566], [127.34213646097328, 50.42518657266118], [127.3415484547624, 50.42589771880952], [127.34153903298491, 50.42616740738178], [127.34182047989569, 50.42617141958482], [127.34182676003188, 50.425991627179386], [127.34225206816618, 50.42590774794563], [127.34240848555254, 50.425460272086916], [127.34369693393154, 50.42484903788498], [127.34411595746742, 50.42494494431754], [127.34395015002097, 50.42566211160838], [127.34423159427983, 50.42566611795064], [127.34453498272782, 50.42504084925561], [127.34481955766664, 50.424954957792295], [127.3448320946232, 50.42459537235471], [127.34525425173989, 50.42460137832181], [127.34583592189648, 50.424070005426806], [127.34611735698732, 50.424074007117056], [127.34627060022967, 50.42371642195376], [127.34669274983916, 50.42372242262669], [127.34670214153145, 50.423452733238456], [127.3469835730871, 50.4234567327984], [127.34785602319096, 50.42265965869075], [127.3482719087733, 50.422845446615746], [127.348287546081, 50.422395963868425], [127.34856897159902, 50.422399959533614], [127.34860023969966, 50.42150099379681], [127.34916308028129, 50.421508982832236], [127.34936317019887, 50.41980294373998], [127.34993223890963, 50.419631135553374], [127.34994473479072, 50.41927154885824], [127.35051379505, 50.41909973772895], [127.35053565455807, 50.41847046075437], [127.35125164659654, 50.41812084748702], [127.35157049572553, 50.417046074431326], [127.35199258717678, 50.41705205530742], [127.35214576243514, 50.41669446133927], [127.35242715471855, 50.41669844734884], [127.3523020544772, 50.416246970296186], [127.35315245869106, 50.41607913133396], [127.35316492862059, 50.41571954383588], [127.35402155205861, 50.415371904588824], [127.35403401509637, 50.415012316889865], [127.35431539768216, 50.4150162982373], [127.35418093727318, 50.41483451377726], [127.35532203017806, 50.4144009486659], [127.35533759609412, 50.41395146366955], [127.35619417180624, 50.413603807856695], [127.35606593143086, 50.41324223140428], [127.35719453091423, 50.41316823555717], [127.35784201090812, 50.41479631638093], [127.35781092514235, 50.41569528733263], [127.35809231230665, 50.41569925958469], [127.35807987968631, 50.4160588479728], [127.35779849039368, 50.416054875670305], [127.35779227292456, 50.41623466982991], [127.35807366328137, 50.416238642157616], [127.35809002775731, 50.419836510724636], [127.35807759329442, 50.42019609885527], [127.35779617949112, 50.42019212631293], [127.35778685188139, 50.42046181735694], [127.35806826728138, 50.42046578993711], [127.35796567175173, 50.423432390924866], [127.35768423878686, 50.42342841792853], [127.35765936029303, 50.424147593572705], [127.35778453065532, 50.424599064965605], [127.35806597057211, 50.424603037785644], [127.35797268879574, 50.42729994591273], [127.35850762303943, 50.42811696266333], [127.3584174638913, 50.43072397286903], [127.35811110955342, 50.43143917545353], [127.3580675704637, 50.432697731293565], [127.35778608256133, 50.432693758019006], [127.35731717838988, 50.434036248709404], [127.3565885351007, 50.43474548346053], [127.3564041968786, 50.43600204913397], [127.35495614895135, 50.43715081116085], [127.35465593301969, 50.43768620975711], [127.35191907849774, 50.43944628443429], [127.35048644254317, 50.440145506035726], [127.3496387228981, 50.440223424220605], [127.3486252044744, 50.441018508495574], [127.34647609136276, 50.442067271577], [127.34646669218003, 50.44233696006719], [127.34590360538245, 50.44232895561287], [127.34504643254002, 50.44267652820238], [127.34504016088228, 50.44285632038207], [127.34404847362758, 50.44302209070099], [127.34404219811206, 50.44320188277936], [127.34319755365135, 50.44318985733139], [127.3431912748746, 50.44336964932723], [127.34234662779117, 50.443357617674444], [127.34191173712776, 50.443711183293914], [127.33893657043204, 50.44420838775403], [127.33864242447945, 50.44456395063822], [127.33455040785763, 50.44477526705545], [127.33425938219719, 50.44504092289698], [127.32566872749754, 50.445007548669444], [127.32565603624056, 50.44536712933967], [127.32424506919463, 50.445436755583636], [127.31861390858953, 50.44535550966242], [127.31862346707486, 50.44508582513355], [127.3167869766119, 50.4452391513325], [127.31623343591077, 50.44496131872864], [127.31524799485824, 50.44494705261029], [127.31523203207388, 50.44539652604922], [127.3149504749689, 50.44539244841854], [127.31494408867565, 50.44557223775742], [127.31339551989721, 50.445549798474026], [127.31296039559525, 50.445903253390924], [127.31141181759524, 50.4458807876052], [127.31140541778355, 50.44606057660153], [127.31027277207065, 50.446224013692365], [127.31026636786514, 50.446403802572526], [127.30956246208194, 50.44639357703759], [127.3092680838149, 50.446749063191874], [127.30814182714228, 50.44673269055142], [127.3081354147469, 50.44691247921817], [127.3071499372835, 50.44689814412879], [127.30685553786088, 50.44725362393765], [127.30515971360043, 50.44740881406724], [127.30514686583733, 50.44776839079868], [127.3044429416712, 50.447758134098805], [127.30414851663278, 50.44811360675144], [127.30302223055035, 50.44809718424597], [127.30300936627447, 50.44845676053704], [127.30229899777326, 50.44862627887853], [127.3020045512511, 50.4489817458402], [127.30115982207303, 50.448969414268305], [127.30115338271139, 50.44914920221641], [127.3005870073499, 50.44923087165673], [127.30057734493732, 50.44950055348433], [127.30001418634508, 50.44949232615039], [127.29929412213141, 50.44993150753992], [127.29899642101523, 50.45037686036727], [127.2980044246432, 50.45054223478864], [127.29771638676306, 50.450717902754704], [127.29770348107665, 50.45107747789384], [127.29684903223416, 50.45133479595393], [127.29655129917849, 50.451780142103296], [127.2959881147036, 50.451771895019434], [127.29554311202985, 50.452394963578826], [127.2949702251819, 50.452656392439316], [127.30468537014488, 50.4527983595444], [127.30597825636683, 50.45209766406421], [127.30925506561698, 50.45106603810975], [127.31648987381395, 50.44964195546888], [127.31945286393713, 50.449504910478325], [127.31930251681182, 50.44977256115338], [127.31788822302585, 50.44993200363744], [127.31504044700237, 50.4507902043065], [127.31349170783578, 50.45076776463677], [127.31319733083063, 50.45112326049939], [127.3147396929959, 50.45132549334142], [127.3151716615811, 50.45106192704126], [127.31728359403101, 50.45109249112471], [127.31728997270972, 50.45091270174123], [127.31954906623301, 50.450765471398896], [127.3194178272342, 50.45049375334869], [127.3219553022164, 50.45044043797488], [127.32139530775206, 50.450342419090845], [127.32140167067956, 50.450162629305076], [127.32591340575478, 50.45004775414827], [127.32591975149442, 50.449867963937976], [127.32648292205127, 50.44987606595645], [127.3264892655941, 50.449696275688545], [127.32860114948382, 50.44972663380155], [127.32888590149251, 50.4496407834099], [127.32889540304419, 50.44937109766418], [127.32974331696407, 50.44929333269495], [127.3341046938683, 50.449445803661185], [127.33184886329411, 50.44950342235511], [127.3318425401047, 50.44968321312011], [127.33733661039307, 50.44967191630575], [127.33720842329453, 50.449310321678055], [127.33946109352149, 50.449342494640675], [127.33946738776454, 50.449162703169655], [127.34017134538554, 50.44917274821753], [127.34018392834898, 50.44881316512947], [127.3421612808119, 50.44866147652911], [127.34244600262593, 50.44857559263149], [127.34245542674343, 50.44830590497957], [127.34315937271644, 50.4483159318308], [127.34345350902117, 50.447960357643744], [127.34556533382192, 50.44799040716817], [127.34557160463248, 50.44781061510027], [127.34613789070188, 50.44772872572427], [127.34643513481379, 50.447283247637856], [127.34685122827305, 50.44746904192917], [127.34700454577931, 50.44711145786522], [127.34855945131409, 50.44695365804289], [127.34857196971997, 50.446594073293696], [127.35026763769697, 50.446438248670525], [127.3501393598352, 50.44607666722842], [127.35070249230633, 50.44608465161343], [127.35099655828525, 50.44572905754262], [127.3514189047029, 50.44573504294619], [127.35157842947353, 50.445197659679394], [127.35242311323954, 50.445209624640334], [127.35229482199136, 50.44484804537454], [127.35286418297491, 50.444676226364464], [127.35344602026947, 50.44414481874013], [127.35401224974169, 50.44406289043038], [127.35402472554513, 50.44370330451552], [127.35473484248449, 50.44353346770358], [127.35474107756305, 50.44335367466757], [127.35617375005239, 50.44265440137179], [127.3561924381604, 50.442115021774065], [127.35689629716569, 50.442124964655775], [127.35690875025894, 50.4417653781003], [127.35747805780532, 50.44159353590311], [127.35749050625583, 50.44123394920978], [127.3586228805466, 50.441070049559755], [127.35849144220316, 50.440798373264506], [127.35963001875098, 50.44045467015953], [127.3599208750982, 50.44018894901325], [127.35994262624617, 50.43955967136149], [127.36065266048398, 50.439389797508234], [127.36067750708241, 50.43867062268042], [127.36152828683126, 50.43850272669371], [127.36155001536683, 50.437873448352846], [127.36226001870568, 50.4377035643431], [127.36227863436882, 50.437164182641006], [127.36284166452218, 50.43717210727895], [127.36313248251753, 50.436906377591725], [127.36315418855523, 50.436277098573036], [127.3635702533915, 50.436462833105296], [127.36386726179717, 50.43601730739928], [127.36403900685444, 50.435120316279765], [127.36362295179097, 50.434934583478324], [127.36368184461257, 50.43322653925251], [127.36424482845811, 50.43323445665716], [127.36446302306103, 50.43098900734019], [127.36516672001467, 50.430998898631024], [127.36531674783053, 50.43073118481207], [127.36536628345385, 50.429292829556694], [127.36525650945595, 50.42839187975692], [127.36497504607003, 50.428387924115256], [127.36499362473802, 50.42784854081409], [127.36443380199917, 50.42775073044257], [127.36446477567799, 50.42685175838699], [127.3641833215326, 50.42684780091711], [127.36420190817867, 50.42630841768545], [127.36364520401818, 50.426120706482195], [127.36366069762336, 50.425671220523895], [127.36310400307745, 50.425483506803225], [127.36314429804007, 50.4243148434189], [127.36286285911648, 50.424310882898254], [127.3628814590875, 50.42377149978571], [127.36260002342097, 50.42376753865999], [127.36289385875305, 50.4234119110133], [127.3623309917416, 50.423403988181995], [127.36237750421112, 50.42205553044392], [127.36280584226722, 50.421881678110736], [127.36283064082839, 50.4211625003337], [127.36254922062976, 50.421158539232394], [127.36255542117698, 50.42097874479793], [127.3631275570175, 50.42071697453116], [127.36315854769104, 50.41981800196918], [127.36372756825328, 50.4196461258115], [127.36364572475036, 50.41793609776606], [127.36420852733298, 50.41794401362062], [127.36425497749202, 50.41659555334644], [127.36397358415125, 50.41659159594777], [127.36397977830246, 50.41641180124358], [127.36426117057903, 50.41641575861712], [127.36417621417192, 50.41479562728819], [127.36445759690244, 50.414799584095505], [127.36450403480943, 50.41345112292112], [127.36506678449801, 50.41345903411824], [127.365266262957, 50.41175295957926], [127.36583517881219, 50.41158107187762], [127.36584755075951, 50.41122148181788], [127.36612891255567, 50.41122543438182], [127.36631597407145, 50.409878947183714], [127.36675036933205, 50.40952528363501], [127.36676891541566, 50.4089858980986], [127.3673686905577, 50.40791502629878], [127.36739649735341, 50.40710594749913], [127.36769019103698, 50.4067503054179], [127.36779211878796, 50.40378368147281], [127.36738249876858, 50.40341816821411], [127.36741956798545, 50.40233939560795], [127.36686312942672, 50.40215170163786], [127.36687548945795, 50.40179211080803], [127.36659418340797, 50.40178816058111], [127.36662508770362, 50.40088918352447], [127.36690638843702, 50.40089313362601], [127.36692183733781, 50.400443644977436], [127.36720313547583, 50.40044759433637], [127.36720931386301, 50.40026779884113], [127.3666467197763, 50.40025989949348], [127.36666526094055, 50.39972051312135], [127.36609649103276, 50.39989240661782], [127.36611503819948, 50.39935302035933], [127.3658337466921, 50.39934906843119], [127.36584611328217, 50.39898947761168], [127.36528044202151, 50.39907146949815], [127.36503626988483, 50.39798874343213], [127.3644798915538, 50.397801038506046], [127.36450154965628, 50.39717175481229], [127.36422027128359, 50.397167799106064], [127.36424502670977, 50.396448617750075], [127.36368866948268, 50.39626090919489], [127.36371033687607, 50.3956316255821], [127.36315399131038, 50.39544391455632], [127.3631973382261, 50.39418534741374], [127.362369045123, 50.39372398115229], [127.36240002047408, 50.392825004737816], [127.362118768115, 50.39282104419621], [127.36213425785739, 50.39237155599423], [127.36157795655433, 50.39218383775627], [127.36146212546623, 50.391462675618705], [127.36077761733196, 50.39091338190618], [127.36038366548328, 50.39009835677183], [127.35996181158785, 50.39009240862379], [127.35970849577612, 50.38927936415521], [127.35915224023073, 50.38909163466037], [127.35888342515874, 50.3887280762718], [127.35803974245827, 50.38871616779874], [127.35804595292433, 50.38853637276188], [127.35776472654622, 50.38853240193678], [127.35777714941406, 50.38817281189504], [127.35609913176894, 50.387879280654246], [127.35610534938847, 50.38769948576624], [127.35527412753765, 50.387327967677415], [127.35528967896256, 50.38687848058906], [127.3544584778293, 50.38650695682076], [127.3544709248064, 50.386147367249315], [127.35391472689801, 50.38595961316137], [127.35393340307391, 50.38542022889121], [127.35365219570478, 50.385416248301155], [127.35366153517276, 50.3851465561832], [127.35310535216878, 50.38495879833779], [127.35313026496627, 50.38423961946658], [127.35284906469182, 50.38423563700215], [127.35286152283544, 50.3838760475802], [127.35230224228403, 50.38377818337984], [127.35232093530325, 50.38323879934326], [127.35203974106096, 50.383234814979346], [127.35206466844912, 50.38251563627897], [127.35150852246495, 50.382327871075105], [127.35128656187932, 50.38061583565393], [127.35072420476608, 50.38060786154447], [127.35075850382076, 50.37961899101134], [127.35047733120024, 50.37961500307667], [127.3504898052326, 50.37925541379638], [127.34993370347448, 50.37906764139134], [127.34995553963307, 50.378438360247316], [127.34939944952447, 50.378250585375525], [127.3494306529919, 50.377351612404425], [127.34914949396209, 50.37734762138931], [127.34917133916275, 50.37671834030668], [127.34861527219293, 50.37653056185755], [127.34865897468521, 50.37527199977782], [127.34824974380601, 50.37490642123549], [127.34828408735997, 50.373917550959895], [127.34772805648008, 50.37372976853454], [127.34750626491468, 50.37201772517851], [127.34680969619589, 50.37182794095879], [127.34676282528238, 50.37317639986417], [127.34703771065858, 50.37336019092999], [127.34687527042087, 50.37398747345618], [127.34602247523542, 50.374245172022206], [127.34519469444918, 50.37378368693562], [127.34493232726847, 50.373240302924614], [127.3443825765137, 50.37287271036947], [127.34439196437405, 50.372603018925886], [127.34369540001276, 50.37241321610593], [127.34370792211791, 50.37205362760766], [127.34314566836582, 50.37204561783955], [127.34316445741558, 50.371506235198495], [127.3423367518831, 50.37104473029514], [127.34208069865403, 50.37032154589884], [127.34152473467746, 50.370133734350006], [127.34168723092439, 50.36950645946087], [127.33933544593988, 50.36839359519524], [127.33837670104425, 50.36766036448798], [127.33812386568881, 50.366847274782636], [127.33757109955421, 50.36656954782614], [127.3374431195789, 50.36620795065897], [127.33702148238268, 50.366201921379], [127.33689979284543, 50.36566052980448], [127.33566634612346, 50.36474346293973], [127.33528876009129, 50.363478871211036], [127.33486714753522, 50.36347283435681], [127.33487973237409, 50.36311324691108], [127.33446441705973, 50.36292741491193], [127.33433646991158, 50.36256581443624], [127.33405540038665, 50.362561787787726], [127.33407113855337, 50.36211230359132], [127.33379007174466, 50.36210827632772], [127.33366213179264, 50.36174667513311], [127.33324053493004, 50.36174063253209], [127.33325628033403, 50.361291148458044], [127.33297836805431, 50.36119722246593], [127.33285358632442, 50.36074572360061], [127.33243199850159, 50.36073967815523], [127.33217929898368, 50.35992657595645], [127.33163295150194, 50.359469028014274], [127.33166131798325, 50.358659956997215], [127.33110553149909, 50.35847209701699], [127.33112444793844, 50.35793271640467], [127.3308434062311, 50.357928682261175], [127.33017550130185, 50.356929729825275], [127.32994809667333, 50.3553974487683], [127.32938604359482, 50.35538937440995], [127.32943968801506, 50.35386112972171], [127.32915867058563, 50.35385709174213], [127.32906865925614, 50.35241672445647], [127.32865030274847, 50.35232076926641], [127.32871659067308, 50.35043293723458], [127.3283456081237, 50.34898852932336], [127.32868656556708, 50.34728452954878], [127.33024456113444, 50.34694714662354], [127.3305381481903, 50.34659159390229], [127.33251441916505, 50.3463501282007], [127.33319482077297, 50.34698947983008], [127.33331327804713, 50.347620773104424], [127.33427783899222, 50.34817424911531], [127.3342652562744, 50.34853383737961], [127.33494885664392, 50.349083281985344], [127.33493627858796, 50.34944287031572], [127.33563875921298, 50.34945292845718], [127.33607281735442, 50.34909937277142], [127.33608852896418, 50.34864988706851], [127.33566704755344, 50.34864385439194], [127.33568904870256, 50.348014574477155], [127.33540806488543, 50.3480105519338], [127.33543321233871, 50.347291374898006], [127.33487754219996, 50.34710353375631], [127.33491527380178, 50.34602476828717], [127.33450325080331, 50.34574904024061], [127.33478208672162, 50.3417955776987], [127.33450428423123, 50.34170165614255], [127.33451371765369, 50.34143196459536], [127.33479466253081, 50.34143598892113], [127.33480723808471, 50.34107640011891], [127.3345262953269, 50.34107237584421], [127.33461219750009, 50.334597762176145], [127.33489310208608, 50.33460178587086], [127.33479036748724, 50.33352100637582], [127.33535216407626, 50.333529052102314], [127.33571159391859, 50.33128563950256], [127.33613292176494, 50.33129167052111], [127.33615804337126, 50.330572491142135], [127.3367260837081, 50.33040073501118], [127.33674177873986, 50.32995124770634], [127.33702265623529, 50.329955265989874], [127.337047763222, 50.32923608612004], [127.33775622058978, 50.32906633356024], [127.33778758933518, 50.32816735823497], [127.33834932365704, 50.328175388866796], [127.33865840712892, 50.32737032489711], [127.33922326629967, 50.327288453612226], [127.33909223793573, 50.32701675444374], [127.33937309846878, 50.32702076688149], [127.33939190024049, 50.326481381072064], [127.34024073664578, 50.32631361872894], [127.34025326436249, 50.325954027993504], [127.34110834896742, 50.32560646376408], [127.34097418372637, 50.32542466431327], [127.34298079169237, 50.32428403292961], [127.34314622408493, 50.32356685166342], [127.34370790570368, 50.32357485588234], [127.34372040604373, 50.32321526434609], [127.34400124483108, 50.32321926538767], [127.3440199916897, 50.32267987796096], [127.34444749246425, 50.322506082278494], [127.34475331126072, 50.32179089792325], [127.3453149724058, 50.321798894176105], [127.34533370345298, 50.32125950625912], [127.34590784131474, 50.32090790757088], [127.34591720325908, 50.32063821349707], [127.3461980271733, 50.32064220908563], [127.34621674745922, 50.32010282082043], [127.34693127416564, 50.31975321430125], [127.34695310407498, 50.319123927657024], [127.34766137637092, 50.31895411262519], [127.34782671804818, 50.318236923192806], [127.34824793312832, 50.318242909198204], [127.34854743558365, 50.3177075098987], [127.34940542539994, 50.31726998390444], [127.34942099356914, 50.316820492698625], [127.34998570999899, 50.31673856756704], [127.3501541204119, 50.31593147585618], [127.35072193612687, 50.31575964871567], [127.35088099831847, 50.31522225066588], [127.35159541745746, 50.31487261414187], [127.35176068443674, 50.31415541791098], [127.3523315810238, 50.313893684186766], [127.35234711974115, 50.3134441920569], [127.35319567947128, 50.31327633203453], [127.35322052765105, 50.31255714421926], [127.35364479885071, 50.31247321169762], [127.35395972564217, 50.311488304388], [127.3545212680155, 50.311496254998886], [127.35453368144982, 50.311136660753505], [127.35525731812882, 50.31051730486935], [127.35541631042854, 50.3099798994763], [127.35612751731134, 50.309720132340466], [127.35614301794602, 50.30927063902967], [127.35699149031777, 50.30910275032404], [127.35700388407005, 50.308743155484336], [127.35771196687429, 50.30857327706495], [127.35773674279574, 50.30785408703549], [127.3582982434347, 50.30786201899221], [127.35830753097294, 50.30759232263031], [127.35858827980012, 50.307596287554404], [127.35860685127959, 50.30705689471366], [127.35888759699654, 50.307060858884604], [127.35904034737796, 50.30670324538261], [127.35736517900001, 50.306409756236945], [127.35695645944297, 50.3060442092687], [127.35850052759747, 50.30606602542487], [127.35904653603345, 50.306523447706724], [127.3590589131561, 50.3061638523365], [127.3593396536791, 50.306167815365214], [127.35992278316914, 50.30554644716867], [127.35993515325586, 50.305186851580025], [127.36049971453278, 50.3051048736913], [127.3606740835016, 50.30411796516297], [127.36152244856544, 50.30395004218971], [127.36154098445928, 50.303410648217174], [127.36239550924557, 50.303062920659755], [127.36227367492334, 50.30252154875448], [127.3631220060906, 50.30235361372989], [127.36313743675893, 50.30190411827336], [127.36369886886396, 50.301912023474785], [127.3637112088875, 50.301552426981615], [127.36427880481673, 50.30138053106659], [127.3640104293131, 50.30101698365483], [127.36443149572007, 50.30102290957297], [127.36444999679296, 50.30048351454388], [127.36487105858288, 50.30048943882479], [127.36502374205087, 50.30013181642936], [127.36530444790573, 50.300135764714184], [127.36532293852511, 50.29959636936751], [127.36616812707902, 50.29951831066414], [127.36604009731857, 50.29915674060667], [127.36689451310802, 50.29880897866706], [127.36690682768348, 50.29844938140795], [127.36776122450634, 50.29810161287147], [127.36878362996683, 50.296946712972144], [127.36963491297557, 50.29668882962633], [127.3699340354393, 50.29615336967737], [127.37021471856981, 50.296157305882375], [127.37008052175173, 50.29597553887102], [127.37064188602334, 50.29598340987623], [127.37093792193978, 50.295537846664764], [127.37149928130017, 50.29554571348063], [127.37151155974166, 50.29518611519486], [127.37250006725073, 50.29502007618848], [127.3739463612361, 50.293781123424836], [127.37479143386692, 50.293703000803454], [127.37580132886997, 50.29290763488088], [127.3760819937225, 50.29291155673812], [127.37609423647744, 50.292551957471105], [127.37637489927837, 50.292555878601235], [127.37638101950589, 50.29237607893364], [127.37736333609911, 50.29238979746795], [127.37737556897028, 50.2920301979403], [127.37765622888006, 50.292034115947786], [127.37766234416577, 50.29185431614992], [127.37850432109681, 50.29186606603376], [127.37908396899431, 50.29133449609994], [127.37964528116555, 50.29134232311083], [127.37979782340912, 50.290984679416766], [127.38150005067145, 50.290468741336205], [127.38150920134133, 50.29019904105167], [127.38221082573781, 50.290208809595924], [127.38279041219025, 50.289677220438435], [127.38363235283703, 50.28968893281707], [127.38364453729257, 50.28932933200781], [127.38449256112065, 50.28916123765422], [127.38464505981192, 50.28880358705234], [127.38605435309174, 50.28864328102409], [127.38606651884363, 50.2882836797207], [127.3880401067394, 50.288041241963256], [127.38818953782058, 50.287773486782086], [127.38903448287584, 50.28769525927182], [127.38904359006327, 50.287425557857034], [127.39059314582542, 50.28726714109198], [127.3906052767815, 50.286907538900614], [127.39116654006443, 50.28691530979027], [127.39117260333717, 50.28673550863611], [127.39173386475305, 50.28674327676757], [127.3917399258513, 50.286563475558005], [127.39357007445282, 50.286408901741034], [127.39358218260766, 50.286049298971236], [127.3949913667918, 50.2858888834294], [127.39499741543342, 50.28570908190623], [127.39527804060079, 50.28571295702046], [127.39514377606149, 50.2855312180064], [127.395705024406, 50.2855389668313], [127.39599773825171, 50.28518323697895], [127.3968396050736, 50.28519485295827], [127.39684564660308, 50.285015051250916], [127.39740688934452, 50.28502279180204], [127.39769958734388, 50.28466705748146], [127.40150000232427, 50.28435962127939], [127.40221660051388, 50.28391976284519], [127.40433324536079, 50.28358907344095], [127.40434226476987, 50.28331936981669], [127.40462588307689, 50.28323332101737], [127.40645586661368, 50.28307854257844], [127.4067484854073, 50.282722784599926], [127.40730970390172, 50.28273047708832], [127.40760231418405, 50.28237471685873], [127.40929195286004, 50.28221797083249], [127.40972484751062, 50.281864125341244], [127.41028605671937, 50.281871803365995], [127.41057863956902, 50.28151603533178], [127.41184135194402, 50.28153329771832], [127.4125488409424, 50.28136307881333], [127.41270110388743, 50.28100538871886], [127.41396380405098, 50.2810226279244], [127.41453695249079, 50.28067067861957], [127.41552501669611, 50.28050426902076], [127.41567725453255, 50.280146574739604], [127.41708023156508, 50.28016569241119], [127.41751901266107, 50.279632013387776], [127.41892495440528, 50.27956120678713], [127.41978161623507, 50.27912314608668], [127.42104724546125, 50.27905040591592], [127.4204890420835, 50.27895287817123], [127.42049499319548, 50.27877307420568], [127.42288593403555, 50.278625660514045], [127.42316949184263, 50.27853956581626], [127.42317840321256, 50.27826985949834], [127.42402015919835, 50.27828127750648], [127.4240320344777, 50.277921668916385], [127.4264229233325, 50.277774181929075], [127.42643478029804, 50.277414572892376], [127.42783768429967, 50.277433559987585], [127.42939271498439, 50.27709481667608], [127.4293986321687, 50.276915011883595], [127.4308044794115, 50.27684406061487], [127.43053277083992, 50.27657056439396], [127.43362501427623, 50.27643239918099], [127.43404882787667, 50.276348168368195], [127.4340576770905, 50.2760784605416], [127.4364513923474, 50.27584086337538], [127.4366034582836, 50.27548313980892], [127.43772574141508, 50.27549823224364], [127.43773751228481, 50.27513862112142], [127.43928064153441, 50.27515935526943], [127.4414083977157, 50.274468372543886], [127.44365878528701, 50.27431864726758], [127.44451219919286, 50.2739703039799], [127.44775621780232, 50.27347402567773], [127.44776206506943, 50.27329421920002], [127.44916778321993, 50.27322304449664], [127.44889598860377, 50.272949590267864], [127.45057933414782, 50.27297204602162], [127.45170739800234, 50.27280719615673], [127.45227434215613, 50.27263486364747], [127.45228017223428, 50.27245505675956], [127.45438724712231, 50.27239315764994], [127.45693549327348, 50.27170748340428], [127.45694130560686, 50.27152767609245], [127.45792323139834, 50.271540710014534], [127.45990448853652, 50.27102733026609], [127.45991028954926, 50.27084752268207], [127.46075192936897, 50.270858673516834], [127.46231231284423, 50.27033967750166], [127.46260443816296, 50.26998377362867], [127.46330579284204, 50.26999305004314], [127.46388423431559, 50.2694610442598], [127.46515822178901, 50.2691181085807], [127.46602005478694, 50.26849989256606], [127.46686742993691, 50.26833119054008], [127.4671595089261, 50.26797527467469], [127.467860835601, 50.26798452333867], [127.4685794658354, 50.26745434253124], [127.47070646384128, 50.26676281548025], [127.47071222330563, 50.26658300685437], [127.47127326918951, 50.266590388828085], [127.47171132071605, 50.26605649737184], [127.47269314079857, 50.2660694055125], [127.48138914647473, 50.26177620469692], [127.48209324456865, 50.26169546182514], [127.48281162250616, 50.2611651901626], [127.48435147940675, 50.26127522687594], [127.48436289330434, 50.26091560699797], [127.48464338470907, 50.260919265081355], [127.48464909051593, 50.260739455110084], [127.48549056191169, 50.2607504252305], [127.48620888813608, 50.26022013201241], [127.4877601113628, 50.259970503017385], [127.48931700678949, 50.259541042761334], [127.48932269472485, 50.259361232359346], [127.49086819253921, 50.259291371900396], [127.4914348379502, 50.25911884523896], [127.49144335774598, 50.25884912935097], [127.493126239727, 50.25887096453369], [127.49369854349311, 50.258518615940275], [127.49510660271139, 50.25835697540925], [127.49568171768328, 50.25791471135831], [127.49792552125815, 50.25794373731063], [127.49961684964642, 50.25769576140265], [127.49976555925123, 50.25742785505535], [127.50651660469156, 50.25688522426891], [127.50722902126755, 50.25653461010918], [127.5148072854894, 50.256451832275836], [127.5148128768596, 50.25627201968353], [127.51565428117276, 50.25628277073855], [127.51594313000984, 50.25601663403419], [127.51734546403567, 50.25603453537357], [127.5172275592764, 50.25531349476246], [127.51764825338815, 50.2553188622371], [127.5179091878614, 50.2559517847452], [127.51860756586846, 50.25605063211653], [127.51889918490546, 50.255694581430525], [127.52479174229757, 50.25567959653103], [127.52479729593512, 50.25549978310412], [127.526339852912, 50.25551935598942], [127.52649117989617, 50.25516150718492], [127.52887511723864, 50.25519171267281], [127.52888065541131, 50.2550118989008], [127.52986780858161, 50.25484450831041], [127.53112159155194, 50.255130189736555], [127.53099518534763, 50.25467888213746], [127.53239748960603, 50.25469660152666], [127.53240853918675, 50.254336973378024], [127.53268899809673, 50.25434051518117], [127.53269452174824, 50.25416070107533], [127.53409957103122, 50.25408849271877], [127.53368164458561, 50.253993277789206], [127.5336871644332, 50.2538134635927], [127.53550461642446, 50.254016267334116], [127.535650357589, 50.25383822022311], [127.5369124117781, 50.25385411769353], [127.53691791943918, 50.25367430323315], [127.53775928636226, 50.25368489386813], [127.53805074883097, 50.253328793608695], [127.53861165628429, 50.25333584920653], [127.53861715744904, 50.25315603459375], [127.53931828944233, 50.253164850229474], [127.53932378791433, 50.252985035554744], [127.54044010135615, 50.253178946451364], [127.54086352739587, 50.25309432234571], [127.54073154081416, 50.25282283923647], [127.54114672587062, 50.25300793627302], [127.54171311978102, 50.25283516202649], [127.54158387396147, 50.25247377239825], [127.54242522149207, 50.25248432907424], [127.54272212738911, 50.2519484016945], [127.54467977371495, 50.252152820190375], [127.54426458206395, 50.251967735697356], [127.54594999846206, 50.25189889637656], [127.54609569434102, 50.25172083570787], [127.54524888297787, 50.251890120906296], [127.54525709681415, 50.25162039812122], [127.54610116702605, 50.25154102044653], [127.54639255432932, 50.25118489848261], [127.54695343869494, 50.25119191360684], [127.54696164270595, 50.25092219058531], [127.54766001118159, 50.25102086330495], [127.54991991803952, 50.25050943625841], [127.55008469580326, 50.249702015706944], [127.55036785783466, 50.249615606792695], [127.5517727510504, 50.24954318328671], [127.55177820195007, 50.249363367505794], [127.55346624009285, 50.249204510321206], [127.55361734360426, 50.24884662389218], [127.55601186431541, 50.24851663802649], [127.55630859292386, 50.24798067405091], [127.55885953576298, 50.24711292201827], [127.55873017441141, 50.246751550137056], [127.55901059207655, 50.24675502804611], [127.55901601520392, 50.24657521160497], [127.55957142757177, 50.24676198183492], [127.55956058537002, 50.24712161478731], [127.55928016548597, 50.24711813818702], [127.55927474324818, 50.24729795463214], [127.55969537467656, 50.247303169312005], [127.55984642538286, 50.24694527421596], [127.56069039080056, 50.24686578957993], [127.56069851602209, 50.24659606472211], [127.56210060154717, 50.24661342371818], [127.56254016185352, 50.24598926956436], [127.56142662861238, 50.245705663101454], [127.56186077695466, 50.24526132811894], [127.5635432336169, 50.24528213966091], [127.56352701591739, 50.245821590158656], [127.56409594731782, 50.24555879675203], [127.56521759295305, 50.245572652306194], [127.56550880142734, 50.245216480518955], [127.56691624254259, 50.245053964030085], [127.56692702859931, 50.24469432978976], [127.56762804520653, 50.24470297359527], [127.56791923040274, 50.244346795515916], [127.5703080521456, 50.244196329308146], [127.57059921433753, 50.24384014428539], [127.57172082282393, 50.24385393673579], [127.57214948596344, 50.24358937976602], [127.57298263341292, 50.24386944030704], [127.57438732884489, 50.24379674156492], [127.57438196408366, 50.243976559300876], [127.57466236738563, 50.243979999308], [127.57464627593866, 50.244519452545276], [127.57491863813262, 50.244792618572525], [127.57575986276139, 50.24480293280095], [127.57576790234215, 50.24453320607177], [127.57548749565977, 50.24452976870472], [127.57577862159303, 50.24417357041182], [127.57549821701933, 50.24417013308837], [127.57550357761764, 50.24399031527118], [127.57691095102984, 50.24382767708358], [127.5769163062479, 50.24364785914541], [127.5798551824684, 50.24386369927888], [127.58082858348769, 50.24414541745898], [127.58082324289477, 50.24432523568663], [127.58138405521117, 50.24433208397653], [127.58137337808041, 50.24469172050064], [127.58193419483072, 50.24469856617183], [127.58192885829293, 50.2448783844683], [127.58331757798601, 50.24534503290389], [127.58316404174096, 50.24579286931418], [127.58371687681426, 50.24606943405227], [127.5837008863839, 50.24660888921142], [127.58299183757025, 50.24687006959992], [127.5829811715785, 50.24722970621621], [127.58255520186864, 50.247404394085905], [127.58311605073952, 50.24741123432025], [127.58324826485605, 50.24768267142602], [127.58380645214339, 50.24777941751845], [127.5843539857019, 50.248235797713846], [127.58433800123602, 50.248775252819286], [127.58405223930305, 50.24895165425668], [127.58389070256716, 50.24966921877921], [127.58385339062475, 50.25092794671051], [127.58342472472575, 50.25119254652515], [127.58273161018805, 50.25091426996213], [127.58276361732835, 50.2498353608452], [127.5833271609011, 50.24975229118767], [127.58348604064459, 50.24912463667447], [127.58336981696966, 50.248313744990945], [127.58169257713735, 50.24811340140685], [127.58152299984468, 50.24910068967628], [127.58137477355808, 50.249368705080755], [127.58109433781956, 50.2493652810042], [127.5812292156284, 50.24954681122387], [127.5802450152911, 50.249624731744454], [127.58036118859181, 50.250435625952896], [127.58105695261573, 50.25062400747975], [127.5810409295734, 50.251163461593414], [127.58159648318593, 50.25135012757364], [127.58130268538555, 50.251796249027436], [127.58142956096886, 50.25224750604087], [127.58058286017744, 50.252417049711134], [127.58084728751653, 50.25295992907257], [127.58253002916867, 50.25298046801897], [127.58268359582743, 50.252532633232], [127.58353828940402, 50.25209334692708], [127.5840938637608, 50.25228000111141], [127.58393764589992, 50.25281774700178], [127.58421010800842, 50.25309089171652], [127.58701734975452, 50.2530351194626], [127.58913140801621, 50.25270104049608], [127.59025058013202, 50.25280456516949], [127.58348496797497, 50.25389152856818], [127.5830509390257, 50.25433594473961], [127.58303493639012, 50.254875398972146], [127.58275446812789, 50.25487197863129], [127.58216684379963, 50.25576422586163], [127.58145497962316, 50.256115304220835], [127.5814416282681, 50.25656484896975], [127.58116115028064, 50.2565614247011], [127.58086731537838, 50.25700754435851], [127.58069768568826, 50.257994829539044], [127.58067631053173, 50.258714100649684], [127.58095412967184, 50.25880743508701], [127.58094077232919, 50.259256979529134], [127.58034236778154, 50.26050885156723], [127.5805988183226, 50.2613214576198], [127.5796116998015, 50.26148927938149], [127.57958495696808, 50.262388367288466], [127.57930177012433, 50.26247484702455], [127.57899717836239, 50.26328059607991], [127.57786439945924, 50.263626504826824], [127.57756513245957, 50.264252432343106], [127.5765806232004, 50.26433031901196], [127.57657526279121, 50.26451013628061], [127.57615447673078, 50.26450498142149], [127.57543975508554, 50.26494592953263], [127.57543170783258, 50.26521565527097], [127.57655382061103, 50.26522940529515], [127.57656454180983, 50.264869770799905], [127.57713095270964, 50.26469682436335], [127.57742219252148, 50.26434062409605], [127.57826376233143, 50.26435092308841], [127.57852822648611, 50.26489380697746], [127.57810475931213, 50.26497856784605], [127.57795378511227, 50.265336486270115], [127.57823431424218, 50.265339918710445], [127.57823966856238, 50.26516010133815], [127.578520196691, 50.26516353307983], [127.57892760968095, 50.26561822297874], [127.57749013389036, 50.266769874667], [127.57733914915782, 50.267127792097945], [127.57577204451357, 50.2679180699295], [127.57460155175085, 50.26952266467116], [127.57443442768692, 50.27042002869671], [127.57357126072178, 50.27112896842814], [127.57341217172213, 50.27175660533515], [127.5731262306723, 50.27193297770807], [127.57309129308469, 50.27310178655482], [127.57281071897835, 50.273098341318615], [127.57265967828718, 50.27345625182125], [127.57291606270189, 50.27426887254302], [127.57233876606799, 50.27480143030241], [127.57228497985226, 50.276599596145154], [127.57200438528719, 50.2765961487899], [127.57183987531855, 50.27740359914378], [127.57182373290027, 50.27794304859975], [127.57210433536031, 50.277946496457595], [127.572093575588, 50.278306129441916], [127.57136245923392, 50.27928649870029], [127.57132477772335, 50.28054521334165], [127.5717161042266, 50.281539376923085], [127.57139779810242, 50.28279464214225], [127.57167304664407, 50.282977907578896], [127.57164344252944, 50.28396689718151], [127.5728821119216, 50.284791584124164], [127.57287135539903, 50.28515121680454], [127.57187295215232, 50.285678600319656], [127.57185949653598, 50.28612814089985], [127.57227240128454, 50.28640303728879], [127.5722616395526, 50.28676266977348], [127.5718272016647, 50.28720703813899], [127.57154654478896, 50.287203589154565], [127.57124434850641, 50.287919404023526], [127.57135506374424, 50.28891011761575], [127.57935409145405, 50.28900816377656], [127.5809057917057, 50.28875729635729], [127.58159944050603, 50.289035586598736], [127.58247083294704, 50.28805686561019], [127.58288648666623, 50.28824181635711], [127.58286512157112, 50.28896108438607], [127.58581214447696, 50.288996978919194], [127.5856771407025, 50.28881545413423], [127.58595780877772, 50.28881886908291], [127.58596846807129, 50.288459234591365], [127.58540713620296, 50.28845240410323], [127.5852827997319, 50.287911244437936], [127.58486447259197, 50.287816210790695], [127.58487780650127, 50.28736666780662], [127.58543912546979, 50.28737350074443], [127.58559011684513, 50.287015574032864], [127.58546311614234, 50.28656432308347], [127.58574377095164, 50.286567738438755], [127.58589209264615, 50.28629971989961], [127.58567540185481, 50.28413849698695], [127.58583170994628, 50.28360075228394], [127.58514611186916, 50.28305276147811], [127.58544540280444, 50.28242681656789], [127.58446319656107, 50.2824148580494], [127.58434421960568, 50.28169387971587], [127.58351034817231, 50.28141389628453], [127.58351568566762, 50.28123407900146], [127.58422257864491, 50.28106280987757], [127.58410627581738, 50.28025192251277], [127.5846861759015, 50.279629397522086], [127.5845752011937, 50.2786386929433], [127.58555999442049, 50.27856074110565], [127.58571894853037, 50.27793308713285], [127.58628015676733, 50.277939915086655], [127.58653945903433, 50.278662598498656], [127.58723831885145, 50.278761036981834], [127.58767253589765, 50.278316608530915], [127.58739192936942, 50.27831319823529], [127.58739991277963, 50.27804347171206], [127.58683604087462, 50.278126557975064], [127.58671171267271, 50.27758539899127], [127.58727557836868, 50.277502313272], [127.58782082021537, 50.27804858685287], [127.5882550252636, 50.27760415607239], [127.58853562772822, 50.277607564249934], [127.58898842828467, 50.27653376821494], [127.58983287362202, 50.2764540762868], [127.58984615537582, 50.27600453145698], [127.59226302072163, 50.27495453722651], [127.59296183890555, 50.275052940996474], [127.59295123735876, 50.27541257740394], [127.5925223985577, 50.27567720827374], [127.59250914215929, 50.276126753646004], [127.59290617838599, 50.27694103186792], [127.59287171890358, 50.27810984969485], [127.5930014195756, 50.27847118453341], [127.59328202770932, 50.278474581295754], [127.59323447738693, 50.27532606502818], [127.59351506706196, 50.27532946107491], [127.59355480570945, 50.27398082407743], [127.59427214702045, 50.27344985577301], [127.59428538556111, 50.27300030985257], [127.59386716992215, 50.27290530931525], [127.59373482827131, 50.27263388435028], [127.59486506388147, 50.27237773146706], [127.59488358922455, 50.27174836689129], [127.59530973376715, 50.27157363597963], [127.59489152845603, 50.271478639193454], [127.594457441581, 50.27192309620904], [127.59417687181113, 50.271919702602744], [127.59376131436917, 50.271734792552216], [127.59363162519182, 50.271373458258445], [127.59335105875107, 50.27137006268562], [127.59352577804985, 50.270202941056844], [127.59324521849969, 50.2701995452855], [127.59327171153096, 50.26930045329774], [127.59355226580168, 50.26930384896138], [127.59356021186535, 50.269034121303484], [127.59328495754292, 50.26885090724758], [127.59428277217167, 50.26832333338433], [127.59415044031917, 50.26805190877056], [127.59458184748311, 50.267697361624776], [127.594597726954, 50.267157905907425], [127.59404193859069, 50.26697130061726], [127.59404988123167, 50.26670157279389], [127.59490208234665, 50.26635211449225], [127.59492060324541, 50.265722749250564], [127.5953466934229, 50.265548017575384], [127.59535462829407, 50.26527828953475], [127.5957754246524, 50.26528337494213], [127.59577013633513, 50.26546319366964], [127.59548960436055, 50.26545980354577], [127.59546051185096, 50.26644880632151], [127.59602687502262, 50.26627576741286], [127.59633912973406, 50.265200243728664], [127.59691340082702, 50.264757472106204], [127.59678106342929, 50.26448605028331], [127.59735003960766, 50.26422309520545], [127.59736324484811, 50.26377354797499], [127.59808830740025, 50.26297282515502], [127.59880015461212, 50.2626216451341], [127.59921565333723, 50.26280653694986], [127.5997819598016, 50.26263347915987], [127.59979777768989, 50.26209402176968], [127.60007829041223, 50.26209740133272], [127.60108905745189, 50.261120218587465], [127.60096987560036, 50.26039925305489], [127.59924730161887, 50.26172762240882], [127.5974213439299, 50.261795539715514], [127.59800084267721, 50.261172943039384], [127.5977335359593, 50.260720010968434], [127.59858824141328, 50.26028061463505], [127.59860143315541, 50.259831066859995], [127.59917561791916, 50.25938828294453], [127.59947457100627, 50.25876229665216], [127.6007473271416, 50.25841786349944], [127.60102518476683, 50.258511150265974], [127.6010172838178, 50.258780879276294], [127.60185613212066, 50.25888091632385], [127.60187192448147, 50.25834145810599], [127.60089284049253, 50.258239732790734], [127.60104098630443, 50.257971692204826], [127.60188245245519, 50.2579818192641], [127.60191929868218, 50.25672308312861], [127.60163881729807, 50.25671970826875], [127.60180537775393, 50.25582229841723], [127.60139782699254, 50.25536768686777], [127.6015538576815, 50.254829916168006], [127.6007203487251, 50.254550058027746], [127.60072561636557, 50.25437023858022], [127.60114631760786, 50.25437530375124], [127.60117001420815, 50.25356611601859], [127.60047675998865, 50.25328794427116], [127.60048202831027, 50.25310812480308], [127.60090535174507, 50.25302328101178], [127.60034706710424, 50.252926616347715], [127.60036023885971, 50.252477067663044], [127.6000797825885, 50.25247368924661], [127.60009295664732, 50.25202414057802], [127.5996775474087, 50.25183925231933], [127.59955050004476, 50.25138801377355], [127.59912718885448, 50.25147285275316], [127.59925159606568, 50.252014001429906], [127.59785724643187, 50.25172736035632], [127.59801330416012, 50.25118959431628], [127.59955577149745, 50.2512081943175], [127.5988783825221, 50.250390554923314], [127.59902387773394, 50.25021242616895], [127.59860848832254, 50.2500275341983], [127.59864277319946, 50.24885870782211], [127.59893375471061, 50.24850245055195], [127.59921418753675, 50.24850583154126], [127.59922473184285, 50.24814619249551], [127.59950516261317, 50.248149572765456], [127.59967963525479, 50.246982435373354], [127.60025365328605, 50.24653964380278], [127.60081449627171, 50.24654639854519], [127.60054197500214, 50.24627329198652], [127.60110807958858, 50.24610022557767], [127.6011186087436, 50.24574058609143], [127.60167944255896, 50.24574733658247], [127.60211321997758, 50.24530284809631], [127.60267404889395, 50.24530959374534], [127.60282740114991, 50.244861729984876], [127.60426360248266, 50.24370975009194], [127.60413127903175, 50.24343833581894], [127.60300440762727, 50.243604676204434], [127.60245411680998, 50.24323829246783], [127.60246200529905, 50.24296856256703], [127.60402522242659, 50.24226782107074], [127.60569711100938, 50.24264766174626], [127.60570235770452, 50.24246784154722], [127.60612295506513, 50.242472887842595], [127.60627364322555, 50.24211492910147], [127.60655403945044, 50.24211829207211], [127.60642957287176, 50.241577149842286], [127.60699560073432, 50.24140405397193], [127.60700084231321, 50.24122423363494], [127.6060089833384, 50.241572104721435], [127.60461226968427, 50.241375456511825], [127.60447995044022, 50.24110404256688], [127.60491365899615, 50.2406595427113], [127.60673880007741, 50.24059150063343], [127.60701132531167, 50.240864592943], [127.60785773066219, 50.24069485388675], [127.60786296886606, 50.24051503346186], [127.60871460003574, 50.24016546761427], [127.6085874959393, 50.239714237615395], [127.60944172353841, 50.239274755954966], [127.60945480339308, 50.23882520446885], [127.60987536937277, 50.23883023692089], [127.61003647670486, 50.23811263144088], [127.61031684990115, 50.238115985140354], [127.61048578957681, 50.23712864779389], [127.61104652458724, 50.23713535225393], [127.61106220107393, 50.23659588989947], [127.61162815325412, 50.23642277068777], [127.6116438227818, 50.2358833081339], [127.61192418309469, 50.235886657848376], [127.61123111936816, 50.235608551044926], [127.61139219454827, 50.23489094303791], [127.61209830200474, 50.23471949652659], [127.61211135476862, 50.234269944180156], [127.61239170567612, 50.23427329268922], [127.61211657578156, 50.2340901232311], [127.61240214554151, 50.233913650742636], [127.6124204147968, 50.23328427727847], [127.61284354161393, 50.2331993880823], [127.61271119713743, 50.232927982939636], [127.6129915402474, 50.232931329937166], [127.61300197510447, 50.232571687815806], [127.61399359629921, 50.23222375454024], [127.61414679833183, 50.23177587363231], [127.61484763974372, 50.23178423106213], [127.6148736905282, 50.23088512482985], [127.61557972646395, 50.23071365645172], [127.61558493377566, 50.230533835128334], [127.6147413406217, 50.23061372185193], [127.6143442997509, 50.22979951201398], [127.61490755457481, 50.229716286504], [127.61491797383275, 50.22935664389128], [127.61534366547235, 50.22918183454463], [127.61674787462701, 50.22910861939234], [127.61675567854141, 50.22883888719712], [127.6170359981573, 50.22884222424193], [127.6170568038019, 50.22812293823749], [127.61776279118311, 50.227951456111334], [127.61778098602844, 50.22732208057278], [127.6183468040748, 50.227148927256415], [127.61839356842266, 50.22553053224314], [127.61741511711323, 50.22542895083423], [127.61714521838438, 50.225065971649585], [127.61629131696937, 50.22550551368018], [127.61601882407248, 50.22523244271931], [127.61602923331844, 50.22487279965885], [127.61631473309234, 50.224696316705575], [127.615754142685, 50.224689638857704], [127.61576975915995, 50.22415017426762], [127.6146459867978, 50.224226721441184], [127.61480436457268, 50.22359901732878], [127.61409843152043, 50.22377048204709], [127.61407758459306, 50.22448976769457], [127.61435527300179, 50.22458302170073], [127.6142073087629, 50.224851082236256], [127.6121103101837, 50.224646166942236], [127.61195972327313, 50.22500413512173], [127.61139913029011, 50.224997436234744], [127.6112642045795, 50.224815939917875], [127.61211813901869, 50.22437643506745], [127.61159932198355, 50.22293116711824], [127.61231046939433, 50.22257989621124], [127.61232090554523, 50.22222025354947], [127.61190048519525, 50.222215231145306], [127.61103614188966, 50.223014377299975], [127.61019790087875, 50.22291441098357], [127.61049647244774, 50.22228838941369], [127.61119978487638, 50.22220685709231], [127.61135820056917, 50.22157915778523], [127.61277001565088, 50.22123625681436], [127.61222251211649, 50.2207800087819], [127.61236786560737, 50.22060186127492], [127.61153227413814, 50.220411994189114], [127.61084988151849, 50.21977424361609], [127.61114320226386, 50.21932804114692], [127.6107306427252, 50.21905328272588], [127.61074370109723, 50.21860372942142], [127.61117975437242, 50.21806929163987], [127.61049217527288, 50.217611360405996], [127.61161579781484, 50.21753485209268], [127.61188300352873, 50.21798775459951], [127.61216325897749, 50.21799110287688], [127.61288475821239, 50.21728018452777], [127.61231903840424, 50.21745331233399], [127.61121369329506, 50.21690045254896], [127.61122935665944, 50.21636098826776], [127.61207531219968, 50.21619121406471], [127.6120831388867, 50.215921481799334], [127.61111795158521, 50.21537029519604], [127.61113361517987, 50.21483083079391], [127.6108533783658, 50.21482748018525], [127.61086121156357, 50.21455774799582], [127.61030596542314, 50.21437122339056], [127.61032163761863, 50.2138317590808], [127.61004140675277, 50.21382840656196], [127.61005969406288, 50.21319903154013], [127.60950969366858, 50.21283268180673], [127.60953060065437, 50.21211339609976], [127.60911549780526, 50.21192854292086], [127.60926606278733, 50.21157057747659], [127.60901460171529, 50.21057820465241], [127.60847771472027, 50.20976229656706], [127.60763186109057, 50.20993204559604], [127.60749960801736, 50.20966063423835], [127.6072194019146, 50.209657275114814], [127.60722987155016, 50.20929763242535], [127.60793038164479, 50.20930602886099], [127.60808879400608, 50.20867833265362], [127.60753100997383, 50.20858170597025], [127.60752315966364, 50.2088514380575], [127.6072403409736, 50.20893798971191], [127.6064075922751, 50.20865817658861], [127.60684883673494, 50.2079439324779], [127.60769989044466, 50.20759436738756], [127.60771297198579, 50.207144813769794], [127.60800101062362, 50.20687843936128], [127.6078949222013, 50.20570792084645], [127.60761473919457, 50.20570456286694], [127.60736334081308, 50.20471218603288], [127.60624263267415, 50.20469874512682], [127.60625048904599, 50.20442901299252], [127.60709101533645, 50.204439094589375], [127.60724418758056, 50.20399122049093], [127.6069640147009, 50.20398786102508], [127.60642461620765, 50.203261854207064], [127.60644294423008, 50.20263247900089], [127.6061627793993, 50.20262911766855], [127.60617849177142, 50.2020896532116], [127.6058983301494, 50.20208629126781], [127.60563912608231, 50.201363642792614], [127.60508143219847, 50.20126700498125], [127.60422522858376, 50.20179637339701], [127.60311508784375, 50.20142326023667], [127.60281655581144, 50.20204926531006], [127.60253639482681, 50.202045895261534], [127.60226936398982, 50.2015929715293], [127.60184912663692, 50.20158791425723], [127.60127041524183, 50.202210542803215], [127.600850172646, 50.202205481873094], [127.60044307749047, 50.201750866777545], [127.59933296802406, 50.20137771772397], [127.5980669958526, 50.20154233042647], [127.59808016505859, 50.20109277818336], [127.59836558646897, 50.200916338001754], [127.59905544338699, 50.20128442882191], [127.59990643343949, 50.20093491992345], [127.60005966084942, 50.20048705550553], [127.60131246025122, 50.20077197369128], [127.60201284380672, 50.20078040477018], [127.6020259755998, 50.200330851710326], [127.60272635291406, 50.20033927843465], [127.60313345818705, 50.200793885716706], [127.60537992963404, 50.200640993716696], [127.6052477139959, 50.200369579692705], [127.60482748685016, 50.20036453328189], [127.6045709292793, 50.19955197169667], [127.60459714334405, 50.19865286436854], [127.60487728471664, 50.19865622928392], [127.60488252631862, 50.19847640777897], [127.6046023859977, 50.19847304288491], [127.60436681508116, 50.19694119464408], [127.60458289433114, 50.194335464651786], [127.60486301043971, 50.1943388293928], [127.60488921417817, 50.193439721141836], [127.60544943604046, 50.19344644838497], [127.60566805537047, 50.19075080332177], [127.60623609853204, 50.19048779376621], [127.60626489027979, 50.18949877344522], [127.60654497829522, 50.18950213389728], [127.60656591253647, 50.18878284619197], [127.60683291522676, 50.18923576076404], [127.60699911788079, 50.18833833053206], [127.60728181453686, 50.188251778153926], [127.60758542811833, 50.18744593689467], [127.60787073258538, 50.18726947198192], [127.60789164525912, 50.186550183593596], [127.60817171622328, 50.1865535399815], [127.60832743094534, 50.18601575147238], [127.60860749883602, 50.186019106783924], [127.6086414620148, 50.184850262485696], [127.60920680709727, 50.18467714854256], [127.60923292032545, 50.18377803712898], [127.60951297523879, 50.18378139014974], [127.60952602873014, 50.18333183433362], [127.60981130132254, 50.183155364268096], [127.61023137835423, 50.183160391409714], [127.61024442481569, 50.18271083540833], [127.60996698585299, 50.18261757300829], [127.60999830215897, 50.18153863856161], [127.60971826030075, 50.1815352868189], [127.61000613093822, 50.18126890491624], [127.60944605042666, 50.18126220081967], [127.60952958362647, 50.178385041776394], [127.60926000305884, 50.178022044110065], [127.60941306557433, 50.1775741642909], [127.60913304696072, 50.17757081132859], [127.60900609317154, 50.1771195783941], [127.60858606932902, 50.17711454725898], [127.60860174021704, 50.17657507986486], [127.60832172753936, 50.176571724995085], [127.60832956438048, 50.1763019913097], [127.60777738220814, 50.176025545974525], [127.60778783518718, 50.17566590110681], [127.60750782792, 50.17566254431907], [127.60751566909089, 50.17539281068444], [127.60682873001119, 50.174934859888175], [127.60617319747236, 50.173397970888935], [127.60548629960803, 50.17294001234548], [127.60554125966662, 50.17105187735264], [127.60582647269325, 50.170875416221676], [127.60571003308823, 50.17006453467556], [127.6065578012818, 50.169804881417775], [127.60631182890326, 50.16863267552628], [127.60645965708312, 50.16836462143443], [127.60618230818953, 50.16827135052522], [127.60619277026797, 50.16791170541861], [127.60563284678364, 50.1679049842287], [127.60538690588493, 50.16673277627519], [127.60482699636634, 50.166726051314896], [127.6048479395068, 50.16600676129997], [127.60456798902612, 50.166003397893284], [127.6045758440598, 50.16573366414492], [127.60401594640669, 50.165726935371914], [127.60403166241464, 50.165187467962696], [127.6037517168168, 50.16518410262838], [127.60376219598969, 50.16482445770158], [127.60320755075817, 50.164637902665056], [127.60321803381152, 50.164278257787615], [127.60239132479035, 50.16381859804033], [127.6024018136639, 50.163458953237], [127.60184718955783, 50.16327239183759], [127.60186817485223, 50.1625531023058], [127.60103363448997, 50.16236316668677], [127.60104150839955, 50.16209343317475], [127.60035482004936, 50.16163544518414], [127.60009590630465, 50.160912781968996], [127.59982386649763, 50.16063967391732], [127.59954132066545, 50.16072620980033], [127.59955182977242, 50.1603665652419], [127.59927191286425, 50.160363189345254], [127.59914772241403, 50.1598220343577], [127.5987278519137, 50.15981696883876], [127.59874362414101, 50.15927750209474], [127.59846371368872, 50.159274124303366], [127.59847423033956, 50.158914479820176], [127.59819432203916, 50.15891110139726], [127.59793545484952, 50.15818843343291], [127.5975182297337, 50.15809345255204], [127.5969873731175, 50.15709766855118], [127.59643284372375, 50.156911081891884], [127.59645127284301, 50.15628170431995], [127.59589148752258, 50.15627493730633], [127.5959945639247, 50.15753538415778], [127.59515222899196, 50.15761514015792], [127.59457397402443, 50.158237743679855], [127.59527373396206, 50.1582462102016], [127.59554046510519, 50.15869915072028], [127.59622969873399, 50.15906725562791], [127.5966285012086, 50.15979161848363], [127.59813909622875, 50.16079923444139], [127.59868053235829, 50.16143536874678], [127.59851427770077, 50.16233279060337], [127.59919570180104, 50.16297061153976], [127.59863320849227, 50.16305376816874], [127.59818963914138, 50.16385789993842], [127.59748190201837, 50.164119183321695], [127.59760871505989, 50.16457042863377], [127.59718880324041, 50.16456535720515], [127.59720459544332, 50.16402589125955], [127.59678995400262, 50.16384099644805], [127.59497036531435, 50.163818996701956], [127.59596331503643, 50.16338129149039], [127.5959843887074, 50.162662003780845], [127.59529510585637, 50.16229389721904], [127.59572817040456, 50.161849420483875], [127.59544824529503, 50.161846035300506], [127.59546142055369, 50.161396480473016], [127.59519204018702, 50.16103345082279], [127.59491211990682, 50.161030064387155], [127.59492529981259, 50.160580509599455], [127.59464801867513, 50.160487211591786], [127.5949305716815, 50.16040068767388], [127.59494111525927, 50.1600410438047], [127.59466120080423, 50.16003765681274], [127.59398515369723, 50.15921998792718], [127.59328010211392, 50.15939133535938], [127.59273348093544, 50.158934998265835], [127.59161120831888, 50.1590113360462], [127.59176437096647, 50.158563478941495], [127.59246677518495, 50.15848205153094], [127.59220799680223, 50.15775937149731], [127.59179607025793, 50.15748454838455], [127.59066325568047, 50.15792052076381], [127.59092994128565, 50.158373471512796], [127.59077677150694, 50.15882132747033], [127.59008229425041, 50.158633012180225], [127.59025662559246, 50.157465870586016], [127.58899972792817, 50.1573606627968], [127.58870394588781, 50.15789672622199], [127.58953306649116, 50.158266571097236], [127.58938782252143, 50.158444692777124], [127.58786424249455, 50.15788651844624], [127.58771634431159, 50.158154548728625], [127.5872964904753, 50.1581494420106], [127.58700863626505, 50.158415768762914], [127.58644882829725, 50.15840895603193], [127.58643556991629, 50.158858509350466], [127.58448153609542, 50.15865482200045], [127.58363650706721, 50.15882440469469], [127.58376583319883, 50.15918575374614], [127.58418303950442, 50.15928078386937], [127.58388984812227, 50.15972692374657], [127.58427518889488, 50.1609008800982], [127.58468710072225, 50.16117572961476], [127.58467116923856, 50.16171519292415], [127.58494578273421, 50.16189842518556], [127.58506450815447, 50.1626194149519], [127.58602303489165, 50.163350632499736], [127.58571391363657, 50.16433623995917], [127.58683897081583, 50.16417004978665], [127.58792427900597, 50.165352508061396], [127.58790043271942, 50.166161703549825], [127.58843384493834, 50.16706761621499], [127.58841795230471, 50.16760707984571], [127.5893580990991, 50.16896764472767], [127.58933427397015, 50.16977684020928], [127.59028507078924, 50.17077775527602], [127.59027713390884, 50.171047487139795], [127.59110649238605, 50.17141732199405], [127.59109327159192, 50.171866875201815], [127.59137325471478, 50.17187027136974], [127.59190679428062, 50.172776168307415], [127.59218678281458, 50.172779562558944], [127.59217621380414, 50.17313920521026], [127.59271770630119, 50.17377536650789], [127.5929977007715, 50.17377875885363], [127.59298713747384, 50.17413840156796], [127.59326449376532, 50.17423170396755], [127.59407018047234, 50.175410714288624], [127.59516646547725, 50.1762334635061], [127.59539901666761, 50.177855243105554], [127.5959511470689, 50.17813174678366], [127.5964716670887, 50.17948717670556], [127.59644531830682, 50.180386283897015], [127.59686273449945, 50.180481269894784], [127.59656689197652, 50.181017350804936], [127.59684692923783, 50.18102073422517], [127.596786337954, 50.18308868032457], [127.59650628860972, 50.18308529665766], [127.59649574817341, 50.18344493933364], [127.59621306111318, 50.1835314656034], [127.59652773288155, 50.187132967537465], [127.59604698713733, 50.18919583381301], [127.59598634375492, 50.191263776278646], [127.5955530099676, 50.19170824955982], [127.59553718366203, 50.19224771253957], [127.59510911384422, 50.19251236302146], [127.5949532283746, 50.19305013179115], [127.5942476795023, 50.19322147995493], [127.59328051106445, 50.19276005905204], [127.59344169764141, 50.19204247182547], [127.59302947302547, 50.19176765212086], [127.59191436376766, 50.1915742547603], [127.59151537806807, 50.19084987794659], [127.59053240192964, 50.1909278966801], [127.59053769596603, 50.19074807603802], [127.5902576025798, 50.190744676933555], [127.59026819259415, 50.19038503567446], [127.58957326217373, 50.19019671448282], [127.58957855967476, 50.19001689389215], [127.58902368129039, 50.18983026990134], [127.58889423735546, 50.18946892752734], [127.58819137189926, 50.18955032900247], [127.58820727944477, 50.189010867472966], [127.58737233633396, 50.188820831077145], [127.5873882526947, 50.18828136966987], [127.5868334030388, 50.1880947354036], [127.586844017774, 50.18773509450976], [127.58629183125434, 50.1874585474895], [127.5861677237707, 50.186917381733295], [127.58661436949643, 50.186023392279225], [127.58649291584926, 50.18539231648941], [127.58677297747853, 50.185395724408], [127.58708487473358, 50.18432020829261], [127.5873675825169, 50.18423370443118], [127.58738084407366, 50.18378415290628], [127.58766089640667, 50.183787558605594], [127.5876768066794, 50.18324809666138], [127.58811278561234, 50.1827137417523], [127.58813134090644, 50.18208436923934], [127.5878512984748, 50.182080964757496], [127.58789371651172, 50.18064239890996], [127.5873469088045, 50.1801860364687], [127.58737342816734, 50.17928693275957], [127.58654661742621, 50.1788271604706], [127.58656784401852, 50.17810787759425], [127.58628782502143, 50.178104469538326], [127.58630109383118, 50.17765491774582], [127.5857437160224, 50.17755818937619], [127.58548759740836, 50.176745586317814], [127.58492757565394, 50.17673876445703], [127.5849382004261, 50.176379123152074], [127.5841088053589, 50.1760092442307], [127.58412740884421, 50.17537987207431], [127.58456069694351, 50.17493543984952], [127.58346728413437, 50.17402268183483], [127.58348057748937, 50.17357313027208], [127.58391385485234, 50.1731287002379], [127.58280719611525, 50.17266548785221], [127.58282049502414, 50.17221593631212], [127.58338578077577, 50.17204294721667], [127.58339375672857, 50.171773216200606], [127.58269646278366, 50.17167476613164], [127.58228979482251, 50.17122008875688], [127.58230043731506, 50.1708604475183], [127.5825830735608, 50.17077395450547], [127.58248564912618, 50.169333680634075], [127.58192571472067, 50.16932684503034], [127.58195232559444, 50.16842774173579], [127.58167236372192, 50.16842432303038], [127.58168300979399, 50.16806468171381], [127.58112575294419, 50.167967932054765], [127.58116302700785, 50.16670918753992], [127.58088307527018, 50.16670576701679], [127.58089905220965, 50.166166305056755], [127.58061910367508, 50.16616288392413], [127.58090704049742, 50.16589657405644], [127.58035247418862, 50.165709910550746], [127.58037644752882, 50.16490071763682], [127.5798245594446, 50.164624141369465], [127.57985120530027, 50.16372503816086], [127.57902473331038, 50.16326521402647], [127.57919266611701, 50.15760086193389], [127.57794912913218, 50.157045982798515], [127.57682954978921, 50.15703226758409], [127.57719067581168, 50.15901543897237], [127.57711326728861, 50.161622836980605], [127.57736649890094, 50.16252536891547], [127.57764375724798, 50.16261870796789], [127.57761973971161, 50.16342790024295], [127.57788899919532, 50.16379096948481], [127.57800228626053, 50.16469178585468], [127.57841952842024, 50.16478683690867], [127.57853816176346, 50.16550783221975], [127.57847681375128, 50.16757576755999], [127.5787567702793, 50.16757919392524], [127.57874610243043, 50.16793883481625], [127.57845547363829, 50.16829504923107], [127.57843413266122, 50.16901433080598], [127.57884341240874, 50.169379111178074], [127.57883541151986, 50.16964884177467], [127.57840745522472, 50.16991343263932], [127.57770753002015, 50.169904863068844], [127.57744624724175, 50.16927206305874], [127.57606512140966, 50.16862553758207], [127.57550519683669, 50.168618671099395], [127.57510129683328, 50.16807405904134], [127.57467600910967, 50.16824872610388], [127.57440674977602, 50.16788564967784], [127.57273771684294, 50.16750537841821], [127.57274575144353, 50.167235648436034], [127.5716500585744, 50.166412691412404], [127.57152884674902, 50.16578160001692], [127.57098236321, 50.165325162184075], [127.57032006260489, 50.16405780928015], [127.56990284343593, 50.16396272930637], [127.56963901122766, 50.16341982220513], [127.56908451839904, 50.1632331054365], [127.56909257234163, 50.162963375684406], [127.5686834213247, 50.162598561665014], [127.56826353203016, 50.16259338581866], [127.56827427650961, 50.162233746235295], [127.56744525514316, 50.16186375064537], [127.56704150266498, 50.16131911121713], [127.56662431397743, 50.16122401968188], [127.56619636740467, 50.161488565987845], [127.56578456034752, 50.16121365179009], [127.56593528075544, 50.16085574089208], [127.56552078947581, 50.16067073561475], [127.56553693588151, 50.160131276697946], [127.56443075599725, 50.1596678923099], [127.56430965460609, 50.15903679363298], [127.56361797606458, 50.158758411169444], [127.56362605948794, 50.15848868185326], [127.56281331447262, 50.157579195205244], [127.56290227146273, 50.15461217242278], [127.56318215038931, 50.15461563567805], [127.56364237929859, 50.15327218162399], [127.56392225049422, 50.15327564302912], [127.56421289314191, 50.15291946423571], [127.5642290498295, 50.15238000490402], [127.56450891588962, 50.15238346485109], [127.56439321460456, 50.15157254581335], [127.56495831998028, 50.151399644290635], [127.56497984978051, 50.150680364745725], [127.56525970601292, 50.15068382279913], [127.5652704684887, 50.150324182946704], [127.56555032267802, 50.15032764028215], [127.56612616508657, 50.14979509290967], [127.56600775266143, 50.14907408496478], [127.56628759964578, 50.149077540461576], [127.56641676983446, 50.14943890806913], [127.5665755107481, 50.148811265168085], [127.56685535626822, 50.148814719283834], [127.56686073119393, 50.148634899176955], [127.56769757905154, 50.14873516750099], [127.56794519890036, 50.14981753996749], [127.56821431033472, 50.15018063118134], [127.56849416404643, 50.150184081416526], [127.56846463334892, 50.15117309237045], [127.56874449288325, 50.15117654205175], [127.5687095976665, 50.152345373086526], [127.5692639639324, 50.15253209089119], [127.5692371301136, 50.15343119170267], [127.56951700292197, 50.153434639634675], [127.56978078113539, 50.15397754743825], [127.57006065719925, 50.15398099408737], [127.57031639986847, 50.154793630975995], [127.5705962807614, 50.15479707637494], [127.57168365670617, 50.155889772912], [127.57308041806162, 50.155996887147566], [127.57307238854192, 50.1562666176937], [127.57405200317608, 50.15627865065184], [127.5740600271879, 50.156008919991294], [127.57294850413953, 50.15572543695228], [127.57253938413153, 50.155360636354025], [127.57421334317395, 50.15556108713649], [127.57447985987362, 50.15601407439579], [127.57545145380374, 50.15629582626358], [127.5762964657912, 50.15612630292625], [127.57645510158945, 50.15549864630711], [127.57701487315556, 50.15550550691618], [127.5775853168791, 50.15515272334641], [127.57853558251087, 50.15615373248575], [127.57851958464285, 50.15669319482827], [127.5792166521478, 50.15679166829083], [127.57948588756271, 50.157154734019336], [127.5797657833548, 50.15715815743937], [127.57991372259934, 50.15689013759178], [127.58033090109265, 50.15698518135567], [127.58072944547418, 50.15770959686348], [127.58156648244646, 50.15780976668055], [127.5817117533084, 50.15763165499592], [127.58101732993207, 50.15744328590636], [127.58103330011957, 50.15690382305015], [127.58061345844844, 50.156898692267575], [127.58006166016229, 50.156622117529544], [127.57993236856016, 50.156260764494775], [127.5795125327205, 50.15625562978032], [127.5796604704845, 50.15598761020308], [127.5800829673561, 50.155902833904634], [127.58009095733142, 50.15563310252051], [127.57953651220978, 50.155446435836694], [127.57955249792928, 50.15490697313997], [127.578858122558, 50.15471859146143], [127.57901405466492, 50.15418084131345], [127.57985102632837, 50.15428102299828], [127.5802814961933, 50.153926514364976], [127.58069864977166, 50.15402155664112], [127.58098651182601, 50.15375524540812], [127.58071728353491, 50.1533921830177], [127.58169950276674, 50.15331424044275], [127.58170482287959, 50.153134419315094], [127.58212729103738, 50.15304963529283], [127.58239918697025, 50.15332278392091], [127.58238057532998, 50.15395215800989], [127.582660452777, 50.15395557429707], [127.58236462197077, 50.154491621456124], [127.58194746089411, 50.154396585109346], [127.58168354210521, 50.15385370378963], [127.58112378869082, 50.15384686584311], [127.58111314378453, 50.15420650795763], [127.58138237953918, 50.154569569445194], [127.58263918571987, 50.154674858966644], [127.58250456226108, 50.15449332971648], [127.58278444288209, 50.154496745731485], [127.58277381018732, 50.154856388063905], [127.58304837758122, 50.155039624626795], [127.58262323486203, 50.15521432240573], [127.58260728351992, 50.15575378579072], [127.5821794734205, 50.15601839240576], [127.58216883561451, 50.15637803454938], [127.58258867300869, 50.15638315967151], [127.58301116842192, 50.15629837271037], [127.58288451343181, 50.155847112189896], [127.5840120359373, 50.15559103696468], [127.58388006092135, 50.15531959865276], [127.58459835872786, 50.15469875470422], [127.58571523467046, 50.15480230527378], [127.5857364556776, 50.15408301966456], [127.58657874268006, 50.15400333152308], [127.58684536846165, 50.15445629143724], [127.5876876603577, 50.15437659529723], [127.58797548611192, 50.15411026644332], [127.58799137612738, 50.15357080165522], [127.58854583345791, 50.15375742812329], [127.58925081809295, 50.153586108714215], [127.58924023424396, 50.15394575210633], [127.58952011248162, 50.15394915186396], [127.58951482152581, 50.15412897357256], [127.59035445970713, 50.15413916886468], [127.59050497396578, 50.1537812239161], [127.589815860172, 50.153413085720906], [127.58986082085333, 50.15188460061903], [127.59056048665798, 50.15189309475857], [127.59084828140321, 50.15162675841142], [127.59000868703725, 50.15161656705779], [127.58945689380349, 50.151340036776006], [127.58960211545015, 50.15116191461263], [127.58905562187024, 50.15070556066839], [127.58934606309506, 50.150349317103995], [127.58976584900428, 50.150354415841214], [127.58989519994144, 50.15071575877775], [127.59017505940554, 50.1507191567992], [127.59035464272756, 50.1493721913365], [127.58938045286021, 50.14918047521093], [127.58909531083674, 50.149356897174826], [127.58909266499933, 50.14944680808492], [127.58923259097364, 50.14944850811573], [127.58921936289686, 50.14989806267055], [127.58837715215743, 50.149977770670155], [127.58714959961222, 50.14888352492754], [127.58602755484712, 50.148959810796306], [127.58644997874495, 50.148875010610155], [127.58631800757341, 50.148603574802905], [127.58703352213706, 50.14807262480311], [127.587730483203, 50.148171046384384], [127.5881634870447, 50.147726596318805], [127.58858324978262, 50.14773169913755], [127.58873375611988, 50.14737375604129], [127.58915351587257, 50.147378856773116], [127.58942542067871, 50.14765198927557], [127.58941748546238, 50.14792172211922], [127.58857001642326, 50.14818125370033], [127.58855942949472, 50.14854089732351], [127.58897655345262, 50.14863590968928], [127.58882075213602, 50.14917367481528], [127.59008801091232, 50.148919239052184], [127.59009594263763, 50.1486495061773], [127.59067149434848, 50.148116834457156], [127.59026758889725, 50.147572273280666], [127.58930401680603, 50.147020912870985], [127.58917732515636, 50.14656965821748], [127.5882058441284, 50.146288021724395], [127.58863617987258, 50.14593348051105], [127.58751950324417, 50.145829959582635], [127.58753009695413, 50.14547031595176], [127.58795513503203, 50.14529559903708], [127.58797366781648, 50.14466622249097], [127.58880784790679, 50.1448562494769], [127.58882372335279, 50.14431678363137], [127.58798955253796, 50.14412675682146], [127.58811622700115, 50.144578012806235], [127.58727675701651, 50.14456780274005], [127.58728735207303, 50.14420815906823]], [[127.57550357761764, 50.24399031527118], [127.57523121652967, 50.2437171505888], [127.5755116184132, 50.24372058853411], [127.57550357761764, 50.24399031527118]], [[127.59025323349779, 50.2527146558226], [127.5927932354083, 50.25220579403172], [127.59377217733484, 50.25230758651401], [127.59362136212717, 50.25266552737169], [127.59025323349779, 50.2527146558226]], [[127.58545245375639, 50.28692395761446], [127.58517179688738, 50.286920541538436], [127.58517712916428, 50.286740724297616], [127.5854577849764, 50.28674414035197], [127.58545245375639, 50.28692395761446]], [[127.61007179575417, 50.21760633171831], [127.60994473448417, 50.21715510188629], [127.60910921292924, 50.216965217842684], [127.60912751453574, 50.216335843411265], [127.6095452690363, 50.21643078607689], [127.60939991809313, 50.21660893019503], [127.60980722259909, 50.21706351452466], [127.61050262325593, 50.21725171771205], [127.61049217527288, 50.217611360405996], [127.61007179575417, 50.21760633171831]], [[127.60952435907231, 50.217150071251034], [127.60938161989323, 50.21723830466944], [127.6093842339615, 50.217148394034744], [127.60952435907231, 50.217150071251034]], [[127.60913274344698, 50.216156022131656], [127.60870453120339, 50.216420720500324], [127.6088551140704, 50.216062756002096], [127.60913274344698, 50.216156022131656]], [[127.61058097638141, 50.214554396743345], [127.61043302324391, 50.21482245300532], [127.6107054258723, 50.21509553678754], [127.6101292744119, 50.21562829695568], [127.61111011960935, 50.215640027376885], [127.61066886513535, 50.21635428668925], [127.6099682510279, 50.2163459059151], [127.60956095095327, 50.21589132213336], [127.6092807081142, 50.215887967680715], [127.60929377864599, 50.215438414406414], [127.60985687212755, 50.215355211848994], [127.60958708642241, 50.21499221544094], [127.6097402711524, 50.21454433893171], [127.61058097638141, 50.214554396743345]], [[127.59932515615829, 50.16333194409056], [127.59947826155597, 50.162884076646854], [127.5997398032007, 50.16351682991101], [127.59945461241524, 50.16369327649155], [127.59944147353829, 50.16414283190832], [127.59902156513589, 50.16413776713629], [127.59875477170458, 50.16368483449553], [127.59932515615829, 50.16333194409056]], [[127.59848009464476, 50.16350163441449], [127.59861743291225, 50.16359323453471], [127.59847746508575, 50.16359154546638], [127.59848009464476, 50.16350163441449]], [[127.59474052350377, 50.16210730218942], [127.5947537055218, 50.16165774751861], [127.59530564740616, 50.16193425341152], [127.59530037665795, 50.16211407531829], [127.59474052350377, 50.16210730218942]], [[127.58952512889644, 50.15853630345782], [127.58994763161498, 50.15845149134693], [127.5899423414189, 50.158631312948465], [127.58952512889644, 50.15853630345782]], [[127.57951519716215, 50.15616571934815], [127.57937791686192, 50.1560740970167], [127.57951786159028, 50.15607580891448], [127.57951519716215, 50.15616571934815]], [[127.58459835872786, 50.15469875470422], [127.58432644251423, 50.15442561111559], [127.58474360873494, 50.154520638957734], [127.58459835872786, 50.15469875470422]], [[127.58865700713183, 50.149981172313254], [127.58879428818364, 50.15007278377079], [127.58865436041414, 50.150071083196664], [127.58865700713183, 50.149981172313254]], [[127.58820849133231, 50.14619811079947], [127.58793395390326, 50.14601488642823], [127.58821378569989, 50.146018288945136], [127.58820849133231, 50.14619811079947]], [[127.58726881058338, 50.144837535478146], [127.58684112450007, 50.14510216079772], [127.58682787604394, 50.145551715227725], [127.58723437464612, 50.146006377187035], [127.58778874208461, 50.146193006739004], [127.5877834460906, 50.14637282855499], [127.58750361227723, 50.14636942498388], [127.58762763930076, 50.14691059223324], [127.5872052347763, 50.1469953968963], [127.587321312926, 50.14780629699824], [127.58648708786298, 50.14761625904068], [127.58594596700571, 50.14698006911161], [127.58539159788438, 50.14679343076996], [127.5859671786736, 50.14626078245694], [127.58583786875717, 50.14589943522857], [127.58456801450785, 50.146243736008095], [127.5845812844711, 50.14579418207022], [127.58486907481957, 50.14552786024087], [127.58613625692207, 50.14527346680847], [127.58601490178746, 50.14464238713244], [127.58630002659652, 50.144465972451336], [127.58686232133283, 50.14438287363163], [127.58727675701651, 50.14456780274005], [127.58726881058338, 50.144837535478146]], [[127.58765147393456, 50.14610139414364], [127.58779403802504, 50.14601318491702], [127.58779139006151, 50.146103095828764], [127.58765147393456, 50.14610139414364]], [[127.34599229914704, 50.4236225242251], [127.34613927861113, 50.423444732077186], [127.34613301536963, 50.42362452495341], [127.34599229914704, 50.4236225242251]], [[127.36607794330064, 50.40043179282107], [127.36622168332971, 50.40034387090245], [127.36621859226757, 50.40043376860541], [127.36607794330064, 50.40043179282107]], [[127.36328045032586, 50.39994275356658], [127.3636900091137, 50.400308280889796], [127.36326806390629, 50.400302343866606], [127.36328045032586, 50.39994275356658]], [[127.36496821924585, 50.399966492178955], [127.36455555927633, 50.39969086690988], [127.36511814604113, 50.39969877630579], [127.36496821924585, 50.399966492178955]], [[127.3609255530017, 50.39478294175833], [127.36190377934119, 50.3949766063547], [127.36189448337643, 50.39524629912805], [127.36161321676305, 50.39524233722734], [127.36160701831156, 50.39542213237672], [127.36076941730089, 50.39523044744642], [127.3609255530017, 50.39478294175833]], [[127.3572745392791, 50.39050418879899], [127.35686200543738, 50.39022853702764], [127.35728696672331, 50.39014459896809], [127.3572745392791, 50.39050418879899]], [[127.33592250812949, 50.37751886413431], [127.3356413500314, 50.37751484045932], [127.33565708156168, 50.37706535706245], [127.335119948978, 50.37633813449141], [127.33513253765025, 50.3759785477991], [127.33485138876904, 50.37597452230322], [127.33491433891113, 50.374176588727366], [127.33478636012565, 50.373814989088885], [127.33450522408025, 50.37381096288066], [127.3344087313436, 50.372550395923604], [127.33398703858975, 50.37254435509662], [127.33400908061859, 50.371915078318445], [127.33470245015954, 50.372194835443636], [127.3346961550748, 50.37237462887117], [127.33511784647615, 50.372380667112715], [127.33496784150499, 50.37264834470343], [127.33523953103986, 50.37292205991923], [127.33620776558543, 50.37338562613261], [127.33633575413921, 50.373747224327225], [127.33675745805816, 50.37375325674286], [127.3367448826618, 50.37411284387007], [127.33730087335294, 50.37430067842097], [127.33728830181994, 50.374660265613294], [127.33811601958344, 50.375121806313615], [127.33810345384596, 50.37548139360354], [127.33838460027661, 50.37548541121081], [127.33836575437695, 50.376024792176], [127.3389280538, 50.37603282550557], [127.3389029335345, 50.37675200024352], [127.33918094801471, 50.37684591283933], [127.33943698974437, 50.37756910275148], [127.3397181487043, 50.37757311725521], [127.33970559398573, 50.3779327046847], [127.33646595571025, 50.37806628970145], [127.33592250812949, 50.37751886413431]], [[127.33565062155509, 50.36519294729594], [127.3359317068479, 50.36519697024065], [127.33592541796989, 50.36537676399788], [127.33564433161595, 50.365372741027635], [127.33565062155509, 50.36519294729594]], [[127.33482624504362, 50.3646414933852], [127.33510732696159, 50.36464551829045], [127.33510103509198, 50.36482531198956], [127.33481995211295, 50.36482128705876], [127.33482624504362, 50.3646414933852]], [[127.32717909163685, 50.34618354315235], [127.32692971260286, 50.34528053245403], [127.32696446278864, 50.34429166780565], [127.32740801099388, 50.343668453908926], [127.32699289331569, 50.34348259659093], [127.32697876817316, 50.339884701709884], [127.32740648558304, 50.33971097134549], [127.3275690538884, 50.339083713842626], [127.32782000514285, 50.335939341624666], [127.32838813904665, 50.33576762732326], [127.32841338155963, 50.335048451334316], [127.32869428791699, 50.33505249002888], [127.32871006131901, 50.33460300492161], [127.32913141700296, 50.33460906159552], [127.3291503397906, 50.33406967930064], [127.32943124048225, 50.334073716158514], [127.32944385323553, 50.333714127879865], [127.3303023069771, 50.33327674865502], [127.33031806421502, 50.33282726304145], [127.33059895774846, 50.33283129700693], [127.3304648132274, 50.33264948583996], [127.33102659830394, 50.3326575523632], [127.33104549832643, 50.33211816936564], [127.33231579649946, 50.331956514318], [127.33227802485872, 50.33303528098519], [127.33170049081187, 50.333476706382086], [127.33166585225719, 50.334465575266016], [127.33229570897855, 50.33654328607664], [127.33242672328448, 50.33681499235285], [127.33270764063299, 50.33681902145451], [127.33241413166104, 50.33717458098485], [127.33269505112834, 50.337178610137634], [127.33270961237623, 50.34077651019045], [127.3322882013662, 50.34077046594867], [127.33210049663548, 50.34211690699203], [127.33108251586987, 50.34309166308154], [127.33205640792653, 50.34337546573374], [127.33202491407333, 50.34427443607861], [127.3314409376181, 50.344895652009505], [127.33155936704968, 50.34552694700857], [127.33041973001862, 50.345960298081906], [127.33012299280698, 50.34640574747841], [127.32800937833467, 50.34655525531713], [127.32717909163685, 50.34618354315235]], [[127.33682966355889, 50.3274341180876], [127.33641464826957, 50.32724829494542], [127.33683594056814, 50.32725432306863], [127.33682966355889, 50.3274341180876]], [[127.34058108753008, 50.324609571897994], [127.34100235739095, 50.3246155846992], [127.34084628088775, 50.32506306925974], [127.33985704385253, 50.325228830971135], [127.34058108753008, 50.324609571897994]], [[127.33932667926913, 50.324321831336775], [127.33961692268555, 50.324056149998185], [127.33974794631894, 50.3243278486578], [127.33932667926913, 50.324321831336775]], [[127.33978240472729, 50.32333897398336], [127.34005071569364, 50.3237025754063], [127.33947963427327, 50.32396424656172], [127.33935801311401, 50.32342285455858], [127.33978240472729, 50.32333897398336]], [[127.33838448114778, 50.32313911572546], [127.33866531872818, 50.32314312965006], [127.33865904953531, 50.323322924963605], [127.33851863020789, 50.32332091807333], [127.33838448114778, 50.32313911572546]], [[127.34162663312614, 50.322825643741254], [127.34288726991447, 50.32293356359887], [127.3430183093529, 50.3232052587756], [127.3416109881303, 50.32327513271221], [127.34162663312614, 50.322825643741254]], [[127.33784475896663, 50.32250180246359], [127.33812559271479, 50.32250581765515], [127.33811932162757, 50.32268561293932], [127.33783848682083, 50.322681597722294], [127.33784475896663, 50.32250180246359]], [[127.34079351649501, 50.32254392815781], [127.34093706392208, 50.322456034507006], [127.340933933695, 50.32254593227865], [127.34079351649501, 50.32254392815781]], [[127.34239752788862, 50.32085790503207], [127.3426877328005, 50.32059221549762], [127.34281876497654, 50.32086391093023], [127.34239752788862, 50.32085790503207]], [[127.34524324063584, 50.31981913954017], [127.34467847996878, 50.3199010411503], [127.34441327747997, 50.31944755206765], [127.34525884946213, 50.319369649475625], [127.34524324063584, 50.31981913954017]], [[127.34358957701603, 50.3188961628797], [127.3440107970212, 50.31890216429102], [127.34399830078355, 50.31926175614819], [127.34343666990837, 50.31925375382591], [127.34358957701603, 50.3188961628797]], [[127.34715889082345, 50.313190649876276], [127.34688434661145, 50.31300686065843], [127.34730551528288, 50.3130128496295], [127.34715889082345, 50.313190649876276]], [[127.35069975578992, 50.31234151956422], [127.35027236933276, 50.3125153396495], [127.35027859232872, 50.31233554294553], [127.35069975578992, 50.31234151956422]], [[127.34781705216254, 50.31041178783483], [127.3469685256692, 50.31057960898434], [127.34683749659489, 50.31030791781205], [127.34725864141603, 50.31031390672155], [127.34769536698009, 50.30987040275089], [127.3492426650152, 50.309802444754304], [127.34953276338719, 50.30953673661037], [127.35009116999792, 50.30963460676707], [127.35137635283363, 50.309023244247136], [127.35192854140875, 50.30930090248673], [127.35177883746384, 50.3095686074203], [127.35121731856603, 50.30956064378424], [127.3506433579383, 50.309912271080314], [127.35062780510539, 50.310361763099564], [127.35019421342285, 50.310715379901495], [127.34850338901143, 50.31087125410369], [127.34781705216254, 50.31041178783483]], [[127.35420564434942, 50.30843374106827], [127.35363171918138, 50.30878538353498], [127.35279256032719, 50.30868355209769], [127.35224658835581, 50.30822610094555], [127.35253976709389, 50.307870486452686], [127.35324164134362, 50.30788043235018], [127.35364413813083, 50.30842578928168], [127.35463918547212, 50.308080108674794], [127.35517897537588, 50.30871734607214], [127.35587466194491, 50.30890707347993], [127.35572498133074, 50.30917478374194], [127.35445536557333, 50.30933670191047], [127.35420564434942, 50.30843374106827]], [[127.35492924337316, 50.30781438658974], [127.35578389493077, 50.307466709140186], [127.35591496781258, 50.3077383907758], [127.35534416500896, 50.30800014327946], [127.35492924337316, 50.30781438658974]], [[127.35748077171728, 50.30713093001339], [127.35790189073259, 50.30713688010064], [127.35789569762667, 50.3073166776544], [127.3576149505431, 50.30731271107382], [127.35748077171728, 50.30713093001339]], [[127.35341306685541, 50.30698343531439], [127.35273605568149, 50.3062543021555], [127.35272673707449, 50.30652399782602], [127.35229630343659, 50.30678772464658], [127.35145407408396, 50.30677578240005], [127.35261432399736, 50.30571292140604], [127.35317890326571, 50.30563097926911], [127.35373106372155, 50.30590862881971], [127.35360311260106, 50.30554704620118], [127.35459499708683, 50.30529126385518], [127.35472295511613, 50.305652845463875], [127.3537124378486, 50.30644802044874], [127.354124239268, 50.306723679977175], [127.35525031363349, 50.30664967714949], [127.35524100911537, 50.30691937314204], [127.3546733152306, 50.307091223798224], [127.35341306685541, 50.30698343531439]], [[127.35514095891516, 50.30574870409023], [127.35542169644306, 50.305752676555784], [127.35541239319008, 50.306022372613356], [127.35513165407583, 50.306018400110005], [127.35514095891516, 50.30574870409023]], [[127.35725578470773, 50.3055087847472], [127.35753652112092, 50.30551275209262], [127.35752722990715, 50.305782448447324], [127.35724958952335, 50.30568858229337], [127.35725578470773, 50.3055087847472]], [[127.35830336920705, 50.303634791960775], [127.35872445752453, 50.30364073877101], [127.3591331706184, 50.30400627959895], [127.35870588962449, 50.3041801319621], [127.35815371941423, 50.3039025058789], [127.35830336920705, 50.303634791960775]], [[127.35779352197662, 50.298051147460505], [127.35738177273983, 50.29777550106019], [127.3577997134335, 50.29787134962789], [127.35779352197662, 50.298051147460505]], [[127.36779814695639, 50.297022820422775], [127.36794464391724, 50.2968449924374], [127.36793849092257, 50.297024791212834], [127.36779814695639, 50.297022820422775]], [[127.36766395705754, 50.29684105071292], [127.3672398490742, 50.29692503621321], [127.36710566158496, 50.2967432658791], [127.36753284540447, 50.296569381478214], [127.36766395705754, 50.29684105071292]], [[127.36500668102896, 50.2965338727621], [127.36528736570962, 50.29653782088476], [127.3652812027666, 50.29671761943171], [127.3650005170289, 50.296713671284], [127.36500668102896, 50.2965338727621]], [[127.36742019960198, 50.29575831582945], [127.36797540795438, 50.29594599846808], [127.3678196840145, 50.29639352472563], [127.36727062648038, 50.29602604257183], [127.36742019960198, 50.29575831582945]], [[127.36532126077879, 50.295548928766806], [127.36574227919665, 50.29555484947403], [127.36572995710671, 50.29591444670444], [127.36544927603185, 50.295910499685576], [127.36532126077879, 50.295548928766806]], [[127.36519324740526, 50.29518735770419], [127.36476606775776, 50.295361233582774], [127.36463497655885, 50.295089561212215], [127.36519324740526, 50.29518735770419]], [[127.37070023800456, 50.29427531865712], [127.37084364482773, 50.29418738630704], [127.3708405740908, 50.294277285866464], [127.37070023800456, 50.29427531865712]], [[127.37172248869135, 50.29312039068741], [127.37213428245606, 50.293395986905296], [127.37171328175035, 50.293390089528636], [127.37172248869135, 50.29312039068741]], [[127.37464861827463, 50.289653586317804], [127.37636615044245, 50.28868822418288], [127.37721112910022, 50.28861008299137], [127.37736979586843, 50.28807264253245], [127.37793718258715, 50.2879006775087], [127.3779494091873, 50.2875410775998], [127.37908721624015, 50.28710723884879], [127.37924585653639, 50.28656979544248], [127.37980711270689, 50.28657762113779], [127.37981321870589, 50.286397820979005], [127.38009384582757, 50.286401732786025], [127.38010605552694, 50.28604213240043], [127.38179590529748, 50.28588578837277], [127.38194841307681, 50.28552814120877], [127.38321121392961, 50.28554571559402], [127.38392799615761, 50.285105971817096], [127.38462650273098, 50.28520562536566], [127.38446183945521, 50.28592287745658], [127.38359864420858, 50.286540473481494], [127.38344309913417, 50.286988023072425], [127.38171052181474, 50.28840299272572], [127.38100282221805, 50.28857302161776], [127.38070997605121, 50.2889287122213], [127.3794409793099, 50.28909090986029], [127.3787210402465, 50.289620524677225], [127.37774183723623, 50.28951691821935], [127.3777326654938, 50.28978661803347], [127.37561557169435, 50.29011681815607], [127.37463636588305, 50.29001318550744], [127.37464861827463, 50.289653586317804]], [[127.38225960582629, 50.28877040734967], [127.38240602322982, 50.28859256013068], [127.38239992652535, 50.28877236045143], [127.38225960582629, 50.28877040734967]], [[127.38653612534445, 50.28685111893676], [127.38625853557696, 50.28675732229588], [127.38653916570473, 50.28676121856404], [127.38655740754263, 50.28622181629548], [127.3874053661074, 50.286053699971696], [127.38742967477066, 50.285334496540194], [127.3881373040636, 50.28516442773972], [127.38814945262018, 50.28480482585148], [127.3884300715277, 50.284808717446126], [127.38843614465719, 50.28462891646814], [127.38927799858003, 50.28464058711494], [127.38928406847883, 50.28446078605681], [127.38984530262243, 50.284468563052805], [127.39013805306129, 50.284112848252384], [127.39224266790717, 50.28414198241461], [127.39225478509063, 50.28378237973785], [127.39730885653522, 50.28376224453752], [127.39730281701911, 50.28394204632456], [127.39758343211275, 50.28394591577565], [127.39757135500952, 50.28430551938045], [127.39686377082401, 50.284475646092105], [127.39685168807134, 50.28483524953743], [127.39474098850623, 50.2849860000592], [127.39444826660772, 50.28534172667976], [127.39360639818061, 50.285330093358176], [127.39360034437946, 50.28550989477063], [127.39218510792918, 50.285850094794654], [127.39203267549402, 50.286207756096495], [127.39119079278645, 50.286196105136874], [127.39005008124343, 50.286719964246444], [127.38863782081579, 50.286970219917784], [127.38833896719366, 50.28750573138077], [127.38778681197293, 50.2872282455163], [127.38652092331179, 50.28730062077742], [127.38653612534445, 50.28685111893676]], [[127.58063314922035, 50.28848414396669], [127.58077615655122, 50.28839594918202], [127.58077348197095, 50.28848585760642], [127.58063314922035, 50.28848414396669]], [[127.58288915724215, 50.288151907846725], [127.58303215945081, 50.288063710237694], [127.58302948915266, 50.288153618755004], [127.58288915724215, 50.288151907846725]], [[127.58375516921352, 50.28735299380203], [127.58417882615738, 50.287268214249686], [127.58416815382645, 50.28762784853754], [127.5847241415625, 50.28781450210575], [127.5847161402619, 50.28808422786193], [127.58429514487645, 50.28807910074219], [127.58430314855518, 50.28780937503481], [127.58360683217415, 50.28762100943792], [127.58375516921352, 50.28735299380203]], [[127.58150722414108, 50.28741552174668], [127.58193088546876, 50.287330750427884], [127.58234385924851, 50.28760561155655], [127.58219551350298, 50.28787362530631], [127.58177184778489, 50.28795839754531], [127.58177719306978, 50.28777858060092], [127.58135887433043, 50.28768353440241], [127.58150722414108, 50.28741552174668]], [[127.58233317296077, 50.28796524553824], [127.58247617561662, 50.28787704861449], [127.58247350428861, 50.287966957113085], [127.58233317296077, 50.28796524553824]], [[127.5833154925401, 50.28797722300565], [127.5828944983534, 50.28797209082147], [127.5828971688887, 50.287882182306596], [127.58346383235717, 50.28770920778073], [127.5833154925401, 50.28797722300565]], [[127.3874509440421, 50.28470519345719], [127.3874418287325, 50.28497489478768], [127.38674027947748, 50.28496515854428], [127.38703305601773, 50.2846094518466], [127.3874509440421, 50.28470519345719]], [[127.58054364122974, 50.28677417004364], [127.58055434055233, 50.286414536266335], [127.58084034240841, 50.28623814654571], [127.58182262580226, 50.28625013633097], [127.58254028342505, 50.28571924419759], [127.58351721853977, 50.285911036673596], [127.58364953710922, 50.286182472489465], [127.58350387250175, 50.286360579506706], [127.58294523620835, 50.28626382878192], [127.58250823049619, 50.286798146514165], [127.58166626334237, 50.286787874948324], [127.58137224120111, 50.28723399208911], [127.58081092486032, 50.287227139528085], [127.58096195034838, 50.28686921910988], [127.58054364122974, 50.28677417004364]], [[127.5830588616875, 50.28716462498205], [127.58320453046136, 50.28698651858127], [127.58319919070497, 50.28716633566127], [127.5830588616875, 50.28716462498205]], [[127.57928336961976, 50.28666883067754], [127.5788650657185, 50.28657377560963], [127.57887577761487, 50.286214142081384], [127.57943440467328, 50.28631091229276], [127.57928336961976, 50.28666883067754]], [[127.38721286955086, 50.28344269328645], [127.38791743398733, 50.28336252597911], [127.38847258214079, 50.28355011047149], [127.38846347297776, 50.283819811991336], [127.3871946369182, 50.28398209598823], [127.38692010170381, 50.28379840058769], [127.38721286955086, 50.28344269328645]], [[127.58114773125625, 50.28534248824956], [127.58128270813316, 50.28552401817309], [127.58098869045709, 50.28597013447355], [127.58056503965786, 50.28605490246502], [127.58057841323458, 50.28560536017955], [127.58114773125625, 50.28534248824956]], [[127.58380320653494, 50.28573463952927], [127.58408118816722, 50.28582796744563], [127.58407852005708, 50.28591787603845], [127.58379520061924, 50.28600436527518], [127.58380320653494, 50.28573463952927]], [[127.39059233227567, 50.28312977152503], [127.38989687631924, 50.28294025339185], [127.39073870105983, 50.28295191317839], [127.39059233227567, 50.28312977152503]], [[127.38989687631924, 50.28294025339185], [127.38933869479786, 50.282842576257735], [127.38989990992766, 50.28285035280977], [127.38989687631924, 50.28294025339185]], [[127.58520645572051, 50.28575172936571], [127.58507146319486, 50.285570203875096], [127.5854871057199, 50.28575514530088], [127.58520645572051, 50.28575172936571]], [[127.58184934910932, 50.28535105126355], [127.58171704303204, 50.2850796134662], [127.58241598602092, 50.28517808155164], [127.58240797242279, 50.28544780716181], [127.58184934910932, 50.28535105126355]], [[127.58297193837886, 50.28536474328019], [127.58325525544586, 50.28527825602166], [127.58325258583167, 50.28536816459095], [127.58297193837886, 50.28536474328019]], [[127.39946774489565, 50.28217303071629], [127.4004558899116, 50.282006750081145], [127.40046191713539, 50.28182694795705], [127.40102312337866, 50.28183467069649], [127.40101107309493, 50.28219427503654], [127.40073348095224, 50.28210051288592], [127.40030353217365, 50.28236442316618], [127.40014815780873, 50.28281199704372], [127.39931537922044, 50.282530702420324], [127.39946774489565, 50.28217303071629]], [[127.39286143347942, 50.282441631690894], [127.39313598420995, 50.282625313240956], [127.39285537749174, 50.282621433127495], [127.39286143347942, 50.282441631690894]], [[127.40141390997593, 50.282739471961506], [127.4009929972111, 50.28273368150073], [127.40086474469334, 50.28237214672972], [127.40156324910325, 50.28247169847786], [127.40141390997593, 50.282739471961506]], [[127.57696752704805, 50.28430202960882], [127.57795244844831, 50.284224143405716], [127.57779872942287, 50.284671968319465], [127.57695680149806, 50.28466166295829], [127.57696752704805, 50.28430202960882]], [[127.40228583831947, 50.28185203695732], [127.40241711028787, 50.282123669136375], [127.40213650524593, 50.28211981145412], [127.40214252616279, 50.28194000918617], [127.40228583831947, 50.28185203695732]], [[127.39528891091138, 50.281215979171414], [127.39570074160248, 50.28149149274515], [127.39541409505354, 50.28166742057726], [127.3949962168487, 50.281571707654884], [127.39500528837223, 50.281302005165834], [127.39528891091138, 50.281215979171414]], [[127.58147381834235, 50.28381746928086], [127.58119050686393, 50.28390395226384], [127.58091788989675, 50.283630800539214], [127.58133884542792, 50.28363593956196], [127.58147381834235, 50.28381746928086]], [[127.39418769369898, 50.28057117014158], [127.39446828854699, 50.28057504692514], [127.39460253698805, 50.28075678671153], [127.39417861779071, 50.28084087255674], [127.39418769369898, 50.28057117014158]], [[127.40357863160693, 50.28097037744812], [127.40372193820322, 50.280882403381234], [127.4037189308401, 50.28097230460161], [127.40357863160693, 50.28097037744812]], [[127.58359728766153, 50.283213778886655], [127.58289303060248, 50.28329513527174], [127.58276339434286, 50.28293378998035], [127.58332466066264, 50.28294063269319], [127.58359728766153, 50.283213778886655]], [[127.58149520050945, 50.28309820104488], [127.58121456661804, 50.28309477560288], [127.58107959668388, 50.28291324558649], [127.5813629024385, 50.28282676281157], [127.58149520050945, 50.28309820104488]], [[127.58163551747549, 50.28309991351187], [127.58191882336564, 50.28301342938535], [127.58191615144824, 50.283103337937895], [127.58163551747549, 50.28309991351187]], [[127.40388328645409, 50.280255021731264], [127.40401155660078, 50.280616553461265], [127.40373096020105, 50.280612699711014], [127.40387426543134, 50.28052472543819], [127.40388328645409, 50.280255021731264]], [[127.40527724555184, 50.28054398566469], [127.40485334616592, 50.280628110649474], [127.40486536683356, 50.28026850553889], [127.40528625865336, 50.28027428177451], [127.40527724555184, 50.28054398566469]], [[127.406274345061, 50.28010795104658], [127.40640563527005, 50.28037957896863], [127.40611603154207, 50.280645435005766], [127.40556384945222, 50.280368033062366], [127.4055728608781, 50.28009832912639], [127.406274345061, 50.28010795104658]], [[127.58459017754507, 50.282866110232824], [127.58402624386692, 50.28294918227439], [127.58389393173444, 50.282677746797724], [127.58445786241211, 50.28259467536933], [127.58459017754507, 50.282866110232824]], [[127.57926351544394, 50.28262123628297], [127.57940650747665, 50.28253304296977], [127.57940383087214, 50.282622951432], [127.57926351544394, 50.28262123628297]], [[127.57788179760998, 50.28188480821891], [127.5782893439391, 50.28233950023811], [127.57773612507226, 50.28206290806425], [127.57788179760998, 50.28188480821891]], [[127.40928051816054, 50.2783502871381], [127.40898494844919, 50.27879595366783], [127.40856706691326, 50.27870028948011], [127.40857606083819, 50.278430585072755], [127.40928051816054, 50.2783502871381]], [[127.4059285311899, 50.27785464476207], [127.40648669039696, 50.277952242060756], [127.4064776848197, 50.27822194621668], [127.40604480003448, 50.2785757799112], [127.40548663451649, 50.27847818043954], [127.4059285311899, 50.27785464476207]], [[127.41542054417947, 50.275196238360834], [127.41545337517807, 50.27420731825106], [127.41643533665722, 50.274220703151336], [127.41672782580468, 50.27386491830866], [127.41770382027697, 50.27405809625353], [127.41884095049019, 50.273623860901736], [127.41996318036104, 50.27363912442098], [127.4210675675906, 50.27419378961843], [127.42063185211623, 50.27463758131255], [127.41965583343305, 50.27444442775563], [127.41936038503299, 50.274890122102036], [127.41893953781319, 50.27488439726658], [127.41909470899533, 50.27443679577818], [127.41854252105983, 50.274159455185504], [127.41767401652622, 50.274957115543195], [127.41684126776165, 50.274675946465486], [127.41653982654371, 50.2753014371139], [127.41542054417947, 50.275196238360834]], [[127.42398971340918, 50.27495299476141], [127.4235718340384, 50.27485738450352], [127.42358074197226, 50.274587677961655], [127.42413890115479, 50.27468519050668], [127.42398971340918, 50.27495299476141]], [[127.42570276275436, 50.274076789101755], [127.42513867470215, 50.27415908861201], [127.42515053982147, 50.27379947957225], [127.42557434418606, 50.273715279550565], [127.42570276275436, 50.274076789101755]], [[127.5865109914122, 50.27488472134769], [127.58653229092097, 50.274165450435675], [127.58695316400897, 50.27417056843369], [127.58724705128859, 50.273724435081945], [127.58713071234133, 50.27291354946426], [127.58741128710172, 50.27291696012658], [127.58742192943987, 50.27255732442063], [127.58798839387435, 50.2723843257223], [127.58828226019253, 50.27193818944514], [127.58940985069498, 50.27177199868907], [127.59030731114981, 50.269894121571014], [127.59201452117419, 50.26910534611501], [127.59217865899687, 50.26829786298752], [127.5927371053972, 50.268394568017115], [127.59272385444193, 50.26884411399705], [127.59229242308365, 50.26919865397437], [127.5925332169911, 50.2705506895406], [127.59225000423855, 50.270637200503415], [127.59223144491176, 50.271266564489075], [127.59179998767263, 50.271621102279866], [127.59189518624667, 50.27315125683132], [127.59130749981165, 50.27404354709477], [127.59001566776472, 50.2750172348539], [127.58916859066657, 50.275186837302556], [127.5885941210649, 50.27562956821685], [127.58760939284707, 50.2757075463538], [127.58732081851238, 50.275973862657374], [127.58662466157992, 50.27578551611862], [127.58678359172778, 50.275157860201936], [127.5865109914122, 50.27488472134769]], [[127.58579087895318, 50.2755055495287], [127.58621442682919, 50.27542076147205], [127.5863414071576, 50.27587201225411], [127.58578022321564, 50.275865184798384], [127.58579087895318, 50.2755055495287]], [[127.42164949980352, 50.27357209727719], [127.42150624800998, 50.27366009407483], [127.42136596905739, 50.27365818858883], [127.42137191574994, 50.2734783843827], [127.42164949980352, 50.27357209727719]], [[127.42025861515575, 50.273193428323445], [127.42053917019525, 50.273197241773495], [127.42053322042584, 50.27337704591626], [127.42025266433056, 50.273373232442026], [127.42025861515575, 50.273193428323445]], [[127.58490477341758, 50.272256877972104], [127.58507703781657, 50.27117967984639], [127.58611493310514, 50.26930354406816], [127.5876845750181, 50.268423216882795], [127.58810273881468, 50.26851823930744], [127.58823237870257, 50.268879579527045], [127.58936255344598, 50.26862347949925], [127.58965107122191, 50.26835715732861], [127.58952407806935, 50.267905909499284], [127.59023075189073, 50.26773460160912], [127.59009844473292, 50.26746317256162], [127.59038960575971, 50.267106939290414], [127.5908104173347, 50.26711204280608], [127.59138476249845, 50.26666929927138], [127.5912604098161, 50.266128143931866], [127.59225023649334, 50.26587031458909], [127.5923825517052, 50.26614174132474], [127.59195909698413, 50.266226552775784], [127.59195114266801, 50.26649628037928], [127.59223168030543, 50.26649967909371], [127.5922263784165, 50.26667949751009], [127.59194849120242, 50.26658618957745], [127.59177640033708, 50.267663400157275], [127.59079980256935, 50.26747167937517], [127.59105381322179, 50.2683741723415], [127.59061441133365, 50.26899843340998], [127.58877487740442, 50.26951575770339], [127.5879145972673, 50.27013489699838], [127.5878640662061, 50.271843167465995], [127.58727898228068, 50.27264552811907], [127.58657222517132, 50.272816817216665], [127.58584948164682, 50.27352755511607], [127.58542861442749, 50.27352243316917], [127.58515070127243, 50.27342910886443], [127.58543927192865, 50.273162797808325], [127.58487812004974, 50.273155966262664], [127.58488345083141, 50.27297614861656], [127.58530431313623, 50.272981272497205], [127.58490477341758, 50.272256877972104]], [[127.58460287602911, 50.27297273184979], [127.58460820781279, 50.272792914219366], [127.58488878155904, 50.27279633096446], [127.58488345083141, 50.27297614861656], [127.58460287602911, 50.27297273184979]], [[127.5782380387785, 50.26992697591737], [127.57836492997824, 50.27037823506778], [127.57766621193593, 50.27027974428096], [127.57767692667608, 50.26992010992624], [127.5782380387785, 50.26992697591737]], [[127.57746066725387, 50.26775886954334], [127.57802710948928, 50.26758591908548], [127.57812721643677, 50.26893626489435], [127.57756879476858, 50.26883948986226], [127.57746066725387, 50.26775886954334]], [[127.5930415004033, 50.26758878197165], [127.59387518928926, 50.26786869611096], [127.59330879951827, 50.268041724262794], [127.59275300610017, 50.26785511279169], [127.5930415004033, 50.26758878197165]], [[127.58857140608248, 50.266904988334744], [127.58971746612409, 50.266109429832355], [127.59027853636915, 50.26611623732863], [127.58941036885281, 50.26700511607193], [127.58857140608248, 50.266904988334744]], [[127.58605986471925, 50.266424751008195], [127.58633507716678, 50.26660798190066], [127.58604655183257, 50.266874295849746], [127.58563106999462, 50.266689357205145], [127.58605986471925, 50.266424751008195]], [[127.58717402970984, 50.266708125704774], [127.5867585448548, 50.266523191061594], [127.58717935062826, 50.26652830768008], [127.58717402970984, 50.266708125704774]], [[127.59280070530707, 50.26623674679129], [127.5929436229723, 50.266148535959694], [127.59294097340792, 50.26623844520158], [127.59280070530707, 50.26623674679129]], [[127.59238785290502, 50.26596192287956], [127.59253077048966, 50.26587371255115], [127.59252812017382, 50.26596362178137], [127.59238785290502, 50.26596192287956]], [[127.58933119589771, 50.26493550397506], [127.59033693369916, 50.26413823588102], [127.5906148035357, 50.26423154755965], [127.59074179795812, 50.26468279447966], [127.59002455154624, 50.26521374254983], [127.58932057081209, 50.26529514045075], [127.58933119589771, 50.26493550397506]], [[127.59340415654181, 50.26480499110836], [127.59382759614421, 50.264720174244175], [127.59381965280565, 50.26498990213426], [127.59339356217639, 50.26516462822155], [127.59340415654181, 50.26480499110836]], [[127.58821971713843, 50.264562241033104], [127.58848961176128, 50.26492528502905], [127.5877882920181, 50.264916764587156], [127.58779626939953, 50.26464703739291], [127.58821971713843, 50.264562241033104]], [[127.59286694698493, 50.26398901542872], [127.59230590110623, 50.26398222063404], [127.59232445466033, 50.263352855835315], [127.5930231036584, 50.26345125800547], [127.59286694698493, 50.26398901542872]], [[127.59415841855225, 50.263015291188005], [127.59513758474756, 50.263117073864194], [127.59512964925848, 50.26338680198055], [127.59470357775017, 50.26356153307816], [127.59455273223598, 50.26391947422942], [127.59413194811516, 50.26391438449514], [127.5938673110249, 50.26337153459118], [127.59414783053843, 50.263374928528854], [127.59415841855225, 50.263015291188005]], [[127.58866708032562, 50.263668261133795], [127.58880999773842, 50.26358005534758], [127.58880734063368, 50.26366996446966], [127.58866708032562, 50.263668261133795]], [[127.58923077795185, 50.263585164323715], [127.5893683820007, 50.26367677612102], [127.58908786129027, 50.26367337063376], [127.58923077795185, 50.263585164323715]], [[127.59148554936566, 50.263252749562604], [127.59119176793091, 50.26369889528986], [127.590773639771, 50.26360388420682], [127.59120503089032, 50.263249349205665], [127.59148554936566, 50.263252749562604]], [[127.59684447182744, 50.262328223858624], [127.59768865348515, 50.26224847244843], [127.5979559680366, 50.262701404574386], [127.59710913736126, 50.262871067312105], [127.59669628855622, 50.26259625858811], [127.59684447182744, 50.262328223858624]], [[127.59445216808511, 50.26256913764215], [127.59318985182902, 50.262553863074224], [127.59319514931532, 50.262374044455164], [127.59432249714494, 50.26220780372838], [127.59445216808511, 50.26256913764215]], [[127.59462946985037, 50.26131210275731], [127.59491526813844, 50.26113567596519], [127.59575414402487, 50.261235757262405], [127.59574356869385, 50.26159539495989], [127.5962913731745, 50.26205172012505], [127.59544454840061, 50.26222137079755], [127.5952937128596, 50.26257931307311], [127.59487294041202, 50.26257422611907], [127.59462946985037, 50.26131210275731]], [[127.59263677210662, 50.26227734211175], [127.59277967807057, 50.26218913132632], [127.59277702856939, 50.26227904062346], [127.59263677210662, 50.26227734211175]], [[127.58956175552507, 50.26188029534388], [127.58970732112762, 50.261702179185995], [127.58970201063661, 50.2618819975565], [127.58956175552507, 50.26188029534388]], [[127.5920996032903, 50.26146136288711], [127.5909775714993, 50.26144776367565], [127.59183765357027, 50.260828599157506], [127.59281412036357, 50.26102031032709], [127.59310257225766, 50.26075397870086], [127.59366093270546, 50.26085067868933], [127.59322428453001, 50.261385041942965], [127.59238011137244, 50.261464760997974], [127.59237216077632, 50.2617344888724], [127.59181114149956, 50.26172769190921], [127.5920996032903, 50.26146136288711]], [[127.59605844018328, 50.2604299615387], [127.59676762199209, 50.26016870309418], [127.5967596965369, 50.26043843153639], [127.5970375578546, 50.260531727839584], [127.59702435106624, 50.26098127525947], [127.59674384526495, 50.26097788838032], [127.59673591944818, 50.26124761678203], [127.59603729449324, 50.26114923710369], [127.59605844018328, 50.2604299615387]], [[127.59299689146827, 50.254816563855535], [127.59327471276976, 50.25490986890836], [127.59328000850154, 50.25473005004499], [127.59370335862658, 50.25464523274289], [127.59368218181478, 50.255364508301575], [127.59437807139922, 50.25555281094847], [127.59437013374932, 50.255822539329934], [127.59535444139215, 50.25574450012241], [127.59562962923836, 50.2559277091136], [127.5956137677397, 50.256467166117375], [127.59518511576722, 50.25673180920099], [127.59483586106491, 50.25906606366618], [127.59355245510285, 50.259770069003245], [127.59340161354693, 50.26012800891602], [127.59255746292312, 50.260207729465], [127.59228226268338, 50.2600245132217], [127.59229286348567, 50.25966487596032], [127.59257866030653, 50.25948845485604], [127.5924569609017, 50.25885739084901], [127.59288829605529, 50.25850284885207], [127.59275864739668, 50.25814151313852], [127.59303913606327, 50.25814490949723], [127.59304708188189, 50.25787518137812], [127.59347310817078, 50.25770045581299], [127.59335140100201, 50.25706939249253], [127.59376947753358, 50.25716439396782], [127.59350223280495, 50.25671145238337], [127.59421137264808, 50.256450209030916], [127.59394412756605, 50.255997268406844], [127.59310005091812, 50.256076993572265], [127.59270317757559, 50.25526271458897], [127.59228511981198, 50.25516770940444], [127.59229306904913, 50.25489798123372], [127.59257618780782, 50.25481146915399], [127.59259208267399, 50.2542720126984], [127.59301013326746, 50.25436701673219], [127.59299689146827, 50.254816563855535]], [[127.59228247003938, 50.255257618791674], [127.59198874671378, 50.255703767607436], [127.59142779835253, 50.255696969381646], [127.59186441318793, 50.255162612100825], [127.59228247003938, 50.255257618791674]], [[127.59763288670516, 50.25936967571378], [127.59819387968662, 50.25937644434814], [127.59818332342125, 50.259736082536804], [127.59761176551798, 50.26008895189538], [127.59705076430825, 50.260082180382184], [127.59705868801974, 50.25981245188977], [127.59763288670516, 50.25936967571378]], [[127.59034265126962, 50.259191527879324], [127.5904855520628, 50.25910331982756], [127.59048289853341, 50.25919322908407], [127.59034265126962, 50.259191527879324]], [[127.59681253062827, 50.25864024166667], [127.59736559323996, 50.25891674277289], [127.59680460585604, 50.258909970185385], [127.59681253062827, 50.25864024166667]], [[127.59823874142654, 50.257847981778625], [127.59809585856321, 50.25793619953457], [127.5979556145321, 50.25793450754642], [127.59796089321166, 50.25775468841657], [127.59823874142654, 50.257847981778625]], [[127.59095669260995, 50.25740014594416], [127.59208923067315, 50.257054107176096], [127.59208127967753, 50.25732383522259], [127.59095669260995, 50.25740014594416]], [[127.59224802177356, 50.25642644068919], [127.5928036810733, 50.25661305380142], [127.59279573423589, 50.25688278195124], [127.59167380965124, 50.256869190352646], [127.59154152309806, 50.256597762637185], [127.59155212818918, 50.256238125277065], [127.59183790694485, 50.25606170574401], [127.59225862148173, 50.25606680320928], [127.59224802177356, 50.25642644068919]], [[127.59870431726993, 50.25632459292783], [127.59968862893962, 50.256246517039656], [127.59970444430118, 50.25570705907503], [127.60027329910439, 50.255444088289146], [127.60097448353335, 50.25545253225378], [127.60124705860223, 50.25572563783478], [127.60109102133643, 50.25626340798849], [127.60023114126079, 50.25688264315646], [127.59869112813546, 50.25677414099532], [127.59870431726993, 50.25632459292783]], [[127.59785232384047, 50.25667408142924], [127.5979952033243, 50.25658586392627], [127.59799256416514, 50.25667577351143], [127.59785232384047, 50.25667408142924]], [[127.59813280450318, 50.25667746542446], [127.59827832210445, 50.25649933797499], [127.5982730448546, 50.25667915716831], [127.59813280450318, 50.25667746542446]], [[127.59058107016376, 50.25586658559357], [127.59128756129581, 50.25569526940229], [127.59127695441711, 50.25605490675532], [127.59155477942835, 50.25614821593329], [127.5909911736588, 50.256231324891885], [127.59058107016376, 50.25586658559357]], [[127.5915574306541, 50.256058306587995], [127.59170031974129, 50.25597009689841], [127.59169766879276, 50.25606000625059], [127.5915574306541, 50.256058306587995]], [[127.51526711648906, 50.25519852008679], [127.51541014182254, 50.255110405437236], [127.5154073473836, 50.255200311776534], [127.51526711648906, 50.25519852008679]], [[127.59817766390567, 50.2551490021813], [127.59845813565374, 50.25515238531742], [127.59904808651524, 50.25417014334687], [127.59849770635707, 50.253803740758485], [127.59850825803652, 50.253444102152436], [127.59782557797722, 50.252806276122506], [127.59852936075366, 50.25272482486837], [127.59879135717472, 50.25335757474213], [127.60033126055703, 50.25346607471984], [127.6003154535291, 50.25400553303799], [127.59987630801325, 50.25462983274349], [127.59917249923275, 50.2547112919145], [127.59914349404698, 50.25570029808736], [127.59843703004842, 50.25587166227757], [127.5980268721909, 50.25550694878717], [127.59817766390567, 50.2551490021813]], [[127.59607941273653, 50.254943788019446], [127.59623285941072, 50.25449593446442], [127.59595503457781, 50.254402636449655], [127.59582801613749, 50.253951394265435], [127.59694459242532, 50.25414476436757], [127.59738641145454, 50.25343056636358], [127.59766423353757, 50.25352386094728], [127.59792622262607, 50.25415661262765], [127.5983416449298, 50.25434150718734], [127.59735737061219, 50.25441957200027], [127.59748704463648, 50.25478090301479], [127.59704257335746, 50.25558501071322], [127.59648426707493, 50.25548832734622], [127.59607941273653, 50.254943788019446]], [[127.59454211807537, 50.254745321921625], [127.59523800218344, 50.254933619390904], [127.59508454471795, 50.25538147150931], [127.59439130054741, 50.25510326361603], [127.59454211807537, 50.254745321921625]], [[127.51966443613068, 50.2536356664133], [127.51912025368247, 50.25308908023818], [127.51940349030743, 50.25300274750814], [127.52009068688155, 50.25346121182962], [127.52093761142935, 50.25329211106248], [127.5212124960861, 50.25347549369751], [127.52119301228174, 50.254104839869235], [127.52077232818648, 50.25409948531845], [127.5206432380893, 50.25373807384568], [127.51966443613068, 50.2536356664133]], [[127.52807251530695, 50.25392236143628], [127.52849319922458, 50.25392768955015], [127.52848489007636, 50.25419741020963], [127.52820443253498, 50.254193858269055], [127.52807251530695, 50.25392236143628]], [[127.51895772818597, 50.25380654516739], [127.51923818228606, 50.25381011940072], [127.51923260805883, 50.25398993242953], [127.51909238047429, 50.25398814538611], [127.51895772818597, 50.25380654516739]], [[127.59580422873532, 50.254760580096246], [127.59594182047218, 50.254852184137796], [127.5956613507885, 50.254848794944024], [127.59580422873532, 50.254760580096246]], [[127.52653000869053, 50.25390281199483], [127.52611209953399, 50.2538075699833], [127.52612042196259, 50.25353784959314], [127.52668687498073, 50.253365149142276], [127.52653000869053, 50.25390281199483]], [[127.5247320392844, 50.25307052103361], [127.52375601998409, 50.25287824136382], [127.52362413162226, 50.2526067396757], [127.52418780463954, 50.252523958087174], [127.52487504094992, 50.25298239449278], [127.52485838223271, 50.25352183500919], [127.524437702576, 50.25351649377004], [127.5247320392844, 50.25307052103361]], [[127.50244767913053, 50.252425691961584], [127.50357508790712, 50.25226033210688], [127.50385271507345, 50.252353849289875], [127.50384426729048, 50.2526235670147], [127.50257099105063, 50.25296693416411], [127.50201291648021, 50.252869798846035], [127.50244767913053, 50.252425691961584]], [[127.50511471194724, 50.252370091692214], [127.50540078183704, 50.25219388730455], [127.50736107410376, 50.25230902719434], [127.50764713545615, 50.25213281719724], [127.5075153410188, 50.25186129802573], [127.50793038650352, 50.25204651255506], [127.50777893136164, 50.25240433622028], [127.50749848697062, 50.25240073440829], [127.5076330915564, 50.25258234752568], [127.50650287739018, 50.252837652816034], [127.50511471194724, 50.252370091692214]], [[127.5273963213982, 50.25310431620931], [127.5269839622823, 50.2528292636603], [127.52726441165986, 50.25283281847635], [127.5273963213982, 50.25310431620931]], [[127.50146612595974, 50.25241303763184], [127.50090241728327, 50.252495708653385], [127.50077348208045, 50.25213427639542], [127.5014745871043, 50.25214332019015], [127.50146612595974, 50.25241303763184]], [[127.49852147065188, 50.25237502491929], [127.49810080612323, 50.25236958844323], [127.49796623860313, 50.252187964607074], [127.4983925538283, 50.252013590176254], [127.49852147065188, 50.25237502491929]], [[127.52979952708644, 50.25250515353424], [127.53022019885172, 50.25251047528897], [127.53021189987008, 50.25278019622352], [127.5297912257316, 50.25277487441815], [127.52979952708644, 50.25250515353424]], [[127.50414442012477, 50.25199783619641], [127.50455663888586, 50.25227296859808], [127.50385553097254, 50.25226394337857], [127.50414442012477, 50.25199783619641]], [[127.534165786859, 50.251930721594555], [127.53443244020202, 50.25238379481397], [127.53386326664224, 50.252646440525496], [127.5338825825495, 50.25201709061357], [127.534165786859, 50.251930721594555]], [[127.51187619021032, 50.25146751778301], [127.510729206847, 50.25226230201766], [127.51046278016145, 50.25180917640263], [127.51103487213618, 50.25145674012189], [127.51187619021032, 50.25146751778301]], [[127.51187338948259, 50.25155742403491], [127.51201080899672, 50.2516491259816], [127.51187058874066, 50.251647330285294], [127.51187338948259, 50.25155742403491]], [[127.53162243898052, 50.252528203477716], [127.53176542646906, 50.252440068323295], [127.53176266307047, 50.25252997536635], [127.53162243898052, 50.252528203477716]], [[127.53739366055643, 50.25188145404017], [127.53837246781693, 50.25198371217075], [127.53864191200034, 50.25234686876156], [127.53681900130148, 50.25232392897409], [127.53739366055643, 50.25188145404017]], [[127.51551073219149, 50.25187377621563], [127.51564815967804, 50.251965473925445], [127.51536771686091, 50.25196189112414], [127.51551073219149, 50.25187377621563]], [[127.51775706201768, 50.25181251040089], [127.51790007255076, 50.251724392506354], [127.51789728313238, 50.25181429899959], [127.51775706201768, 50.25181251040089]], [[127.54061328942504, 50.252101818975696], [127.54089648241718, 50.2520154334513], [127.54089373624194, 50.25210534086746], [127.54061328942504, 50.252101818975696]], [[127.54103670558281, 50.2520171941379], [127.5411796743963, 50.25192904722653], [127.54117692876237, 50.25201895465537], [127.54103670558281, 50.2520171941379]], [[127.51033377413164, 50.251447754086726], [127.51019075068166, 50.25153586255584], [127.51019355457335, 50.25144595637232], [127.51033377413164, 50.251447754086726]], [[127.51033377413164, 50.251447754086726], [127.51047679705428, 50.25135964543558], [127.51047399370412, 50.25144955163201], [127.51033377413164, 50.251447754086726]], [[127.59518238269283, 50.25205481925521], [127.5960211000829, 50.252154897446395], [127.59602638496168, 50.25197507828563], [127.59644706426944, 50.251980160291836], [127.59673544047033, 50.25171381861728], [127.59729634334406, 50.251720590839945], [127.59728578318716, 50.2520802293668], [127.59686246198349, 50.25216506000094], [127.59670902912818, 50.252612914674664], [127.59628834420205, 50.25260783357054], [127.59615868483708, 50.25224650121185], [127.59517709462271, 50.252234638348476], [127.59518238269283, 50.25205481925521]], [[127.5306657598116, 50.2517066324845], [127.53108918930077, 50.25162204401452], [127.53108642470983, 50.251711951043035], [127.5306657598116, 50.2517066324845]], [[127.54244991096417, 50.251675161776305], [127.54273309818372, 50.25158877171858], [127.54273035550592, 50.25167867921482], [127.54244991096417, 50.251675161776305]], [[127.54246088370138, 50.25131553182692], [127.5427413261337, 50.251319049220804], [127.54302451071648, 50.25123265842476], [127.542876062612, 50.25150062267524], [127.54245539736058, 50.25149534680463], [127.54246088370138, 50.25131553182692]], [[127.5440087982515, 50.25115505401506], [127.5452844753664, 50.25072132207297], [127.54527626194641, 50.25099104490328], [127.54470716364703, 50.2512537444553], [127.5440087982515, 50.25115505401506]], [[127.58202516050491, 50.25108553460837], [127.5821600465957, 50.25126706376615], [127.58201982310126, 50.25126535271325], [127.58202516050491, 50.25108553460837]], [[127.58202516050491, 50.25108553460837], [127.58189027542826, 50.25090400529717], [127.5821707202941, 50.250907427528695], [127.58202516050491, 50.25108553460837]], [[127.54754165895383, 50.25029984901141], [127.54782482902091, 50.2502134463738], [127.54782209605727, 50.25030335409456], [127.54754165895383, 50.25029984901141]], [[127.59424842027181, 50.250424576747136], [127.59466115104254, 50.250699393729796], [127.59424048333274, 50.250694305352866], [127.59424842027181, 50.250424576747136]], [[127.59681994777026, 50.24883671022568], [127.59710038230455, 50.248840096331676], [127.59709246190937, 50.249109825340845], [127.59667180775506, 50.24910474587985], [127.59681994777026, 50.24883671022568]], [[127.54299397267388, 50.24763459860582], [127.5432661697026, 50.24790783726121], [127.54298574722431, 50.247904321305775], [127.54299397267388, 50.24763459860582]], [[127.54411017719241, 50.24782847345912], [127.54425312771605, 50.247740322546136], [127.54425038827213, 50.24783023016295], [127.54411017719241, 50.24782847345912]], [[127.54566071021401, 50.247578064878184], [127.54635629162259, 50.24776665272688], [127.5455122886141, 50.247846032887445], [127.54566071021401, 50.247578064878184]], [[127.54636176256011, 50.24758683732174], [127.54693080782542, 50.24732412904693], [127.54680700554918, 50.24678292921075], [127.54805521865944, 50.24724824284209], [127.54890466850338, 50.24698902844753], [127.54917689602775, 50.24726225354607], [127.54916870558417, 50.247531977003], [127.54888555387457, 50.247618383113185], [127.54636176256011, 50.24758683732174]], [[127.5863329552054, 50.24772024098499], [127.58646518849305, 50.247991674577456], [127.58604720692831, 50.2478966474753], [127.5859149762771, 50.24762521342508], [127.5863329552054, 50.24772024098499]], [[127.54216917033182, 50.24708460154143], [127.54160010225793, 50.24734728630329], [127.54146538204009, 50.24716571138714], [127.54216917033182, 50.24708460154143]], [[127.55001269751669, 50.24745257017763], [127.5495975252692, 50.247267504769795], [127.55015836445143, 50.24727450403396], [127.55001269751669, 50.24745257017763]], [[127.5507164766207, 50.24737140847391], [127.55085941374034, 50.24728324930923], [127.55085668676975, 50.24737315719629], [127.5507164766207, 50.24737140847391]], [[127.58971931046337, 50.24704185733209], [127.59057384114021, 50.24660251750105], [127.59030137858626, 50.246329387416566], [127.58945746754203, 50.24640908763623], [127.58946277604161, 50.246229268803354], [127.59002626596691, 50.24614616614862], [127.59017973928026, 50.24569832016602], [127.58849459248678, 50.24576780349851], [127.58850256046931, 50.24549807532883], [127.58892583657891, 50.245413274684225], [127.58879359609072, 50.245141843717114], [127.58837032217072, 50.24522664390212], [127.58837563453822, 50.24504682511662], [127.58950789611544, 50.24470080848159], [127.58977503793048, 50.24515375928156], [127.58949197182736, 50.24524026511528], [127.58990993736633, 50.2453352797299], [127.59005545000576, 50.2451571622066], [127.59004483781624, 50.245516800024724], [127.5906003622793, 50.2457034228751], [127.5908887321772, 50.245437095386244], [127.59046545919328, 50.24552190320877], [127.5904707637333, 50.24534208427034], [127.59103689269267, 50.24516906711758], [127.5925791611021, 50.24518775809366], [127.59271407135091, 50.245369275375545], [127.59172202420139, 50.24571702265871], [127.59102363664847, 50.245618614575235], [127.59101038026837, 50.246068161995346], [127.59128814706875, 50.24616147147468], [127.59112672909829, 50.24687904738461], [127.58941499760853, 50.247847638082995], [127.589282747875, 50.24757620770337], [127.58956582827297, 50.247489702532924], [127.58971931046337, 50.24704185733209]], [[127.58567447225072, 50.24627316150035], [127.58596021205253, 50.24609675580834], [127.58637285766605, 50.24637160171299], [127.58693635434211, 50.24628851410488], [127.5873755890472, 50.24566426321109], [127.58807396930224, 50.24576269316346], [127.58791250461952, 50.2464802642605], [127.58763208503952, 50.24647685610027], [127.5876108229781, 50.24719613079799], [127.58634891655369, 50.247180785316736], [127.58622200686708, 50.24672953301322], [127.58580403679444, 50.246634505113406], [127.58567447225072, 50.24627316150035]], [[127.55985726536579, 50.24658564120743], [127.5601376821963, 50.24658911638874], [127.56013226328676, 50.24676893291805], [127.5598518454018, 50.246765457714694], [127.55985726536579, 50.24658564120743]], [[127.5883251648729, 50.246755103336476], [127.58861089794, 50.24657869108193], [127.5887457968377, 50.246760212835106], [127.5883251648729, 50.246755103336476]], [[127.59591769583413, 50.2461275641431], [127.59493887532845, 50.24602579065445], [127.5949494508806, 50.24566615211236], [127.5955102823434, 50.24567293236631], [127.5958012671662, 50.245316682783574], [127.59622188782092, 50.2453217651193], [127.59663458660296, 50.24559657505333], [127.59648909695075, 50.245774700996975], [127.59718221933667, 50.246052895779755], [127.59717166044209, 50.24641253464165], [127.5968885998603, 50.24649905852656], [127.59591769583413, 50.2461275641431]], [[127.59340451869585, 50.24573740204136], [127.59423783102908, 50.24601731142458], [127.59422989526996, 50.24628704023471], [127.59339922512021, 50.24591722119406], [127.59340451869585, 50.24573740204136]], [[127.59762131873418, 50.24542860499239], [127.59775361033671, 50.24570002632498], [127.59733298607705, 50.245694949505314], [127.5973382648098, 50.24551513004264], [127.59762131873418, 50.24542860499239]], [[127.58486517254957, 50.245184007856295], [127.58473561883577, 50.24482266320158], [127.58515623314172, 50.244827785549774], [127.58528312805593, 50.245279039033704], [127.58486517254957, 50.245184007856295]], [[127.59483568362691, 50.24476536021968], [127.59539121859211, 50.24495196027131], [127.5948198194406, 50.24530481808155], [127.59426163758258, 50.245208124913134], [127.59483568362691, 50.24476536021968]], [[127.5938410182814, 50.245203035491166], [127.59342833912234, 50.24492821577994], [127.5938463100608, 50.24502321628218], [127.5938410182814, 50.245203035491166]], [[127.59819269897565, 50.24507573325171], [127.59763187387684, 50.24506896600012], [127.59764242880553, 50.24470932698382], [127.59834345494035, 50.244717785518276], [127.59819269897565, 50.24507573325171]], [[127.54926425301151, 50.244385202495], [127.54940718372364, 50.244297045018634], [127.54940445430974, 50.2443869528944], [127.54926425301151, 50.244385202495]], [[127.56582699106522, 50.24396122270622], [127.56737459480053, 50.243800430709754], [127.5676469110543, 50.244073613424895], [127.56651181332687, 50.244509324381035], [127.56581889554525, 50.24423094829318], [127.56582699106522, 50.24396122270622]], [[127.58600810450818, 50.24447838844704], [127.58628851216602, 50.24448180042786], [127.58628319205216, 50.244661619069234], [127.58600278333998, 50.24465820706677], [127.58600810450818, 50.24447838844704]], [[127.60046233570897, 50.244203676543684], [127.60088294740638, 50.24420874192918], [127.60087241704964, 50.24456838147454], [127.60045180218904, 50.2445633160248], [127.60046233570897, 50.244203676543684]], [[127.55027021238394, 50.243588280504156], [127.55055061044355, 50.24359177866676], [127.55054242881786, 50.243861502458834], [127.55026475692637, 50.24376809634487], [127.55027021238394, 50.243588280504156]], [[127.59850475677025, 50.24400019835582], [127.59934861142924, 50.2439204319107], [127.59947563845853, 50.24437167106098], [127.59877198051132, 50.24445312920304], [127.59849948270973, 50.24418001795533], [127.59850475677025, 50.24400019835582]], [[127.56080413266135, 50.243089640337786], [127.55982003586657, 50.24316738879029], [127.55926737472151, 50.24289071169862], [127.5613974061647, 50.242017684571174], [127.56292873800909, 50.242396401787644], [127.5627777253977, 50.24275430148485], [127.56207403342904, 50.24283553706709], [127.56191218984662, 50.243553069105864], [127.56080413266135, 50.243089640337786]], [[127.60061833789274, 50.243665905875844], [127.59991205782316, 50.24383728090958], [127.59978502798091, 50.243386042173384], [127.60034583384797, 50.243392798871646], [127.60061833789274, 50.243665905875844]], [[127.60230339642395, 50.24359624591938], [127.60174258770118, 50.24358949864759], [127.6014542891155, 50.24385585375412], [127.60103631266, 50.243760880560615], [127.60104157709773, 50.24358106075323], [127.60174784944971, 50.24340967878071], [127.60230865606377, 50.2434164260097], [127.60230339642395, 50.24359624591938]], [[127.59768200788258, 50.24336068045905], [127.5972614042238, 50.243355603550654], [127.59713176116065, 50.24299427186526], [127.59783540016815, 50.24291282348024], [127.59768200788258, 50.24336068045905]], [[127.59137561601605, 50.243194457502256], [127.59081481463144, 50.243187657537824], [127.59067991763281, 50.24300613809674], [127.59124336743763, 50.24292302915696], [127.59137561601605, 50.243194457502256]], [[127.56965010275275, 50.24274916271918], [127.5692375854165, 50.24247425834814], [127.56966086735808, 50.2423895279061], [127.56965010275275, 50.24274916271918]], [[127.56306352724027, 50.242577952544146], [127.56320642737089, 50.242489777801424], [127.56320372408915, 50.242579686251624], [127.56306352724027, 50.242577952544146]], [[127.58958220305786, 50.24218334347656], [127.58986259768282, 50.24218674672189], [127.58985463831041, 50.24245647520395], [127.58943404402105, 50.24245137003378], [127.58958220305786, 50.24218334347656]], [[127.56619372091922, 50.241087609232224], [127.56646601522735, 50.24136079464922], [127.56618562829311, 50.24135733499652], [127.56619372091922, 50.241087609232224]], [[127.58427602415422, 50.24139927902315], [127.5838527758432, 50.241484063016536], [127.58372323926447, 50.241122717158234], [127.58400362695951, 50.2411261344874], [127.58427602415422, 50.24139927902315]], [[127.56872257659198, 50.24093890408263], [127.56844757838412, 50.24075563252997], [127.56873065478239, 50.240669177999806], [127.56872257659198, 50.24093890408263]], [[127.6012554683379, 50.241065270587434], [127.60153059569664, 50.24124846553805], [127.60125020517424, 50.24124509048947], [127.6012554683379, 50.241065270587434]], [[127.60281075425368, 50.240634274791844], [127.60295620446198, 50.24045614045197], [127.60295094780999, 50.240635960503354], [127.60281075425368, 50.240634274791844]], [[127.56833432102029, 50.23985481833236], [127.56847720331257, 50.239766636914126], [127.56847451020548, 50.239856545614], [127.56833432102029, 50.23985481833236]], [[127.56681111448219, 50.23920644660554], [127.56694051789552, 50.239567810294], [127.56651995320318, 50.23956262241203], [127.56652804342808, 50.23929289652455], [127.56681111448219, 50.23920644660554]], [[127.5690541111673, 50.23923409196592], [127.5693344859986, 50.23923754459283], [127.56932910309666, 50.23941736207482], [127.56904872721134, 50.239413909426005], [127.5690541111673, 50.23923409196592]], [[127.60648862115781, 50.23474229353858], [127.60703360648763, 50.2352884786634], [127.60701526501929, 50.23591785047162], [127.60616631987162, 50.23617749442341], [127.60603924973424, 50.235726261623235], [127.60620040314926, 50.235008661481054], [127.60648862115781, 50.23474229353858]], [[127.60652007385121, 50.23366337041584], [127.60666548859032, 50.23348523093245], [127.60694321408117, 50.23357850282893], [127.60693797370563, 50.233758323399336], [127.60652007385121, 50.23366337041584]], [[127.60085718861735, 50.2307171786833], [127.60057685993458, 50.23071380252035], [127.60030179609059, 50.230530605524756], [127.60072491905694, 50.23044576040105], [127.60085718861735, 50.2307171786833]], [[127.60565687441319, 50.2296056362491], [127.60593719720612, 50.229609000104006], [127.60593195378455, 50.22978882072101], [127.60579179185468, 50.229787138867394], [127.60565687441319, 50.2296056362491]], [[127.60847057245232, 50.22927960274022], [127.60791254812848, 50.22918297621712], [127.60792040190023, 50.22891324503409], [127.60847842310338, 50.22900987149779], [127.60847057245232, 50.22927960274022]], [[127.60973724738484, 50.22911488322688], [127.60959185763727, 50.22929302689113], [127.60917399117358, 50.229198083662865], [127.6093219974487, 50.22893003008019], [127.60973724738484, 50.22911488322688]], [[127.61073404476254, 50.22858715620142], [127.6100306375206, 50.22866868482942], [127.60990093523229, 50.22830736603205], [127.6106043373511, 50.22822583814208], [127.61073404476254, 50.22858715620142]], [[127.60318388160435, 50.22786703700032], [127.60346156771847, 50.22796031697835], [127.60289831484678, 50.228043487027065], [127.6027660407404, 50.22777207091185], [127.60319176168119, 50.2275973062984], [127.60318388160435, 50.22786703700032]], [[127.61271452981134, 50.22798122879363], [127.61313760900313, 50.227896338057505], [127.61313239297546, 50.228076159276945], [127.61271452981134, 50.22798122879363]], [[127.61077323202765, 50.22723849839827], [127.60964937995531, 50.22731499653044], [127.60965460893904, 50.227135175552604], [127.61022306678274, 50.22687215151954], [127.61162460387808, 50.22688890830203], [127.61119108473464, 50.22733343578991], [127.61117280315266, 50.22796280957442], [127.61047463184802, 50.22786451993228], [127.61077323202765, 50.22723849839827]], [[127.59099564716954, 50.22753997964929], [127.59057253348537, 50.22762478945149], [127.59043768011931, 50.22744326963252], [127.59086079241962, 50.22735846030738], [127.59099564716954, 50.22753997964929]], [[127.60671922983991, 50.226830185626994], [127.60743047106874, 50.226478945604335], [127.60784569245816, 50.22666380534994], [127.60882937900858, 50.22658564644156], [127.60881106682967, 50.22721501967728], [127.60783260311337, 50.22711335747486], [127.60767935791877, 50.22756123003904], [127.60711611668674, 50.227644420642235], [127.60698643911259, 50.22728309873547], [127.60656859549883, 50.2271881462935], [127.60671922983991, 50.226830185626994]], [[127.58738085607067, 50.22650672356884], [127.58667212732024, 50.22676792998134], [127.58639448166625, 50.226674610190656], [127.5864024561037, 50.22640488137412], [127.58724336142565, 50.22641510978097], [127.58810285166255, 50.22579596435912], [127.5881108162167, 50.22552623530301], [127.58867406359514, 50.225443136879406], [127.58897027913815, 50.224907083141765], [127.58899150396594, 50.224187805249535], [127.59081073404589, 50.22429982762394], [127.59137661107638, 50.22412680609725], [127.59177850982834, 50.224761271823176], [127.59289703532782, 50.22486476603915], [127.59145319256213, 50.226286340953266], [127.5901812318076, 50.2266306808003], [127.5896073643217, 50.22707342531654], [127.58777740964648, 50.22732102188209], [127.58778803204643, 50.2269613832829], [127.58738085607067, 50.22650672356884]], [[127.61160371743823, 50.227608192808574], [127.61188663955423, 50.22752163165335], [127.61188402922967, 50.227611542222064], [127.61160371743823, 50.227608192808574]], [[127.61385924630616, 50.22718541595832], [127.61398636935078, 50.22763664127537], [127.61356590108872, 50.227631624506756], [127.61357632966673, 50.227271981968286], [127.61385924630616, 50.22718541595832]], [[127.60320752147557, 50.22705784485402], [127.60362010537735, 50.22733262983781], [127.60319964163826, 50.227327575582954], [127.60320752147557, 50.22705784485402]], [[127.61455480980791, 50.227373595921215], [127.61483772532867, 50.227287027520234], [127.61483512057416, 50.227376938204806], [127.61455480980791, 50.227373595921215]], [[127.6126161161608, 50.22654098555653], [127.61333513285041, 50.22591997707972], [127.6135971861887, 50.22655269681946], [127.6126161161608, 50.22654098555653]], [[127.60645202555534, 50.22637727191164], [127.60659741783617, 50.226199132113095], [127.60659217753069, 50.226378952886655], [127.60645202555534, 50.22637727191164]], [[127.61418125102061, 50.22575018915393], [127.6145990977937, 50.22584511426004], [127.61458607231151, 50.226294667734734], [127.61388009850899, 50.226466130712666], [127.61374515929047, 50.226284637209616], [127.61418125102061, 50.22575018915393]], [[127.6106827152155, 50.22552852217835], [127.61109271794052, 50.22589319149767], [127.61165332135064, 50.22589989194899], [127.61164810011104, 50.22607971311757], [127.61094211932232, 50.2262511581873], [127.61053211474209, 50.225886488342475], [127.6106827152155, 50.22552852217835]], [[127.61502736329342, 50.225580395011235], [127.615722908311, 50.225768567876145], [127.61599019755839, 50.2262214610121], [127.61500652900021, 50.226299680715854], [127.61502736329342, 50.225580395011235]], [[127.6052090176449, 50.225732763171415], [127.60576175275567, 50.226009223076524], [127.60506362167976, 50.22591090121506], [127.6052090176449, 50.225732763171415]], [[127.6026810647743, 50.22588227050893], [127.60183753419582, 50.22596206410402], [127.60184542133405, 50.225692333467975], [127.60268631969323, 50.225702450019256], [127.6026810647743, 50.22588227050893]], [[127.61276931177935, 50.22609310599352], [127.61277452880566, 50.22591328474002], [127.61291728802705, 50.225825047444125], [127.61276931177935, 50.22609310599352]], [[127.59723103969286, 50.22527694352992], [127.59750078745647, 50.22563996770485], [127.59708297766976, 50.22554498139909], [127.59723103969286, 50.22527694352992]], [[127.60381276890342, 50.22553610870975], [127.60338969481488, 50.22562096555766], [127.60339494702076, 50.22544114500553], [127.60381276890342, 50.22553610870975]], [[127.60885553813766, 50.22568654169175], [127.60871277194013, 50.22577477393963], [127.6084324712914, 50.22577141696494], [127.60843770456465, 50.225591596031926], [127.60885553813766, 50.22568654169175]], [[127.61251248972498, 50.225280563196044], [127.61321062784131, 50.22537884035631], [127.61277974577914, 50.225733463480516], [127.61251248972498, 50.225280563196044]], [[127.61419428005676, 50.225300635713815], [127.61475487725659, 50.22530732114542], [127.61474185348693, 50.225756874691534], [127.6141864626747, 50.22557036778237], [127.61419428005676, 50.225300635713815]], [[127.60789542894452, 50.22495550693357], [127.6083158726688, 50.22496054402623], [127.60830802222748, 50.22523027543901], [127.6071815950015, 50.22539666053353], [127.60789542894452, 50.22495550693357]], [[127.59570789396085, 50.22462894968449], [127.59654877141857, 50.22463911049422], [127.59684225563731, 50.22419294587068], [127.59726005316881, 50.22428793296067], [127.59710408096707, 50.22482570108201], [127.59682378726752, 50.224822316151744], [127.59653293786673, 50.22517857063023], [127.59583219871928, 50.225170103550155], [127.5955598255195, 50.224896985586746], [127.59570789396085, 50.22462894968449]], [[127.5989259913167, 50.224847686652915], [127.59951291272829, 50.22395534425582], [127.60020837128873, 50.224143609347074], [127.60019257929312, 50.22468307037335], [127.59835486121386, 50.22520056526718], [127.59836276778083, 50.22493083499672], [127.5989259913167, 50.224847686652915]], [[127.60634856198983, 50.22511684537605], [127.60678996416648, 50.22440260473653], [127.60720778400542, 50.22449755622779], [127.60690653571135, 50.225213479055824], [127.60634856198983, 50.22511684537605]], [[127.6065096717886, 50.22439924319], [127.60624772378597, 50.22376650811498], [127.60681615960996, 50.22350350042578], [127.60693796835781, 50.22413455396285], [127.60678996416648, 50.22440260473653], [127.6065096717886, 50.22439924319]], [[127.60704930350012, 50.225125249033084], [127.60718683290844, 50.225216839684364], [127.60704668430326, 50.225215159454585], [127.60704930350012, 50.225125249033084]], [[127.60959027651204, 50.224526093555035], [127.61000548960138, 50.22471094557046], [127.60984965892642, 50.2252487319425], [127.60915414525459, 50.225060524153335], [127.60959027651204, 50.224526093555035]], [[127.6048121786157, 50.22491852178293], [127.60538325829408, 50.22456561098215], [127.60523524404402, 50.224833659671944], [127.60565568622187, 50.22483870638079], [127.6055076726156, 50.225106755411076], [127.6048121786157, 50.22491852178293]], [[127.6013137527614, 50.22469657350843], [127.60102819836882, 50.224873019132865], [127.60047024106089, 50.22477635734751], [127.6004755040862, 50.224596536993005], [127.60089857402966, 50.22451169071053], [127.6013137527614, 50.22469657350843]], [[127.59262468073808, 50.22459164133598], [127.59192659893206, 50.224493240909176], [127.59192924648612, 50.22440333105719], [127.59249247433915, 50.22432021393809], [127.59262468073808, 50.22459164133598]], [[127.59277011861494, 50.224413519177205], [127.59319055486033, 50.224418610956], [127.59318526447818, 50.22459843075538], [127.592764826653, 50.2245933389443], [127.59277011861494, 50.224413519177205]], [[127.61071667525744, 50.22435968484203], [127.6101560901234, 50.22435298002034], [127.61016392989818, 50.224083248355164], [127.61072712405115, 50.22400004253376], [127.61071667525744, 50.22435968484203]], [[127.60805651497913, 50.224237902385276], [127.60791375170638, 50.22432613369644], [127.60777360566799, 50.22432445436484], [127.60777884115006, 50.22414463343709], [127.60805651497913, 50.224237902385276]], [[127.59182881682896, 50.22305298456657], [127.59238673578056, 50.22314968756599], [127.5926511426445, 50.223692542494334], [127.59124176423241, 50.22394528716245], [127.59125500804838, 50.223495737977125], [127.59182881682896, 50.22305298456657]], [[127.59714100967942, 50.223566960296125], [127.59699822856753, 50.22365517805112], [127.59685808514732, 50.223653485571255], [127.59686336154371, 50.223473665459466], [127.59714100967942, 50.223566960296125]], [[127.60892354567132, 50.223348868640976], [127.60905322785821, 50.223710188657215], [127.60863279499392, 50.223705154322786], [127.60892354567132, 50.223348868640976]], [[127.60068142722155, 50.222350470061734], [127.60123935677055, 50.222447130639104], [127.60137160805924, 50.222718548539596], [127.60107291470668, 50.22334454558993], [127.60036693789094, 50.223515926495224], [127.60023469021473, 50.223244507516625], [127.60068142722155, 50.222350470061734]], [[127.60415080970421, 50.22356144979304], [127.60359286103034, 50.223464803058555], [127.60360336305861, 50.22310516178305], [127.60430669843483, 50.22302367140202], [127.60415080970421, 50.22356144979304]], [[127.59336243830988, 50.22334138889076], [127.59308479903186, 50.22324808509308], [127.59309273477179, 50.22297835534039], [127.59337037251035, 50.22307165911029], [127.59336243830988, 50.22334138889076]], [[127.60668649490631, 50.223142178045336], [127.6072470650237, 50.22314889948818], [127.60725230226727, 50.22296907856409], [127.60752735016199, 50.22315225919575], [127.60823068002522, 50.22307074500907], [127.60808268646055, 50.2233387975652], [127.60780501776479, 50.22324552870853], [127.60779716491962, 50.22351526014283], [127.60681877908131, 50.22341358998646], [127.60668649490631, 50.223142178045336]], [[127.59912672079588, 50.22278144349499], [127.59953134514497, 50.22332597315669], [127.59897340899754, 50.22322930433378], [127.59912672079588, 50.22278144349499]], [[127.60249010850058, 50.22282195020305], [127.60348947762724, 50.22220437404223], [127.60404741142709, 50.222301021169216], [127.60347109802616, 50.22283374632615], [127.60249010850058, 50.22282195020305]], [[127.60978008865493, 50.22281947028659], [127.60977486094261, 50.22299929140826], [127.60949457643333, 50.22299593712916], [127.6094998051988, 50.22281611602875], [127.60978008865493, 50.22281947028659]], [[127.6094998051988, 50.22281611602875], [127.60936227811673, 50.22272452809925], [127.60950241956164, 50.22272620547631], [127.6094998051988, 50.22281611602875]], [[127.60501789990062, 50.22267244560028], [127.60558108583652, 50.22258926464238], [127.60571598373045, 50.22277076739518], [127.60501789990062, 50.22267244560028]], [[127.59744766684264, 50.222671243551595], [127.59759308088985, 50.2224931150981], [127.5975878074202, 50.22267293529655], [127.59744766684264, 50.222671243551595]], [[127.60853189441619, 50.222354818212665], [127.60881217505408, 50.22235817478291], [127.60880432813555, 50.22262790637395], [127.6083839048291, 50.22262287121725], [127.60812455807314, 50.2219002295414], [127.60854235889492, 50.22199517611289], [127.60853189441619, 50.222354818212665]], [[127.59745821478158, 50.22231160317014], [127.5977411302687, 50.222225076338326], [127.5977384938439, 50.222314986448175], [127.59745821478158, 50.22231160317014]], [[127.59763790322471, 50.22096464316896], [127.59834121647438, 50.22088318869601], [127.59833331091991, 50.221152919152864], [127.5976089009782, 50.22195365446672], [127.59763790322471, 50.22096464316896]], [[127.60658041065794, 50.221971661494784], [127.6060250961339, 50.22178511608248], [127.60603295849057, 50.22151538477055], [127.60659088966756, 50.22161201966924], [127.60658041065794, 50.221971661494784]], [[127.59005204599335, 50.22150242147815], [127.589628984348, 50.22158722836597], [127.58963428753505, 50.22140740874767], [127.59005204599335, 50.22150242147815]], [[127.59341004170386, 50.221723010005306], [127.59355546773236, 50.22154488667965], [127.59355017926082, 50.22172470659659], [127.59341004170386, 50.221723010005306]], [[127.60308744347168, 50.2215699474417], [127.60337034463589, 50.22148340676868], [127.60336771886165, 50.2215733171061], [127.60308744347168, 50.2215699474417]], [[127.61080025967887, 50.22148254570471], [127.61023448250975, 50.221655662761776], [127.6101074097137, 50.22120443331242], [127.61052782085999, 50.22120946213102], [127.61080025967887, 50.22148254570471]], [[127.59118638335858, 50.22106647247102], [127.59145870999858, 50.22133960046944], [127.59076332751296, 50.221151283545396], [127.59118638335858, 50.22106647247102]], [[127.60463420557116, 50.22140865145966], [127.60477696599428, 50.22132042411325], [127.60477434287924, 50.22141033450706], [127.60463420557116, 50.22140865145966]], [[127.60085576424065, 50.22118332482193], [127.60071299709548, 50.221271547294606], [127.6004327237911, 50.2212681712417], [127.6004379863032, 50.22108835078092], [127.60085576424065, 50.22118332482193]], [[127.61094300910192, 50.22139431068958], [127.61108836924033, 50.221216164857], [127.61108314674337, 50.22139598612826], [127.61094300910192, 50.22139431068958]], [[127.59624974353751, 50.220498168753714], [127.59680500413319, 50.220684760487416], [127.59679972803883, 50.22086458068149], [127.59623390893657, 50.22103762920713], [127.59582406147418, 50.22067290845438], [127.59624974353751, 50.220498168753714]], [[127.60943809651334, 50.22011712158075], [127.60986111142311, 50.22003224213435], [127.61013092688015, 50.22039523785234], [127.6098480440953, 50.220481795159515], [127.60983758999474, 50.220841437552686], [127.60913168065095, 50.221012872360205], [127.6090020047724, 50.220651552323766], [127.60928489005731, 50.22056499710028], [127.60943809651334, 50.22011712158075]], [[127.60156959206876, 50.22074220974115], [127.60100642136842, 50.220825371401475], [127.60088206823723, 50.220284222282544], [127.60130246964654, 50.22028928441126], [127.60156959206876, 50.22074220974115]], [[127.60817950941448, 50.22001210842798], [127.60777743055318, 50.219377697460345], [127.60833795681442, 50.21938441327753], [127.60888540721005, 50.21984067928294], [127.60887494610945, 50.22020032156915], [127.60816119295023, 50.22064148220588], [127.60746051679625, 50.220633085794574], [127.6076085051523, 50.22036503386854], [127.60802890847543, 50.220370071667396], [127.60817950941448, 50.22001210842798]], [[127.6111014252512, 50.220766611652614], [127.61096912369014, 50.22049520432646], [127.61124939372115, 50.220498554928604], [127.61110664756296, 50.22058679036037], [127.6111014252512, 50.220766611652614]], [[127.6113895287565, 50.22050022997624], [127.61111448093142, 50.2203170584108], [127.61139474993591, 50.22032040865376], [127.6113895287565, 50.22050022997624]], [[127.60622026308702, 50.219898677882746], [127.60620192091774, 50.220528051149124], [127.60564400316672, 50.22043141447679], [127.605939997169, 50.21989531517953], [127.60622026308702, 50.219898677882746]], [[127.60340447849066, 50.22031457224573], [127.60284131585179, 50.220397742875804], [127.60270906233839, 50.220126326526604], [127.60327222198848, 50.22004315650909], [127.60340447849066, 50.22031457224573]], [[127.59767744913826, 50.21961599110679], [127.59711692271046, 50.219609223842696], [127.59741036983336, 50.21916305710388], [127.5979629839408, 50.219439553403205], [127.597955076658, 50.21970928388382], [127.59837283749091, 50.21980426673356], [127.59850243065215, 50.22016559799276], [127.59794189758627, 50.220158834654846], [127.59767744913826, 50.21961599110679]], [[127.59907086509702, 50.219902628040636], [127.59921363109243, 50.2198144075569], [127.59921099766052, 50.219904317760836], [127.59907086509702, 50.219902628040636]], [[127.60796989994806, 50.217581165472616], [127.60867314698953, 50.21749964784261], [127.60894555442523, 50.21777273567199], [127.60895078428669, 50.217592914450975], [127.60965925709935, 50.21733156958758], [127.60978370273354, 50.21787271034013], [127.60935547848213, 50.218137410934105], [127.60880281231117, 50.21786096834565], [127.6086443764509, 50.21848866438348], [127.60919704887108, 50.21876510774926], [127.60963050711923, 50.21832058657098], [127.61005089283589, 50.218325616906746], [127.61017273252878, 50.21895666784588], [127.60988201845922, 50.21931295721616], [127.60780098561062, 50.21856850254449], [127.60680698652384, 50.219006296254896], [127.60693926042006, 50.21927770815774], [127.60735703599643, 50.21937265882346], [127.60734656357847, 50.21973230090542], [127.60678341428621, 50.219815490767786], [127.60622550358735, 50.219718856936005], [127.60610109391003, 50.21917771283533], [127.60540568325689, 50.218989483271876], [127.60625170529265, 50.21881975211239], [127.60655030166518, 50.218193740471534], [127.60795943280235, 50.21794080775966], [127.60796989994806, 50.217581165472616]], [[127.60655030166518, 50.218193740471534], [127.60641279341569, 50.218102149137145], [127.60655292114338, 50.21810382995977], [127.60655030166518, 50.218193740471534]], [[127.60973404616259, 50.21958101221869], [127.610016923787, 50.21949445513344], [127.61001431069059, 50.21958436575578], [127.60973404616259, 50.21958101221869]], [[127.6006281086265, 50.21938174410296], [127.60077087021362, 50.219293521660724], [127.60076823975727, 50.219383431932556], [127.6006281086265, 50.21938174410296]], [[127.60428726540867, 50.21888611030817], [127.60427152235411, 50.219425572763285], [127.60371099657984, 50.21941883732633], [127.6037267459518, 50.21887937499935], [127.60428726540867, 50.21888611030817]], [[127.59979258670623, 50.21919179310719], [127.6000754795141, 50.21910526035536], [127.60007284776826, 50.21919517060343], [127.59979258670623, 50.21919179310719]], [[127.60275897073788, 50.21841802991094], [127.60304447980482, 50.21824157946586], [127.60291223084788, 50.21797016328986], [127.60334048876126, 50.21770548672506], [127.603760867949, 50.21771053977236], [127.60375299384138, 50.21798027100108], [127.60459375731355, 50.21799037263034], [127.60458326463431, 50.218350014375744], [127.60429776051255, 50.21852646864143], [127.60318460774008, 50.21824326435384], [127.60358399099552, 50.218967601135994], [127.6027484641056, 50.21877767134869], [127.60275897073788, 50.21841802991094]], [[127.5975663188336, 50.21862528787642], [127.59715384425915, 50.21835048191387], [127.59757686436836, 50.21826564722495], [127.5975663188336, 50.21862528787642]], [[127.60107743055508, 50.218397793894574], [127.60148992835992, 50.218672586115645], [127.60106954112504, 50.21866752478267], [127.60107743055508, 50.218397793894574]], [[127.60613253800008, 50.21809878698503], [127.60584179938091, 50.21845506608859], [127.60514115594275, 50.218446655955695], [127.60543189969343, 50.21809037864824], [127.60613253800008, 50.21809878698503]], [[127.59871105726135, 50.217829623289234], [127.59913143670967, 50.217834693093835], [127.59912616989307, 50.218014513555474], [127.59884591586135, 50.21801113383325], [127.59871105726135, 50.217829623289234]], [[127.60221159538581, 50.21796173555125], [127.60235434979951, 50.21787351108221], [127.6023517224516, 50.21796342143685], [127.60221159538581, 50.21796173555125]], [[127.59983206939036, 50.21784313938933], [127.60011495410184, 50.21775660645438], [127.60011232255596, 50.21784651672495], [127.59983206939036, 50.21784313938933]], [[127.61048172707812, 50.21797100307599], [127.610624466469, 50.21788276831803], [127.61062185466368, 50.21797267898859], [127.61048172707812, 50.21797100307599]], [[127.60460949593372, 50.21745090996727], [127.60488974737231, 50.21745427576145], [127.60488450227155, 50.21763409667648], [127.60460424978014, 50.217630730860954], [127.60460949593372, 50.21745090996727]], [[127.60727450480056, 50.2173929471777], [127.60755737373348, 50.21730639597894], [127.6075547562171, 50.21739630654148], [127.60727450480056, 50.2173929471777]], [[127.59874266651555, 50.216750700586196], [127.59916303648885, 50.21675577019792], [127.59915776999237, 50.21693559069558], [127.59887752227742, 50.216932211101934], [127.59874266651555, 50.216750700586196]], [[127.60252600059381, 50.21679627235665], [127.60267137754839, 50.21661813706375], [127.60266612426463, 50.2167979578349], [127.60252600059381, 50.21679627235665]], [[127.59218864173279, 50.21559215828169], [127.59289452929721, 50.215420826109984], [127.59330695416887, 50.215695646912295], [127.59329373329452, 50.21614519710039], [127.5928627896442, 50.216499746358714], [127.59244242305498, 50.21649465397319], [127.59202999641776, 50.216219830122235], [127.59218864173279, 50.21559215828169]], [[127.60283513745567, 50.21581062876986], [127.6031075018561, 50.216083730007206], [127.60226939975571, 50.21598370752021], [127.60227465437902, 50.21580388675412], [127.60283513745567, 50.21581062876986]], [[127.60171942819073, 50.21561732130619], [127.60184640788773, 50.216068559567304], [127.60142604347118, 50.216063499713236], [127.60129643864117, 50.2157021713749], [127.60171942819073, 50.21561732130619]], [[127.6029936398095, 50.21518294093595], [127.60327387776985, 50.2151863105176], [127.6032686270172, 50.21536613137946], [127.60298838800416, 50.215362761776454], [127.6029936398095, 50.21518294093595]], [[127.59794936563111, 50.2151221729209], [127.59753428250849, 50.21493727860851], [127.59809475429854, 50.214944043405616], [127.59794936563111, 50.2151221729209]], [[127.60762542450571, 50.21496872082709], [127.60790827839547, 50.214882168613975], [127.60790566176337, 50.214972079227614], [127.60762542450571, 50.21496872082709]], [[127.60191473471134, 50.21373088959639], [127.60162924879543, 50.213907337588914], [127.60107141768404, 50.213810679572305], [127.60121941979624, 50.21354263560132], [127.60191473471134, 50.21373088959639]], [[127.60892048381876, 50.21381498972979], [127.60906321349378, 50.213726756749345], [127.60906059913916, 50.213816667425036], [127.60892048381876, 50.21381498972979]], [[127.60352686377202, 50.21132184484466], [127.60324664841494, 50.21131847606015], [127.60325452351827, 50.21104874457871], [127.60367484420587, 50.211053797454056], [127.60352686377202, 50.21132184484466]], [[127.60691039748534, 50.21064293247089], [127.60719060932314, 50.21064629238717], [127.60732548059914, 50.21082779340537], [127.60690254310336, 50.21091266439083], [127.60691039748534, 50.21064293247089]], [[127.60200407159687, 50.21067393502809], [127.60158112642017, 50.21075878657363], [127.60159426691291, 50.21030923437274], [127.60215468546535, 50.21031597913826], [127.60200407159687, 50.21067393502809]], [[127.60090952006655, 50.2097613370855], [127.6010522520707, 50.20967311391034], [127.60104962303963, 50.20976302434262], [127.60090952006655, 50.2097613370855]], [[127.59814434597158, 50.208468811861266], [127.598276542597, 50.20874023345081], [127.59785624319917, 50.20873516121606], [127.59786151305626, 50.208555340563336], [127.59814434597158, 50.208468811861266]], [[127.60348911283724, 50.2078136500175], [127.60432182944285, 50.20809348383709], [127.6041712390663, 50.208451442864195], [127.6036134659641, 50.208354797454334], [127.60348911283724, 50.2078136500175]], [[127.59667411859179, 50.20125568510948], [127.59666357262856, 50.20161532668048], [127.59596581628338, 50.201516952890096], [127.59611908244095, 50.201069094040065], [127.59667411859179, 50.20125568510948]], [[127.60217918118194, 50.19988298426881], [127.60232450675618, 50.199704848485], [127.6023192553168, 50.1998846697558], [127.60217918118194, 50.19988298426881]], [[127.59004870875218, 50.19308064458672], [127.59019141013064, 50.19299243425873], [127.5901887622584, 50.19308234453222], [127.59004870875218, 50.19308064458672]], [[127.58039288012495, 50.183249240857485], [127.58095297689935, 50.18325608521976], [127.58094498395609, 50.18352581541509], [127.58052490899087, 50.18352068234766], [127.58039288012495, 50.183249240857485]], [[127.58194113407936, 50.18299832603489], [127.58195710832656, 50.18245886534894], [127.58112763239671, 50.18208896481531], [127.58114361529114, 50.181549504234354], [127.58086357683149, 50.18154608293418], [127.58087423392598, 50.181186442560204], [127.58031682666152, 50.18108968794645], [127.5803381484999, 50.180370407287896], [127.58061818002275, 50.1803738297968], [127.58048882379944, 50.18001247823966], [127.57978341804188, 50.180183740109264], [127.57981274541874, 50.17919472925238], [127.58009277000522, 50.17919815296992], [127.57982607550471, 50.17874517880279], [127.57984740294056, 50.17802589800527], [127.58069278495073, 50.17785634643074], [127.5804314213909, 50.17722355327593], [127.58087008820145, 50.17659931507954], [127.5807513956907, 50.17587832295952], [127.58131406929584, 50.17579525467156], [127.58185544578218, 50.17643146535713], [127.58227545882635, 50.17643659309076], [127.58256344945978, 50.1761702800224], [127.5825714312086, 50.17590054929487], [127.58201674323658, 50.17571389300964], [127.58188472648797, 50.17544245297095], [127.5831341021009, 50.17581747216471], [127.5831208044378, 50.17626702348554], [127.58420363042264, 50.177539425940324], [127.58459177024449, 50.17862346874404], [127.58416376409981, 50.178888080011426], [127.58414250082319, 50.179607362044486], [127.58441189848593, 50.17997041636915], [127.58439063811986, 50.18068969834455], [127.58467067199993, 50.180693111100425], [127.58465472931213, 50.18123257258379], [127.58437469228026, 50.18122915976301], [127.58408402237214, 50.18158538713968], [127.58406009749224, 50.18239457901452], [127.5839094409282, 50.18275251271582], [127.58362939510023, 50.182749098023834], [127.58347075548096, 50.18337676160524], [127.58235055810525, 50.18336309443505], [127.58194113407936, 50.18299832603489]], [[127.58146738481928, 50.175347413688236], [127.58118471945888, 50.17543390367248], [127.58091537121858, 50.17507084201128], [127.58133537216395, 50.17507597304348], [127.58146738481928, 50.175347413688236]], [[127.60289820518881, 50.175247415756075], [127.60345559251392, 50.17534406189871], [127.60345297118874, 50.17543397295723], [127.60289033806235, 50.17551714886759], [127.60289820518881, 50.175247415756075]], [[127.60181755390022, 50.173885272374626], [127.60222967775653, 50.174160060846674], [127.60222180716947, 50.17442979393209], [127.60277656106462, 50.174616354288396], [127.6027713159876, 50.17479617637455], [127.6017965594198, 50.17460456048017], [127.60181755390022, 50.173885272374626]], [[127.57927003516973, 50.173881470907986], [127.57940736558453, 50.17397309352673], [127.57912737161979, 50.17396966841444], [127.57927003516973, 50.173881470907986]], [[127.59831760585443, 50.173843085226984], [127.5985949710898, 50.17393637497386], [127.59844708127726, 50.17420441828836], [127.59830708246488, 50.17420272875688], [127.59831760585443, 50.173843085226984]], [[127.60211853953236, 50.17316935450509], [127.60115432029957, 50.172618089337455], [127.60117007236225, 50.17207862322963], [127.6008900868473, 50.172075250664456], [127.60090059005685, 50.171715606605325], [127.60034587701205, 50.17152903754071], [127.60035901084235, 50.17107948252498], [127.60007903126237, 50.171076108053434], [127.59982007357294, 50.17035344497522], [127.59926538050553, 50.17016687087487], [127.59928115246527, 50.16962740497327], [127.59872384024757, 50.16953073933342], [127.59873961794817, 50.16899127349726], [127.5981796836297, 50.1689845162763], [127.59793918232802, 50.1676324723092], [127.59737926407733, 50.16762571136208], [127.59728666314678, 50.166005623526594], [127.59813703387137, 50.16565612035703], [127.59843013074803, 50.1652099441439], [127.59955516690518, 50.165043630602945], [127.5994257064471, 50.16468229835894], [127.59998559080105, 50.16468904915596], [127.59999609804974, 50.164329404775955], [127.60027603820718, 50.164332779119945], [127.60028129070213, 50.16415295689956], [127.60139842352328, 50.164256358598756], [127.60179472260454, 50.165070615247124], [127.60221201697694, 50.16516558123277], [127.60219890327888, 50.165615137064016], [127.60411663262893, 50.16707728618503], [127.60410615527957, 50.16743693102589], [127.60438611407913, 50.16744029561501], [127.60438087637473, 50.16762011804777], [127.60410091652534, 50.16761675343733], [127.60408519994445, 50.168156220635645], [127.6043573060489, 50.168429318921], [127.60433635374679, 50.16914860848413], [127.6046006109399, 50.16969143977462], [127.60464108883076, 50.17310974599258], [127.60436109687636, 50.17310638174361], [127.60434538016814, 50.17364584848916], [127.60364015100339, 50.17381725693806], [127.60266016534231, 50.173805470550846], [127.60211853953236, 50.17316935450509]], [[127.60084807188254, 50.17351382666098], [127.60042545427207, 50.17359867726257], [127.60029333836678, 50.17332725722863], [127.6007159537971, 50.173242407085795], [127.60084807188254, 50.17351382666098]], [[127.59918388441618, 50.17295411050619], [127.59988911620486, 50.17278272912008], [127.60015859663586, 50.173145748012395], [127.59945598904095, 50.173227220049604], [127.59918388441618, 50.17295411050619]], [[127.60015859663586, 50.173145748012395], [127.60029596542536, 50.17323734625848], [127.60015596932804, 50.17323565897868], [127.60015859663586, 50.173145748012395]], [[127.57708617253375, 50.17196593689826], [127.5772288337462, 50.171877741850764], [127.5772261635311, 50.17196765194929], [127.57708617253375, 50.17196593689826]], [[127.59977540115102, 50.171881931715994], [127.5993501674657, 50.17205668949615], [127.59935805355612, 50.17178695663055], [127.59977540115102, 50.171881931715994]], [[127.59977277324181, 50.171971842687235], [127.59991013796373, 50.17206344137327], [127.59977014531927, 50.172061753657], [127.59977277324181, 50.171971842687235]], [[127.59473305636105, 50.17191097276101], [127.59487832244504, 50.17173284497509], [127.59487304826332, 50.171912666543975], [127.59473305636105, 50.17191097276101]], [[127.59782867059954, 50.17140873162378], [127.59740606651252, 50.17149357137911], [127.59727134080556, 50.17131205889269], [127.59755921743734, 50.171045707450126], [127.59783656507355, 50.17113899890335], [127.59782867059954, 50.17140873162378]], [[127.57852609948465, 50.17063442744935], [127.57879540525308, 50.17099749455488], [127.57809012707294, 50.171168747479165], [127.57810613798111, 50.17062928658863], [127.57852609948465, 50.17063442744935]], [[127.57557835194565, 50.17086813970675], [127.57586634534938, 50.17060184302907], [127.57599831508178, 50.17087328972386], [127.57557835194565, 50.17086813970675]], [[127.57671695134914, 50.170252499017224], [127.57643697945119, 50.17024906760385], [127.57644766550315, 50.16988942721694], [127.57770219174594, 50.170084683363164], [127.57796348212686, 50.170717482777825], [127.57726354531283, 50.170708910433056], [127.57657162281126, 50.17043060359017], [127.57671695134914, 50.170252499017224]], [[127.59338593523974, 50.170095810877385], [127.59379533897959, 50.17046053952586], [127.59295541360852, 50.170450366717944], [127.59351800331146, 50.17036723851053], [127.59324066873339, 50.17027393684057], [127.59338593523974, 50.170095810877385]], [[127.57449322872611, 50.1696855686888], [127.5751931497509, 50.169694157599714], [127.57559973719012, 50.170148859254205], [127.5748998094002, 50.17014027273693], [127.57449322872611, 50.1696855686888]], [[127.5912808517146, 50.17025018154966], [127.5917008122837, 50.17025527475197], [127.59169552645413, 50.170435096121665], [127.59141555167803, 50.17043170080059], [127.5912808517146, 50.17025018154966]], [[127.59703085483312, 50.169960013690456], [127.59659772742174, 50.170404494162284], [127.596180399171, 50.17030950779541], [127.5961856681473, 50.170129686075924], [127.59660299484972, 50.17022467241364], [127.5966108958917, 50.1699549397794], [127.59703085483312, 50.169960013690456]], [[127.59747450212619, 50.16915588781045], [127.5984438699119, 50.169527360996], [127.59843334907872, 50.16988700481392], [127.5978760356455, 50.16979033509873], [127.59746660616885, 50.16942562058167], [127.59747450212619, 50.16915588781045]], [[127.59508159355212, 50.1695766791551], [127.594519015719, 50.16965981504933], [127.59438958159463, 50.16929847768668], [127.59509213942425, 50.1692170358338], [127.59508159355212, 50.1695766791551]], [[127.57059781904483, 50.168828203945885], [127.57101776339366, 50.16883337181751], [127.57100703699125, 50.16919301142059], [127.57058977190117, 50.16909793360129], [127.57059781904483, 50.168828203945885]], [[127.59468801047515, 50.1686724900377], [127.59524794031111, 50.16867926405926], [127.5953826511041, 50.16886077884614], [127.594680098969, 50.16894222250963], [127.59468801047515, 50.1686724900377]], [[127.59692773109938, 50.168699569933686], [127.59734504692806, 50.168794553535086], [127.59733978255143, 50.16897437538535], [127.59692246517454, 50.16887939175479], [127.59692773109938, 50.168699569933686]], [[127.59706771375174, 50.16870126099368], [127.59721032883489, 50.168613040961496], [127.59720769641741, 50.16870295188502], [127.59706771375174, 50.16870126099368]], [[127.57131381240764, 50.16829735670683], [127.57102580805295, 50.16856364209942], [127.57103385259012, 50.1682939123678], [127.57131381240764, 50.16829735670683]], [[127.59566261717872, 50.16886416452919], [127.59608783546523, 50.16868942003214], [127.59608256639066, 50.1688692417889], [127.59566261717872, 50.16886416452919]], [[127.59622254948798, 50.16887093387151], [127.59636516661763, 50.168782714897105], [127.59636253259863, 50.16887262578546], [127.59622254948798, 50.16887093387151]], [[127.57189785091172, 50.167495053790404], [127.57202175109232, 50.16803623474343], [127.57160449393969, 50.167941160620735], [127.57147791812919, 50.1674898891999], [127.57189785091172, 50.167495053790404]], [[127.59218417985613, 50.168102509144454], [127.59246414111689, 50.1681059024993], [127.59245885855402, 50.168285723994835], [127.59231887739202, 50.168284027390975], [127.59218417985613, 50.168102509144454]], [[127.59036707816358, 50.16799052522587], [127.5905097032734, 50.1679023134984], [127.59050705835091, 50.16799222417458], [127.59036707816358, 50.16799052522587]], [[127.59387977984272, 50.16758339430983], [127.59373716181437, 50.16767161024129], [127.59345720293769, 50.167668219975766], [127.59346248163901, 50.16748839838397], [127.59387977984272, 50.16758339430983]], [[127.59066290631101, 50.16745445884274], [127.59094550765788, 50.16736794513103], [127.59094286360308, 50.16745785583238], [127.59066290631101, 50.16745445884274]], [[127.59600054596784, 50.16688951000106], [127.59614579176555, 50.16671138031152], [127.59614052327764, 50.166891202134316], [127.59600054596784, 50.16688951000106]], [[127.5942072208025, 50.16596838850002], [127.59462187033017, 50.16615329253841], [127.59432609460225, 50.16668936956496], [127.59391144164073, 50.166504464457596], [127.5942072208025, 50.16596838850002]], [[127.59238491214616, 50.16603625839975], [127.59295009094917, 50.165863221662846], [127.59293689004913, 50.16631277565867], [127.59238491214616, 50.16603625839975]], [[127.59532965296366, 50.16589202705963], [127.59546172099147, 50.166163452669025], [127.59518177071766, 50.16616006663336], [127.59518704266638, 50.16598024486166], [127.59532965296366, 50.16589202705963]], [[127.59309006507848, 50.165864917447], [127.59323267883623, 50.165776702248095], [127.59323003922118, 50.16586661306252], [127.59309006507848, 50.165864917447]], [[127.59505234049459, 50.16579872983464], [127.59519758640374, 50.165620601300255], [127.59519231456174, 50.165800423083965], [127.59505234049459, 50.16579872983464]], [[127.59617213340525, 50.165812271107534], [127.5963147414073, 50.165724052073784], [127.59631210757908, 50.165813963007814], [127.59617213340525, 50.165812271107534]], [[127.59323531843792, 50.16568679143218], [127.59338057070757, 50.16550866522123], [127.5933752920691, 50.16568848686832], [127.59323531843792, 50.16568679143218]], [[127.59396420703114, 50.164706247556936], [127.59452409035643, 50.164713024680864], [127.59409098830764, 50.165157496399154], [127.59477766581689, 50.16561552107861], [127.59421513413659, 50.165698655943956], [127.59366315573462, 50.1654221447296], [127.59396420703114, 50.164706247556936]], [[127.59144737756495, 50.16458580634776], [127.59186728853012, 50.164590898533184], [127.59185936229339, 50.16486063086918], [127.59143944896648, 50.16485553863535], [127.59144737756495, 50.16458580634776]], [[127.5955065219322, 50.16463496723584], [127.59509188194525, 50.164450066391055], [127.5955117923777, 50.164455145391656], [127.5955065219322, 50.16463496723584]], [[127.59676362579208, 50.16474010619662], [127.59620374161317, 50.16473333986467], [127.59621164336521, 50.16446360702019], [127.59705672960918, 50.16429393344171], [127.59676362579208, 50.16474010619662]], [[127.59354693359394, 50.16461125209878], [127.59284708125016, 50.16460277439735], [127.59285236166737, 50.164422952757235], [127.59341751968083, 50.164249913523506], [127.59354693359394, 50.16461125209878]], [[127.58812253191867, 50.1633761758424], [127.58840246508358, 50.16337957875498], [127.58839716816699, 50.163559400083564], [127.58811723395247, 50.16355599714942], [127.58812253191867, 50.1633761758424]], [[127.60057698388005, 50.16361686378636], [127.60016233268895, 50.163431980923804], [127.60058486070913, 50.16334713038544], [127.60057698388005, 50.16361686378636]], [[127.59023790192366, 50.16286221680458], [127.58995003506418, 50.163128550536136], [127.58981536064962, 50.16294702958369], [127.59023790192366, 50.16286221680458]], [[127.60004863110282, 50.16253118251599], [127.60088317032927, 50.16272112520007], [127.60087529535356, 50.16299085866455], [127.60017546447406, 50.16298242531332], [127.59990078588586, 50.162799228559216], [127.60004863110282, 50.16253118251599]], [[127.59499672630405, 50.16291988750061], [127.59527929313154, 50.16283336288529], [127.59527665763072, 50.16292327382441], [127.59499672630405, 50.16291988750061]], [[127.59235322722894, 50.1623482188056], [127.59208386535366, 50.16198518215725], [127.59375814271745, 50.16218535361455], [127.59403543183689, 50.162278653788775], [127.59402751845018, 50.162548386483714], [127.59235322722894, 50.1623482188056]], [[127.5876236126454, 50.16130142302764], [127.58804879196862, 50.16112670742343], [127.58846602390112, 50.161221722343356], [127.58803554731645, 50.16157626084047], [127.5876156634526, 50.16157115502481], [127.5876236126454, 50.16130142302764]], [[127.58832871198791, 50.16113011040359], [127.58847396821054, 50.16095199023108], [127.58846867201767, 50.161131811640765], [127.58832871198791, 50.16113011040359]], [[127.59083477615691, 50.161610260832475], [127.59027757471975, 50.1615135554628], [127.59014554845136, 50.161242124103175], [127.59070539039654, 50.16124891929449], [127.59083477615691, 50.161610260832475]], [[127.58834460197988, 50.16059064618887], [127.5893296043344, 50.1604227295897], [127.58973889577558, 50.16078747216888], [127.5883393053695, 50.16077046759979], [127.58834460197988, 50.16059064618887]], [[127.5938082677597, 50.160477046408495], [127.59365511767541, 50.16092490617478], [127.59310055760201, 50.160738303458146], [127.59325107315908, 50.16038035534857], [127.5938082677597, 50.160477046408495]], [[127.56399203591016, 50.160292069671286], [127.56469720179393, 50.16012090110807], [127.56469181656513, 50.16030072068726], [127.56399203591016, 50.160292069671286]], [[127.59226080284549, 50.16072812705057], [127.59198088470023, 50.160724733565914], [127.59184620911358, 50.160543214887504], [127.5921287673709, 50.160456697833254], [127.59226080284549, 50.16072812705057]], [[127.56386016236482, 50.160020609689994], [127.56357216768073, 50.1602868770386], [127.56343760158238, 50.16010532634339], [127.56386016236482, 50.160020609689994]], [[127.58806733391864, 50.160497332576504], [127.58821258913977, 50.16031921270401], [127.5882072920851, 50.16049903411313], [127.58806733391864, 50.160497332576504]], [[127.58834725026497, 50.16050073548116], [127.58848985646756, 50.160412525966], [127.58848720845823, 50.1605024366806], [127.58834725026497, 50.16050073548116]], [[127.59144218840937, 50.15999865793376], [127.59298963375666, 50.159747588006795], [127.5929790756476, 50.16010723159324], [127.59213669085531, 50.160186965260465], [127.59184885082648, 50.16045330404366], [127.59143161859673, 50.160358301265596], [127.59144218840937, 50.15999865793376]], [[127.58751280106505, 50.16031070338882], [127.58765540820981, 50.1602224949038], [127.58765275865318, 50.16031240558905], [127.58751280106505, 50.16031070338882]], [[127.58599714234063, 50.15948277242057], [127.58671282530482, 50.15895182677713], [127.58811765875795, 50.158789029049636], [127.58826555673797, 50.15852099828225], [127.59006906983767, 50.159082566184715], [127.58978122518253, 50.15934889985113], [127.58880683574777, 50.159157177535256], [127.5882231830883, 50.1599595698677], [127.58794591889524, 50.159866255988526], [127.58809646994169, 50.159508314811234], [127.58768190303857, 50.15932338796873], [127.58697682817889, 50.15949469692345], [127.587106181277, 50.159856042443195], [127.58640374843327, 50.15993743716177], [127.58599714234063, 50.15948277242057]], [[127.59776656828522, 50.159175765782784], [127.59818643299701, 50.159180834729774], [127.59817854383505, 50.1594505680488], [127.59775867676224, 50.15944549905362], [127.59776656828522, 50.159175765782784]], [[127.57716815990779, 50.15505766987255], [127.57660839353301, 50.15505081004645], [127.57647646204113, 50.154779363667316], [127.57703622521474, 50.15478622410244], [127.57716815990779, 50.15505766987255]], [[127.57327120799323, 50.15429031275423], [127.57285139062209, 50.154285154109026], [127.57244763837026, 50.153740532806], [127.57202782596345, 50.15373537122488], [127.5721570513768, 50.15409673264341], [127.5724369284262, 50.154100173572544], [127.57227824513525, 50.15472782443765], [127.57185842411481, 50.15472266217094], [127.57158658098575, 50.15444948937407], [127.57159997652043, 50.15399993860581], [127.57187985293693, 50.15400338087249], [127.5718878885216, 50.15373365036075], [127.57120160044177, 50.15327549276513], [127.57148147258104, 50.15327893595585], [127.57148683100762, 50.15309911562486], [127.57176670215219, 50.15310255811955], [127.57189860244475, 50.15337400965738], [127.57330064280768, 50.153301300261674], [127.57331402172724, 50.152851749068546], [127.57302879928189, 50.15302813077464], [127.57205192962545, 50.15292617955937], [127.57109650342277, 50.15210493887078], [127.57111258220229, 50.151565477840634], [127.57069815014047, 50.151380491273194], [127.57071423298886, 50.150841030269085], [127.57031053336377, 50.150296401678474], [127.57046922648573, 50.14966875313113], [127.56935787160681, 50.14938523686623], [127.57020814435315, 50.14903593645645], [127.57021350674906, 50.14885611609322], [127.56965917889814, 50.1486694030404], [127.56996584010481, 50.1477737478919], [127.57038291917922, 50.1478688266883], [127.57022959361122, 50.148316654967395], [127.57119564812106, 50.14877826165559], [127.57116081561229, 50.14994709442531], [127.57185241282141, 50.15022543165635], [127.57197894995689, 50.150676703615005], [127.5722588070231, 50.15068014480393], [127.57224809682373, 50.15103978573142], [127.57280781531394, 50.15104666617403], [127.5730742944525, 50.151499656673145], [127.57335415645508, 50.15150309526355], [127.57334345415882, 50.1518627363113], [127.57389783339025, 50.1520494321152], [127.57385771317772, 50.153398086111686], [127.57301006483885, 50.15365750233716], [127.57383363958853, 50.15420727834716], [127.57381223992218, 50.15492656023199], [127.5729752705413, 50.15482633504347], [127.57327120799323, 50.15429031275423]], [[127.58318566206498, 50.15513124266939], [127.583328261457, 50.15504303935827], [127.58332560427185, 50.15513294995625], [127.58318566206498, 50.15513124266939]], [[127.5837640254792, 50.15450869647437], [127.58390927797454, 50.15433058178733], [127.58390396590399, 50.1545104030491], [127.5837640254792, 50.15450869647437]], [[127.56110195138976, 50.1539602766492], [127.56026232701656, 50.15394986992142], [127.5601304913794, 50.153678405749716], [127.56111004759327, 50.15369054740661], [127.56110195138976, 50.1539602766492]], [[127.58531663785352, 50.15407790608959], [127.5855965163895, 50.15408131530813], [127.58559121069374, 50.15426113670865], [127.58545127089454, 50.15425943217286], [127.58531663785352, 50.15407790608959]], [[127.58406515220379, 50.15379282432884], [127.58419446878315, 50.15415417312008], [127.58377730686603, 50.15405914333569], [127.58406515220379, 50.15379282432884]], [[127.57706558288481, 50.15379721007645], [127.57734545878307, 50.1538006391631], [127.57734012219541, 50.15398045993035], [127.57706024524815, 50.15397703082198], [127.57706558288481, 50.15379721007645]], [[127.57048851484883, 50.15371643244884], [127.57091636777804, 50.15345186918154], [127.57104826415522, 50.153723321636264], [127.57048851484883, 50.15371643244884]], [[127.55972418828954, 50.15322365116131], [127.56013859296695, 50.15340867660901], [127.56013589245143, 50.15349858632407], [127.55971608442385, 50.15349338026156], [127.55972418828954, 50.15322365116131]], [[127.58493132291002, 50.15290395209901], [127.58562834943655, 50.153002386778866], [127.58548045444154, 50.15327041445509], [127.58588965636113, 50.15363517027085], [127.58532725118201, 50.15371826331377], [127.58519527362529, 50.153446826391836], [127.58449558676628, 50.15343829974208], [127.58450355122119, 50.153168567728194], [127.58492336093614, 50.15317368417506], [127.58493132291002, 50.15290395209901]], [[127.57833302412521, 50.15354290438064], [127.57777594259808, 50.15344613991115], [127.57778394485615, 50.15317640868206], [127.57862089627116, 50.153276599078374], [127.57833302412521, 50.15354290438064]], [[127.58885747053648, 50.152681899454464], [127.58940927554069, 50.152958432624025], [127.58912411086445, 50.15313485435711], [127.58911352623423, 50.15349449775771], [127.58883365069943, 50.15349109704261], [127.58885747053648, 50.152681899454464]], [[127.58702771145184, 50.1530194221101], [127.5862013520361, 50.152559649208285], [127.58621726113869, 50.15202018468789], [127.58803904327945, 50.15195240696652], [127.5876033504044, 50.15248676672395], [127.58759275461074, 50.152846409929396], [127.58687717382972, 50.153377362396945], [127.58646001312452, 50.15328234225004], [127.58646796648475, 50.15301261000024], [127.58702771145184, 50.1530194221101]], [[127.5773668045937, 50.15308135603392], [127.57708426418776, 50.15316783741975], [127.5770869328913, 50.15307792703421], [127.5773668045937, 50.15308135603392]], [[127.5773668045937, 50.15308135603392], [127.57750940836847, 50.15299315987759], [127.57750674046513, 50.15308307028095], [127.5773668045937, 50.15308135603392]], [[127.58536970234783, 50.152279691970094], [127.58480996641633, 50.1522728719426], [127.5846779956114, 50.15200143442566], [127.5853776615588, 50.152009959800324], [127.58536970234783, 50.152279691970094]], [[127.5841156076783, 50.15208452176819], [127.58341328428277, 50.15216589942944], [127.58342125446688, 50.15189616748224], [127.58412622926538, 50.15172487905473], [127.5841156076783, 50.15208452176819]], [[127.57782128712107, 50.15191766276737], [127.57796388656526, 50.151829465998965], [127.57796121962404, 50.15191937643814], [127.57782128712107, 50.15191766276737]], [[127.58594004655296, 50.151926866318355], [127.58608528299865, 50.15174874869703], [127.5860799795742, 50.15192857020806], [127.58594004655296, 50.151926866318355]], [[127.57670716617208, 50.151724126551535], [127.57684976705454, 50.15163593116107], [127.5768470980426, 50.151725841559795], [127.57670716617208, 50.151724126551535]], [[127.58468861294921, 50.15164179161969], [127.5835957199042, 50.15072903574132], [127.58360368865652, 50.15045930370577], [127.58417136861233, 50.15019639725438], [127.5841793339764, 50.149926665126905], [127.58445918814604, 50.14993007688209], [127.5845938065949, 50.15011160395915], [127.58416605830243, 50.15037621866521], [127.58429271199272, 50.15082747818186], [127.58484977699622, 50.15092421128284], [127.58525895441223, 50.151288969253606], [127.58582133111655, 50.15120587626635], [127.58594800245622, 50.15165713406576], [127.58539623258129, 50.15138058468499], [127.58468861294921, 50.15164179161969]], [[127.58668477136023, 50.15040690067911], [127.58750580088811, 50.151046491680155], [127.58778566199462, 50.15104989547511], [127.58777506810756, 50.15140953879824], [127.58748990683054, 50.15158595659112], [127.58707276038116, 50.151490938738945], [127.58708600932886, 50.15104138472364], [127.58653158902044, 50.15085475151527], [127.58626233430655, 50.1504917015864], [127.58668477136023, 50.15040690067911]], [[127.58640491413908, 50.15040349426304], [127.58626763677732, 50.1503118800165], [127.58640756510556, 50.15031358347194], [127.58640491413908, 50.15040349426304]], [[127.57686844975998, 50.15100655832788], [127.57701104818804, 50.150918362707934], [127.57700837954636, 50.15100827312412], [127.57686844975998, 50.15100655832788]], [[127.5766019372343, 50.15055357621534], [127.57645133017247, 50.15091150253349], [127.57618482211771, 50.15045851949461], [127.5766019372343, 50.15055357621534]], [[127.58597982486162, 50.15057820492021], [127.58625438049984, 50.150761433929965], [127.58597452126155, 50.150758026459485], [127.58597982486162, 50.15057820492021]], [[127.58877576262026, 50.1507021599503], [127.58835862118158, 50.150607146746985], [127.58836656310876, 50.15033741415165], [127.58864642018075, 50.15034081583786], [127.58877576262026, 50.1507021599503]], [[127.57479623234698, 50.150081712800244], [127.57409659774146, 50.15007312392275], [127.57396469364497, 50.1498016747025], [127.57480959572042, 50.149632161064154], [127.57479623234698, 50.150081712800244]], [[127.5862729391944, 50.150132058440605], [127.58642347062269, 50.14977411869384], [127.5868432509684, 50.14977922795177], [127.58683265049027, 50.15013887120795], [127.5862729391944, 50.150132058440605]], [[127.57245495506122, 50.148793749766995], [127.57203518595924, 50.14878858857991], [127.57190329696569, 50.148517137090096], [127.57246298592858, 50.148524018944485], [127.57245495506122, 50.148793749766995]], [[127.5741447278998, 50.14845473798682], [127.5742926705551, 50.14818672494836], [127.57456984041674, 50.14828007080264], [127.57456182146872, 50.14854980188382], [127.5741447278998, 50.14845473798682]], [[127.57373031055427, 50.148269762275056], [127.57276691764311, 50.14771826621366], [127.57263502730775, 50.14744681549594], [127.57334532384611, 50.14709577153185], [127.57389964835086, 50.147282467003635], [127.57415007542461, 50.1482749172972], [127.57373031055427, 50.148269762275056]], [[127.58492938909234, 50.148226888949324], [127.58507727101468, 50.14795886164192], [127.58549703522719, 50.14796397563172], [127.58590354109421, 50.148418642132555], [127.5854758152281, 50.14868326192846], [127.58492938909234, 50.148226888949324]], [[127.58941484036352, 50.14801163306411], [127.58983460582235, 50.148016731381226], [127.58982667280495, 50.14828646425534], [127.58954682757933, 50.14828306551347], [127.58941484036352, 50.14801163306411]], [[127.58467608472834, 50.14732437077384], [127.58565552161775, 50.147336304331624], [127.58564756528705, 50.14760603675192], [127.58467077685108, 50.147504192313235], [127.58467608472834, 50.14732437077384]], [[127.56983932905581, 50.147322473748595], [127.56998461059385, 50.147144376523265], [127.57026444680395, 50.14714782234235], [127.57025908492349, 50.147327642762754], [127.56983932905581, 50.147322473748595]], [[127.56998461059385, 50.147144376523265], [127.56984737421544, 50.14705274316488], [127.569987292038, 50.14705446632173], [127.56998461059385, 50.147144376523265]], [[127.57239266622801, 50.14618463117991], [127.57295232808988, 50.14619151044518], [127.57280706045884, 50.14636961153148], [127.57322145790297, 50.14655459042584], [127.57321343186157, 50.14682432142936], [127.57238463563061, 50.14645436210339], [127.57239266622801, 50.14618463117991]], [[127.56902665013924, 50.146413029499726], [127.56916924895383, 50.14632484344861], [127.5691665660454, 50.146414753629415], [127.56902665013924, 50.146413029499726]], [[127.56903469961023, 50.14614329896919], [127.56917998045188, 50.14596520271036], [127.56945980968358, 50.14596865040958], [127.56931184724418, 50.146236657216555], [127.56903469961023, 50.14614329896919]], [[127.5733800995992, 50.14592693707333], [127.57282044072043, 50.14592005989556], [127.57282579273033, 50.14574023923066], [127.57338812444817, 50.14565720600835], [127.5733800995992, 50.14592693707333]], [[127.5710122684571, 50.14553804939543], [127.57128405881619, 50.14581122348308], [127.57100423028034, 50.14580778018688], [127.5710122684571, 50.14553804939543]], [[127.56878170534158, 50.14524074848014], [127.56975304779424, 50.14552254636886], [127.56932794275555, 50.14569719605835], [127.56849114413346, 50.145596939860404], [127.5684991963834, 50.14532720935482], [127.56878170534158, 50.14524074848014]], [[127.58390029600413, 50.14515627727479], [127.5848929548268, 50.144718662920184], [127.58490356781432, 50.1443590196275], [127.58573507828356, 50.144638979385164], [127.58487172820739, 50.14543794943346], [127.58389233041655, 50.14542600959249], [127.58390029600413, 50.14515627727479]], [[127.57061932901895, 50.144633780664236], [127.57047673792798, 50.14472196858736], [127.57047941821955, 50.14463205832881], [127.57061932901895, 50.144633780664236]], [[127.57061932901895, 50.144633780664236], [127.57076191958572, 50.1445455925602], [127.57075923983192, 50.14463550283116], [127.57061932901895, 50.144633780664236]], [[127.56839954703878, 50.14397683179921], [127.56895381599169, 50.14416355050333], [127.56894844976432, 50.14434337091379], [127.56866326274726, 50.14451974244581], [127.56810899086635, 50.14433302234016], [127.56839954703878, 50.14397683179921]], [[127.58350711560324, 50.14425205006009], [127.58408003134032, 50.143809321583255], [127.58310066714004, 50.143797375346445], [127.58311129321986, 50.143437732274805], [127.58255697607923, 50.14325108073186], [127.5825622910815, 50.14307125922429], [127.58340704497026, 50.14290168156709], [127.58353632889516, 50.14326303145937], [127.58381879925538, 50.14317653363478], [127.58368685805785, 50.14290509483795], [127.58397198085216, 50.14272868580706], [127.5848034576714, 50.14300865202569], [127.58493275242269, 50.143370000448655], [127.58421463163864, 50.14399084912786], [127.5843359615691, 50.14462193053861], [127.58335392451764, 50.14469989708156], [127.58350711560324, 50.14425205006009]], [[127.56965068102924, 50.14426207985965], [127.56979327223314, 50.144173892945474], [127.56979059069884, 50.14426380318422], [127.56965068102924, 50.14426207985965]], [[127.5692631421986, 50.143177986172724], [127.56954295517967, 50.14318143353326], [127.56953490941123, 50.14345116426191], [127.56925509485761, 50.143447716868586], [127.5692631421986, 50.143177986172724]], [[127.58632653204937, 50.14356686358942], [127.58604671478241, 50.14356345664573], [127.58591210867128, 50.1433819311631], [127.58619457556986, 50.143295427530155], [127.58632653204937, 50.14356686358942]], [[127.56772417177322, 50.14315901364264], [127.56730713894054, 50.143063925619515], [127.56731251107787, 50.142884105298144], [127.56787481818893, 50.1428010985303], [127.56772417177322, 50.14315901364264]], [[127.5821425702203, 50.14306613498899], [127.58158028326459, 50.14314921103299], [127.58145633347448, 50.142608037648344], [127.58201329733005, 50.14270478362704], [127.5821425702203, 50.14306613498899]], [[127.56637348972147, 50.141523365803955], [127.56678513344616, 50.14179827739327], [127.56677169857488, 50.14224782816631], [127.5662093961735, 50.14233082963914], [127.56608293385187, 50.14187955141995], [127.56637348972147, 50.141523365803955]], [[127.56832942767122, 50.14163744155464], [127.56860654803867, 50.14173080131993], [127.5684505428937, 50.142268537957825], [127.56803620090264, 50.14208354238136], [127.56832942767122, 50.14163744155464]], [[127.56943523368, 50.14210078695282], [127.56971504039831, 50.1421042338453], [127.56970967741601, 50.142284054379594], [127.56942986964938, 50.14228060746527], [127.56943523368, 50.14210078695282]], [[127.58007857526148, 50.141871652387835], [127.5796695165062, 50.141506876609185], [127.58092863717518, 50.14152227123226], [127.5807754313264, 50.14197011492586], [127.58007857526148, 50.141871652387835]], [[127.57995198323674, 50.14142038813726], [127.579822731083, 50.14105903441558], [127.58010253298814, 50.14106245623113], [127.58023178726532, 50.141423809659216], [127.57995198323674, 50.14142038813726]], [[127.58175475723434, 50.14198208045547], [127.58176007500505, 50.141802258970806], [127.58190263683898, 50.141714056897406], [127.58175475723434, 50.14198208045547]], [[127.567382343917, 50.14054644057247], [127.56892391310753, 50.14047550665655], [127.56933019862396, 50.14093022984727], [127.56807378428572, 50.14082479939076], [127.5683508994799, 50.140918159734184], [127.56834284765345, 50.14118789042814], [127.56778056027906, 50.14127089965499], [127.567382343917, 50.14054644057247]], [[127.58138025875152, 50.140448470847204], [127.5805461855073, 50.14025839126605], [127.58041427059672, 50.13998694884435], [127.58112173968553, 50.13972576617768], [127.58112705940414, 50.139545944672044], [127.58209570381787, 50.13991754997621], [127.58265795192692, 50.13983447106052], [127.58253931209032, 50.13911347686562], [127.58296165480546, 50.139028688542695], [127.58307764460585, 50.139839593195], [127.58279253596282, 50.14001600023371], [127.58361068266652, 50.140745528746294], [127.58192124668415, 50.141084681605314], [127.58138025875152, 50.140448470847204]], [[127.56625777923283, 50.14071244710132], [127.56597529269916, 50.140798902091696], [127.56598604604258, 50.14043926151134], [127.56626584264772, 50.14044271663095], [127.56625777923283, 50.14071244710132]], [[127.56782083411576, 50.13992224640038], [127.56739845788323, 50.14000697933746], [127.56726661836113, 50.13973552261563], [127.56782620372978, 50.13974242594086], [127.56782083411576, 50.13992224640038]], [[127.57930041485335, 50.139793439399156], [127.58044354323914, 50.138997930836524], [127.58059408135709, 50.13863999805127], [127.5812882322563, 50.138828367929605], [127.58099514306856, 50.13927450286649], [127.57986266606504, 50.13971037404653], [127.57985467931104, 50.13998010614739], [127.57930041485335, 50.139793439399156]], [[127.5787488190572, 50.13951685937471], [127.57887805917879, 50.139878214280635], [127.57846103179679, 50.13978316632122], [127.5787488190572, 50.13951685937471]], [[127.56475386798286, 50.13952460407037], [127.56461128164374, 50.139612784903996], [127.56461397244352, 50.13952287479637], [127.56475386798286, 50.13952460407037]], [[127.56475386798286, 50.13952460407037], [127.56489645379793, 50.13943642305577], [127.5648937635358, 50.139526333175866], [127.56475386798286, 50.13952460407037]], [[127.56489645379793, 50.13943642305577], [127.56503903908892, 50.13934824186026], [127.56503634910246, 50.139438151987335], [127.56489645379793, 50.13943642305577]], [[127.56576002342652, 50.13863760267383], [127.5670110024986, 50.13892287809519], [127.56727736161868, 50.13937588176602], [127.5665751983501, 50.139457159115636], [127.56644873959092, 50.13900588111303], [127.56575195768315, 50.138907333168795], [127.56576002342652, 50.13863760267383]], [[127.57765631177, 50.13860404906638], [127.57807865824478, 50.138519278533416], [127.57806799628753, 50.13887892112762], [127.57834245525282, 50.139062168372874], [127.57763498124316, 50.139323334088374], [127.57736052354178, 50.139140085189155], [127.57765631177, 50.13860404906638]], [[127.57905524892755, 50.13862117689624], [127.57821322125069, 50.13870081287463], [127.57822921237177, 50.138161348923724], [127.57879411021801, 50.13798837790084], [127.57906856696746, 50.13817162343725], [127.57905524892755, 50.13862117689624]], [[127.57808931998632, 50.13815963591517], [127.57781220118159, 50.13806629874524], [127.5778201988778, 50.13779656679384], [127.5785196555647, 50.137805131727994], [127.57808931998632, 50.13815963591517]], [[127.56648904763676, 50.13765722811468], [127.56676076828549, 50.13793041254374], [127.56620926724995, 50.13765377367139], [127.56648904763676, 50.13765722811468]], [[127.56427771831636, 50.136730472390404], [127.56511166358032, 50.13692066786037], [127.56536723721187, 50.137733316465166], [127.56480767587983, 50.137726401492195], [127.56481843680598, 50.137366760904314], [127.56426964478405, 50.13700020279942], [127.56427771831636, 50.136730472390404]], [[127.57600428234794, 50.13768436767228], [127.57615218018756, 50.13741635140672], [127.57671174067045, 50.13742321169013], [127.57670640480225, 50.137603032917674], [127.57628406410743, 50.13768779852043], [127.57600428234794, 50.13768436767228]], [[127.56347878374712, 50.13537143944124], [127.56389843388241, 50.135376630549665], [127.5638930503777, 50.13555645083612], [127.56361328255932, 50.13555299024368], [127.56347878374712, 50.13537143944124]], [[127.57579124130118, 50.135433171362344], [127.57578323286776, 50.13570290318651], [127.57522369267433, 50.135696038599605], [127.57537425873036, 50.135338112629015], [127.57579124130118, 50.135433171362344]], [[127.57304437501658, 50.13369052200334], [127.57359854448076, 50.13387721799226], [127.57331343735477, 50.13405360193606], [127.5727565920074, 50.13395681509927], [127.57304437501658, 50.13369052200334]], [[127.57179884800632, 50.13322549122747], [127.57194140208455, 50.13313730119614], [127.57193872562343, 50.13322721169085], [127.57179884800632, 50.13322549122747]], [[127.56260197635585, 50.13194273645689], [127.56272299428694, 50.13257383899657], [127.56216349377239, 50.13256691179832], [127.56231953539424, 50.13202918306995], [127.56260197635585, 50.13194273645689]], [[127.5610606740551, 50.13201358883326], [127.56120594040222, 50.131835502015534], [127.56148568625065, 50.131838968221615], [127.56148029437877, 50.13201878842797], [127.5610606740551, 50.13201358883326]], [[127.56120594040222, 50.131835502015534], [127.56106876419969, 50.1317438585709], [127.56120863684154, 50.131745591921074], [127.56120594040222, 50.131835502015534]], [[127.56547203255874, 50.12954975714657], [127.56561458704164, 50.12946157483519], [127.56561189907525, 50.12955148513877], [127.56547203255874, 50.12954975714657]], [[127.55625710546403, 50.12889587767408], [127.55738683146663, 50.12855014558767], [127.5579300702906, 50.129096555465175], [127.55625169456242, 50.129075697558754], [127.55625710546403, 50.12889587767408]], [[127.55822601031363, 50.12856056929054], [127.55727129976351, 50.127739217757565], [127.55684901341715, 50.12782391326093], [127.55685983020976, 50.12746427331304], [127.558123973493, 50.127300091979656], [127.55853544899668, 50.127575032002156], [127.55852464471835, 50.12793467220825], [127.55921855216884, 50.12812317226874], [127.5592050529235, 50.12857272261495], [127.55822601031363, 50.12856056929054]], [[127.55979689118996, 50.12750074250882], [127.55993944979014, 50.12741256717305], [127.55993675138689, 50.12750247728484], [127.55979689118996, 50.12750074250882]]], [[[127.45262995180421, 50.29629436937836], [127.45277321595857, 50.296206334644125], [127.45263286862657, 50.29620446628792], [127.45262995180421, 50.29629436937836]]], [[[127.44887858260294, 50.29507512136424], [127.44690498902585, 50.295318592158154], [127.44661551617375, 50.29558454969764], [127.44563310082724, 50.29557141572918], [127.4453436193874, 50.29583737000985], [127.44464189076997, 50.29582798173957], [127.44378808311673, 50.29617632109905], [127.44392256331618, 50.29635800557131], [127.4451827578232, 50.296464812123624], [127.44501602931443, 50.29727205941429], [127.44557449904187, 50.29736947149152], [127.44555105666316, 50.29808869362592], [127.44638731374762, 50.29827975841103], [127.44665337826393, 50.29873302415219], [127.44720894124436, 50.29892033134597], [127.44719723185152, 50.299279942607455], [127.44634923808516, 50.29944849459632], [127.44647787950866, 50.299809981731244], [127.4459105898075, 50.29998228200008], [127.44588715032491, 50.300701503924145], [127.44560643013739, 50.300697750175004], [127.44559763849999, 50.30096745833569], [127.44643394600602, 50.301158523161725], [127.44641637166897, 50.30169793963799], [127.44725269533461, 50.30188899869803], [127.44724098503912, 50.302248609782374], [127.44752171457196, 50.302252359668046], [127.4475158603927, 50.30243216522488], [127.44808024779117, 50.30234976020939], [127.44806854354405, 50.302709371405996], [127.44889904264778, 50.30308022442437], [127.4488873442714, 50.30343983571491], [127.44958333965789, 50.303629005075344], [127.44970909311483, 50.30408039155387], [127.44998983375793, 50.304084135578165], [127.45038172590219, 50.30498877901051], [127.45055131522196, 50.30409162159369], [127.45154558705092, 50.303745103898876], [127.45155726551032, 50.30338549217542], [127.45183800230807, 50.303389231699796], [127.45184384039129, 50.303209425805214], [127.45240531204921, 50.303216902773464], [127.45256026833961, 50.302769256680676], [127.45312173500554, 50.30277673014201], [127.4531508999977, 50.30187769996824], [127.4537065255597, 50.30206497657623], [127.45362738656111, 50.30017514502063], [127.4539081047376, 50.30017887937476], [127.45391976390887, 50.29981926702857], [127.45364196313182, 50.29972562964332], [127.45365653933283, 50.299276114227965], [127.4542208793093, 50.299193678910406], [127.45397222725238, 50.29820101116948], [127.453998457128, 50.29739188305512], [127.45428207280267, 50.297305713221256], [127.45417086224734, 50.296404815200056], [127.45347495284055, 50.296215673884475], [127.45317967906978, 50.29666145425197], [127.45262120124842, 50.29656407864056], [127.45261536747057, 50.29674388480775], [127.4520510539788, 50.29682631260449], [127.45203646391506, 50.297275827869676], [127.45245751529305, 50.297281434676094], [127.45230549461607, 50.29763917814219], [127.45101605126696, 50.298431478364684], [127.4505979109026, 50.29833596327444], [127.45060959426677, 50.29797635137564], [127.4513288731422, 50.29744628584076], [127.45134638928131, 50.296906867714135], [127.45190778662318, 50.29691434641005], [127.45163584420645, 50.296640898281424], [127.45165335637436, 50.29610148000146], [127.45263286862657, 50.29620446628792], [127.45265328596878, 50.29557514461224], [127.45394553842746, 50.294692921719516], [127.45410919229224, 50.29397556299157], [127.4518549861797, 50.294215385001614], [127.45156554748854, 50.29448135523435], [127.44930838280327, 50.29481103052236], [127.44887858260294, 50.29507512136424]], [[127.45246334977705, 50.297101628539025], [127.45288731612919, 50.29701733069682], [127.45302183352965, 50.29719900495513], [127.45245751529305, 50.297281434676094], [127.45246334977705, 50.297101628539025]], [[127.45099833942787, 50.29465368124136], [127.45099249992869, 50.29483348733014], [127.45071181359296, 50.29482974622254], [127.45071765414926, 50.29464994015749], [127.45099833942787, 50.29465368124136]], [[127.45006289443256, 50.30183656369123], [127.4500395160247, 50.302555786798536], [127.44976170725306, 50.30246214010489], [127.44977047580903, 50.30219243148213], [127.44935230522846, 50.30209691168968], [127.44936399954217, 50.30173730023653], [127.45006289443256, 50.30183656369123]], [[127.45178812573222, 50.30060037015622], [127.45194307874466, 50.300152724666134], [127.45348994310311, 50.30008337452297], [127.45319756090815, 50.30043925137376], [127.45331459287083, 50.30116034355482], [127.45261278329615, 50.30115100268504], [127.45248992693183, 50.300609715930335], [127.45178812573222, 50.30060037015622]], [[127.44731417048796, 50.300001040105634], [127.4478638983575, 50.300368149912025], [127.44770890642695, 50.30081578958781], [127.44728782479551, 50.30081016529886], [127.44715917468397, 50.30044867903909], [127.44674102475967, 50.300353150013244], [127.44674980974035, 50.30008344167775], [127.44731417048796, 50.300001040105634]], [[127.44883471588109, 50.300740877379276], [127.44897215212276, 50.30083265330676], [127.44883179143055, 50.30083078023783], [127.44883471588109, 50.300740877379276]], [[127.45026169474828, 50.300040376987724], [127.44984354192006, 50.29994485909311], [127.45026753808041, 50.299860571122935], [127.45026169474828, 50.300040376987724]], [[127.4533699950091, 50.2994521854617], [127.45336124765804, 50.29972189467082], [127.4529430911498, 50.29962638789117], [127.45294892428852, 50.29944658178578], [127.4533699950091, 50.2994521854617]], [[127.44791364219587, 50.29883980168758], [127.44832885615062, 50.29902522928328], [127.44790486418313, 50.29910951022973], [127.44791364219587, 50.29883980168758]], [[127.44738149290484, 50.29793327516275], [127.44639610008242, 50.29801005002404], [127.44640488628353, 50.297740341623346], [127.44796630746744, 50.297221550146894], [127.44798971271146, 50.29650232708163], [127.44742539459784, 50.296584732374846], [127.44740490755677, 50.29721405238516], [127.44712128038233, 50.29730020532861], [127.44587277762669, 50.296833808402724], [127.44561259087855, 50.29620073531526], [127.44672951024403, 50.29639555089827], [127.44787277123471, 50.295781229827696], [127.44814761233577, 50.295964783652515], [127.44813591124577, 50.29632439525763], [127.44910080228377, 50.29687692582941], [127.4490920315939, 50.29714663461465], [127.44853063226572, 50.29713914229692], [127.44823530664817, 50.29758490955514], [127.44795460448928, 50.297581161643], [127.4482002026329, 50.29866374403998], [127.4475072116565, 50.29838466412108], [127.44738149290484, 50.29793327516275]], [[127.45227340033735, 50.2986281116552], [127.4524108372902, 50.29871988355364], [127.45227048258684, 50.2987180146927], [127.45227340033735, 50.2986281116552]], [[127.44975579040376, 50.29832473449782], [127.44933765359667, 50.29822921490375], [127.44934934641732, 50.29786960321259], [127.44976163528743, 50.29814492862269], [127.44975579040376, 50.29832473449782]], [[127.45020606648221, 50.29743132003379], [127.45020022342162, 50.297611125968885], [127.44907741348091, 50.297596149226266], [127.44908326077059, 50.29741634338619], [127.45020606648221, 50.29743132003379]], [[127.44967681091123, 50.296434900574454], [127.44968850043142, 50.29607528871404], [127.45011538383159, 50.295901097952516], [127.45151300942504, 50.29609961029616], [127.4512206376798, 50.296455482499], [127.45009493277338, 50.29653041883826], [127.45078499217632, 50.29689938630811], [127.45035225973555, 50.29725338539945], [127.4497908588164, 50.297245899155755], [127.44995166276215, 50.296618450211795], [127.44967681091123, 50.296434900574454]], [[127.4501445983695, 50.29500206798639], [127.45013875558045, 50.295181873991794], [127.44985806730826, 50.29517813080427], [127.44986391115442, 50.29499832482261], [127.4501445983695, 50.29500206798639]], [[127.45184039561906, 50.294664900428145], [127.45183455929119, 50.294844706588094], [127.45127318632365, 50.29483722776027], [127.45127902476571, 50.29465742164776], [127.45184039561906, 50.294664900428145]]], [[[127.46243833132623, 50.32304726300031], [127.46133233478487, 50.32249298076185], [127.46117158540578, 50.32312044331518], [127.4617274891687, 50.32330768346656], [127.46243833132623, 50.32304726300031]]], [[[127.53758415077037, 50.34182512362192], [127.53772739887577, 50.341736984681106], [127.53758691194238, 50.34173521773322], [127.53758415077037, 50.34182512362192]]], [[[127.5366283704143, 50.34091369163462], [127.53622073541739, 50.34045885710795], [127.5350941055125, 50.34053460828097], [127.53341938339777, 50.34015373292605], [127.53381314794248, 50.34105810580383], [127.53437508682437, 50.34106519074414], [127.53436401806347, 50.34142481381572], [127.53353494733102, 50.340964656577746], [127.53309964635498, 50.34140886868019], [127.53351279697621, 50.34168390243903], [127.5335017214615, 50.34204352533346], [127.53321797688686, 50.34212988675155], [127.53252107950476, 50.34194121166552], [127.5323889052712, 50.341669721384946], [127.53281590487833, 50.3414952291527], [127.53282421525768, 50.34122551204133], [127.53226781717684, 50.341038608220686], [127.53313565001186, 50.34024009426703], [127.53300624641209, 50.339878698884924], [127.53216058846056, 50.339957966415255], [127.53214950341417, 50.340317589199366], [127.531722512069, 50.34049207908906], [127.53074745401412, 50.3402099394254], [127.53187408224636, 50.340134230362814], [127.53188516930014, 50.33977460761165], [127.52850530015391, 50.34000170250914], [127.52807829859721, 50.34017617893223], [127.52805884552801, 50.34080551761294], [127.52764017468338, 50.340710275787174], [127.5276512939311, 50.340350653754655], [127.52694888301856, 50.34034175663357], [127.52720760225996, 50.341064559896374], [127.52803661260252, 50.341524761728905], [127.52787111139884, 50.3423321325438], [127.52842750678045, 50.34251905734668], [127.52841361394307, 50.3429685848717], [127.52812985485566, 50.3430549337301], [127.52782107695903, 50.343950431105334], [127.52852076287009, 50.3440492289064], [127.52851520582799, 50.34422903988091], [127.52795045148792, 50.344311831765715], [127.52765834300237, 50.344667895736954], [127.52891724250384, 50.34486371176412], [127.52933039820432, 50.34513876027721], [127.52945701037932, 50.345590064817465], [127.53057266875344, 50.345873991638264], [127.5305643442514, 50.3461437082609], [127.52999401859226, 50.346406320932324], [127.53026669273315, 50.34667958980219], [127.53011231283652, 50.34712734126045], [127.52969080580722, 50.34712201189923], [127.52953641898716, 50.34756976250002], [127.53009565775054, 50.347666774263935], [127.53008455407803, 50.34802639623608], [127.53050606918731, 50.348031724239064], [127.53079540312947, 50.347765558831156], [127.53121691606408, 50.34777088423787], [127.53165229388867, 50.34732668031583], [127.533065635822, 50.347074698400526], [127.53319782828311, 50.34734618783019], [127.53263304451029, 50.34742900216712], [127.53262196009454, 50.347788624562824], [127.5331701275667, 50.34824524401428], [127.5335916451957, 50.34825056085044], [127.53417304655648, 50.34762830800091], [127.53502160456264, 50.347459121390166], [127.53517870579233, 50.34692145733591], [127.53603277690128, 50.346572451724555], [127.53761971311788, 50.34524331344122], [127.53794211987072, 50.34389825938385], [127.5387878392079, 50.34381895037451], [127.53894212637246, 50.343371186351334], [127.53824242744709, 50.34327245115504], [127.5385510052584, 50.34237692426912], [127.53744090213493, 50.34191326238034], [127.53758967310037, 50.341645311843024], [127.53717097511836, 50.34155010412333], [127.53732803122928, 50.34101243625436], [127.5366283704143, 50.34091369163462]], [[127.53024171293391, 50.3474887394057], [127.53037389032166, 50.34776023189712], [127.53023338608055, 50.347758455913024], [127.53024171293391, 50.3474887394057]], [[127.53461946487622, 50.34682446999533], [127.53447066047266, 50.347092416214196], [127.53377091686333, 50.346993653774874], [127.53377645460459, 50.34681384246291], [127.53434399696042, 50.34664111680034], [127.53461946487622, 50.34682446999533]], [[127.53153120277932, 50.3466955669413], [127.53166615829997, 50.3468771524767], [127.53152565658316, 50.34687537807625], [127.53153120277932, 50.3466955669413]], [[127.53521466546125, 50.345752682950106], [127.53549289723381, 50.34584612835323], [127.53521189941712, 50.345842588681144], [127.53521466546125, 50.345752682950106]], [[127.5335342213301, 50.34555161939912], [127.53352868292207, 50.345731430730865], [127.53325045577016, 50.34563798066477], [127.5332532254973, 50.3455480750094], [127.5335342213301, 50.34555161939912]], [[127.53285112511627, 50.34491341764036], [127.53355360531532, 50.34492227969056], [127.53354529797741, 50.345191996717574], [127.5327023170095, 50.34518136164705], [127.53285112511627, 50.34491341764036]], [[127.53696142946337, 50.34379598278745], [127.537099160147, 50.34388765638018], [127.53695866690877, 50.34388588861902], [127.53696142946337, 50.34379598278745]], [[127.53317366387304, 50.3435683778838], [127.53289822017103, 50.343385021375504], [127.5331819728373, 50.34329866082592], [127.53317366387304, 50.3435683778838]], [[127.5354547227929, 50.34251784534132], [127.5347605771744, 50.34223927778136], [127.53602773602385, 50.3421652992283], [127.53615716847449, 50.34252669136176], [127.53685132659484, 50.34280525067708], [127.5369780044965, 50.343256547766345], [127.53669425877229, 50.34334291764292], [127.53614611259637, 50.34288631462882], [127.53558415178249, 50.34287923806198], [127.5354547227929, 50.34251784534132]], [[127.53291207088431, 50.34293549297931], [127.53306087052896, 50.34266754853228], [127.53333908006476, 50.342760998944506], [127.53319305125946, 50.34293903806096], [127.53291207088431, 50.34293549297931]], [[127.53181032731827, 50.34220206071343], [127.53194527153752, 50.34238364595984], [127.5318047830597, 50.34238187201054], [127.53181032731827, 50.34220206071343]], [[127.53505261764042, 50.34188319523198], [127.53420692710904, 50.341962477341035], [127.53506091546757, 50.34161347786893], [127.53505261764042, 50.34188319523198]], [[127.53127056061997, 50.34147571819593], [127.53098126827805, 50.341741885421854], [127.53056258317088, 50.341646654012465], [127.53071416589285, 50.34128880697536], [127.53127056061997, 50.34147571819593]], [[127.53563668534613, 50.341171027755216], [127.53550449531828, 50.340899540846195], [127.53620415345213, 50.3409982922076], [127.5360581408291, 50.34117633511487], [127.53563668534613, 50.341171027755216]]], [[[127.52774045630001, 50.34655768887015], [127.52690023516138, 50.34645710612924], [127.5268891078333, 50.34681672766079], [127.52772933527764, 50.34691731053119], [127.52774045630001, 50.34655768887015]]], [[[127.53808446521865, 50.35757100289767], [127.53712836536924, 50.356659574602574], [127.53684177544547, 50.35683584958838], [127.53697125163609, 50.35719724032778], [127.53793840742503, 50.357749047293645], [127.53808446521865, 50.35757100289767]]], [[[127.39373357057697, 50.398208728964384], [127.39275210147316, 50.39810522927122], [127.39233929397193, 50.39782970113209], [127.39107046304713, 50.39790209666143], [127.39009814341973, 50.397528878182804], [127.38967317097382, 50.397612935960254], [127.3897833511115, 50.398513871018835], [127.39062722099035, 50.39852555090227], [127.39089633429403, 50.398889038143054], [127.39173412600167, 50.399080507733736], [127.39272777592802, 50.39882442056209], [127.39273689812332, 50.398554723839496], [127.39372445414884, 50.39847842583486], [127.39373357057697, 50.398208728964384]]], [[[127.41801427928878, 50.412752140621215], [127.41731682584916, 50.41256277188316], [127.41743954134185, 50.41310408466523], [127.41715216917602, 50.41328005558476], [127.4175712454994, 50.41337569800491], [127.41758622187044, 50.41292619915726], [127.41801427928878, 50.412752140621215]]], [[[127.4141432375695, 50.41908520466343], [127.41371811189451, 50.41916934859651], [127.41368807891976, 50.42006834360329], [127.41397250256753, 50.419982281452064], [127.41427794077386, 50.4192669219139], [127.4141432375695, 50.41908520466343]]], [[[127.41430156290834, 50.42277492073196], [127.41429555787593, 50.42295471968427], [127.41485543246375, 50.42305229058856], [127.41486143539723, 50.42287249159061], [127.41542431063878, 50.42288016025028], [127.41543331173044, 50.42261046166885], [127.41430156290834, 50.42277492073196]]], [[[127.49079378141879, 50.43899225125524], [127.48952683750991, 50.438975809526056], [127.48951252862189, 50.43942532160478], [127.49021639286516, 50.439434457746216], [127.49079378141879, 50.43899225125524]]], [[[127.51279340933124, 50.45150729463689], [127.51277085748262, 50.45222652003815], [127.51319329442244, 50.4522319188107], [127.51349464270504, 50.45160619471998], [127.51279340933124, 50.45150729463689]]], [[[127.56148869193159, 50.12707199783071], [127.56204543379779, 50.127168837931784], [127.56205890576648, 50.12671928691572], [127.56149947366876, 50.12671235710268], [127.56148869193159, 50.12707199783071]]], [[[127.57308901821423, 50.12748497308277], [127.57351662003457, 50.12722039693864], [127.57352731169648, 50.12686075432971], [127.57296787514609, 50.126853879749696], [127.57308901821423, 50.12748497308277]]], [[[127.57097236117342, 50.12808854515458], [127.57001208043414, 50.127447117596894], [127.569449957322, 50.127530136510416], [127.5701439032363, 50.12771857160386], [127.57040487435626, 50.12835138968067], [127.57097236117342, 50.12808854515458]]], [[[127.56273395818934, 50.127537137441955], [127.56216643366992, 50.12779994138919], [127.56242999344116, 50.12834286628543], [127.56299213753887, 50.12825988155945], [127.56315084728561, 50.12763224089241], [127.56273395818934, 50.127537137441955]]], [[[127.55404095918283, 50.128148750693036], [127.5533633369079, 50.12742076077656], [127.55225531199737, 50.12704717529308], [127.55198916144865, 50.12659413806012], [127.55156959030907, 50.1265889045806], [127.55183302329861, 50.12713185253761], [127.55265047897251, 50.1278615947433], [127.55320450016606, 50.12804838697515], [127.55346524876, 50.12868124115789], [127.55388212867494, 50.1287763777983], [127.5538739989877, 50.129046107346284], [127.55428817374799, 50.12923115240921], [127.55443887412413, 50.12887325438643], [127.55403012100363, 50.1285083901516], [127.55404095918283, 50.128148750693036]]], [[[127.57082178627215, 50.1284464657652], [127.57068460102035, 50.12835483355518], [127.5706819226579, 50.1284447440751], [127.57082178627215, 50.1284464657652]]], [[[127.56298944477378, 50.1283497917785], [127.56327186276316, 50.128263343284594], [127.56299213753887, 50.12825988155945], [127.56298944477378, 50.1283497917785]]], [[[127.57502571168428, 50.128228306089426], [127.57419454776537, 50.127948271847025], [127.57418386069189, 50.12830791449262], [127.57348454375102, 50.128299324621025], [127.57333666024273, 50.12856733801192], [127.57374556208859, 50.128932135532494], [127.57499900890224, 50.12912741293966], [127.57528141046427, 50.129040935097386], [127.57528675005419, 50.12886111371461], [127.57500701987865, 50.12885768090039], [127.57502571168428, 50.128228306089426]]], [[[127.56815364747962, 50.128773366527646], [127.56788733681972, 50.128320364497576], [127.56691098105087, 50.12821837403943], [127.56717191195894, 50.12885119898553], [127.56758613732968, 50.12903619704284], [127.56815364747962, 50.128773366527646]]], [[[127.56159351223474, 50.12824256282964], [127.5606090808857, 50.12841024994885], [127.5606036863839, 50.12859007019274], [127.56128682764913, 50.129138198526896], [127.56157194878305, 50.12896184410077], [127.56159351223474, 50.12824256282964]]], [[[127.56829082901525, 50.128865001690436], [127.56785781647541, 50.12930937893239], [127.5681348651872, 50.12940273939473], [127.56812413215013, 50.12976238099995], [127.568683601425, 50.129769279202876], [127.56870505890176, 50.12904999579348], [127.56829082901525, 50.128865001690436]]], [[[127.57595939033381, 50.12976879992866], [127.57581418478809, 50.12994690578964], [127.57539724962996, 50.12985184745979], [127.57552910935283, 50.130123295560615], [127.5752440318224, 50.130299684608424], [127.57622044902264, 50.13040160546844], [127.5763709902326, 50.13004367768115], [127.57595939033381, 50.12976879992866]]], [[[127.5734177119072, 50.13054708993041], [127.5741277500087, 50.13019603798729], [127.57413576618546, 50.12992630610009], [127.57245467434089, 50.129995592724235], [127.57201901356835, 50.13052989619495], [127.5734177119072, 50.13054708993041]]], [[[127.56265854400407, 50.130054623035974], [127.56237611432859, 50.13014106991113], [127.5625321451136, 50.12960334058935], [127.56225780068607, 50.129420056673], [127.56197806884383, 50.12941659244753], [127.56168755577792, 50.12977276813972], [127.56195920513026, 50.13004596354332], [127.56224163497224, 50.12995951768262], [127.56222007992399, 50.13067879894445], [127.5629275074172, 50.13041772640085], [127.56265854400407, 50.130054623035974]]], [[[127.57159672747629, 50.130614645312164], [127.57119853831517, 50.129890198288166], [127.5706310311978, 50.13015304366756], [127.57089737770795, 50.130606039575305], [127.57159672747629, 50.130614645312164]]], [[[127.55496312719596, 50.13004904692686], [127.55428817374799, 50.12923115240921], [127.55427462778621, 50.12968070169343], [127.55455165151068, 50.12977409435115], [127.5545408165349, 50.13013373378953], [127.55482055164269, 50.13013721596542], [127.554779926388, 50.13148586381011], [127.55505966940751, 50.13148934547785], [127.55496312719596, 50.13004904692686]]], [[[127.57702500013113, 50.13158073281719], [127.57803076120545, 50.13069362053762], [127.57733674054828, 50.13050523204515], [127.57537322207014, 50.130661043535], [127.5752280115942, 50.13083914859437], [127.57618576157192, 50.13157044451141], [127.57702500013113, 50.13158073281719]]], [[[127.57517460732208, 50.13263736148984], [127.5751852886087, 50.132277718958875], [127.57546236896536, 50.13237106215865], [127.57547304799448, 50.13201141956611], [127.57420349142963, 50.13235561031168], [127.57447522698435, 50.13262877704881], [127.5750400724217, 50.1324558236869], [127.57517460732208, 50.13263736148984]]], [[[127.56396841448792, 50.13303896627784], [127.56412174652685, 50.13259114520232], [127.56398187124158, 50.132589415339666], [127.56396841448792, 50.13303896627784]]], [[[127.55583935561053, 50.13347780363526], [127.55585288873422, 50.13302825433649], [127.55557313664511, 50.133024774502346], [127.55555960090207, 50.133474323745965], [127.55583935561053, 50.13347780363526]]], [[[127.5805340120182, 50.13594096493531], [127.58165841792682, 50.13577481862785], [127.581671710233, 50.13532526444061], [127.58098824692674, 50.13477725388368], [127.58114408575251, 50.134239498318685], [127.58086432351138, 50.13423607934842], [127.58087762253328, 50.13378652519592], [127.58005431180396, 50.133236799567605], [127.5797985110661, 50.13242418076141], [127.57896990958162, 50.13205426923803], [127.57898056220236, 50.13169462607833], [127.57828385888035, 50.13159615390724], [127.57854762177158, 50.13213904360538], [127.57798279238017, 50.13231201418081], [127.57742862337476, 50.1321253390777], [127.57741795895967, 50.13248498196853], [127.57685045429785, 50.13274785766269], [127.57684511983297, 50.13292767904662], [127.57796147150037, 50.13303130008812], [127.57865020323904, 50.13339950661003], [127.57919374007899, 50.13394581908595], [127.57918308820673, 50.13430546213875], [127.57973995119075, 50.134402218293474], [127.57973196524829, 50.13467195062785], [127.57930965558745, 50.13475672754409], [127.57904320700595, 50.134303750374244], [127.57820125524864, 50.134383386971436], [127.57762573427283, 50.13491599833162], [127.57761507028114, 50.135275641079474], [127.57860225071045, 50.135017899929906], [127.57957610912544, 50.13520970411105], [127.58000374540188, 50.13494510470075], [127.58028085067272, 50.13503843657133], [127.5805340120182, 50.13594096493531]], [[127.57986386228652, 50.13494339390895], [127.57972930324053, 50.13476186140297], [127.57986918581848, 50.13476357235237], [127.57986386228652, 50.13494339390895]], [[127.57986918581848, 50.13476357235237], [127.58001172989371, 50.13467537234738], [127.58000906840991, 50.13476528313334], [127.57986918581848, 50.13476357235237]], [[127.57935492124776, 50.13322824443922], [127.57949213701586, 50.133319866590085], [127.57935225866962, 50.13331815522212], [127.57935492124776, 50.13322824443922]], [[127.57867417786613, 50.13259030976746], [127.57810667870301, 50.132853191645474], [127.57811467326735, 50.13258345941621], [127.57867417786613, 50.13259030976746]], [[127.57812000290951, 50.13240363792252], [127.57825721396271, 50.13249526150515], [127.57811733809517, 50.13249354867011], [127.57812000290951, 50.13240363792252]]], [[[127.55610016709277, 50.13411065188298], [127.55583935561053, 50.13347780363526], [127.55582040866236, 50.134107172590234], [127.55610016709277, 50.13411065188298]]], [[[127.55637992557791, 50.134114130501985], [127.55610016709277, 50.13411065188298], [127.55609475460358, 50.13429047159289], [127.55637451413651, 50.134293950233946], [127.55637992557791, 50.134114130501985]]], [[[127.5563609852935, 50.13474349953749], [127.55664074750074, 50.13474697755991], [127.55661910483158, 50.1354662564554], [127.55689887128491, 50.13546973389222], [127.5569259192453, 50.13457063514758], [127.55637451413651, 50.134293950233946], [127.5563609852935, 50.13474349953749]]], [[[127.5791511312969, 50.13538439115278], [127.5792936785427, 50.135296192065624], [127.5791537944468, 50.13529448040989], [127.5791511312969, 50.13538439115278]]], [[[127.55689887128491, 50.13546973389222], [127.55689346152867, 50.13564955362307], [127.55717322908461, 50.13565303040814], [127.557178637793, 50.13547321065526], [127.55689887128491, 50.13546973389222]]], [[[127.55744218121016, 50.1360161460512], [127.55745299669529, 50.135656506519446], [127.55717322908461, 50.13565303040814], [127.55716241150371, 50.13601266989583], [127.55744218121016, 50.1360161460512]]], [[[127.56863569715023, 50.13606472943947], [127.56877826550986, 50.135976543456685], [127.56863838007018, 50.13597481911843], [127.56863569715023, 50.13606472943947]]], [[[127.57896596688902, 50.136911161630366], [127.578820750258, 50.13708927094858], [127.57853830721362, 50.137175756932116], [127.57938030757373, 50.13709611834233], [127.57896596688902, 50.136911161630366]]], [[[127.55850451970983, 50.13791815200597], [127.55848560474595, 50.13854752121542], [127.55889987891753, 50.13873255039821], [127.55892148989487, 50.13801327118769], [127.55850451970983, 50.13791815200597]]], [[[127.58849891081559, 50.14584186890608], [127.58836164228285, 50.14575025714187], [127.58835899540804, 50.145840168079694], [127.58849891081559, 50.14584186890608]]], [[[127.5903705033129, 50.14883272555366], [127.59105162985723, 50.14947059317981], [127.59147140838206, 50.14947568568827], [127.59148725646276, 50.14893621965616], [127.59106748265724, 50.14893112724453], [127.59107540887679, 50.148661394256635], [127.5903705033129, 50.14883272555366]], [[127.59120212355688, 50.149112646878805], [127.59133676546516, 50.14929416636004], [127.59119683981457, 50.14929246886799], [127.59120212355688, 50.149112646878805]]], [[[127.58895009292544, 50.14953501878877], [127.58909266499933, 50.14944680808492], [127.58895273903842, 50.14944510788557], [127.58895009292544, 50.14953501878877]]], [[[127.59253802991165, 50.15128747887239], [127.59170108199952, 50.15118738880076], [127.59227664708537, 50.1506547094584], [127.5919967877446, 50.15065131650392], [127.59200999013655, 50.15020176147093], [127.59159284638358, 50.15010675986084], [127.59103313431561, 50.150099970035996], [127.59100935337096, 50.15090916874299], [127.59016712754381, 50.15098888958664], [127.59154001934618, 50.15190497947494], [127.59210239303488, 50.15182185604544], [127.59253802991165, 50.15128747887239]]], [[[127.58273488069798, 50.15143807719627], [127.58259760751749, 50.1513464586614], [127.58259494931026, 50.15143636928852], [127.58273488069798, 50.15143807719627]]], [[[127.59260669565214, 50.15371677176898], [127.59303970580459, 50.15327230397514], [127.5917776288613, 50.153346949022286], [127.59120995219456, 50.153609892557185], [127.59119938303172, 50.153969536250806], [127.59245355726685, 50.15416463054666], [127.59260669565214, 50.15371677176898]]], [[[127.5869429029542, 50.15589656610185], [127.58613240701008, 50.15489732817191], [127.58542208572314, 50.15524844970886], [127.58458508473859, 50.15514830795254], [127.58457977504885, 50.15532812924133], [127.58498898729319, 50.15569288819614], [127.5869429029542, 50.15589656610185]]], [[[127.59517858077864, 50.156716029921085], [127.59574890722298, 50.156363156190885], [127.59549008999078, 50.15564048289337], [127.59465569564156, 50.15545050244826], [127.59438899035071, 50.15499755987356], [127.59354405964334, 50.15516721560866], [127.59284962382493, 50.15497891710846], [127.59338828671099, 50.15570498652695], [127.59436262536072, 50.155896670073524], [127.59435471560357, 50.15616640310425], [127.59295789654797, 50.156059544325544], [127.59255917970147, 50.15533516914212], [127.5918541806265, 50.1555065084687], [127.59186474545305, 50.15514686476958], [127.59117560163311, 50.15477873447364], [127.59105151594633, 50.1542375712173], [127.59048911211313, 50.15432068926806], [127.59045738696305, 50.15539961980983], [127.58892330355796, 50.1552011032068], [127.58877277285399, 50.155559045881915], [127.58835294155607, 50.15555394317315], [127.58808629556489, 50.15510098663132], [127.58906853916572, 50.15502298194223], [127.58894976989858, 50.15430199499944], [127.58867253675488, 50.15420868303201], [127.58823682986804, 50.154743044849866], [127.58739188281231, 50.15491265568066], [127.5876505738724, 50.15563534604512], [127.58722544225178, 50.15581006075355], [127.58722014234067, 50.15598988222656], [127.58876218467934, 50.15591868907723], [127.58903413467857, 50.1561918224964], [127.5888783077053, 50.156729586814684], [127.58915290931543, 50.15691280917462], [127.58957539829471, 50.156827998279184], [127.58931667205782, 50.15610531204694], [127.58946984623951, 50.155657457853174], [127.59143699124574, 50.15541150599523], [127.59212614610294, 50.155779634794754], [127.59183833298572, 50.156045973972354], [127.59170631226796, 50.1557745441907], [127.59142642311147, 50.15577114961181], [127.59155844222879, 50.15604257969833], [127.59127590915594, 50.15612909564054], [127.5912574121958, 50.15675847183202], [127.59153730709593, 50.156761866866404], [127.59166932945755, 50.15703329681013], [127.59237435173914, 50.15686195884525], [127.59238227283299, 50.156592226076185], [127.59281003256318, 50.15632758146586], [127.59308464712154, 50.15651079464812], [127.5929367823985, 50.15677883192375], [127.59321403881512, 50.15687213386606], [127.59392169085035, 50.15661087546782], [127.59475873819383, 50.15671095028173], [127.594602973485, 50.15724872276277], [127.59487760018924, 50.15743193177904], [127.59515749945598, 50.157435318122545], [127.59544793744561, 50.157079059660106], [127.59545847590185, 50.15671941550443], [127.59517858077864, 50.156716029921085]]], [[[127.58525826070702, 50.1560559409271], [127.5851103538789, 50.15632396789686], [127.58553019133305, 50.15632908238271], [127.58553549764633, 50.15614926105129], [127.58525826070702, 50.1560559409271]]], [[[127.58456915550816, 50.155687771800935], [127.5841440124194, 50.155862475126945], [127.58413604518168, 50.15613220697319], [127.58329903168091, 50.156032055853466], [127.58314579874018, 50.15647990137771], [127.58384021686423, 50.156668257721755], [127.58382693483979, 50.15711781066965], [127.5846692781654, 50.157038136900056], [127.58495713682373, 50.156771815925275], [127.58483046230995, 50.15632055739676], [127.5845452607557, 50.15649696747213], [127.58413073362267, 50.156312028196524], [127.58512096959919, 50.15596432529285], [127.58456915550816, 50.155687771800935]]], [[[127.58618218506253, 50.15795599535281], [127.58843728398453, 50.1574437705256], [127.58844522739257, 50.15717403824029], [127.58761878336524, 50.156714275023326], [127.58763202964448, 50.15626472130869], [127.58692699983206, 50.1564360304291], [127.58733888921488, 50.15671087054869], [127.58718039129757, 50.15733854308264], [127.58551161881364, 50.15695845699535], [127.58480126220073, 50.15730957431496], [127.58493324770241, 50.1575810115802], [127.5852131466425, 50.15758442189445], [127.58620340143453, 50.15723670999135], [127.58618218506253, 50.15795599535281]], [[127.58634069823226, 50.15732832437479], [127.58648329851786, 50.157240117227964], [127.58648064704293, 50.1573300279142], [127.58634069823226, 50.15732832437479]]], [[[127.58899972792817, 50.1573606627968], [127.58872247711568, 50.15726735084567], [127.5887198298376, 50.157357261618216], [127.58899972792817, 50.1573606627968]]], [[[127.5864514799332, 50.15831904536371], [127.58617157655443, 50.1583156379975], [127.58616627221987, 50.15849545931083], [127.58630622442719, 50.15849716308902], [127.5864514799332, 50.15831904536371]]], [[[127.56499057331222, 50.15967481128326], [127.56471604966553, 50.1594915325335], [127.56471066462748, 50.159671352133756], [127.56499057331222, 50.15967481128326]]], [[[127.55001675994521, 50.16407591565452], [127.54957509028537, 50.16478994522824], [127.55041490058713, 50.16480043084655], [127.5505766251933, 50.1640829045406], [127.55001675994521, 50.16407591565452]]], [[[127.58570064557836, 50.16478579267406], [127.5856767622275, 50.165594987466186], [127.58609933396353, 50.16551019004394], [127.58598058668403, 50.16478920149239], [127.58570064557836, 50.16478579267406]]], [[[127.57468135839169, 50.16806890598876], [127.57496399143501, 50.16798243145508], [127.5746840330124, 50.167978995928955], [127.57468135839169, 50.16806890598876]]], [[[127.58262563276122, 50.169335389113385], [127.58249362938002, 50.169063949596485], [127.58248564912618, 50.169333680634075], [127.58262563276122, 50.169335389113385]]], [[[127.56061595418531, 50.17014400640643], [127.56146126165223, 50.16997459398386], [127.5614720599918, 50.169614955930825], [127.56246003560642, 50.16935736038297], [127.56275348618854, 50.16891127756885], [127.56163093789823, 50.168987323050814], [127.56034138834104, 50.16996071726273], [127.55949337400965, 50.17022003093167], [127.55877722201923, 50.17075080373807], [127.55961714019195, 50.17076122371882], [127.56019059623118, 50.1703186197447], [127.56061055172908, 50.17032382535192], [127.56061595418531, 50.17014400640643]]], [[[127.55983765201832, 50.17274270292881], [127.56269414699081, 50.1708892879151], [127.56270223908865, 50.17061955927442], [127.56000737267448, 50.17175543520015], [127.55999656252281, 50.17211507288871], [127.55956037107617, 50.17264932131617], [127.55983765201832, 50.17274270292881]]], [[[127.55606599743034, 50.17242604326744], [127.55607683720207, 50.17206640621997], [127.55678220454287, 50.1718952878066], [127.55693302723395, 50.171537390108526], [127.55777566518957, 50.17145791420098], [127.55820915946553, 50.17101358181487], [127.55876910779011, 50.17102053190784], [127.55877722201923, 50.17075080373807], [127.55807999661316, 50.17065220641742], [127.55679574724924, 50.171445741310436], [127.55637578262326, 50.17144052182749], [127.5546470991295, 50.17303799443682], [127.55506165360156, 50.17322303870586], [127.55548976697776, 50.17295853539722], [127.55550603334724, 50.17241908000365], [127.55606599743034, 50.17242604326744]]], [[[127.58540069790475, 50.17494567401623], [127.58484069721015, 50.17493885191316], [127.58483538475606, 50.17511867260588], [127.5852527313727, 50.17521369982899], [127.5853847666827, 50.175485136206134], [127.58594477389396, 50.17549195573998], [127.58540069790475, 50.17494567401623]]], [[[127.58622212390489, 50.17558527488692], [127.58594477389396, 50.17549195573998], [127.58594211969353, 50.17558186612132], [127.58622212390489, 50.17558527488692]]], [[[127.58788359625457, 50.17623508646725], [127.58732357988886, 50.176228276207205], [127.58705418048127, 50.17586522839987], [127.58663417157942, 50.175860117986204], [127.58731827651127, 50.17640809705236], [127.588847732448, 50.176786460801246], [127.58857566901688, 50.17651332690794], [127.58787829497766, 50.176414907355586], [127.58788359625457, 50.17623508646725]]], [[[127.55388037423192, 50.2030693248732], [127.55318812675374, 50.20279087734963], [127.55276788783381, 50.20278564246531], [127.55330917987258, 50.20342198268163], [127.55400958762036, 50.20343070346129], [127.55388037423192, 50.2030693248732]]], [[[127.54991293322125, 50.209135956199745], [127.54908052513132, 50.208855735024635], [127.54906689198458, 50.20930527707972], [127.54988295674893, 50.21012494898751], [127.54973740485808, 50.210303016865616], [127.55015498451253, 50.21039817171165], [127.55030053515708, 50.21022010330219], [127.55002305768032, 50.21012669778033], [127.54991293322125, 50.209135956199745]]], [[[127.59097788762958, 50.213868580100204], [127.59169698867309, 50.21324770499057], [127.5917075763154, 50.21288806490934], [127.59057873716021, 50.21314420133076], [127.59056814093675, 50.21350384122158], [127.59028791435493, 50.21350044107891], [127.58971155714158, 50.214033098363714], [127.58955818715174, 50.21448094692702], [127.58983841938844, 50.21448434887748], [127.58984372045371, 50.214304529021994], [127.5902640673306, 50.21430963064842], [127.59027731581165, 50.21386008090259], [127.59097788762958, 50.213868580100204]]], [[[127.58953697814313, 50.215200226202604], [127.5894180710535, 50.214479245698406], [127.58811721970397, 50.21581257479307], [127.58810925792702, 50.216082304303214], [127.58866974086449, 50.21608911467386], [127.58897120091817, 50.215373239862764], [127.58953697814313, 50.215200226202604]]], [[[127.57710602325994, 50.223143426429864], [127.57767995730656, 50.22270074395873], [127.5776933280022, 50.222251197308964], [127.57826724579242, 50.22180851173288], [127.57813245538225, 50.22162697799043], [127.57841272810005, 50.221630407848465], [127.579428402964, 50.22047358457934], [127.57929628268116, 50.22020214271068], [127.57957654719182, 50.22020556969151], [127.5797353698955, 50.2195779167811], [127.578759800834, 50.219386102003746], [127.57733443262255, 50.220178134922385], [127.57718360108217, 50.220536056187264], [127.57591972652978, 50.220610512696865], [127.5744621136535, 50.22248142044945], [127.5759688332418, 50.2236691455304], [127.57609291189301, 50.22421031867524], [127.57708462047569, 50.22386270075711], [127.57710602325994, 50.223143426429864]], [[127.57683109344873, 50.222960174770456], [127.57682574183511, 50.22313999334553], [127.57654546046447, 50.22313655958531], [127.57655081313119, 50.222956741032014], [127.57683109344873, 50.222960174770456]]], [[[127.57116370836299, 50.22495927981963], [127.57059506260195, 50.22522211116597], [127.57044147604687, 50.22566993180808], [127.5707190839772, 50.225763289423696], [127.57114758829596, 50.2254987340104], [127.57116370836299, 50.22495927981963]]], [[[127.57254157823245, 50.23046268110927], [127.57341474476516, 50.22939410186301], [127.5725764764965, 50.22929386392153], [127.57185956979006, 50.2298247058239], [127.57184614066048, 50.230274250744536], [127.57254157823245, 50.23046268110927]]], [[[127.57817702028919, 50.23898631982581], [127.58058156717244, 50.238296184887915], [127.58115832329334, 50.23776357841428], [127.58116633040908, 50.23749385072528], [127.58074845116195, 50.2373988052612], [127.57947344611438, 50.23783293326051], [127.5793252446386, 50.23810094675574], [127.57791804789039, 50.23826361584529], [127.57748678858898, 50.23861810408225], [127.57706890714897, 50.23852304538053], [127.5770635534775, 50.23870286349003], [127.57733589714236, 50.238976023953086], [127.57817702028919, 50.23898631982581]]], [[[127.55713823141167, 50.23908673021611], [127.55728113174806, 50.23899856271376], [127.55714094576699, 50.23899682195109], [127.55713823141167, 50.23908673021611]]], [[[127.55166825396925, 50.23910861643856], [127.5511102359242, 50.23901171725422], [127.55095914635115, 50.239369601118945], [127.55166007994984, 50.239378340573055], [127.55166825396925, 50.23910861643856]]], [[[127.55009893300331, 50.2399884640292], [127.55095096825488, 50.23963932515672], [127.55095914635115, 50.239369601118945], [127.54996965626334, 50.239627082704], [127.55009893300331, 50.2399884640292]]], [[[127.54509654542635, 50.24307390390142], [127.55299661479785, 50.24155360071874], [127.55342263768111, 50.24137902152938], [127.55343624536728, 50.24092948110348], [127.55247124564775, 50.24037781108171], [127.5520506765028, 50.24037257077672], [127.5510420892924, 50.24125941744405], [127.5501954808781, 50.24142874074379], [127.54990418274585, 50.24178487358644], [127.54849951553096, 50.24185727654504], [127.54778488540728, 50.24229805695076], [127.54651492629964, 50.2425520035303], [127.54567648834313, 50.24245157020408], [127.54482984053153, 50.242620854023755], [127.54482436479354, 50.24280066946113], [127.54341966128794, 50.242873010666656], [127.54509654542635, 50.24307390390142]]], [[[127.57630460625033, 50.24534925911983], [127.57518564144301, 50.24524560173461], [127.57489182283128, 50.24569170724503], [127.5754338856017, 50.24632794642572], [127.57641266733188, 50.24642988392245], [127.57656359036199, 50.246071965956794], [127.57628853255972, 50.24588871261423], [127.57630460625033, 50.24534925911983]]], [[[127.55899432236463, 50.247294477333355], [127.55885953576298, 50.24711292201827], [127.55885411194346, 50.2472927384303], [127.55899432236463, 50.247294477333355]]], [[[127.55899161069789, 50.247384385542624], [127.55927474324818, 50.24729795463214], [127.55899432236463, 50.247294477333355], [127.55899161069789, 50.247384385542624]]], [[[127.57738342241757, 50.246801540033765], [127.57652876885669, 50.24724078177834], [127.57583575219375, 50.246962464724405], [127.5758277123037, 50.247232191348196], [127.57680115709691, 50.24751394349126], [127.57690655521934, 50.24868447646941], [127.57788003597662, 50.24896621981039], [127.57791750266482, 50.24770749470654], [127.57763975371272, 50.24761415343326], [127.57765581313322, 50.24707469978346], [127.57737539130869, 50.24707126684631], [127.57738342241757, 50.246801540033765]]], [[[127.57814976583559, 50.249329287356574], [127.57772108330728, 50.249593866053694], [127.5777023464559, 50.25022322838346], [127.57797475811687, 50.25049638740974], [127.57854366770336, 50.250233523264114], [127.57841949975041, 50.24969235428927], [127.57813906247154, 50.249688923065925], [127.57814976583559, 50.249329287356574]]], [[[127.57794842968218, 50.26551630361462], [127.57795378511227, 50.265336486270115], [127.57767325603665, 50.26533305315289], [127.57766789955095, 50.265512870475625], [127.57794842968218, 50.26551630361462]]], [[[127.57737129652422, 50.26604888852658], [127.57737665422847, 50.26586907124364], [127.57709612209464, 50.265865636707304], [127.57709076333475, 50.26604545396846], [127.57737129652422, 50.26604888852658]]], [[[127.57679415042692, 50.26658147041546], [127.57679951040551, 50.26640165319413], [127.57722299247271, 50.26631689722891], [127.57709076333475, 50.26604545396846], [127.57609280990947, 50.266572879203], [127.57593645208375, 50.26711061188454], [127.57664852173549, 50.26675956971584], [127.57651361417919, 50.266578034438155], [127.57679415042692, 50.26658147041546]]], [[[127.58700218245797, 50.28199604794892], [127.58784406701744, 50.282006280166314], [127.58785204891782, 50.28173655376282], [127.58673220533913, 50.28163300082067], [127.586607869996, 50.28109184197711], [127.58689115512557, 50.281005345524406], [127.5869231024046, 50.27992644008562], [127.58636453389816, 50.27982970626686], [127.5863485542437, 50.280369158892405], [127.58564167895814, 50.280540441118184], [127.58548271444599, 50.28116809462916], [127.58645690588322, 50.28144977058835], [127.58658656639561, 50.28181111205093], [127.58614431520022, 50.28252526201282], [127.58627930345578, 50.282706786311884], [127.58700218245797, 50.28199604794892]]], [[[127.58689487450393, 50.290359263033714], [127.58675986283453, 50.29017773948088], [127.58675453587249, 50.29035755673758], [127.58689487450393, 50.290359263033714]]], [[[127.58617007219918, 50.30060371610894], [127.58631310623262, 50.30051551491001], [127.58617273775639, 50.3005138076633], [127.58617007219918, 50.30060371610894]]], [[[127.58717683518735, 50.314017130697856], [127.58817833474247, 50.31339971345761], [127.58775711522446, 50.31339459702147], [127.58790284872117, 50.31321648604081], [127.58748163087196, 50.31321136862008], [127.58748695940983, 50.313031552017655], [127.58664452725186, 50.313021312664425], [127.58620464456537, 50.31364554844054], [127.58647479393625, 50.314008596334396], [127.58717683518735, 50.314017130697856]]], [[[127.59482726705683, 50.15437326338215], [127.5939902602821, 50.15427318936669], [127.59369982896115, 50.15462944440329], [127.59466887534705, 50.15500094727585], [127.59509397315679, 50.15482620500336], [127.59482726705683, 50.15437326338215]]], [[[127.59456079191783, 50.158687298582144], [127.59457397402443, 50.158237743679855], [127.59402207856617, 50.157961234532976], [127.59402999069772, 50.15769150162452], [127.59318237212334, 50.157951065194204], [127.59317709415441, 50.15813088706121], [127.59401152887052, 50.15832087838991], [127.59400361645869, 50.158590611266845], [127.59441292844764, 50.15895533765246], [127.59483542658937, 50.15887050772214], [127.59456079191783, 50.158687298582144]]], [[[127.61061055463718, 50.17974711504017], [127.61102017177625, 50.18011178415361], [127.61130020546702, 50.18011513268939], [127.61076621836096, 50.17920932223398], [127.6104861900287, 50.17920597245463], [127.61061055463718, 50.17974711504017]]], [[[127.61652710824413, 50.18827232238723], [127.61597214231443, 50.18808582638404], [127.61597993926266, 50.18781609236255], [127.61569985998882, 50.18781275473802], [127.6155676195663, 50.18754135168525], [127.61500746438243, 50.18753467379939], [127.61490123783976, 50.18636415681575], [127.61434369848125, 50.186267564526005], [127.61435410594483, 50.18590791929525], [127.61407403802262, 50.18590457784277], [127.61408965197563, 50.185365110015276], [127.61380958725891, 50.185361767951335], [127.6139574271975, 50.1850937051496], [127.61326508092044, 50.18481561410774], [127.61327028846061, 50.18463579153219], [127.61228747184641, 50.18471399581603], [127.61268932891925, 50.18534839294555], [127.61351910914188, 50.18571807035196], [127.61350348856692, 50.18625753801637], [127.61378355848565, 50.186260880861276], [127.61377574959671, 50.18653061470505], [127.61433068885538, 50.18671712103075], [127.61431507686959, 50.18725658878699], [127.61458474657505, 50.187619574906556], [127.6151397015991, 50.187806077463726], [127.61512409812453, 50.18834554530273], [127.6162262377904, 50.18898827677864], [127.61621584325114, 50.189347922102066], [127.61677082468462, 50.189534417030416], [127.61693164798001, 50.18881679381904], [127.61652710824413, 50.18827232238723]]], [[[127.62341025904915, 50.19249144411111], [127.62341801531323, 50.19222170945057], [127.62300561496411, 50.19194699471649], [127.62175808860354, 50.191482487917455], [127.62091778455886, 50.19147251428326], [127.62132499016155, 50.19192705928496], [127.62188002168604, 50.19211353013115], [127.621869668462, 50.19247317611657], [127.6221497757236, 50.192476499089274], [127.62241694646953, 50.192929378940235], [127.62269705646435, 50.19293270061523], [127.62282417852853, 50.19338391879452], [127.62324434760102, 50.19338889961357], [127.62285004410684, 50.19248480356714], [127.62341025904915, 50.19249144411111]]], [[[127.6102661442204, 50.19161538884618], [127.61081069183624, 50.19216155648421], [127.61082895500093, 50.1915321788976], [127.61110905545286, 50.19153552844411], [127.61110383852315, 50.19171535064044], [127.6113839400792, 50.19171869953303], [127.61136568408871, 50.19234807724731], [127.61233562790363, 50.19271943783829], [127.61288021163203, 50.193265595973216], [127.61344043335593, 50.19327228466671], [127.61344824599928, 50.19300255117585], [127.61249131741735, 50.19218164408178], [127.61291407923034, 50.192096751024486], [127.61360652787444, 50.192374844676486], [127.61442862900398, 50.19301424977945], [127.61412769604277, 50.19373019765618], [127.61453485546328, 50.19418476591398], [127.61715440549057, 50.19565505611045], [127.617574593492, 50.19566005759771], [127.61772244540951, 50.195391990556345], [127.61661494283156, 50.194929095095965], [127.6149758414721, 50.19347048708419], [127.61567872232526, 50.193388923678256], [127.61732563379444, 50.194577788086406], [127.61829566967981, 50.194949099524784], [127.61955880895661, 50.19487417552612], [127.6194317140689, 50.19442295410809], [127.6169496168369, 50.193044293923734], [127.61668769358967, 50.19241157933624], [127.6148930180692, 50.191490769998175], [127.61476597560433, 50.19103954365815], [127.61420838227282, 50.19094295034492], [127.61380385622051, 50.19039846973075], [127.61241902139766, 50.1898422809771], [127.61159700101032, 50.189202861986345], [127.6110342189546, 50.18928607592818], [127.61045577806502, 50.18990875375314], [127.6105827770235, 50.1903599845298], [127.61030268351031, 50.190356633771074], [127.6102661442204, 50.19161538884618]], [[127.6108628705895, 50.1903633346134], [127.61083678187336, 50.19126244562371], [127.61055668305117, 50.19125909543393], [127.6105827770235, 50.1903599845298], [127.6108628705895, 50.1903633346134]], [[127.61208158755548, 50.19181697994379], [127.61165621934833, 50.19199178109743], [127.6116614342547, 50.191811958867625], [127.61208158755548, 50.19181697994379]], [[127.61432500960464, 50.19175382214284], [127.61431980471201, 50.191933644577084], [127.61403970155061, 50.19193030275243], [127.6140449074945, 50.19175048033937], [127.61432500960464, 50.19175382214284]], [[127.6137648054371, 50.19174713786075], [127.61377001237958, 50.1915673154629], [127.61405011338569, 50.19157065792033], [127.6140449074945, 50.19175048033937], [127.6137648054371, 50.19174713786075]], [[127.61322022845745, 50.191200983793664], [127.61350032725554, 50.19120432755899], [127.61348991142621, 50.1915639723303], [127.61320981052557, 50.191560628522566], [127.61322022845745, 50.191200983793664]], [[127.6123929623822, 50.19074139266101], [127.6126730583939, 50.19074473839874], [127.61266784748372, 50.19092456073876], [127.61238775042078, 50.19092121497982], [127.6123929623822, 50.19074139266101]], [[127.61156310473567, 50.19037170686875], [127.61114296420834, 50.190366684021875], [127.61100813445142, 50.19018518717137], [127.61184841239205, 50.19019523229509], [127.61183798452825, 50.1905548768778], [127.61155788972616, 50.19055152913589], [127.61156310473567, 50.19037170686875]]], [[[127.62664000033963, 50.19711672426121], [127.62665547889819, 50.19657725462769], [127.62637534711473, 50.19657394232302], [127.62611586114276, 50.19585133658262], [127.62528838994331, 50.19539183597691], [127.6253142110855, 50.19449272013209], [127.62475913845368, 50.19430626543331], [127.62477463666323, 50.19376679596277], [127.62407693326765, 50.19366859137517], [127.62404592076271, 50.19474752996485], [127.62458807832431, 50.195383545849715], [127.62470747435438, 50.196104496612726], [127.62512508508148, 50.19619938237421], [127.62510958948508, 50.196738851696956], [127.62538972208485, 50.19674216706142], [127.62564920162244, 50.19746477426528], [127.62592933853334, 50.19746808836322], [127.62591901376567, 50.19782773462668], [127.626756851475, 50.197927584588335], [127.62704214945356, 50.19775107282781], [127.6269201353302, 50.197120035953596], [127.62664000033963, 50.19711672426121]]], [[[127.62901699295813, 50.20218155778522], [127.6286096284564, 50.20172703921756], [127.62865342742181, 50.200198541741905], [127.62837327421242, 50.200195234082436], [127.62811631668252, 50.199382721215436], [127.62742110292037, 50.1991946244663], [127.62725524081876, 50.20009208511366], [127.62753281489746, 50.200185307051825], [127.62778203249151, 50.20126755579927], [127.62806219190762, 50.20127086493536], [127.62802868320995, 50.20243971547904], [127.62879446992557, 50.20505707507357], [127.62875324461672, 50.20649565982045], [127.62917352983747, 50.20650062013094], [127.62901699295813, 50.20218155778522]]], [[[127.62604755042801, 50.20799270340381], [127.62717350464652, 50.20782613099849], [127.62746144007512, 50.207559707511884], [127.6212945458469, 50.20757662325468], [127.62030867640146, 50.20774480254872], [127.6203034910433, 50.207924624939196], [127.62604755042801, 50.20799270340381]]], [[[127.62866047545653, 50.20973247410098], [127.62853068051058, 50.20937117422315], [127.62894583776556, 50.20955595853527], [127.62896645017801, 50.20883666653263], [127.62854614447721, 50.20883170530658], [127.62859511060472, 50.207123386715516], [127.62887530439549, 50.20712669416922], [127.62888561034907, 50.20676704803929], [127.62860541866276, 50.20676374062754], [127.6284550137289, 50.207121732735345], [127.62788689122972, 50.207384849597425], [127.62828656284235, 50.20810910508945], [127.62809490101941, 50.20990568015098], [127.62767200705193, 50.20999062713639], [127.62794706047558, 50.21017375984978], [127.62866047545653, 50.20973247410098]]], [[[127.60805740451845, 50.20975726115923], [127.60791991727092, 50.209665671656936], [127.60791730114434, 50.209755582352166], [127.60805740451845, 50.20975726115923]]], [[[127.62736600034853, 50.21088643086163], [127.62780695470725, 50.21017210501571], [127.62724137203368, 50.210345306829254], [127.62693793541675, 50.21115119788856], [127.62692503264175, 50.21160075483975], [127.62720009230534, 50.21178388932479], [127.6274854723192, 50.21160737755221], [127.62736600034853, 50.21088643086163]]], [[[127.61290561774877, 50.216560898345946], [127.61235034034223, 50.21637438331589], [127.61191953443584, 50.21672900440616], [127.6121945650253, 50.21691217403031], [127.61289779552169, 50.21683063067536], [127.61290561774877, 50.216560898345946]]], [[[127.61316500963481, 50.21728353035505], [127.61358017448336, 50.21746836941242], [127.61358538686751, 50.2172885478289], [127.61316500963481, 50.21728353035505]]], [[[127.6131337250623, 50.21836245957536], [127.61354368631575, 50.21872712032924], [127.61311286762408, 50.21908174560241], [127.61394844246131, 50.2192716012213], [127.61378746290816, 50.219989215408496], [127.61420525876358, 50.22008414159932], [127.61492676010192, 50.21937321082811], [127.6146543092989, 50.21910013673927], [127.61465951794666, 50.21892031512487], [127.61493977918799, 50.21892365675038], [127.61482308445375, 50.218112788635516], [127.61426257155256, 50.21810610422365], [127.61426778148942, 50.2179262826081], [127.61398752617083, 50.21792293940969], [127.61399794799183, 50.21756329620301], [127.61358017448336, 50.21746836941242], [127.61314415346442, 50.21800281652589], [127.6131337250623, 50.21836245957536]]], [[[127.60610109391003, 50.21917771283533], [127.60638659540437, 50.219001254133964], [127.60596620440438, 50.218996210492485], [127.60610109391003, 50.21917771283533]]], [[[127.6123756918681, 50.22033212918199], [127.61236786560737, 50.22060186127492], [127.6130685427613, 50.220610228091616], [127.61294405338865, 50.22006909073949], [127.6123756918681, 50.22033212918199]]], [[[127.61417920538427, 50.22098324925775], [127.61403646309465, 50.22107148831511], [127.61417659997376, 50.221073160015344], [127.61417920538427, 50.22098324925775]]], [[[127.61473454325153, 50.221169755903944], [127.61459180140923, 50.22125799564477], [127.61473193886766, 50.22125966667976], [127.61473454325153, 50.221169755903944]]], [[[127.61597496211633, 50.22190407411338], [127.61582181064827, 50.222351958578024], [127.61525343728823, 50.22261501090518], [127.61524562662314, 50.22288474321978], [127.61622402100485, 50.22298634247518], [127.6162136139194, 50.2233459856826], [127.61579058038815, 50.22343088806365], [127.61578016987951, 50.22379053117762], [127.61661583759742, 50.22398036822947], [127.61661063537089, 50.224160189834976], [127.61745671112311, 50.22399037764998], [127.6174411137645, 50.22452984263898], [127.61785635779968, 50.22471466684589], [127.61770841267695, 50.224982731993286], [127.6179861111846, 50.22507597739523], [127.61797831525031, 50.225345709906016], [127.61839876419806, 50.22535071054506], [127.61841694899742, 50.2247213345546], [127.6181470465031, 50.224358357624446], [127.61786675303705, 50.224355023474416], [127.61776559053729, 50.22300469336881], [127.61706487691586, 50.22299635458816], [127.61693253545748, 50.22272495382445], [127.61751129814482, 50.222102249764006], [127.61653291886121, 50.22200066146169], [127.61695853868916, 50.22182584539159], [127.61698454060357, 50.220926736809034], [127.61670426738411, 50.22092340001932], [127.61671987105956, 50.22038393486139], [127.61630466876699, 50.2201991068053], [127.61629686469836, 50.22046883935237], [127.61573632384075, 50.22046216182372], [127.61532372793282, 50.22018741946723], [127.61404688571055, 50.22071184529692], [127.61404167442899, 50.220891666809024], [127.61417920538427, 50.22098324925775], [127.61431934201335, 50.220984920783714], [127.61431673686607, 50.221074831546616], [127.6154430385488, 50.220908376101995], [127.61557536669955, 50.221179778533724], [127.61487468045989, 50.22117142676465], [127.61472673006034, 50.22143948822686], [127.61499919433948, 50.221712562152334], [127.61597496211633, 50.22190407411338]], [[127.61610989782291, 50.22208556512781], [127.61624743617602, 50.22217714517088], [127.61610729593986, 50.2221754759416], [127.61610989782291, 50.22208556512781]]], [[[127.6076648748992, 50.223243849271846], [127.60780763535334, 50.22315561822743], [127.60766749275103, 50.223153938796074], [127.6076648748992, 50.223243849271846]]], [[[127.59032068484393, 50.23616620894893], [127.59173837649612, 50.2356437500407], [127.59331473575205, 50.234493602543225], [127.59389659400328, 50.23378111138363], [127.594605388939, 50.233519861747745], [127.59461596231337, 50.23316022247903], [127.59504704579952, 50.23280566886042], [127.5953538048756, 50.23190995985911], [127.59578751244275, 50.231465493397], [127.59580599880069, 50.230836124118504], [127.59538814730377, 50.23074113144759], [127.59522684757185, 50.231458715863056], [127.59394419693189, 50.23216273505032], [127.59365063536886, 50.23260889111721], [127.59279373859539, 50.23313816669899], [127.5923520450689, 50.23385235067159], [127.59106928778542, 50.2345563369404], [127.59062490406643, 50.23536042349243], [127.58920190147383, 50.23606268794182], [127.5891859786073, 50.2366021453106], [127.58988688331058, 50.23661065386454], [127.59032068484393, 50.23616620894893]]], [[[127.6305203821387, 50.242673058090745], [127.62967144055492, 50.24293287355667], [127.62966112729751, 50.24329251755446], [127.63050492189866, 50.243212524294044], [127.6305203821387, 50.242673058090745]]], [[[127.60110018258221, 50.246369955176576], [127.60082239493988, 50.24627666898737], [127.60081712917444, 50.24645648869408], [127.6009573396906, 50.24645817695155], [127.60110018258221, 50.246369955176576]]], [[[127.62501682235738, 50.24872407772717], [127.6265799047133, 50.248023032295265], [127.62658765836463, 50.24775329986768], [127.62602679510036, 50.247746669384675], [127.6258762358158, 50.24810465446977], [127.62517256459621, 50.24818627236201], [127.62501682235738, 50.24872407772717]]], [[[127.62262533184773, 50.24896557881113], [127.62321470929075, 50.24798320842841], [127.62265125216261, 50.24806647230504], [127.62207223468404, 50.2486891972181], [127.6220618621291, 50.24904883971226], [127.62262533184773, 50.24896557881113]]], [[[127.61725797978885, 50.25025095367899], [127.61713337240673, 50.249709822481115], [127.61586356903004, 50.24996452813287], [127.61585054430512, 50.2504140799719], [127.61626340079484, 50.2506888212442], [127.61682689945555, 50.25060558872799], [127.61725797978885, 50.25025095367899]]], [[[127.62442271662775, 50.25474311433684], [127.62372671675296, 50.25455499072556], [127.62343588114183, 50.25491131093202], [127.62413188500051, 50.25509943630727], [127.62442271662775, 50.25474311433684]]], [[[127.59113406430171, 50.25614311591433], [127.59127695441711, 50.25605490675532], [127.59113671631877, 50.256053206585214], [127.59113406430171, 50.25614311591433]]], [[[127.60114172984153, 50.259322025602955], [127.60111012704857, 50.260400941465626], [127.60139062998503, 50.260404317779496], [127.60139589619534, 50.260224498462634], [127.60167639812987, 50.26022787407832], [127.60184033927952, 50.25942037448773], [127.60170535552808, 50.259238867610584], [127.60114172984153, 50.259322025602955]]], [[[127.61650661112654, 50.26166455637356], [127.61695341867505, 50.260770462572296], [127.61653526292986, 50.26067554392909], [127.6168392057617, 50.25986969079997], [127.61670937184807, 50.25950838037286], [127.61628862262002, 50.25950337116657], [127.61600291213333, 50.25967985130422], [127.61584181500749, 50.26039746259707], [127.61555870393997, 50.260484031356235], [127.61580272477563, 50.261746115555646], [127.61650661112654, 50.26166455637356]]], [[[127.62694054241766, 50.26475636312623], [127.6268261328768, 50.26385560015567], [127.62612223053506, 50.26393722169618], [127.62609377395167, 50.264926237569995], [127.62694054241766, 50.26475636312623]]], [[[127.6262236929977, 50.26528753788414], [127.62592763409485, 50.26582368432892], [127.62648353683383, 50.266010138059144], [127.62678217650719, 50.26538407962947], [127.6262236929977, 50.26528753788414]]], [[[127.59180822213995, 50.266584489961005], [127.59195114266801, 50.26649628037928], [127.59181087386946, 50.266494580768224], [127.59180822213995, 50.266584489961005]]], [[[127.59539703165275, 50.26860662992948], [127.59550821210226, 50.269597327521566], [127.59592640228078, 50.2696923219909], [127.59595548848617, 50.268703319572644], [127.59539703165275, 50.26860662992948]]], [[[127.6188750197783, 50.271946017740866], [127.61845936467407, 50.27176119522317], [127.6181970106264, 50.271128488679146], [127.61763847833657, 50.27103190535702], [127.61749298709465, 50.27121005684516], [127.61732666156213, 50.27210748884636], [127.61841512813419, 50.27328966723415], [127.61912178186704, 50.273118183615175], [127.6188750197783, 50.271946017740866]]], [[[127.60867485144485, 50.27524211293931], [127.60715783796599, 50.27432453105226], [127.60716833208812, 50.27396489239541], [127.60689299683452, 50.27378171005526], [127.60660979011276, 50.27386825602353], [127.60714209638373, 50.27486398899257], [127.60824347858224, 50.27559671225521], [127.61034792784943, 50.27562189447705], [127.61035316316256, 50.27544207494853], [127.60867485144485, 50.27524211293931]]], [[[127.619207455176, 50.2750079630425], [127.61903074176423, 50.276265037423656], [127.61972963747745, 50.276363280820256], [127.61976343726549, 50.27519444929556], [127.619207455176, 50.2750079630425]]], [[[127.61996065442474, 50.28778851870051], [127.6196617795075, 50.28841455535445], [127.6199320460648, 50.28877752793505], [127.61963836719845, 50.2892237445522], [127.62033225326796, 50.28950180550449], [127.62159789459686, 50.289426881103545], [127.62285055524889, 50.28980149298856], [127.62328454575274, 50.289356930424525], [127.62315458712422, 50.28899562793085], [127.62400179448161, 50.28882577917537], [127.62580544976804, 50.28956664390546], [127.62665007002008, 50.28948668601447], [127.62666301105328, 50.289037135171796], [127.62610425189712, 50.288940590974875], [127.62597168348621, 50.28866920159635], [127.6248489959174, 50.2886559241901], [127.62485417900473, 50.28847610396743], [127.62162387147355, 50.28852778127778], [127.62078965731385, 50.28824806288653], [127.62065712110265, 50.28797666767856], [127.62122625075057, 50.28771359795667], [127.62010618830573, 50.28761036495857], [127.62011658978749, 50.28725072515891], [127.61984372940807, 50.286977662921416], [127.6194227374786, 50.28697266309315], [127.6195708721336, 50.286704600056424], [127.6191628930695, 50.2862500496165], [127.61665262310348, 50.28568055425412], [127.61735946735088, 50.285509083271364], [127.6169619438171, 50.284694885754405], [127.6155795758032, 50.28395890088335], [127.61505221403353, 50.2827833861383], [127.61380502300977, 50.28222887220743], [127.61382591675137, 50.28150959382668], [127.61286723855747, 50.28068868729973], [127.61258661506528, 50.280685337708974], [127.61150336067423, 50.27932328650352], [127.61112168568762, 50.27796961085573], [127.61140229304065, 50.277972963852434], [127.61142845139892, 50.27707386611394], [127.61170905352307, 50.277077218327115], [127.61214302888834, 50.276632696318835], [127.61216394352634, 50.275913417747695], [127.61174828065117, 50.27572857127907], [127.61172735988748, 50.27644784974662], [127.61056832354132, 50.2776931736206], [127.61024844681144, 50.27903846438023], [127.61052906034391, 50.27904181953626], [127.61093427938115, 50.27958630936815], [127.61092119454874, 50.280035857966666], [127.61146150558423, 50.28076184229922], [127.61338146147138, 50.282313760627204], [127.61501568012079, 50.284042123616764], [127.61500524138359, 50.28440176284244], [127.61608870878035, 50.28576378201768], [127.61593534145153, 50.286211660145575], [127.61565468511957, 50.28620831769688], [127.61536359200342, 50.28656461371636], [127.61619252892396, 50.28702419024698], [127.61644451025029, 50.288016539347204], [127.61730475150149, 50.28739719032782], [127.61786086937003, 50.287583686421726], [127.61786607859325, 50.28740386669414], [127.61814674221839, 50.28740720386114], [127.61814153405216, 50.287587023609895], [127.61884840151235, 50.28741554381482], [127.61897832336746, 50.28777685091598], [127.61996065442474, 50.28778851870051]], [[127.62161607854887, 50.28879751124122], [127.6225958358895, 50.28889906692852], [127.62258804835645, 50.28916879698482], [127.62174342752496, 50.289248725351364], [127.62146794859997, 50.28906557683137], [127.62161607854887, 50.28879751124122]]], [[[127.60466968909672, 50.28742607442436], [127.60554058167455, 50.28644717604618], [127.60527306632872, 50.285994261470925], [127.60415834237051, 50.28571105658725], [127.6040390601965, 50.28499009628259], [127.60376367434397, 50.284806906438696], [127.60194737527763, 50.28451524994806], [127.6013808151688, 50.28468831555793], [127.60136500250036, 50.285227771204546], [127.60262002342652, 50.28551268986723], [127.60288487816385, 50.28605551966999], [127.60330059521506, 50.2862403979816], [127.60328743538444, 50.286689944604795], [127.60286118333464, 50.28686470344729], [127.6029857170944, 50.28740584603159], [127.60466968909672, 50.28742607442436]], [[127.60470124170308, 50.28634716196809], [127.60468809501712, 50.28679670885109], [127.60398381833258, 50.286878192850324], [127.60384875082296, 50.28669668858611], [127.60428025803479, 50.286342107348624], [127.60470124170308, 50.28634716196809]]], [[[127.61813892994924, 50.287676933482025], [127.61786086937003, 50.287583686421726], [127.61785826473859, 50.28767359628328], [127.61813892994924, 50.287676933482025]]], [[[127.6274073739026, 50.297320471136565], [127.62742031139379, 50.29687092076034], [127.62714735492303, 50.296597875320906], [127.6274746452738, 50.29498280877196], [127.62720428675256, 50.29461985335404], [127.62692357962952, 50.294616537712024], [127.6269391085618, 50.2940770771131], [127.62666099330166, 50.29398385076205], [127.62669205593517, 50.29290492951096], [127.62627618900328, 50.292720133862964], [127.62615137787236, 50.292179014453346], [127.62504415664175, 50.291626277715594], [127.62489862852804, 50.2918044375711], [127.62557704006569, 50.29262192803595], [127.62556667776356, 50.29298156832645], [127.6261151246174, 50.29343775576486], [127.62580593225555, 50.29442344825826], [127.62621145388034, 50.29496788590654], [127.62618814722651, 50.29577707641341], [127.62502382177112, 50.297202359673584], [127.62585303597926, 50.29766186875347], [127.62684075067503, 50.297493659997066], [127.62725407323559, 50.297768363893894], [127.62720490150552, 50.29947665474066], [127.62762600515985, 50.29948162727664], [127.62781811150205, 50.29768508312288], [127.6274073739026, 50.297320471136565]]], [[[127.60961445966896, 50.30079656933233], [127.60987161282719, 50.30160911119024], [127.61029535241403, 50.30152423730471], [127.6103189334404, 50.30071505302206], [127.60961445966896, 50.30079656933233]]], [[[127.59086557066549, 50.30326901723094], [127.59058481696852, 50.30326561342675], [127.59057950195538, 50.30344543057256], [127.59086025671022, 50.30344883439834], [127.59086557066549, 50.30326901723094]]], [[[127.60607473546362, 50.30660031951162], [127.60634237011571, 50.307053231695846], [127.60690655301872, 50.30697005374495], [127.6069170611885, 50.30661041715687], [127.60607473546362, 50.30660031951162]]], [[[127.59291260938134, 50.31003936940745], [127.59276690443103, 50.31021748700118], [127.59290730187013, 50.31021918652243], [127.59291260938134, 50.31003936940745]]], [[[127.5929046480943, 50.31030909507768], [127.59304769932267, 50.3102208858742], [127.59290730187013, 50.31021918652243], [127.5929046480943, 50.31030909507768]]], [[[127.59668480451509, 50.31071455301633], [127.59571790194828, 50.31016323268972], [127.59528611251916, 50.31051777838743], [127.59612056033778, 50.31079768078358], [127.59668480451509, 50.31071455301633]]], [[[127.6030001442272, 50.310880560255654], [127.6031458132764, 50.31070242955476], [127.60300541379964, 50.31070074238509], [127.6030001442272, 50.310880560255654]]], [[[127.59525696927841, 50.31150677337044], [127.59540796733576, 50.31114883537637], [127.59485166648017, 50.310962231026686], [127.5944172122884, 50.311406681941456], [127.59343440538385, 50.31139479429399], [127.59342909958545, 50.31157461140709], [127.59384234763422, 50.311849432869394], [127.59427150863843, 50.311584801392364], [127.59525696927841, 50.31150677337044]]], [[[127.60040959305753, 50.31300797368943], [127.60027182709686, 50.31291637436315], [127.60026918695532, 50.313006283159915], [127.60040959305753, 50.31300797368943]]], [[[127.5964517536613, 50.31385966122301], [127.5968703322205, 50.31395465484602], [127.598287639572, 50.313522050246185], [127.59829821519838, 50.313162415386714], [127.59802004675328, 50.31306912034351], [127.59801475793525, 50.31324893775775], [127.59716702608019, 50.313418591994996], [127.59702132633316, 50.31359671486689], [127.59646234326306, 50.31350002666701], [127.5964517536613, 50.31385966122301]], [[127.59773129965392, 50.313335459427755], [127.59786906186613, 50.313427061727936], [127.59772865468209, 50.31342536812038], [127.59773129965392, 50.313335459427755]]], [[[127.598287639572, 50.313522050246185], [127.5984227597099, 50.31370356061255], [127.5987035758133, 50.313706945995264], [127.59870886211922, 50.31352712854231], [127.598287639572, 50.313522050246185]]], [[[127.61217495832028, 50.31413837467436], [127.61175372795913, 50.31413334511861], [127.61174587211374, 50.314403072764435], [127.61243745739826, 50.314771091536], [127.61314213369633, 50.3146895599684], [127.61230489821449, 50.31449968779708], [127.61217495832028, 50.31413837467436]]], [[[127.61060423979252, 50.315019017185755], [127.611163270668, 50.31511563773906], [127.61132202005473, 50.31448795083146], [127.61021708211713, 50.31384516287766], [127.60965544558233, 50.31383844703519], [127.6090728201668, 50.31455100139927], [127.60975914174836, 50.31509885416812], [127.6106121022686, 50.314749289699115], [127.61060423979252, 50.315019017185755]]], [[[127.61357121486311, 50.314424856694515], [127.61368809102946, 50.31523571472121], [127.61510006346307, 50.31498272289027], [127.61441890869092, 50.3142550825224], [127.61357121486311, 50.314424856694515]]], [[[127.6080925678319, 50.31444932803122], [127.60752829809155, 50.314532510919335], [127.60752041822835, 50.3148022380632], [127.60892191307754, 50.31490895769631], [127.60892716106663, 50.31472913949822], [127.6080925678319, 50.31444932803122]]], [[[127.58648451463438, 50.28999450916111], [127.585801483802, 50.28935661335306], [127.58200708221968, 50.28949026584998], [127.58185338315995, 50.28993809590895], [127.58211535191316, 50.290570879285205], [127.58168631585278, 50.29083546783866], [127.58099264057888, 50.29055717797452], [127.58100601226184, 50.29010763595587], [127.58144573918324, 50.28948341613285], [127.57737064647813, 50.28961349119254], [127.5772249478511, 50.289791589950504], [127.57763791518306, 50.29006646763809], [127.57762987318645, 50.290336192462036], [127.57692818331604, 50.29032760336823], [127.57665555500937, 50.2900544418356], [127.57681198527588, 50.28951671082319], [127.57554628135993, 50.28959114690482], [127.5752548696201, 50.28994733953654], [127.57497419620796, 50.28994389869223], [127.57470426746588, 50.28958082450284], [127.57175722270074, 50.289544648081126], [127.57133083183189, 50.28971928999826], [127.57145770631787, 50.290170555084934], [127.57187064322868, 50.29044545299259], [127.57142270526187, 50.291339359395856], [127.5715253535228, 50.292599796351695], [127.57180065835817, 50.29278306166983], [127.57199790891066, 50.29557365813472], [127.5716606609268, 50.29745827597558], [127.57192791755095, 50.2979112648685], [127.57220863746726, 50.297914713460905], [127.57231131707164, 50.29917514862998], [127.57272164505407, 50.29953995173146], [127.57228709256084, 50.29998431991318], [127.57226555873389, 50.3007035831738], [127.57254091258957, 50.30088684691075], [127.57248439266894, 50.302774912678736], [127.57274630366992, 50.303407715352726], [127.57302705603706, 50.303411162240245], [127.57300822146155, 50.30404051742837], [127.57313514716158, 50.304491780058555], [127.57341321597494, 50.30458513394745], [127.5734024559063, 50.304944765479966], [127.57409091596766, 50.30540291717459], [127.57391826421079, 50.30648008967634], [127.57419903480877, 50.30648353388526], [127.57430984662935, 50.307474242465624], [127.57498760215704, 50.30829202054678], [127.57510649552901, 50.30901300460556], [127.57551961469628, 50.30928789024055], [127.5759166240965, 50.31010222185125], [127.57633512736324, 50.31019728885293], [127.57617324831556, 50.310914832533946], [127.57642988101034, 50.311727442613375], [127.57684839954098, 50.311822507870446], [127.57684034687222, 50.31209223158724], [127.57780170155397, 50.31282352310453], [127.57836331846158, 50.31283039271177], [127.5787523625324, 50.31391443864065], [127.57930863299029, 50.31410111970285], [127.57929791376272, 50.3144607515643], [127.57957337337805, 50.31464399911725], [127.58013233388239, 50.31474076833685], [127.58011358554003, 50.31537012423358], [127.5810750560843, 50.316101389257824], [127.58120476454064, 50.31646273507542], [127.58148559481782, 50.316466162177676], [127.5814775670608, 50.316735886219966], [127.58230134219015, 50.317375519830264], [127.58256346022652, 50.31800830060557], [127.5831197934424, 50.31819496382919], [127.58310642837112, 50.31864450407548], [127.5839302580673, 50.31928412639897], [127.58417638082138, 50.32045635194906], [127.58473274889734, 50.320643007669936], [127.58471672763424, 50.321182456108474], [127.58527577551202, 50.3212792012214], [127.58540286020538, 50.321730450510984], [127.58595657999658, 50.32200700859171], [127.58621343582081, 50.3228195974596], [127.58648363583994, 50.32318264521133], [127.58676450635232, 50.323186059892], [127.58702138193658, 50.32399864698286], [127.58757513737022, 50.32427519754853], [127.5875671418549, 50.324544921935804], [127.58784802052706, 50.32454833406577], [127.58783736176893, 50.3249079666044], [127.58839379617035, 50.325094605219604], [127.58865869900991, 50.32563746431929], [127.59003917993034, 50.326463679063565], [127.59003119774131, 50.32673340363484], [127.59058500240117, 50.32700994014823], [127.59057702314703, 50.32727966475733], [127.59237627865777, 50.32820086771837], [127.59235768308191, 50.32883022547339], [127.59290355892257, 50.32937647590353], [127.59289293649685, 50.32973610892369], [127.59398207965661, 50.33091851063431], [127.59381508095028, 50.33181589453571], [127.59409600323907, 50.33181929192678], [127.59436100716228, 50.33236213827341], [127.59464193273762, 50.33236553437217], [127.59463397493556, 50.33263525920128], [127.59519052627736, 50.332821866016246], [127.59542108212644, 50.33453351762789], [127.59570202063351, 50.33453691127105], [127.59569406822064, 50.33480663612142], [127.59651039581328, 50.335715896136485], [127.5964971487988, 50.336165437610255], [127.59620825063213, 50.33643177064302], [127.5963301770014, 50.33706282457575], [127.59674895827348, 50.33715781996159], [127.59729497840547, 50.33770405022145], [127.59785424629952, 50.33780073640068], [127.59782512817097, 50.33878972780574], [127.59724995918447, 50.33923249106721], [127.59737720203668, 50.33968372724794], [127.59794708140389, 50.33942078002129], [127.59810344541631, 50.33888302415844], [127.5985222462883, 50.33897801329012], [127.599100045196, 50.338445335237], [127.59913178108242, 50.33736643486116], [127.5987156384088, 50.33718153964726], [127.59874738157914, 50.336102639212925], [127.5981907778792, 50.335916049093804], [127.59793894433894, 50.33492366946358], [127.59724453550761, 50.33464547252348], [127.5972577747556, 50.334195930787786], [127.59656073140232, 50.334007638194265], [127.59657397680321, 50.33355809654055], [127.59629304396326, 50.33355470505141], [127.59631159066866, 50.33292534674856], [127.59575238310318, 50.33282865357194], [127.59550591728456, 50.331656452062], [127.59494937820058, 50.33146984682353], [127.59496528945476, 50.3309303969702], [127.5944114138276, 50.330653880913694], [127.59428687456688, 50.33011273293953], [127.59358990274171, 50.32992442300083], [127.59361379122001, 50.32911524845606], [127.59306791009983, 50.32856900129392], [127.5927870070976, 50.32856560157726], [127.59280825245054, 50.32784633540006], [127.592392217197, 50.32766141815559], [127.59244268603614, 50.32595316085043], [127.5928640173982, 50.32595826122815], [127.59299384083515, 50.32631959426307], [127.59383120326771, 50.326509606231326], [127.59353969584954, 50.32686584175706], [127.59395307537382, 50.327140663232996], [127.59393450132258, 50.32777002152921], [127.59462348658762, 50.3282280542522], [127.59501036871048, 50.329401955425915], [127.59541317501838, 50.330036405199515], [127.59596704945073, 50.330312916500645], [127.5960942580086, 50.3307641544612], [127.59706687406295, 50.33113565648852], [127.5970589303358, 50.33140538165511], [127.59732926088927, 50.331768404767296], [127.59761018332088, 50.331771793666526], [127.59774005781549, 50.332133121479714], [127.59816144478279, 50.33213820311203], [127.59815615292095, 50.332318019944275], [127.59898835287004, 50.33268781246897], [127.59955020902777, 50.33269458166187], [127.59995838834838, 50.33314919914893], [127.6010715501116, 50.33352235957958], [127.60216889829476, 50.33443496071453], [127.60287388247366, 50.334353494219975], [127.6035656846882, 50.33472156637228], [127.60426803627182, 50.33473000003937], [127.60455687925689, 50.334463646445116], [127.6053944320106, 50.334653576430256], [127.60552700543514, 50.3349249872692], [127.60693960493232, 50.33467210058225], [127.60692382716057, 50.33521155284317], [127.60733735632546, 50.33548632757657], [127.6081907023372, 50.33513678523365], [127.6104251372616, 50.33561321299417], [127.61069821616783, 50.33588629696518], [127.61112226046436, 50.33580142305499], [127.61071395157632, 50.33534684390322], [127.61170250109788, 50.335178771737326], [127.61182463022244, 50.335809811211575], [127.61140058705115, 50.33589468769311], [127.61138748046895, 50.336344232003356], [127.61207413792084, 50.336892071905666], [127.61360368445013, 50.33744996147035], [127.61401465528746, 50.33781462175275], [127.61597092559164, 50.33819768568874], [127.61835910914738, 50.338226089518606], [127.61906933786634, 50.33796470688689], [127.61963126104982, 50.33797137955826], [127.61976392479151, 50.338242774749126], [127.6243998257943, 50.33829771563238], [127.6262286872885, 50.338229398890114], [127.6266605040281, 50.33787474008137], [127.62764646181738, 50.33779644181751], [127.62876513109246, 50.337989520506895], [127.62905127026585, 50.33781301475298], [127.6290590346451, 50.337543286234705], [127.62822651287, 50.33717370668489], [127.62808085405531, 50.33735186812569], [127.62681653914588, 50.33733694279523], [127.62652520891501, 50.337693261843434], [127.62582540125669, 50.337595052868046], [127.625396175993, 50.33785979919699], [127.62455329122895, 50.33784983097254], [127.62457146738183, 50.33722046559864], [127.62105429264668, 50.33735868493127], [127.61824993027024, 50.33714551089172], [127.61768279806616, 50.337318649792266], [127.61741750081927, 50.336775854662115], [127.6156043658879, 50.33630457908379], [127.61547173112287, 50.33603317929716], [127.61435839548821, 50.33566015549707], [127.61367696278904, 50.334932510971], [127.61241795829231, 50.334737611720904], [127.61200440586788, 50.33446285483683], [127.61045136757598, 50.33471412458922], [127.61003782683818, 50.334439360803806], [127.61032663604956, 50.334172992581735], [127.60976475987883, 50.33416627531488], [127.6094943207251, 50.33380328037296], [127.60907291699613, 50.33379823968776], [127.60905978942405, 50.334247783717366], [127.60849791267319, 50.334241060322206], [127.60837057771431, 50.333789835153034], [127.60879460724773, 50.333704969583025], [127.60880248518066, 50.33343524317478], [127.60797019468309, 50.333065520212685], [127.6074083321354, 50.33305879166662], [127.60809489673953, 50.33360665460405], [127.60780607865667, 50.33387301723272], [127.60360522259332, 50.33337293743129], [127.6030618148735, 50.33273682762741], [127.60249995737557, 50.33273007539731], [127.60250523292017, 50.33255025824438], [127.60180819213832, 50.33236199708839], [127.6016809253645, 50.33191076501736], [127.60070297470168, 50.33171911825691], [127.6007267438981, 50.330909941500394], [127.60045110912965, 50.33072674311978], [127.60060477328564, 50.330278891175006], [127.59976203147943, 50.330268744361526], [127.59949169055035, 50.32990572673169], [127.59978317282491, 50.329549476248104], [127.60118244162165, 50.32974620092712], [127.6014475155744, 50.33028903188241], [127.60214716295788, 50.33038738640614], [127.60282835453489, 50.3311150970668], [127.6042250481077, 50.33140169418884], [127.60463589521919, 50.33176638696742], [127.606324066273, 50.33169669554009], [127.60771817083669, 50.33207315973695], [127.61164327086118, 50.33238991821752], [127.61304005682047, 50.33267641011992], [127.61303482101364, 50.332856228073354], [127.61386714792614, 50.33322591508371], [127.61595847205442, 50.333790470627676], [127.6196054404896, 50.334013708004846], [127.62131189037889, 50.33331443476674], [127.62243562831652, 50.333327754837356], [127.6228544308297, 50.33342265640419], [127.62270096455798, 50.33387053914057], [127.62354377826168, 50.33388052022319], [127.62424872022517, 50.33379892374235], [127.62425391388119, 50.33361910496861], [127.62299749760213, 50.333334410801406], [127.62342929305895, 50.3329797635365], [127.62330961493247, 50.33225882538687], [127.6247116617132, 50.332365358822635], [127.62528649390043, 50.331922456448325], [127.62598881066445, 50.33193075859417], [127.62670927186129, 50.33130968991823], [127.62854562773008, 50.33097160579352], [127.6291178202151, 50.330618593551556], [127.6293987396441, 50.3306219056012], [127.6295314396224, 50.33089329026671], [127.62910747066884, 50.330978232012356], [127.62909970837129, 50.33124796084225], [127.63022340123683, 50.33126120526405], [127.6300596686703, 50.332068737044935], [127.63133676198245, 50.331634077584816], [127.63217953917001, 50.331643995760764], [127.63259576615064, 50.33182877202167], [127.63258544241332, 50.332188410929575], [127.63342822984539, 50.332198320134246], [127.6334333885612, 50.332018500620414], [127.63400040153586, 50.33184528376062], [127.63401071446701, 50.33148564461925], [127.63529033259478, 50.330961031453086], [127.6353006354661, 50.33060139206355], [127.6355867058158, 50.330424869451335], [127.63699644650963, 50.33026152489648], [127.63700673624781, 50.3299018852082], [127.637995084004, 50.32973358766637], [127.63885838100481, 50.32902417730294], [127.64026550354922, 50.328950702675115], [127.64098573451506, 50.3283295433555], [127.64140965947303, 50.32824455789431], [127.64295464790153, 50.32826260183882], [127.64310790516635, 50.32781469027318], [127.64452266047917, 50.327471433134], [127.64481635037073, 50.32702515653572], [127.6452351438837, 50.32711997749245], [127.64510236418504, 50.32684860994721], [127.6453909321738, 50.32658215234446], [127.64623107022419, 50.326681878273426], [127.64779132161709, 50.32616039547531], [127.65131269719315, 50.32584153877212], [127.65217572615813, 50.325132026906424], [127.65192027463709, 50.3242296645354], [127.65150403717335, 50.32404495715735], [127.65166228830701, 50.32341721211501], [127.65138395344584, 50.32332404362427], [127.65025279739959, 50.323580736718725], [127.64941525333013, 50.32339112968493], [127.6495455002532, 50.32375240306932], [127.6492569727453, 50.32401887143462], [127.64828408545317, 50.323647803522945], [127.64855221569906, 50.324100621188734], [127.64910888419345, 50.32428697103027], [127.6490961387097, 50.32473652332512], [127.64853436469762, 50.324729994266946], [127.64812323815212, 50.32436545400477], [127.64728058411089, 50.32435565240161], [127.64702267645505, 50.323543190332074], [127.64814364518608, 50.32364617055742], [127.6481563991616, 50.32319661835433], [127.64787807260014, 50.323103441531615], [127.64816405139157, 50.322926887014575], [127.64871560530155, 50.32329305955964], [127.64913947203493, 50.32320804537048], [127.64873090336766, 50.322753596751326], [127.64802871520732, 50.32274543303064], [127.64788317513299, 50.32292362065768], [127.64759974713667, 50.32301026404982], [127.64704054666804, 50.322913817517126], [127.64645580897978, 50.32371647211759], [127.64561827818109, 50.32352683783504], [127.64563361143304, 50.32298737573798], [127.64465310188434, 50.32288600879964], [127.64450499118892, 50.32315410240161], [127.6453399547859, 50.32343365496524], [127.64532206178541, 50.32406302728167], [127.64489818087823, 50.3241480274241], [127.64489050983266, 50.32441775834326], [127.64572805322322, 50.324607397943055], [127.64571783123259, 50.32496703926036], [127.64529138659144, 50.32514195108251], [127.64458916423756, 50.32513376631144], [127.64446406716966, 50.324592667161866], [127.6436188509343, 50.32467274926325], [127.64334564481476, 50.324399741111186], [127.64152758738668, 50.32410869101847], [127.64125696035228, 50.323745767869916], [127.64083563994801, 50.323740842996024], [127.64055219458442, 50.32382746905143], [127.64025078792379, 50.32454346534905], [127.6393978638224, 50.32489324705188], [127.63951006753683, 50.3258839015911], [127.63978582666556, 50.32606700849256], [127.63935421545283, 50.326421718403765], [127.6389303032598, 50.32650669649719], [127.63879756125523, 50.32623532202698], [127.63823834171649, 50.32613883304446], [127.63824605088227, 50.32586910294903], [127.63866995855118, 50.325784127305624], [127.63881811039963, 50.32551604158758], [127.63869307807674, 50.324974936784315], [127.6379857198746, 50.32514653225969], [127.63755153288471, 50.325591145514835], [127.63601435617461, 50.3253033006034], [127.63600920842596, 50.325483120519294], [127.63558529889194, 50.32556808644816], [127.63570772276145, 50.326199104201585], [127.63556727570734, 50.32619745598643], [127.63516396336938, 50.32556314089497], [127.63615994778642, 50.32512512832519], [127.63618053593103, 50.324405848536166], [127.63534818545975, 50.32403632057665], [127.63408164260454, 50.32411138699246], [127.63395408995207, 50.32366018734199], [127.63424527709941, 50.32330384769456], [127.6339644002398, 50.32330054769862], [127.63383169520242, 50.323029167713784], [127.63313208640825, 50.32293100409933], [127.63338975348935, 50.32374349511755], [127.63296585501189, 50.32382845160724], [127.63240667599155, 50.32373193485848], [127.63186815142686, 50.32291613675495], [127.63131156790922, 50.322729704993904], [127.63116338298883, 50.32299778099829], [127.63088250829406, 50.3229944735724], [127.6308747582397, 50.323264202974684], [127.63129607268459, 50.323269163906375], [127.63156145652778, 50.323811929267876], [127.63239893436085, 50.32400166439796], [127.6322507514333, 50.324269741748644], [127.63140552217195, 50.32434973493757], [127.63127282896299, 50.324078352174176], [127.63057062637135, 50.32407008287069], [127.63001920474078, 50.32370382534917], [127.63002954473755, 50.323344186298996], [127.62961857281672, 50.3229795817619], [127.63019066030449, 50.32262656292109], [127.62992271341156, 50.32217370428325], [127.62907751782849, 50.3222536808447], [127.62934545708467, 50.32270654136287], [127.6290594108242, 50.322883049035], [127.62751978505078, 50.32268500251671], [127.62781360295062, 50.32223876957235], [127.62851577775145, 50.32224705530825], [127.6285287162275, 50.321797506661134], [127.62825302527301, 50.321614373479775], [127.62797215907254, 50.32161105908946], [127.62782137004719, 50.32196904046744], [127.62712178987611, 50.32187084089285], [127.62712697049616, 50.32169102153169], [127.62812294578275, 50.321253077475916], [127.62896812504907, 50.32117310770989], [127.62909821076009, 50.321534402823204], [127.63049737283109, 50.32173077399359], [127.6306533082565, 50.321192969319064], [127.62952726685123, 50.321269640738976], [127.62954019533869, 50.32082009182574], [127.62925933366753, 50.320816780582184], [127.62955053789251, 50.32046045266824], [127.63080665678368, 50.32074507419404], [127.63096258528076, 50.32020726896103], [127.63166731267283, 50.320125625564536], [127.63179483482367, 50.32057682773944], [127.63108493546801, 50.3208382915416], [127.6312072887327, 50.32146931395282], [127.63092642304021, 50.321466006705315], [127.6309212567961, 50.32164582635916], [127.63118921035573, 50.32209868278856], [127.63245828385107, 50.32193373758485], [127.63273399298825, 50.322116860929505], [127.63230236616003, 50.32247154475919], [127.63242731976392, 50.32301265602076], [127.63299164913573, 50.32292935285048], [127.63328541761712, 50.3224831056918], [127.6330200211601, 50.32194034404545], [127.63344390268145, 50.32185538719436], [127.63398759762197, 50.32249135841362], [127.63454934186129, 50.32249795753875], [127.63456479983957, 50.32195849782256], [127.63415380464096, 50.3215939090494], [127.63303033786721, 50.32158070443515], [127.63304839160077, 50.320951335059576], [127.6323513952984, 50.32076325706549], [127.63235655598534, 50.32058343727687], [127.63306386571912, 50.320411875536536], [127.63375312669837, 50.32086967908899], [127.63333183303202, 50.32086472722998], [127.63359980536521, 50.321317578312545], [127.63416668963995, 50.32114435929344], [127.63403141200884, 50.320962889433936], [127.63486627452973, 50.321242516515895], [127.63501443305769, 50.32097443549965], [127.63529529633215, 50.32097773284948], [127.63502215905613, 50.320704705524975], [127.63502988493698, 50.32043497553686], [127.63545632403616, 50.3202601011822], [127.63532104390796, 50.320078632777026], [127.63489975695833, 50.320073686654844], [127.6346137469992, 50.3202502083664], [127.63474644908179, 50.32052158755863], [127.63403656639407, 50.32078306952559], [127.63404687500766, 50.32042342969095], [127.63377117043282, 50.32024030944644], [127.63209634183822, 50.3198608537169], [127.63124860832589, 50.32003075633898], [127.63126152001077, 50.3195812070062], [127.63169312790403, 50.3192265267192], [127.63113658789547, 50.31904009436019], [127.63098583107879, 50.31939808025642], [127.6304215403347, 50.31948137405047], [127.63028886575866, 50.319209990097676], [127.62986758737067, 50.319205025804926], [127.63015877698977, 50.31884869615384], [127.62961000350302, 50.318392527048495], [127.6290431360394, 50.318565724058935], [127.62874676592365, 50.31910187044811], [127.6281850630689, 50.3190952436127], [127.62817729882184, 50.31936497289271], [127.62859340368374, 50.31954976286495], [127.62844262613939, 50.319907745263755], [127.62760264703144, 50.319807891946304], [127.62717100364381, 50.3201625567205], [127.62647145133747, 50.32006435342936], [127.62644812834904, 50.32087354051282], [127.62672380805233, 50.32105667790589], [127.62656005477112, 50.32186420594465], [127.62571745250816, 50.3218542484353], [127.62569930139004, 50.3224836157837], [127.62456284154577, 50.322919877164075], [127.62459398356114, 50.32184096226038], [127.62503344405746, 50.32121657861044], [127.62447690765188, 50.32103011445379], [127.6244846932981, 50.320760385669644], [127.62547029958486, 50.32068210277592], [127.62518165756994, 50.32094851057598], [127.62545214595762, 50.32131147018666], [127.62615949057171, 50.32113995076731], [127.62547289290755, 50.32059219313983], [127.62633361454441, 50.31997278452596], [127.62578745792436, 50.31942668797649], [127.6260760871956, 50.319160278501414], [127.62565740282402, 50.31906538928218], [127.62522834560603, 50.31933013716799], [127.6253609915691, 50.31960152665834], [127.62564184562113, 50.31960484726042], [127.62562628794458, 50.32014430518482], [127.62534024365931, 50.32032080379462], [127.62407638201574, 50.32030585231287], [127.62381110250152, 50.319763070400874], [127.62437021687472, 50.31985962803678], [127.62479668912135, 50.319684793045724], [127.6249474932213, 50.319326815580204], [127.62297633218307, 50.319483364598575], [127.62256025007837, 50.3192985547013], [127.62256804609237, 50.31902882605345], [127.62313234442809, 50.31894557044367], [127.62272146302935, 50.31858094199595], [127.62117680147028, 50.31856263176366], [127.62144204445022, 50.31910541949636], [127.62073991801405, 50.31909709141855], [127.62074512219988, 50.318917272452836], [127.6200508088915, 50.318639211808645], [127.62034206787844, 50.31828290728714], [127.61992861010852, 50.31800817862663], [127.61809009019517, 50.31843604036289], [127.61711495509756, 50.318154623572845], [127.61684715736115, 50.31770173568497], [127.61600463211937, 50.317691708389255], [127.61573423612104, 50.31732872733631], [127.6153103647499, 50.317413619748585], [127.61529207908417, 50.31804298482422], [127.61557292276353, 50.318046329672136], [127.61584332148774, 50.318409311079904], [127.61541944065328, 50.31849420379715], [127.61500600980376, 50.31821945785644], [127.61501907383942, 50.317769911449375], [127.61431958306694, 50.3176716354874], [127.61289705953867, 50.318284253831905], [127.61261621477522, 50.31828090250945], [127.61249149788378, 50.31773977148365], [127.61207023564266, 50.317734742815496], [127.61177368080365, 50.318270844473055], [127.61093376783381, 50.31817087121031], [127.60923821058134, 50.31851036091006], [127.60978941120489, 50.318876715504665], [127.61077500010059, 50.31879855705631], [127.61090756200203, 50.319069962370705], [127.61190100954762, 50.31872206701399], [127.61203357768369, 50.31899347109889], [127.61174225254562, 50.31934975421275], [127.61270167535653, 50.32017067094017], [127.61285257160975, 50.319812709956054], [127.61258480557653, 50.319359812632065], [127.61286827366993, 50.31927325490282], [127.61259527552194, 50.31900017594849], [127.61317267173928, 50.31846742288743], [127.6138721716557, 50.31856570581418], [127.61413994567265, 50.31901860029713], [127.61357301601011, 50.319191721326845], [127.61356778471692, 50.31937153974007], [127.61525289332756, 50.31939162402498], [127.61579370480362, 50.32011758763347], [127.61439988239123, 50.319741221870366], [127.61325815458198, 50.320357191034205], [127.61269905798218, 50.32026058009917], [127.61241034780639, 50.320526955639785], [127.61198906094656, 50.32052192647703], [127.61157301325723, 50.32033707756287], [127.6113104965216, 50.31970435918228], [127.61004141401264, 50.31986907346839], [127.60990885493268, 50.319597667225054], [127.60935239794912, 50.3194111312557], [127.60920147682732, 50.31976908751396], [127.60945084815451, 50.32085135556756], [127.60902693459178, 50.32093622466736], [127.6087618238239, 50.32039340985963], [127.60792188028991, 50.320293414614355], [127.60792713305379, 50.32011359665999], [127.60863452072603, 50.31994218421553], [127.60878544666613, 50.3195842287434], [127.608512470362, 50.319311140393786], [127.60780509167883, 50.31948255218747], [127.60765153187296, 50.31993041530645], [127.60709508008412, 50.31974386858311], [127.60624463369066, 50.320003497084066], [127.6048429958934, 50.319896744072736], [127.60514490191575, 50.31918084320121], [127.6055714371435, 50.31900607925551], [127.605581959872, 50.31864644362002], [127.60516332229625, 50.318551480956565], [127.60530900734067, 50.318373347901364], [127.60587069626912, 50.31838008517578], [127.60614102248043, 50.3187430885347], [127.60656492138257, 50.31865822980862], [127.60671323006214, 50.31839018600111], [127.6074048331196, 50.31875823462428], [127.60783135641286, 50.318583462274376], [127.60755576433536, 50.318400280722884], [127.60756889871634, 50.317950735748546], [127.60785499353403, 50.317774281224516], [127.60940486758248, 50.31761295007671], [127.60913189876354, 50.317339863155155], [127.60772770553908, 50.31732305451774], [127.60717391119329, 50.31704659932973], [127.60659646605181, 50.317579322309584], [127.60715289073752, 50.31776587126245], [127.60714763549026, 50.317945689230655], [127.60616205893295, 50.3180238170328], [127.60603215667773, 50.31766249756343], [127.60561089627407, 50.31765744549879], [127.60532742502706, 50.3177439855249], [127.6051738479342, 50.318191845355244], [127.6047525830063, 50.31818679014266], [127.60448490315227, 50.31773387475153], [127.60505447903078, 50.317470889222115], [127.60506237359266, 50.317201162485446], [127.60590488625905, 50.317211268997504], [127.60591540580225, 50.3168516331994], [127.60549152192534, 50.316936489706144], [127.60550204448454, 50.31657685395418], [127.6076214329081, 50.31615255547666], [127.6094337236112, 50.31662395017291], [127.61057016767973, 50.31618783613883], [127.61058065164612, 50.31582819956484], [127.60932741026332, 50.315453452221284], [127.60721857682873, 50.31551814615432], [127.6056845452827, 50.3151399949176], [127.60245242040239, 50.31519112402145], [127.60131592761232, 50.31562715834744], [127.60048928439338, 50.31507756620771], [127.59936598715035, 50.31506403759418], [127.59794335363891, 50.315676472263], [127.59695781058213, 50.31575452232317], [127.5966796298005, 50.31566122400879], [127.59669021835968, 50.31530158952974], [127.59711674895352, 50.315126856461575], [127.59698692292811, 50.31476552734626], [127.59641733597125, 50.315028473364286], [127.59501586868534, 50.31492160317746], [127.5948648551651, 50.31527954031138], [127.59430055378974, 50.31536265870326], [127.59417074857248, 50.315001326629876], [127.59192416461823, 50.31497413649818], [127.5915135578613, 50.314609399793426], [127.59109232705086, 50.3146042953515], [127.59052005139844, 50.31495712062827], [127.5906524872416, 50.31522854815797], [127.59093331139253, 50.31523195238147], [127.59092267943008, 50.31559158597682], [127.59035304965836, 50.31585450188128], [127.59022061386085, 50.31558307403865], [127.58980203480932, 50.31548805648809], [127.58952120928636, 50.315484649519824], [127.58965364082239, 50.31575607812813], [127.58895157321392, 50.315747558507354], [127.58895955840246, 50.31547783354903], [127.58825749510146, 50.315469309771274], [127.58771449301055, 50.31483312974984], [127.58659920596457, 50.31454975304139], [127.58617797657224, 50.314544630800185], [127.58602956534617, 50.31481264770979], [127.58517909590351, 50.31507212208709], [127.58518977099787, 50.31471248934901], [127.5849089506016, 50.314709071279054], [127.58505469878818, 50.3145309640316], [127.58435532091369, 50.314432508633224], [127.58265436879167, 50.31495142657174], [127.58252465318964, 50.31459008222226], [127.58295390115968, 50.314325493388594], [127.58323204665541, 50.31441882427841], [127.58323739144986, 50.31423900804325], [127.58379902635347, 50.314245851533364], [127.58409319769655, 50.31379973148436], [127.5836746469018, 50.313704692075916], [127.58338047226768, 50.3141508110448], [127.58268377702866, 50.31396243754211], [127.58241098308565, 50.31368928917669], [127.5831183635102, 50.313518031789705], [127.58312370856265, 50.31333821553538], [127.58269981719342, 50.31342298890389], [127.58243237377181, 50.31297002436459], [127.5836986899287, 50.312895518715784], [127.58342856796973, 50.31253246453342], [127.58357431482764, 50.31235435906765], [127.58441673408524, 50.3123646205679], [127.58524581168888, 50.312824417080066], [127.58609090672753, 50.312744758286364], [127.58652278436216, 50.312390247621835], [127.58639037968764, 50.312118815521636], [127.58693866431743, 50.31257518503617], [127.58806189693469, 50.31258883322246], [127.58889367569022, 50.312958695688216], [127.58832406669197, 50.313221601935965], [127.58831607854697, 50.31349132692573], [127.58929360471589, 50.31368307492322], [127.58944731520849, 50.31323523686465], [127.58987119340215, 50.31315043877362], [127.58999298243204, 50.31378150061603], [127.5902684798106, 50.313964723156545], [127.59111624494618, 50.31379511953106], [127.59138908978693, 50.31406824788407], [127.59209113340079, 50.31407675258262], [127.59209910035396, 50.31380702718231], [127.5923825714009, 50.31372051936221], [127.59226075082188, 50.313089459753954], [127.59155872169504, 50.31308095619973], [127.59172303379982, 50.31227348100529], [127.59214689952645, 50.31218867449688], [127.59340256978591, 50.312473696882634], [127.59255483604454, 50.31264331748431], [127.59268462291749, 50.31300465134904], [127.5943668402225, 50.31311494499029], [127.5947933594297, 50.31294022029096], [127.59563049531603, 50.31313021782509], [127.59590071408607, 50.31349324441769], [127.59618152864769, 50.31349663588137], [127.59648087454897, 50.31287066613628], [127.59789286374765, 50.312617883391965], [127.597760393458, 50.31234646370987], [127.59902138757577, 50.312451608252964], [127.59914858087824, 50.312902844067494], [127.6002823875291, 50.312556739161145], [127.60041223293449, 50.31291806488732], [127.60097913401563, 50.31274500763726], [127.60180574304394, 50.31329459621983], [127.60222696421421, 50.31329966175426], [127.60294217540114, 50.31285855643609], [127.60393028292866, 50.31269054608375], [127.60394081568033, 50.31233091030671], [127.60450506518899, 50.31224774463814], [127.60421372640387, 50.312604009163245], [127.60490785819883, 50.31288216318449], [127.60504037077986, 50.31315357504586], [127.60630666143008, 50.31307882286167], [127.60659010303094, 50.31299228013573], [127.60659798765163, 50.31272255301407], [127.60743779511675, 50.31282255682663], [127.6075624427794, 50.313363693140126], [127.6072816276377, 50.31336032916965], [127.60727637369688, 50.313540147284655], [127.60754931047369, 50.31381323846978], [127.60797578863014, 50.31363846507478], [127.60798366559192, 50.31336873782448], [127.60923946493197, 50.31365359011806], [127.60938774249931, 50.31338554242062], [127.60897176682373, 50.31320068457265], [127.60897963802854, 50.312930957187916], [127.61024591744237, 50.312856161988925], [127.61052148835951, 50.31303933715411], [127.61051100498354, 50.313398973892504], [127.61164474322669, 50.313052757606776], [127.61191246605462, 50.31350565721016], [127.61261712443479, 50.313424128661076], [127.61316567741439, 50.31388037655241], [127.61359998120136, 50.31343585450044], [127.614302022147, 50.31344422501453], [127.61428111191852, 50.314163499567904], [127.61540178333689, 50.31426679327023], [127.61580996069239, 50.31472135645096], [127.61650419213366, 50.31499944193553], [127.61648592379402, 50.315628807591075], [127.61703975673262, 50.31590521879013], [127.61703193030246, 50.316174946955904], [127.6174531796428, 50.31617995753608], [127.61718017237214, 50.315906889137146], [127.61735188620229, 50.314829646389676], [127.61805394878469, 50.31483799441639], [127.61848300438774, 50.31457327280609], [127.61890423983306, 50.31457827801447], [127.61903423202276, 50.31493958401594], [127.6195984876297, 50.31485634515699], [127.6197467110805, 50.31458828385409], [127.62044877081665, 50.31459661739189], [127.62057877479656, 50.31495792176131], [127.62156686680915, 50.314789761399325], [127.62157206708106, 50.31460994223714], [127.62101041884327, 50.31460328117071], [127.62101562117962, 50.31442346204481], [127.61919808647346, 50.31413206649015], [127.61906549034379, 50.31386067013095], [127.6169567371099, 50.31392554142955], [127.61696717205858, 50.31356590374372], [127.61640031764492, 50.31373903933697], [127.61640553720987, 50.31355922053346], [127.61570349394694, 50.31355086270653], [127.61570871610527, 50.31337104395006], [127.61347003419914, 50.31307454270392], [127.6134752646931, 50.312894724102364], [127.61235201267847, 50.31288132136404], [127.612362481975, 50.312521684313026], [127.6110988340009, 50.31250659345627], [127.61110931261113, 50.312146956572796], [127.6108285042133, 50.312143601227056], [127.61082064368787, 50.312413328859975], [127.60942184021408, 50.31221672348713], [127.60942708581673, 50.31203690516722], [127.60886547077122, 50.312030185682694], [127.60859516072452, 50.31166718839349], [127.60594065936776, 50.31118568258027], [127.60567037639028, 50.31082267866238], [127.60469283999386, 50.31063106823256], [127.60456296792401, 50.310269746932235], [127.6035907146762, 50.309898309362445], [127.60274569687454, 50.30997809608076], [127.60247017366959, 50.30979490278291], [127.60276677800721, 50.30925882452832], [127.60137865273639, 50.308702487570514], [127.60083027227861, 50.308246185093786], [127.60040909600079, 50.3082411148663], [127.6006766854587, 50.30869403959959], [127.60052837426063, 50.30896207611017], [127.59955089741129, 50.308770422867944], [127.59886478401346, 50.308222510982084], [127.59874024753171, 50.307681365809614], [127.59776015996658, 50.30757960655288], [127.59749524921982, 50.307036766522415], [127.59652047103773, 50.30675517939468], [127.59639331788938, 50.30630394058313], [127.59597480717964, 50.30620894568848], [127.59570462800168, 50.305845919164085], [127.59416569864887, 50.30564743608556], [127.59279104761575, 50.304641454623976], [127.59181103612939, 50.30453964578257], [127.59154620957828, 50.30399679262551], [127.5901450781882, 50.303889866320276], [127.59002065117865, 50.30334871233705], [127.59058747445488, 50.30317570485159], [127.58989356811595, 50.30289746674931], [127.58934802405832, 50.30235120258724], [127.58864615388207, 50.302342682756446], [127.58823567924652, 50.301977934822446], [127.58710736859487, 50.30214410730615], [127.58713400734598, 50.30124502265843], [127.58741474873214, 50.30124843469695], [127.58742007526244, 50.301068617727736], [127.5870016288283, 50.30097359097768], [127.587149989948, 50.30070557179775], [127.58784917317061, 50.30080400896852], [127.58786780976443, 50.300174649383905], [127.5873223196194, 50.299628375920825], [127.58733297271098, 50.29926874189], [127.58677950616585, 50.29899219145983], [127.5865254253779, 50.298089693095235], [127.58695450104055, 50.29782508732324], [127.58698912959652, 50.29665627645598], [127.58727250707105, 50.296569780070605], [127.58715345666994, 50.295848805671234], [127.58743682902701, 50.29576230883071], [127.58730978921729, 50.295311060218864], [127.58759315808375, 50.2952245629602], [127.58760380747046, 50.29486492861351], [127.58704239983945, 50.294858105395626], [127.5868913932918, 50.29521603340613], [127.58647033457875, 50.295210913640865], [127.58648632126638, 50.29467146237162], [127.58607059780697, 50.294486524109956], [127.58608125839235, 50.29412688995338], [127.5866399931175, 50.294223626304216], [127.58677235161983, 50.29449505852947], [127.58734174323556, 50.29423215725464], [127.58737103271046, 50.29324316268088], [127.586801653171, 50.29350606424337], [127.58652628585702, 50.29332283396206], [127.58653161423936, 50.29314301681525], [127.58709300156507, 50.29314984233215], [127.58711430609598, 50.29243057351172], [127.58625891471566, 50.29286987734151], [127.5859515701541, 50.293765548424055], [127.58553052441313, 50.2937604253614], [127.58537151082038, 50.294388076945715], [127.58494779240942, 50.29447286023011], [127.58468043010993, 50.29401990013765], [127.58482878178201, 50.293751883535805], [127.58538750946622, 50.293848625855375], [127.58554652090501, 50.2932209741755], [127.58582988038626, 50.29313448110791], [127.58570286230507, 50.29268323072748], [127.58599154857679, 50.29241692011419], [127.58601020413316, 50.291787560120675], [127.58573218414277, 50.2916942365876], [127.58574018072368, 50.29142451088156], [127.58617186463619, 50.29106999865286], [127.58659288675172, 50.29107511919552], [127.58676518974254, 50.28999792221818], [127.58648451463438, 50.28999450916111]], [[127.6286298275933, 50.33780804465381], [127.62863500544928, 50.337628225674656], [127.62891596615785, 50.337631539222734], [127.62891078936185, 50.33781135822292], [127.6286298275933, 50.33780804465381]], [[127.64098573451506, 50.3283295433555], [127.6408478458893, 50.32823799137167], [127.6409882992657, 50.32823963325674], [127.64098573451506, 50.3283295433555]], [[127.64983147688831, 50.323575844451426], [127.64968594091444, 50.32375403434419], [127.64969103674372, 50.32357421335651], [127.64983147688831, 50.323575844451426]], [[127.64897099131782, 50.324195428587736], [127.64911398229638, 50.3241071501019], [127.64911143325136, 50.32419706056683], [127.64897099131782, 50.324195428587736]], [[127.63587905996869, 50.32512183286834], [127.63574119043764, 50.32503027493282], [127.6358816340621, 50.3250319229104], [127.63587905996869, 50.32512183286834]], [[127.62980813122243, 50.321272951356804], [127.62994597848511, 50.321364516205286], [127.62980554601508, 50.32136286114547], [127.62980813122243, 50.321272951356804]], [[127.62939459261143, 50.32099825584802], [127.62911631638613, 50.32090503447594], [127.62939717856055, 50.320908346069125], [127.62939459261143, 50.32099825584802]], [[127.62888977840262, 50.319013616943806], [127.62972974642483, 50.319113460882285], [127.62957639335856, 50.31956135466987], [127.6302759450703, 50.31965953927671], [127.63027077670313, 50.31983935893785], [127.62970130897368, 50.32010246881225], [127.62914218045057, 50.32000593670988], [127.62929553910014, 50.31955804357339], [127.62901209834773, 50.31964464158423], [127.628879431394, 50.3193732560919], [127.62888977840262, 50.319013616943806]], [[127.61130263661602, 50.319974086517654], [127.61143520467014, 50.320245491228526], [127.61087087160338, 50.32032868974366], [127.61059787907104, 50.320055606191545], [127.61130263661602, 50.319974086517654]], [[127.58241098308565, 50.31368928917669], [127.58213819225027, 50.3134161401849], [127.5824190046947, 50.31341956488341], [127.58241098308565, 50.31368928917669]], [[127.58653078234038, 50.31212052278914], [127.5866738507077, 50.31203232160113], [127.5866711850066, 50.312122229887116], [127.58653078234038, 50.31212052278914]], [[127.59228730273266, 50.31219037481476], [127.59243036080471, 50.31210216645559], [127.5924277059523, 50.31219207496315], [127.59228730273266, 50.31219037481476]], [[127.59941314520248, 50.30867882257441], [127.59927011027914, 50.30876703977071], [127.59927275190765, 50.308677130946414], [127.59941314520248, 50.30867882257441]], [[127.58609991389636, 50.29349753012162], [127.58623759695712, 50.29358914584207], [127.5860972488649, 50.293587438673526], [127.58609991389636, 50.29349753012162]], [[127.58617186463619, 50.29106999865286], [127.58603418887533, 50.290978382878045], [127.5861745292892, 50.29098009005894], [127.58617186463619, 50.29106999865286]], [[127.58603418887533, 50.290978382878045], [127.58548082519722, 50.29070182675117], [127.5860448484093, 50.290618748508955], [127.58603418887533, 50.290978382878045]], [[127.61710521909637, 50.33785142210813], [127.61724308898272, 50.33794300195717], [127.61710260839206, 50.33794133115955], [127.61710521909637, 50.33785142210813]], [[127.61656419156364, 50.3371254649467], [127.61669944691651, 50.3373069544687], [127.61655896823387, 50.337305283029565], [127.61656419156364, 50.3371254649467]], [[127.61529988878632, 50.33711041445528], [127.61473797678578, 50.33710372093689], [127.61461057546019, 50.33665250227131], [127.61545082179963, 50.336752451396826], [127.61529988878632, 50.33711041445528]], [[127.61434531692724, 50.33610970038811], [127.61434008540992, 50.33628951833406], [127.61392127538309, 50.336194586074114], [127.61392389193004, 50.33610467711634], [127.61434531692724, 50.33610970038811]], [[127.59681253170889, 50.33500002068323], [127.5971067139759, 50.3345538693086], [127.59723394386728, 50.33500510588505], [127.59681253170889, 50.33500002068323]], [[127.60318118716435, 50.33345778402677], [127.60373514682192, 50.33373425886233], [127.60457795135659, 50.33374437738291], [127.60470788394267, 50.33410569777377], [127.60316800415626, 50.333907326956755], [127.60288179410902, 50.3340837685211], [127.60233575003677, 50.333537563981395], [127.60318118716435, 50.33345778402677]], [[127.61514703058752, 50.33270152599515], [127.61375808023163, 50.33214533226341], [127.61333669040604, 50.332140307148464], [127.61332883850451, 50.332410034135215], [127.61304529257414, 50.3324965921605], [127.61291530070002, 50.33213528050687], [127.61208561980452, 50.33167567787521], [127.61068624682643, 50.33147908365459], [127.61041581545214, 50.33111609076034], [127.609708267238, 50.331287512407314], [127.60943259534383, 50.33110433503037], [127.60944571793517, 50.33065479068535], [127.6090243420619, 50.33064975005103], [127.60917267565728, 50.3303817038391], [127.60889963649139, 50.33010861636486], [127.60709209862351, 50.32945739261312], [127.60610365276594, 50.329625426585324], [127.60512573029077, 50.32943381719607], [127.60483955461088, 50.32961026399467], [127.604829022187, 50.329969898834854], [127.60652238915056, 50.32972038650564], [127.60706318085562, 50.330446389339336], [127.60790067365289, 50.33063630089636], [127.60802799632147, 50.33108752671272], [127.60647241837277, 50.331428652973074], [127.60508360821612, 50.330872356631986], [127.60410039536511, 50.33086055585813], [127.60397047575559, 50.33049923470297], [127.6043971173811, 50.330324476272814], [127.60440501926334, 50.33005475021105], [127.60398891904326, 50.329869874004544], [127.6039968231088, 50.32960014796845], [127.60287581863564, 50.329496741796454], [127.6026028208368, 50.329223639834325], [127.60218145884605, 50.32921857450747], [127.60218673493573, 50.32903875726981], [127.60527144957398, 50.32925568478974], [127.60528197839184, 50.32889604983746], [127.60570333808676, 50.32890110390607], [127.60627830265203, 50.32845829637861], [127.60654342803645, 50.32900111625229], [127.60723781067732, 50.329279257682686], [127.6079400831338, 50.32928766851662], [127.60851240578938, 50.328934758687254], [127.608501901339, 50.32929439413079], [127.60878281052159, 50.32929775592023], [127.60879331285304, 50.32893812043403], [127.60921729830339, 50.328853252890845], [127.60922779719004, 50.328493617310706], [127.60853604002304, 50.32812557885166], [127.60446032907032, 50.32816666740109], [127.60363079931362, 50.32770700537252], [127.60292855144012, 50.32769856870437], [127.60278019153158, 50.32796660684791], [127.60375280417928, 50.32833805307259], [127.60360444682287, 50.32860609226116], [127.60066287495825, 50.328300902924006], [127.59984394941198, 50.3274815798876], [127.59845533239893, 50.326925205594584], [127.59846855660071, 50.32647566302606], [127.59917342859245, 50.32639421793572], [127.59972464084002, 50.32676061988249], [127.60169617182648, 50.32660446845261], [127.60281446894903, 50.32679779414467], [127.60325426022081, 50.3261734960988], [127.60171991984764, 50.32579529063766], [127.60073153220819, 50.325963279510205], [127.59989679285185, 50.32568340849473], [127.59962119114604, 50.325500208263335], [127.59978277179485, 50.3247826311716], [127.599509818338, 50.324509522101856], [127.59811600074731, 50.32413296137671], [127.5978430605702, 50.32385984847413], [127.59742174686093, 50.32385476628999], [127.5974111606101, 50.324214400349774], [127.59782189420856, 50.324579116698686], [127.59767086961146, 50.32493705681869], [127.59668248626066, 50.325105011319486], [127.59584513661196, 50.32491501995501], [127.59446459793315, 50.324088873476455], [127.59304694056605, 50.324521427782166], [127.59291446627773, 50.32425000307402], [127.59180424230156, 50.323786858001405], [127.59084245263145, 50.32305567999049], [127.58930565228951, 50.32276722040578], [127.58945939371509, 50.32231938325788], [127.58876788032462, 50.3219512288212], [127.58809502497537, 50.32095371295285], [127.58810568029494, 50.32059408012842], [127.59008762994874, 50.32007849060471], [127.5906280632289, 50.32080456804993], [127.59284837177312, 50.32173086931487], [127.59327762832986, 50.32146624273518], [127.59328824473829, 50.32110660914142], [127.59357175737755, 50.321020098871756], [127.5934392894157, 50.32074867465854], [127.59372545285228, 50.320572255569395], [127.59456006613064, 50.32085217008869], [127.5965260715393, 50.32087592125876], [127.59664796650095, 50.321506976208674], [127.59636710469084, 50.32150358548286], [127.5946448128984, 50.32274194502849], [127.5948859131786, 50.324093966392226], [127.59545031730394, 50.32401084613364], [127.59561460503444, 50.3232033666835], [127.59589812611857, 50.32311685083938], [127.59590872337452, 50.32275721694428], [127.59563315389207, 50.32257400743716], [127.59648899898058, 50.32213464052884], [127.59678839742615, 50.32150867131724], [127.59735541413733, 50.32133563294979], [127.59764685854945, 50.320979387007064], [127.59891601080017, 50.3208148086653], [127.59905115346109, 50.320996318270986], [127.59920215463575, 50.32063837593128], [127.59990429736693, 50.320646834249715], [127.60030709753413, 50.32128126792454], [127.60100925006729, 50.32128971964844], [127.60073630912542, 50.3210166134061], [127.60088729775353, 50.32065866877418], [127.60341238110595, 50.320778971054864], [127.6042602231119, 50.32060927238175], [127.60564609596119, 50.32125548583908], [127.60549250987142, 50.32170334575762], [127.60829064971759, 50.32209663803044], [127.60941936443905, 50.32193026376378], [127.61025671796284, 50.32212015746253], [127.61420977982962, 50.32144782309157], [127.6149040989492, 50.32172591854717], [127.61813666075419, 50.321674446810114], [127.62107794509465, 50.321979191918814], [127.62107274159945, 50.322159010814524], [127.62234964751478, 50.32172444785292], [127.6224848824907, 50.32190593093638], [127.62206098177721, 50.32199084766361], [127.62219621638283, 50.32217233107196], [127.62190754703182, 50.32243873045242], [127.62275015828105, 50.322448715653465], [127.62287760157867, 50.32289992679404], [127.62371243075877, 50.32317963362874], [127.62467213756089, 50.32400045334428], [127.62523130331303, 50.32409700718992], [127.62549921585395, 50.324549876218995], [127.62605320459204, 50.32482624533249], [127.62884911945439, 50.32530895506019], [127.6302561451901, 50.32523560076889], [127.63025097572624, 50.3254154202552], [127.63095061461998, 50.32551360141528], [127.6316554206965, 50.32543195880131], [127.63180877426204, 50.324984062707635], [127.6332132074328, 50.325000582336735], [127.63333301957451, 50.325721512235035], [127.63403266966837, 50.32581967492953], [127.63403782493666, 50.32563985517208], [127.63431871559239, 50.32564315510107], [127.63401978126872, 50.326269224296986], [127.63216557568018, 50.32723676547432], [127.63200705450318, 50.32786448137954], [127.6310083912598, 50.328392367117864], [127.6309980567997, 50.32875200600119], [127.63057669393051, 50.32874704360045], [127.62856633508915, 50.330252329016226], [127.62688342450376, 50.33014252504014], [127.62659213984098, 50.33049884504878], [127.62603030314673, 50.33049220672243], [127.62600955732678, 50.331211482706145], [127.62432142661198, 50.331281460365666], [127.623608728618, 50.331632785818286], [127.62165006138748, 50.331339761004045], [127.62136653658378, 50.33142633951525], [127.62135612823192, 50.33178597675686], [127.62177751634844, 50.33179097278612], [127.62205063939659, 50.33206403061892], [127.6216162405307, 50.33250858210865], [127.62119484609578, 50.33250358544369], [127.62091912254174, 50.332320434923375], [127.62093734313673, 50.33169106990866], [127.617711929818, 50.331472886371245], [127.61577682055308, 50.33037058055257], [127.61493407169445, 50.33036054368166], [127.61506146045713, 50.33081176235636], [127.61645561040979, 50.33118812218773], [127.61686132905864, 50.33173259078738], [127.61783152136881, 50.332193829667396], [127.6196679716548, 50.33185588661663], [127.62008675557202, 50.331950798025915], [127.62035205758261, 50.332493587533705], [127.61923094649255, 50.332390338270905], [127.61908005626928, 50.332748306844415], [127.61795111632406, 50.33291477278293], [127.61766235714384, 50.333181160413204], [127.61514180272836, 50.33288134410797], [127.61514703058752, 50.33270152599515]], [[127.62316135447522, 50.332526890151954], [127.62272956121588, 50.332881536465926], [127.62258909522572, 50.33287987241649], [127.62259949467426, 50.332520235056506], [127.62316135447522, 50.332526890151954]], [[127.60858720962287, 50.33118416090775], [127.60818684438644, 50.33045984655024], [127.60874867647183, 50.330466571084905], [127.60874342487968, 50.33064638878007], [127.60888125791294, 50.33073797835104], [127.6090217167756, 50.33073965890705], [127.60900071400559, 50.331458929701164], [127.60829578249903, 50.33154043382749], [127.60858720962287, 50.33118416090775]], [[127.63095930070577, 50.33010065160067], [127.63153663037545, 50.32956780774987], [127.63224665833495, 50.32930634260781], [127.63225698357424, 50.32894670357152], [127.63397080236726, 50.32797751155268], [127.633978536192, 50.327707782021854], [127.63695374155013, 50.32684330033704], [127.63765341596185, 50.32694144141581], [127.6383633716591, 50.326679938213914], [127.6400513225621, 50.32660975512296], [127.63992370702444, 50.32615856170229], [127.6402097334664, 50.325982027229415], [127.64104984937684, 50.32608179043853], [127.64119798885216, 50.325813701600616], [127.64092735491428, 50.32545077773094], [127.64134869045189, 50.325455702392944], [127.64164239711965, 50.325009433801185], [127.64206116645171, 50.32510426603019], [127.64203041629673, 50.326183188181275], [127.64175208467205, 50.326089996694876], [127.641323051691, 50.32635480388041], [127.64130510378416, 50.326984174832795], [127.63988520710686, 50.32750721291676], [127.63902452162691, 50.328126721403976], [127.63789832799397, 50.3282034726054], [127.63746411177192, 50.32864808507404], [127.63661623965172, 50.32881802547904], [127.63646806483287, 50.32908610805903], [127.63306101666404, 50.33030526143188], [127.63305327693278, 50.33057499073841], [127.63136259398846, 50.33073498065253], [127.63095154913292, 50.3303703806802], [127.63095930070577, 50.33010065160067]], [[127.59864102132312, 50.33016529731257], [127.59877883331582, 50.33025689869507], [127.59863837648896, 50.33025520577855], [127.59864102132312, 50.33016529731257]], [[127.63039229785902, 50.33027385375807], [127.6301036239458, 50.330540273101214], [127.62982529093144, 50.330447053111605], [127.62997350735017, 50.330178979397814], [127.63039229785902, 50.33027385375807]], [[127.60285736088947, 50.33012610223706], [127.6032892752124, 50.329771530587685], [127.60341918776639, 50.330132852489015], [127.60285736088947, 50.33012610223706]], [[127.59936973862685, 50.32927467516145], [127.59936180845979, 50.32954440068042], [127.59908089895015, 50.32954101612057], [127.59908883070639, 50.329271290633834], [127.59936973862685, 50.32927467516145]], [[127.60725358157555, 50.32873980479653], [127.60740191892543, 50.32847176079119], [127.60796372738228, 50.328478488927], [127.60795321896073, 50.32883812431513], [127.60725358157555, 50.32873980479653]], [[127.64212730226268, 50.32771330135756], [127.64183870920378, 50.32797975060644], [127.64156036753616, 50.327886558607645], [127.64170850996297, 50.32761846922258], [127.64212730226268, 50.32771330135756]], [[127.64283980670193, 50.32736186058183], [127.64297769669928, 50.32745341022692], [127.64283724552452, 50.327451770763204], [127.64283980670193, 50.32736186058183]], [[127.59130052828424, 50.326568910096725], [127.59117071708755, 50.326207575287604], [127.59172983745839, 50.32630428988315], [127.59158141933712, 50.326572313307075], [127.59130052828424, 50.326568910096725]], [[127.63682615483276, 50.326392103766025], [127.63612649026861, 50.32629395777842], [127.63612134276225, 50.32647377767189], [127.6358404469997, 50.326470482058205], [127.63613163772271, 50.326114137878974], [127.63683387206099, 50.3261223738407], [127.63682615483276, 50.326392103766025]], [[127.63808761456256, 50.326496827972726], [127.63767141206996, 50.3263120714125], [127.63809789469222, 50.32613718788727], [127.63808761456256, 50.326496827972726]], [[127.59216711181438, 50.325769943182344], [127.59202401170973, 50.32585815066842], [127.59202666861056, 50.32576824238888], [127.59216711181438, 50.325769943182344]], [[127.59174578224338, 50.32576484029322], [127.59175109706385, 50.32558502375124], [127.59203198237178, 50.325588425825316], [127.59202666861056, 50.32576824238888], [127.59174578224338, 50.32576484029322]], [[127.64667540229107, 50.32587759073493], [127.64638429139377, 50.32623396198162], [127.64540115721697, 50.32622251117615], [127.64555182869387, 50.32586450630134], [127.64667540229107, 50.32587759073493]], [[127.64303147313339, 50.325565295995546], [127.6430417156139, 50.32520565511493], [127.64388950119393, 50.32503566704399], [127.64470914904074, 50.32585468585311], [127.64231387314231, 50.32609655864721], [127.64303147313339, 50.325565295995546]], [[127.6348856490989, 50.32546993309769], [127.6347400516741, 50.32564810372261], [127.63459960630045, 50.325646454351684], [127.63460475939782, 50.32546663454637], [127.6348856490989, 50.32546993309769]], [[127.6405008886678, 50.32562567178953], [127.64077921509156, 50.325718866237175], [127.64049832323528, 50.325715581910764], [127.6405008886678, 50.32562567178953]], [[127.63518199147492, 50.324933771393326], [127.63503124542518, 50.3252917622763], [127.63461506543567, 50.32510699491787], [127.63490368082037, 50.32484056365884], [127.63518199147492, 50.324933771393326]], [[127.64037840254096, 50.32499465852323], [127.64051628098959, 50.32508621103082], [127.64037583693475, 50.32508456864971], [127.64037840254096, 50.32499465852323]], [[127.63323641896821, 50.32419139354292], [127.634076487781, 50.32429120680072], [127.63406875544759, 50.32456093650189], [127.63364485083042, 50.32464589540667], [127.63351214402475, 50.32437451510277], [127.63309081941853, 50.32436956212225], [127.63323641896821, 50.32419139354292]], [[127.64643026815138, 50.324615575774786], [127.64586594096953, 50.324698944185336], [127.64615704611471, 50.3243425741005], [127.64643537642075, 50.32443575505529], [127.64643026815138, 50.324615575774786]], [[127.62761102064533, 50.32439494414516], [127.6273353184305, 50.324211808773725], [127.62775664062919, 50.32421678259726], [127.62761102064533, 50.32439494414516]], [[127.6290335425594, 50.32378214632266], [127.62888534148931, 50.32405021924496], [127.62789967045796, 50.32412853052678], [127.62776440859295, 50.32394705359103], [127.62833393319889, 50.323683953835705], [127.6290335425594, 50.32378214632266]], [[127.62346012652333, 50.32218730338954], [127.62373580210165, 50.32237044779629], [127.62345233468474, 50.322457031991135], [127.62346012652333, 50.32218730338954]], [[127.62052662120608, 50.32161289003798], [127.62052141569842, 50.32179270890335], [127.6202431526483, 50.321699466407686], [127.62024575592503, 50.32160955698482], [127.62052662120608, 50.32161289003798]], [[127.62417527879988, 50.32174606757769], [127.62361094892383, 50.321829327955015], [127.62347830701873, 50.321557936600094], [127.62404263389017, 50.32147467683854], [127.62417527879988, 50.32174606757769]], [[127.62431830766661, 50.32165781987049], [127.62445614534913, 50.3217493911457], [127.62431571206791, 50.32174772944648], [127.62431830766661, 50.32165781987049]], [[127.63190429065588, 50.32165739883144], [127.63163116914832, 50.32138436369694], [127.63219806118855, 50.32121115434416], [127.63218773833658, 50.32157079385261], [127.63190429065588, 50.32165739883144]], [[127.61028031687206, 50.32131097607486], [127.61028818293563, 50.321041248918675], [127.61084728354209, 50.321137871471294], [127.6108420416044, 50.32131768961651], [127.61028031687206, 50.32131097607486]], [[127.61126857564251, 50.32114290481519], [127.61140638646606, 50.32123449135202], [127.61126595547456, 50.32123281390453], [127.61126857564251, 50.32114290481519]], [[127.61380679223397, 50.320813436076456], [127.61365589980421, 50.32117139827195], [127.61281331436761, 50.321161347353325], [127.61296159613376, 50.32089329546187], [127.61380679223397, 50.320813436076456]], [[127.59976915240038, 50.32046532560643], [127.59990693891214, 50.32055692558574], [127.59976651060383, 50.32055523426652], [127.59976915240038, 50.32046532560643]], [[127.59977179418355, 50.320375416944835], [127.59977707770962, 50.32019559961714], [127.60020100044676, 50.32011076431953], [127.60005529099494, 50.3202888907184], [127.59977179418355, 50.320375416944835]], [[127.59811311074434, 50.31945602196378], [127.59937429352009, 50.31956116412515], [127.59950415002798, 50.31992249054241], [127.59837016154958, 50.320268585925184], [127.59796210534483, 50.319813962922986], [127.59811311074434, 50.31945602196378]], [[127.596144514033, 50.31952220664655], [127.59612862256036, 50.320061657836426], [127.59556956582325, 50.31996496483161], [127.59544768869493, 50.3193339087396], [127.596144514033, 50.31952220664655]], [[127.62156166521241, 50.31982636065993], [127.6216968919266, 50.32000784464932], [127.62225080597015, 50.32028423148128], [127.62140823316231, 50.32027424297113], [127.62113518005658, 50.32000118367125], [127.62156166521241, 50.31982636065993]], [[127.62366028844845, 50.320121046284996], [127.62351206908258, 50.32038911236814], [127.62295295033942, 50.32029255057691], [127.62310377025624, 50.31993457566861], [127.62366028844845, 50.320121046284996]], [[127.61792880816505, 50.319153646094534], [127.61793923771421, 50.31879400858639], [127.61822529976845, 50.31861752829216], [127.61919263599209, 50.31916866414938], [127.61917700556656, 50.319708120652585], [127.61875572474015, 50.31970311606499], [127.6184879029278, 50.31925023187555], [127.61792359331109, 50.31933346483963], [127.61804837581064, 50.31987459043235], [127.61903397322929, 50.31979636203296], [127.61888051759085, 50.32024424081625], [127.61733580462788, 50.320225879121686], [127.61735928177508, 50.319416695047025], [127.61792880816505, 50.319153646094534]], [[127.59417326026569, 50.31967826640428], [127.59388975672145, 50.31976477823609], [127.59360890550919, 50.319761380932704], [127.59375729028503, 50.3194933543421], [127.59417326026569, 50.31967826640428]], [[127.59417326026569, 50.31967826640428], [127.59431103364084, 50.31976987291958], [127.59417060798758, 50.319768174861295], [127.59417326026569, 50.31967826640428]], [[127.59670356681681, 50.31961889685997], [127.5968519338071, 50.319350866164235], [127.59727320760278, 50.31935595008546], [127.59726262191988, 50.31971558440213], [127.59670356681681, 50.31961889685997]], [[127.60148067526896, 50.31958652285498], [127.60091369407164, 50.319759581691606], [127.60092161270587, 50.3194898555376], [127.60148067526896, 50.31958652285498]], [[127.58548559296901, 50.31894329910228], [127.58563402057935, 50.318675283206474], [127.58619570833275, 50.31868211555357], [127.58688448865337, 50.31914019311357], [127.58687649068567, 50.319409917660025], [127.58617170276138, 50.319491288976224], [127.58548559296901, 50.31894329910228]], [[127.60962537966756, 50.319684217672844], [127.60976318313166, 50.31977580611921], [127.60962275653563, 50.31977412672222], [127.60962537966756, 50.319684217672844]], [[127.59151315228466, 50.31937624611243], [127.5916509196205, 50.31946785573502], [127.59151049501735, 50.3194661544715], [127.59151315228466, 50.31937624611243]], [[127.60289020307926, 50.319423589890675], [127.60207138839117, 50.3186042822715], [127.6020793001502, 50.31833455593041], [127.60179845638099, 50.318331178476996], [127.60252165698692, 50.31762035040162], [127.60361867316817, 50.318532937482], [127.60473942195492, 50.31863633456039], [127.6047288928734, 50.31899597006761], [127.60358969453195, 50.31952193461489], [127.60345453854498, 50.31934043013202], [127.60289020307926, 50.319423589890675]], [[127.59757257758913, 50.31872997833139], [127.59911194337526, 50.31892841949907], [127.59910401465835, 50.31919814547083], [127.59853702971475, 50.31937119269356], [127.5974268627061, 50.31890810143033], [127.59757257758913, 50.31872997833139]], [[127.5974295087614, 50.31881819283454], [127.59644389987513, 50.31889623794884], [127.596457139282, 50.318446695143095], [127.59617894389729, 50.31835339554995], [127.59730496336228, 50.31827704699152], [127.5974295087614, 50.31881819283454]], [[127.5998087777401, 50.319116695525054], [127.60008170266065, 50.31938980389767], [127.59980085291345, 50.31938642156831], [127.5998087777401, 50.319116695525054]], [[127.61568200578601, 50.319126913420355], [127.61581720803977, 50.3193084040702], [127.61567678246098, 50.31930673199582], [127.61568200578601, 50.319126913420355]], [[127.6152607307175, 50.31912189621177], [127.61539854354176, 50.319213478062046], [127.61525811826743, 50.31921180548433], [127.6152607307175, 50.31912189621177]], [[127.600288144238, 50.31714377696625], [127.5993157858892, 50.31677230318089], [127.59916744101413, 50.31704033731905], [127.59999674347488, 50.31750003011895], [127.60167122448433, 50.31787994564456], [127.60137719082756, 50.3183261110253], [127.60179318082953, 50.318510996017785], [127.60164220611328, 50.3188689420682], [127.59997033197651, 50.31839911720084], [127.59869860400539, 50.31865361633383], [127.59870917845566, 50.318293981730285], [127.59927350738893, 50.31821084220253], [127.59942185544718, 50.31794280800696], [127.5987276832272, 50.31766462111635], [127.59860576947737, 50.3170335677932], [127.59803351916251, 50.31738643013492], [127.59801765027079, 50.31792588196005], [127.5977368093965, 50.31792249471621], [127.59678298556243, 50.31692163950037], [127.59566494503491, 50.31672825760343], [127.59581595737902, 50.31637031950529], [127.59653127375344, 50.3159292547381], [127.5980599662418, 50.31648734363972], [127.60045760430407, 50.316156471366796], [127.60100343153488, 50.31670268448967], [127.60098759663691, 50.317242137062976], [127.600288144238, 50.31714377696625]], [[127.60098759663691, 50.317242137062976], [127.6011227373811, 50.31742364435055], [127.60098231823044, 50.31742195457542], [127.60098759663691, 50.317242137062976]], [[127.59337316824863, 50.31822953952738], [127.59308967196375, 50.318316049488786], [127.59309232614412, 50.31822614105088], [127.59337316824863, 50.31822953952738]], [[127.59309232614412, 50.31822614105088], [127.59295455954367, 50.31813453312431], [127.59309498031102, 50.31813623261147], [127.59309232614412, 50.31822614105088]], [[127.5891738500989, 50.317728949717186], [127.58889301145048, 50.31772554112241], [127.58876324128487, 50.31736420344363], [127.58932225314115, 50.317460928852334], [127.5891738500989, 50.317728949717186]], [[127.5907237808155, 50.31756786815477], [127.59043496554301, 50.31783418834452], [127.59015678579368, 50.31774087445852], [127.5903078427249, 50.31738294394995], [127.5907237808155, 50.31756786815477]], [[127.59314806082084, 50.3163380635083], [127.5921439064083, 50.31704543170411], [127.59227104581706, 50.31749667425403], [127.59183916345634, 50.31785120594197], [127.59128279922365, 50.31766458418539], [127.59143916187756, 50.317126835355474], [127.59045889733623, 50.31702501320463], [127.59018604128933, 50.3167518827067], [127.5914551047639, 50.31658738497692], [127.59144447622694, 50.31694701856862], [127.59187369684292, 50.31668239666571], [127.59216249703724, 50.3164160727245], [127.59217577565366, 50.31596653055121], [127.59190291562163, 50.31569340400314], [127.59205926437537, 50.315155654048844], [127.59247519012747, 50.315340571950394], [127.59232150081083, 50.315788414035524], [127.59329909070496, 50.3159801288039], [127.59314806082084, 50.3163380635083]], [[127.59247253505477, 50.31543048040935], [127.5926102930065, 50.3155220888757], [127.59246987996859, 50.315520388866794], [127.59247253505477, 50.31543048040935]], [[127.59436672309633, 50.317881794893985], [127.59422895499739, 50.31779018846032], [127.59436937482715, 50.31779188640007], [127.59436672309633, 50.317881794893985]], [[127.59436937482715, 50.31779188640007], [127.59494430743922, 50.31734913386402], [127.59522514459985, 50.317352527824795], [127.59507412457162, 50.317710465033514], [127.59436937482715, 50.31779188640007]], [[127.60139829885065, 50.3176068409308], [127.6015360803795, 50.31769843898045], [127.60139566039464, 50.31769674969785], [127.60139829885065, 50.3176068409308]], [[127.60351513386745, 50.3172725268833], [127.60336681088799, 50.3175405665406], [127.60266471287459, 50.31753212950578], [127.60309651257425, 50.31717755688897], [127.60351513386745, 50.3172725268833]], [[127.58666230165694, 50.317158798738504], [127.58680005322724, 50.31725041401201], [127.58665963544948, 50.317248706944355], [127.58666230165694, 50.317158798738504]], [[127.60870801601762, 50.3174247313951], [127.60898623114915, 50.317518001176204], [127.60870539136558, 50.317514640444614], [127.60870801601762, 50.3174247313951]], [[127.58793405115661, 50.31690443142273], [127.58850104401245, 50.31673143592046], [127.58848773038181, 50.317180977324014], [127.58806647739637, 50.31717586173187], [127.58793405115661, 50.31690443142273]], [[127.6047894321738, 50.31692806557375], [127.60492195486164, 50.3171994774734], [127.60393375685568, 50.31736749538241], [127.60367135745385, 50.31673476041217], [127.6047894321738, 50.31692806557375]], [[127.59482244458891, 50.31671807696438], [127.59453630859166, 50.31689449909487], [127.59383687538585, 50.316796100328844], [127.5938474858173, 50.31643646635842], [127.59441180069035, 50.31635335029356], [127.59400116304965, 50.31598862220224], [127.59414688150072, 50.31581050334256], [127.59470588664975, 50.31590720282624], [127.5947138393259, 50.3156374772087], [127.59542120612036, 50.31546614488335], [127.5956887871156, 50.315919080492684], [127.59498671528705, 50.31591059729285], [127.59456016997059, 50.31608532239873], [127.59482244458891, 50.31671807696438]], [[127.59498406489743, 50.316000505839796], [127.5951218293625, 50.31609211137504], [127.59498141449434, 50.31609041438525], [127.59498406489743, 50.316000505839796]], [[127.60520805478214, 50.31702302948535], [127.60493248181595, 50.31683984182493], [127.60535373487284, 50.31684489628833], [127.60520805478214, 50.31702302948535]], [[127.58880849771157, 50.31583576238566], [127.5892297389896, 50.31584087519149], [127.58935950879072, 50.31620221243669], [127.58991584834939, 50.31638884323821], [127.58991052833912, 50.31656865992425], [127.58879518740306, 50.31628530391832], [127.58880849771157, 50.31583576238566]], [[127.60298771871798, 50.31609696338482], [127.60296927121752, 50.31672632531357], [127.60240760246917, 50.3167195741831], [127.60242078461555, 50.31627003006288], [127.60298771871798, 50.31609696338482]], [[127.58655921334689, 50.31589837654314], [127.58698312024535, 50.3158135892632], [127.58697245826326, 50.31617322221095], [127.58668629691542, 50.316349624818365], [127.58612463652652, 50.31634279506913], [127.58655921334689, 50.31589837654314]], [[127.58644279788393, 50.3150874952059], [127.58657521075922, 50.31535892718298], [127.58614864021695, 50.31553362122241], [127.5855949937346, 50.31525706437825], [127.58644279788393, 50.3150874952059]], [[127.58713419452259, 50.31545566291172], [127.58727993679074, 50.31527755284594], [127.58671828888892, 50.31527072606905], [127.58672362069511, 50.31509090958982], [127.58742301338664, 50.31518935085043], [127.5874150195862, 50.31545907564373], [127.58713419452259, 50.31545566291172]], [[127.58113393884047, 50.31412341276132], [127.58127969920052, 50.31394531033334], [127.58156051465758, 50.313948737131184], [127.58113393884047, 50.31412341276132]], [[127.58031291268486, 50.31339386311745], [127.58030755702046, 50.31357367915139], [127.58002674392488, 50.31357024934586], [127.58003210064774, 50.31339043333367], [127.58031291268486, 50.31339386311745]], [[127.5811660539372, 50.31304451618413], [127.58130378308039, 50.31313613784475], [127.58116337775381, 50.31313442424049], [127.5811660539372, 50.31304451618413]], [[127.59141565905723, 50.313169163433656], [127.59155340850504, 50.31326077311561], [127.59141300219086, 50.313259071885454], [127.59141565905723, 50.313169163433656]], [[127.58076625416159, 50.31232010999616], [127.5813332174401, 50.3121471490824], [127.5810657939792, 50.311694181471736], [127.58163809898605, 50.3113414028061], [127.5819188991502, 50.31134482861071], [127.58190285133183, 50.31188427726058], [127.5827372423456, 50.3121642752045], [127.58187342906268, 50.31287326631164], [127.58146024214183, 50.3125984028536], [127.58061246546914, 50.31276793598092], [127.58076625416159, 50.31232010999616]], [[127.58976004708347, 50.312159743158844], [127.59060778171873, 50.311990142936615], [127.59102101685009, 50.31226497430378], [127.59101304423349, 50.31253469965109], [127.59072426163468, 50.31280102105298], [127.58917714731844, 50.31287219567906], [127.58918513041672, 50.31260247056045], [127.58976004708347, 50.312159743158844]], [[127.59649411077882, 50.312421122855056], [127.59634841165898, 50.31259924491776], [127.59606760236288, 50.31259585390069], [127.59607289840221, 50.31241603661598], [127.59649411077882, 50.312421122855056]], [[127.60508509864638, 50.311625122228016], [127.60564670801881, 50.31163185993362], [127.60521234743813, 50.31207635192677], [127.60590647755903, 50.3123544999941], [127.60590121861912, 50.31253431803529], [127.60533433744537, 50.31270739946446], [127.60506405071919, 50.312344394196245], [127.60478324187936, 50.3123410242409], [127.60479639958007, 50.31189147932545], [127.60508509864638, 50.311625122228016]], [[127.60716486454243, 50.312549465386454], [127.60731052335927, 50.31237132942995], [127.60787214205264, 50.31237805645809], [127.60786163893798, 50.31273769283341], [127.60716486454243, 50.312549465386454]], [[127.59189300272268, 50.30651933531888], [127.59287305500554, 50.30662114377692], [127.59328625745214, 50.30689596705892], [127.59327564637682, 50.307255601536056], [127.59397493877752, 50.307354002658386], [127.59414183940602, 50.30645661410526], [127.59387167290659, 50.30609358344031], [127.59317505203104, 50.30590527319953], [127.59289162914146, 50.30599178346589], [127.59302670784734, 50.306173299983776], [127.59260555128411, 50.30616820163941], [127.59275389780807, 50.30590017541208], [127.5930346672766, 50.305903574106516], [127.59304527966053, 50.305543939582506], [127.59541591265241, 50.30611225307656], [127.59623440178883, 50.30693160655044], [127.59679066147864, 50.30711820406209], [127.59664233361518, 50.30738623554398], [127.59594038713499, 50.307377759137296], [127.59566755351284, 50.307104641262576], [127.5952410900896, 50.307279369802814], [127.5957735167316, 50.30827515038959], [127.5964781232242, 50.30819371918822], [127.59663439417362, 50.30765596176915], [127.59761712536505, 50.3076678217334], [127.59760919135803, 50.30793754805794], [127.59704498166815, 50.30802068063824], [127.59715891726356, 50.308921462415164], [127.6000834304994, 50.309766184350984], [127.60063446012484, 50.31013258146663], [127.60089678450463, 50.31076532335622], [127.60214983525071, 50.3111401603122], [127.60257630868954, 50.31096540661452], [127.60258685100946, 50.310605770937656], [127.60300541379964, 50.31070074238509], [127.60371794500989, 50.310349540672334], [127.60412860998797, 50.3107142349965], [127.60341607624677, 50.31106543918494], [127.60466389175724, 50.311620067169045], [127.60395398131932, 50.3118813655517], [127.6038030447797, 50.31223931511508], [127.60310102470443, 50.31223088135438], [127.60311946752545, 50.31160151890112], [127.60284393360892, 50.31141832644936], [127.60060014951706, 50.31130139645104], [127.60032198724134, 50.31120810694002], [127.60019478700198, 50.31075687222642], [127.59864775067999, 50.310828173593514], [127.59809144054395, 50.31064158466421], [127.5978053534161, 50.3108180154254], [127.59793253113497, 50.31126925256209], [127.59624507444644, 50.31133882829968], [127.59567287611688, 50.31169167978161], [127.5956622812392, 50.312051314328464], [127.59537882597056, 50.312137830303115], [127.59565963248619, 50.31214122296144], [127.59565168614651, 50.312410948851344], [127.5945258031324, 50.31248728260464], [127.59424764616793, 50.31239397861805], [127.59425825184489, 50.31203434431052], [127.5928542237958, 50.31201735734229], [127.59285953184562, 50.31183754028731], [127.59257872745575, 50.311834140881196], [127.59245425386997, 50.311292989820004], [127.5932966575949, 50.311303186827224], [127.59331257617382, 50.31076373547524], [127.5929046480943, 50.31030909507768], [127.59205960669763, 50.310388803896814], [127.5919298312946, 50.31002746927485], [127.59221859010071, 50.30976114455735], [127.59263977832819, 50.30976624456563], [127.59291260938134, 50.31003936940745], [127.59347154446512, 50.310136074334224], [127.593450322456, 50.310855342918664], [127.59372846890382, 50.31094864874928], [127.5942900675844, 50.31095544124396], [127.5944490237229, 50.31032777868427], [127.59515101318308, 50.31033626445301], [127.59515631225479, 50.310156447168644], [127.59432453244966, 50.30978662934478], [127.59364111765284, 50.309148778482985], [127.59280405958252, 50.308958767145725], [127.59267959027663, 50.308417616106176], [127.59226372357247, 50.30823269921949], [127.59214722701697, 50.30742182189889], [127.59158301446567, 50.30750492794596], [127.5916042621188, 50.30678565952142], [127.59061092051589, 50.30713338295795], [127.59061889388025, 50.30686365740535], [127.589784547557, 50.30658371617762], [127.59008127316218, 50.30604767103293], [127.58966809667518, 50.305772836535155], [127.59079382772002, 50.3056965484845], [127.5909076404199, 50.30659733570403], [127.59160691801483, 50.306695750961595], [127.59189300272268, 50.30651933531888]], [[127.59079648504138, 50.30560663993907], [127.58983507209874, 50.30487545456106], [127.58899012252, 50.30495514190183], [127.58872266489318, 50.3045021910895], [127.5881584813669, 50.30458528079431], [127.58788304566254, 50.30440205348738], [127.5881744542738, 50.304045830007155], [127.58606077271077, 50.304289961087505], [127.58606877100519, 50.30402023593074], [127.58691104394771, 50.304030478136546], [127.5869163729026, 50.30385066129288], [127.58607676917786, 50.30375051076046], [127.58582001177359, 50.302937919874346], [127.58624380422619, 50.30285313414948], [127.58637351799095, 50.30321447502831], [127.58735881690106, 50.30313651251108], [127.58874661442829, 50.303693014680306], [127.58886304526229, 50.30450389535485], [127.59011849370476, 50.30478895172225], [127.59082305751366, 50.30470755440213], [127.59109319301679, 50.305070591977206], [127.59193814144204, 50.304990889337944], [127.59235132449454, 50.30526571585537], [127.59220032310192, 50.305623650195926], [127.59135802010391, 50.30561344607538], [127.59122294933331, 50.30543192766771], [127.59079648504138, 50.30560663993907]], [[127.59705572746903, 50.3124279021341], [127.5973471182862, 50.31207165597557], [127.59762792464868, 50.31207504387704], [127.59734182711729, 50.31225147336907], [127.59747694012763, 50.31243298481356], [127.59705572746903, 50.3124279021341]], [[127.59762527960015, 50.31216495258529], [127.59776303826878, 50.31225655499926], [127.59762263453818, 50.31225486129204], [127.59762527960015, 50.31216495258529]], [[127.58039056371173, 50.31078652995013], [127.58012315662045, 50.310333560207354], [127.58027158643871, 50.31006555079996], [127.58069277518572, 50.310070694109086], [127.58138137921271, 50.31052880344294], [127.5812249265364, 50.311066538564255], [127.58079302210024, 50.31142102939293], [127.58092271640453, 50.311782375683464], [127.58064191378455, 50.31177894745153], [127.58063120549637, 50.31213857966506], [127.58035307843555, 50.312045242671374], [127.58039056371173, 50.31078652995013]], [[127.58428701172019, 50.312003277975236], [127.58442207402233, 50.31218480417686], [127.58428167130806, 50.31218309436144], [127.58428701172019, 50.312003277975236]], [[127.58583143650073, 50.312022076503176], [127.58568569906016, 50.312200184888226], [127.58554529622404, 50.312198476598304], [127.58555063187333, 50.31201866011452], [127.58583143650073, 50.312022076503176]], [[127.58863948575025, 50.31205620309951], [127.58863416174341, 50.312236019821505], [127.58835601805613, 50.31214270184184], [127.588358680582, 50.31205279349091], [127.58863948575025, 50.31205620309951]], [[127.59104227656778, 50.311545706644935], [127.59174428293349, 50.311554213130556], [127.59215221027615, 50.31200885750182], [127.59172568998869, 50.31218357252621], [127.59159325611598, 50.31191214610022], [127.59117204912138, 50.311907042144085], [127.59104227656778, 50.311545706644935]], [[127.6003061477181, 50.311747559868955], [127.60015518432536, 50.31210550447951], [127.59959621201914, 50.31200883141795], [127.59974453826133, 50.311740796356155], [127.6003061477181, 50.311747559868955]], [[127.58429769238184, 50.31164364518482], [127.58443542362804, 50.311735263173], [127.58429502223674, 50.31173355338468], [127.58429769238184, 50.31164364518482]], [[127.58361705820825, 50.31091582829201], [127.58458650341521, 50.311377339939995], [127.5843003625134, 50.31155373698346], [127.58360370127455, 50.31136536920069], [127.58361705820825, 50.31091582829201]], [[127.60466126001926, 50.311709976154276], [127.60479903108015, 50.31180157033787], [127.60465862826791, 50.311799885138015], [127.60466126001926, 50.311709976154276]], [[127.58205662491474, 50.31143644937626], [127.58235079459735, 50.310990333517914], [127.58291239101787, 50.310997180972336], [127.58275862695332, 50.311445010101295], [127.58205662491474, 50.31143644937626]], [[127.58501304205824, 50.31120265124693], [127.58459184252513, 50.31119752350508], [127.58460252058244, 50.31083789061722], [127.58516411575363, 50.31084472718062], [127.58501304205824, 50.31120265124693]], [[127.59036153997748, 50.31081792838297], [127.59009403750026, 50.3103649807871], [127.59093908146892, 50.310285286280866], [127.59191655315543, 50.31047701186231], [127.5921840736427, 50.3109299554055], [127.5920357077008, 50.31119798052179], [127.59132839280984, 50.31136929279638], [127.59036153997748, 50.31081792838297]], [[127.58853369132672, 50.31088568961095], [127.5882635433892, 50.31052264632881], [127.58910593198677, 50.310532873586055], [127.58897351748615, 50.31026144426368], [127.5882662059365, 50.31043273795629], [127.58841991494877, 50.30998490100524], [127.58968082402784, 50.31009014621967], [127.58967284444472, 50.310359871512986], [127.58995363980159, 50.31036327786523], [127.5899456616845, 50.31063300317745], [127.58966752465517, 50.31053968836768], [127.58951648566845, 50.3108976185963], [127.58810983107482, 50.31097048300587], [127.58853369132672, 50.31088568961095]], [[127.58712970055808, 50.31086863379626], [127.58727542846745, 50.31069052348163], [127.58755089764679, 50.310873752320354], [127.58712970055808, 50.31086863379626]], [[127.5816621745601, 50.31053222982771], [127.58167019950716, 50.310262505474554], [127.58222911327941, 50.31035926428595], [127.58222109146652, 50.310628988699804], [127.5816621745601, 50.31053222982771]], [[127.58447547041327, 50.31038663993616], [127.58504773463359, 50.310033844062126], [127.58532585946172, 50.310127169833095], [127.58489399386491, 50.310481676282656], [127.58447547041327, 50.31038663993616]], [[127.58532585946172, 50.310127169833095], [127.58546892396998, 50.31003897006711], [127.5854662561853, 50.31012887833736], [127.58532585946172, 50.310127169833095]], [[127.57844375558827, 50.31013315349744], [127.57831408436208, 50.30977180453769], [127.5785948748785, 50.3097752382929], [127.57858683267368, 50.31004496230955], [127.57900802093144, 50.310050111720244], [127.57914037789214, 50.310321551919955], [127.57844375558827, 50.31013315349744]], [[127.57831140311161, 50.30986171253385], [127.5781683260806, 50.309949903385764], [127.57817100760923, 50.309859995396565], [127.57831140311161, 50.30986171253385]], [[127.5785948748785, 50.3097752382929], [127.57873795060031, 50.309687046902305], [127.57873527015711, 50.309776954916295], [127.5785948748785, 50.3097752382929]], [[127.57970464432812, 50.31023850677232], [127.5799827596185, 50.31033184524619], [127.57970196565535, 50.31032841481541], [127.57970464432812, 50.31023850677232]], [[127.58602250972152, 50.310315527238856], [127.58616024053946, 50.31040714319934], [127.5860198429545, 50.31040543552628], [127.58602250972152, 50.310315527238856]], [[127.5829471348333, 50.30982837480646], [127.58210476092066, 50.30981810303149], [127.5822585255487, 50.30937027465286], [127.58295782477703, 50.30946874208898], [127.5829471348333, 50.30982837480646]], [[127.58947983533717, 50.30738948587018], [127.58973933725977, 50.308112160322715], [127.58778185355119, 50.30781857358766], [127.58763080949544, 50.308176501482976], [127.58790626572834, 50.30835972944641], [127.58874861598582, 50.308369958975646], [127.58901609480854, 50.308822909618335], [127.58971008146017, 50.30910115336198], [127.58928091811907, 50.3093657680836], [127.58816042347384, 50.30926222391634], [127.58800937745465, 50.309620152202406], [127.58758819135643, 50.309615035431], [127.58758020007019, 50.3098847605035], [127.58701861562032, 50.30987793570386], [127.58745312400306, 50.309433512789916], [127.58746644373079, 50.30898397098447], [127.58649701834851, 50.30852248334456], [127.58706658056126, 50.308259585456064], [127.58694484294605, 50.30762852040672], [127.58581372700245, 50.30788458735972], [127.58452352253279, 50.30876829160606], [127.58453953893083, 50.30822884205459], [127.58398331552701, 50.308042186244776], [127.58411302541971, 50.30840352930639], [127.58383491301221, 50.30831020071107], [127.58384826631938, 50.307860659519996], [127.58357015758834, 50.30776733031371], [127.5838723014187, 50.3070514852815], [127.58374259682446, 50.30669014191563], [127.5833241088834, 50.306595101662445], [127.5831970813267, 50.30614384946002], [127.58362090686096, 50.30605907362299], [127.58555428593431, 50.307161904626305], [127.58639927993012, 50.30708224266755], [127.58599411552336, 50.30653767020182], [127.58684176261366, 50.306368096557804], [127.58696882530313, 50.306819345054606], [127.58766809752932, 50.30691778396325], [127.58779783254992, 50.307279123189595], [127.58808127212924, 50.30719262550396], [127.58821367336235, 50.30746405586837], [127.58947983533717, 50.30738948587018]], [[127.58383491301221, 50.30831020071107], [127.58396462246425, 50.30867154391871], [127.58368116677366, 50.30875803140785], [127.58355413048594, 50.30830677968237], [127.58383491301221, 50.30831020071107]], [[127.58808925981855, 50.306922900247706], [127.58837535874612, 50.30674649339], [127.58865347120461, 50.30683981114432], [127.5882216603796, 50.307194330609406], [127.58808925981855, 50.306922900247706]], [[127.58870603127765, 50.309808493568035], [127.58884376587294, 50.309900106387566], [127.58870336961861, 50.309898401967295], [127.58870603127765, 50.309808493568035]], [[127.58435910198014, 50.309575756173764], [127.58435376229956, 50.30975557264105], [127.58407564157537, 50.309662244572564], [127.58407831193801, 50.30957233634902], [127.58435910198014, 50.309575756173764]], [[127.59055776165208, 50.308931552963514], [127.58987706903132, 50.30820377191954], [127.58988504684928, 50.30793404650197], [127.59158035844838, 50.30759483649228], [127.5911352776875, 50.30839890950847], [127.59167028623192, 50.30930479957993], [127.59151926633174, 50.30966273264344], [127.5902610227677, 50.30946759895985], [127.5902716574121, 50.309107965085964], [127.59055776165208, 50.308931552963514]], [[127.60066349041008, 50.30914358397427], [127.60107412159981, 50.30950828888277], [127.60092581000012, 50.30977632586133], [127.60023438666478, 50.30940823963602], [127.60023966639214, 50.309228421931806], [127.60066349041008, 50.30914358397427]], [[127.58620556924093, 50.308878702016855], [127.5857790558466, 50.30905339536521], [127.58564933162043, 50.30869205408119], [127.58607317572401, 50.30860726949255], [127.58620556924093, 50.308878702016855]], [[127.57595959508387, 50.30866369528743], [127.57609730160924, 50.30875532299253], [127.57595690949935, 50.308753603208935], [127.57595959508387, 50.30866369528743]], [[127.57962585943946, 50.308168906027674], [127.58103244213518, 50.30809614366336], [127.58115945397635, 50.3085473979548], [127.57947207425875, 50.30861673083791], [127.57962585943946, 50.308168906027674]], [[127.59843567881171, 50.30848716003063], [127.59843039242023, 50.30866697761929], [127.59800921285755, 50.308661898667694], [127.59801450083633, 50.308482081111265], [127.59843567881171, 50.30848716003063]], [[127.595935091542, 50.30755757656848], [127.5960701862226, 50.30773908963544], [127.59592979589527, 50.30773739399364], [127.595935091542, 50.30755757656848]], [[127.57588097402001, 50.30659409285584], [127.57616980046696, 50.30632780843706], [127.57656679741102, 50.30714213811662], [127.57600793327546, 50.307045352443296], [127.57629676180561, 50.306779067746305], [127.57588097402001, 50.30659409285584]], [[127.58920969941734, 50.3070264446797], [127.58948781517162, 50.30711976046075], [127.58920437851009, 50.307206261602225], [127.58920969941734, 50.3070264446797]], [[127.58920969941734, 50.3070264446797], [127.58907197229945, 50.30693483231329], [127.58921235985072, 50.30693653621619], [127.58920969941734, 50.3070264446797]], [[127.58303532038173, 50.30686140416873], [127.58302997622329, 50.307041220617556], [127.58261148668814, 50.30694617779036], [127.58261415955417, 50.30685626958149], [127.58303532038173, 50.30686140416873]], [[127.58125309734397, 50.30540061259807], [127.58152851293619, 50.30558385541857], [127.58151513883955, 50.30603339633579], [127.58080251203225, 50.30638446136486], [127.58038403284057, 50.30628941059371], [127.58040812538104, 50.30548023734767], [127.58125309734397, 50.30540061259807]], [[127.59302405467733, 50.306263208606524], [127.59315913463846, 50.30644472497288], [127.59301874829691, 50.30644302584753], [127.59302405467733, 50.306263208606524]], [[127.58909591797322, 50.3061256561228], [127.58839931608017, 50.30593731741582], [127.58910656014397, 50.305766022221356], [127.58909591797322, 50.3061256561228]], [[127.58727623997379, 50.30592367378882], [127.58730820677648, 50.30484477282017], [127.58772668766059, 50.30493979869501], [127.58813452109493, 50.30539445687376], [127.58812120936004, 50.3058439990876], [127.58727623997379, 50.30592367378882]], [[127.58237348503506, 50.30550422252548], [127.58322379757604, 50.30524476695133], [127.58292967257239, 50.30569088581584], [127.58237348503506, 50.30550422252548]], [[127.59275920508502, 50.305720358174646], [127.59289693591629, 50.305811966220666], [127.59275655145328, 50.30581026679412], [127.59275920508502, 50.305720358174646]], [[127.57676623003539, 50.30516588130885], [127.57690392816633, 50.30525750803977], [127.57676354630465, 50.30525578931622], [127.57676623003539, 50.30516588130885]], [[127.58001643090273, 50.30448610383679], [127.58085870987074, 50.30449638995713], [127.58098303541881, 50.30503755279127], [127.58014610151844, 50.30484745120521], [127.58001643090273, 50.30448610383679]], [[127.58382004189001, 50.30408280185852], [127.58409545996399, 50.30426603865619], [127.58381470121678, 50.30426261845473], [127.58382004189001, 50.30408280185852]], [[127.58355797988715, 50.3034500229429], [127.58369034530749, 50.30372145832574], [127.58285075110697, 50.30362128456475], [127.58313952063389, 50.30335498221587], [127.58355797988715, 50.3034500229429]], [[127.58176249597521, 50.30243878073482], [127.58147104985918, 50.30279498791458], [127.58119297524163, 50.30270165322958], [127.58148442283586, 50.30234544675421], [127.58176249597521, 50.30243878073482]], [[127.58442426383183, 50.30265110820724], [127.58485606076621, 50.30229660247063], [127.58498576255518, 50.30265794483069], [127.58442426383183, 50.30265110820724]], [[127.58597638419947, 50.30240017717652], [127.58570096943654, 50.3022169448082], [127.58598438243521, 50.30213045194143], [127.58597638419947, 50.30240017717652]], [[127.5840405163905, 50.30138726220661], [127.58487473784147, 50.301667243860685], [127.58486406530827, 50.302026877361094], [127.58416220126155, 50.302018330500744], [127.58374909376295, 50.30174347535832], [127.5840405163905, 50.30138726220661]], [[127.58389747556296, 50.30147546053865], [127.58375977459593, 50.30138384201344], [127.58390014548644, 50.301385552194745], [127.58389747556296, 50.30147546053865]], [[127.58602970347204, 50.30060200868738], [127.58619139627821, 50.2998844485018], [127.5866098315253, 50.29997947809231], [127.58659117846175, 50.30060883735701], [127.58631044093985, 50.30060542336106], [127.5863024449804, 50.30087514870521], [127.58685060167069, 50.301331518402854], [127.58684260856006, 50.301601243775956], [127.58627045992576, 50.301954049946694], [127.58572230180951, 50.30149767754726], [127.58560059744583, 50.30086661066901], [127.58560859737175, 50.30059688540611], [127.58602970347204, 50.30060200868738]], [[127.58014493678833, 50.30017051112659], [127.5805580098087, 50.30044537886087], [127.58026924395062, 50.300711674953206], [127.57985081541429, 50.3006166226008], [127.58014493678833, 50.30017051112659]], [[127.58240684767404, 50.2996584731964], [127.58368082038467, 50.29931423958819], [127.58267421878436, 50.30011143817487], [127.58225579051874, 50.30001639447465], [127.58240684767404, 50.2996584731964]], [[127.58226915478225, 50.29956685294568], [127.58184271125356, 50.29974153270315], [127.58171036697573, 50.29947009521688], [127.58199377058517, 50.299383611964046], [127.58198842391702, 50.299563428564426], [127.58226915478225, 50.29956685294568]], [[127.58031474583888, 50.299183235099214], [127.58044172886531, 50.29963449059169], [127.58002063232377, 50.29962934714175], [127.58003401746886, 50.29917980601755], [127.58031474583888, 50.299183235099214]], [[127.5804497576134, 50.29936476587272], [127.58059279831897, 50.299276571752785], [127.58059012236117, 50.29936648000087], [127.5804497576134, 50.29936476587272]], [[127.57651955019246, 50.29931670149839], [127.57623345314934, 50.29949307940017], [127.57567467904983, 50.29939629276439], [127.57582309844251, 50.29912828846963], [127.57651955019246, 50.29931670149839]], [[127.57330462190583, 50.29882758084312], [127.57329924258757, 50.29900739678292], [127.57301851610747, 50.29900395076997], [127.57302389648333, 50.298824134852026], [127.57330462190583, 50.29882758084312]], [[127.58397489784552, 50.298868117956005], [127.58410992277247, 50.29904964459722], [127.58341344397985, 50.29886127682183], [127.58397489784552, 50.298868117956005]], [[127.58341344397985, 50.29886127682183], [127.58327842223926, 50.2986797493926], [127.58341878514301, 50.298681460088844], [127.58341344397985, 50.29886127682183]], [[127.58345083098412, 50.297602559564815], [127.58235200565095, 50.2967796946281], [127.58319147857603, 50.296879871083824], [127.58318346603745, 50.29714959623859], [127.58374222988539, 50.297246346719376], [127.58387457986413, 50.29751778203868], [127.58345083098412, 50.297602559564815]], [[127.5800902313712, 50.29729173288583], [127.58022791354487, 50.29738335566199], [127.58008755465448, 50.29738164114522], [127.5800902313712, 50.29729173288583]], [[127.58150986239477, 50.296769420461565], [127.5817772093096, 50.297222387514495], [127.58080272608058, 50.29694067058704], [127.58094843382857, 50.29676256762903], [127.58150986239477, 50.296769420461565]], [[127.58066236845777, 50.29693895677511], [127.58051665909638, 50.29711705935569], [127.58037630097199, 50.29711534519405], [127.58038165325286, 50.296935528643004], [127.58066236845777, 50.29693895677511]], [[127.57619508767168, 50.29607485226121], [127.57617093170116, 50.29688402534494], [127.5757525450636, 50.29678895853136], [127.57563098357382, 50.29615788193598], [127.57619508767168, 50.29607485226121]], [[127.57929093090044, 50.29584291042797], [127.57941521808374, 50.296384075383514], [127.57983360875804, 50.29647912905075], [127.57982825449797, 50.296658945573306], [127.57953950796403, 50.29692524018085], [127.57911843550295, 50.29692009366275], [127.57913986311792, 50.29620082779017], [127.57885915244164, 50.29619739601815], [127.57872683463458, 50.29592595520001], [127.57929093090044, 50.29584291042797]], [[127.58363124132157, 50.29625564398603], [127.58264607935774, 50.29633357614143], [127.58265142293475, 50.29615375938947], [127.58321818615737, 50.29598078713701], [127.58351491681486, 50.295444757868076], [127.58296151670366, 50.29516818964026], [127.58311255247918, 50.294810266979965], [127.584240702229, 50.29464413172821], [127.5845134000339, 50.29491727584402], [127.58549852996889, 50.294839327571054], [127.58618962883762, 50.29520749961703], [127.5850374671438, 50.29618283000303], [127.58516715463342, 50.296544172402896], [127.58488110597935, 50.296720572080766], [127.58446003435193, 50.296715444924224], [127.58447337627996, 50.29626590271048], [127.58489444394189, 50.2962710297857], [127.58490778156614, 50.295821487453125], [127.58406832336532, 50.29572132350216], [127.58363124132157, 50.29625564398603]], [[127.58448671786962, 50.29581636045919], [127.58434369477597, 50.29590455957025], [127.58434636333118, 50.29581465112242], [127.58448671786962, 50.29581636045919]], [[127.58600929524349, 50.29655442004401], [127.58586360691692, 50.29673252951673], [127.58572324959954, 50.29673082181982], [127.5857285816527, 50.29655100484127], [127.58600929524349, 50.29655442004401]], [[127.58141229148286, 50.29532917422604], [127.58166893528076, 50.29614177490676], [127.5804084138429, 50.29603644579766], [127.5804271454483, 50.29540708771655], [127.58071320237264, 50.29523069903392], [127.58141229148286, 50.29532917422604]], [[127.58406298521096, 50.29590114037763], [127.5842006711536, 50.29599275849955], [127.5840603161135, 50.29599104881312], [127.58406298521096, 50.29590114037763]], [[127.58687807464574, 50.295665576170414], [127.58673239232438, 50.29584368680872], [127.58659203756956, 50.29584198018241], [127.58659736617999, 50.29566216310885], [127.58687807464574, 50.295665576170414]], [[127.57958770459963, 50.295306891538516], [127.57972538014428, 50.29539851488392], [127.5795850271242, 50.2953967998092], [127.57958770459963, 50.295306891538516]], [[127.5780545465803, 50.29492838173776], [127.57778456681753, 50.294565314569105], [127.5782029382412, 50.29466037397288], [127.5780545465803, 50.29492838173776]], [[127.57918271573948, 50.29476229575659], [127.57946074035263, 50.29485563495112], [127.57918003755252, 50.29485220401996], [127.57918271573948, 50.29476229575659]], [[127.58117437689585, 50.293887214491576], [127.5809070537778, 50.293434246004736], [127.58161146402404, 50.293352903083736], [127.58216750777545, 50.29353956918171], [127.582434843493, 50.29399253486733], [127.58370065513111, 50.2939180247155], [127.58369531593229, 50.294097841618516], [127.58283986336338, 50.29453711964529], [127.58213811012354, 50.29452856148321], [127.58117437689585, 50.293887214491576]], [[127.5761164658716, 50.29400524571081], [127.57625144731475, 50.29418678125919], [127.57611109807097, 50.294185062020354], [127.5761164658716, 50.29400524571081]], [[127.57935520088044, 50.293685111958574], [127.57962518782966, 50.29404817559132], [127.57906379174548, 50.2940413139249], [127.57907450498013, 50.29368168083012], [127.57935520088044, 50.293685111958574]], [[127.57752531609471, 50.2938426139428], [127.5772419377388, 50.29392908659056], [127.57724461949047, 50.29383917838842], [127.57752531609471, 50.2938426139428]], [[127.57724461949047, 50.29383917838842], [127.57696928746051, 50.29365592576946], [127.57724998295303, 50.29365936197961], [127.57724461949047, 50.29383917838842]], [[127.57726875464355, 50.29303000450145], [127.57726070971493, 50.29329972914396], [127.57698269852207, 50.29320638477564], [127.57698806285147, 50.293026568367594], [127.57726875464355, 50.29303000450145]], [[127.58248293690833, 50.2923741833762], [127.58279033691136, 50.29147852173051], [127.5832086917329, 50.2915735630207], [127.58333568342324, 50.29202481598715], [127.58361370052084, 50.29211814522436], [127.5851601477474, 50.29204703880894], [127.58485545554736, 50.29285279846688], [127.5838757040867, 50.29275092469895], [127.5842860670994, 50.29311568764559], [127.58399736708337, 50.29338199387574], [127.5820351781255, 50.293268131912455], [127.58161681093576, 50.29317308631958], [127.58162215779325, 50.292993269549385], [127.58077740663157, 50.29307289900687], [127.58106612255419, 50.292806600897045], [127.58108484333906, 50.29217724228523], [127.58177854252756, 50.29245553172665], [127.58248293690833, 50.2923741833762]], [[127.58038044966341, 50.292258582169566], [127.5803750982654, 50.29243839886594], [127.57995406525134, 50.292433255704765], [127.5795223230572, 50.29278774426334], [127.57868560914672, 50.29259763363437], [127.57897701204446, 50.292241432479365], [127.57967873068422, 50.29225000944173], [127.57997280045721, 50.29180389735534], [127.58095519806264, 50.29181589542699], [127.58094182509109, 50.29226543730296], [127.58038044966341, 50.292258582169566]], [[127.57560339793334, 50.2923800204414], [127.57531465442442, 50.29264630476372], [127.57517968080745, 50.292464768147646], [127.57560339793334, 50.2923800204414]], [[127.57659921961398, 50.29194251451818], [127.57673419723066, 50.29212404953485], [127.57659385402529, 50.29212233092959], [127.57659921961398, 50.29194251451818]], [[127.57648034087565, 50.29122153009236], [127.57618892585091, 50.29157772494343], [127.57577058550146, 50.29148265850386], [127.57592166280281, 50.2911247453254], [127.57648034087565, 50.29122153009236]], [[127.58419108597037, 50.29158553370833], [127.58391840868258, 50.29131238885961], [127.58433676438474, 50.29140742609858], [127.58419108597037, 50.29158553370833]], [[127.58111960874758, 50.291008433239426], [127.58097124518086, 50.29127644512627], [127.5805528975766, 50.29118139583727], [127.58070393812272, 50.290823476113694], [127.58111960874758, 50.291008433239426]]], [[[127.62082057695966, 50.31630989677744], [127.62098180504965, 50.31559228625618], [127.620425350122, 50.3154058031941], [127.62013410976577, 50.31576210824553], [127.61942942868771, 50.31584368215181], [127.61927859482662, 50.31620165241882], [127.61857911771098, 50.316103402178456], [127.61856869398422, 50.31646303995089], [127.62082057695966, 50.31630989677744]]], [[[127.62879850337339, 50.31730367448379], [127.62826269903913, 50.31639795007266], [127.62742278204793, 50.31629809590325], [127.62740983566536, 50.31674764476977], [127.62879850337339, 50.31730367448379]]], [[[127.62388379582212, 50.31724560137728], [127.62331951891454, 50.31732886083375], [127.62318948798718, 50.316967559450774], [127.62277082874684, 50.316872660004556], [127.62260962282942, 50.31759027303756], [127.62372520162843, 50.31787330642285], [127.6241568493316, 50.317518654347026], [127.62513979529575, 50.31753028332041], [127.62500715612755, 50.31725889354057], [127.62600564906008, 50.31673105700788], [127.62601342486963, 50.31646132785033], [127.62504346927017, 50.31600015799866], [127.62475225948822, 50.316356474836645], [127.62433100729457, 50.316351490687836], [127.62391754278175, 50.316076776074844], [127.62406834150626, 50.31571879949356], [127.62363670971892, 50.31607345147574], [127.6232154602235, 50.31606846330558], [127.62308283595931, 50.31579707138624], [127.6223833564662, 50.31569884401459], [127.62265119619107, 50.31615171963874], [127.62349369657231, 50.31616169855369], [127.62334548903114, 50.316429764695634], [127.62362113129953, 50.316612909275754], [127.6243206268699, 50.316711129314676], [127.62418799457191, 50.31643973861952], [127.62460924752011, 50.31644472329273], [127.62459886916027, 50.31680436195576], [127.62487451844223, 50.31698750360934], [127.62417501761892, 50.31688928686549], [127.62388379582212, 50.31724560137728]], [[127.62459108525216, 50.31707409093731], [127.62444807080973, 50.31716233916447], [127.6244506657368, 50.317072429512216], [127.62459108525216, 50.31707409093731]]], [[[127.61545339665032, 50.31732538291235], [127.61531820126496, 50.31714389183659], [127.61531297693483, 50.317323710446075], [127.61545339665032, 50.31732538291235]]], [[[127.61025263257463, 50.31744320696802], [127.61023952373945, 50.31789275249372], [127.61094162932407, 50.31790114383299], [127.61095211112489, 50.31754150730893], [127.61025263257463, 50.31744320696802]]], [[[127.62693677484849, 50.318540864997935], [127.62752436329451, 50.31764840028698], [127.6265543688926, 50.31718724281836], [127.62556624376037, 50.31735544524467], [127.6252776227957, 50.31762185360056], [127.62527243594685, 50.31780167294886], [127.62583671524575, 50.31771840403716], [127.62583153048818, 50.31789822342461], [127.62625020501106, 50.31799311195456], [127.6262346551085, 50.318532570166845], [127.62693677484849, 50.318540864997935]]], [[[127.60100925006729, 50.32128971964844], [127.60142526425403, 50.321474606068506], [127.601979075636, 50.321751088587405], [127.60157097233495, 50.321296477975494], [127.60100925006729, 50.32128971964844]]], [[[127.6155377111823, 50.32892868969684], [127.61722054949922, 50.32903865736684], [127.6172335976551, 50.32858911138049], [127.615826455885, 50.328662307039494], [127.6155377111823, 50.32892868969684]]], [[[127.61508759881998, 50.32991267144125], [127.61329306724764, 50.32881199802316], [127.61201588946047, 50.32924645874423], [127.61214848633507, 50.32951786246512], [127.61507975745043, 50.33018239873149], [127.61508759881998, 50.32991267144125]]], [[[127.61140951947841, 50.3307682024076], [127.61141738178802, 50.33049847556341], [127.61086079228284, 50.33031194605856], [127.6105929882702, 50.32985904461471], [127.61016899618181, 50.329943917107165], [127.61016375004714, 50.33012373492691], [127.60960454580048, 50.33002710837433], [127.60945359133012, 50.33038506406038], [127.60972138731358, 50.330837968023964], [127.61140951947841, 50.3307682024076]]], [[[127.60874079906361, 50.33073629762542], [127.60860296630857, 50.33064470789016], [127.60860034022761, 50.33073461673017], [127.60874079906361, 50.33073629762542]]], [[[127.6087381732342, 50.330826206469254], [127.60888125791294, 50.33073797835104], [127.60874079906361, 50.33073629762542], [127.6087381732342, 50.330826206469254]]], [[[127.60845725504574, 50.3308228444985], [127.60860034022761, 50.33073461673017], [127.60845988140493, 50.33073293566532], [127.60845725504574, 50.3308228444985]]], [[[127.5993839850768, 50.343125645704504], [127.59914002654246, 50.34186354443085], [127.59845874134008, 50.34113581266259], [127.59762110377525, 50.34094583220101], [127.59761051261151, 50.3413054652288], [127.59857277021229, 50.34203658893024], [127.59854630884095, 50.34293567165106], [127.5989545643124, 50.34339029253084], [127.5993839850768, 50.343125645704504]]], [[[127.60846485510518, 50.34980030256478], [127.60777542705222, 50.349342349859164], [127.60735125594061, 50.349427210325295], [127.60858434690496, 50.3505212523786], [127.60900852569681, 50.35043638749177], [127.60887589093029, 50.350164980809964], [127.60845697068608, 50.350070028171274], [127.60846485510518, 50.34980030256478]]], [[[127.58694752732634, 50.350170384824686], [127.58693151437112, 50.35070983102479], [127.5876394318253, 50.3505385516597], [127.58750958685506, 50.35017721390063], [127.58694752732634, 50.350170384824686]]], [[[127.61963310363916, 50.35245173795383], [127.6196383181648, 50.3522719201088], [127.61935727216236, 50.352268583447426], [127.61948214982984, 50.352809705348335], [127.62032008559119, 50.35299953034754], [127.62032790361968, 50.35272980352531], [127.61963310363916, 50.35245173795383]]], [[[127.61356441599574, 50.353278936498626], [127.61299969371456, 50.35336214170084], [127.61298921405778, 50.35372177630949], [127.61397290268091, 50.353733505757134], [127.61356441599574, 50.353278936498626]]], [[[127.61196357562332, 50.35514857614285], [127.61266361035088, 50.35524687014956], [127.61281462336214, 50.3548889122386], [127.61197668550915, 50.35469903318432], [127.61196357562332, 50.35514857614285]]], [[[127.60573993930223, 50.36604678053479], [127.60517505211443, 50.3661299461935], [127.60513024059475, 50.367658384667514], [127.60484119554187, 50.36792473656529], [127.60569778106289, 50.36748531124157], [127.60573993930223, 50.36604678053479]]], [[[127.65777173442719, 50.131193088905555], [127.65692743998818, 50.13136321169014], [127.65691988879247, 50.13163295294097], [127.65746933664758, 50.13199907859513], [127.65747688485254, 50.131729337300676], [127.65790155035053, 50.13155436092352], [127.65777173442719, 50.131193088905555]]], [[[127.64380981504848, 50.14991884404377], [127.64325263718561, 50.149822392914665], [127.64295750731495, 50.15035860049295], [127.6425351662159, 50.15044360692934], [127.64252752895759, 50.15071334569036], [127.64336967030329, 50.15063324432171], [127.64379964176075, 50.150278495944534], [127.64380981504848, 50.14991884404377]]], [[[127.65584769905794, 50.154915704935064], [127.65544047118988, 50.154461278046526], [127.65389603284315, 50.15462327111664], [127.65389350803132, 50.1547131843946], [127.65416834974305, 50.154896254967426], [127.65584769905794, 50.154915704935064]]], [[[127.65359846547105, 50.155249419294265], [127.65389350803132, 50.1547131843946], [127.65319378244358, 50.154705071442514], [127.65318115163537, 50.1551546376814], [127.65359846547105, 50.155249419294265]]], [[[127.66119761475697, 50.158845030776426], [127.660795327542, 50.15821079532232], [127.66051290334009, 50.15829748058217], [127.66021037162984, 50.15910347272578], [127.6610450982214, 50.15929298459263], [127.66119761475697, 50.158845030776426]]], [[[127.66049138444426, 50.184110660288724], [127.66064901914544, 50.18348288359499], [127.6609341066735, 50.183306286472636], [127.66190928586558, 50.183497409038985], [127.66206438783952, 50.182959543329886], [127.66165435459045, 50.1825950511281], [127.66109424653136, 50.18258859591733], [127.66094667731576, 50.182856720996426], [127.66009896388046, 50.18311677121144], [127.66021886836857, 50.18383769098268], [127.65951116492371, 50.18409935183907], [127.65950361415993, 50.18436909091304], [127.6599161620145, 50.18464367755671], [127.66049138444426, 50.184110660288724]]], [[[127.65968804542744, 50.18778901693738], [127.66011823616797, 50.18743421206842], [127.65984318713632, 50.18725115489547], [127.6594230655433, 50.18724630686668], [127.65959331016886, 50.18616896717994], [127.65903064279532, 50.186252414676254], [127.65873041907204, 50.18696848458938], [127.65844782062216, 50.18705516301192], [127.65857274690003, 50.18759625801609], [127.65899287141696, 50.18760110914427], [127.65898783501643, 50.187780935047975], [127.65968804542744, 50.18778901693738]]], [[[127.64931989125158, 50.18784879928335], [127.64890991476369, 50.187484262837586], [127.64834721428791, 50.18756765828441], [127.64832690850399, 50.18828695872299], [127.6485968432656, 50.188649867935666], [127.64901697530499, 50.18865475521365], [127.6493072092377, 50.18829836222702], [127.64931989125158, 50.18784879928335]]], [[[127.64955432737135, 50.18947048246511], [127.64870643589174, 50.189730447790105], [127.64882872074216, 50.190361464727516], [127.64925140456245, 50.190276438735744], [127.64954164682973, 50.18992004532602], [127.64955432737135, 50.18947048246511]]], [[[127.64571966848355, 50.191314620085734], [127.64670003014571, 50.19132604608685], [127.6468477058245, 50.191057940351655], [127.64586989272613, 50.190956603225345], [127.64571966848355, 50.191314620085734]]], [[[127.63992392142526, 50.19313568598267], [127.64093750138082, 50.19197830249955], [127.64235333376608, 50.19145520699223], [127.6423609830364, 50.191185470152625], [127.6418058804966, 50.1909990965867], [127.6399622373204, 50.191787003400385], [127.63922363852939, 50.19312748434122], [127.63992392142526, 50.19313568598267]]], [[[127.63949608575494, 50.193400501933525], [127.63879579911028, 50.19339229768201], [127.63836795495972, 50.19365710939648], [127.6381920875428, 50.19491423662509], [127.63859692982075, 50.19545863445207], [127.63915718324331, 50.195465199344746], [127.63944497681906, 50.19519874445197], [127.63949608575494, 50.193400501933525]]], [[[127.6440110153351, 50.19723085994751], [127.6438734939537, 50.19713931254265], [127.64387094651259, 50.19722922478767], [127.6440110153351, 50.19723085994751]]], [[[127.63785823427429, 50.19679910510859], [127.63713485772764, 50.19760009853006], [127.63712205690375, 50.19804965844811], [127.63613643734841, 50.198217974395305], [127.63613131319522, 50.19839779827313], [127.63724676789587, 50.19859077364734], [127.64131653048173, 50.19836862087607], [127.64132418746784, 50.198098884475], [127.64090397388738, 50.19809396871], [127.64090908005775, 50.197914144466324], [127.6417597100552, 50.19756432578457], [127.64216971641531, 50.19792888710938], [127.6435755208337, 50.197765427338005], [127.64398554284377, 50.198129982367334], [127.64579884114539, 50.198420961654236], [127.646486490121, 50.19887868588121], [127.64718685925035, 50.19888684441903], [127.64719194196286, 50.198707019732744], [127.64635658801791, 50.19851740441274], [127.6460866161672, 50.19815449028258], [127.64469353823486, 50.197868419105255], [127.64413834940068, 50.19768205619303], [127.6441434433473, 50.197502231695715], [127.63967910907886, 50.19682044312172], [127.63968677487058, 50.19655070683155], [127.64038710797266, 50.19655890608461], [127.6438734939537, 50.19713931254265], [127.64263072578817, 50.19649520312333], [127.64150508977525, 50.19666192827648], [127.64095758609703, 50.19620581385331], [127.63983706128798, 50.19619269859119], [127.63942453179543, 50.195918041292], [127.63857647186752, 50.196177931006524], [127.637741197224, 50.19598825428599], [127.63605017209208, 50.196328178750036], [127.63603736165942, 50.19677773856424], [127.6373030850237, 50.19661270981108], [127.6374380327072, 50.19679417689995], [127.63785823427429, 50.19679910510859]], [[127.63744059219059, 50.196704264888], [127.63814348504191, 50.196622565659425], [127.63814092688602, 50.19671247769892], [127.63744059219059, 50.196704264888]], [[127.63825797224419, 50.19752332808969], [127.63881824975047, 50.197529894811666], [127.63908560622687, 50.19798273744963], [127.63852020822272, 50.1981559960381], [127.63811022800483, 50.197791422056284], [127.63825797224419, 50.19752332808969]], [[127.63939897435112, 50.19681716220754], [127.63828355175696, 50.19662420770993], [127.63940664172031, 50.196547425948566], [127.63939897435112, 50.19681716220754]]], [[[127.6358767951558, 50.197495389385445], [127.63588960742199, 50.19704582965709], [127.63560947181658, 50.19704253959513], [127.63572647493383, 50.197853392147714], [127.63642682594089, 50.19786161542692], [127.63615693344228, 50.197498678824246], [127.6358767951558, 50.197495389385445]]], [[[127.64692958809381, 50.19807437046818], [127.64513411145417, 50.197154022856814], [127.6441510841705, 50.19723249493853], [127.6469219626984, 50.19834410749571], [127.64692958809381, 50.19807437046818]]], [[[127.63250229562856, 50.1979054225102], [127.6313740220295, 50.19816196067316], [127.63122366604965, 50.198519957274634], [127.6324817443263, 50.19862471693558], [127.63250229562856, 50.1979054225102]]], [[[127.6440593536619, 50.2054161392199], [127.64364162397776, 50.20532132072251], [127.64363397809302, 50.20559105704532], [127.64459680336151, 50.20623188794791], [127.6440593536619, 50.2054161392199]]], [[[127.6455392928329, 50.207592008218214], [127.64500945065382, 50.206506527363175], [127.6445917095425, 50.20641171220731], [127.64458152174971, 50.206771360708196], [127.6455392928329, 50.207592008218214]]], [[[127.65213212668819, 50.227275965443084], [127.65212198806856, 50.22763561376373], [127.65296293829596, 50.227645366762104], [127.65269275590784, 50.22728246803557], [127.65213212668819, 50.227275965443084]]], [[[127.6352876830465, 50.227978744789596], [127.63473475189146, 50.22770242388022], [127.63460743241794, 50.227251219677385], [127.63405194499252, 50.227064807011836], [127.6341741219149, 50.22769583461046], [127.63499966562101, 50.22824518611242], [127.63507052005582, 50.23067444092686], [127.63535085258383, 50.230677733878196], [127.63554747269319, 50.228701328690704], [127.63526715172863, 50.2286980363071], [127.6352876830465, 50.227978744789596]]], [[[127.64150540668251, 50.23119956591086], [127.64097540540598, 50.23011406958568], [127.64055235394864, 50.23019906190597], [127.64092939778702, 50.23173247859157], [127.64134990692645, 50.231737396639296], [127.64150540668251, 50.23119956591086]]], [[[127.63447390090235, 50.23192661209547], [127.63419099236927, 50.23201322831216], [127.63418071709741, 50.23237287366761], [127.63501917712956, 50.2324726685401], [127.63490724776761, 50.231481996650594], [127.63462691057616, 50.23147870259111], [127.63447390090235, 50.23192661209547]]], [[[127.63514651342821, 50.232923872040686], [127.63471829127418, 50.2331886654981], [127.63499607111525, 50.23328187077099], [127.63512340919954, 50.23373307425132], [127.63624224628762, 50.233836153458384], [127.63624737646244, 50.233656330674854], [127.63527128516304, 50.23346498674755], [127.63514651342821, 50.232923872040686]]], [[[127.65611053650875, 50.24036354931618], [127.65722452525635, 50.24064625203907], [127.65765521737274, 50.24029146341717], [127.65402279318036, 50.23979973618834], [127.65359461189685, 50.24006459925604], [127.65177207983005, 50.240043466204106], [127.65134388402471, 50.240308320848506], [127.65245530717971, 50.2406809809253], [127.65371707710027, 50.2406956072591], [127.65428545940573, 50.2404323675882], [127.65611053650875, 50.24036354931618]]], [[[127.63123168943997, 50.242321673793825], [127.63195328192016, 50.24161064061337], [127.6330902977932, 50.24108437358134], [127.633383546781, 50.24063811593369], [127.63394432835543, 50.240644710241845], [127.63382469496854, 50.239923772325604], [127.6332587793431, 50.24009699987376], [127.63338611787054, 50.2405482047555], [127.63310572768862, 50.24054490659738], [127.63311087088282, 50.24036508425744], [127.63254494748114, 50.24053830825212], [127.63224654479583, 50.24116438598799], [127.6313950644018, 50.24151412551766], [127.63082139320736, 50.24195707414871], [127.63081366504096, 50.24222680732441], [127.63123168943997, 50.242321673793825]]], [[[127.64255702209904, 50.24848059950266], [127.64257490363627, 50.247851219679234], [127.64215936298109, 50.247666482138854], [127.64214658669366, 50.248116039100054], [127.6417131527395, 50.248560679625655], [127.64255702209904, 50.24848059950266]]], [[[127.63540330660753, 50.24848675098809], [127.63623178559702, 50.248946183721195], [127.63665501107312, 50.248861208814986], [127.63666270808478, 50.24859147529224], [127.63624718432756, 50.24840671676514], [127.63540330660753, 50.24848675098809]]], [[[127.64391072313747, 50.250205288658584], [127.64474441587069, 50.25048483860808], [127.64517528987709, 50.2501300983028], [127.6439158274308, 50.25002546581226], [127.64391072313747, 50.250205288658584]]], [[[127.64668987331801, 50.25608386294144], [127.64585352283089, 50.255894237738346], [127.64542770066936, 50.25606915706459], [127.64542005110594, 50.25633889121842], [127.64653944085865, 50.256441875333124], [127.64640939041678, 50.25608059615305], [127.64668987331801, 50.25608386294144]]], [[[127.63966757360457, 50.25636163490133], [127.638701255883, 50.25581067200791], [127.63855332742882, 50.25607876246436], [127.63951964878262, 50.256629726593275], [127.63966757360457, 50.25636163490133]]], [[[127.6530520193348, 50.274235906744124], [127.65235562062405, 50.27404795204617], [127.65135323656368, 50.27475585082092], [127.65304187075571, 50.27459555227925], [127.6530520193348, 50.274235906744124]]], [[[127.65293884092397, 50.3031055210542], [127.65295154041519, 50.302655966367126], [127.6532373765314, 50.30247939763171], [127.65311731451393, 50.301758483499476], [127.65354352017205, 50.3015835403815], [127.65384457597999, 50.30086750410484], [127.65390294707097, 50.29879955066591], [127.65348946034779, 50.298524940285816], [127.65320364914062, 50.29870150995573], [127.65331862789756, 50.29960224632565], [127.65288989955542, 50.29986709979542], [127.6531554051554, 50.30040981891334], [127.65313509050732, 50.30112910673438], [127.65241797501814, 50.301660437776896], [127.65224710577611, 50.30273774138994], [127.65196380622291, 50.30282439673947], [127.65137686102973, 50.30371699231783], [127.65178529550268, 50.30417143198853], [127.65234682806359, 50.30417794342551], [127.65293884092397, 50.3031055210542]]], [[[127.6491386800289, 50.3083679020462], [127.64971044733694, 50.30801478371769], [127.6492969061706, 50.3077401584015], [127.64873278408864, 50.30782354260662], [127.64868436432268, 50.30953184572673], [127.64910556052979, 50.309536741166816], [127.6491386800289, 50.3083679020462]]], [[[127.63181960360335, 50.314820940216556], [127.63154135834814, 50.314727724807064], [127.63153877700951, 50.31481763476256], [127.63181960360335, 50.314820940216556]]], [[[127.63010880425297, 50.315700196269184], [127.63152328870268, 50.31535709446421], [127.63151296290283, 50.3157167342354], [127.63193163006457, 50.31581160227418], [127.63221504271903, 50.31572499686104], [127.63222278311846, 50.315455266956256], [127.63376219670131, 50.3156532496942], [127.63418344438585, 50.31565819962492], [127.63418859722819, 50.315478379540245], [127.63363724555491, 50.31511213923192], [127.63321084634826, 50.3152870073844], [127.63322115918217, 50.31492736733176], [127.62718597151141, 50.31476631351288], [127.62719632960493, 50.31440667433314], [127.62762015381615, 50.31432173814823], [127.626777684493, 50.31431178939501], [127.6267699136001, 50.31458151873918], [127.62593262377061, 50.31439174429026], [127.62298138352487, 50.314446763762824], [127.62297618859881, 50.31462658303657], [127.6226953641898, 50.31462325623287], [127.62269016815239, 50.31480307547954], [127.62311660082312, 50.31462824618412], [127.62718338195518, 50.31485622330406], [127.62759944387582, 50.31504101662195], [127.62758908859038, 50.31540065582293], [127.62844451357596, 50.31496104968916], [127.6288605813828, 50.315145838537234], [127.62883730301516, 50.31595502711811], [127.6298202186645, 50.31596661626536], [127.62995288189855, 50.31623800080579], [127.6303818850384, 50.315973234905485], [127.63038963587807, 50.31570350521868], [127.63010880425297, 50.315700196269184]]], [[[127.63768613681842, 50.31596912021885], [127.6378291234451, 50.315880855461], [127.63768870666836, 50.31587921005106], [127.63768613681842, 50.31596912021885]]], [[[127.64721666194693, 50.31670999585653], [127.64694092736009, 50.316526906499], [127.64693582243014, 50.31670672750193], [127.64721666194693, 50.31670999585653]]], [[[127.62868136545592, 50.31649282980261], [127.628543534558, 50.31640126351409], [127.6285409474121, 50.316491173330945], [127.62868136545592, 50.31649282980261]]], [[[127.63033279364711, 50.317681522609426], [127.62950060576605, 50.317311953687756], [127.6292120068692, 50.31757837199484], [127.6299063593812, 50.31785637827985], [127.6299011899503, 50.31803619796929], [127.63032245801428, 50.31804116205729], [127.63033279364711, 50.317681522609426]]], [[[127.64886601605731, 50.31798833961144], [127.64872814164272, 50.317896796933724], [127.64858516881809, 50.31798507518085], [127.64886601605731, 50.31798833961144]]], [[[127.63524241011662, 50.31791914358122], [127.6351097121524, 50.3176477648723], [127.6346884467238, 50.31764281815652], [127.6341087222952, 50.31826559018105], [127.63466526522701, 50.31845200835613], [127.63524241011662, 50.31791914358122]]], [[[127.63959551811342, 50.317970165523704], [127.63986096853873, 50.318512912945856], [127.64042523218365, 50.31842957309242], [127.64029506835922, 50.31806828984257], [127.63959551811342, 50.317970165523704]]], [[[127.64366011542324, 50.31828747928951], [127.64198783553412, 50.31781825552883], [127.64183972622179, 50.31808634596955], [127.6426797069041, 50.31818609643865], [127.64267202492663, 50.31845582738831], [127.64308561922452, 50.318730476219635], [127.64364988012083, 50.31864712069236], [127.64366011542324, 50.31828747928951]]], [[[127.63269932809585, 50.31842890284701], [127.63117274147574, 50.317781355977445], [127.63143293084745, 50.31850394165133], [127.63283201436673, 50.31870028417802], [127.63269932809585, 50.31842890284701]]], [[[127.63634778362513, 50.318561696706], [127.6365036421049, 50.31802388328001], [127.63594967007512, 50.31774756380137], [127.6353776839759, 50.3181006120917], [127.63507366270684, 50.31890650535023], [127.63563536495195, 50.318913098890484], [127.63634778362513, 50.318561696706]]], [[[127.63354702803738, 50.318258989327084], [127.63283459362144, 50.31861037423438], [127.63325586727555, 50.31861532773525], [127.63354702803738, 50.318258989327084]]], [[[127.64026172061052, 50.31923712272955], [127.6399936959776, 50.31878428642935], [127.63943199423294, 50.31877771395534], [127.63914600871519, 50.3189542470543], [127.63927616609064, 50.319315531486154], [127.63898247352459, 50.31976179463126], [127.63954418676116, 50.31976836936934], [127.63941145926165, 50.31949699541604], [127.64026172061052, 50.31923712272955]]], [[[127.64361149588646, 50.31999577574029], [127.64347618524734, 50.31981431657366], [127.64263105240495, 50.31989439222621], [127.64264385667532, 50.31944484075544], [127.64292727211185, 50.3193582092959], [127.64279708686612, 50.31899692873085], [127.64223538196292, 50.31899036977944], [127.64222257404644, 50.319439921209515], [127.64193659470897, 50.319616461205214], [127.64192378369009, 50.32006601253099], [127.64247013389895, 50.320612034755136], [127.64332039902152, 50.320352139771785], [127.64361149588646, 50.31999577574029]]], [[[127.63702162173915, 50.319558941513876], [127.6368863375521, 50.31937747487675], [127.63618162956664, 50.31945915008406], [127.6360257624473, 50.31999696288119], [127.6364444763484, 50.32009181497555], [127.63645476654123, 50.31973217473744], [127.63702162173915, 50.319558941513876]]], [[[127.64684392483132, 50.3199435045337], [127.64643029822054, 50.31966886887139], [127.64628220783335, 50.31993696504317], [127.64600134941213, 50.31993369428054], [127.64599113117755, 50.320293335929065], [127.64655540582689, 50.32020996642844], [127.64684392483132, 50.3199435045337]]], [[[127.64078752736727, 50.320502434357046], [127.6414794278953, 50.320870282484165], [127.64177566678438, 50.32033410272962], [127.6412293277209, 50.31978807730598], [127.64080804230525, 50.31978315261085], [127.6400879404149, 50.32040431274527], [127.63897220239312, 50.320121435245255], [127.63784362819395, 50.32028809767788], [127.63754991611017, 50.320734356973944], [127.63824950236739, 50.32083249385087], [127.63853807124686, 50.320566053004384], [127.63924022454324, 50.32057427378118], [127.6393729539435, 50.32084564789721], [127.63979168216835, 50.320940488035866], [127.64022580519008, 50.320495865556346], [127.64078752736727, 50.320502434357046]]], [[[127.64004945299962, 50.3217529653934], [127.64006228246355, 50.32130341454802], [127.6390766848462, 50.3213818212388], [127.63864768009864, 50.321646618982655], [127.63863740575438, 50.32200625942947], [127.63933444569425, 50.322194300042334], [127.63934214757859, 50.32192456964019], [127.64004945299962, 50.3217529653934]]], [[[127.64185459857106, 50.32249358904513], [127.64145635904038, 50.321679474514994], [127.64089718715265, 50.321582998635925], [127.64146404877575, 50.3214097438515], [127.64161473380457, 50.32105174390561], [127.64048614624573, 50.321218431863095], [127.64047845102836, 50.32148816242618], [127.6407567533987, 50.32158135679714], [127.64074136571168, 50.32212081793655], [127.64116010791267, 50.32221565323822], [127.64128772535913, 50.322666845609874], [127.64185459857106, 50.32249358904513]]], [[[127.65128677624011, 50.32179393473059], [127.6519813210457, 50.322071810482576], [127.65213447263761, 50.321623885714686], [127.6518586908642, 50.3214408077948], [127.65087056236877, 50.32160922519864], [127.65043907390124, 50.32196397751185], [127.64959646151462, 50.32195419302731], [127.64930284834425, 50.32240048269056], [127.6502757184588, 50.322771542013975], [127.65056932491954, 50.32232524986678], [127.65113107105725, 50.32233176886945], [127.65128677624011, 50.32179393473059]]], [[[127.63819811502071, 50.322630695801664], [127.63778965630597, 50.322176209569896], [127.63780764757438, 50.32154683901242], [127.6366764633814, 50.32180339983271], [127.63639816789586, 50.321710195751216], [127.63627317223894, 50.321169088302376], [127.63514971448693, 50.32115590424545], [127.63527212239678, 50.32178692278694], [127.63568570205764, 50.32206159768049], [127.63737349239925, 50.32199145212319], [127.63762351541682, 50.323073664581294], [127.6378966810307, 50.32334668591517], [127.63832056676746, 50.323261711333465], [127.63819811502071, 50.322630695801664]]], [[[127.65126641798193, 50.32251321933944], [127.6511285259779, 50.32242167943665], [127.65098554380228, 50.322509960495736], [127.65126641798193, 50.32251321933944]]], [[[127.62879406055865, 50.32234027815106], [127.62908010449087, 50.322163771097244], [127.62865880020772, 50.32215880221502], [127.62879406055865, 50.32234027815106]]], [[[127.6582806943924, 50.322864202458376], [127.65815038334641, 50.32250293829962], [127.65702435003334, 50.322579876152936], [127.65647527463504, 50.32212383177417], [127.65576548457015, 50.32238544711517], [127.65687630962344, 50.32284798609126], [127.65714705136577, 50.323210873838576], [127.6582806943924, 50.322864202458376]]], [[[127.64788572638003, 50.32283371021846], [127.6477478400338, 50.32274216635532], [127.64774528853492, 50.32283207679084], [127.64788572638003, 50.32283371021846]]], [[[127.63605296262408, 50.323954651043806], [127.63691360987318, 50.32333516382508], [127.636068404381, 50.32341519112584], [127.63593311318739, 50.323233723437795], [127.63706947865815, 50.32279735014651], [127.63693675721106, 50.322525973551656], [127.63552982026134, 50.32259940946323], [127.63565995955054, 50.32296069758113], [127.63508790799206, 50.3233137436125], [127.63535848536485, 50.32367668074788], [127.63605296262408, 50.323954651043806]]], [[[127.64014113731702, 50.3234629010614], [127.64000839652743, 50.323191527847705], [127.63958964816251, 50.32309668836238], [127.63974035281029, 50.32273869110433], [127.639178604521, 50.32273211703446], [127.63928566437039, 50.32390259227709], [127.64014113731702, 50.3234629010614]]], [[[127.6378966810307, 50.32334668591517], [127.63775110143584, 50.32352486051804], [127.63789154074138, 50.323526506032614], [127.6378966810307, 50.32334668591517]]], [[[127.63788897057712, 50.32361641608908], [127.6380319800599, 50.3235281513776], [127.63789154074138, 50.323526506032614], [127.63788897057712, 50.32361641608908]]], [[[127.64898118847945, 50.32383578673976], [127.64912417834702, 50.32374750822723], [127.64898373773752, 50.323745876274025], [127.64898118847945, 50.32383578673976]]], [[[127.65754557231928, 50.3240249366391], [127.65742033050884, 50.32348385018465], [127.6571419837343, 50.32339069538825], [127.65615129675514, 50.323649068204354], [127.65614368953483, 50.32391880039615], [127.65586027021332, 50.32400546398565], [127.65532133898515, 50.32318977135039], [127.65475196679594, 50.323453004570894], [127.65363606794972, 50.323170266693246], [127.6530616037792, 50.32361331282987], [127.65249729947806, 50.3236967136323], [127.65246678712586, 50.32477564069186], [127.65287795068178, 50.32514016586172], [127.65245153025296, 50.325315104141104], [127.65244390164229, 50.325584835845575], [127.65258943309485, 50.3254066425173], [127.65427478249148, 50.325426162967545], [127.65512760911086, 50.32507627135486], [127.65472404424271, 50.32444202200779], [127.65430017605699, 50.32452705653294], [127.65414957452043, 50.32488507338422], [127.65316392355763, 50.324963599055316], [127.65276038588738, 50.32432934309605], [127.65304889588555, 50.32406286590819], [127.65460391084764, 50.32372111145236], [127.65556670239064, 50.324451769681865], [127.65598803163842, 50.32445664122946], [127.65598042327622, 50.32472637336553], [127.65682055232843, 50.32482602271441], [127.65767334978754, 50.32447611215673], [127.65920810623847, 50.32485358237207], [127.66020638676932, 50.32432545101824], [127.66008364227599, 50.32369445633526], [127.66065298842699, 50.32343119680166], [127.65995331537268, 50.32333319412126], [127.65968760942482, 50.322790490991856], [127.65856410259747, 50.32277753286236], [127.65854132226131, 50.323586730318986], [127.65826044091655, 50.32358348899827], [127.65796689813507, 50.32402980098676], [127.65754557231928, 50.3240249366391]], [[127.65854132226131, 50.323586730318986], [127.6586792320051, 50.32367826155118], [127.65853879104863, 50.323676641140054], [127.65854132226131, 50.323586730318986]], [[127.65839075559543, 50.32394475299816], [127.65852866606943, 50.324036284409395], [127.65838822406657, 50.32403466380811], [127.65839075559543, 50.32394475299816]], [[127.65980528894855, 50.32360130786782], [127.6595193486417, 50.323777891312204], [127.6592409959594, 50.32368474149984], [127.65924858558687, 50.32341500895509], [127.65980528894855, 50.32360130786782]]], [[[127.63898937460979, 50.32443876495936], [127.63830258117854, 50.32389108183844], [127.6376055207427, 50.32370303492446], [127.63774081964148, 50.323884500714115], [127.6374573679404, 50.32397111916929], [127.63744965482968, 50.32424084926486], [127.63702833071451, 50.32423591056082], [127.63686988423922, 50.32486363401141], [127.63813130367238, 50.3249683574445], [127.638139013124, 50.32469862730646], [127.63884122718984, 50.324706850979005], [127.63898937460979, 50.32443876495936]]], [[[127.63264111319204, 50.32535361586138], [127.63179844709111, 50.32534370192306], [127.63179328342703, 50.325523521521795], [127.63291426283703, 50.325626648672454], [127.63264111319204, 50.32535361586138]]], [[[127.64480867807927, 50.32729488731156], [127.64495168608478, 50.327206614128116], [127.64481123552274, 50.32720497705444], [127.64480867807927, 50.32729488731156]]], [[[127.62913667193502, 50.33484600031187], [127.63027854851343, 50.33422987785446], [127.63014324960933, 50.33404840368794], [127.63042418938248, 50.33405171342266], [127.63073097535212, 50.333155926159996], [127.63129542804565, 50.33307263236559], [127.63144622785542, 50.33271464722262], [127.63088436389057, 50.33270803213942], [127.62932112882044, 50.33331919378939], [127.62890231386676, 50.33322431541873], [127.6287696112565, 50.33295293011775], [127.62805950987843, 50.33321437326643], [127.62804915139043, 50.333574011406604], [127.6293081925342, 50.33376874168997], [127.62942796491934, 50.33448967424945], [127.62913667193502, 50.33484600031187]]], [[[127.65706300570292, 50.3361612556465], [127.65058576248185, 50.33662589999746], [127.64806480504144, 50.33632679454749], [127.64791922260808, 50.33650498148126], [127.64496406825184, 50.3366504582506], [127.6446907870023, 50.33637745319555], [127.64356440607126, 50.33645425768501], [127.64356952730371, 50.336274437546564], [127.64301274182176, 50.33608806060325], [127.6427292263949, 50.33617469122761], [127.6427138530799, 50.33671415144674], [127.64214424929682, 50.33697732045732], [127.64116089513537, 50.336965832037386], [127.64074715579581, 50.33669117601322], [127.64104607014221, 50.3360650904304], [127.64007557110561, 50.33560404313791], [127.6375444505607, 50.335664350146956], [127.63699284219122, 50.33529812490017], [127.63642579845813, 50.335471356009734], [127.63601467433254, 50.335106773585565], [127.63475041481952, 50.335091934988995], [127.63318714948157, 50.3357031481451], [127.63136097648314, 50.33568166562005], [127.62924350617818, 50.336016480632225], [127.62824464005686, 50.336544340268844], [127.62808862380241, 50.3370821396954], [127.62921504158102, 50.33700548547086], [127.62934775757348, 50.33727687019101], [127.63061207222668, 50.337291767989065], [127.63216767597962, 50.33695031922092], [127.63399647696048, 50.33688187976364], [127.6358381494319, 50.33636386261037], [127.63792473617359, 50.33710784553644], [127.63862713308929, 50.33711607196222], [127.63862199304677, 50.33729589170615], [127.6408645422332, 50.33750200783712], [127.64536248812612, 50.33746456020244], [127.64522968001522, 50.337193193037095], [127.64551319711268, 50.337106556342185], [127.6486088579297, 50.33696269872364], [127.64958711642755, 50.33715394472625], [127.64957946839391, 50.33742367556072], [127.65026913299545, 50.337881383118315], [127.651541111757, 50.33762632255375], [127.6515462030905, 50.33744650186005], [127.65280544731262, 50.33764097913585], [127.65365596331954, 50.337381011280286], [127.65366358825887, 50.337111279991596], [127.6552139494503, 50.33694934240985], [127.65522410409227, 50.336589700431816], [127.65803874982592, 50.33644234128325], [127.65901703707934, 50.33663350817349], [127.65930052639467, 50.336546837623665], [127.65930811914758, 50.33627710567215], [127.66014592956948, 50.33646664313412], [127.66015098821195, 50.336286821769974], [127.66085085146217, 50.33638482456098], [127.66113686348488, 50.336208238777594], [127.66408690516762, 50.336242171973026], [127.66410707976355, 50.33552288529601], [127.66566491275952, 50.33509107501303], [127.66640504855484, 50.33375046953724], [127.66584316427661, 50.33374402327102], [127.66482962405077, 50.33481166641829], [127.6632667462111, 50.33542328716738], [127.659609317987, 50.33556105969827], [127.65904488257922, 50.3356444910819], [127.65903728850618, 50.33591422303386], [127.65720855307258, 50.335983056972594], [127.65706300570292, 50.3361612556465]], [[127.6313428910229, 50.336311032949666], [127.6310541851196, 50.33657745412921], [127.63063275302544, 50.3365724913764], [127.6306430931099, 50.336212853034205], [127.6309266301647, 50.336126252063956], [127.6313428910229, 50.336311032949666]], [[127.63232364581913, 50.33641251393212], [127.63246154121524, 50.336504075959326], [127.63232106397128, 50.336502423579866], [127.63232364581913, 50.33641251393212]], [[127.63232622765389, 50.336322604282856], [127.63247703051589, 50.335964618018906], [127.63331730478798, 50.336064438236114], [127.63331214489378, 50.336244257615476], [127.63232622765389, 50.336322604282856]]], [[[127.65721108790082, 50.33589314639179], [127.65692759879624, 50.3359798118571], [127.65720855307258, 50.335983056972594], [127.65721108790082, 50.33589314639179]]], [[[127.65730340589141, 50.33760306956788], [127.65505823563142, 50.33748718039638], [127.65435074774507, 50.337658874072744], [127.65434566696041, 50.33783869496707], [127.65603145739018, 50.337858193425916], [127.65686674633797, 50.33813766510179], [127.65771471562327, 50.3379675780209], [127.65730340589141, 50.33760306956788]]], [[[127.64341169138125, 50.36154566845402], [127.63836212634423, 50.361126892939915], [127.63711777483041, 50.360392798756244], [127.63571487294345, 50.36028640854031], [127.63502245069428, 50.35991852426767], [127.63108198132267, 50.36005208309357], [127.62926005546309, 50.3598507416779], [127.6274173995621, 50.36036864461642], [127.62558509124304, 50.360526881914424], [127.62572044593107, 50.36070836104935], [127.62895305985904, 50.360746519420715], [127.62938247453293, 50.36048176249215], [127.63176920438404, 50.36059980909799], [127.63444736486949, 50.36036147069507], [127.63723257503449, 50.36129354043396], [127.63919000125192, 50.361676221461366], [127.64368254421298, 50.361908586139464], [127.64341169138125, 50.36154566845402]]], [[[127.65002784258265, 50.361262904940844], [127.64903887845247, 50.36143129898653], [127.64903122072374, 50.361701028628055], [127.65002019050439, 50.3615326347001], [127.65002784258265, 50.361262904940844]]], [[[127.62873737536425, 50.36335222661547], [127.63028349508097, 50.36337044806316], [127.63029125951759, 50.36310072059764], [127.62916940526829, 50.362997561683514], [127.62833384946913, 50.36271788997169], [127.62751127012078, 50.361988666990385], [127.62680850945328, 50.361980370474654], [127.62804496374153, 50.362984301059406], [127.62815959729404, 50.36388504995743], [127.62871923745026, 50.363981590244585], [127.6284510796026, 50.363528729583535], [127.62873737536425, 50.36335222661547]]], [[[127.65248393230573, 50.36389963697487], [127.65303853378575, 50.364175880567565], [127.65514439567782, 50.364290192746395], [127.65487089993319, 50.36401721116084], [127.65248393230573, 50.36389963697487]]], [[[127.6510867062286, 50.37350695560337], [127.65417709192897, 50.37363269883739], [127.6543253110526, 50.373364596005956], [127.6517998379406, 50.37315546756763], [127.65094611866628, 50.37350532486107], [127.64996200609288, 50.373493904908315], [127.6496680688481, 50.37394018911263], [127.6505141525839, 50.3738600706037], [127.6510867062286, 50.37350695560337]]], [[[127.67943298614615, 50.13216100910271], [127.67972264539713, 50.13180453222634], [127.6790232465735, 50.1317965775028], [127.6784538207209, 50.13214986881118], [127.67844391350133, 50.132509526906595], [127.67943298614615, 50.13216100910271]]], [[[127.68150154673964, 50.13326382890725], [127.68152625777891, 50.13236468263453], [127.68110908506493, 50.13227000216415], [127.68095931543286, 50.13262807166797], [127.67982293783665, 50.1332447558065], [127.67981551484944, 50.13351449947796], [127.68064987821482, 50.13370386831853], [127.68108189434506, 50.1332590629062], [127.68150154673964, 50.13326382890725]]], [[[127.67897373043179, 50.13359486826423], [127.67997519192821, 50.13279677331732], [127.67984768031383, 50.132345610138195], [127.6792881548925, 50.132339247249035], [127.6781393758026, 50.13340548744312], [127.67897373043179, 50.13359486826423]]], [[[127.67122528532592, 50.135485195837155], [127.67067070855056, 50.13529896272937], [127.67010367263762, 50.13556229787063], [127.67008373041214, 50.13628161118388], [127.67064080794077, 50.136377932960784], [127.671347742571, 50.13611619608069], [127.67122528532592, 50.135485195837155]]], [[[127.67516949157498, 50.149741192773824], [127.67350772334657, 50.14909262504982], [127.6728080741766, 50.14908463090717], [127.67240322242681, 50.148540348114295], [127.6677681111589, 50.14911686256746], [127.66790304466733, 50.14929829556081], [127.67014941020324, 50.149054214736466], [127.67098400326286, 50.14924365439784], [127.67169112710228, 50.14898191749612], [127.67293307222415, 50.14962571442553], [127.67432741462815, 50.149821525322565], [127.6747372695771, 50.15018597333001], [127.67516203807368, 50.150010935168666], [127.67516949157498, 50.149741192773824]]], [[[127.67806591885363, 50.15130322229293], [127.67737119711478, 50.151115426972865], [127.67738359932859, 50.15066585599228], [127.67684123064261, 50.15003008025513], [127.676001634132, 50.15002051074585], [127.67556941722628, 50.1504652944199], [127.67556196578347, 50.15073503682453], [127.67597680404502, 50.15091965226864], [127.67596687165845, 50.15127930883605], [127.6768089717395, 50.1511989646], [127.67735383348828, 50.151744826283114], [127.67818354459425, 50.152114043091984], [127.67833587727215, 50.15166606477544], [127.67806591885363, 50.15130322229293]]], [[[127.66422228023652, 50.15078503774578], [127.66478702552044, 50.15061164744998], [127.66479203354655, 50.15043181996382], [127.66423230053523, 50.15042538286104], [127.66352260901282, 50.150776987472796], [127.66323271276775, 50.151133420901715], [127.66335760743718, 50.151674513713836], [127.66420223903064, 50.1515043474437], [127.66422228023652, 50.15078503774578]]], [[[127.67983310125848, 50.15321211616768], [127.67913091283351, 50.153294073879366], [127.67911604841365, 50.15383355918621], [127.67967830097054, 50.15375001063938], [127.67996809192518, 50.1533935354693], [127.67983310125848, 50.15321211616768]]], [[[127.68755665110179, 50.157437007999846], [127.68660899420098, 50.15625704449416], [127.685359294838, 50.15588313497344], [127.68548691679031, 50.15633429121453], [127.68603932954726, 50.15661036969335], [127.68602700588961, 50.15705994177608], [127.686996831159, 50.15743067996593], [127.68697959002043, 50.15806008102343], [127.68738714893081, 50.15851439962156], [127.68781194650438, 50.15833931565157], [127.68755665110179, 50.157437007999846]]], [[[127.67171731448576, 50.16319311734301], [127.67186974465434, 50.1627451491092], [127.67117737601613, 50.16246740216136], [127.67047254347176, 50.162639219966174], [127.67046256566012, 50.16299887500289], [127.6711574308897, 50.16318671243789], [127.6714224164369, 50.16372939793343], [127.67184482586296, 50.163644287148976], [127.67171482233789, 50.16328303114118], [127.67143487998976, 50.163279829015714], [127.67171731448576, 50.16319311734301]]], [[[127.67623129527969, 50.177185693587624], [127.67678389198926, 50.177461816610794], [127.67679631129455, 50.17701224778678], [127.67666872002245, 50.17656108378069], [127.67624868930871, 50.17655629733391], [127.67623129527969, 50.177185693587624]]], [[[127.67642435841462, 50.18033586531972], [127.67630421740624, 50.179614959991355], [127.67587918841197, 50.17978999940333], [127.67585681574289, 50.1805992225711], [127.67642435841462, 50.18033586531972]]], [[[127.682036573729, 50.1850766648416], [127.6807935943281, 50.18443296087089], [127.67995587210434, 50.18433350143873], [127.67954321061151, 50.18405898507508], [127.67955560692018, 50.18360941626418], [127.67679473913878, 50.18213892546315], [127.67637465949335, 50.18213413908806], [127.67621972073609, 50.18267202527621], [127.67720240126219, 50.182593278820256], [127.67774761776539, 50.18313913864044], [127.67676492682834, 50.18321788962029], [127.6759322067115, 50.182938574059094], [127.67550714665121, 50.183113611766515], [127.67563971637321, 50.18338494935058], [127.67703008261171, 50.18376056187346], [127.67730021134243, 50.18412340617003], [127.67842295232656, 50.18404624418429], [127.6803635827176, 50.184787843917576], [127.68174165126217, 50.18561296950559], [127.68216176232839, 50.18561773671174], [127.682036573729, 50.1850766648416]]], [[[127.6617491548969, 50.184215100681854], [127.66230425878048, 50.184401379138386], [127.66231932866555, 50.183861900362935], [127.66161917491513, 50.183853834788295], [127.6617491548969, 50.184215100681854]]], [[[127.67739802673466, 50.18565353309255], [127.67670032727537, 50.185555644558406], [127.67573996413032, 50.184825163820605], [127.67492961420503, 50.18373661850727], [127.67480700008878, 50.18310562575905], [127.67452694155195, 50.183102430174806], [127.67409440661453, 50.18354720339492], [127.67421452303623, 50.184268110345386], [127.67364194056553, 50.18471128322764], [127.67390955873476, 50.18516404872201], [127.67502237747496, 50.18544657406632], [127.6762603328755, 50.18627016649453], [127.677385609275, 50.18610310135342], [127.67751074768212, 50.18664417774719], [127.67779082726715, 50.186647366300605], [127.67794824460451, 50.186019564669536], [127.67753061396807, 50.18592486854297], [127.67739802673466, 50.18565353309255]], [[127.67449707713683, 50.18418139316363], [127.67463213249826, 50.184362818254975], [127.67449209955792, 50.184361220307565], [127.67449707713683, 50.18418139316363]]], [[[127.67167398469115, 50.184958620167514], [127.67153644457815, 50.18486710518638], [127.67153395017647, 50.18495701864069], [127.67167398469115, 50.184958620167514]]], [[[127.67153145576216, 50.1850469320935], [127.67139641033886, 50.18486550349587], [127.67083377779252, 50.18494900847514], [127.67040618492689, 50.18521394058276], [127.6703986952263, 50.18548368080143], [127.6708163074307, 50.185578402435794], [127.67153145576216, 50.1850469320935]]], [[[127.68002402988186, 50.18694259162449], [127.68144177025681, 50.18632910090666], [127.68131163584603, 50.18596785596346], [127.68033384800994, 50.18586680913218], [127.67923834715127, 50.18495493827411], [127.67853569135313, 50.185036888250515], [127.67878599181074, 50.18611903875419], [127.67947874474771, 50.186396742291734], [127.67918874575722, 50.18675321264581], [127.67932382606689, 50.1869346324012], [127.68002402988186, 50.18694259162449]]], [[[127.6749850575243, 50.18679527749179], [127.6741672237775, 50.1859764677515], [127.67276435583551, 50.186050388190274], [127.67303446463337, 50.18641324211328], [127.67414979658786, 50.186605862449795], [127.6742699206297, 50.18732676903915], [127.67497012875042, 50.187334758768145], [127.6749850575243, 50.18679527749179]]], [[[127.67625287586684, 50.18653990730288], [127.67638297347376, 50.186901157588366], [127.6775082643398, 50.18673409139102], [127.67709311251699, 50.186549480021135], [127.67625287586684, 50.18653990730288]]], [[[127.67664068937077, 50.18771357130005], [127.67649070511267, 50.1880716300502], [127.67675836851751, 50.18852438908695], [127.6773160656915, 50.188620682926334], [127.67719092475228, 50.18807960647948], [127.67664068937077, 50.18771357130005]]], [[[127.6708415351705, 50.189716020715096], [127.67125668967769, 50.189900654358006], [127.67113910087852, 50.18908983190092], [127.67071646491316, 50.18917493795325], [127.6708415351705, 50.189716020715096]]], [[[127.67239952052863, 50.18910424470621], [127.67223703262965, 50.189911864637516], [127.67265468705483, 50.190006579927726], [127.67281966063928, 50.189109045936526], [127.67239952052863, 50.18910424470621]]], [[[127.68176534757089, 50.189840506585504], [127.6827259027365, 50.19057093840498], [127.68270858520643, 50.191200334774265], [127.68199099103249, 50.191821787365], [127.68157082556488, 50.19181701911599], [127.68154853955195, 50.19262624245574], [127.68336681527855, 50.19273680824758], [127.68379687736737, 50.19238191494515], [127.68396412304281, 50.191394450104035], [127.68369143142546, 50.191121534828], [127.68327127181522, 50.19111677277666], [127.68327869049729, 50.190847031419594], [127.6841264189375, 50.19058681245149], [127.68413630388001, 50.1902271571493], [127.6835785737104, 50.190130895827586], [127.68386856116724, 50.18977441461968], [127.68414865977661, 50.189777587988075], [127.68417337063144, 50.188878449554004], [127.6836453198821, 50.187703222418044], [127.6828050607723, 50.18769369693091], [127.6828248482774, 50.186974386324266], [127.68240967352622, 50.18678979378669], [127.68085932071483, 50.187131964642454], [127.68028924256106, 50.1874852565521], [127.68095477715727, 50.188752002476825], [127.68137491562798, 50.188756772743695], [127.68138482059415, 50.18839711772521], [127.68166491086821, 50.188400297018894], [127.68207267170445, 50.1888546335889], [127.68235276473192, 50.188857811245114], [127.68234286687378, 50.189217466374906], [127.68248786288605, 50.189039227398], [127.68332320022326, 50.18922858299592], [127.68176534757089, 50.189840506585504]], [[127.68331578221729, 50.18949832443335], [127.68330589136741, 50.18985797966243], [127.68302579238258, 50.18985480425847], [127.68303568533504, 50.18949514906966], [127.68331578221729, 50.18949832443335]], [[127.68284121741212, 50.19147166426764], [127.68312132583407, 50.1914748401904], [127.6831139061005, 50.191744581501105], [127.68283379610143, 50.19174140554815], [127.68284121741212, 50.19147166426764]], [[127.68152981760717, 50.188218879928186], [127.68167233788436, 50.18813055570916], [127.68166986222485, 50.188220469480555], [127.68152981760717, 50.188218879928186]]], [[[127.67743872564984, 50.18925167281359], [127.67755642160701, 50.190062489718926], [127.67796912265621, 50.190337013183566], [127.67795670849769, 50.190786581183616], [127.6783644537821, 50.191240930471096], [127.67892962911469, 50.191067475956054], [127.67851939808112, 50.190703042227256], [127.67853180692012, 50.19025347411872], [127.67881935130615, 50.189986919462484], [127.67978730219549, 50.190447634297286], [127.68063008642206, 50.19036726828976], [127.68062513078402, 50.19054709568607], [127.67934482698874, 50.191252080987304], [127.67892466696767, 50.19124730320744], [127.67834459628025, 50.19196023925546], [127.67595122304844, 50.192382691819894], [127.67509844253749, 50.19282267736208], [127.67411554859765, 50.192901404184596], [127.67382796042621, 50.19316794671778], [127.6760713870733, 50.19310359617485], [127.67678410648836, 50.192662008104094], [127.67847472365946, 50.192321487109815], [127.67848216967916, 50.19205174632955], [127.67946999992002, 50.19179315508259], [127.67976250760759, 50.19134677090174], [127.6807453612085, 50.19126799594828], [127.68147286793375, 50.190286896143654], [127.68134024666668, 50.19001556512087], [127.68050738176227, 50.189736281536206], [127.68024711145988, 50.189013789783594], [127.67982945011384, 50.18891910172803], [127.67984680408458, 50.18828970583916], [127.67915402179278, 50.18801200435164], [127.6783087948629, 50.188182273640095], [127.67828893867681, 50.18890158278905], [127.67717353600447, 50.18870900171744], [127.677161115093, 50.18915856969988], [127.67743872564984, 50.18925167281359]], [[127.67913169794446, 50.18882122743702], [127.67898172862483, 50.18917928945695], [127.67842650329129, 50.188993089905765], [127.67843146691271, 50.18881326262033], [127.67913169794446, 50.18882122743702]], [[127.679531998747, 50.18954531373073], [127.67967452665823, 50.18945699204326], [127.6796720471312, 50.189546905721734], [127.679531998747, 50.18954531373073]]], [[[127.67614349339242, 50.19049610428546], [127.67572085351014, 50.190581228499056], [127.67556587826031, 50.19111911277416], [127.6758285754982, 50.19175170078658], [127.67638630818743, 50.191847999321396], [127.6765487334019, 50.191040373346205], [127.67614349339242, 50.19049610428546]]], [[[127.67079660280599, 50.1913344608507], [127.67076914212277, 50.19232350736258], [127.67118681448966, 50.19241822803692], [127.67121925777323, 50.191249354688416], [127.67079660280599, 50.1913344608507]]], [[[127.67257241943419, 50.19297372183808], [127.67440811292396, 50.19245503402195], [127.67442056113416, 50.19200546679586], [127.67401035683297, 50.191641017408486], [127.67389022713247, 50.19092011101963], [127.67347007094958, 50.190915313536], [127.6734501401529, 50.19163462093903], [127.67288992367467, 50.191628221768774], [127.67290737052555, 50.19099882793834], [127.67178944735366, 50.1908961084099], [127.67187711846869, 50.19278589032313], [127.67257241943419, 50.19297372183808]]], [[[127.66931609828714, 50.19419565003069], [127.66945865881533, 50.19410734120916], [127.66918103617162, 50.19401421899795], [127.66916853787757, 50.19446378511349], [127.66888591332533, 50.19455048862088], [127.66914853994886, 50.19518309082085], [127.66957373082847, 50.19500807778001], [127.66931609828714, 50.19419565003069]]], [[[127.67363114581659, 50.20027110140485], [127.67308578524805, 50.19972522265814], [127.67296315858279, 50.199094229530516], [127.67366353844325, 50.19910222848777], [127.67351349465915, 50.19946028224578], [127.6737886658529, 50.19964330764227], [127.67464158095376, 50.19920333328218], [127.6746540299481, 50.19875376653862], [127.67396112809476, 50.1984760336043], [127.67383600152914, 50.197934954537956], [127.67314810127073, 50.197477390185554], [127.6731555786633, 50.19720765022628], [127.6735832649267, 50.1969427092628], [127.67360568898326, 50.19613348912739], [127.67389080556995, 50.195956860798034], [127.67389827837522, 50.19568712068673], [127.67348057205623, 50.19559240954525], [127.67378063245755, 50.19487630122575], [127.67350299677574, 50.19478318925439], [127.67325028247134, 50.193790942915044], [127.67283757941162, 50.19351640282213], [127.67199722195234, 50.19350679836339], [127.67212730527285, 50.193868052886536], [127.67184718409248, 50.19386485034681], [127.67171460807448, 50.193593508853155], [127.6708692568002, 50.19376372284862], [127.67053669741628, 50.19564869587695], [127.67094690878815, 50.19601315734859], [127.6709394192679, 50.196282897122295], [127.67205746604346, 50.19638562572512], [127.67190991393512, 50.19665376426001], [127.67219005144064, 50.196656966776814], [127.67231266227344, 50.197287960848904], [127.67230019193819, 50.19773752728059], [127.6715798687193, 50.19844882627204], [127.67170746628395, 50.198899994287395], [127.6712722635894, 50.19943466769799], [127.67224282432908, 50.19980553238662], [127.67223284667146, 50.200165185368085], [127.67264560281826, 50.20043972773047], [127.67363114581659, 50.20027110140485]], [[127.67311320526998, 50.19873617648491], [127.67255041204766, 50.19881968831209], [127.67242031278809, 50.198458434431636], [127.6731206831927, 50.198466436588184], [127.67311320526998, 50.19873617648491]], [[127.67219753401379, 50.19638722688388], [127.67233510808123, 50.196478741178026], [127.67219503983536, 50.196477140183006], [127.67219753401379, 50.19638722688388]], [[127.67263020475939, 50.195942462753045], [127.6730454198278, 50.196127090293366], [127.67262272474194, 50.19621220271401], [127.67263020475939, 50.195942462753045]]], [[[127.67119958608957, 50.19700540804104], [127.67120957039248, 50.19664575501348], [127.6706542899648, 50.19645951809525], [127.67022159623404, 50.19690427464369], [127.6702091064317, 50.19735384072423], [127.67062682135453, 50.197448563672914], [127.67119958608957, 50.19700540804104]]], [[[127.68537316372414, 50.201303995337], [127.68425249926511, 50.20129130751861], [127.68077273431473, 50.20044236655947], [127.68006985309205, 50.20052432382675], [127.6803376178913, 50.20097707448386], [127.68117810932105, 50.20098661963837], [127.68047026263496, 50.20124840634548], [127.68088059750492, 50.20161283336828], [127.68536081428125, 50.20175356382239], [127.68564592191377, 50.20157690672885], [127.68537316372414, 50.201303995337]], [[127.68118306471499, 50.200806792526905], [127.6813206687102, 50.20089829634643], [127.6811805870243, 50.20089670608339], [127.68118306471499, 50.200806792526905]]], [[[127.6712378646152, 50.210766926898174], [127.66970915581724, 50.21029972354801], [127.66872589431578, 50.21037840160132], [127.6687334000552, 50.21010866272775], [127.66776516330555, 50.209647854978506], [127.66706463078454, 50.20963981924694], [127.66596132875087, 50.20899756319738], [127.66484551111628, 50.2088048610461], [127.66483798380848, 50.20907459955404], [127.66580367304623, 50.20962534428903], [127.66719972778797, 50.20982125255112], [127.66747493336246, 50.210004292867524], [127.66760001678509, 50.210545377363545], [127.6683030654562, 50.21046349703354], [127.66843066190346, 50.21091466774446], [127.67136798659688, 50.211128181549284], [127.6712378646152, 50.210766926898174]]], [[[127.67419512770911, 50.21026106454856], [127.67404754323766, 50.21052920492762], [127.67446288937592, 50.21071382799591], [127.67502830985995, 50.2105403949713], [127.67489567134953, 50.21026905736088], [127.67419512770911, 50.21026106454856]]], [[[127.67954273757073, 50.21454922249117], [127.67941006267546, 50.21427788992849], [127.67871194257134, 50.214180010616445], [127.67842176552355, 50.21453647600925], [127.67897480230997, 50.21481259038657], [127.67954273757073, 50.21454922249117]]], [[[127.67946827269625, 50.217246620342976], [127.67977086753893, 50.21644058627127], [127.67921284196304, 50.21634430206571], [127.67950550654801, 50.21589792158455], [127.67824686204462, 50.21579366713314], [127.67784139834176, 50.21524940445355], [127.6778612798019, 50.2145300987138], [127.67688789114051, 50.214249192371916], [127.67690529938876, 50.21361979998803], [127.67718802310037, 50.213533078023794], [127.6774682600201, 50.2135362685875], [127.67732068335809, 50.21380441304213], [127.67857927339068, 50.21390867713342], [127.67872932678208, 50.21355061776203], [127.67817879030852, 50.213184589028884], [127.67833381249412, 50.212646703600136], [127.67734554357021, 50.21290528081661], [127.67512609030906, 50.21207051684945], [127.67416273525757, 50.211429935460075], [127.67345968169789, 50.211511851206616], [127.67358483654857, 50.212052929689165], [127.67037721377575, 50.211476612521615], [127.66953404125697, 50.2115569007496], [127.6702121092132, 50.21237413868321], [127.67049233855445, 50.21237734601791], [127.67117542949985, 50.21301475246272], [127.6727092286797, 50.213302110998555], [127.67299195791266, 50.21321539928727], [127.67287179567558, 50.212494494156324], [127.67329463474985, 50.212409382201784], [127.67398274837535, 50.21286694625093], [127.67411040448383, 50.21331811101618], [127.67480102972523, 50.21368575720393], [127.67506632534764, 50.21422843231834], [127.67490129814671, 50.21512596535013], [127.6751740734179, 50.215398900845834], [127.67628262327966, 50.21586124456311], [127.67724112221643, 50.216681635163226], [127.67835717520573, 50.21687421984077], [127.67917808220558, 50.21760308733837], [127.67987377151573, 50.2177908774411], [127.67988121636964, 50.21752113769755], [127.67946827269625, 50.217246620342976]], [[127.6764924062471, 50.21334527227684], [127.67606956433391, 50.21343039583698], [127.67593442356274, 50.21324897261146], [127.67635975192898, 50.21307393633897], [127.6764924062471, 50.21334527227684]], [[127.67399770179325, 50.212327467573374], [127.6740051783318, 50.21205772821449], [127.6742854062504, 50.21206092638676], [127.67553149668628, 50.212614788839176], [127.67538640179352, 50.212793017651634], [127.67454819615455, 50.21269351584183], [127.67399770179325, 50.212327467573374]]], [[[127.6799382898243, 50.21545313255202], [127.67994821496376, 50.21509347940284], [127.67925008182495, 50.21499560323548], [127.67924263407892, 50.21526534302832], [127.67979568402522, 50.21554145356791], [127.67977831261683, 50.21617084647589], [127.68047150323925, 50.216448546172586], [127.68048142472027, 50.216088893008155], [127.6799382898243, 50.21545313255202]]], [[[127.677781749127, 50.21740732110106], [127.67722371649751, 50.21731102729898], [127.67695340580045, 50.216948183372885], [127.67570967601858, 50.21630442243497], [127.67528929663445, 50.216299629783485], [127.67526439478553, 50.21719876073447], [127.67554216323228, 50.21729186920277], [127.6758049972212, 50.217924455616824], [127.67663085830826, 50.21847351462274], [127.67747662825163, 50.218303262698285], [127.677781749127, 50.21740732110106]]], [[[127.68298785167761, 50.22178364233776], [127.68299528002368, 50.22151390244273], [127.68258228422575, 50.221239395929565], [127.6827323317985, 50.22088133177503], [127.6810580883185, 50.22059251268976], [127.68120566579336, 50.22032436379393], [127.6802346208311, 50.21995357143849], [127.68023958310346, 50.219773744985446], [127.68136067869692, 50.21978647488707], [127.68177613327131, 50.21997107237621], [127.68176869845654, 50.220240812211074], [127.68232925197084, 50.22024717117982], [127.68178852437818, 50.219521505955], [127.68026191270687, 50.21896452587309], [127.67985143627517, 50.21860009659132], [127.67844513372549, 50.21876399095516], [127.67843271152998, 50.21921355683016], [127.67897835152233, 50.21975941091999], [127.68009944621082, 50.21977215298738], [127.67966414232193, 50.22030685519947], [127.67938386549054, 50.22030366962202], [127.6796318719817, 50.221475726659165], [127.68047024247167, 50.22157519293902], [127.6803201757409, 50.22193325397919], [127.68102089204955, 50.22194121119562], [127.68157155005304, 50.22230722688612], [127.68200437340539, 50.221862430942764], [127.68298785167761, 50.22178364233776]], [[127.68048264655664, 50.22112562687875], [127.68062526795217, 50.22103730522404], [127.68062278743616, 50.221127218445595], [127.68048264655664, 50.22112562687875]]], [[[127.67053767524548, 50.220832368014065], [127.67010475557436, 50.22127712053892], [127.67009475424626, 50.22163677187256], [127.67065032284428, 50.221823012983876], [127.6709580936555, 50.22083717816901], [127.67053767524548, 50.220832368014065]]], [[[127.66735089113347, 50.24966700496947], [127.66707044352565, 50.2496637883371], [127.66706542643465, 50.24984361290221], [127.66678999596866, 50.24966057102814], [127.666915166733, 50.25020165341405], [127.66762130877869, 50.250029870131144], [127.66761629369569, 50.250209694725136], [127.66775651912634, 50.25021130247991], [127.66777156264057, 50.24967182864946], [127.66734587509731, 50.249846829555], [127.66735089113347, 50.24966700496947]]], [[[127.66761378613514, 50.2502996070199], [127.66733584287248, 50.250206478708144], [127.66733082668377, 50.250386303275775], [127.66747105261645, 50.25038791137904], [127.66761378613514, 50.2502996070199]]], [[[127.66282850405193, 50.250874227347], [127.6629586656223, 50.251235489341916], [127.66365729152827, 50.25133346677444], [127.66353467029941, 50.25070246911513], [127.66311650650754, 50.250607717904145], [127.66282850405193, 50.250874227347]]], [[[127.68235626409972, 50.2548748152039], [127.68011491092281, 50.25475943828523], [127.67982946202115, 50.254936077555534], [127.6798170369173, 50.255385640868056], [127.68149248780452, 50.255674485683684], [127.68247418386667, 50.25568562009315], [127.68262186559704, 50.25541747177386], [127.68235626409972, 50.2548748152039]]], [[[127.67211404409716, 50.25997480141332], [127.67226679675103, 50.25952684238329], [127.67186103998733, 50.25898256043767], [127.67130753856205, 50.25870641051818], [127.67117729439414, 50.258345157668636], [127.67047854990572, 50.25824722462939], [127.67064382463225, 50.25734970624058], [127.66980735365796, 50.257160252558336], [127.66982738563713, 50.25644095437146], [127.66913368233679, 50.25616318891305], [127.66873049526095, 50.25552898397678], [127.6681720379407, 50.25543264391913], [127.66791913812733, 50.25444039444399], [127.66749842460897, 50.254435570968226], [127.66734062757546, 50.255063348310735], [127.66789155639496, 50.25542942900234], [127.66788152629282, 50.25578907788795], [127.66842996101818, 50.2562450683018], [127.66855767257344, 50.25669623637761], [127.66911113477433, 50.25697239917766], [127.66909860790625, 50.25742196038363], [127.66964957721906, 50.25778803291763], [127.67004778763096, 50.25860205918221], [127.67073652659386, 50.25905964393886], [127.6705712470696, 50.25995716216806], [127.6701479808538, 50.2600422601472], [127.67000021459174, 50.26031039173454], [127.67070149080124, 50.260318415597325], [127.6709920097431, 50.2599619749018], [127.67211404409716, 50.25997480141332]]], [[[127.68501502160592, 50.26021144071057], [127.68502244862832, 50.25994170238922], [127.68460168375233, 50.259936940448284], [127.68444656832811, 50.26047482930471], [127.68485990987618, 50.260749330123375], [127.6857064030135, 50.26057902514507], [127.68557357013896, 50.26030770044756], [127.68501502160592, 50.26021144071057]]], [[[127.67666770123282, 50.2627249698888], [127.67753168741925, 50.261925337865996], [127.67711588775607, 50.26174072375047], [127.67654488149032, 50.262093985584606], [127.6762469132527, 50.26272017751165], [127.67666770123282, 50.2627249698888]]], [[[127.68411155138806, 50.26244973328384], [127.68440446114988, 50.262003345787925], [127.68399111153396, 50.2617288433426], [127.68328485268377, 50.2619007248708], [127.68258851049019, 50.26171295143117], [127.68230054761482, 50.26197950896314], [127.68243336629021, 50.26225083721597], [127.68157442032756, 50.262870681027785], [127.68156449061351, 50.26323033143969], [127.6831123592888, 50.2630680002707], [127.68352323646091, 50.26343241849952], [127.68464288133377, 50.26353503737894], [127.6845273846954, 50.26263432260624], [127.68411155138806, 50.26244973328384]]], [[[127.6755131805337, 50.26388104777526], [127.67638219156426, 50.26290159997763], [127.67567339525742, 50.26316334726272], [127.67509487725282, 50.26378633878284], [127.6755131805337, 50.26388104777526]]], [[[127.68165262629965, 50.26512008704058], [127.68251409305623, 50.26441033057999], [127.68335570103594, 50.26441986866495], [127.68364119442124, 50.26424322135714], [127.68365110885343, 50.26388357070812], [127.68197039379152, 50.26377458026494], [127.68169979065493, 50.263411747869775], [127.68113873083465, 50.263405381922205], [127.680565249427, 50.26384857605677], [127.6804026208455, 50.26465619632712], [127.67969630599589, 50.264828055518656], [127.67954857779263, 50.26509619933634], [127.68165262629965, 50.26512008704058]]], [[[127.68440105036207, 50.267219869201924], [127.68244214544396, 50.26701779581757], [127.68217152079136, 50.266654964546625], [127.68160794008789, 50.26673851312792], [127.68160049198943, 50.26700825076227], [127.68201387282409, 50.26728276171793], [127.68312616465786, 50.26765513352574], [127.68467169517716, 50.26758269540415], [127.68440105036207, 50.267219869201924]]], [[[127.67845221611668, 50.26922101041633], [127.67747771541381, 50.26894010278437], [127.67733245258431, 50.26911833104311], [127.67721459142442, 50.2683075231979], [127.67679624603728, 50.26821282006812], [127.67625258109186, 50.26757704366793], [127.67582925679326, 50.26766216177842], [127.67581928212321, 50.26802181105954], [127.67636793163605, 50.26847776477634], [127.67636045347902, 50.26874750176004], [127.67705438108098, 50.269025225260116], [127.67704441515636, 50.26938487463432], [127.67731999772383, 50.269567892800346], [127.67815671597913, 50.26975729395474], [127.67844474953651, 50.26949074759215], [127.67845221611668, 50.26922101041633]]], [[[127.67798655515075, 50.27083464663447], [127.67743288164522, 50.27055852508098], [127.67730256038868, 50.270197279197944], [127.6759196638388, 50.26946200629267], [127.67579185073751, 50.26901084645979], [127.67509793083228, 50.268733115479804], [127.6755262545096, 50.26846817553745], [127.67553623154441, 50.26810852632666], [127.67526066421277, 50.26792550400615], [127.67469955281824, 50.267919106562715], [127.67355235096487, 50.26880542585329], [127.67380543842029, 50.269797662194684], [127.67449187687653, 50.27034513761088], [127.67630561018505, 50.27072557256437], [127.67685180293577, 50.27127143636406], [127.67782883740219, 50.27146243714413], [127.67809696566688, 50.27191519052897], [127.67865563609315, 50.272011484296215], [127.67867056809165, 50.271472010120526], [127.67783630798371, 50.27119270012729], [127.67798655515075, 50.27083464663447]], [[127.67438654396781, 50.26908476618458], [127.67452183273767, 50.26926619070838], [127.67438155097346, 50.269264590679015], [127.67438654396781, 50.26908476618458]]], [[[127.65971659213305, 50.27179461423524], [127.66041803406615, 50.27180270147477], [127.66042812608089, 50.27144305467902], [127.66000726405098, 50.27143820290468], [127.65973426226547, 50.27116523250658], [127.65971659213305, 50.27179461423524]]], [[[127.68061224323435, 50.27230353524701], [127.68033663230341, 50.27212052474914], [127.67921928411725, 50.2719279506372], [127.68017894082847, 50.2727483185217], [127.6806047880413, 50.2725732725137], [127.68061224323435, 50.27230353524701]]], [[[127.68267939255045, 50.27367609349508], [127.68182769011227, 50.27402619902489], [127.6821033176913, 50.27420920605908], [127.68323561294677, 50.27386227793472], [127.68381662920198, 50.2731493345437], [127.68339822801492, 50.27305465482218], [127.68267939255045, 50.27367609349508]], [[127.68325049417413, 50.27332280293768], [127.68338830845417, 50.273414304864204], [127.683248014001, 50.2734127154409], [127.68325049417413, 50.27332280293768]]], [[[127.68308539505976, 50.27422033826504], [127.68280728254155, 50.274127246006536], [127.682804801463, 50.27421715848124], [127.68308539505976, 50.27422033826504]]], [[[127.68293765573624, 50.27448848588812], [127.68405755811153, 50.27459111224101], [127.68406251560319, 50.27441128721127], [127.68308539505976, 50.27422033826504], [127.68293765573624, 50.27448848588812]]], [[[127.67170688922353, 50.28974050587471], [127.67270679237282, 50.28912234531574], [127.6724436256858, 50.28848975669737], [127.67188227315553, 50.288483343765314], [127.67158407251199, 50.28910951916683], [127.67087235347225, 50.28946114454649], [127.67031098987188, 50.28945472393781], [127.67030347191233, 50.28972445928178], [127.67170688922353, 50.28974050587471]]], [[[127.66425620496177, 50.290104823698385], [127.66511587046695, 50.28948511642482], [127.66988495375888, 50.28962973023634], [127.66989247405901, 50.28935999493373], [127.66863442765101, 50.28916571067705], [127.66836629580627, 50.28871293671979], [127.66583517471727, 50.28886379175518], [127.66500068940303, 50.288584388620805], [127.66400321692538, 50.289112570677695], [127.66384776867227, 50.2896504267876], [127.66341666955752, 50.29000523223547], [127.66425620496177, 50.290104823698385]]], [[[127.66061235439386, 50.28988301040755], [127.65950225397708, 50.289420510391786], [127.65895858485831, 50.28878465527182], [127.65825689374331, 50.28877655725453], [127.65768542227097, 50.28912972110795], [127.65752990289315, 50.28966756819676], [127.65668279516916, 50.2898376621559], [127.65653485805997, 50.290105773931565], [127.66046443912713, 50.290151127357525], [127.66061235439386, 50.28988301040755]]], [[[127.68105213312184, 50.31224203876218], [127.68091421257586, 50.31215053381855], [127.68091172458044, 50.31224044563362], [127.68105213312184, 50.31224203876218]]], [[[127.67217150620104, 50.31843674592885], [127.6706343415562, 50.318149358617475], [127.67036352451818, 50.31778650139029], [127.66979931807927, 50.31786998704262], [127.66992217790285, 50.31850097298084], [127.67132142876035, 50.31869685351952], [127.67217150620104, 50.31843674592885]]], [[[127.68324534934895, 50.319282220091736], [127.68310740442625, 50.31919071766659], [127.68310491994667, 50.31928062945146], [127.68324534934895, 50.319282220091736]]], [[[127.6836591872941, 50.31955672640141], [127.68352124078288, 50.319465224459144], [127.68351875705973, 50.3195551362547], [127.6836591872941, 50.31955672640141]]], [[[127.67073464299175, 50.31958954577103], [127.67046130888009, 50.31931660012035], [127.67003249512557, 50.31958151529152], [127.66961371651755, 50.31948678367861], [127.66932281603613, 50.31984321440476], [127.67002245833967, 50.31994116049962], [127.67073464299175, 50.31958954577103]]], [[[127.66971649901295, 50.32083705989411], [127.66860559346559, 50.320374642840996], [127.66859554563071, 50.32073428779148], [127.66971649901295, 50.32083705989411]]], [[[127.67125374427513, 50.32112445985181], [127.67027070548858, 50.32111322013511], [127.67012525315623, 50.32129143634959], [127.67096284574866, 50.32148089460154], [127.67124873024062, 50.321304282499895], [127.67125374427513, 50.32112445985181]]], [[[127.66405128908502, 50.32248095707902], [127.66461304015857, 50.32248741096391], [127.66476355541087, 50.32212937973176], [127.66378301967556, 50.32202817394527], [127.66376537111523, 50.32265755117822], [127.66320361823041, 50.32265109318244], [127.66305561220865, 50.322919211260185], [127.66361484664255, 50.32301558101346], [127.66405128908502, 50.32248095707902]]], [[[127.66413123240491, 50.324640435489115], [127.66526737872273, 50.32420378489505], [127.66864303614805, 50.324062610839455], [127.66892643316042, 50.323975915906665], [127.66894150282336, 50.3234364487019], [127.66754966602596, 50.32297080517189], [127.6671208030147, 50.32323570905185], [127.66599728228499, 50.323222822661194], [127.66571136693025, 50.323399421546235], [127.66570129617686, 50.32375906588547], [127.66514204863216, 50.323662706078565], [127.66456768432668, 50.324105809834194], [127.66400339323818, 50.32418926659443], [127.66303290801966, 50.32372841018162], [127.66233070137766, 50.323720332715936], [127.6620649661735, 50.32317763482364], [127.66108694143955, 50.32298649524387], [127.66121727606514, 50.32334775626881], [127.66079342878157, 50.3234328146536], [127.66049485545763, 50.32405895502061], [127.66047968984797, 50.32459842031147], [127.66146784815444, 50.32442992153839], [127.6614627966074, 50.3246097433679], [127.66286471278006, 50.32471581571134], [127.66301020279366, 50.32453760898236], [127.66413123240491, 50.324640435489115]]], [[[127.6706192685521, 50.32372546539751], [127.67006252047254, 50.32353921792925], [127.66935278218054, 50.32380091658741], [127.66920229577535, 50.324158953891], [127.66989949117661, 50.32434681236489], [127.67005248250454, 50.32389886289562], [127.67075218578235, 50.32399680501357], [127.6706192685521, 50.32372546539751]]], [[[127.67040606919026, 50.326331285229706], [127.67113590100932, 50.325350290507316], [127.67114593131775, 50.324990645473214], [127.67073211972601, 50.324716095066755], [127.66988945169084, 50.32470645725724], [127.66931009624966, 50.32532940702055], [127.66928247397897, 50.326318430012634], [127.66969880128003, 50.326503074364496], [127.66996213162234, 50.32713566652064], [127.66950311329364, 50.328479512800165], [127.67019786314727, 50.328757281010496], [127.67019284377072, 50.328937103344295], [127.67052895672335, 50.32696226986368], [127.67040606919026, 50.326331285229706]]], [[[127.66492977525725, 50.33625185342915], [127.66464629768743, 50.33633853780416], [127.6646437768525, 50.33642844865107], [127.66492473466022, 50.33643167514493], [127.66492977525725, 50.33625185342915]]], [[[127.66773180053247, 50.33655381371564], [127.66717994711973, 50.33618772984299], [127.66648007300009, 50.33608976506768], [127.66604856640274, 50.33644457433389], [127.66492473466022, 50.33643167514493], [127.66491969401206, 50.33661149685477], [127.66645489890931, 50.33698887417954], [127.66898355262997, 50.337017849043235], [127.66842665672371, 50.33683159298181], [127.66843168417283, 50.33665177102235], [127.66773180053247, 50.33655381371564]], [[127.66661551681784, 50.3362711980179], [127.66689647392356, 50.33627441974075], [127.66689144074651, 50.33645424159974], [127.66661048258081, 50.33645101985643], [127.66661551681784, 50.3362711980179]]], [[[127.65795560972386, 50.364322669561915], [127.6568438138038, 50.36386013633947], [127.65557115839884, 50.364115248437386], [127.65710209460627, 50.36467257418281], [127.65921305691717, 50.36460699259969], [127.65908009678529, 50.364335641267324], [127.65795560972386, 50.364322669561915]]], [[[127.66370175005609, 50.37500168008631], [127.66148010106667, 50.37398679970441], [127.66077715329891, 50.37397870704836], [127.66091014903994, 50.37425005629029], [127.66230088100549, 50.374805696820104], [127.66313685216753, 50.3750851271393], [127.66370175005609, 50.37500168008631]]], [[[127.67894152207246, 50.378233719539246], [127.67909211427173, 50.37787567365165], [127.67867030807736, 50.37787088216251], [127.67868030012116, 50.37751123929853], [127.67826099600455, 50.377416535636506], [127.67824850199716, 50.377866089144135], [127.67768359416593, 50.37794960675096], [127.67753049092083, 50.37839756138979], [127.67779919933213, 50.37885031201501], [127.67808040914066, 50.3788535086616], [127.678090405993, 50.37849386594422], [127.67894152207246, 50.378233719539246]]], [[[127.66897752621406, 50.39754693913554], [127.66995207922312, 50.39791784242068], [127.67037406180235, 50.39792266690364], [127.67038160826506, 50.397652936597346], [127.66981896804272, 50.3976465036746], [127.66982903406871, 50.397286863327025], [127.66884693995358, 50.397185689254194], [127.66897752621406, 50.39754693913554]]], [[[127.69309998765962, 50.13897139106932], [127.69410622632756, 50.137993344046784], [127.69399080925425, 50.137092620600704], [127.69151437903398, 50.13553571721548], [127.69138920465808, 50.13499465105807], [127.69241009764502, 50.133477127794194], [127.69301128230839, 50.13195487185261], [127.69400758271844, 50.131336483710484], [127.69402471536492, 50.130707077974684], [127.69266759186281, 50.12916278058855], [127.69240989943627, 50.12835039476628], [127.69129338870762, 50.128247873017216], [127.69141609364897, 50.128878854792305], [127.6918234522171, 50.12933315843487], [127.69178422690358, 50.13077179908918], [127.69134987954722, 50.1313065604718], [127.69104313710746, 50.132292471975866], [127.6904688840701, 50.13282565275638], [127.69001240594602, 50.13416964304354], [127.68958291976672, 50.13452456731284], [127.68955590155862, 50.13551363102972], [127.69036824633274, 50.13651216444813], [127.69035597200995, 50.136961738873595], [127.68866739550313, 50.137302452018616], [127.68780834006601, 50.13801228797146], [127.68836547484312, 50.13810852511984], [127.68907725522716, 50.13766685019494], [127.69033387744656, 50.13777097274573], [127.69129598974442, 50.13841141804946], [127.69169606873912, 50.13913546670537], [127.69252567591425, 50.139504580972655], [127.69294538486463, 50.13950930604629], [127.69309998765962, 50.13897139106932]]], [[[127.70521474611945, 50.146392442485926], [127.70549702099383, 50.14630564716596], [127.70566849526439, 50.14513830810017], [127.70497860752899, 50.14477084701855], [127.70457342400337, 50.14422667344613], [127.70247952986982, 50.14402341102349], [127.70291630369142, 50.14339869385563], [127.70293089492979, 50.142859202447916], [127.70182862593651, 50.142217288075344], [127.70198557212956, 50.14158944558296], [127.70087116711993, 50.14139709838731], [127.70085898911047, 50.141846674311275], [127.70126411064369, 50.14239086057678], [127.70084193937969, 50.14247608054238], [127.70029203807343, 50.142110157273756], [127.69907430213834, 50.14056749950405], [127.6967178840344, 50.13973159360433], [127.6962957285042, 50.1398167971994], [127.69751823960574, 50.141179653312555], [127.69875301786108, 50.14209292129297], [127.69901576576324, 50.14272546237242], [127.69956810234154, 50.14300147650986], [127.69983817886785, 50.14336427041447], [127.69982355258256, 50.14390376111414], [127.70079565849518, 50.144184468516855], [127.70077617047596, 50.14490378960876], [127.70230798255594, 50.145190745024514], [127.70424742841196, 50.14593194115953], [127.704237709783, 50.1462916020999], [127.70395543277007, 50.146378394341674], [127.70365613915764, 50.14709459231709], [127.70462590339922, 50.14746518339036], [127.70505782521704, 50.14702028904094], [127.70521474611945, 50.146392442485926]]], [[[127.71200806745654, 50.15402313689306], [127.71089575019445, 50.15374096838643], [127.71004881901932, 50.154001390513194], [127.70990161360847, 50.15426958186903], [127.71199357258301, 50.15456262918891], [127.71227829918446, 50.15438590239728], [127.71200806745654, 50.15402313689306]]], [[[127.71347749967407, 50.15664774732399], [127.71363434439918, 50.156019889802884], [127.71419897744784, 50.15584625845638], [127.71421103640886, 50.15539668125759], [127.71379600993839, 50.15521220111125], [127.71380324745626, 50.15494245480946], [127.7133833999576, 50.154937804079914], [127.71307694915548, 50.155923772188224], [127.71264501942726, 50.15636869565159], [127.71193800482396, 50.15663068249449], [127.71305039514661, 50.156912841446214], [127.71347749967407, 50.15664774732399]]], [[[127.690080757694, 50.157285621662474], [127.69077316373969, 50.15756325642126], [127.691195485585, 50.15747807446657], [127.6912053059083, 50.15711841608583], [127.68994817526018, 50.157014299294495], [127.690080757694, 50.157285621662474]]], [[[127.6977188280619, 50.19047017180095], [127.69715617296895, 50.19055380405279], [127.6968662789954, 50.19091031912227], [127.69770170766328, 50.1910995719512], [127.69798915138207, 50.19083296908556], [127.6977188280619, 50.19047017180095]]], [[[127.7022184640115, 50.20536089445475], [127.7013705682178, 50.20562124354472], [127.70179329756878, 50.20553602689555], [127.7029018827232, 50.20599811758325], [127.70291163196923, 50.20563846054925], [127.70221358685657, 50.205540722934025], [127.7022184640115, 50.20536089445475]]], [[[127.69417412757156, 50.207429344923284], [127.69320078421339, 50.20714857531359], [127.69332615225416, 50.20768963457635], [127.69402666362961, 50.20769751175315], [127.69417412757156, 50.207429344923284]]], [[[127.69358962646952, 50.223702164587536], [127.69221026605415, 50.222877174676235], [127.69237499840087, 50.22197961590418], [127.69224960675206, 50.22143855670933], [127.69183901729147, 50.2210741690563], [127.69128583335566, 50.22079811506423], [127.69029992540682, 50.220966887766814], [127.68946893536261, 50.22059775169783], [127.6894738630328, 50.22041792459872], [127.69003442035361, 50.22042424641343], [127.69100801330967, 50.22070504389539], [127.69116045689552, 50.22025705470676], [127.69088510136848, 50.22007406964977], [127.68686059248535, 50.21858958964607], [127.68587718575036, 50.2186684116442], [127.68572963964196, 50.21893656679495], [127.6855944468561, 50.218755154565386], [127.68447337352538, 50.21874246569924], [127.68418073715287, 50.219188858709394], [127.68333992493366, 50.21917933278475], [127.68278681253935, 50.218903238794724], [127.68265906050934, 50.21845208322678], [127.68195839484864, 50.21844413628711], [127.6820836626527, 50.2189852058816], [127.68263924842913, 50.21917138986765], [127.68290466256539, 50.21971404751997], [127.68515426979123, 50.219469704837756], [127.6854444276162, 50.219113222765586], [127.68586483344335, 50.2191179788697], [127.68599755799949, 50.219389304232315], [127.68683096868705, 50.219668551364634], [127.68682356245606, 50.21993829176079], [127.68612040377006, 50.22002028320083], [127.68583271598085, 50.220286853481895], [127.68584506910135, 50.21983728635311], [127.68500671708915, 50.21973785898283], [127.68472149759178, 50.21991451309622], [127.68471160664556, 50.22027416663538], [127.6853949994629, 50.22091149099399], [127.68510235798936, 50.22135788612578], [127.68593085622976, 50.22181696662242], [127.68677418470641, 50.22173656072641], [127.68734709651575, 50.2212933283984], [127.6880453388391, 50.22139115665364], [127.68791999768085, 50.2208500931287], [127.68820274492279, 50.22076334464239], [127.68916894033134, 50.22131389801336], [127.68913936574414, 50.222392860220054], [127.69024821398317, 50.22285507245484], [127.69078910742904, 50.22358069919536], [127.69219551247028, 50.223416656315706], [127.69260366621151, 50.2238709563538], [127.69302165760413, 50.22396560050288], [127.69358962646952, 50.223702164587536]], [[127.6899851624686, 50.2222225175378], [127.6901326953069, 50.22195435702348], [127.69069080910985, 50.22205058936939], [127.69110385891747, 50.22232506743838], [127.69109401511768, 50.222684721746205], [127.69053343106779, 50.22267840483798], [127.6899851624686, 50.2222225175378]], [[127.68737917811833, 50.220124453280626], [127.68779219226897, 50.220398942933066], [127.68778479126678, 50.22066868339896], [127.68709149664839, 50.2203910267243], [127.68737917811833, 50.220124453280626]]], [[[127.68789039540687, 50.22192905488292], [127.68775518613319, 50.22174764512866], [127.6870544707658, 50.2217397285434], [127.68759777069914, 50.22237545635783], [127.68830342791463, 50.222203542779695], [127.68831329252957, 50.22184388884307], [127.68789039540687, 50.22192905488292]]], [[[127.69891111149599, 50.22906841035265], [127.69820783758631, 50.22915047394347], [127.6983357633234, 50.22960161296075], [127.69903904367911, 50.229519548651695], [127.69891111149599, 50.22906841035265]]], [[[127.71162258067488, 50.230828999997826], [127.70996236471085, 50.230001108949], [127.70912378147459, 50.229901854025876], [127.70953943225265, 50.23008635341701], [127.70952729741582, 50.23053592397994], [127.70980278461617, 50.230718865542116], [127.71162258067488, 50.230828999997826]]], [[[127.69026721603204, 50.23751570130318], [127.68986636420792, 50.23679165343859], [127.6894433369942, 50.236876823903266], [127.68969906358102, 50.23777911893415], [127.69026721603204, 50.23751570130318]]], [[[127.69038523295578, 50.23832650124838], [127.69039262391739, 50.238056761326035], [127.6892735615825, 50.237954201976585], [127.68898331508419, 50.23831069180826], [127.68828235661697, 50.238302780747645], [127.68827495368328, 50.238572520430935], [127.68898084876986, 50.23840060506259], [127.6892489036478, 50.23885333461283], [127.68966701862546, 50.23894799156646], [127.68967441380259, 50.23867825175055], [127.69038523295578, 50.23832650124838]]], [[[127.68938663138637, 50.23894482927008], [127.6884003415187, 50.23911358235281], [127.68853066662666, 50.239474817673845], [127.68937676886688, 50.23930448229705], [127.68938663138637, 50.23894482927008]]], [[[127.70134804363002, 50.24258683001601], [127.70077989041864, 50.24285030161146], [127.70105785784715, 50.242943350211064], [127.70104319363405, 50.24348283187527], [127.70146381639404, 50.24348753318686], [127.70119073257975, 50.24321465830792], [127.70134804363002, 50.24258683001601]]], [[[127.70900277881789, 50.24995733686626], [127.71011974013943, 50.250149622302466], [127.71012945032494, 50.24978996699157], [127.70915272330106, 50.24959923949676], [127.70900277881789, 50.24995733686626]]], [[[127.70629951168338, 50.251366325159836], [127.70600687261147, 50.25181277072045], [127.7072665305926, 50.25191673156851], [127.70672020471251, 50.25137100797676], [127.70629951168338, 50.251366325159836]]], [[[127.69687463172022, 50.25234030550829], [127.69688444235925, 50.25198065221746], [127.69660397784149, 50.25197750674629], [127.69645638526686, 50.25224567368244], [127.696035686247, 50.2522409536546], [127.6960455031664, 50.25188130047754], [127.69548457553417, 50.251875004818615], [127.695757675072, 50.252147892841485], [127.69560516705558, 50.25259588519762], [127.69616119507147, 50.25278200691731], [127.69615383281868, 50.253051746772705], [127.69644411779412, 50.25269524019515], [127.69617346524399, 50.2523324404619], [127.69687463172022, 50.25234030550829]]], [[[127.6957306718514, 50.2531369388623], [127.69601359745062, 50.25305017321601], [127.69545265610286, 50.25304387729753], [127.69474165263614, 50.253395656513106], [127.69472691166946, 50.25393513584855], [127.69514516930816, 50.254029773960916], [127.69585372465319, 50.25376790562598], [127.6957306718514, 50.2531369388623]]], [[[127.6958466717486, 50.25916427267809], [127.69585649250041, 50.258804619958795], [127.69530530839117, 50.25843867009911], [127.69362967354952, 50.258150023172746], [127.69364688832626, 50.25752063134345], [127.69309081552144, 50.25733449738765], [127.69309819618708, 50.25706475806104], [127.69268483822012, 50.25679028625543], [127.69268976010963, 50.25661046005135], [127.69325320258855, 50.25652685650284], [127.69338606914974, 50.25679817285217], [127.69366656160885, 50.25680132630652], [127.69379451346812, 50.257252468464145], [127.69435550386234, 50.25725877276573], [127.69437516629274, 50.256539467493155], [127.69410696654418, 50.25608674996703], [127.69480818754425, 50.25609462790428], [127.69481801504557, 50.25573497514264], [127.69398147305591, 50.25554569490055], [127.693998681609, 50.25491630269952], [127.69104870134626, 50.255062993128405], [127.6908961394559, 50.25551097866633], [127.69160473973022, 50.25524913665924], [127.69187783585534, 50.25552203362304], [127.6915899623721, 50.25578861514716], [127.69171542930657, 50.25632967256779], [127.69142508665828, 50.25668616666597], [127.69100927757496, 50.25650160203759], [127.69016287515687, 50.25667194647332], [127.69015054653296, 50.25712151151414], [127.69084685271677, 50.25730923949445], [127.69113966740754, 50.25686283389845], [127.69156286938156, 50.25677765890267], [127.69182366079554, 50.25750012127259], [127.6913905989665, 50.25794494931803], [127.69265038359639, 50.258049069517455], [127.69235265200186, 50.25867530500598], [127.69319662240619, 50.25859485798512], [127.69442939202614, 50.25968800314563], [127.69526846446031, 50.25978736746347], [127.6958466717486, 50.25916427267809]], [[127.69266268909986, 50.25759950410018], [127.69238219206639, 50.257596348187064], [127.69224686726545, 50.257414943829424], [127.69281278075819, 50.257241429422365], [127.69266268909986, 50.25759950410018]], [[127.69272667269045, 50.25526176333124], [127.69300961626661, 50.255175005170834], [127.69313755784157, 50.25562614809315], [127.69284723011657, 50.25598264590296], [127.69242403741532, 50.256067825660466], [127.69228871667511, 50.255886421337365], [127.6925716647484, 50.255799664287544], [127.69272667269045, 50.25526176333124]]], [[[127.69203028821383, 50.26020066991941], [127.69134625405195, 50.25956338372821], [127.69135364515203, 50.25929364469328], [127.69065484315269, 50.25919583256215], [127.69064744813217, 50.259465571526356], [127.69134132658944, 50.25974320974403], [127.69146433667984, 50.26037418013345], [127.69203028821383, 50.26020066991941]]], [[[127.6975174518709, 50.25963271442837], [127.69695888604913, 50.25953651196411], [127.69624779593998, 50.259888299345754], [127.69624043232156, 50.260158038878885], [127.69722222631395, 50.26016904942884], [127.69765035105657, 50.259904026015015], [127.6975174518709, 50.25963271442837]]], [[[127.6879431041539, 50.26087412207661], [127.68965086971102, 50.25999398322899], [127.68951801590462, 50.25972266285135], [127.68923750675603, 50.2597194992528], [127.68924984510835, 50.25926993457804], [127.68882661700019, 50.2593551009093], [127.68895699765747, 50.25971633497742], [127.68867648860898, 50.25971317002521], [127.68852882698398, 50.25998132600702], [127.68796533580051, 50.26006490621585], [127.68727147271548, 50.25978724797179], [127.68684081992058, 50.260142145548684], [127.68682845851342, 50.260591709722235], [127.6873820727361, 50.2608677864963], [127.6879431041539, 50.26087412207661]]], [[[127.69343776981965, 50.260036621400964], [127.69287674700708, 50.26003031241846], [127.6927266466653, 50.26038838694606], [127.69371090335845, 50.26030951413141], [127.69343776981965, 50.260036621400964]]], [[[127.6910337093738, 50.26072909341551], [127.69019462982318, 50.26062969847565], [127.68947607213927, 50.26125118263805], [127.69101892269555, 50.26126857126909], [127.6910337093738, 50.26072909341551]]], [[[127.69482066984978, 50.2607716869811], [127.6937010659275, 50.26066916644989], [127.6935509696476, 50.26102724203618], [127.69396436886299, 50.2613017108891], [127.69508644504013, 50.26131431587683], [127.69523407426372, 50.26104615136849], [127.69482066984978, 50.2607716869811]]], [[[127.68776331662649, 50.26231114403222], [127.68804878115655, 50.26213448560735], [127.6879233418387, 50.26159342496282], [127.68497788479958, 50.261560132116514], [127.68566186135332, 50.26219745513781], [127.68720474012261, 50.26221489463494], [127.68691432739902, 50.26257137656538], [127.68649106591546, 50.26265653408138], [127.68662638319884, 50.26283794492666], [127.68761069954948, 50.2627591242872], [127.68789616734661, 50.26258246627593], [127.68776331662649, 50.26231114403222]]], [[[127.69194409352836, 50.263347624850134], [127.69252484964359, 50.26263463465076], [127.69323846841756, 50.26219295771017], [127.69169804991738, 50.26208568532899], [127.69138056817269, 50.26343122130922], [127.69194409352836, 50.263347624850134]]], [[[127.69277830188089, 50.2636268335108], [127.69391764671171, 50.263010059069344], [127.69407266447068, 50.262472157035326], [127.6946410895302, 50.26220872121354], [127.69479609638616, 50.26167081805822], [127.69394469692678, 50.262021015451445], [127.69393977881805, 50.26220084157717], [127.69351899254035, 50.262196111764645], [127.69350177322505, 50.26282550305285], [127.69279060861342, 50.26317726850432], [127.69278076325236, 50.26353692051247], [127.69235504105897, 50.26371201237849], [127.69234765445692, 50.263981751315015], [127.69277091769163, 50.26389657249684], [127.69277830188089, 50.2636268335108]]], [[[127.68662638319884, 50.26283794492666], [127.68551417492536, 50.26246560698382], [127.68549437491487, 50.263184908972164], [127.68647128048333, 50.26337583632759], [127.68662638319884, 50.26283794492666]]], [[[127.6893946415691, 50.26421830805598], [127.69012557749141, 50.26314726053399], [127.69055376813698, 50.26288226391477], [127.69084908561895, 50.26234594681701], [127.69071621868927, 50.262074627812595], [127.6898771162538, 50.26197523042329], [127.68902073925501, 50.26250521719793], [127.68899605509453, 50.26340434592474], [127.68813964250835, 50.26393432580198], [127.68688465860134, 50.26365033009784], [127.68561236585253, 50.26399571012006], [127.68560741602643, 50.26417553558555], [127.68587557879296, 50.2646282718356], [127.6867369743616, 50.263918483450816], [127.68715777467406, 50.26392323793312], [127.68728568270912, 50.26437438638381], [127.68937983454718, 50.26475778523072], [127.6896653079712, 50.2645811229752], [127.68967517715761, 50.2642214714793], [127.6893946415691, 50.26421830805598]]], [[[127.69576564294732, 50.262131406704995], [127.69419571705215, 50.2631031245788], [127.69304406905043, 50.264169466759476], [127.69360514052084, 50.26417577530857], [127.6957435418306, 50.26294062479508], [127.69587643975011, 50.2632119382524], [127.69685338902781, 50.263402778655774], [127.69850227107737, 50.264680425557415], [127.69738256709049, 50.26457793979155], [127.69682885154062, 50.26430191005073], [127.69683866668478, 50.26394225751058], [127.69599706258539, 50.26393281711599], [127.69530800934452, 50.26347538003244], [127.69387337946951, 50.264628493692484], [127.69386600120305, 50.26489823274951], [127.69552713548244, 50.26572635619861], [127.69551730984043, 50.2660860084402], [127.693418127858, 50.26588254541659], [127.69343535014163, 50.265253154482174], [127.69259618594198, 50.26515377630091], [127.69229840757212, 50.26578001055001], [127.69187266348767, 50.26595510041306], [127.69185788354731, 50.26649457795963], [127.69267983678925, 50.26722335222461], [127.69380697103134, 50.267056144724194], [127.69621622292395, 50.26618379207802], [127.69875095719708, 50.26585243844106], [127.69918892300676, 50.265227757182366], [127.69990007204478, 50.2648759525681], [127.70019529775139, 50.264339611182464], [127.70076371202137, 50.264076145405774], [127.70077105111591, 50.263806405571124], [127.7019127426517, 50.26309963868897], [127.70263605362409, 50.26229825004694], [127.70264826699231, 50.26184868317683], [127.70126521384779, 50.261113709708596], [127.7005614708595, 50.26119578347778], [127.70057370327643, 50.2607462168913], [127.699185816126, 50.26019104565442], [127.69890285359595, 50.260277818636496], [127.69889305526895, 50.26063747169947], [127.69987486014975, 50.2606484599183], [127.69986506901289, 50.261008113096906], [127.6991515286749, 50.261449831431044], [127.69913928256692, 50.26189939770926], [127.7006674816722, 50.26245613804443], [127.70135412715632, 50.26300345702537], [127.70065035639944, 50.26308553109233], [127.69869889732256, 50.26261399258887], [127.6984355245638, 50.261981458474835], [127.69702800153519, 50.262145567160196], [127.69687792527108, 50.26250364711221], [127.69631196345219, 50.26267718079278], [127.6958936280087, 50.262582546411224], [127.69604371188882, 50.26222446779443], [127.69576564294732, 50.262131406704995]], [[127.69603143619199, 50.262674033457394], [127.69588871713991, 50.26276237265899], [127.69589117258055, 50.262672459535864], [127.69603143619199, 50.262674033457394]], [[127.69512351781326, 50.26509224051876], [127.69470516373804, 50.264997601751176], [127.6947125372909, 50.26472786260864], [127.69513334607467, 50.26473258827173], [127.69512351781326, 50.26509224051876]], [[127.70152617489198, 50.26183615109357], [127.70180669784274, 50.26183928512972], [127.70179936510868, 50.26210902516682], [127.70151884057452, 50.262105891100845], [127.70152617489198, 50.26183615109357]]], [[[127.70339706739999, 50.265274783545394], [127.70340927489316, 50.264825216771406], [127.70256520998308, 50.26490573716132], [127.70239806209953, 50.265893217529424], [127.70296159830724, 50.265809567753905], [127.70339706739999, 50.265274783545394]]], [[[127.6957708413496, 50.26707820082199], [127.69464617127757, 50.26715551440998], [127.69435332425756, 50.26760192783137], [127.69547309198546, 50.26770444323302], [127.69589883883631, 50.267529340249844], [127.6957708413496, 50.26707820082199]]], [[[127.69206454217637, 50.269195122771315], [127.69192672309781, 50.26910363103401], [127.69192425963251, 50.26919354391514], [127.69206454217637, 50.269195122771315]]], [[[127.68988134956055, 50.2720486313213], [127.69116122340522, 50.27143346801392], [127.69160426898995, 50.270628991430456], [127.69259858805468, 50.270190478372925], [127.69261089934284, 50.26974091390907], [127.69289885277506, 50.26947433109336], [127.69446409942374, 50.26868245957925], [127.69516550547048, 50.2686903367836], [127.69559863175537, 50.26824549595989], [127.69532298583626, 50.268062520614976], [127.69391527315793, 50.26822658995369], [127.69363963387377, 50.26804361066649], [127.69378729271122, 50.26777544852549], [127.69266506530317, 50.26776282982653], [127.69096693474644, 50.26828335865502], [127.69052390098649, 50.26908783321272], [127.69121545266958, 50.26945538565457], [127.69120805812608, 50.2697251242005], [127.69092255921844, 50.26990178989734], [127.69091269743998, 50.2702614412191], [127.68991095947555, 50.270969678062635], [127.68988134956055, 50.2720486313213]], [[127.69123517090237, 50.26873608280002], [127.69293823775268, 50.26803572432774], [127.69349935462458, 50.268042033737245], [127.69334923261094, 50.26840010842589], [127.69278564978364, 50.26848371118233], [127.69277087883302, 50.26902318868941], [127.69248785229215, 50.269109945423104], [127.69248046502685, 50.269379684122086], [127.69191933266441, 50.26937336967293], [127.69192425963251, 50.26919354391514], [127.69122777665879, 50.26900582138162], [127.69123517090237, 50.26873608280002]]], [[[127.6890050355579, 50.27329791755766], [127.6897361230662, 50.27222687527787], [127.68889190588128, 50.27230729505247], [127.6880254460019, 50.273196922833776], [127.68786538010517, 50.273914640348714], [127.6882862687061, 50.27391939142635], [127.68829368085649, 50.273649653391075], [127.6890050355579, 50.27329791755766]]], [[[127.70480959390727, 50.275273930870775], [127.70438625006562, 50.2753591527605], [127.70425815258687, 50.27490802249594], [127.70369695262414, 50.27490176440728], [127.70381039497296, 50.275892374480534], [127.70451190954498, 50.27590019609447], [127.70494257656695, 50.27554523405785], [127.70480959390727, 50.275273930870775]]], [[[127.70591981500921, 50.27573600007113], [127.70578682626271, 50.2754646979641], [127.70522561941716, 50.27545844720581], [127.70536104367899, 50.27563983667166], [127.70493525798781, 50.27581497379003], [127.70492793929729, 50.276084713508844], [127.70534641108915, 50.27617931620299], [127.70591981500921, 50.27573600007113]]], [[[127.70953608358289, 50.27694543411578], [127.70870640868834, 50.27648651710852], [127.70871127366415, 50.2763066903753], [127.7082854940418, 50.27648183979689], [127.708416066699, 50.27684305247918], [127.70953608358289, 50.27694543411578]]], [[[127.6895728057888, 50.28328771503392], [127.68831977778494, 50.28291381915344], [127.68847245627396, 50.28246583993964], [127.68917653298683, 50.282383842285846], [127.69000611887266, 50.28284289758867], [127.69239899523961, 50.28260002166364], [127.6923940677181, 50.28277984703851], [127.69407301730284, 50.28297860450808], [127.69464168874408, 50.282715171493365], [127.69562148835912, 50.282816111912055], [127.69648307375404, 50.282106254885534], [127.69704190185722, 50.28220246131326], [127.69747268167717, 50.28184752820741], [127.69817428201108, 50.28185538873932], [127.69818654587435, 50.281405824185], [127.69777295014599, 50.28113136974313], [127.6974751357957, 50.28175761532445], [127.69705663143594, 50.28166298411869], [127.69692367738611, 50.281391672403856], [127.69734708775732, 50.2813064783029], [127.69735935917303, 50.280856913853626], [127.69680300139672, 50.28067079617191], [127.69665531816383, 50.28093896138376], [127.69539000482746, 50.28101470588415], [127.69496167610987, 50.28127971845787], [127.6935511100725, 50.28153369275889], [127.69257134144767, 50.28143273510341], [127.691859890221, 50.28178449154423], [127.69185249608691, 50.28205422958433], [127.69100810801417, 50.282134663272515], [127.69102290575589, 50.28159518736824], [127.6896345301904, 50.28103990015001], [127.6895016201684, 50.28076858025916], [127.6890806709706, 50.28076383311614], [127.6882585439024, 50.280035033664895], [127.68812811596725, 50.27967379965722], [127.68841615520908, 50.2794072290588], [127.68843098081337, 50.278867753458876], [127.68760889586623, 50.27813894951176], [127.68763609129938, 50.27714991097354], [127.68624293459767, 50.2767744093202], [127.686139755172, 50.275424134800474], [127.68629242877174, 50.274976157858035], [127.68686599319992, 50.27453293692083], [127.68717379064672, 50.273547067944236], [127.68789256615298, 50.272925600986355], [127.68862614254077, 50.27176465306696], [127.68919717757035, 50.27141133265084], [127.68920705267263, 50.27105168164712], [127.69006851689508, 50.27034186985397], [127.69007838506003, 50.26998221865848], [127.68881088399581, 50.27014780663585], [127.6876688304257, 50.27085444112095], [127.68766141547978, 50.27112417921918], [127.68666703225658, 50.271562649458154], [127.68608855279503, 50.27218569515105], [127.68607865380514, 50.27254534563528], [127.68535986071694, 50.27316680127405], [127.68548034683133, 50.27388768879563], [127.68517498883949, 50.2747836403895], [127.68527071007406, 50.27640365328046], [127.68595985026472, 50.27686114958966], [127.68594994866439, 50.2772207997645], [127.68566686114941, 50.277307539288906], [127.68578488535965, 50.27811833862907], [127.68507591195875, 50.27838014122745], [127.68534167018528, 50.27892279069921], [127.68491826044708, 50.27900794109471], [127.68491330537135, 50.27918776604324], [127.68561238685906, 50.27928561457099], [127.68559010017044, 50.28009482697889], [127.68627929608714, 50.28055232155047], [127.68612412809804, 50.281090210402], [127.68682076586776, 50.28127796436206], [127.68694871409895, 50.281729112203564], [127.68737461771941, 50.281554042086164], [127.68849222494107, 50.28174653949215], [127.6884872828495, 50.281926364612936], [127.68721203813672, 50.28236166990575], [127.68732515277647, 50.283352292282025], [127.68816462455948, 50.28345171063482], [127.68871109690161, 50.283997519722185], [127.68927240046875, 50.28400385098514], [127.68956045996939, 50.283737277899185], [127.6895728057888, 50.28328771503392]], [[127.68636839145232, 50.277315470558015], [127.68679178363138, 50.27723031471757], [127.68677694036292, 50.27776979011629], [127.68635354335426, 50.27785494585729], [127.68636839145232, 50.277315470558015]]], [[[127.70218638626464, 50.278842285041165], [127.70162758654448, 50.278746103518955], [127.70049285687772, 50.27918312371805], [127.70048551220964, 50.27945286280558], [127.70202651242079, 50.27956002287296], [127.70218638626464, 50.278842285041165]]], [[[127.68748618338819, 50.3132142598614], [127.68762907058596, 50.31312593303053], [127.68748865907084, 50.313124347824235], [127.68748618338819, 50.3132142598614]]], [[[127.69238580436493, 50.313809114633735], [127.69252868440142, 50.31372078173265], [127.6923882708595, 50.31371920242979], [127.69238580436493, 50.313809114633735]]], [[[127.69631247747046, 50.31403309585399], [127.69617452217045, 50.31394160877748], [127.69617206279713, 50.31403152111354], [127.69631247747046, 50.31403309585399]]], [[[127.70051266743893, 50.31452982166498], [127.69980568056562, 50.314701796485366], [127.69979832275456, 50.314971533842595], [127.70035754183623, 50.31506772682415], [127.70064573084989, 50.314801128630535], [127.70036734804077, 50.31470807693778], [127.70051266743893, 50.31452982166498]]], [[[127.69671159617252, 50.31484703019564], [127.69685447144013, 50.314758691955234], [127.69671405459941, 50.31475711785297], [127.69671159617252, 50.31484703019564]]], [[[127.69935744216681, 50.31568612111258], [127.69977870137751, 50.31569083339651], [127.69978360679643, 50.315511008516935], [127.69851737917963, 50.31558677957281], [127.69794342085532, 50.316030051961064], [127.69864061446984, 50.31621773827891], [127.69935744216681, 50.31568612111258]]], [[[127.69840688743433, 50.31963283584008], [127.6982689120598, 50.31954135117911], [127.6982664561488, 50.31963126350294], [127.69840688743433, 50.31963283584008]]], [[[127.70838881605304, 50.32451096875068], [127.70867214522694, 50.32442417640502], [127.70839125329167, 50.324421056142754], [127.70838881605304, 50.32451096875068]]], [[[127.70246403169666, 50.33056089369181], [127.7031834835316, 50.32993934322859], [127.70248117402943, 50.32993150753596], [127.70204264058113, 50.33055619013619], [127.70246403169666, 50.33056089369181]]], [[[127.70607457590155, 50.33213010501609], [127.70663645020288, 50.3321363567438], [127.70665109724557, 50.33159688215797], [127.70594876234836, 50.33158906722299], [127.70607457590155, 50.33213010501609]]], [[[127.69678646002102, 50.33265594414109], [127.69679137968573, 50.33247612000263], [127.69651044160227, 50.33247297067797], [127.69650552087772, 50.33265279479644], [127.69678646002102, 50.33265594414109]]], [[[127.69622458178439, 50.332649644773184], [127.69621965995005, 50.332829468865725], [127.6965006001032, 50.33283261890897], [127.69650552087772, 50.33265279479644], [127.69622458178439, 50.332649644773184]]], [[[127.6937872908281, 50.334421081134735], [127.69406824009513, 50.33442423712622], [127.69407810051203, 50.33406458934232], [127.69463999495657, 50.334070899209316], [127.69521666713253, 50.33353773440122], [127.69620981613147, 50.33318911703297], [127.69621965995005, 50.332829468865725], [127.69437137029917, 50.333618184801765], [127.69294197607202, 50.33450152099074], [127.69278916347783, 50.334949501181164], [127.69236773516437, 50.334944762268535], [127.69136958121115, 50.335473169874064], [127.69136217021165, 50.335742905357215], [127.69192408384356, 50.33574922849911], [127.69278669588233, 50.33503941306943], [127.69349154425072, 50.334957395975714], [127.69350140920773, 50.334597748307615], [127.69378235948464, 50.33460090499775], [127.6937872908281, 50.334421081134735]]], [[[127.69320565829044, 50.335134062371985], [127.69306764868391, 50.335042571506264], [127.69306518160586, 50.33513248340306], [127.69320565829044, 50.335134062371985]]], [[[127.69136217021165, 50.335742905357215], [127.69108121347091, 50.335739742768276], [127.6910762716819, 50.335919566396214], [127.6913572294826, 50.335922729005226], [127.69136217021165, 50.335742905357215]]], [[[127.69107132984269, 50.336099390018205], [127.6910762716819, 50.335919566396214], [127.69037387739954, 50.33591165690458], [127.6903689329103, 50.33609148047636], [127.69107132984269, 50.336099390018205]]], [[[127.68952358315212, 50.33617189518072], [127.69036398837089, 50.336271304042214], [127.6903689329103, 50.33609148047636], [127.68980701559029, 50.336085149788914], [127.68952358315212, 50.33617189518072]]], [[[127.68952110928608, 50.33626180693277], [127.68852784791524, 50.33661036610451], [127.68923025198181, 50.336618286825406], [127.68952110928608, 50.33626180693277]]], [[[127.69200381803095, 50.31749235418001], [127.69226739790734, 50.31812489867464], [127.69198654492001, 50.318121739069184], [127.69183624676158, 50.31847980746747], [127.6908557241683, 50.31837883010346], [127.6905649884785, 50.31873531533368], [127.68943167317029, 50.31908230435623], [127.68942425551072, 50.319352040395], [127.68773662111556, 50.319422943000184], [127.68759123896791, 50.3196011816657], [127.68828349307861, 50.31996875396879], [127.68813068599947, 50.32041672915436], [127.68841155207684, 50.32041989817734], [127.6884041282924, 50.32068963404369], [127.68980599540353, 50.32079538113777], [127.69090477046257, 50.32170715738867], [127.69160448687133, 50.321804974119864], [127.69187548884081, 50.322167783046304], [127.69257028030738, 50.322445418149215], [127.69313203741827, 50.32245173425251], [127.69311724209886, 50.322991206799244], [127.69409786456986, 50.32309216578228], [127.69410279271074, 50.32291234153885], [127.69326014864977, 50.32290287333875], [127.6932650799183, 50.32272304914945], [127.69438860119607, 50.32273567197947], [127.69465716661584, 50.323188386703464], [127.69814610124119, 50.32403696555068], [127.69841716568155, 50.32439975957351], [127.69897403713269, 50.32458587215102], [127.69896667203525, 50.32485560895826], [127.6998019920924, 50.32513477295138], [127.69979463153796, 50.325404509821624], [127.70049687357537, 50.32541236123167], [127.70131995904512, 50.32614107602038], [127.70188176167298, 50.326147350184314], [127.70270732916276, 50.32678614296914], [127.70326913970403, 50.32679241048792], [127.7032642454755, 50.326972235264954], [127.70354515188014, 50.326975368026545], [127.70353536539302, 50.32733501760256], [127.70381627396635, 50.32733814972545], [127.70380159704177, 50.32787762410456], [127.70352068528985, 50.32787449192204], [127.70351579182275, 50.328054316683314], [127.70054413902113, 50.32883059800691], [127.70052451925757, 50.32954989604987], [127.698380762314, 50.330875010656676], [127.69836847875348, 50.33132457139995], [127.69737784297918, 50.33158329563507], [127.69679137968573, 50.33247612000263], [127.69735325600247, 50.33248241661625], [127.69736309094293, 50.3321227682416], [127.6977844951321, 50.33212748886061], [127.6980777180917, 50.331681074465195], [127.69863958531944, 50.331687364791925], [127.69864941027278, 50.33132771618413], [127.6990708076452, 50.33133243208809], [127.69922109397586, 50.33097435500543], [127.69950202352523, 50.33097749771405], [127.69951184172132, 50.330617848939035], [127.70022397321245, 50.33026605374378], [127.70023378571148, 50.32990640482158], [127.70065517077848, 50.329911114888326], [127.7008054405536, 50.32955303554563], [127.7010863618994, 50.329556174362885], [127.70109861904682, 50.32910661299756], [127.70350600473961, 50.328413966188066], [127.70351089830602, 50.328234141438664], [127.70477012231854, 50.32842805593462], [127.70463455408822, 50.32824666625683], [127.70491791227353, 50.32815988333856], [127.70491302402984, 50.32833970819028], [127.7056153107455, 50.328347529017535], [127.70561042510114, 50.32852735391293], [127.70645317274784, 50.32853673336762], [127.70644829023269, 50.328716558316614], [127.70728616211836, 50.32890575672686], [127.70728128268297, 50.329085581723454], [127.70812404075802, 50.32909494914357], [127.70811672628042, 50.329364686716495], [127.70868344263502, 50.32919110324337], [127.70923310253357, 50.329646904908024], [127.71007343667225, 50.32974617084366], [127.71062554981262, 50.33011205344605], [127.71272520533685, 50.330405138308706], [127.71271548695317, 50.3307647889724], [127.71328220371903, 50.33059118312257], [127.71354370812273, 50.33131359336097], [127.71382464125968, 50.33131670148302], [127.71381007558772, 50.33185617761741], [127.71547387379611, 50.332684027088185], [127.71560464714541, 50.33304522986231], [127.71616168771013, 50.33323126111863], [127.71615441766698, 50.33350099935029], [127.71698756957963, 50.33386995412287], [127.7169827259041, 50.334049779650414], [127.71810168531489, 50.334242000918934], [127.71807264737379, 50.33532095439599], [127.71848924505345, 50.33550542576682], [127.7183124735399, 50.33685256898146], [127.71886715062413, 50.33712850034437], [127.71885263905746, 50.33766797700179], [127.71913361025267, 50.33767107257923], [127.71911184684478, 50.338480287553665], [127.71994752511827, 50.338759308865235], [127.71993302494853, 50.33929878559819], [127.71964479222324, 50.33956543019724], [127.71992577469804, 50.339568523944656], [127.71991610752562, 50.33992817505252], [127.72047324532441, 50.340114186173864], [127.72127274544958, 50.341741889968915], [127.72133839874685, 50.344530731044216], [127.72105014161382, 50.34479737871169], [127.72101632909707, 50.3460561568999], [127.72129252052372, 50.3462390730715], [127.72150835389228, 50.34866980641022], [127.72178939029288, 50.34867289605692], [127.72188404476846, 50.35038278182319], [127.72216509132096, 50.350385870637645], [127.72215543735417, 50.350745521387104], [127.72187438867981, 50.350742432533444], [127.72179954734297, 50.35352972473378], [127.72151848227156, 50.353526634897136], [127.72137070403151, 50.35379482755928], [127.72134172003679, 50.35487377876652], [127.72106064708032, 50.35487068776407], [127.72091286195811, 50.355138879732486], [127.7207336590722, 50.3565759346846], [127.72044774164449, 50.35675266720269], [127.72028060618462, 50.35774015836353], [127.71999709822623, 50.35782697716933], [127.71948353218058, 50.361239008658664], [127.7194690151861, 50.36177848319739], [127.71975012876109, 50.36178157835175], [127.71971384230207, 50.36313026461244], [127.71914675874977, 50.36330389809995], [127.71898925340435, 50.36393173645967], [127.71889483959565, 50.36743831769817], [127.7191759865429, 50.3674414144906], [127.71913483497995, 50.36896992372267], [127.71884641500331, 50.3692365636125], [127.71887318910524, 50.37346398798751], [127.71830597866715, 50.37363761611631], [127.71857989546622, 50.373910451209696], [127.7182987103557, 50.373907352690146], [127.71808784406193, 50.37651325589209], [127.71780664362029, 50.376510156067866], [127.7175011978724, 50.37740617670449], [127.71693393526625, 50.37757979763182], [127.71677149790159, 50.37838745503777], [127.71634725399113, 50.37847271219886], [127.71619693942618, 50.37883080839065], [127.71731452042246, 50.379112955813504], [127.71730481993669, 50.37947260409583], [127.71800059327113, 50.37975009201263], [127.71826727272693, 50.38029266407032], [127.7192394450931, 50.38075306776656], [127.71964675860463, 50.38129718508981], [127.72049044559013, 50.38130646981254], [127.72131962667295, 50.381855221473614], [127.72158635550348, 50.382397786103], [127.72186759117041, 50.38240087704968], [127.72185550715754, 50.38285043794279], [127.72213674553073, 50.382853528258735], [127.7222580360541, 50.38357437063139], [127.7226750694214, 50.383758828820454], [127.72260743448469, 50.38627636954614], [127.72288869320181, 50.386279458195155], [127.72268284249755, 50.38870554154464], [127.72211546276351, 50.388879186540926], [127.72179309134404, 50.390404601062635], [127.72136633004627, 50.390579787665935], [127.72132037782661, 50.392288116113924], [127.72103666454328, 50.392374935406735], [127.72088150024219, 50.39291286072682], [127.72096166347903, 50.395162206638844], [127.72024870219057, 50.39551411881165], [127.72078712890004, 50.39641942699131], [127.72106844742831, 50.39642252048912], [127.72106118891521, 50.3966922562917], [127.72147833171853, 50.396876719197785], [127.72148316919318, 50.396696895307336], [127.72190756750284, 50.396611620830505], [127.72204339206836, 50.39679299024663], [127.72203855669657, 50.39697281417335], [127.72147349419471, 50.397056543082286], [127.72159722551675, 50.39768747268385], [127.72187855163865, 50.397690564278655], [127.72182776961868, 50.39957871479941], [127.7214009254377, 50.39975390063858], [127.72124332012677, 50.40038173750673], [127.72080920555489, 50.40082665669009], [127.72079710362895, 50.401276215966035], [127.72051333544762, 50.40136303343871], [127.7205012304927, 50.40181259262107], [127.72021745856274, 50.40189940933583], [127.71991673053152, 50.40261560798392], [127.71948500588351, 50.40297061002243], [127.71945592847088, 50.40404955126493], [127.71847358148867, 50.40394879449123], [127.71832562410725, 50.40421697968723], [127.71914305552352, 50.40521530617478], [127.71913335988971, 50.40557495309177], [127.71969125926535, 50.405760971703124], [127.71962099017644, 50.40836841162657], [127.72072959887748, 50.409010177064665], [127.72099646766416, 50.409552741663106], [127.72128028418024, 50.409465923493656], [127.72125608151545, 50.41036504083135], [127.72097468042024, 50.41036194717198], [127.72089962783988, 50.413149209672675], [127.72116167936788, 50.41387159703249], [127.72098222967483, 50.415308636525204], [127.72126366007332, 50.4153117303845], [127.72124913542092, 50.41585120025645], [127.7215208878452, 50.41621394008502], [127.7218023236664, 50.41621703268133], [127.72191642601659, 50.4172076068891], [127.72259100958921, 50.41829427472744], [127.72267852999275, 50.42027387591063], [127.72294790007577, 50.42072652402747], [127.72277089313086, 50.42207365323029], [127.7231858461156, 50.42234802255131], [127.72317617520208, 50.42270766897069], [127.72259629435317, 50.42333087021126], [127.72243862081885, 50.42395870573428], [127.72145101371609, 50.424037794382855], [127.7206138356151, 50.42375877648683], [127.72018192098594, 50.424113778437764], [127.72056053335578, 50.42573682903452], [127.72053145688331, 50.42681576648549], [127.72094159299455, 50.42726996669805], [127.72088345243014, 50.42942784113585], [127.72043936968325, 50.43023240033921], [127.71886917810019, 50.43102456305267], [127.71857551889819, 50.431471019247475], [127.71801246718326, 50.43146481641516], [127.71800761059129, 50.43164463898151], [127.71899295495234, 50.43165549221946], [127.71886919030474, 50.43624096741608], [127.71930607911808, 50.43570614944425], [127.71918714126102, 50.43489539838797], [127.71950749913084, 50.43345991674466], [127.7200705748375, 50.43346611251905], [127.72060941520357, 50.43437141895056], [127.72055366878978, 50.43643937916507], [127.72025514189868, 50.43706566162733], [127.71982552703648, 50.43733074926177], [127.7196580640628, 50.4383182238776], [127.71922600783728, 50.4386732203569], [127.7185220862528, 50.43866546952963], [127.71849780624726, 50.439564581362674], [127.71806087205347, 50.4400993956152], [127.71804386919808, 50.44072877364448], [127.71733262632951, 50.44099074878419], [127.71732047421206, 50.441440304329525], [127.7164659914129, 50.44179063291796], [127.71616980850831, 50.442326992615044], [127.71588821849652, 50.442323885238466], [127.71587848542107, 50.442683529391516], [127.7155968933259, 50.44268042129423], [127.71558959178967, 50.44295015436384], [127.71473750455517, 50.44321055886308], [127.7145650409768, 50.444377846147894], [127.71370804731602, 50.44481806469907], [127.71369829685545, 50.44517770838979], [127.71341669020028, 50.44517459490639], [127.71355261768369, 50.44535597355983], [127.7129845243185, 50.445529566971985], [127.71268339880798, 50.4462457387317], [127.71182879519176, 50.44659603206632], [127.71138683567352, 50.44731064119269], [127.71081871103961, 50.44748422373572], [127.71052487171166, 50.447930657024614], [127.70995429154497, 50.44819414600191], [127.7099469565021, 50.448463878217034], [127.70966533075847, 50.44846075550989], [127.70965554839358, 50.448820398402965], [127.70922821381365, 50.44899553441306], [127.70921842794966, 50.449355177211004], [127.70836129462742, 50.449795354952684], [127.70835150191414, 50.45015499757815], [127.70749679593466, 50.45050525808649], [127.70734617655347, 50.45086333624699], [127.70677799470796, 50.45103689852085], [127.70676818956066, 50.45139654084471], [127.70591099659501, 50.45183669993186], [127.71943003030992, 50.451986264504804], [127.71943731235277, 50.45171653145107], [127.72000545720014, 50.45154290709343], [127.72016811302055, 50.450735256599636], [127.72073624343895, 50.45056162853655], [127.72102757971422, 50.450205080159535], [127.72159085446629, 50.450211270054254], [127.72161023901786, 50.4494919810542], [127.72231916541358, 50.44931989207918], [127.7231834223721, 50.448609876854725], [127.72473962866633, 50.44835712965887], [127.72503092119136, 50.44800057079897], [127.72602143693352, 50.44783154445961], [127.7264583547527, 50.44729670087078], [127.72687596008333, 50.447481146337935], [127.72717205569752, 50.446944759189684], [127.72773529309154, 50.446950919059155], [127.72774493777291, 50.44659127350884], [127.72831299122987, 50.44641760775152], [127.7288906763225, 50.44588429343067], [127.73000509282404, 50.44634615100719], [127.73015312020391, 50.44607795334842], [127.72944908578445, 50.44607026780856], [127.72931791139465, 50.44570908436508], [127.73073078057219, 50.44554462967584], [127.7307404020691, 50.44518498362057], [127.73187164324308, 50.445017442671805], [127.73243005451067, 50.44520340278132], [127.73258046639518, 50.444845290271864], [127.73357089032866, 50.444676198883606], [127.73369729499643, 50.44521720105581], [127.73397890412755, 50.445220265465416], [127.7339885008961, 50.444860618938336], [127.73427010794273, 50.44486368262772], [127.73456130734505, 50.44450709900721], [127.73583811279079, 50.44416122711016], [127.73641808049537, 50.44353796265462], [127.73698127946724, 50.44354407747855], [127.73698606621356, 50.44336425395767], [127.73726766470598, 50.443367310328306], [127.73713165161804, 50.44318595869163], [127.73798122703082, 50.44301530107899], [127.73798600989826, 50.44283547747243], [127.73941309735369, 50.4421314454267], [127.73956344653647, 50.44177332324253], [127.73984503586804, 50.44177637330736], [127.73985936250747, 50.441236901967756], [127.74071605172992, 50.440796488265015], [127.74073513995367, 50.44007719277119], [127.74130306859406, 50.43990346247514], [127.74145816531603, 50.43936551360209], [127.74202608280851, 50.43919177967332], [127.74204038334395, 50.438652307640965], [127.74232195442669, 50.43865535157697], [127.74204276672411, 50.43856239563041], [127.74205230012355, 50.43820274757334], [127.74233386854064, 50.43820579146101], [127.74234816507752, 50.43766631927307], [127.74334792862929, 50.437137494868914], [127.74364853246546, 50.436421238823414], [127.74421402763632, 50.43633740591888], [127.74422830185743, 50.435797933168], [127.74450985624443, 50.43580097168651], [127.74453364031481, 50.43490185022026], [127.74495596399049, 50.434906406576296], [127.74496071906037, 50.43472658223637], [127.74467917099723, 50.43472354485524], [127.74468392708481, 50.43454372052869], [127.74496547408194, 50.43454675789052], [127.74498687108046, 50.43373754826106], [127.74526841332892, 50.43374058485505], [127.74527316701854, 50.4335607604574], [127.74499162583605, 50.43355772388267], [127.74504630205016, 50.43148974310632], [127.74532783097476, 50.43149277945929], [127.74535159591841, 50.43059365704222], [127.74577863264737, 50.43041838562018], [127.74578575942436, 50.430148648814], [127.74606728047628, 50.430151683319956], [127.74609578010289, 50.42907273584652], [127.74665880956283, 50.42907880258441], [127.74667779982249, 50.428359503996404], [127.7469593103622, 50.428362536266924], [127.74697117621815, 50.42791297455322], [127.7473981827815, 50.4277376968854], [127.74740767195573, 50.427378047418266], [127.74797542398629, 50.427204282881206], [127.74801573229978, 50.42567577200464], [127.74773423757487, 50.42567274240591], [127.74773898056586, 50.42549291758807], [127.74802047422526, 50.425495947167555], [127.7480299579316, 50.42513629747561], [127.7474669749229, 50.425130237712764], [127.74750966839241, 50.42351181415268], [127.74696331417233, 50.42287636507825], [127.74686765994477, 50.421166512912265], [127.74658619207088, 50.42116348073108], [127.74664552084003, 50.41891566931749], [127.74692697539949, 50.41891870125801], [127.74695307181156, 50.41792966383739], [127.74737524495445, 50.41793421031309], [127.74710091233176, 50.41766144197564], [127.74738473100203, 50.41757456023988], [127.74739895971172, 50.417035085085686], [127.74782112497557, 50.41703962988559], [127.74810967874357, 50.416772921232216], [127.74802110175114, 50.41479333028235], [127.74773967151711, 50.41479030116666], [127.74802584182562, 50.41461350510673], [127.74789223805496, 50.4143422528835], [127.74747009675119, 50.414337708516435], [127.74737443591297, 50.412627854296424], [127.74794201075869, 50.41245408819036], [127.74798703862734, 50.41074574814431], [127.74826844492934, 50.41074877648704], [127.74822014339667, 50.4072406678151], [127.74878765050413, 50.40706689692749], [127.74877719185848, 50.40212018127896], [127.74849583659659, 50.40211715453928], [127.74850530884203, 50.40175750332912], [127.74878666197577, 50.40176053003036], [127.74879139696225, 50.40158070439719], [127.74823579845251, 50.40130491194969], [127.74827369305811, 50.399866306907974], [127.74799235119262, 50.39986327904802], [127.74802788256648, 50.39851458662187], [127.74774654872839, 50.398511558225884], [127.74775602543171, 50.39815190689452], [127.74803735714208, 50.39815493525205], [127.74797722644064, 50.39509638372312], [127.74741933833991, 50.39491050055523], [127.74743829408372, 50.39419119751108], [127.74688041869831, 50.394005311823975], [127.74664415832692, 50.392293936231155], [127.74608393644193, 50.39219795973491], [127.74611714065227, 50.39093917939797], [127.74583585184807, 50.390936146709215], [127.74585720094986, 50.3901269307119], [127.74529937929543, 50.38994103771277], [127.745318363769, 50.3892217346339], [127.74559964237497, 50.389224768499695], [127.74589040872341, 50.388868150033574], [127.74450064817567, 50.38822358738655], [127.74423837526312, 50.38750124791152], [127.74368059070243, 50.387315347341456], [127.74369247028825, 50.386865783002925], [127.74341120584201, 50.38686274462803], [127.74314420292757, 50.386320228433924], [127.74230993338462, 50.3859514560237], [127.74233133871152, 50.385142240422205], [127.7420500846063, 50.385139198831155], [127.74205959989685, 50.384779547452865], [127.74150185578239, 50.384593636649], [127.74152327382852, 50.383784421108516], [127.74124202784091, 50.383781377622746], [127.74125630918314, 50.38324190058714], [127.74097506643274, 50.383238856479494], [127.74097982784635, 50.38305903080844], [127.7412610695338, 50.38306207489677], [127.74127535029562, 50.38252259779015], [127.74100363418867, 50.38215990236444], [127.74100839531204, 50.3819800766579], [127.74128963062216, 50.381983120630274], [127.74123469534509, 50.37874473482522], [127.7409534791888, 50.37874169086078], [127.7409630006118, 50.378382039236186], [127.74124421464279, 50.37838508316199], [127.7412489742191, 50.3782052573215], [127.74068654833074, 50.37819916882884], [127.74069369079241, 50.37792943011498], [127.7412561134929, 50.37793551854966], [127.7412656323554, 50.377575866833176], [127.7407079753892, 50.37738995264733], [127.74073654327671, 50.376310997552196], [127.73974757257479, 50.37648016265473], [127.73947351891135, 50.376207376525976], [127.73947828481373, 50.376027550740126], [127.74032426615265, 50.37594677801521], [127.74033141009792, 50.37567703923388], [127.73991437739453, 50.37549264412428], [127.73996439818838, 50.37360447252448], [127.73955453266724, 50.37315033736167], [127.73956882776011, 50.37261085968453], [127.73928764804255, 50.37260781195973], [127.73957835758, 50.372251207870164], [127.73902076940423, 50.372065285941034], [127.73910656643766, 50.36882841913632], [127.73882540912261, 50.368825370458794], [127.73883971028921, 50.3682858925296], [127.7391208644181, 50.36828894114907], [127.739130396163, 50.367929289127986], [127.73884924415817, 50.36792624054721], [127.73878970726683, 50.364867673360244], [127.73907084119486, 50.36487072195176], [127.73911849409555, 50.36307246058159], [127.73968074086139, 50.36307855533961], [127.73968550376182, 50.36289872913136], [127.73940199944138, 50.36298559520657], [127.73941152726893, 50.36262594281689], [127.73913040656447, 50.36262289514657], [127.7391447011279, 50.3620834165757], [127.73886358365688, 50.362080368284104], [127.73878260083727, 50.359831016294265], [127.73906370501422, 50.35983406468367], [127.73908991017504, 50.35884502014494], [127.73937100856216, 50.358848067748674], [127.7396616315383, 50.358491461991875], [127.73924713275429, 50.35821715192545], [127.73928762280978, 50.35668862793689], [127.73846104858026, 50.35605009061392], [127.73860873814856, 50.355781875669436], [127.73832765794994, 50.35577882635699], [127.7383348080999, 50.355509086842396], [127.73749634246023, 50.35532010862482], [127.7375011123017, 50.35514028232651], [127.73806564886931, 50.355056471040946], [127.73807280032067, 50.35478673151985], [127.73765595810701, 50.354602329093005], [127.73780841606617, 50.354154288755666], [127.73739396539857, 50.35387997224464], [127.73740350531921, 50.35352031956676], [127.73796802278434, 50.353436508589965], [127.73798947723837, 50.35262728979053], [127.73841345256128, 50.35254195130262], [127.73882789766088, 50.35281626419876], [127.73881360420528, 50.35335574356812], [127.73937097368373, 50.35354166543731], [127.73921853246325, 50.35398970799401], [127.7387921632054, 50.35416496252227], [127.73891602340584, 50.354795879137825], [127.73974972436855, 50.35516467356745], [127.73992596734088, 50.35381749791727], [127.73964489859803, 50.35381445187378], [127.73966394419219, 50.35309514586322], [127.73910657874059, 50.35290922541481], [127.7391375396608, 50.351740353158576], [127.73829913684088, 50.351551381081066], [127.73831105217965, 50.351101814892374], [127.73775371532814, 50.35091588811047], [127.73776801955603, 50.35037640873361], [127.73721069331421, 50.35019047940544], [127.73749889386978, 50.349923791485395], [127.73693680292853, 50.34991768732807], [127.73699643745712, 50.347669856558845], [127.73758234296135, 50.3467768274715], [127.7380396308719, 50.34543270366284], [127.73846354180341, 50.34534736440932], [127.73859452302726, 50.34570854211113], [127.7391518026474, 50.34589446459577], [127.73900414781501, 50.34616268092922], [127.73983056014553, 50.34680121423085], [127.74052599315877, 50.347078566330126], [127.74094753679316, 50.34708313150731], [127.74095466989789, 50.346813391315564], [127.74067364238735, 50.346810348062824], [127.7406831551461, 50.34645069449173], [127.74026875398197, 50.346176388247144], [127.74014013793646, 50.345725298968], [127.73944948765008, 50.34526811792193], [127.73949709313436, 50.34346985019617], [127.73907320076334, 50.34355519338353], [127.73908272451013, 50.34319553983127], [127.7395042335401, 50.343200109986256], [127.73950899375019, 50.343020283172244], [127.739087486311, 50.34301571304627], [127.73929464149141, 50.34049966084423], [127.73873504272488, 50.34040365276564], [127.73858502150418, 50.340761782340394], [127.7377420470092, 50.340752634158655], [127.7373396317972, 50.34002875078469], [127.73691576644717, 50.340114086356394], [127.7369205359089, 50.339934259625586], [127.73663954942417, 50.3399312069248], [127.736649090323, 50.339571553484156], [127.73608712174013, 50.33956544612374], [127.73649667067991, 50.340019593671485], [127.73648712847857, 50.34037924706315], [127.73718006425452, 50.34074653197678], [127.73717052696757, 50.341106185417935], [127.73758725007113, 50.341290589107736], [127.73757533204568, 50.341740155933685], [127.73827544296556, 50.341837694342345], [127.73853976803683, 50.34247013689445], [127.73849927439221, 50.34399866420043], [127.73807060977106, 50.34426383037562], [127.7380634609758, 50.34453357038718], [127.73720849703223, 50.344973984442184], [127.7371965738742, 50.345423550916294], [127.73606295132564, 50.34577099074695], [127.7357986417327, 50.34513854302561], [127.73552001246499, 50.34504557414859], [127.7355319512902, 50.344596007935614], [127.73456751940482, 50.34386600231072], [127.73471758095373, 50.34350787840717], [127.73443657362391, 50.34350482022734], [127.73445091166766, 50.34296534084914], [127.73375557434431, 50.342687952938796], [127.73376513795434, 50.34232830006969], [127.73320792132265, 50.342142352126984], [127.73322705624939, 50.3414230464494], [127.73266985229435, 50.34123709599489], [127.73309612704199, 50.34106186283428], [127.73296280751683, 50.34079059228163], [127.73239603868066, 50.34096429339155], [127.73241039854479, 50.34042481420166], [127.73212940965529, 50.34042175058196], [127.73213659101384, 50.34015201099619], [127.73143172787964, 50.34023426222254], [127.73073884444995, 50.33986694340841], [127.73075082620934, 50.33941737762347], [127.73144849332049, 50.33960486998447], [127.73159856423679, 50.339246749924385], [127.73047943075252, 50.339054657422395], [127.73049860478673, 50.33833535211997], [127.7293914911399, 50.337693683513336], [127.72967965821627, 50.33742701417243], [127.72912011567583, 50.33733096018577], [127.72940828202728, 50.33706429149607], [127.7292749943584, 50.33679301677436], [127.72885354368897, 50.33678840996575], [127.72859417802667, 50.33597611972019], [127.7283132157938, 50.33597304707512], [127.72834682341448, 50.33471426311974], [127.72778971694926, 50.33452828980257], [127.7278041256978, 50.33398881097491], [127.7286445774319, 50.33408794347352], [127.72918968799843, 50.334723478609526], [127.72931577362833, 50.33526449300892], [127.72959673179146, 50.33526756320064], [127.7302751585838, 50.33617436773022], [127.73097038084923, 50.33645177589193], [127.73096319382933, 50.336721515528545], [127.73262507045467, 50.337639035609314], [127.7326202851652, 50.3378188621134], [127.73304174556601, 50.33782345533843], [127.73319179868025, 50.33746533298225], [127.73235606363666, 50.33718640639278], [127.73237520806353, 50.33646710033574], [127.73181327703197, 50.336460972594324], [127.73154188987162, 50.33609825475818], [127.73070379244393, 50.33590922971221], [127.73072056493085, 50.335279837180835], [127.72989687055025, 50.33455132710832], [127.73004693647583, 50.3341932087137], [127.72865657649847, 50.33363837760421], [127.72866857526051, 50.33318881169786], [127.7289567186334, 50.33292214377128], [127.72853530225893, 50.33291753606431], [127.72810428291538, 50.33327257949827], [127.72754479234113, 50.333176518254724], [127.72755680139764, 50.33272695250637], [127.72799022070362, 50.33228199788827], [127.72757841693131, 50.33191773406602], [127.72715700966631, 50.33191312143043], [127.72703095676849, 50.331372104636124], [127.7273142938509, 50.33128526701032], [127.7273407163857, 50.33029622208016], [127.72832876710646, 50.33012715428096], [127.72835756746132, 50.32904819552568], [127.72639592630799, 50.32884684454765], [127.726405540774, 50.32848719184315], [127.72683412595444, 50.32822206738803], [127.72738635183498, 50.32858787132397], [127.7272410885073, 50.32876616020046], [127.72780292779414, 50.32877230935902], [127.72825790878142, 50.327518133968745], [127.72882213252353, 50.327434364825706], [127.72854362009848, 50.32734137983592], [127.72856281539019, 50.32662207361638], [127.72828190831552, 50.326619001306604], [127.72828670807618, 50.3264391747564], [127.7296960330533, 50.32627470276959], [127.72982929480149, 50.32654597728637], [127.730952922344, 50.32655824748948], [127.73068159679772, 50.32619552751299], [127.7294175256216, 50.32618171989337], [127.7288701089399, 50.325636098933785], [127.72858920764372, 50.32563302740969], [127.72887970363881, 50.325276445684295], [127.73154824825004, 50.32530559095604], [127.73154346098966, 50.325485417768704], [127.73309319713519, 50.32532243654899], [127.73183393409037, 50.325128828479585], [127.7318435062493, 50.32476917478575], [127.73057947233819, 50.32475538007866], [127.72972959259168, 50.32501591602871], [127.72917499136969, 50.32474003651382], [127.72832990372983, 50.32482073553788], [127.72721112180812, 50.324628613762954], [127.72721592527049, 50.32444878722559], [127.72637324306417, 50.3244395587867], [127.7263780496559, 50.324259732301954], [127.725394924678, 50.32424895814135], [127.72512365450838, 50.3238862254719], [127.72316464944379, 50.32359490832555], [127.72234127029971, 50.32286634569331], [127.7217795018321, 50.32286017066788], [127.72150826705175, 50.32249742974615], [127.72052518029099, 50.3224866146853], [127.72025154252601, 50.322213783964806], [127.71968978220805, 50.3222075989012], [127.71969461363618, 50.32202777281518], [127.71857109782569, 50.32201539462629], [127.71829747399015, 50.32174255939033], [127.7177284614831, 50.32200610386199], [127.7177357196552, 50.32173636492808], [127.71731198386006, 50.32182163026545], [127.7170407890463, 50.32145887916108], [127.71591486502848, 50.32153638835113], [127.7159197105841, 50.3213565625097], [127.71563883592813, 50.32135345989123], [127.71564852901017, 50.32099380822997], [127.71536765652175, 50.32099070497256], [127.7150964812044, 50.32062794943061], [127.71425387053694, 50.32061863367173], [127.71425872220146, 50.320438807918826], [127.71397785313657, 50.320435701328954], [127.7139875584361, 50.320076049844786], [127.7131473857744, 50.3199768132785], [127.71315709718222, 50.31961716188298], [127.71287623308032, 50.319614052668676], [127.71274551543574, 50.31925284644711], [127.71218865090349, 50.31906679973484], [127.71191751059762, 50.318704036928544], [127.71024939237444, 50.31805596437016], [127.71025912498573, 50.317696313264754], [127.70942630650882, 50.31732731183354], [127.70943361045467, 50.317057573560085], [127.70887191328474, 50.3170513366936], [127.70887678463798, 50.31687151121013], [127.70859593718609, 50.31686839177934], [127.7086056818621, 50.316508740834166], [127.7077680215969, 50.316319553169244], [127.70777777232937, 50.31595990230726], [127.70652130396722, 50.31567610973751], [127.70653106388274, 50.31531645901232], [127.70568854993827, 50.315307081896606], [127.70569831600845, 50.31494743126666], [127.70401819147678, 50.31474883375793], [127.70402308074057, 50.31456900854723], [127.7026360450488, 50.313923958573355], [127.70222948859096, 50.31337978141805], [127.70055678768455, 50.31291139673915], [127.70028577055336, 50.312548607381274], [127.69972412853662, 50.31254232672894], [127.6994531198247, 50.31217953547238], [127.69735926513461, 50.31170639203116], [127.69751195623745, 50.31125840317257], [127.69709073656864, 50.31125368297569], [127.69708336429774, 50.31152342020301], [127.69680254965972, 50.31152027252754], [127.696807465578, 50.31134044773077], [127.69596502513895, 50.31133100069581], [127.69596994418299, 50.31115117595305], [127.69428507100415, 50.31113226369512], [127.69428999634947, 50.31095243906643], [127.6940091853864, 50.31094928467021], [127.69528021748079, 50.31069373705419], [127.69387617022954, 50.31067797030865], [127.6938663164633, 50.31103761951791], [127.69218638196882, 50.31083885232554], [127.692191315178, 50.31065902783814], [127.69106807947804, 50.310646385963345], [127.69107795421414, 50.3102867371311], [127.6905114014387, 50.3104602365846], [127.6905163408987, 50.310280412205636], [127.68981432453631, 50.31027250223481], [127.68954093273207, 50.309999600585726], [127.68659743878584, 50.30978650151657], [127.68632654582433, 50.309423680392065], [127.6816908483849, 50.30946114183952], [127.68140010025309, 50.309817604572736], [127.67956990211611, 50.3099767104659], [127.67898836351469, 50.31068962417961], [127.67842674817791, 50.31068324082127], [127.67813347502955, 50.31112960679848], [127.67771225976631, 50.31112481640679], [127.67769230786796, 50.311844110085346], [127.67712568900765, 50.312017543725275], [127.67711570841928, 50.31237719043584], [127.67683489099849, 50.312373994495765], [127.67681991656033, 50.31291346445611], [127.67596746551082, 50.313263518873526], [127.67581456568576, 50.313711477633404], [127.6752529154717, 50.313705078667894], [127.67467626606242, 50.31423814635961], [127.6741121088994, 50.31432165338333], [127.67410460581492, 50.31459138798268], [127.67353794138573, 50.31476480369462], [127.67310167700643, 50.315299465331506], [127.67225917462324, 50.3152898459905], [127.67196832001939, 50.31564628394603], [127.67112581189375, 50.315636656345035], [127.6711207983523, 50.31581647915444], [127.66957619548822, 50.31579881258856], [127.66928531776956, 50.31615524361759], [127.66788112435182, 50.31613916170652], [127.66773065222976, 50.31649719767055], [127.66168754083552, 50.31660766618471], [127.66069954599912, 50.31677616834208], [127.66069196636819, 50.31704590135643], [127.65928775163248, 50.31702971546045], [127.65928269318691, 50.31720953735985], [127.65844016178494, 50.31719981762239], [127.65844522340697, 50.31701999578466], [127.65774311690554, 50.31701189139234], [127.6577380526364, 50.31719171317864], [127.65226415477993, 50.3170384423556], [127.6522692396703, 50.316858620968326], [127.65170755776813, 50.31685210797438], [127.65170247076014, 50.31703192932033], [127.64777068840843, 50.316986262117695], [127.6477783411359, 50.3167165305312], [127.64721666194693, 50.31670999585653], [127.64720900604306, 50.31697972738082], [127.64692816493806, 50.31697645899512], [127.64693582243014, 50.31670672750193], [127.64665498296513, 50.31670345846917], [127.64636392930146, 50.31705983066322], [127.64524056369679, 50.31704674487184], [127.64525334206546, 50.31659719269448], [127.63879406684632, 50.31652174001907], [127.63852350269973, 50.31615881056056], [127.63796183223407, 50.31615223123161], [127.6379669709143, 50.31597241087966], [127.63725974444533, 50.31614400325587], [127.63698919414055, 50.315781070315104], [127.63460469218805, 50.315663148029834], [127.63501564061858, 50.316027735185955], [127.6344488205763, 50.316200959012015], [127.63276639032662, 50.31609124384597], [127.63261565547697, 50.316449232208186], [127.63386911095144, 50.31682373010926], [127.63499761600933, 50.31665710561317], [127.63512773591485, 50.317018394523515], [127.6359599631457, 50.3173879234915], [127.63595481663653, 50.31756774364942], [127.63637608162367, 50.31757268577181], [127.63723917861526, 50.31686328439519], [127.63822211643341, 50.31687480266682], [127.639613482856, 50.31734079403661], [127.64116837034237, 50.31699921791838], [127.64270787315438, 50.31719708284161], [127.64312145687991, 50.317471731517195], [127.6452303407684, 50.317406386586846], [127.64550096319124, 50.31776930082615], [127.64719624594429, 50.31742927989147], [127.64746943512172, 50.317702279170405], [127.64817664927862, 50.3175306246161], [127.64887111393791, 50.31780851850521], [127.65014001545367, 50.31764337875161], [127.65041322283244, 50.31791637124754], [127.65098255182646, 50.31765315869438], [127.65378847011539, 50.3177756251588], [127.6540616993037, 50.318048609246944], [127.65645398032882, 50.31789640121354], [127.65658426656013, 50.31825766735083], [127.6585527467255, 50.31819045805997], [127.65968878818133, 50.3177538606946], [127.6599671073428, 50.317847009259275], [127.66009489235918, 50.31829818263465], [127.6603757427697, 50.31830141927942], [127.66067175345493, 50.31776518932909], [127.6612334481791, 50.317771659104395], [127.66220127168806, 50.31832244093895], [127.66375351439173, 50.318070472825795], [127.66388889787333, 50.31825190901432], [127.66557148460602, 50.318361174874504], [127.66558910663122, 50.31773179671106], [127.66685292169578, 50.317746296436006], [127.6674221593928, 50.31748300262959], [127.6678384028285, 50.31766765325104], [127.66782583697322, 50.31811720950574], [127.66866336455834, 50.318306683913235], [127.66823957505208, 50.318391769977005], [127.66808658540624, 50.31883971748062], [127.66878872179097, 50.318847759625406], [127.66964132522475, 50.318497759385316], [127.66965136437258, 50.318138114143096], [127.66894672710337, 50.31821998857633], [127.66867843416934, 50.31776721623728], [127.66825716186877, 50.3177623911341], [127.66798385233638, 50.317489439769346], [127.66982692135298, 50.31688096239837], [127.6702456776017, 50.31697569310745], [127.67053906126033, 50.31652934833727], [127.67223162336825, 50.316278871881956], [127.67221909956217, 50.31672842904579], [127.67179533024317, 50.31681352825529], [127.67150446267492, 50.31716996485819], [127.67024066050207, 50.31715551581106], [127.67023062615007, 50.317515161200376], [127.6709327436354, 50.31752319024616], [127.6713615337092, 50.31725827147703], [127.67303909799918, 50.31754725195087], [127.6738866439813, 50.31737704299472], [127.67403457151875, 50.317108910263606], [127.67445333841572, 50.31720362589356], [127.67444583649531, 50.31747336039568], [127.67245486330633, 50.31835004199847], [127.67258026376967, 50.31889111395792], [127.67229690365062, 50.318977818162516], [127.67228938905534, 50.31924755234654], [127.67284860006933, 50.319343877547865], [127.67285611152582, 50.31907414330726], [127.67327989920409, 50.318989040406535], [127.67340781339193, 50.31944020007538], [127.67382409738032, 50.319624829520535], [127.67367616058235, 50.31989296179949], [127.674237883349, 50.31989936894858], [127.67466417647645, 50.31972434959011], [127.67453124833509, 50.31945301417031], [127.67481210719781, 50.319456215998414], [127.67440582432442, 50.318911944180776], [127.67356576009216, 50.318812422347605], [127.67385662260307, 50.31845598064323], [127.67426789763385, 50.31882043140297], [127.67553174600837, 50.3188348370204], [127.67551925219192, 50.31928439458565], [127.67523839426136, 50.319281194473476], [127.67523089623083, 50.319550928964304], [127.67564968695385, 50.31964564043308], [127.67622139724023, 50.319292391898706], [127.67720689645176, 50.31921366944443], [127.67735980186809, 50.31876570930396], [127.67791402947437, 50.31904183336136], [127.67835276865299, 50.31841724222172], [127.67821732932659, 50.318235822448244], [127.6789194596935, 50.318243803349006], [127.67919283659255, 50.318516729492615], [127.6783328212602, 50.31913653517906], [127.6784682635231, 50.319317954814], [127.67790904093646, 50.31922165655839], [127.67776112831818, 50.31948979424392], [127.67690856549233, 50.31983985430628], [127.67689858049695, 50.32019950049889], [127.6774603076073, 50.320205892108746], [127.67817992370925, 50.319584496633794], [127.67873915111204, 50.31968079361809], [127.678869611379, 50.32004203602841], [127.67929090563574, 50.32004682283791], [127.67943632002098, 50.31986859482028], [127.68182364750395, 50.319895688193014], [127.68254071691241, 50.31936417695794], [127.68323541236359, 50.31964186723655], [127.68338329480117, 50.31937372235593], [127.6824052589277, 50.31918276194702], [127.68199143149695, 50.31890825123814], [127.68256557185677, 50.31846505925905], [127.68353862649197, 50.318835841848646], [127.68366167075249, 50.319466814600815], [127.68464468089252, 50.31947794084469], [127.68451914178938, 50.31893688087361], [127.68494042723505, 50.31894164713834], [127.68577308074448, 50.31931082262117], [127.68562025235643, 50.31975879438891], [127.6860390662572, 50.31985346860192], [127.68618941235911, 50.31949540815523], [127.68591598957063, 50.31922249815403], [127.68662804796091, 50.318870785019776], [127.68620924144862, 50.3187761129712], [127.68607872867224, 50.318414878314414], [127.68650248776761, 50.31832972697225], [127.68679572852777, 50.317883340157195], [127.68749785612214, 50.31789126921704], [127.68749042783303, 50.318161005102695], [127.68678086389438, 50.31842281176419], [127.68719223834844, 50.318787217567966], [127.68831318950988, 50.318889810340686], [127.68831813873926, 50.31870998638185], [127.68945145304374, 50.31836300818744], [127.69085819394863, 50.318288918025466], [127.69157760750294, 50.31766743783681], [127.69116867782735, 50.31721313519172], [127.69200381803095, 50.31749235418001]], [[127.72797699645776, 50.32751506088301], [127.7279817975216, 50.327335234381934], [127.72826270878569, 50.327338307448166], [127.72825790878142, 50.327518133968745], [127.72797699645776, 50.32751506088301]], [[127.72814625508688, 50.32643763835684], [127.72800340170578, 50.32652601505376], [127.72801780394698, 50.325986535434964], [127.72885571652633, 50.32617557876358], [127.72885091895775, 50.32635540536166], [127.72814625508688, 50.32643763835684]], [[127.72858440916177, 50.32581285400605], [127.72802260459662, 50.32580670888353], [127.72802740519751, 50.32562688232615], [127.72858920764372, 50.32563302740969], [127.72858440916177, 50.32581285400605]], [[127.63724432015107, 50.316683464119315], [127.63654222474779, 50.31667523174846], [127.63613383186113, 50.316220739784654], [127.63642238403258, 50.315954303853225], [127.63712189786145, 50.31605244700821], [127.63724432015107, 50.316683464119315]], [[127.69116867782735, 50.31721313519172], [127.69103072342764, 50.31712164206513], [127.69117114691534, 50.31712322308438], [127.69116867782735, 50.31721313519172]], [[127.73517964486305, 50.442445253880635], [127.73461645932291, 50.442439130433435], [127.73448285702888, 50.44216786407136], [127.7351844382494, 50.442265430450504], [127.73517964486305, 50.442445253880635]], [[127.73631080564871, 50.442277669092185], [127.73617479928609, 50.44209631635401], [127.73631559472042, 50.44209784557842], [127.73631080564871, 50.442277669092185]], [[127.73631559472042, 50.44209784557842], [127.73645878441789, 50.44200946286855], [127.73645639016691, 50.44209937463251], [127.73631559472042, 50.44209784557842]], [[127.73816984644267, 50.44121859170906], [127.73774029243762, 50.4414837457709], [127.73717951058437, 50.44138772300108], [127.7371866890095, 50.44111798759646], [127.7377522511474, 50.44103418666617], [127.73776899283027, 50.44040480385741], [127.73819136437484, 50.44040938512304], [127.73816984644267, 50.44121859170906]], [[127.73819136437484, 50.44040938512304], [127.73833454546799, 50.44032100001584], [127.73833215491402, 50.440410911870984], [127.73819136437484, 50.44040938512304]], [[127.7363491168586, 50.44083908081631], [127.7360579538241, 50.44119566939879], [127.73564036707457, 50.441011256837776], [127.7357931363284, 50.44056322788315], [127.73621550896141, 50.44056781633056], [127.7363491168586, 50.44083908081631]], [[127.72205138225928, 50.43834453582776], [127.72214337994392, 50.43492790461488], [127.72242492676843, 50.43493099652993], [127.72244670829332, 50.43412179399885], [127.72203649968415, 50.43366759906349], [127.72205828685345, 50.43285839647827], [127.72233982139497, 50.43286148850804], [127.72236644294131, 50.43187246285513], [127.72264797166984, 50.431875554095924], [127.72279599381777, 50.4316073651167], [127.7221188015373, 50.430610610889644], [127.72214542556148, 50.4296215849373], [127.72242694091878, 50.42962467661366], [127.72231038293609, 50.4287240161538], [127.72316216811983, 50.428463553295074], [127.7231911865148, 50.42738461504477], [127.72375660803642, 50.42730088090959], [127.7234823589978, 50.427028057922605], [127.72377111010306, 50.42676141157788], [127.72395535813708, 50.42514454706837], [127.72452316703107, 50.424970897364105], [127.72452799779995, 50.42479107413342], [127.72424651086827, 50.424787987752794], [127.72425134265343, 50.424608164535776], [127.72453282851974, 50.4246112508968], [127.7245376591904, 50.42443142765428], [127.72425617438948, 50.42442834131285], [127.7242610060764, 50.42424851808398], [127.72454248981198, 50.42425160440582], [127.72456905735257, 50.42326257643337], [127.72513684142393, 50.42308892349298], [127.7250250741584, 50.42200844113904], [127.7253065447004, 50.422011525514044], [127.72536929571345, 50.41967382114542], [127.72508783901863, 50.41967073702501], [127.72512645942496, 50.41823214938018], [127.7245708073949, 50.41795624424385], [127.7245804661184, 50.417596597333976], [127.72402240898617, 50.41741060135439], [127.72404173416713, 50.416691307596594], [127.72376029529038, 50.41668822039617], [127.72377237579167, 50.416238661798396], [127.72320950351009, 50.41623248545371], [127.72311954817498, 50.41434279494182], [127.72340097308593, 50.41434588358885], [127.7235513508378, 50.41398778066703], [127.72285262914211, 50.41380023526726], [127.72293965482632, 50.41056341206528], [127.72265825237149, 50.4105603224691], [127.72266308772939, 50.41038049892121], [127.72323072373877, 50.41020685380079], [127.72325488890026, 50.409307735746594], [127.72367939722125, 50.40922245581011], [127.72340525110113, 50.40894963259785], [127.72382975595033, 50.40886435208141], [127.72398494236924, 50.4083264244154], [127.72512015148637, 50.407979117906144], [127.7252849700374, 50.40708154064497], [127.72585014571858, 50.406997794206156], [127.72587908098764, 50.40591885082557], [127.72616045630774, 50.405921932427766], [127.72616527761677, 50.4057421084907], [127.72588390336094, 50.40573902690806], [127.72610655428419, 50.402683560114035], [127.7258251981437, 50.40268047852384], [127.72584930776924, 50.40178135839272], [127.725567956998, 50.40177827622009], [127.72572068806083, 50.40133025729479], [127.72530107784704, 50.40123572133484], [127.72535172487183, 50.39934756880165], [127.72508003712922, 50.39898483739626], [127.72537825210881, 50.398358536261625], [127.72467975168804, 50.398171003014696], [127.72483489135533, 50.39763307291025], [127.72455356524982, 50.397629988466996], [127.72456563008267, 50.39718042824985], [127.72428430668559, 50.39717734317538], [127.72457528172826, 50.39682078004946], [127.72444427360043, 50.39645958941234], [127.7240222949423, 50.396454961153], [127.72404884711707, 50.395465928629996], [127.72461629903354, 50.39529227493338], [127.72450942293274, 50.394031963411926], [127.72493138016283, 50.39403658974443], [127.72494102796497, 50.39367694129748], [127.72451907392556, 50.393672315023714], [127.72452389934838, 50.39349249082072], [127.72494585179253, 50.39349711706512], [127.72481243741261, 50.39322583880868], [127.72509373748353, 50.39322892243219], [127.72539914766223, 50.392332883933705], [127.7258259102275, 50.3921576825915], [127.7258355506197, 50.391798033902695], [127.72611684235441, 50.391801114989526], [127.72614816536397, 50.390632256460066], [127.7267155517705, 50.390458591888944], [127.7267251848521, 50.390098942970226], [127.72729256280091, 50.389925275505], [127.72825780309432, 50.390655341982715], [127.72893457081823, 50.391652063888024], [127.72948994382027, 50.39192794729065], [127.7298974687166, 50.39247202928501], [127.73045525830125, 50.3926579958431], [127.73045045545665, 50.39283782048601], [127.73073175384704, 50.39284089045955], [127.7309962493903, 50.39347334609299], [127.731544457283, 50.394018956840966], [127.73182576278147, 50.394022024220845], [127.73181376795795, 50.39447158594948], [127.73264570557144, 50.39493034599228], [127.7326241279318, 50.395739557206696], [127.73290544372959, 50.395742622051095], [127.73301254563698, 50.397002927184396], [127.73314601720303, 50.39727419629062], [127.73342734213983, 50.3972772599401], [127.73349612167128, 50.39997616162475], [127.73321238393325, 50.400063010328125], [127.73320279653461, 50.4004226595313], [127.73348414011329, 50.40042572318105], [127.73346976184187, 50.40096519699976], [127.73304534448509, 50.40105051346586], [127.73284233197288, 50.40338669990275], [127.73310930918416, 50.403929238021014], [127.73338827668883, 50.40402221429918], [127.73337389549435, 50.4045616877626], [127.73365526359548, 50.40456475117943], [127.73391506870942, 50.405377024186166], [127.73474961031572, 50.40574585766311], [127.73473524369683, 50.406285331249435], [127.73556741467331, 50.40674407123429], [127.73555305683043, 50.407283544897744], [127.73583444128528, 50.40728660316309], [127.73581769364054, 50.40791598910441], [127.73637568712493, 50.40810192830993], [127.73634698797211, 50.40918087566661], [127.73661881910509, 50.40954358120484], [127.73673082617054, 50.4106240564302], [127.73664952293316, 50.41368107247334], [127.7363370033497, 50.41484687439762], [127.73605557406016, 50.41484381701809], [127.73618193387014, 50.41538481883195], [127.73590050141041, 50.41538176105389], [127.73544244385809, 50.416725855111025], [127.73543286767463, 50.417085503588225], [127.73613168852191, 50.41727297404901], [127.73612451017716, 50.417542710455315], [127.7351346627029, 50.41771182863421], [127.73470051593567, 50.41815679814975], [127.73454541646623, 50.41869473988359], [127.73539456099354, 50.418524097260224], [127.73538258951676, 50.41897365770502], [127.73480530972647, 50.41950700965642], [127.73409687436492, 50.419679179222925], [127.73434238641507, 50.421030921975856], [127.73476458508021, 50.42103551441069], [127.73475979371396, 50.4212153384713], [127.73447832685981, 50.42121227699884], [127.73445676031537, 50.42202148511086], [127.73473823196305, 50.42202454667082], [127.73470468950072, 50.42328331474288], [127.73424651787475, 50.424627401480116], [127.73444172576822, 50.42786729354151], [127.73427700073245, 50.42876488138233], [127.73399548917892, 50.42876181841235], [127.73398589794441, 50.429121465940746], [127.73370438430827, 50.429118402250936], [127.73355163419468, 50.429566429454916], [127.73364921866822, 50.431186374855926], [127.73306216929883, 50.432079363070955], [127.73319573609662, 50.43235063125375], [127.73289020141603, 50.4332466833552], [127.73187599232874, 50.43431488836085], [127.73186878546014, 50.43458462352964], [127.73158483681055, 50.4346714661892], [127.73128646652184, 50.43529777830959], [127.73042498096713, 50.4359179463786], [127.72943472967567, 50.436087012519074], [127.72942510139205, 50.43644665895777], [127.72914354481158, 50.436443583913096], [127.72912909882055, 50.43698305346813], [127.72812436304696, 50.437691577626545], [127.72685008998032, 50.437947454640984], [127.7264205034379, 50.438212566804275], [127.72641326456913, 50.438482301221], [127.72556131595906, 50.43874278622888], [127.72540845652303, 50.43919080120501], [127.7248453117325, 50.439184630756436], [127.72398125368602, 50.439894660926726], [127.72341810085673, 50.439888483509606], [127.72312684720826, 50.44024503910196], [127.72129658833062, 50.44022493899578], [127.72162418765538, 50.43851971872511], [127.72205138225928, 50.43834453582776]], [[127.73862568601125, 50.439964405517024], [127.73862090605475, 50.44014422925704], [127.73819853680004, 50.44013964956774], [127.73820331835608, 50.4399598258568], [127.73862568601125, 50.439964405517024]], [[127.73878798205736, 50.43915672478291], [127.73894071537896, 50.438708691290856], [127.73937023735492, 50.43844353243721], [127.7396494190108, 50.438536494754686], [127.73934635248081, 50.439342651571856], [127.73948236333075, 50.43952400071812], [127.73849206742403, 50.439693143527336], [127.73821766273235, 50.4394203546885], [127.73878798205736, 50.43915672478291]], [[127.73994770045859, 50.437910160863396], [127.73993815121108, 50.43826980864798], [127.73951579842256, 50.43826523386182], [127.73952535086875, 50.437905586135344], [127.73994770045859, 50.437910160863396]], [[127.7335772537898, 50.43388372925098], [127.73414273553966, 50.433799945169575], [127.7335628594968, 50.43442319997014], [127.73300216963169, 50.434327157636034], [127.7335772537898, 50.43388372925098]], [[127.73414992928706, 50.43353020972721], [127.73545758070343, 50.43201548514862], [127.73674122056961, 50.43139986433265], [127.73643815255686, 50.43220601451589], [127.73442907176252, 50.43362318435697], [127.73414992928706, 50.43353020972721]], [[127.73587319913062, 50.42698347628513], [127.73689433541509, 50.42564549718696], [127.73731418428575, 50.425739992711215], [127.73730461921527, 50.42609964088767], [127.73687519878388, 50.42636479341163], [127.73700159621947, 50.42690579358158], [127.73587319913062, 50.42698347628513]], [[127.73600485498032, 50.422038315266214], [127.73657976042206, 50.42159486980533], [127.73630068392957, 50.42150190064178], [127.73631025504213, 50.42114225231872], [127.73589044872301, 50.421047753415486], [127.73575689709085, 50.4207764879315], [127.73647969732953, 50.42006483575325], [127.737185739103, 50.419982563798435], [127.73703544403674, 50.4203406846054], [127.73661085906066, 50.42042601256184], [127.73660368263418, 50.420695748871005], [127.73702587868789, 50.42070033307878], [127.7372977793715, 50.42106303685491], [127.73801100323865, 50.42071102360723], [127.73814456761778, 50.42098228660071], [127.7372953884879, 50.42115294897334], [127.73741460578307, 50.42196368542903], [127.73656301414998, 50.42222425437133], [127.73654148235306, 50.42303346299248], [127.73611926563646, 50.42302887687451], [127.7362791482147, 50.42231110928213], [127.73600485498032, 50.422038315266214]], [[127.73816368136995, 50.420262989355486], [127.73787983008137, 50.42034984830968], [127.73746480849178, 50.42007553080912], [127.73761270928561, 50.41980732155145], [127.73831635654687, 50.41981495484812], [127.73816368136995, 50.420262989355486]], [[127.73930623715724, 50.419645809897595], [127.73929907623707, 50.419915546522994], [127.73859542721944, 50.4199079191583], [127.73860498041435, 50.41954827041836], [127.73930623715724, 50.419645809897595]], [[127.7401696940578, 50.41893565906714], [127.73974274103666, 50.41911091085288], [127.73974751317955, 50.418931086381754], [127.7401696940578, 50.41893565906714]], [[127.74495917068626, 50.418807550961844], [127.74510940111972, 50.41844941934852], [127.7453884774089, 50.41854236742301], [127.74524062442349, 50.418810586976875], [127.74495917068626, 50.418807550961844]], [[127.73553768049172, 50.41843571481648], [127.73581673754683, 50.418528685713284], [127.73553528649911, 50.418525626914736], [127.73553768049172, 50.41843571481648]], [[127.73752217645404, 50.417917639015926], [127.73752934695722, 50.41764790248186], [127.73823057338156, 50.41774544825148], [127.73822579569647, 50.417925272654514], [127.73752217645404, 50.417917639015926]], [[127.73908923685713, 50.41721512952517], [127.73922757178497, 50.417306566927714], [127.73908684969098, 50.417305041765374], [127.73908923685713, 50.41721512952517]], [[127.74134793620269, 50.41696977466389], [127.74091862156408, 50.417234943299924], [127.74092577260633, 50.41696520638173], [127.74134793620269, 50.41696977466389]], [[127.7420467793493, 50.41715720975523], [127.74206344995076, 50.41652782331106], [127.74277181009131, 50.416355604576765], [127.74289111042705, 50.41716633667835], [127.7420467793493, 50.41715720975523]], [[127.74670009664894, 50.416847682000835], [127.74669535117972, 50.41702750701593], [127.74641390785135, 50.4170244745969], [127.74641865438551, 50.41684464960105], [127.74670009664894, 50.416847682000835]], [[127.74151724772507, 50.41589234904635], [127.74150771781905, 50.416251998416], [127.741085560576, 50.41624743076033], [127.74109271041972, 50.415977693778814], [127.74151724772507, 50.41589234904635]], [[127.74378538487535, 50.41528729670918], [127.74519729999047, 50.41512265844714], [127.74546685732246, 50.41557525617716], [127.74461780057396, 50.41574597306406], [127.74377825049677, 50.41555703400145], [127.74362801960088, 50.41591516406387], [127.74320348574432, 50.41600051652571], [127.7430722853515, 50.415639346600436], [127.74378538487535, 50.41528729670918]], [[127.74279323065214, 50.41554639308382], [127.74208011995904, 50.415898436794414], [127.74208964541175, 50.4155387873238], [127.74279323065214, 50.41554639308382]], [[127.74395938984728, 50.41403004187103], [127.74422892931817, 50.41448264241983], [127.74380678735848, 50.414478084752474], [127.7436755863613, 50.414116915412045], [127.74395938984728, 50.41403004187103]], [[127.74342270472623, 50.41303492645547], [127.74298867859527, 50.41347992814366], [127.74285510676808, 50.41320867032015], [127.74342270472623, 50.41303492645547]], [[127.74721869768915, 50.40785945446198], [127.74707088933813, 50.40812767714705], [127.74650810808716, 50.40812161421482], [127.74637927574103, 50.40767053487202], [127.74694205162169, 50.40767659838843], [127.74721869768915, 50.40785945446198]], [[127.7216290513525, 50.401735054375465], [127.72207042077099, 50.40102039651145], [127.7226476139294, 50.40048710548107], [127.72361782383867, 50.40103738637935], [127.72359850297245, 50.401756681964244], [127.72415396154204, 50.40203259103162], [127.72428015419125, 50.40257360566506], [127.7246949477435, 50.40284796929035], [127.72426084229667, 50.4032929012444], [127.7243846253985, 50.40392382761806], [127.72507114587151, 50.404560922851495], [127.72490633290691, 50.405458500226416], [127.72433393172304, 50.40581197794779], [127.72432186100285, 50.40626153745382], [127.72389496535608, 50.4064367318657], [127.72402599541098, 50.406797922689634], [127.7237446151373, 50.40679483588671], [127.72373736914412, 50.40706457148708], [127.7228835559461, 50.407414954236586], [127.72287872193131, 50.40759477789209], [127.72231595224696, 50.40758859798623], [127.72231111605429, 50.40776842159658], [127.72161249041805, 50.40758086927666], [127.72162458733685, 50.40713131034755], [127.72134320535221, 50.40712821772211], [127.72123397530555, 50.40595781795662], [127.72053538053441, 50.40577025934304], [127.720540223104, 50.40559043579513], [127.72082159589456, 50.40559353029476], [127.72083369944261, 50.40514397134993], [127.72055959289014, 50.40487114154422], [127.720741430809, 50.40334418815817], [127.72103247089082, 50.402987634751334], [127.72077047830953, 50.402265246242706], [127.7216193757285, 50.402094701857735], [127.7216290513525, 50.401735054375465]], [[127.72075595478071, 50.40280471722711], [127.72047459850918, 50.40280162269187], [127.72047944079875, 50.40262179905597], [127.72076079600619, 50.40262489357156], [127.72075595478071, 50.40280471722711]], [[127.74695153749623, 50.40731694773724], [127.74681795965002, 50.407045694143065], [127.74738309882864, 50.406961842798154], [127.74737598698029, 50.40723158084978], [127.74695153749623, 50.40731694773724]], [[127.74852995016349, 50.40616474269481], [127.74796008351689, 50.40642842513913], [127.7478312416566, 50.40597734720777], [127.74825567760638, 50.40589197699112], [127.74852995016349, 50.40616474269481]], [[127.7409732338219, 50.40455424871513], [127.74096608619735, 50.40482398621673], [127.74054879726435, 50.40463959237012], [127.74055118059194, 50.4045496798826], [127.7409732338219, 50.40455424871513]], [[127.74478596961328, 50.404055823497906], [127.7447812190542, 50.404235648778844], [127.74449985169761, 50.4042326122838], [127.74450460332086, 50.40405278702214], [127.74478596961328, 50.404055823497906]], [[127.74775453646272, 50.40354818893344], [127.7478810020143, 50.40408917982923], [127.74731826841655, 50.40408312116473], [127.74733249107129, 50.403543644766515], [127.74775453646272, 50.40354818893344]], [[127.74214869526064, 50.40267826108898], [127.74226319484949, 50.40366882049171], [127.74184114927411, 50.4036642563964], [127.74157883593536, 50.40294191247341], [127.74172665850061, 50.40267369664282], [127.74214869526064, 50.40267826108898]], [[127.74162863811834, 50.39574738222231], [127.74106124139391, 50.39592111932361], [127.74107076780612, 50.39556146875201], [127.74149750285105, 50.39538620979057], [127.74162863811834, 50.39574738222231]], [[127.743635884389, 50.39433006556748], [127.74391481694038, 50.394423016485185], [127.74363350775971, 50.39441997832021], [127.743635884389, 50.39433006556748]], [[127.72923749455023, 50.39084592675693], [127.72854149319025, 50.39056850487443], [127.72855111249739, 50.390208855707684], [127.72799576492785, 50.38993296793389], [127.72814602754487, 50.389574856760035], [127.72772410938525, 50.38957024238126], [127.7275906897009, 50.38929896709583], [127.72774576569599, 50.38876103183974], [127.7274644917687, 50.388757954825174], [127.72746930521095, 50.388578130263625], [127.72775298424614, 50.3884912949659], [127.72747652528264, 50.38830839341021], [127.72721691840142, 50.38749610521219], [127.72751021749538, 50.38704962125131], [127.72695250509209, 50.38686364097481], [127.72697657987763, 50.38596451799218], [127.72725783722814, 50.385967596063765], [127.72740568572702, 50.38569939787698], [127.72727227832324, 50.385428122144475], [127.72797541394051, 50.38543581420246], [127.72851387783703, 50.386341088398], [127.72879513758257, 50.38634416276924], [127.72892374859357, 50.38679526152183], [127.72934083628401, 50.38697969611481], [127.72988414740445, 50.387705139321994], [127.72986252829716, 50.38851435068211], [127.73014380104486, 50.38851742188782], [127.73013899772779, 50.38869724663773], [127.72985772391685, 50.388694175412525], [127.72985291948771, 50.388874000137], [127.73053689919273, 50.389600976007465], [127.73052729511396, 50.38996062548874], [127.73009336378114, 50.39040558146635], [127.73079897434256, 50.39032334464703], [127.73107305775041, 50.39059615080383], [127.73106345738834, 50.39095580029789], [127.73077736879765, 50.39113255592765], [127.7304984817065, 50.391039573790415], [127.73036984497593, 50.39058847690399], [127.72923749455023, 50.39084592675693]], [[127.74213124335027, 50.38738854041041], [127.74198585133712, 50.387566845015506], [127.7411444270171, 50.387467802607276], [127.74129220231708, 50.38719958628954], [127.74213124335027, 50.38738854041041]], [[127.7298323914419, 50.38437684461434], [127.72927470091089, 50.38419087555649], [127.72983719518223, 50.38419701975153], [127.7298323914419, 50.38437684461434]], [[127.72860043346274, 50.383104242713934], [127.7291533024763, 50.38347003976734], [127.72845260001391, 50.38337244264803], [127.72860043346274, 50.383104242713934]], [[127.7281905969856, 50.382650068430166], [127.72832881134046, 50.382741518414264], [127.72818819214031, 50.38273998082896], [127.7281905969856, 50.382650068430166]], [[127.73142723428674, 50.382595477269554], [127.73128421636238, 50.382683855940485], [127.73128661534962, 50.382593943432965], [127.73142723428674, 50.382595477269554]], [[127.73128661534962, 50.382593943432965], [127.73114839566546, 50.382502496922264], [127.73128901432469, 50.382504030923954], [127.73128661534962, 50.382593943432965]], [[127.74029577963896, 50.382332115063356], [127.74043163494449, 50.382513463659656], [127.74029101576163, 50.38251194070975], [127.74029577963896, 50.382332115063356]], [[127.73905167069253, 50.38150918586302], [127.73964273225191, 50.38043632867612], [127.73937580724181, 50.3798938038314], [127.73909696847753, 50.37980084250113], [127.73910888822063, 50.37935127836975], [127.73981908492958, 50.37908915965202], [127.73992872320105, 50.38025955019762], [127.74061035529985, 50.38107638094813], [127.74044592483688, 50.381973986673735], [127.74002168969191, 50.38205933022132], [127.73975236868232, 50.38160671911282], [127.73905167069253, 50.38150918586302]], [[127.7346877911083, 50.38164166964041], [127.73412053891413, 50.3818153743643], [127.73413011304609, 50.381455723877046], [127.73469736089173, 50.38128201906362], [127.7346877911083, 50.38164166964041]], [[127.72978784348678, 50.38077881062385], [127.73021688652403, 50.380513679436405], [127.72990924543055, 50.38149964609838], [127.72934438048505, 50.38158341494547], [127.7299260555752, 50.380870258720876], [127.72978784348678, 50.38077881062385]], [[127.71994492965946, 50.38067089572107], [127.71994977015136, 50.38049107143457], [127.72023099436413, 50.38049416625373], [127.71995945098757, 50.38013142284377], [127.71939700696045, 50.380125231244776], [127.71940669185078, 50.379765582708885], [127.71884425227124, 50.37975938846957], [127.7185751463615, 50.37930672977454], [127.71773634410344, 50.37911760725231], [127.71775088968074, 50.37857813469575], [127.71747452655885, 50.37839520978784], [127.71749149938535, 50.377765825119184], [127.71807815031752, 50.37687290444481], [127.71835935293342, 50.376876003628745], [127.7186647789654, 50.37597998051003], [127.7189483981051, 50.37589316605603], [127.71881748755418, 50.37553196856646], [127.71909868232457, 50.375535065903776], [127.71968769516742, 50.37455222412308], [127.72038824904911, 50.374649873076336], [127.7213361562691, 50.376009381469174], [127.72161735413805, 50.37601247273885], [127.72187680606498, 50.37682477381267], [127.72159318655189, 50.37691159539311], [127.72158110229843, 50.377361156664655], [127.72186230818527, 50.377364247401836], [127.7218333111002, 50.378443194420115], [127.7221145234116, 50.378446284595306], [127.72205170414469, 50.38078400265782], [127.72176081065383, 50.38114056103215], [127.72133655069929, 50.38122583623612], [127.72092438151739, 50.38086154903233], [127.7205025418441, 50.38085690903882], [127.72050738025965, 50.38067708471895], [127.71994492965946, 50.38067089572107]], [[127.72883960083072, 50.37941936968639], [127.72954505004631, 50.37933713911462], [127.72953784400285, 50.379606876602665], [127.72897300098086, 50.37969064383649], [127.72882277717449, 50.380048756956725], [127.72909438808163, 50.38041148018029], [127.72866774356167, 50.38058669474375], [127.72840575182786, 50.379864320761946], [127.72883960083072, 50.37941936968639]], [[127.72898982243555, 50.37906125649054], [127.72884681078597, 50.37914963226259], [127.72884921407997, 50.37905971978504], [127.72898982243555, 50.37906125649054]], [[127.72856799740546, 50.379056645864246], [127.72830361093446, 50.37842418401595], [127.7290114491413, 50.37825204408197], [127.72902106069314, 50.3778923940841], [127.72930227053384, 50.37789546685852], [127.7292926611072, 50.37825511689541], [127.72900904622281, 50.37834195657773], [127.72928785632065, 50.378434941904956], [127.72913283355382, 50.37897288053732], [127.72856799740546, 50.379056645864246]], [[127.72917127590136, 50.3775342805152], [127.72902826922886, 50.377622656570146], [127.72903067204967, 50.377532744062535], [127.72917127590136, 50.3775342805152]], [[127.72917608097511, 50.37735445548577], [127.72861126417347, 50.377438221190545], [127.72875907766935, 50.37717002064119], [127.72917608097511, 50.37735445548577]], [[127.73395181411075, 50.37758641880233], [127.73409002513115, 50.37767786199056], [127.73394942058748, 50.37767633148031], [127.73395181411075, 50.37758641880233]], [[127.72835650181044, 50.37644610933617], [127.7284922949275, 50.376627471590176], [127.72835169379323, 50.376625934336694], [127.72835650181044, 50.37644610933617]], [[127.73847500658972, 50.37673618228015], [127.73862276243435, 50.37646796873234], [127.73903979852899, 50.376652368469635], [127.73903741470222, 50.37674228133844], [127.73847500658972, 50.37673618228015]], [[127.72796355671446, 50.375362546633724], [127.72810174970621, 50.37545399683763], [127.72796115206162, 50.375452459137854], [127.72796355671446, 50.375362546633724]], [[127.7276991979392, 50.374730083232144], [127.72797557979523, 50.37491298409084], [127.7279683659834, 50.375182721621], [127.72741319571362, 50.3749068317098], [127.7276991979392, 50.374730083232144]], [[127.72323393762721, 50.37342200447431], [127.72325083126631, 50.37279261784986], [127.7221381926359, 50.37233070333392], [127.72256961527873, 50.371975687368], [127.72287492903276, 50.37107965161647], [127.72188842250445, 50.371158752960035], [127.72163866415671, 50.36998680191114], [127.72122900532017, 50.369532603447], [127.72123625589195, 50.369262866360565], [127.72165799288778, 50.36926750292588], [127.72152949526257, 50.36881639568455], [127.72265411707268, 50.36882875354728], [127.72250629608463, 50.36909694665003], [127.72277779755566, 50.36945968445938], [127.72430488583737, 50.370195956984176], [127.72426630635059, 50.37163455611216], [127.72480936864255, 50.3723600229981], [127.72504716656947, 50.37398152959154], [127.72419154967231, 50.37442184084319], [127.72406301494475, 50.373970736507225], [127.72350546875737, 50.37378474054845], [127.72365571182044, 50.37342663407128], [127.72323393762721, 50.37342200447431]], [[127.72259134574622, 50.371166475987486], [127.72258651683929, 50.37134630074908], [127.7223077614343, 50.371253299657894], [127.72231017641272, 50.37116338728615], [127.72259134574622, 50.371166475987486]], [[127.73175261601281, 50.359844498676615], [127.73119760079707, 50.35956862729497], [127.73175980445534, 50.359574760035855], [127.73175261601281, 50.359844498676615]], [[127.73032408820055, 50.355421896762785], [127.7300406120017, 50.35550874033073], [127.73004301102645, 50.355418827444154], [127.73032408820055, 50.355421896762785]], [[127.73004301102645, 50.355418827444154], [127.72990487173556, 50.35532737964696], [127.73004541003904, 50.35532891455608], [127.73004301102645, 50.355418827444154]], [[127.72990487173556, 50.35532737964696], [127.72976913249411, 50.35514601880697], [127.7299096702548, 50.35514755387614], [127.72990487173556, 50.35532737964696]], [[127.72991686794225, 50.354877815208795], [127.72991206949614, 50.3550576409885], [127.72949285707168, 50.35496312241174], [127.72949525708455, 50.35487320953577], [127.72991686794225, 50.354877815208795]], [[127.73620554634759, 50.35098901146179], [127.73635323234913, 50.35072079913066], [127.73677242164013, 50.35081529286456], [127.7364865980386, 50.350992065693845], [127.73620554634759, 50.35098901146179]], [[127.73428360731161, 50.349259263611636], [127.73386921928703, 50.348984934782536], [127.73429316916236, 50.348899611077805], [127.73428360731161, 50.349259263611636]], [[127.73331732842858, 50.34331275434344], [127.73331254479002, 50.343492580719236], [127.73303153770294, 50.343489519145045], [127.73303393005857, 50.34339960596758], [127.73331732842858, 50.34331275434344]], [[127.71971005481574, 50.33713778486376], [127.71945084368313, 50.33632547543971], [127.71987228871522, 50.336330116294285], [127.72080736369793, 50.33813919597465], [127.72010734474077, 50.33804155300735], [127.71998619007854, 50.33732070398309], [127.71971005481574, 50.33713778486376]], [[127.72694925935511, 50.33442915108649], [127.72708493019911, 50.334610515325835], [127.72694445318581, 50.33460897729495], [127.72694925935511, 50.33442915108649]], [[127.71719584274425, 50.331353946019334], [127.71718857903987, 50.33162368444774], [127.71677202015383, 50.33143920859222], [127.7164886634105, 50.33152602037016], [127.71648139565815, 50.33179575871588], [127.71591952319892, 50.33178955458758], [127.71635304170876, 50.331344644045934], [127.71719584274425, 50.331353946019334]], [[127.72282416998219, 50.33105615106024], [127.72296222598445, 50.33114760700813], [127.72282175940654, 50.3311460640734], [127.72282416998219, 50.33105615106024]], [[127.71946264975949, 50.330659418254804], [127.71960069809839, 50.33075087814273], [127.71946023287428, 50.33074933115622], [127.71946264975949, 50.330659418254804]], [[127.7172224753807, 50.33036490500102], [127.71749856220167, 50.33054782986623], [127.71721521208185, 50.33063464347836], [127.7172224753807, 50.33036490500102]], [[127.71484914309515, 50.32979905797589], [127.71373272902002, 50.329516893438445], [127.71402093272003, 50.32925026283299], [127.71374243929557, 50.32915724255357], [127.71374972187287, 50.32888750437434], [127.71417110017475, 50.328892165394706], [127.71416139322598, 50.329251816356525], [127.71568706842781, 50.329988196205925], [127.71639180503121, 50.32990603934129], [127.71666304176654, 50.330268791771346], [127.71554175722027, 50.330166470055744], [127.71525598112032, 50.3303431916543], [127.71484914309515, 50.32979905797589]], [[127.72607653806074, 50.33028237733], [127.72565514550537, 50.330277759359795], [127.72566717115663, 50.32982819371609], [127.72622902262295, 50.32983435057274], [127.72607653806074, 50.33028237733]], [[127.71751308543584, 50.3300083528303], [127.7172321596071, 50.33000525367715], [127.71709653928046, 50.32982387818512], [127.71752034688708, 50.32973861429233], [127.71751308543584, 50.3300083528303]], [[127.71723942264788, 50.32973551516868], [127.71710138180063, 50.32964405251819], [127.71724184363688, 50.329645602329535], [127.71723942264788, 50.32973551516868]], [[127.72371273645386, 50.3293570580053], [127.72482920767756, 50.32963912713285], [127.72454346881004, 50.32981587186033], [127.72370791893428, 50.32953688414516], [127.72371273645386, 50.3293570580053]], [[127.71836795762654, 50.329568081833735], [127.71794415300245, 50.329653348841866], [127.7178109508191, 50.32938206129341], [127.71837521412502, 50.329298343185066], [127.71836795762654, 50.329568081833735]], [[127.72188432778495, 50.329426911928365], [127.72201996534136, 50.3296082819769], [127.721879503353, 50.32960673793795], [127.72188432778495, 50.329426911928365]], [[127.72162753162813, 50.32852469332217], [127.72162029373966, 50.32879443234944], [127.72091075405285, 50.329056447074855], [127.72035615807415, 50.328780525709185], [127.720506276514, 50.32842241968752], [127.72162753162813, 50.32852469332217]], [[127.71122145439136, 50.32885950619269], [127.71137164153508, 50.32850141249822], [127.71178815367136, 50.3286859074383], [127.71164283202741, 50.328864176372896], [127.71122145439136, 50.32885950619269]], [[127.71572584999235, 50.3285495915391], [127.71529720077547, 50.328814674535174], [127.71530447446307, 50.328544936175525], [127.71572584999235, 50.3285495915391]], [[127.72177281508098, 50.328346411606205], [127.7224726955368, 50.328444043652794], [127.7221869552836, 50.32862078261223], [127.7217655780607, 50.328616150657055], [127.72177281508098, 50.328346411606205]], [[127.7224726955368, 50.328444043652794], [127.72261074337958, 50.32853549999589], [127.72247028452124, 50.32853395669423], [127.7224726955368, 50.328444043652794]], [[127.71095756536445, 50.3282270034453], [127.7108244069522, 50.32795570816189], [127.71138623308084, 50.32796193656747], [127.71137650543302, 50.328321587193905], [127.71095756536445, 50.3282270034453]], [[127.72388932367099, 50.328009903512985], [127.72387969037602, 50.328369555895286], [127.7233202660966, 50.32827347474285], [127.72332749422827, 50.32800373551262], [127.72388932367099, 50.328009903512985]], [[127.7150381077268, 50.32800235505145], [127.71490492659507, 50.32773106425929], [127.71532871928856, 50.32764580821365], [127.71532144597012, 50.32791554661779], [127.7150381077268, 50.32800235505145]], [[127.71911619695011, 50.327867476069265], [127.71912103151261, 50.327687650199515], [127.71996135309215, 50.32778684459121], [127.71995652168384, 50.327966670516915], [127.71911619695011, 50.327867476069265]], [[127.72080892056874, 50.32761629395044], [127.72094696281191, 50.327707752239476], [127.72080650648458, 50.32770620694644], [127.72080892056874, 50.32761629395044]], [[127.70747296836993, 50.327198980519825], [127.70746808993479, 50.32737880558273], [127.70718718071674, 50.327375682279886], [127.7071920602114, 50.3271958572368], [127.70747296836993, 50.327198980519825]], [[127.72658204824522, 50.327140032464094], [127.7262891198107, 50.327586521310145], [127.72573210440012, 50.32740053859992], [127.72588217801936, 50.327042425215446], [127.72658204824522, 50.327140032464094]], [[127.72418709255273, 50.32738359470088], [127.72432514068896, 50.32747504902629], [127.72418468486265, 50.32747350781885], [127.72418709255273, 50.32738359470088]], [[127.71029178820858, 50.326870525494996], [127.71004496189451, 50.32560863209926], [127.71103054137826, 50.325529623568464], [127.71132846256934, 50.32490334860523], [127.71215170648297, 50.325631987965565], [127.7113114401394, 50.32553273750449], [127.71116612656046, 50.325711005997825], [127.71144216322354, 50.32589394500475], [127.71228729624178, 50.32581336911903], [127.71228000618056, 50.32608310728679], [127.71158018234968, 50.325985414266405], [127.71128955326942, 50.32634195169667], [127.71072288025792, 50.32651554828853], [127.71071801420493, 50.32669537360278], [127.71127496146735, 50.326881427758025], [127.71112477893323, 50.32723952145886], [127.70986312441178, 50.327135588414706], [127.7098679937668, 50.3269557631746], [127.71029178820858, 50.326870525494996]], [[127.719411610744, 50.32733109289028], [127.71928082333304, 50.32696989395038], [127.71998067823496, 50.32706754082914], [127.71983297621637, 50.32733573329028], [127.719411610744, 50.32733109289028]], [[127.71184163689404, 50.32670782850373], [127.71352950014322, 50.326636577746385], [127.713517361344, 50.32708614150714], [127.71267949574322, 50.32689698800226], [127.71239129907879, 50.32716361543948], [127.7119699363566, 50.32715894808505], [127.71169389040499, 50.326976010298765], [127.71184163689404, 50.32670782850373]], [[127.72419431554958, 50.32711385533814], [127.72433236292783, 50.327205309653316], [127.72419190789618, 50.32720376846055], [127.72419431554958, 50.32711385533814]], [[127.71493160335842, 50.326742023508764], [127.71492675314859, 50.32692184911311], [127.71464584580049, 50.32691874384888], [127.71465069706984, 50.32673891826422], [127.71493160335842, 50.326742023508764]], [[127.70622353135815, 50.32664544544666], [127.70608552074684, 50.32655396990017], [127.70622597286669, 50.326555532948696], [127.70622353135815, 50.32664544544666]], [[127.70622597286669, 50.326555532948696], [127.70636886623026, 50.326467183323196], [127.70636642499895, 50.32655709582761], [127.70622597286669, 50.326555532948696]], [[127.71746218248856, 50.326680027285995], [127.71717885543859, 50.32676684104056], [127.71704566539447, 50.32649555257782], [127.71746944337093, 50.32641028859816], [127.71746218248856, 50.326680027285995]], [[127.70945637504086, 50.326591436251924], [127.70889943841188, 50.3264053734558], [127.70946611658333, 50.326231785789524], [127.70945637504086, 50.326591436251924]], [[127.72168301844532, 50.32645669366995], [127.72198804122804, 50.325560651287624], [127.72268788133252, 50.325658281777805], [127.72270475358984, 50.32502889009029], [127.72313091819312, 50.324853692165576], [127.72340940536286, 50.32494668997106], [127.72353540140949, 50.32548771083805], [127.72409479353625, 50.325583790756234], [127.72380907657679, 50.32576053396303], [127.72435884352954, 50.326216265171624], [127.72309477490776, 50.32620238881467], [127.7230803168232, 50.326741867380925], [127.72265895606827, 50.32673723878746], [127.72168301844532, 50.32645669366995]], [[127.70735446901364, 50.32638820615117], [127.70749248161529, 50.32647968020885], [127.7073520296488, 50.32647811869178], [127.70735446901364, 50.32638820615117]], [[127.72576576998642, 50.32614175404032], [127.72577538828601, 50.32578210125566], [127.72605869416876, 50.32569526637406], [127.72578500639037, 50.32542244844729], [127.72607552192976, 50.325065873865114], [127.72649686846674, 50.32507048996792], [127.72660848209394, 50.326150987106274], [127.72701782708263, 50.32660516751665], [127.72645361017628, 50.32668892796501], [127.72576576998642, 50.32614175404032]], [[127.72044067668843, 50.3256335711053], [127.72071674892625, 50.32581648835979], [127.72070709243681, 50.32617614043381], [127.72098558245001, 50.3262691440474], [127.72084030254778, 50.326447424867766], [127.72028573707401, 50.32617150327823], [127.72015494603825, 50.325810305224934], [127.72044067668843, 50.3256335711053]], [[127.70765488266439, 50.32567202854831], [127.70822155648466, 50.32549844689489], [127.70821424349182, 50.325768184645916], [127.70862828257395, 50.326042603298674], [127.70820205492302, 50.3262177475346], [127.70778557831271, 50.32603323994201], [127.70765488266439, 50.32567202854831]], [[127.73025784350008, 50.326280839848124], [127.73025305120467, 50.32646066654063], [127.72997214489746, 50.32645759832113], [127.72997693825236, 50.32627777164808], [127.73025784350008, 50.326280839848124]], [[127.71384681230866, 50.32529099404219], [127.71468950545193, 50.32530031337344], [127.71481782839565, 50.32575143009548], [127.71509872888174, 50.325754534892425], [127.71508660526608, 50.32620409899839], [127.71424632234651, 50.3261048696358], [127.7142608801096, 50.32556539287264], [127.71355620441726, 50.32564753734219], [127.71384681230866, 50.32529099404219]], [[127.70414120114637, 50.325722857533016], [127.70427920560383, 50.325814335353265], [127.70413875577648, 50.32581276996991], [127.70414120114637, 50.325722857533016]], [[127.71512297519017, 50.32485540656926], [127.71611337683008, 50.32459652904204], [127.71666547794713, 50.32496238317716], [127.71793434905184, 50.324796503302025], [127.71776244660863, 50.32596382246025], [127.71734109360796, 50.32595917464864], [127.7172127461988, 50.32550806054159], [127.71637004854871, 50.32549875946877], [127.71624171151267, 50.32504764433414], [127.71497282815439, 50.32521350563221], [127.71469920705508, 50.324940662091414], [127.71484693017456, 50.324672476208086], [127.71512297519017, 50.32485540656926]], [[127.71428271592305, 50.32475617762779], [127.7142924204089, 50.324396526369306], [127.71401152801604, 50.32439341968491], [127.71401638124443, 50.32421359406647], [127.715001925869, 50.32413455157892], [127.71470405778281, 50.3247608364415], [127.71428271592305, 50.32475617762779]], [[127.70824836983911, 50.324509408360214], [127.7068536689135, 50.32413414490486], [127.70586567009516, 50.32430303073448], [127.70559943406238, 50.32376042860531], [127.70602809056759, 50.323495381204935], [127.70672054495932, 50.32386284500094], [127.70700387321992, 50.32377605670531], [127.70701119254659, 50.32350631899007], [127.70631141786026, 50.32340859458444], [127.70631629997293, 50.323228769480146], [127.70660206565519, 50.323052069571375], [127.7066191487785, 50.32242268156935], [127.70718578741307, 50.322249104602015], [127.70730915322588, 50.322880054421674], [127.70814448886294, 50.32315915867407], [127.7084131878826, 50.323611842604734], [127.70939142262863, 50.32380258555319], [127.70939872844913, 50.323532847585454], [127.70898227039844, 50.32334834434053], [127.70969422339036, 50.32299648933948], [127.70967961526087, 50.323535965374376], [127.71067001805005, 50.32327713417884], [127.71192428103869, 50.32365079601062], [127.71191455893829, 50.32401044698116], [127.71219544884275, 50.324013558714064], [127.7120501432898, 50.32419182841866], [127.71345217105782, 50.32429729149218], [127.71371364527727, 50.3250197018709], [127.71314942501427, 50.32510339773908], [127.71315428161792, 50.32492357220355], [127.71259734959258, 50.324737527108766], [127.71147134157593, 50.3248149925735], [127.71149322417412, 50.32400577810985], [127.71023652167584, 50.32372202428977], [127.70979814804045, 50.32434673801116], [127.7099166845987, 50.32515751044715], [127.70864046704615, 50.325593040320896], [127.70824836983911, 50.324509408360214]], [[127.70191850522744, 50.324798664757246], [127.70192340415669, 50.32461884000839], [127.70095253758045, 50.32415829730903], [127.70096479364426, 50.32370873554799], [127.70278076841211, 50.32408877119743], [127.70319720844971, 50.32427329649969], [127.70318986733689, 50.32454303377283], [127.70430854604533, 50.324735385953005], [127.70471766507309, 50.32518964325723], [127.70331073864098, 50.32526389964331], [127.70191850522744, 50.324798664757246]], [[127.72004589479944, 50.32463988993161], [127.72003864895579, 50.3249096289736], [127.71947444054209, 50.32499335563425], [127.71934124214891, 50.324722069658705], [127.71892231725487, 50.32462751467421], [127.71892956934444, 50.32435777573667], [127.7197674161261, 50.32454688412773], [127.72006038615578, 50.32410041180762], [127.72090788747073, 50.32392985983875], [127.72119842997539, 50.323573297562305], [127.72161976251667, 50.3235779312385], [127.72174573487464, 50.324118953988396], [127.72230510721477, 50.324215042390925], [127.72215019351316, 50.32475297737176], [127.72115258082006, 50.325281645686275], [127.7205956126956, 50.32509563865052], [127.7207457172185, 50.3247375319954], [127.72004589479944, 50.32463988993161]], [[127.72594949801696, 50.3245248555031], [127.72594228561763, 50.3247945951707], [127.7252376401854, 50.32487681069429], [127.7249735855848, 50.32424433809992], [127.72594949801696, 50.3245248555031]], [[127.7044587713976, 50.32437730123969], [127.70460410575348, 50.324199041251816], [127.7048849959606, 50.32420217065256], [127.70487766441912, 50.32447190810896], [127.7044587713976, 50.32437730123969]], [[127.71599231309108, 50.32387567494237], [127.71614971562433, 50.32324783569554], [127.71460241877058, 50.32332067833913], [127.71432881047633, 50.323047833938546], [127.71447652960539, 50.32277964841145], [127.7139147638873, 50.322773435397515], [127.7139390299683, 50.32187430702828], [127.7135201410881, 50.32177973280472], [127.71366543365231, 50.321601461092236], [127.7132416920547, 50.32168671154926], [127.71297538577925, 50.32114412554376], [127.71213762644388, 50.32095496875812], [127.71228778070349, 50.32059687316012], [127.71284952040946, 50.3206030938407], [127.71339912299233, 50.32105887601644], [127.71409887859105, 50.32115655764524], [127.71435792053585, 50.32196887975365], [127.71561944917379, 50.322072763142565], [127.71561217893797, 50.32234250183734], [127.7164475549505, 50.32262154675254], [127.71644271116915, 50.322801372591805], [127.71728294082821, 50.32290058572626], [127.71741128233808, 50.32335169990575], [127.71797547469893, 50.32326798311448], [127.71742580285463, 50.32281222221704], [127.71771152531855, 50.32263549465588], [127.72064630955278, 50.32320746472667], [127.72064148151344, 50.323387290842824], [127.7199320176262, 50.3236493004039], [127.71894649045741, 50.32372838483053], [127.71865593023821, 50.32408494133434], [127.71725147554774, 50.32406945390115], [127.7169633216546, 50.32433609312383], [127.71599231309108, 50.32387567494237]], [[127.7023765742506, 50.323454682390405], [127.70225572117295, 50.32273381547306], [127.70337680016465, 50.322836263890515], [127.70380790618668, 50.322481312199905], [127.70479098638647, 50.32249226859708], [127.70477876694278, 50.32294183113322], [127.70591206561346, 50.32259469256853], [127.70618318152285, 50.32295746896237], [127.70589253120363, 50.32331399291425], [127.70490454619217, 50.32348287070346], [127.70461632738953, 50.32374947884442], [127.70349522405921, 50.323647042210105], [127.70334499389432, 50.32400512568439], [127.70292366060083, 50.324000425762016], [127.70293834544552, 50.32346095120857], [127.7023765742506, 50.323454682390405]], [[127.71528281684516, 50.32413765585935], [127.71514479581568, 50.32404619095159], [127.71528524104505, 50.32404774300208], [127.71528281684516, 50.32413765585935]], [[127.71528524104505, 50.32404774300208], [127.71542811020952, 50.32395938201932], [127.71542568628675, 50.32404929488298], [127.71528524104505, 50.32404774300208]], [[127.71432153268447, 50.3233175724514], [127.71403579366546, 50.3234942915334], [127.71402608755348, 50.3238539428118], [127.71346673687741, 50.32375781472849], [127.71375733364539, 50.323401271455744], [127.71432153268447, 50.3233175724514]], [[127.7014081770134, 50.322904231150716], [127.70140082613163, 50.3231739682967], [127.70097950051036, 50.32316926138572], [127.70098685377548, 50.322899524284544], [127.7014081770134, 50.322904231150716]], [[127.71405035246404, 50.32295481457128], [127.71390505711011, 50.32313308670367], [127.71362174495167, 50.32321989195269], [127.71362902667892, 50.32295015350933], [127.71405035246404, 50.32295481457128]], [[127.6981804914116, 50.32277819390099], [127.69803513760951, 50.32295644574887], [127.6978946965518, 50.322954872887955], [127.69789961034293, 50.322775048368705], [127.6981804914116, 50.32277819390099]], [[127.69341045072314, 50.322544803391516], [127.69341538136197, 50.32236497918032], [127.69411757683322, 50.32237286877292], [127.69396974491457, 50.32264102756822], [127.69341045072314, 50.322544803391516]], [[127.7085853095473, 50.322444538500115], [127.70858043613153, 50.32262436378967], [127.70815911417377, 50.32261968293013], [127.70816642666217, 50.322349945038134], [127.7085853095473, 50.322444538500115]], [[127.70606471333497, 50.32214669294893], [127.70563851155441, 50.32232182809637], [127.70564339601783, 50.322142003006036], [127.70606471333497, 50.32214669294893]], [[127.69891706349252, 50.321527282473895], [127.69891215375755, 50.32170710710458], [127.69863127891948, 50.32170396338787], [127.69863618971362, 50.32152413877713], [127.69807444230536, 50.321517849348645], [127.69780339646964, 50.32115505449736], [127.69696815771619, 50.32087587658666], [127.69697553308428, 50.32060613980789], [127.69627582259757, 50.32050835543572], [127.69614522880556, 50.320147131559864], [127.6955933421729, 50.3197811813325], [127.69588158661473, 50.31951459558847], [127.69532232496323, 50.31941838081309], [127.69519174124979, 50.31905715587887], [127.69561549042129, 50.31897197124528], [127.69562287294596, 50.318702234522796], [127.69604415818628, 50.318706960541], [127.69659603603665, 50.319072908624975], [127.69785498911335, 50.31926689622973], [127.69813830562993, 50.319180129387185], [127.69786235904222, 50.31899715928089], [127.69814813000892, 50.31882048007321], [127.69883309105711, 50.31945772714508], [127.70009696875795, 50.31947186588076], [127.70037292673948, 50.31965483075545], [127.70022513859197, 50.31992299796421], [127.69952297750787, 50.31991514553001], [127.69896615810136, 50.31972903584027], [127.6989710672882, 50.319549211144235], [127.69826154428941, 50.319811088146146], [127.69950089485812, 50.3207243567414], [127.70172580402038, 50.32155868213387], [127.70171110644158, 50.32209815660585], [127.69946654206488, 50.32198312949775], [127.69947390358317, 50.32171339250304], [127.69891706349252, 50.321527282473895]], [[127.70369926284945, 50.32131088407076], [127.70413524239571, 50.320776105942876], [127.70539671513836, 50.32088009986978], [127.70524895121308, 50.321148273597586], [127.70440389014085, 50.32122879892567], [127.70439655664958, 50.321498536469484], [127.704674986926, 50.32159157877225], [127.70452232804907, 50.3220395765222], [127.70382502586232, 50.32185192483028], [127.70369926284945, 50.32131088407076]], [[127.71212304702809, 50.32149444550175], [127.71351528640622, 50.32195955846383], [127.7129486737166, 50.32213316649261], [127.71281309163697, 50.32195178605871], [127.71238691595526, 50.32212694615486], [127.71183001947767, 50.321940897568965], [127.71183974150254, 50.32158124648164], [127.71212304702809, 50.32149444550175]], [[127.70594380733796, 50.32142582930412], [127.70593648251048, 50.321695567002784], [127.70537473145798, 50.32168931282729], [127.70538205946299, 50.32141957518816], [127.70594380733796, 50.32142582930412]], [[127.70328284650793, 50.32112636065901], [127.70313262305467, 50.32148444405981], [127.70257821893115, 50.3212084390075], [127.70286398604584, 50.32103174824065], [127.70328284650793, 50.32112636065901]], [[127.709626823487, 50.320297549731976], [127.71102629901479, 50.32049295394635], [127.71115457510548, 50.320944074713104], [127.71031439345552, 50.32084481761507], [127.71002622090245, 50.32111143964014], [127.70948151997523, 50.320475816350935], [127.709626823487, 50.320297549731976]], [[127.7062539731898, 50.32035000429732], [127.70624665039703, 50.320619742079174], [127.70596822262422, 50.32052670354539], [127.70597310553282, 50.32034687837584], [127.7062539731898, 50.32035000429732]], [[127.70106283096011, 50.32011224012303], [127.70105302812402, 50.32047188977245], [127.70049374436547, 50.32037569972423], [127.70065133827406, 50.31974788258018], [127.70106283096011, 50.32011224012303]], [[127.70864135027374, 50.32037654724358], [127.70863647742675, 50.32055637260141], [127.70835560828982, 50.32055325242566], [127.70836048219593, 50.320373427087645], [127.70864135027374, 50.32037654724358]], [[127.68884522003849, 50.31997509055767], [127.68869984028724, 50.320153330612165], [127.68841897574825, 50.32015016229762], [127.68842392479975, 50.31997033837036], [127.68884522003849, 50.31997509055767]], [[127.71117159683723, 50.320314685353324], [127.71117889168002, 50.32004494703401], [127.71174062463672, 50.320051173022534], [127.71173576353873, 50.32023099860972], [127.71117159683723, 50.320314685353324]], [[127.69446496379179, 50.3199483950439], [127.69461032147645, 50.319770147601936], [127.69489118447011, 50.31977330094423], [127.69488379752438, 50.32004303753821], [127.69446496379179, 50.3199483950439]], [[127.68098603798249, 50.319706308022994], [127.6808555624974, 50.319345067849035], [127.681419768103, 50.31926152854224], [127.6812668990687, 50.31970949427142], [127.68098603798249, 50.319706308022994]], [[127.7040241490593, 50.31969559027931], [127.7037359486757, 50.31996219654602], [127.70360285374774, 50.31969089310748], [127.7040241490593, 50.31969559027931]], [[127.70711365142058, 50.31972998957414], [127.70654460232845, 50.31999347910424], [127.70528559297867, 50.31979958520909], [127.70471897689002, 50.31997315315693], [127.70472875189192, 50.31961350295487], [127.70528803566388, 50.31970967263798], [127.7052929209971, 50.31952984749131], [127.70628082247622, 50.31936096564951], [127.70643589625593, 50.318823052569826], [127.70727603373771, 50.31892233739688], [127.70684498599988, 50.31927730260638], [127.70711365142058, 50.31972998957414]], [[127.70727603373771, 50.31892233739688], [127.70757152291053, 50.318385984093574], [127.70701468910686, 50.31819991280278], [127.70644321751126, 50.31855331468402], [127.70503404643104, 50.31871750614092], [127.70487651381144, 50.31934532980483], [127.70445522145373, 50.31934063574484], [127.70461764730403, 50.318532987564176], [127.70504137559173, 50.31844776839947], [127.70547975553706, 50.31782307205622], [127.70659828666335, 50.31801540128024], [127.70702688540894, 50.317750349501274], [127.7085740109419, 50.31767760631918], [127.70926640155324, 50.31804505481408], [127.70896849791981, 50.318671325337796], [127.70924205062818, 50.318944182127595], [127.71008706359675, 50.31886362122671], [127.71035332460349, 50.31940621370791], [127.70978916539086, 50.31948989381042], [127.7095180411075, 50.319127125555035], [127.70923718029489, 50.319124007572505], [127.70880370914769, 50.31956889283898], [127.70852284581105, 50.31956577311128], [127.70797574480561, 50.31902005558031], [127.70727603373771, 50.31892233739688]], [[127.69167360483692, 50.31928743611325], [127.69138533845127, 50.3195540112616], [127.69082361588349, 50.31954768698203], [127.69097639477384, 50.319099707972995], [127.69139768274715, 50.31910445085309], [127.69167360483692, 50.31928743611325]], [[127.6928069091413, 50.31894042515765], [127.69337109008723, 50.31885682764193], [127.69378498339132, 50.31913129834764], [127.69448713132768, 50.319139185343516], [127.69448220529608, 50.31931900973178], [127.69194952904473, 50.31947042072932], [127.6919569324452, 50.31920068442405], [127.69265908089211, 50.31920858246668], [127.6928069091413, 50.31894042515765]], [[127.70054032595039, 50.31866736402801], [127.70083833990567, 50.31804111595668], [127.70238548278365, 50.317968455284074], [127.70277739526901, 50.31905210677191], [127.70179683600966, 50.31895122143236], [127.70150617807745, 50.31930773459381], [127.70066849797017, 50.319118495699485], [127.70054032595039, 50.31866736402801]], [[127.68017582537377, 50.31852789336475], [127.68002792768239, 50.318796034082474], [127.67960913539066, 50.31870133836301], [127.67975952584393, 50.318343286513], [127.68017582537377, 50.31852789336475]], [[127.67638679771933, 50.31839487538048], [127.67766560384696, 50.317869788250654], [127.67836523536229, 50.317967684075015], [127.67751769420629, 50.318137925709635], [127.67736479239734, 50.31858588613258], [127.67637930642296, 50.31866461003776], [127.67638679771933, 50.31839487538048]], [[127.69522128035486, 50.31797820910653], [127.69507593053304, 50.31815645742623], [127.69548736670767, 50.31852083436518], [127.69477537795485, 50.31887260233134], [127.69435655468762, 50.318777959509106], [127.6946472624609, 50.31842146458146], [127.69451914931444, 50.317970326674896], [127.69522128035486, 50.31797820910653]], [[127.67527838182971, 50.31784261029614], [127.67583508464776, 50.31802883260098], [127.67582259404921, 50.318478390283964], [127.67470668224057, 50.318195854360866], [127.67471168267761, 50.318016031364444], [127.67527838182971, 50.31784261029614]], [[127.68454147737133, 50.31812767424869], [127.68299927583024, 50.31802027358869], [127.68285388045662, 50.318198506266704], [127.68272587975545, 50.31774735622553], [127.68287127419617, 50.31756912368705], [127.68413509377338, 50.317583435534594], [127.68482729182236, 50.317951028106386], [127.68539147428207, 50.317867469320795], [127.68496523654314, 50.31804252850754], [127.68523120601813, 50.318585176325556], [127.68453155057195, 50.31848732165242], [127.68454147737133, 50.31812767424869]], [[127.67907234576934, 50.3177958407323], [127.67934821249366, 50.31797885485595], [127.67906736182148, 50.317975664052035], [127.67907234576934, 50.3177958407323]], [[127.70421836338947, 50.31771907959775], [127.70421102976098, 50.31798881728547], [127.70364443150973, 50.31816238018435], [127.70309006266136, 50.31788637769293], [127.7032378282255, 50.317618206577464], [127.70421836338947, 50.31771907959775]], [[127.69045173645785, 50.31774470083727], [127.69044679544665, 50.31792452497949], [127.69016841488536, 50.317831448925276], [127.69017088591416, 50.31774153686345], [127.69045173645785, 50.31774470083727]], [[127.69690639612557, 50.317997109647465], [127.69593817264355, 50.3174466136828], [127.6959307922317, 50.31771635049767], [127.69523358778441, 50.31752864788822], [127.69566470512966, 50.317173726176115], [127.69567946856826, 50.31663425253949], [127.69623869840862, 50.316730465394656], [127.69622886035177, 50.31709011456571], [127.69594555294303, 50.317176876854546], [127.69692852068302, 50.31718789888809], [127.69706157074975, 50.317459209734245], [127.69748775963353, 50.31728410579531], [127.69750250249865, 50.31674463177797], [127.69819724891282, 50.31702223314684], [127.69833030578472, 50.31729354260068], [127.69847809611632, 50.31702537770138], [127.69918266830433, 50.31694332372369], [127.69917285238449, 50.31730297330208], [127.69874912422327, 50.3173881710903], [127.69873685001004, 50.31783773294766], [127.69690639612557, 50.317997109647465]], [[127.67542630306636, 50.31757447576487], [127.67570465266665, 50.31766758688697], [127.6754238042412, 50.31766438729667], [127.67542630306636, 50.31757447576487]], [[127.69370862900179, 50.31679200363213], [127.69259511355652, 50.31641972663805], [127.69244729220779, 50.31668788384303], [127.69327257048678, 50.31732674239019], [127.69312228457935, 50.31768481259347], [127.69270100886284, 50.31768007605814], [127.69257784890941, 50.317049111792414], [127.69146680501639, 50.31658691187874], [127.69147174194553, 50.31640708762168], [127.69245469206133, 50.316418147354426], [127.69274539924267, 50.31606165703978], [127.69316666066436, 50.31606639330462], [127.693585457761, 50.3161610402539], [127.69413236050546, 50.31670682423663], [127.69370862900179, 50.31679200363213]], [[127.69413728740051, 50.316526999792195], [127.69556857497386, 50.315553729602144], [127.69641354895596, 50.31547326775961], [127.69614992787567, 50.31484073207118], [127.6969998040509, 50.3145804411782], [127.69672388818218, 50.31439746846745], [127.6968741362886, 50.314039393120474], [127.69602918848577, 50.31411985853311], [127.69588139375236, 50.31438802041341], [127.69589369339056, 50.313938458797956], [127.69518423794362, 50.31420031778105], [127.69519408287283, 50.31384066857974], [127.69477037877033, 50.313925852098485], [127.69477530277302, 50.3137460275219], [127.69562516663346, 50.31348574653767], [127.69591337216262, 50.31321916013597], [127.69592813071746, 50.312679686077075], [127.6962138704465, 50.31250301119853], [127.6967755112174, 50.312509308803484], [127.69689625828902, 50.313230181817715], [127.6966129751396, 50.31331694597637], [127.69689134237622, 50.31341000656207], [127.69688151040098, 50.31376965603293], [127.69744316624256, 50.31377595052695], [127.69731995253112, 50.31314499046328], [127.69802446909573, 50.31306294302348], [127.6995567363381, 50.31352979333568], [127.69954201839853, 50.31406926809282], [127.69981794333515, 50.31425223419361], [127.70052002109304, 50.314260084210765], [127.70079350021726, 50.31453296051497], [127.7012245490316, 50.314178017476884], [127.70164089706422, 50.31436254794832], [127.70135026660115, 50.31471906120224], [127.70148578474576, 50.31490045473053], [127.70063592671315, 50.3151607785508], [127.70076163997132, 50.31570182279158], [127.70118534962387, 50.315616617500304], [127.70133801807862, 50.31516862373072], [127.70161885471187, 50.3151717606159], [127.70177396647236, 50.314633853675964], [127.70219032061763, 50.31481838221252], [127.70189724271178, 50.31526480934406], [127.70230870694361, 50.315629162527316], [127.70272996614351, 50.31563386411494], [127.70245402199986, 50.315450904821056], [127.70302303862343, 50.3151874348692], [127.70303037824517, 50.31491769717753], [127.7024760503942, 50.31464169192498], [127.70248828795637, 50.31419212915297], [127.7027691189652, 50.31419526321608], [127.70331855151021, 50.314651092229], [127.70330632157834, 50.315100655113], [127.70372757627432, 50.31510535305075], [127.70357737597863, 50.31546343756127], [127.70413660878086, 50.31555961245851], [127.70412194161014, 50.316099088004606], [127.70468362650769, 50.31610534773194], [127.70469584388674, 50.31565578468127], [127.70511710371945, 50.315660477622075], [127.70539550154241, 50.31575351803945], [127.70524775404535, 50.31602169211946], [127.70551638645263, 50.31647438276937], [127.70622582039736, 50.31621246065456], [127.70664464558432, 50.31630706076319], [127.70649690331179, 50.31657523644659], [127.70579478979738, 50.31656742226028], [127.70563971661402, 50.31710533469005], [127.70788163103133, 50.317310153759514], [127.7070366422278, 50.31739069883336], [127.70674847273676, 50.31765731290814], [127.7050633624044, 50.317638555094945], [127.70493270927729, 50.317277340465395], [127.7052135587328, 50.31728046876259], [127.70536131045644, 50.31701229481436], [127.70495225398895, 50.31655803964149], [127.70467140881861, 50.316554910745495], [127.70478739773678, 50.31745560124366], [127.7042256969063, 50.31744934189665], [127.7035406915179, 50.31681212605054], [127.70370067806725, 50.316094391428855], [127.70314388632956, 50.31590830184763], [127.70285081041642, 50.31635473131839], [127.7021535977545, 50.316167070112094], [127.70214380451891, 50.316526720162194], [127.70172008839266, 50.31661192888469], [127.70173723207044, 50.315982541396245], [127.70117554927468, 50.31597626744676], [127.70059915942795, 50.316509465540136], [127.70142209527107, 50.31723817952538], [127.70141229614453, 50.317597829404725], [127.70056484077013, 50.31776823976203], [127.70043422149607, 50.31740702034494], [127.70085794692864, 50.31732181639294], [127.70100572318906, 50.31705364817255], [127.7001680845874, 50.31686440592118], [127.70016318038343, 50.31704423078609], [127.69988233288109, 50.31704109030084], [127.70003256604313, 50.316683010912435], [127.69918757618953, 50.31676349892558], [127.6987736717155, 50.3164890472642], [127.69807156161721, 50.31648118645139], [127.69779563072011, 50.31629821622621], [127.69794096463617, 50.31611996432787], [127.69752215895396, 50.316025333004994], [127.69867007254442, 50.31513878949786], [127.69867498204913, 50.31495896468023], [127.69811822356772, 50.31477285124639], [127.69798763066883, 50.31441162910475], [127.69699734617835, 50.31467035353383], [127.69698997248584, 50.31494009059179], [127.69741368182429, 50.31485489903655], [127.69712793222313, 50.31503157671964], [127.69725852019842, 50.315392799752075], [127.69639387615797, 50.31619256628433], [127.69555627156518, 50.31600329103388], [127.69455362786125, 50.31671155552015], [127.69413728740051, 50.316526999792195]], [[127.69928572343478, 50.313167001715726], [127.69956654804886, 50.31317014346788], [127.69956164221838, 50.31334996840475], [127.69928081654564, 50.31334682663267], [127.69928572343478, 50.313167001715726]], [[127.70788163103133, 50.317310153759514], [127.70801961869226, 50.317401627137585], [127.70787919344595, 50.317400066459925], [127.70788163103133, 50.317310153759514]], [[127.6729111920461, 50.31709609180008], [127.67318703083097, 50.31727912034766], [127.67290618498015, 50.31727591469415], [127.6729111920461, 50.31709609180008]], [[127.68613078070527, 50.31652672798431], [127.68740447881292, 50.31618135625318], [127.68724424696325, 50.31689906651722], [127.68695844774048, 50.31707571875213], [127.68625633231018, 50.317067786527666], [127.68582514653792, 50.31742267281488], [127.68512550682503, 50.317324821820904], [127.68527337123598, 50.31705667429225], [127.68611838786718, 50.3169762876462], [127.68613078070527, 50.31652672798431]], [[127.6758600648941, 50.317129717123386], [127.67529587537001, 50.31721322959873], [127.67516794884165, 50.31676207174478], [127.67573213322208, 50.31667855984375], [127.6758600648941, 50.317129717123386]], [[127.70001294700984, 50.31740231032029], [127.69945370135072, 50.31730611551278], [127.6994561548199, 50.31721620311044], [127.69987988023098, 50.3171310027211], [127.70001294700984, 50.31740231032029]], [[127.70199113902818, 50.316974714912305], [127.70326473748901, 50.31662916864097], [127.70339293023501, 50.31708029761975], [127.7029618707635, 50.31743524844681], [127.70198134428644, 50.31733436488907], [127.70199113902818, 50.316974714912305]], [[127.67770052730343, 50.31661102557575], [127.67797388798036, 50.31688395453264], [127.67684551985481, 50.317050997357185], [127.67671258641128, 50.316779664270655], [127.67685800017439, 50.316601439377585], [127.67770052730343, 50.31661102557575]], [[127.68893673904586, 50.3166483462729], [127.69019559551246, 50.31684241616353], [127.69018818276463, 50.317112152389114], [127.68906232285734, 50.31718940202489], [127.68879137001889, 50.31682658662333], [127.68893673904586, 50.3166483462729]], [[127.6354317435972, 50.316212500762944], [127.63556701346606, 50.31639396907175], [127.63542659531002, 50.316392320917885], [127.6354317435972, 50.316212500762944]], [[127.68248728336152, 50.31621567304458], [127.68219649898062, 50.31657213708867], [127.68108059263626, 50.31628966231354], [127.68065186472035, 50.31655461746568], [127.67911221553146, 50.316357253960156], [127.67868098359918, 50.316712113423996], [127.67797887586015, 50.316704131258206], [127.67828215898575, 50.31589811973343], [127.67786090156525, 50.315893329553454], [127.67758754711357, 50.31562040033504], [127.67801378960132, 50.315445368170586], [127.67828714552836, 50.315718296406], [127.67871338637836, 50.315543261665944], [127.68039342639712, 50.315742224265804], [127.68039840494826, 50.31556240078061], [127.68067924155346, 50.31556558825946], [127.68068919638668, 50.31520594123075], [127.68152175167215, 50.31557514662709], [127.68181999448221, 50.314948948794424], [127.68154662249503, 50.31467602870743], [127.68112537531951, 50.31467125043816], [127.68114278970288, 50.31404186791199], [127.68086445026904, 50.31394876983691], [127.68101481564563, 50.31359071588524], [127.68129564070593, 50.3135939017854], [127.68157397894265, 50.31368699882397], [127.6814211302333, 50.314134965327646], [127.68169201172923, 50.31449779751289], [127.68280788005951, 50.31478026620444], [127.68296568657412, 50.31415247412567], [127.68366030916566, 50.314430161534375], [127.68393120944127, 50.31479298863002], [127.68266249408958, 50.314958498811976], [127.68250716600436, 50.31549637852123], [127.68292593621277, 50.315591063676486], [127.68333477314157, 50.316045394717484], [127.68459358976243, 50.316239524988696], [127.6845861454751, 50.31650926063742], [127.68260782236773, 50.31693655882954], [127.68247734173744, 50.31657532027055], [127.68289860596725, 50.316580093771776], [127.68304648046289, 50.316311949121925], [127.68248728336152, 50.31621567304458]], [[127.6726478753415, 50.31646350538379], [127.67278579215036, 50.31655502004174], [127.67264537137439, 50.316553416831816], [127.6726478753415, 50.31646350538379]], [[127.67321206035835, 50.31638000571607], [127.67320705455448, 50.31655982865429], [127.67292621293902, 50.31655662308214], [127.67293121980171, 50.316376800164264], [127.67321206035835, 50.31638000571607]], [[127.68910930882866, 50.315481073161735], [127.68827916972505, 50.31502200962047], [127.6882865927247, 50.314752273503274], [127.68899609353944, 50.31449045699988], [127.68914392717217, 50.314222304182294], [127.68942228474033, 50.31431538256687], [127.68913403646782, 50.314581952491864], [127.68925714500547, 50.31521292026387], [127.69024254029506, 50.31513408642413], [127.69051843520134, 50.315317074335304], [127.69080421072607, 50.31514041311143], [127.69065144361858, 50.315588392278954], [127.69009223892385, 50.315492152719166], [127.68966356773348, 50.31575714158691], [127.68965368041117, 50.31611678987575], [127.68880373758353, 50.316377026468736], [127.68865589513149, 50.31664517868945], [127.68823462935404, 50.31664042604267], [127.68810658151027, 50.31618928144415], [127.6875473751598, 50.31609302963736], [127.687554802582, 50.3158232936491], [127.6885377391224, 50.31583438640205], [127.68910930882866, 50.315481073161735]], [[127.68783811678362, 50.315736551845696], [127.6877001730727, 50.315645054827066], [127.68784059202395, 50.315646639835094], [127.68783811678362, 50.315736551845696]], [[127.68741933520786, 50.315641884302394], [127.68644631450032, 50.31527113426938], [127.68628359336549, 50.316078755183405], [127.68600275310503, 50.31607558121752], [127.68546091070695, 50.31534993585683], [127.68575166319803, 50.31499346332528], [127.68561620502528, 50.31481205192394], [127.68645870349677, 50.31482157441588], [127.68689729141101, 50.314196949410025], [127.68634554465075, 50.313830956004516], [127.68606223919481, 50.31391769426529], [127.6860696744467, 50.31364795833604], [127.68565835225903, 50.31328354865748], [127.68523711669147, 50.313278785379666], [127.68524207653851, 50.31309896146792], [127.68594909038423, 50.312927075398235], [127.68595652601508, 50.31265733943499], [127.68638518934934, 50.31239236404224], [127.68708475958559, 50.312490206992166], [127.68707733038184, 50.31275994308512], [127.68651321134737, 50.31284351061875], [127.68664371297345, 50.31320474503342], [127.68805525441697, 50.31295086351324], [127.68902824087226, 50.31332159995275], [127.68960224817853, 50.31287837177158], [127.69241046874725, 50.31290999252751], [127.69310759454227, 50.31309771160426], [127.6931026643625, 50.31327753608154], [127.69408801383648, 50.31319866925955], [127.69392789332983, 50.313916389953455], [127.69448216255437, 50.314192435552016], [127.69418409040964, 50.31481866727361], [127.69349432864239, 50.314361217782526], [127.69350911516797, 50.313821744349724], [127.69252621817154, 50.31381069394158], [127.69252128567426, 50.31399051835502], [127.69224292379914, 50.31389744735377], [127.69181181130976, 50.31425235660408], [127.6912476824283, 50.3143359470194], [127.69056289595393, 50.31369865606528], [127.6901416558918, 50.31369391052777], [127.68984600150647, 50.31423021864806], [127.68942475686823, 50.31422547047721], [127.68971300133492, 50.313958899785916], [127.68944453343994, 50.31350617370633], [127.68859216266894, 50.313856321305074], [127.68748370769298, 50.31330417189707], [127.6869220596409, 50.3132978293364], [127.68662637172712, 50.31383412904053], [127.68760184029715, 50.314114965412735], [127.6871682151789, 50.3145597691581], [127.68785049285961, 50.31528699177782], [127.6878430672517, 50.315556727823], [127.68741933520786, 50.315641884302394]], [[127.69681022261227, 50.31637711398578], [127.6969457279736, 50.31655851265874], [127.69680530582637, 50.31655693862612], [127.69681022261227, 50.31637711398578]], [[127.6744958471409, 50.3156751301284], [127.6745033483, 50.315405395536956], [127.6763262798557, 50.31551610612846], [127.676446723985, 50.31623699764002], [127.6744958471409, 50.3156751301284]], [[127.68502229317438, 50.31597455509231], [127.6851602326256, 50.31606605525081], [127.68501981258973, 50.31606446699628], [127.68502229317438, 50.31597455509231]], [[127.6916393126561, 50.31541963451696], [127.69191274706837, 50.31569253131646], [127.69176492422974, 50.31596068767429], [127.69079186256862, 50.315589973721565], [127.6916393126561, 50.31541963451696]], [[127.69291047662732, 50.315164114029216], [127.6936027085616, 50.31553165475011], [127.69345243104178, 50.315889725551585], [127.69275526322092, 50.31570200830363], [127.69291047662732, 50.315164114029216]], [[127.6940190382943, 50.31571621234014], [127.69416684772072, 50.315448053000765], [127.69444768520025, 50.31545120721923], [127.69429987733703, 50.3157193669277], [127.6940190382943, 50.31571621234014]], [[127.67973118062763, 50.314295664907455], [127.68069915101782, 50.31484629417824], [127.68040587268025, 50.31529266554163], [127.67970129480385, 50.31537460567588], [127.67970627590083, 50.31519478222935], [127.67942544159003, 50.3151915924174], [127.67944038775396, 50.31465212210283], [127.67972121888856, 50.31465531185407], [127.67973118062763, 50.314295664907455]], [[127.67790329906339, 50.314364831338935], [127.67788334775513, 50.31508412466993], [127.67732168090056, 50.31507773557214], [127.6773466304965, 50.31417861909621], [127.67790329906339, 50.314364831338935]], [[127.69235127212717, 50.31506788533272], [127.6916442487302, 50.31523981021123], [127.69165165274744, 50.314970073741506], [127.69235620545419, 50.314888060964996], [127.69235127212717, 50.31506788533272]], [[127.67676500638647, 50.314891520519], [127.67634625496258, 50.31479681330311], [127.6767724944984, 50.31462178564375], [127.67676500638647, 50.314891520519]], [[127.68547330903044, 50.31490037618699], [127.68490916192768, 50.31498393568677], [127.68506198081671, 50.314535964426355], [127.68590447422203, 50.314545490896535], [127.68547330903044, 50.31490037618699]], [[127.67873831013868, 50.31464414475785], [127.67861035738287, 50.314192990295716], [127.67889118571898, 50.314196182030756], [127.67902163292399, 50.314557424495334], [127.67873831013868, 50.31464414475785]], [[127.67947526036693, 50.313393357827174], [127.67948273274742, 50.313123622587305], [127.67990396597017, 50.31312840670183], [127.68031773169, 50.31340292462154], [127.68030528540967, 50.31385248347665], [127.68001698943037, 50.31411903043761], [127.67973616142135, 50.31411584142521], [127.67960321932559, 50.313844511445375], [127.6784749287663, 50.31401157077979], [127.67834698009256, 50.31356041601259], [127.67947526036693, 50.313393357827174]], [[127.68564347717991, 50.313823020447664], [127.68563603947052, 50.31409275632267], [127.68535521098217, 50.314089580882985], [127.68536017052638, 50.31390975698794], [127.68564347717991, 50.313823020447664]], [[127.67666203367436, 50.31354124771858], [127.67694036234279, 50.31363435577903], [127.67665953753703, 50.31363115935794], [127.67666203367436, 50.31354124771858]], [[127.68454746380354, 50.31282128352823], [127.68298556054464, 50.31343317920745], [127.68298059212765, 50.31361300294593], [127.68255935410195, 50.31360822994444], [127.6822859853911, 50.31333531156158], [127.68101730356572, 50.313500804087454], [127.68074145594623, 50.31331779393944], [127.68103720647217, 50.31278150965157], [127.68061597612217, 50.31277672966634], [127.68020470338767, 50.312412301023066], [127.67907395732296, 50.31266927826006], [127.67908143178201, 50.312399543030025], [127.67992388541045, 50.312409112541935], [127.68105710857076, 50.31206221512046], [127.68117761661408, 50.312783102640935], [127.68145097582244, 50.313056023581176], [127.68285757053135, 50.31298202903959], [127.68300791779723, 50.312623972310654], [127.68370996686922, 50.31263192364504], [127.68454746380354, 50.31282128352823]], [[127.68300791779723, 50.312623972310654], [127.68202007773061, 50.3127926570171], [127.68189209847976, 50.31234150582253], [127.6824611893859, 50.31207813698139], [127.68301288593695, 50.31244414853944], [127.68300791779723, 50.312623972310654]], [[127.67821404742361, 50.3132890844929], [127.6782090610348, 50.31346890789055], [127.67778782509136, 50.3134641176123], [127.67779530703753, 50.31319438255918], [127.67821404742361, 50.3132890844929]], [[127.69298937037469, 50.312286922838325], [127.69214691449312, 50.31227744801077], [127.69199663679514, 50.31263551712131], [127.69143499560671, 50.31262919642083], [127.69143993196306, 50.312449372043005], [127.68947419679237, 50.312427228371604], [127.68878698805099, 50.311879839268194], [127.68935109187203, 50.31179626056706], [127.68935850795847, 50.311526524183776], [127.68823030481416, 50.31169367896152], [127.68683118564203, 50.311498002779665], [127.68612171804101, 50.31175980645646], [127.68596891848168, 50.31220777946653], [127.68498853802973, 50.31210675361186], [127.6845797182938, 50.31165242822648], [127.6848828563618, 50.310846397673835], [127.6857203268812, 50.31103574895542], [127.68570545368884, 50.31157522096868], [127.68640748807796, 50.31158315589616], [127.68641987582055, 50.31113359576296], [127.6873977638766, 50.311324521493745], [127.68838555525709, 50.31115579066188], [127.6889570693198, 50.310802477463604], [127.69035864741957, 50.3109082158157], [127.69091533004678, 50.31109436594792], [127.69090545380118, 50.31145401470658], [127.69034135662389, 50.31153760100807], [127.69046694404327, 50.31207865572761], [127.6911739244469, 50.31190673758669], [127.69116898718222, 50.3120865619623], [127.69186856330644, 50.31218437616956], [127.69187349794967, 50.31200455174679], [127.69145474073159, 50.31190989887386], [127.69174789471599, 50.31146349841763], [127.69441808971592, 50.3114035775959], [127.69523838258169, 50.31222224687966], [127.69536402734225, 50.312763296690385], [127.69521377213184, 50.313121370105804], [127.69464966232736, 50.313204977196136], [127.69437130075859, 50.31311191128247], [127.69437868878856, 50.31284217442026], [127.69395499219442, 50.312927355038866], [127.69382197204035, 50.312656040665296], [127.69283909895331, 50.31264499308627], [127.69298937037469, 50.312286922838325]], [[127.69409540349191, 50.31292893243182], [127.69423335186059, 50.31302042193766], [127.69409294028596, 50.31301884470922], [127.69409540349191, 50.31292893243182]], [[127.69719674192655, 50.31251403022719], [127.69902698401944, 50.31235464717543], [127.6993053504935, 50.31244770198856], [127.69929799043986, 50.312717439397396], [127.6988718492294, 50.31289255047434], [127.69719182727192, 50.31269385501527], [127.69719674192655, 50.31251403022719]], [[127.68864163334871, 50.31205807968336], [127.68877709547564, 50.312239487672095], [127.68863668650664, 50.31223790387228], [127.68864163334871, 50.31205807968336]], [[127.68105959627626, 50.31197230329739], [127.68120995367367, 50.311614248913834], [127.6816336604379, 50.311529114817006], [127.68162371402671, 50.311888762211005], [127.68105959627626, 50.31197230329739]], [[127.69707599191463, 50.311793157416965], [127.69650452525967, 50.31214651084592], [127.69637395144345, 50.31178528688197], [127.69707599191463, 50.311793157416965]]], [[[127.70127612421994, 50.38442123750085], [127.7009875096, 50.38468783091401], [127.7012638446794, 50.384870794599095], [127.7022482130584, 50.38488178229098], [127.70211495194529, 50.38461047878641], [127.70127612421994, 50.38442123750085]]], [[[127.69339117225302, 50.38981919451923], [127.69214027058669, 50.389265502488875], [127.69171836115025, 50.38926075754354], [127.69171093797699, 50.38953049055634], [127.69240670512171, 50.389808131098675], [127.69339117225302, 50.38981919451923]]], [[[127.69800761437887, 50.39077035060774], [127.69844430892445, 50.390235605479326], [127.69732658310438, 50.389953276104215], [127.69705516282163, 50.38959048072829], [127.69592759490746, 50.38966778276857], [127.69607316515322, 50.38948953719258], [127.69565865387564, 50.389215073057585], [127.69495053478671, 50.38938700748231], [127.69521700217722, 50.38992962989537], [127.69577462328712, 50.39011576157083], [127.69718101607623, 50.39013152326028], [127.69703051910341, 50.39048959257858], [127.69618667697509, 50.39048013646481], [127.69589799662643, 50.39074671647299], [127.69800761437887, 50.39077035060774]]], [[[127.70355980819332, 50.408999966877786], [127.70355490077256, 50.40917978912023], [127.70284405535254, 50.409441680075304], [127.70283914514593, 50.40962150225312], [127.70425102405505, 50.40945736061752], [127.70425838128806, 50.409187627190335], [127.70355980819332, 50.408999966877786]]], [[[127.70439375787035, 50.435181294708904], [127.70425543936499, 50.43508981627664], [127.70425298470583, 50.43517972701801], [127.70439375787035, 50.435181294708904]]], [[[127.70488815244158, 50.437705064622264], [127.70533992824059, 50.43663083607475], [127.70576471279064, 50.436545624016695], [127.70564110051028, 50.43591468254069], [127.70634987925173, 50.43574268936859], [127.70650780723022, 50.435114878819945], [127.70707579831613, 50.434941315959186], [127.70723126489561, 50.43440341510631], [127.7078016926984, 50.434139937726044], [127.70781393181049, 50.433690383294], [127.70838190109423, 50.43351681384929], [127.7083892411398, 50.43324708110381], [127.70867322260264, 50.43316029529372], [127.70868545303621, 50.43271074063122], [127.708403920895, 50.4327076155728], [127.70724595841246, 50.43386394992929], [127.7069472733812, 50.43449019730188], [127.70523839711953, 50.435190697278806], [127.70466548867338, 50.435544072590254], [127.7046581268698, 50.43581380483243], [127.70409502672466, 50.43580753426997], [127.70266515757038, 50.436601041964], [127.7027936470539, 50.43705216492432], [127.70335921819495, 50.43696853121507], [127.7036530547968, 50.436522115195345], [127.70479644824432, 50.435905282796774], [127.70492495627134, 50.43635640359603], [127.70432257505405, 50.43778870570722], [127.70488815244158, 50.437705064622264]]], [[[127.70740386784588, 50.43323613782803], [127.70741121337531, 50.432966405173445], [127.70784085676189, 50.432701363412974], [127.70785309487835, 50.43225180886227], [127.70545274076223, 50.432494939697435], [127.705161399391, 50.43285145007556], [127.70177809337544, 50.43299362341697], [127.70134595387147, 50.433348553162105], [127.70036058121458, 50.433337550228536], [127.69708344282175, 50.434739907057704], [127.69679202488031, 50.43509639575443], [127.69636970745219, 50.435091664588455], [127.69436179306568, 50.436418221248466], [127.69534969896245, 50.436339365059716], [127.69534228401402, 50.43660909626848], [127.6960387576067, 50.436886718349385], [127.69602640558259, 50.43733627043729], [127.69573496344032, 50.43769275614732], [127.69545340319374, 50.43768959953264], [127.69530026383646, 50.43813757286568], [127.69571272375556, 50.43850194966836], [127.695547226607, 50.43939947512211], [127.69652778388559, 50.43959034056452], [127.69724158639077, 50.43923858283963], [127.6975478330782, 50.43834263074541], [127.69855796567902, 50.43745455333251], [127.69857029377852, 50.43700500080159], [127.69828873729428, 50.43700185107799], [127.69799484743012, 50.4374482531042], [127.69742926159218, 50.43753186061319], [127.69715263874342, 50.43734888720028], [127.69730822594394, 50.436811000749096], [127.6970266707516, 50.43680784798061], [127.69703654463206, 50.4364482061374], [127.69731809769226, 50.43645135886583], [127.69733290493824, 50.43591189599641], [127.69776016387472, 50.43573680272362], [127.69762679121206, 50.43546549550168], [127.69791080521114, 50.435378736247024], [127.6980639105999, 50.4349307590131], [127.6986294642934, 50.43484714813654], [127.69863686010007, 50.434577416493276], [127.69920487277952, 50.43440389221443], [127.6994962683611, 50.43404739726131], [127.70048165541488, 50.43405840762511], [127.70048657881111, 50.433878586374476], [127.70104965527115, 50.43388487422538], [127.7013410338231, 50.43352837449044], [127.70331178843634, 50.43355035547019], [127.70301059680115, 50.434266503105846], [127.70131151248205, 50.43460730233576], [127.70130659208343, 50.43478712362254], [127.70060273309034, 50.4347792648363], [127.70031134117146, 50.435135762545976], [127.69974825003854, 50.43512947101032], [127.69974086040219, 50.435399202746794], [127.6990271344165, 50.435750976615964], [127.69901234650973, 50.4362904398633], [127.70073858228332, 50.43496065817499], [127.70328722475114, 50.43444946272072], [127.7045836111998, 50.4333846469213], [127.70543312308861, 50.43321422624945], [127.7057073026699, 50.43348709098034], [127.705272735096, 50.433931946277085], [127.70441830123538, 50.434282187178745], [127.70383557619195, 50.43499520146937], [127.70396898320956, 50.43526650185533], [127.70426034864586, 50.43490999478947], [127.70482343818085, 50.43491626447179], [127.70568768816268, 50.43420637748136], [127.70610999927362, 50.434211074771326], [127.70740386784588, 50.43323613782803]], [[127.70668778069233, 50.43367787036539], [127.70640869348716, 50.43358482958951], [127.70669023060923, 50.43358795951427], [127.70668778069233, 50.43367787036539]]], [[[127.68687724980569, 50.442269906852125], [127.68792495707616, 50.44003327380515], [127.68848561877525, 50.44012953309693], [127.68832246421623, 50.44093713684443], [127.68860155810792, 50.44103022095052], [127.68903137909236, 50.440765250388395], [127.68918458642393, 50.44031728602682], [127.68989597126765, 50.44005548405333], [127.6901899535428, 50.43960910339293], [127.6914768575722, 50.43890407872828], [127.69288469310106, 50.43891990337137], [127.69275381656288, 50.43855868057439], [127.69303538166224, 50.438561843760006], [127.69319597137212, 50.43784414270768], [127.69377394167353, 50.437311004218635], [127.69378384037552, 50.43695136287218], [127.69322072916573, 50.43694503958685], [127.69221050858283, 50.43783307005135], [127.69164738726612, 50.43782673907307], [127.6906495220899, 50.43826520435785], [127.6903555526803, 50.43871158637782], [127.68951085577217, 50.438702075305194], [127.68893282073758, 50.43923519199135], [127.68808314368664, 50.439405490717036], [127.68821895765704, 50.43958689826539], [127.68765581643024, 50.439580547812916], [127.6876433838224, 50.44003009818794], [127.68722102403662, 50.44002533348492], [127.68664543557885, 50.44046852832486], [127.68662552731473, 50.44118780850568], [127.68605240875031, 50.441541090171214], [127.68616830479033, 50.442441779905366], [127.68687724980569, 50.442269906852125]]], [[[127.70186043648383, 50.44027952606816], [127.70214201281078, 50.44028266729657], [127.70214939008162, 50.44001293553107], [127.70144299294597, 50.44009499182269], [127.70101078529484, 50.440449919385635], [127.70099355612159, 50.44107929315306], [127.70141592760332, 50.44108400794025], [127.70156655917386, 50.44072593697164], [127.70184813811657, 50.44072907893111], [127.70186043648383, 50.44027952606816]]], [[[127.69698723420039, 50.44337288428072], [127.69786409379084, 50.44221350658958], [127.69858285834323, 50.44168192017518], [127.69859272213895, 50.44132227841253], [127.6993065358686, 50.44097050820363], [127.6991756049458, 50.440609292338586], [127.69818514912556, 50.44077809076398], [127.69758250648563, 50.44221035492343], [127.69656731302821, 50.44327824292513], [127.69698723420039, 50.44337288428072]]], [[[127.69352607929028, 50.4514284894989], [127.69308132163643, 50.45223293612999], [127.69223638307963, 50.45222344301413], [127.69208564316426, 50.45258150038747], [127.69109987470753, 50.45257041600075], [127.69066747496227, 50.452925302924484], [127.69065754702152, 50.453284942831374], [127.69191754370304, 50.453568927664776], [127.69360994542473, 50.45349800268081], [127.69347407189076, 50.45331660138633], [127.69476130351725, 50.45261154449964], [127.69478604462311, 50.45171244311208], [127.69675754939283, 50.45173454082265], [127.69676248999416, 50.451554720386966], [127.69732577538974, 50.4515610278455], [127.69734059049053, 50.45102156638268], [127.6976222300628, 50.451024719029725], [127.69762716726234, 50.45084489851021], [127.69861783584152, 50.450676106743046], [127.69863016915963, 50.45022655522835], [127.6994849343287, 50.449876360297424], [127.69949479415546, 50.449516718915206], [127.70006298367014, 50.44934319222664], [127.70022843372405, 50.44844566146465], [127.70065087064947, 50.44845037952374], [127.70079660771977, 50.44827213104387], [127.700517447015, 50.44817907579712], [127.7010856167687, 50.4480055439248], [127.70104081623421, 50.444497464291366], [127.70160893977857, 50.444323929404874], [127.70192251821807, 50.44315823460888], [127.7029179269246, 50.44280958356622], [127.70321917659135, 50.44209343762473], [127.7036415574709, 50.442098144402], [127.70352287356398, 50.44128738012854], [127.70564455369696, 50.44095125011673], [127.70708185535868, 50.43988797470776], [127.70779068865669, 50.439715973284635], [127.70780048199232, 50.43935633009003], [127.70864519667332, 50.43936570849006], [127.70865498341229, 50.43900606515259], [127.70893655293968, 50.43900918988393], [127.70922790479182, 50.43865267049357], [127.71021827857109, 50.438483777367814], [127.71022560947462, 50.43821404465882], [127.71208506379739, 50.43715538656465], [127.7123861380796, 50.436439214888665], [127.71323567788642, 50.43626873753329], [127.71324542876981, 50.43590909335429], [127.7139541807263, 50.43573705364674], [127.71396148968668, 50.4354673204139], [127.71452945842917, 50.43529372100032], [127.71482074519747, 50.434937186891645], [127.71538383739474, 50.43494340547536], [127.71539357154465, 50.43458376091103], [127.71567511558554, 50.43458686914183], [127.71568971324129, 50.43404740219167], [127.7161120245986, 50.4340520631721], [127.71612175292388, 50.43369241844982], [127.71654406119465, 50.43369707783876], [127.7164154492223, 50.43324596889384], [127.71670184727478, 50.43306925216876], [127.71671157079246, 50.43270960730235], [127.71699310386373, 50.43271271226139], [127.71700282505194, 50.43235306733184], [127.71785227548958, 50.432182555471925], [127.71800761059129, 50.43164463898151], [127.71758532033601, 50.431639985040164], [127.71700768557189, 50.43217324485817], [127.71601503483602, 50.43243210833394], [127.71586210694355, 50.43288011071619], [127.7151534045421, 50.433052162504055], [127.71485726322817, 50.433588519949325], [127.7145757251985, 50.43358540978402], [127.71442277983755, 50.434033410056415], [127.7141388033743, 50.43412020992795], [127.71411931618398, 50.43483949873666], [127.71313390761445, 50.434828603735404], [127.71242028803792, 50.43518046061526], [127.71241053115503, 50.435540104723025], [127.71156344245092, 50.43562066515844], [127.71127212707343, 50.43597719085345], [127.71099057527279, 50.43597407190802], [127.71112646772974, 50.43615545340695], [127.71055847647675, 50.436329036009845], [127.71055114795512, 50.43659876884199], [127.70969670394847, 50.43694904828281], [127.7096869258169, 50.437308691895595], [127.7084003323045, 50.43801392054883], [127.70781761985033, 50.43872695444232], [127.70654566419584, 50.43889269719233], [127.70611105397516, 50.43933755489876], [127.70554300652861, 50.43951111249372], [127.70455504982702, 50.43959005482048], [127.70412532522833, 50.4398550835239], [127.70411795922851, 50.44012481550759], [127.70355480805729, 50.440118541945864], [127.70354743874623, 50.440388273856435], [127.7026928752449, 50.44073850072244], [127.70239654409673, 50.44127482431276], [127.7021149618549, 50.44127168365582], [127.70167782808267, 50.44180643469638], [127.7016679874969, 50.442166076868844], [127.70138640004826, 50.44216293440913], [127.7013740963685, 50.44261248704142], [127.70080353073187, 50.442875931480195], [127.70048992685152, 50.444041623120015], [127.6997686832199, 50.44466313142902], [127.69969722229479, 50.447270533381634], [127.69941560477463, 50.44726738592439], [127.69925507441945, 50.4479850948979], [127.69897345270756, 50.44798194633868], [127.6989586577702, 50.448521408434566], [127.69965532650733, 50.44879900980791], [127.69922055966425, 50.44924383984513], [127.69935644392629, 50.4494252346322], [127.69779513729954, 50.44985746154966], [127.69695764875422, 50.44957827221256], [127.6968094232005, 50.449846425951854], [127.69737021933578, 50.44994264329667], [127.69736281229402, 50.45021237408822], [127.69594475229134, 50.45055624191665], [127.69522334898159, 50.45117772015263], [127.69352607929028, 50.4514284894989]], [[127.69522334898159, 50.45117772015263], [127.6953616961949, 50.45126920930111], [127.69522087580334, 50.45126763032202], [127.69522334898159, 50.45117772015263]], [[127.70482435248636, 50.44004274294353], [127.70495777882984, 50.44031404211617], [127.70481699041025, 50.440312474992986], [127.70482435248636, 50.44004274294353]]], [[[127.68514537647476, 50.443779296019535], [127.68570856695992, 50.44378565900098], [127.68572600050237, 50.44315628936169], [127.68530610447367, 50.443061607547875], [127.68514537647476, 50.443779296019535]]], [[[127.69568545834969, 50.4446174308216], [127.6962585436682, 50.444264101623254], [127.69641910562942, 50.4435463965854], [127.69329184868337, 50.44459057421584], [127.69328441986625, 50.44486030481904], [127.69567062779952, 50.44515689252628], [127.69568545834969, 50.4446174308216]]], [[[127.68281274181395, 50.44663093103185], [127.68395914246415, 50.44592439863663], [127.68368501840742, 50.445651483639125], [127.68239282117707, 50.4465362385665], [127.68281274181395, 50.44663093103185]]], [[[127.68050483333042, 50.44858341900114], [127.68151300496802, 50.447785404988835], [127.68152300028304, 50.44742576605823], [127.68180711499457, 50.44733904707397], [127.68224951821333, 50.44662455377759], [127.68154299030302, 50.44670648812563], [127.68124138388595, 50.44742257461464], [127.68066814952911, 50.44777582849246], [127.68008239862031, 50.44857862780551], [127.68050483333042, 50.44858341900114]]], [[[127.69780994616788, 50.4493179998275], [127.69907974506826, 50.449242265580715], [127.69908714209423, 50.44897253456007], [127.69810391339139, 50.44887159973623], [127.69781981849572, 50.44895835864967], [127.69780994616788, 50.4493179998275]]], [[[127.71533100025053, 50.16584235506899], [127.71548062241553, 50.165484242063975], [127.71506791533443, 50.16520985073666], [127.71423045272196, 50.16511064023697], [127.71298513243298, 50.16455719456688], [127.71214043651985, 50.16472771484079], [127.7115684383447, 50.16517108065113], [127.71211385490189, 50.165716782227925], [127.71350159110038, 50.16618187273147], [127.7147662527416, 50.16601599074889], [127.71533100025053, 50.16584235506899]]], [[[127.72165980059563, 50.17004951620693], [127.72153180321908, 50.169598397882915], [127.72096943340165, 50.169682147980645], [127.72067264210544, 50.17030847238504], [127.72165980059563, 50.17004951620693]]], [[[127.71691511546577, 50.1798907986671], [127.71748001991114, 50.179717154143326], [127.7174920582813, 50.17926757822418], [127.71707681385935, 50.17908310885646], [127.71708644739074, 50.178723448141376], [127.71625597429527, 50.178354505102796], [127.71571036898341, 50.17780882266991], [127.71459506666064, 50.177616601438295], [127.71446229076558, 50.177345306486735], [127.71362944723204, 50.17706626002572], [127.71223656185593, 50.1767809995416], [127.7116716737079, 50.17695461876904], [127.71179476002061, 50.177585576861524], [127.71234273509155, 50.17804136232031], [127.71247066681134, 50.17849248963347], [127.713861188798, 50.17886766268896], [127.71496445519264, 50.17950946662157], [127.71508517864848, 50.180230336425815], [127.71577806155986, 50.18050782469242], [127.71577323960217, 50.180687654905284], [127.71647336223117, 50.18069539374562], [127.71691511546577, 50.1798907986671]], [[127.71609426476972, 50.17916219378228], [127.71608944422891, 50.17934202405929], [127.715669382546, 50.17933737996346], [127.71581422468627, 50.179159097906755], [127.71609426476972, 50.17916219378228]]], [[[127.72013388526423, 50.18523287181782], [127.72086049545908, 50.184251517459955], [127.72058522961515, 50.184068602408274], [127.71933213210171, 50.18378496785099], [127.71915602443312, 50.18513215128611], [127.72013388526423, 50.18523287181782]]], [[[127.72480025159764, 50.21514474556759], [127.72453198733702, 50.21469209469046], [127.7241044192461, 50.21495722337708], [127.72437268088274, 50.215409875201765], [127.72534877519419, 50.21560047100573], [127.72535835901328, 50.21524081140295], [127.72480025159764, 50.21514474556759]]], [[[127.75001961305914, 50.237004633674196], [127.74781424306587, 50.23554183627685], [127.74741960023864, 50.23454823428162], [127.74699904860883, 50.23454369987948], [127.74697783628699, 50.235352938000624], [127.74739132641471, 50.23562721858905], [127.74738425769007, 50.235896964632616], [127.74681171967876, 50.23634049475119], [127.74835144621133, 50.236447031738194], [127.7493210097324, 50.23690717551216], [127.74931630430638, 50.237087006302], [127.75001961305914, 50.237004633674196]]], [[[127.7313384864425, 50.23815127835762], [127.73161887365319, 50.23815433940208], [127.73176861053109, 50.237796210577315], [127.73064707031578, 50.23778396384939], [127.7309202931303, 50.238056770780766], [127.73077054906366, 50.23841489844215], [127.72993177256257, 50.23831579240154], [127.72980113667985, 50.23795460111551], [127.72938294822339, 50.2378600880384], [127.72950880053389, 50.23840110915386], [127.72922124019568, 50.238667787036434], [127.72992699396171, 50.23849562180716], [127.730620802707, 50.23877302587191], [127.7313384864425, 50.23815127835762]]], [[[127.71311513715806, 50.25351064011714], [127.71298216690857, 50.25323934538869], [127.71297489950321, 50.253509087015544], [127.71311513715806, 50.25351064011714]]], [[[127.71379695799031, 50.254237714263496], [127.71408469904927, 50.25397107663672], [127.71311513715806, 50.25351064011714], [127.71323842080925, 50.25414159019592], [127.71379695799031, 50.254237714263496]]], [[[127.71378727388276, 50.25459736981588], [127.71390088537036, 50.25558797466232], [127.71445944080304, 50.255684095662104], [127.71447154004784, 50.25523452618389], [127.71406049405628, 50.25487021561616], [127.71406775568302, 50.254600473937906], [127.71378727388276, 50.25459736981588]]], [[[127.74989452582695, 50.25786949799651], [127.75132290827493, 50.256895510259696], [127.75118971115097, 50.256624257732184], [127.74963285174742, 50.257147159501315], [127.74919326371347, 50.2578619522167], [127.74989452582695, 50.25786949799651]]], [[[127.7413846225147, 50.261375260339086], [127.7405406777209, 50.26145605753735], [127.74052644983769, 50.261995545784785], [127.74094724208685, 50.26200010540496], [127.74095672422341, 50.26164044652142], [127.74137988312604, 50.26155508982163], [127.7413846225147, 50.261375260339086]]], [[[127.74272806618232, 50.26363831196879], [127.74273753545916, 50.26327865294135], [127.74231909973749, 50.263184184972964], [127.74174618342035, 50.263627685279275], [127.74173433731605, 50.26407725886174], [127.74229541838696, 50.264083332367505], [127.74272806618232, 50.26363831196879]]], [[[127.73228135529753, 50.26604315564542], [127.73172264162987, 50.26594711929181], [127.73171547680245, 50.26621686229571], [127.73114720484881, 50.26648048046358], [127.73114003663561, 50.266750223382545], [127.7321315297884, 50.26640128278282], [127.73228135529753, 50.26604315564542]]], [[[127.71510243549088, 50.2734994311065], [127.71622480768237, 50.27351183419726], [127.71723829402771, 50.27235379964185], [127.71879599906514, 50.27183133972845], [127.71882012944035, 50.27093220171995], [127.7181186839152, 50.27092446700612], [127.71797115110998, 50.27119266088532], [127.71755028160206, 50.27118801747362], [127.71741723869609, 50.270916728060264], [127.71685366606216, 50.271000447595306], [127.71642071089258, 50.27144536874837], [127.71641104063995, 50.27180502360011], [127.7150008648338, 50.27205926164668], [127.71498876335515, 50.27250882990987], [127.71456304047528, 50.27268400287731], [127.71441063924269, 50.2731320192091], [127.71314070993435, 50.273387786056766], [127.7134067616914, 50.27393037402859], [127.71424854780005, 50.273939689699475], [127.71510243549088, 50.2734994311065]]], [[[127.73046338178027, 50.27636644844221], [127.730620425962, 50.275738581956844], [127.73219481595264, 50.27458654320827], [127.73237332038461, 50.27314944581137], [127.73195959651864, 50.27287511171196], [127.73197631500786, 50.2722457120142], [127.73141991896925, 50.272059759520026], [127.73060445986438, 50.271061512134864], [127.73005047482991, 50.27078563897783], [127.73006004199742, 50.270425982152354], [127.72938013813918, 50.26960908759668], [127.72896167448398, 50.269514571413886], [127.72893773629127, 50.27041371319217], [127.72990779343174, 50.27087402012864], [127.72989344065954, 50.27141350528435], [127.73031192279777, 50.27150801822159], [127.7308491848192, 50.2724132896511], [127.73195243127016, 50.27314485441736], [127.73193571193319, 50.27377425401142], [127.73150287067354, 50.274219232013095], [127.7314837553102, 50.27493854557021], [127.73063477271971, 50.2751990970528], [127.72991890659748, 50.27573091792426], [127.72975467468044, 50.27662852570626], [127.73046338178027, 50.27636644844221]]], [[[127.72945730768498, 50.2772548570834], [127.72903877711867, 50.277160340791866], [127.72833005048767, 50.27742240918507], [127.72803745216657, 50.2778689086109], [127.72859869235981, 50.27787504944727], [127.7288912854951, 50.27742854856947], [127.72945730768498, 50.2772548570834]]], [[[127.72759015440408, 50.27885335520926], [127.72673868228748, 50.27920379134534], [127.72729754017517, 50.2792998525456], [127.72759015440408, 50.27885335520926]]], [[[127.72116525859612, 50.28292009080431], [127.72286599804369, 50.28230920968705], [127.72329899400685, 50.28186426563047], [127.72371995859281, 50.28186888893467], [127.72486175151228, 50.28116189945432], [127.72486895886892, 50.28089215786478], [127.72615582795946, 50.280006866788916], [127.72673868228748, 50.27920379134534], [127.72589439888506, 50.27928447935559], [127.72531393094297, 50.27999763654471], [127.72489058028094, 50.28008293301606], [127.7245931273171, 50.280709250934066], [127.72374400479944, 50.28096975076035], [127.72131522028151, 50.28256197982592], [127.72075151623277, 50.28264571710394], [127.72003301611561, 50.28326738839783], [127.72059190734517, 50.283363482036215], [127.72116525859612, 50.28292009080431]]], [[[127.73155169482749, 50.28294396567183], [127.73142810138565, 50.28231303570148], [127.73072648517466, 50.282305375821394], [127.73112593783159, 50.28311919875892], [127.73155169482749, 50.28294396567183]]], [[[127.73379451272774, 50.28305836081441], [127.7333759225958, 50.28296385978603], [127.73336637616246, 50.283323516292924], [127.73308333632245, 50.283410371597405], [127.73320934124597, 50.283951385769285], [127.73349238408947, 50.283864530188346], [127.73350670251712, 50.28332504544332], [127.73378974109649, 50.283238189096956], [127.73379451272774, 50.28305836081441]]], [[[127.72908474890586, 50.28597498170319], [127.72865895576538, 50.28615020539051], [127.72893483414957, 50.28633310285958], [127.72892285781384, 50.28678267245484], [127.7297648757054, 50.28679187745599], [127.72908474890586, 50.28597498170319]]], [[[127.72954553153728, 50.289757502915364], [127.72870346138578, 50.2897482959342], [127.72855113511558, 50.2901963301095], [127.72953355950145, 50.29020707235078], [127.72954553153728, 50.289757502915364]]], [[[127.72840839226504, 50.2902847086697], [127.72855113511558, 50.2901963301095], [127.72841078882335, 50.290194794826014], [127.72840839226504, 50.2902847086697]]], [[[127.72262289666769, 50.29139049322631], [127.72287952473494, 50.29229271391063], [127.72316022907022, 50.292295797756005], [127.72317466860363, 50.2917563159596], [127.72289637451556, 50.291663318544785], [127.72290359566698, 50.291393577651476], [127.72262289666769, 50.29139049322631]]], [[[127.7213236013, 50.29272530845311], [127.72258196636841, 50.292919024612345], [127.72257715080703, 50.29309885180606], [127.72314097567542, 50.29301510673484], [127.72287952473494, 50.29229271391063], [127.72133083161513, 50.29245556777469], [127.7213236013, 50.29272530845311]]], [[[127.72156575293148, 50.294167012957374], [127.72071878478941, 50.29433757461502], [127.72084708701237, 50.29478868683704], [127.72140852465849, 50.294794863885706], [127.72156575293148, 50.294167012957374]]], [[[127.7237777970194, 50.2954504813425], [127.72461515789286, 50.29563955201406], [127.72490309297491, 50.29537289089861], [127.72392296942824, 50.29527219512065], [127.7237777970194, 50.2954504813425]]], [[[127.72292118414907, 50.29598071323129], [127.72194105262956, 50.29588000068842], [127.721793461442, 50.29614819786751], [127.72192900633077, 50.2963295683191], [127.72318987572802, 50.29643336498236], [127.72375614494833, 50.29625970369015], [127.72391334756287, 50.29563184954361], [127.72335430606078, 50.29553577093357], [127.72292118414907, 50.29598071323129]]], [[[127.72034158172762, 50.297931023644665], [127.7202084511245, 50.29765973796156], [127.71964698002382, 50.29765355486369], [127.71965422108298, 50.29738381459167], [127.71909275335152, 50.2973776288416], [127.71909758277857, 50.29719780202542], [127.7188144348078, 50.297284621552414], [127.71894755644433, 50.297555908780936], [127.71866199050713, 50.29773264130565], [127.7189306510412, 50.29818530253577], [127.71935175892472, 50.29818994274328], [127.71964215258984, 50.2978333817043], [127.72034158172762, 50.297931023644665]]], [[[127.71030250028674, 50.300518273731164], [127.71031465795676, 50.30006870847295], [127.71144737055774, 50.299721510136905], [127.7111812027922, 50.29917891910705], [127.71147652172722, 50.29864255282051], [127.7113410104064, 50.29846117050537], [127.71077710132943, 50.298544857607205], [127.71034140374533, 50.29907966477428], [127.70920383153653, 50.299606678474994], [127.70919166359602, 50.30005624357262], [127.70987650860047, 50.30069342665356], [127.70986921139607, 50.300963165737315], [127.7105735274029, 50.300881040530484], [127.71058082060303, 50.30061130136818], [127.71030250028674, 50.300518273731164]]], [[[127.72450544799295, 50.30499210172242], [127.72367273746492, 50.30462320241004], [127.72337510953963, 50.30524951333501], [127.72449823241948, 50.30526184214961], [127.72450544799295, 50.30499210172242]]], [[[127.72364223745542, 50.311008595616315], [127.72296669546489, 50.310011838859], [127.72286482987231, 50.308571682747946], [127.72259607512044, 50.3081190306764], [127.7226298004799, 50.306860243456185], [127.72291299886238, 50.30677341515403], [127.72307024978048, 50.306145563608496], [127.72251108717819, 50.3060494801909], [127.72234660107574, 50.30694707105929], [127.7219181847069, 50.30721218118418], [127.72225985439087, 50.310183951489904], [127.72253343595409, 50.31045677760029], [127.7225213890132, 50.310906344201534], [127.7239110179691, 50.31146124524723], [127.72392064525373, 50.31110159180908], [127.72364223745542, 50.311008595616315]]], [[[127.71629258077945, 50.32315947360801], [127.71601411819782, 50.323066458912024], [127.71601169545737, 50.323156371810214], [127.71629258077945, 50.32315947360801]]], [[[127.71990544756346, 50.32463834361804], [127.72004831005616, 50.32454997691465], [127.719907863085, 50.324548430605994], [127.71990544756346, 50.32463834361804]]], [[[127.7235281750995, 50.32575745020746], [127.72338531531987, 50.32584582119054], [127.72380666831208, 50.32585044709298], [127.7235281750995, 50.32575745020746]]], [[[127.74077043839449, 50.32720463092642], [127.73796608557042, 50.32699434474337], [127.73755663223541, 50.326540202106685], [127.73615209487683, 50.32652494242502], [127.73545698567487, 50.32624756564343], [127.73518562737284, 50.32588485591584], [127.73309080642457, 50.3254123500095], [127.7339096161432, 50.3263206647088], [127.73530221311547, 50.32678551902666], [127.73614493971759, 50.32679468306451], [127.73669006931608, 50.32743018393995], [127.7392206653049, 50.3273677141717], [127.74005389247039, 50.32773650455894], [127.7417370082249, 50.327844671624945], [127.74146559297118, 50.32748197622893], [127.74090376593453, 50.32747589319586], [127.74077043839449, 50.32720463092642]]], [[[127.72992660559893, 50.32816595141952], [127.72993139941612, 50.327986124802756], [127.7304932300917, 50.32799226089427], [127.730498021741, 50.327812434232655], [127.72883652595978, 50.326894885120346], [127.72882932929643, 50.3271646249797], [127.72938635432914, 50.3273505929283], [127.72938155856315, 50.32753041952682], [127.72896018980367, 50.32752581371471], [127.72908865376772, 50.32797691557674], [127.72880294059337, 50.32815367101657], [127.72879334433607, 50.32851332407645], [127.7307549826573, 50.32871463458736], [127.7307621688154, 50.328444894599066], [127.72992660559893, 50.32816595141952]], [[127.72937676274849, 50.32771024611944], [127.72965767637521, 50.32771331583223], [127.72965288157143, 50.32789314243839], [127.72937196688511, 50.327890072706126], [127.72937676274849, 50.32771024611944]]], [[[127.7417370082249, 50.327844671624945], [127.74172988434566, 50.32811441278231], [127.74256789039856, 50.32830335789893], [127.74325595612393, 50.3288504338808], [127.74368208095865, 50.32867516042792], [127.74285592654404, 50.32803665450629], [127.7417370082249, 50.327844671624945]]], [[[127.7439582608419, 50.32885802319124], [127.74396300182227, 50.32867819562394], [127.74368208095865, 50.32867516042792], [127.74367733891862, 50.32885498797596], [127.7439582608419, 50.32885802319124]]], [[[127.74353450667202, 50.32894338388085], [127.74367733891862, 50.32885498797596], [127.74353687797503, 50.32885347011387], [127.74353450667202, 50.32894338388085]]], [[[127.73144052313746, 50.32935169280792], [127.73158337878927, 50.32926331194554], [127.73144291729616, 50.32926177946602], [127.73144052313746, 50.32935169280792]]], [[[127.73256182549052, 50.32945386131252], [127.73172862751584, 50.32908501754772], [127.73159534807593, 50.32881374518949], [127.7307549826573, 50.32871463458736], [127.73102632276013, 50.3290773543506], [127.73186430181201, 50.32926637639567], [127.73185472828338, 50.329626029812744], [127.73226654554378, 50.32999027872571], [127.7329736467392, 50.32981810776083], [127.73255464926328, 50.32972360144156], [127.73256182549052, 50.32945386131252]]], [[[127.74506773850267, 50.32940964016446], [127.7439582608419, 50.32885802319124], [127.74408687048474, 50.329309109460866], [127.7445011489077, 50.32958340195028], [127.74449167065649, 50.329943057096806], [127.74477259908237, 50.32994609039199], [127.74473706187484, 50.33129479712505], [127.74530367109868, 50.33112103438473], [127.74533445607845, 50.329952154946675], [127.74505352755637, 50.3299491230086], [127.74506773850267, 50.32940964016446]]], [[[127.713274918055, 50.330860921172864], [127.71299641676292, 50.33076789907094], [127.71299398766607, 50.33085781174302], [127.713274918055, 50.330860921172864]]], [[[127.71169089614706, 50.33228241275234], [127.71101531210985, 50.331285589727095], [127.71045344687226, 50.331279359233136], [127.71032028313394, 50.33100806346861], [127.70975598609525, 50.3310917421952], [127.71017251432758, 50.33127624296831], [127.71029594090089, 50.33190718913979], [127.71070761127764, 50.332271513163704], [127.71169089614706, 50.33228241275234]]], [[[127.72995343618655, 50.33769982306542], [127.72967726003598, 50.33751692732602], [127.72967246363886, 50.33769675362875], [127.72995343618655, 50.33769982306542]]], [[[127.74145434447607, 50.33854439398774], [127.74201630217246, 50.33855047532282], [127.74233289652773, 50.33720481119276], [127.74190431483702, 50.33746999242028], [127.74159958541402, 50.33836608747292], [127.74073763319929, 50.33907626960098], [127.74045665136332, 50.339073226160465], [127.74044951739612, 50.339342966661576], [127.74144246410984, 50.33899396169553], [127.74145434447607, 50.33854439398774]]], [[[127.73456798934605, 50.33855959059874], [127.73430373794167, 50.33792713915865], [127.73346081500348, 50.33791796031526], [127.73345125059143, 50.338277613416324], [127.73483702479808, 50.339012214808356], [127.73483224762637, 50.339192041423374], [127.73567280654372, 50.33929112382737], [127.73554425153206, 50.33884002940599], [127.73456798934605, 50.33855959059874]]], [[[127.73146525816558, 50.33897547767381], [127.73118667338808, 50.33888249865054], [127.73105816199272, 50.3384313995659], [127.73104139209192, 50.33906079183658], [127.73146525816558, 50.33897547767381]]], [[[127.74093802581784, 50.34744278507561], [127.74149533497065, 50.34762869649326], [127.74150484179938, 50.34726904285958], [127.74094753679316, 50.34708313150731], [127.74093802581784, 50.34744278507561]]], [[[127.74204789709803, 50.347994432106944], [127.74219078986302, 50.3479060387591], [127.74205027281076, 50.34790451868737], [127.74204789709803, 50.347994432106944]]], [[[127.74259334353918, 50.34862990542538], [127.74273623723246, 50.348541511423356], [127.7425957182755, 50.34853999199686], [127.74259334353918, 50.34862990542538]]], [[[127.73749174040049, 50.35019353117364], [127.73763703242294, 50.350015230336055], [127.7374965093921, 50.35001370471628], [127.73749174040049, 50.35019353117364]]], [[[127.74137648331947, 50.352124364916804], [127.7412383314555, 50.352032930442086], [127.74123595386149, 50.35212284376948], [127.74137648331947, 50.352124364916804]]], [[[127.74217451902315, 50.35384184181668], [127.74203636068408, 50.35375040826809], [127.74203398445245, 50.35384032159632], [127.74217451902315, 50.35384184181668]]], [[[127.74579837152588, 50.36035658904594], [127.74580311085313, 50.36017676233121], [127.74608421782897, 50.36017979376768], [127.74581732854615, 50.359637282151525], [127.74587419498641, 50.35747936090032], [127.74559310398082, 50.35747632907324], [127.74560258316987, 50.35711667548704], [127.74532149433519, 50.35711364301924], [127.7453309754544, 50.35675398944786], [127.74492357157048, 50.3562099592156], [127.74367530989274, 50.355566907089646], [127.74354663774007, 50.35511582186471], [127.74299160778435, 50.354840006457685], [127.74286056924072, 50.3544788338305], [127.74257949627665, 50.35447579485033], [127.74258662200512, 50.354206054834364], [127.7417529153473, 50.35383728064628], [127.74204111311116, 50.35357058160717], [127.74148135538917, 50.35347458577249], [127.74150275015525, 50.352665365885564], [127.741221688044, 50.35266232370276], [127.74123595386149, 50.35212284376948], [127.7409548949818, 50.352119800965525], [127.74095965121877, 50.35193997432858], [127.74124070903743, 50.35194301711323], [127.74096916354782, 50.35158032103692], [127.74156930539775, 50.350147792137534], [127.74159069614487, 50.34933857175788], [127.7418717386759, 50.34934161290449], [127.74216703484497, 50.348805172936586], [127.74259096879081, 50.348719818852416], [127.74231230513104, 50.34862686605349], [127.74232418134416, 50.348177298944336], [127.7416287217264, 50.3478999574537], [127.74144304396133, 50.34960679105535], [127.74101910010593, 50.34969214086727], [127.74100483306121, 50.35023162098233], [127.7404379798278, 50.350405360397396], [127.74028793848811, 50.35076349142546], [127.74065004893555, 50.353015890481885], [127.7414742235832, 50.35374432570817], [127.74214600648602, 50.354920801698], [127.74339185659674, 50.35565378337811], [127.7443495444488, 50.356653457233755], [127.74447111237804, 50.35737428161694], [127.74488563435727, 50.35764857327007], [127.74527645638888, 50.3588219971601], [127.74555755530709, 50.35882502981075], [127.74534826303118, 50.36143100057964], [127.7457675647253, 50.3615254625475], [127.74589390457136, 50.362066458445], [127.74658485831924, 50.36252360218307], [127.74659670002868, 50.36207403541836], [127.74631558180965, 50.3620710051385], [127.74646561512587, 50.36171286694416], [127.74604394103646, 50.36170832081786], [127.74607947956328, 50.36035962050164], [127.74579837152588, 50.36035658904594]]], [[[127.70863634675788, 50.38792086455112], [127.70765435709924, 50.38782001884511], [127.70750639082738, 50.3880881909244], [127.70834042290342, 50.388457211065784], [127.70863634675788, 50.38792086455112]]], [[[127.74575451476005, 50.388686807719694], [127.74561624943489, 50.38859537816065], [127.7456138770339, 50.388685291070665], [127.74575451476005, 50.388686807719694]]], [[[127.71029711836009, 50.388928617859435], [127.71099786319053, 50.38902632460916], [127.7110100525083, 50.38857676610685], [127.71044994945098, 50.3884806187991], [127.71029711836009, 50.388928617859435]]], [[[127.707452610681, 50.39006624549565], [127.70843220334596, 50.39025700480482], [127.70844197465787, 50.38989735844558], [127.70774122256165, 50.389799636253166], [127.707452610681, 50.39006624549565]]], [[[127.70827201766717, 50.390974735607855], [127.70757858364642, 50.39060727764391], [127.70659164829323, 50.39068624567896], [127.70728507571536, 50.39105370947276], [127.70727774038588, 50.39132344406753], [127.70699645355185, 50.39132031744938], [127.70712976072382, 50.39159161540998], [127.70783542604788, 50.39150951835928], [127.70826468795751, 50.391244470311236], [127.70827201766717, 50.390974735607855]]], [[[127.70824758486717, 50.391873851233846], [127.70711508791065, 50.392131084502964], [127.7071101968735, 50.392310907522095], [127.70837112814714, 50.39250479401227], [127.70880283852033, 50.39214983250745], [127.70824758486717, 50.391873851233846]]], [[[127.70880283852033, 50.39214983250745], [127.7089410424289, 50.39224130531089], [127.70894348448516, 50.39215139373613], [127.70880283852033, 50.39214983250745]]], [[[127.7301667551427, 50.3929246621419], [127.73045045545665, 50.39283782048601], [127.73016915711506, 50.3928347498324], [127.7301667551427, 50.3929246621419]]], [[[127.72508891426126, 50.39340874668325], [127.72495067557107, 50.39331729282682], [127.72494826368792, 50.39340720494671], [127.72508891426126, 50.39340874668325]]], [[[127.71088326846592, 50.39325217271816], [127.7100344925104, 50.39342263991185], [127.7098792003251, 50.393960549483715], [127.71073042526908, 50.39370017190208], [127.71088326846592, 50.39325217271816]]], [[[127.72081675438925, 50.405773353862315], [127.7209622823083, 50.40559507728943], [127.72082159589456, 50.40559353029476], [127.72081675438925, 50.405773353862315]]], [[[127.71266911345096, 50.40523377907839], [127.71277325892987, 50.406584008389856], [127.71346209500314, 50.407131259475136], [127.71361739253413, 50.40659334633221], [127.71319532567631, 50.406588678126454], [127.71322698295887, 50.405419828482], [127.71266911345096, 50.40523377907839]]], [[[127.70765593237219, 50.413632404142305], [127.70681657154412, 50.413443199668954], [127.70652535989734, 50.41379971557416], [127.70764125405572, 50.4141718712924], [127.70792756800479, 50.41399517497283], [127.70765593237219, 50.413632404142305]]], [[[127.71921363425015, 50.41825714044209], [127.71822128751646, 50.41851602563221], [127.71820915349795, 50.41896558307953], [127.71848817895126, 50.419058595302836], [127.71861677472218, 50.41950970289343], [127.7191796848328, 50.41951590174571], [127.719470837912, 50.41915935405436], [127.71921363425015, 50.41825714044209]]], [[[127.720303082725, 50.419618202831934], [127.72032004291107, 50.418988821951466], [127.71989544116104, 50.419074088784164], [127.72015993161473, 50.41970656627408], [127.71973532314644, 50.41979183246153], [127.7197280510413, 50.42006156703447], [127.72057242645859, 50.420070856300555], [127.72058211618351, 50.41971121008236], [127.720303082725, 50.419618202831934]]], [[[127.71829151289333, 50.43677423288173], [127.71812402021773, 50.43776170515632], [127.71854636502376, 50.43776635754839], [127.71886190903182, 50.43651070113115], [127.71829151289333, 50.43677423288173]]], [[[127.73368289627756, 50.445756670743634], [127.73369729499643, 50.44521720105581], [127.73355649044917, 50.44521566859552], [127.73340368434559, 50.44566369399312], [127.73368289627756, 50.445756670743634]]], [[[127.73015312020391, 50.44607795334842], [127.7302987396443, 50.44589966696776], [127.73015793325703, 50.445898130380556], [127.73015312020391, 50.44607795334842]]], [[[127.72916506369073, 50.44615710384783], [127.72888585846928, 50.44606411631069], [127.72888344952429, 50.44615402774846], [127.72916506369073, 50.44615710384783]]], [[[127.72932867686735, 50.450565838860584], [127.73075612551182, 50.449861916611944], [127.73159863067028, 50.4499610412306], [127.73148425979522, 50.448970479894484], [127.73205232854589, 50.448796796061146], [127.73206194113605, 50.44843715002405], [127.73234356919995, 50.44844021853165], [127.73236038702831, 50.44781083784154], [127.73264201140721, 50.447813905599546], [127.73308365704142, 50.44709921345812], [127.73310766716027, 50.44620009769883], [127.73225321245143, 50.44655054217741], [127.73178752403558, 50.448164346320944], [127.73150108933875, 50.44834109947122], [127.73134584875415, 50.44887903319481], [127.7310618131369, 50.448965873723566], [127.7310521927852, 50.44932551958864], [127.73020007320436, 50.4495860368257], [127.73019285290091, 50.44985577110784], [127.72890621635649, 50.45056122476014], [127.72846929522524, 50.45109607722812], [127.72875093868099, 50.45109915454623], [127.72903740034435, 50.45092240844918], [127.72932867686735, 50.450565838860584]]], [[[127.72832606308431, 50.451184449653724], [127.72846929522524, 50.45109607722812], [127.72832847351573, 50.45109453831351], [127.72832606308431, 50.451184449653724]]], [[[127.78460539036033, 50.15624467377224], [127.78362797492241, 50.156144498875825], [127.78347889081762, 50.156502704132556], [127.78458487159058, 50.15705393431457], [127.78486934862651, 50.156877027791616], [127.78460539036033, 50.15624467377224]]], [[[127.79684491528054, 50.16500651071588], [127.79628046620768, 50.165180544986185], [127.79627143159792, 50.165540217345985], [127.79738905147336, 50.16564173682793], [127.79739807772849, 50.16528206432693], [127.79684491528054, 50.16500651071588]]], [[[127.81352021731902, 50.175791135617445], [127.81268681152392, 50.17551279556544], [127.81226007970943, 50.1757782563668], [127.81224224345235, 50.176497603935736], [127.81322013736875, 50.17659754103712], [127.8135046271821, 50.1764205650312], [127.81352021731902, 50.175791135617445]]], [[[127.82876516244448, 50.18808790658463], [127.83003222267405, 50.187830852528165], [127.82991634129628, 50.1868403345639], [127.82936713868685, 50.186385096109554], [127.82938912019007, 50.185485907634195], [127.82883773885425, 50.18512058557047], [127.82898657750927, 50.18476232208064], [127.82871309075252, 50.184489741585644], [127.82900636620502, 50.183953052342126], [127.82985539465734, 50.18360184433142], [127.83043751038213, 50.182708296689675], [127.83114647087251, 50.18235566884341], [127.83115524899125, 50.18199599299175], [127.83158412692214, 50.18164054371961], [127.83145286924218, 50.1812794590863], [127.83173732054624, 50.181102438285734], [127.83174609383877, 50.18074276228033], [127.83245063158049, 50.18056996412017], [127.83246159126664, 50.18012036895407], [127.8316192242963, 50.18020183976944], [127.83133038985441, 50.180558698332845], [127.830483622046, 50.180819998798796], [127.83047483924989, 50.18117967463751], [127.829905924385, 50.18153370926174], [127.82961267425226, 50.18207040117138], [127.82876806942998, 50.182241769909375], [127.82875047701032, 50.18296112094574], [127.82846600363355, 50.183138134220584], [127.82790365274467, 50.183222402099304], [127.8276257784194, 50.18312965676131], [127.82763458321638, 50.18276998140996], [127.82721447391312, 50.1827657404556], [127.82692338850637, 50.18321250638228], [127.82688153810787, 50.18492096352626], [127.82741969137697, 50.18582580751168], [127.82738666284172, 50.18717458914102], [127.82695990656495, 50.187440103267264], [127.82695109524387, 50.187799778241136], [127.82722459048387, 50.188072362794266], [127.82876516244448, 50.18808790658463]], [[127.82906945428343, 50.187101623608505], [127.82934735438234, 50.18719436561172], [127.82906725545715, 50.18719154242724], [127.82906945428343, 50.187101623608505]], [[127.82827536524867, 50.18520485506162], [127.82841320895005, 50.18529618647977], [127.8282731650793, 50.18529477388436], [127.82827536524867, 50.18520485506162]], [[127.82803708915448, 50.18349357163204], [127.82803268817669, 50.18367340931401], [127.82775481099418, 50.18358066427164], [127.82775701200306, 50.18349074543888], [127.82803708915448, 50.18349357163204]]], [[[127.76074810823961, 50.223448558072754], [127.75968052962433, 50.22136852605972], [127.75969218913649, 50.2209189460813], [127.76011961618912, 50.220653685623546], [127.76027374453444, 50.220115684971276], [127.76255557130861, 50.21861101567036], [127.76256255015585, 50.218341267266005], [127.7631347249672, 50.217897655514705], [127.763298109211, 50.216999985575946], [127.76415052510475, 50.21655935156308], [127.76430923975991, 50.21584151229123], [127.76571750044059, 50.21558665938566], [127.76685244301372, 50.21505906589192], [127.76673549656869, 50.214158415090864], [127.76533656616067, 50.21405361556962], [127.76479231906606, 50.21341824358], [127.76353586149665, 50.21322499599463], [127.76257593814346, 50.21240530663327], [127.761450324256, 50.21257319395783], [127.76131951648983, 50.212212035307296], [127.760338682493, 50.2122015733974], [127.75993697068381, 50.21147775799827], [127.7595212826775, 50.21129343809823], [127.75854513463612, 50.21110312892397], [127.75615147932027, 50.21152723074201], [127.75586656895814, 50.21170406206253], [127.75585721566112, 50.21206372610033], [127.75639665345786, 50.212878971123025], [127.7563756163625, 50.21368821517302], [127.7566511888877, 50.21387104677091], [127.75662781823996, 50.214770206751545], [127.75689872463248, 50.21513286976277], [127.75759469161625, 50.215320196490076], [127.75816454116999, 50.21496652509413], [127.75789596077198, 50.21451394892304], [127.75719533220176, 50.2145064560847], [127.7572023402552, 50.214236708035685], [127.75777217962322, 50.213883038425145], [127.75903329510541, 50.21389651611163], [127.75944667186843, 50.214170753927405], [127.75915476058694, 50.21461734146796], [127.7592832260632, 50.21506841841384], [127.76067518286781, 50.21544303929221], [127.7623218295252, 50.21680970734705], [127.76230088972952, 50.21761895266114], [127.76173103844198, 50.21797264418028], [127.76128967250042, 50.21877740747905], [127.75886298885786, 50.220460386466115], [127.75897046709379, 50.221720707106286], [127.7600636676475, 50.22281166963085], [127.76004967944911, 50.22335116549964], [127.76074810823961, 50.223448558072754]], [[127.7608199700818, 50.21526470177294], [127.76110255505422, 50.21517777456954], [127.76123802592505, 50.21535910105741], [127.76095776915639, 50.215356112453364], [127.7608199700818, 50.21526470177294]]], [[[127.75675568525462, 50.242203518878135], [127.75607571497731, 50.24138677622146], [127.75609209726325, 50.24075736728076], [127.75567617174524, 50.2405730327513], [127.75472521467337, 50.239393616992], [127.75389340112766, 50.239024936846754], [127.75362473028774, 50.238572351935574], [127.75183036014667, 50.237473802470234], [127.75042843365057, 50.23745873445246], [127.75040962795616, 50.23817805781146], [127.75194237882528, 50.23855429397574], [127.7519282911645, 50.239093786712715], [127.75233714752336, 50.239547880883165], [127.7521805158386, 50.240175783549766], [127.75287917296579, 50.24027322486414], [127.7530076436733, 50.24072430686608], [127.75370162099529, 50.241001574238545], [127.75396796146711, 50.24154407437731], [127.75452409399895, 50.24172991788818], [127.75465258393334, 50.24218099810491], [127.75630932463619, 50.2431880887721], [127.75673463236453, 50.24301275893267], [127.75675568525462, 50.242203518878135]]], [[[127.81756873160143, 50.24436724058332], [127.81672743373191, 50.244358676777516], [127.8167163010577, 50.24480826441028], [127.81699228417877, 50.24499095479498], [127.81755760683798, 50.24481682835187], [127.81756873160143, 50.24436724058332]]], [[[127.75968854551108, 50.24808099612452], [127.75885187165662, 50.24789218175386], [127.75870697609825, 50.24807051504939], [127.75911130207982, 50.2487044168216], [127.75967920891429, 50.24844065841961], [127.75968854551108, 50.24808099612452]]], [[[127.80225414076695, 50.25104585319157], [127.80339854347216, 50.25015824107194], [127.80327858118838, 50.24934754391391], [127.80086081724723, 50.25067172300114], [127.80085630349897, 50.25085155682557], [127.80225414076695, 50.25104585319157]]], [[[127.78829793757875, 50.253779255821016], [127.7864770706629, 50.25367031516008], [127.78647250229447, 50.25385014793948], [127.78772784047108, 50.25413307095891], [127.78829337604643, 50.25395908871813], [127.78829793757875, 50.253779255821016]]], [[[127.784261308886, 50.25805422659876], [127.78453037752664, 50.25850674206709], [127.78537648790315, 50.25833570816741], [127.78524766650158, 50.257884660751174], [127.78440614054485, 50.25787586126991], [127.784261308886, 50.25805422659876]]], [[[127.78846667753774, 50.25818808483037], [127.78762514523294, 50.25817930861739], [127.78747347654169, 50.25862742707752], [127.78817247858798, 50.25872465834315], [127.78860009132174, 50.25845929610877], [127.78846667753774, 50.25818808483037]]], [[[127.79461206579614, 50.27039389429396], [127.79575254324915, 50.26968619759365], [127.79604899444936, 50.269059689291495], [127.79632956995296, 50.269062595495456], [127.79733423418783, 50.26817359669731], [127.79734329371043, 50.26781393058423], [127.7967889549033, 50.26753837295202], [127.79679575248959, 50.267268623393754], [127.79792027672066, 50.267190320079514], [127.7987732815388, 50.26674943991999], [127.79906741285296, 50.26621283980087], [127.8001896494801, 50.266224430937584], [127.80061726408933, 50.26595902482386], [127.80076657599199, 50.2656008057309], [127.80147924967561, 50.26515845761906], [127.80163757862243, 50.26444057041757], [127.80220318741846, 50.26426652129606], [127.80235924723503, 50.263638549663135], [127.80237503250905, 50.26300913229829], [127.80182748755455, 50.26246384835477], [127.80170752468666, 50.26165315123291], [127.80129801046279, 50.26119922780303], [127.79992021585562, 50.260195667618056], [127.79949943019396, 50.26019132161153], [127.79867369129286, 50.25955320814042], [127.7981126515691, 50.25954740716303], [127.79811717703794, 50.25936757378978], [127.7974204083424, 50.259180485473294], [127.7970109559216, 50.25872654719067], [127.79602915411532, 50.25871637977845], [127.79588209611376, 50.25898467648169], [127.7953165277091, 50.259158695277534], [127.79516719603244, 50.2595169076095], [127.79445908896797, 50.25977938450072], [127.79444774061429, 50.26022896728697], [127.79485718114528, 50.26068291440293], [127.79387533990429, 50.26067272851169], [127.79372599251721, 50.26103093878812], [127.79539555386543, 50.26158789690029], [127.7970787438128, 50.26160533156518], [127.79777101920335, 50.26197225537268], [127.79804023782671, 50.262424740333714], [127.79943161942644, 50.26288882257337], [127.80011941303805, 50.26343556593173], [127.8002483892509, 50.263886597547405], [127.7996714771172, 50.26451022046226], [127.79868050714065, 50.264859741178775], [127.7968252075021, 50.266099708488035], [127.79598126591414, 50.26618090831665], [127.79624822371201, 50.26672331366298], [127.79582284583165, 50.266898786948275], [127.79566895678366, 50.26743683228188], [127.7952435704087, 50.2676123033648], [127.79522768856113, 50.268241718583944], [127.79577975846293, 50.26860720009243], [127.79577068690898, 50.26896686594974], [127.79506017276755, 50.26931926154908], [127.79394013690471, 50.269217703974945], [127.79378849045735, 50.26966583001393], [127.79350563943714, 50.2697528340261], [127.7934965503854, 50.27011249951144], [127.79461206579614, 50.27039389429396]], [[127.80153115437139, 50.26309037292952], [127.80138862702528, 50.263178843051115], [127.80139088388928, 50.26308892631387], [127.80153115437139, 50.26309037292952]], [[127.80139088388928, 50.26308892631387], [127.80055377809822, 50.26290040964195], [127.80056055330417, 50.26263065949517], [127.80139991123093, 50.262729259350166], [127.80139088388928, 50.26308892631387]]], [[[127.76534020846161, 50.26819787071716], [127.76493796484479, 50.26747407543045], [127.7642319033415, 50.2676464502443], [127.7645008337629, 50.26809901035026], [127.76534020846161, 50.26819787071716]]], [[[127.79716433411376, 50.274917331953354], [127.79576355299228, 50.27481288664745], [127.7956141736391, 50.27517109827784], [127.79729784257457, 50.27518853316745], [127.79716433411376, 50.274917331953354]]], [[[127.79531313874443, 50.27597743718722], [127.79559375482727, 50.27598034545568], [127.79572272001971, 50.27643138107286], [127.7957454054646, 50.27553221756212], [127.79518417858186, 50.27552640111748], [127.79531313874443, 50.27597743718722]]], [[[127.79750143734236, 50.27824859418442], [127.79780245036036, 50.27744224975477], [127.79752409074504, 50.27734943036926], [127.79753088654182, 50.27707968119599], [127.79725026379722, 50.27707677755814], [127.79696510846554, 50.277253705989764], [127.79708502529736, 50.27806440557041], [127.79638118667091, 50.278147058751905], [127.79595117007585, 50.278502364099175], [127.79664821358294, 50.27868946259373], [127.79750143734236, 50.27824859418442]]], [[[127.79648749131253, 50.27949725671171], [127.79607334060525, 50.27922314814263], [127.79579043670955, 50.279310157198736], [127.79578363053986, 50.279579906095634], [127.79633583437733, 50.27994538523262], [127.79689258008413, 50.28013102913732], [127.79759871255581, 50.27995845673966], [127.79760777387104, 50.2795987913248], [127.79648749131253, 50.27949725671171]]], [[[127.7989724954278, 50.281141877581916], [127.79912413166223, 50.28069374556152], [127.79842252135894, 50.280686494436885], [127.79815546343212, 50.280144094630664], [127.79716415598615, 50.28049359908997], [127.79742893873336, 50.281125917403024], [127.79841120192361, 50.281136076251485], [127.79852888819299, 50.28203669040287], [127.7988072769862, 50.28212950751766], [127.7989362882171, 50.28258053943561], [127.79935727114925, 50.28258488887592], [127.79937084444113, 50.28204539064219], [127.7989724954278, 50.281141877581916]]], [[[127.79907209027029, 50.282761822132805], [127.79864884222181, 50.28284738798989], [127.79863978770828, 50.28320705333992], [127.79948176463684, 50.283215752921805], [127.79907209027029, 50.282761822132805]]], [[[127.84654740439431, 50.29304604214442], [127.84597726033141, 50.2934001404112], [127.84596855922571, 50.29375981121932], [127.8466681997658, 50.29385669439896], [127.84667254771844, 50.293676858956566], [127.84695327307553, 50.293679643945325], [127.84654740439431, 50.29304604214442]]], [[[127.76822294770892, 50.30330501263566], [127.76767069439762, 50.30293940097824], [127.76723559008154, 50.30347442533994], [127.76793520427191, 50.303571782115164], [127.76822294770892, 50.30330501263566]]], [[[127.78106580776334, 50.33374993805321], [127.78078945585575, 50.33356716236303], [127.78022294379258, 50.333741098692165], [127.78021833882974, 50.33392092856403], [127.78063977235259, 50.33392534903611], [127.78020912876377, 50.33428058829007], [127.78048087842124, 50.33464319521838], [127.78090692087423, 50.33446778488961], [127.78077334586509, 50.33419656704031], [127.78106580776334, 50.33374993805321]]], [[[127.75206883017444, 50.33569080752717], [127.75024493018773, 50.33558127804743], [127.74995924845668, 50.33575808549452], [127.7506616568052, 50.33576563506518], [127.75093318853014, 50.336128309352524], [127.75177372908341, 50.33622727525354], [127.75556677769286, 50.336267933630516], [127.75557147609777, 50.33608810549755], [127.75473092960974, 50.33598916700963], [127.75234272753782, 50.33596356464997], [127.75206883017444, 50.33569080752717]]], [[[127.75556677769286, 50.336267933630516], [127.75556207924026, 50.336447761757555], [127.75612166704384, 50.33654368881927], [127.75612871156018, 50.33627394657369], [127.75556677769286, 50.336267933630516]]], [[[127.81597574281984, 50.33689878368006], [127.81540708016644, 50.337162808021404], [127.8153981347294, 50.337522472186485], [127.81581289873877, 50.337796513534066], [127.816379332271, 50.337622403342884], [127.816390504818, 50.33717282298131], [127.81597574281984, 50.33689878368006]]], [[[127.76654542836242, 50.351854430089794], [127.7659856392462, 50.35175855197633], [127.76630631203291, 50.3502329928692], [127.76574421127506, 50.35022702791585], [127.76591503705755, 50.34905963470151], [127.76521242855796, 50.34905217584665], [127.76522642073748, 50.34851269065497], [127.76411626496844, 50.347961262869774], [127.76412560105392, 50.34760160616195], [127.76440896920306, 50.34751467858751], [127.7635752069648, 50.347146060070386], [127.76335255960657, 50.34489521703238], [127.76279519504418, 50.34470940990274], [127.7628045400299, 50.34434975317192], [127.76252352471981, 50.34434676282391], [127.76225185849562, 50.343984115118445], [127.76196850762956, 50.34407103761295], [127.76170620013983, 50.34334873199245], [127.75988432392089, 50.34314943741532], [127.75961502668856, 50.34269686956586], [127.7585074154069, 50.342055475064896], [127.75838332532244, 50.34142457630342], [127.75770428738831, 50.34051793212162], [127.75778871887398, 50.33728102457859], [127.75708863270144, 50.33718360379223], [127.75709801827851, 50.3368239473697], [127.75640498329321, 50.33645678021148], [127.75625745546182, 50.33672501981106], [127.75708393984142, 50.3373634319946], [127.75721269556877, 50.33781450417956], [127.75715638246452, 50.339972442084246], [127.75743033336562, 50.3402451874204], [127.75741625698427, 50.34078467179416], [127.75769725073465, 50.34078767433042], [127.75768083145937, 50.341417072765935], [127.75796182896887, 50.341420074690056], [127.75795244838478, 50.34177973094453], [127.75850507125591, 50.342145389139425], [127.75863150863188, 50.342686373650906], [127.760015462317, 50.343510592264884], [127.76085849278934, 50.34351957934616], [127.76099197916758, 50.343790819004056], [127.7615516644055, 50.34388672052628], [127.76182332472509, 50.34424936983047], [127.76224250945718, 50.34434377179699], [127.76223082289212, 50.34479334261192], [127.76306686946884, 50.34507205635492], [127.76301547927925, 50.34705016803082], [127.76327782607335, 50.34777247054091], [127.76383522820632, 50.34795827553718], [127.76382588980951, 50.34831793218346], [127.76438330047682, 50.348503734597685], [127.76491738945238, 50.34958867619809], [127.76547248762799, 50.34986438767094], [127.76516578488085, 50.35085045943499], [127.76528765518697, 50.35157126494802], [127.76499959895224, 50.35183802272975], [127.76484040499318, 50.35255584319716], [127.76610286272128, 50.35265918496664], [127.76654542836242, 50.351854430089794]]], [[[127.78926799310939, 50.3538020705641], [127.78912288155995, 50.35398043709222], [127.78981871104044, 50.35425749683038], [127.78981413897309, 50.354437326703874], [127.79037629448392, 50.35444317567393], [127.79024489649326, 50.354082053877555], [127.78926799310939, 50.3538020705641]]], [[[127.7663233395318, 50.35499993514149], [127.76629770376447, 50.35598899058484], [127.76699575638126, 50.356176271912126], [127.76674262777087, 50.35509432146959], [127.7663233395318, 50.35499993514149]]], [[[127.7914161322542, 50.35778171911989], [127.79143439820625, 50.3570623995814], [127.79073851842935, 50.356785349282084], [127.79074994073248, 50.35633577461646], [127.79131440222075, 50.35625170426571], [127.79132125224447, 50.355981959388586], [127.79160462204054, 50.35589496566408], [127.79162973193651, 50.35490590088305], [127.79106985441118, 50.35481014296246], [127.79076364711345, 50.3557962849691], [127.79004493257455, 50.35641837995205], [127.79003807521237, 50.356688124681824], [127.79073166490826, 50.35705509406377], [127.79100133807913, 50.35750759143332], [127.7908539371009, 50.35777587489703], [127.79126644913268, 50.35813991803425], [127.79169266435794, 50.35796447010085], [127.7914161322542, 50.35778171911989]]], [[[127.77052212384878, 50.3611602419487], [127.76968575171718, 50.36088158019272], [127.76981701114599, 50.361242723802626], [127.77009812697482, 50.361245697244414], [127.77008883150306, 50.36160535391169], [127.77036762613582, 50.361698240884465], [127.77049192338, 50.362329126234165], [127.77104487945505, 50.362694725996604], [127.77105649018321, 50.362245155082306], [127.77078001362032, 50.36206235555725], [127.77079394914855, 50.361522870450266], [127.77052212384878, 50.3611602419487]]], [[[127.7827184875423, 50.362547688593445], [127.78187511315171, 50.36253885757539], [127.78172534283416, 50.3628970432941], [127.78115617999582, 50.363160895338304], [127.78114927061243, 50.36343063886559], [127.7825618222105, 50.363175619124064], [127.7827184875423, 50.362547688593445]]], [[[127.78692619712264, 50.362951410808975], [127.78622337804276, 50.36294407743503], [127.78621420387303, 50.36330373615803], [127.78691244376166, 50.363490899024285], [127.78692619712264, 50.362951410808975]]], [[[127.76500071338421, 50.36263069516011], [127.76457669380468, 50.36271613013456], [127.76471258750097, 50.36289745123171], [127.7644244583732, 50.363164206553805], [127.76498204429436, 50.36335000692052], [127.76498904529194, 50.36308026502144], [127.76527250457582, 50.36299333623186], [127.76500071338421, 50.36263069516011]]], [[[127.77525651308328, 50.36840529250693], [127.774975354415, 50.36840233122997], [127.77499387578332, 50.36768301740103], [127.77443851558971, 50.36740735030529], [127.77431878651096, 50.36659664078551], [127.77362055214341, 50.366409402430484], [127.77361128159188, 50.36676905925128], [127.7740260542737, 50.367043248396556], [127.77468956427198, 50.368579197697215], [127.77537857668686, 50.369126086737886], [127.7755006437984, 50.36984688077972], [127.77592239470518, 50.369851320627276], [127.77580494859978, 50.36895069850117], [127.77525651308328, 50.36840529250693]]], [[[127.74953541754249, 50.36795169558637], [127.74967126819118, 50.368133033786016], [127.74981184538112, 50.36813454508637], [127.74981893356393, 50.367864804961236], [127.74953541754249, 50.36795169558637]]], [[[127.7503670691562, 50.368410328758465], [127.75037179257129, 50.36823050198037], [127.74981184538112, 50.36813454508637], [127.75008591309923, 50.368407307318066], [127.7503670691562, 50.368410328758465]]], [[[127.75063878041107, 50.36877300309618], [127.75064822526109, 50.36841334951937], [127.7503670691562, 50.368410328758465], [127.75035762218202, 50.368769982296904], [127.75063878041107, 50.36877300309618]]], [[[127.75091993868809, 50.36877602321595], [127.75063878041107, 50.36877300309618], [127.75063405791408, 50.368952829875695], [127.75091521725321, 50.36895585001464], [127.75091993868809, 50.36877602321595]]], [[[127.75105579694073, 50.36895735982931], [127.75090341345616, 50.36940541698552], [127.75146101811028, 50.36959128213709], [127.75146809731005, 50.36932154191037], [127.75118693575084, 50.36931852309208], [127.75105579694073, 50.36895735982931]]], [[[127.7747444622936, 50.37190750371742], [127.77547981422589, 50.37065610868117], [127.77418442071811, 50.371811663569666], [127.7742972085039, 50.37289211498915], [127.77472130228229, 50.37280664524849], [127.7747444622936, 50.37190750371742]]], [[[127.78177177943861, 50.377557511943216], [127.78361346577262, 50.37703715757021], [127.78192159751417, 50.377199327381874], [127.78177177943861, 50.377557511943216]]], [[[127.78642098534847, 50.37724636351317], [127.78613288868394, 50.377513172222244], [127.7873823029491, 50.378155774403524], [127.78711484375897, 50.37761335514345], [127.786554709227, 50.37751757399973], [127.78642098534847, 50.37724636351317]]], [[[127.78689625787763, 50.380668980221884], [127.78789432232541, 50.380139755854216], [127.78790807267399, 50.37960026899553], [127.78704604768477, 50.38031078904144], [127.78577132865668, 50.38065724152429], [127.78548091098807, 50.38101396267474], [127.78689625787763, 50.380668980221884]]], [[[127.7534393631127, 50.379955449252925], [127.75315813848653, 50.37995243474191], [127.75314399380834, 50.38049191453769], [127.75342522162283, 50.38049492910612], [127.7534393631127, 50.379955449252925]]], [[[127.75285804999041, 50.38066872585714], [127.7531392788198, 50.38067174112448], [127.75314399380834, 50.38049191453769], [127.75286276604174, 50.3804888992895], [127.75285804999041, 50.38066872585714]]], [[[127.75128532099632, 50.3816411751726], [127.75284861774401, 50.381028378974655], [127.75285804999041, 50.38066872585714], [127.75201200415198, 50.38074958922933], [127.75171897395693, 50.3811961374276], [127.75115887174064, 50.381100186083636], [127.75100644825076, 50.38154824217672], [127.7511447038087, 50.3816396653619], [127.75128532099632, 50.3816411751726]]], [[[127.75100172500338, 50.381728068584344], [127.7511447038087, 50.3816396653619], [127.75100408663306, 50.38163815538126], [127.75100172500338, 50.381728068584344]]], [[[127.75071812798357, 50.381814961295646], [127.7507228523178, 50.38163513491014], [127.75100644825076, 50.38154824217672], [127.75044398073108, 50.38154220057384], [127.75043689265344, 50.38181194012554], [127.75071812798357, 50.381814961295646]]], [[[127.75153822781404, 50.38272315285351], [127.75149809410028, 50.38425167712911], [127.75191996892583, 50.38425620493853], [127.75195536924771, 50.38290750685489], [127.75153822781404, 50.38272315285351]]], [[[127.77753894742084, 50.38902520988299], [127.77710777466686, 50.38938043056762], [127.77794931225594, 50.38947921354643], [127.77796086873815, 50.38902964355324], [127.77753894742084, 50.38902520988299]]], [[[127.74775039684717, 50.393025358692256], [127.74719964307391, 50.39256973585403], [127.74744540228899, 50.39392145884513], [127.74786499367642, 50.39401591488348], [127.74775039684717, 50.393025358692256]]], [[[127.78586312386996, 50.39909553572348], [127.78585163800501, 50.39954510625446], [127.78640284518954, 50.40000054874385], [127.78642351048576, 50.39919132166013], [127.78628743221857, 50.39901002571064], [127.78586312386996, 50.39909553572348]]], [[[127.78415897425043, 50.39970730231228], [127.78459938800651, 50.39899240013634], [127.78417737721632, 50.39898798991639], [127.7838776295262, 50.399704361240666], [127.78400909905496, 50.4000654880054], [127.78429274612296, 50.39997851473113], [127.78415897425043, 50.39970730231228]]], [[[127.77560216371717, 50.40960067381719], [127.77631261815016, 50.40933833540906], [127.7763218822645, 50.40897868087139], [127.77576140177764, 50.40888284574018], [127.77460333959971, 50.41012978459775], [127.77501617353376, 50.4104938845449], [127.77557898894662, 50.41049980977893], [127.77560216371717, 50.40960067381719]]], [[[127.77472548927216, 50.41085057513763], [127.77331611930705, 50.41092566005963], [127.77316844788207, 50.411193916758336], [127.77471389322461, 50.41130014289258], [127.77472548927216, 50.41085057513763]]], [[[127.77652223235448, 50.41212861734019], [127.77553495363733, 50.41220816769987], [127.77538729057832, 50.41247642721881], [127.7760885225932, 50.41257374487564], [127.77652223235448, 50.41212861734019]]], [[[127.76340594035152, 50.41315912532724], [127.76341062191558, 50.41297929905088], [127.7629884902361, 50.4129748110748], [127.76268130534386, 50.41396086242561], [127.76324181805124, 50.414056760741516], [127.76368268204855, 50.413341942769016], [127.7636873625954, 50.41316211647958], [127.76340594035152, 50.41315912532724]]], [[[127.77907321038904, 50.4169221272048], [127.77808352244335, 50.41709161203501], [127.77807426900054, 50.417451266304774], [127.77906396449549, 50.41728178161772], [127.77907321038904, 50.4169221272048]]], [[[127.77560777335154, 50.42030334481781], [127.77521340283737, 50.41921993944438], [127.77465280418197, 50.41912409828171], [127.77476337604698, 50.420294454911705], [127.7753216698719, 50.42048020904965], [127.77560777335154, 50.42030334481781]]], [[[127.77871083766335, 50.42006614809369], [127.7777210827557, 50.420235629269996], [127.77771645416937, 50.42041545628583], [127.77870390042912, 50.42033588872263], [127.77871083766335, 50.42006614809369]]], [[[127.8449730115262, 50.42173219001224], [127.84470246807832, 50.42127981676624], [127.84442098941678, 50.421277021249686], [127.844126378868, 50.42181371898049], [127.8449730115262, 50.42173219001224]]], [[[127.843279743403, 50.4218952417665], [127.84188329767726, 50.42143166213699], [127.8418723330093, 50.42188124004395], [127.84341391435883, 50.42216638787588], [127.843279743403, 50.4218952417665]]], [[[127.78364132494929, 50.42542413011789], [127.78350288019723, 50.42533274487878], [127.78350057643904, 50.4254226585016], [127.78364132494929, 50.42542413011789]]], [[[127.77158236183979, 50.42898487614946], [127.77166843886847, 50.42565808795393], [127.77139624851543, 50.42529546271532], [127.7711147535548, 50.42529248969468], [127.77106122469687, 50.42736049310662], [127.77073315495132, 50.4291557822012], [127.77115310425158, 50.42925015625644], [127.77158236183979, 50.42898487614946]]], [[[127.77497448893686, 50.428481016047485], [127.77470225738999, 50.42811839841806], [127.77427998934091, 50.42811395044959], [127.77412298108092, 50.4287418602843], [127.77440217554137, 50.42883473943836], [127.7744068180632, 50.428654912906616], [127.77497448893686, 50.428481016047485]]], [[[127.77410440635295, 50.42946116628874], [127.77367283561144, 50.42981636897584], [127.77452204415464, 50.42964544149439], [127.77468137110297, 50.42892761792882], [127.77411833746974, 50.42892168679426], [127.77410440635295, 50.42946116628874]]], [[[127.82479040944698, 50.43520055328717], [127.82436807065498, 50.43519628665634], [127.82435470752752, 50.435735775494194], [127.8240709174302, 50.43582284496014], [127.82406423408025, 50.43609258932773], [127.82462958979218, 50.436008364565424], [127.82463849659258, 50.43564870532755], [127.82492451075278, 50.435471719636595], [127.82479040944698, 50.43520055328717]]], [[[127.78196625801779, 50.452297923962135], [127.78197780222237, 50.45184835817694], [127.78114439349109, 50.45138994483949], [127.78087891862565, 50.45075760235418], [127.78032024838288, 50.45057187312395], [127.78033643103294, 50.449942481211814], [127.78005710121732, 50.44984961565568], [127.77980552537085, 50.44867779189335], [127.78037804091622, 50.44832404453467], [127.78038728703963, 50.4479643918749], [127.78066891745945, 50.447967343416515], [127.780680472182, 50.44751777751176], [127.78110753410553, 50.447342377075955], [127.7811144643271, 50.4470726374644], [127.78167771478007, 50.44707853627183], [127.78183237954742, 50.446540531144464], [127.78254335683874, 50.446278160037004], [127.78240716161474, 50.446096860129], [127.78268878116161, 50.44609980670421], [127.78269800904117, 50.445740153597384], [127.7834043583869, 50.44565760365709], [127.78413605145502, 50.444586002698045], [127.78415218005814, 50.44395660924302], [127.78360049155597, 50.44350115596925], [127.78402981068142, 50.44323583099936], [127.78403672328287, 50.44296609090375], [127.78375512219198, 50.442963147721855], [127.78376434096306, 50.44260349427778], [127.78404593992079, 50.44260643742232], [127.78405285227615, 50.442336697295765], [127.78377125491829, 50.44233375417926], [127.78395583445916, 50.4406268714686], [127.7836788565893, 50.44044410140268], [127.7838634309095, 50.438737218265025], [127.78360720590291, 50.43774522715417], [127.78332794092944, 50.43765236972631], [127.78334177126499, 50.43711288914187], [127.78306020497337, 50.43710994452388], [127.78334638128308, 50.4369330622686], [127.78278555693686, 50.43683725896872], [127.78279939303675, 50.43629777841691], [127.78196393920707, 50.435929285066756], [127.78170084424002, 50.435207029932], [127.78114004368985, 50.435111218842266], [127.78115851553332, 50.434391911653265], [127.78088158451902, 50.43420913507378], [127.78022161519579, 50.432493403290295], [127.78051932365696, 50.431866960661935], [127.78043168778713, 50.429797476136955], [127.78105245115563, 50.42755553957815], [127.78190851429116, 50.42711481706413], [127.78192004873014, 50.426665249332515], [127.7822015529636, 50.42666819627068], [127.78249919750675, 50.426041747510794], [127.783350611725, 50.42578084117291], [127.7834982726691, 50.425512572122926], [127.78321677515096, 50.42550962837035], [127.78322138374462, 50.42532980114489], [127.78407738653078, 50.42488906207434], [127.78437499484207, 50.42426260807021], [127.78395275955943, 50.424258195446114], [127.78351670250049, 50.42479326311097], [127.78295141128176, 50.42487728868743], [127.78279913915352, 50.425325384267424], [127.78194542346378, 50.42567620019326], [127.78193619645211, 50.42603585444635], [127.78108015320163, 50.426476577385806], [127.78064635243922, 50.42692172020159], [127.7806255683419, 50.427730941672976], [127.77963334841694, 50.42799035127498], [127.77958943164971, 50.42969870661518], [127.77927785203524, 50.43086462750799], [127.77921541818328, 50.43329228867368], [127.77948540132887, 50.43374480924539], [127.77946690455751, 50.43446411606711], [127.77973920824374, 50.434826722681144], [127.77985686994174, 50.435727332521175], [127.78054690315204, 50.43627419217622], [127.7805284208063, 50.43699349896771], [127.78094153057194, 50.43735757823737], [127.78105460163864, 50.43843801336431], [127.78088840695254, 50.439425584925004], [127.78060220639271, 50.43960246088651], [127.78057448057466, 50.440681420440114], [127.78000205969532, 50.44103516989363], [127.77926107721878, 50.442466398095334], [127.77966959919313, 50.443010308245036], [127.78037360163961, 50.44301768964279], [127.78078907221297, 50.443291856205924], [127.7807752098246, 50.44383133570287], [127.78146536992918, 50.44437819008281], [127.78144920544818, 50.44500758286419], [127.78073362012141, 50.4454497738753], [127.78028808187585, 50.44634447867206], [127.779574778417, 50.44669674906041], [127.77927696103032, 50.44732318694546], [127.77841356017092, 50.44803362510539], [127.77839040704984, 50.44893275603918], [127.77781091992006, 50.44955623259972], [127.77778543748273, 50.450545276136474], [127.77888655924674, 50.451546147606074], [127.77944754875867, 50.45164197065276], [127.7805556656268, 50.45237308733298], [127.78054873092415, 50.45264282664147], [127.7825203393791, 50.45266347176196], [127.78225022265899, 50.4522109587011], [127.78196625801779, 50.452297923962135]], [[127.78108684346303, 50.44266541369984], [127.78235634687788, 50.442588768335824], [127.78191086693731, 50.4434834801899], [127.7810752945798, 50.44311498004943], [127.78108684346303, 50.44266541369984]], [[127.78240941249678, 50.44052076165033], [127.78213013367858, 50.44042790129084], [127.78213705638792, 50.44015816125455], [127.78241402660508, 50.44034093494519], [127.78240941249678, 50.44052076165033]], [[127.78214859400214, 50.439708594497944], [127.78229169202358, 50.439620154689074], [127.78228938480255, 50.4397100680495], [127.78214859400214, 50.439708594497944]]], [[[127.77445679984625, 50.44853164285203], [127.77364676519805, 50.4471740468662], [127.77308119001019, 50.44725802211628], [127.77360027852609, 50.44897230565327], [127.774299721579, 50.44915955029051], [127.77445679984625, 50.44853164285203]]], [[[127.80478283603935, 50.452444582000524], [127.80506449558506, 50.45244747468966], [127.8049123388068, 50.45289559796525], [127.80547566332649, 50.45290138207227], [127.80521664941878, 50.45199935116099], [127.80479189849883, 50.45208492636446], [127.80478283603935, 50.452444582000524]]]]}, "bbox": [127.25087527473308, 50.1265889045806, 127.84695327307553, 50.453568927664776]}], "bbox": [127.25087527473308, 50.1265889045806, 127.84695327307553, 50.453568927664776], "name": "baseline_2018_09_low__blagoveshchensk_water_peak"}