{"type": "FeatureCollection", "features": [{"id": "0", "type": "Feature", "properties": {"contour_id": "water_pre_0001", "area_ha": 8074.16, "pair_id": "baseline_2018_09_low__blagoveshchensk", "layer": "water_pre", "aoi_name": "Благовещенск — слияние Амура и Зеи", "event_name": "Контрольный период межени, сентябрь 2018", "date_peak": "2018-09-15"}, "geometry": {"type": "Polygon", "coordinates": [[[127.29654807045219, 50.4518700358195], [127.29670823739073, 50.45133273481164], [127.29741221177214, 50.45134303882036], [127.29757236702338, 50.45080573646038], [127.29799474710065, 50.45081191619383], [127.2980044246432, 50.45054223478864], [127.29828600984419, 50.45054635372036], [127.29843647746542, 50.45027873145286], [127.2995692583107, 50.450115411085804], [127.29929412213141, 50.44993150753992], [127.30086858514521, 50.44923498426296], [127.30101903393398, 50.448967358410414], [127.3015821865884, 50.44897558082041], [127.30187019964491, 50.448799902984305], [127.30188307271065, 50.448440326926644], [127.30386373056862, 50.4481993962608], [127.30401415912411, 50.447931766288086], [127.30529407410077, 50.44759065325224], [127.30530049741668, 50.447410864870406], [127.306999529743, 50.4471657784104], [127.30700915485399, 50.44689609557789], [127.30785384967582, 50.44690838432959], [127.30827940324625, 50.44682463206799], [127.30828581507608, 50.44664484338513], [127.30913050598164, 50.4466571228265], [127.30914011880749, 50.446387439673686], [127.31026636786514, 50.446403802572526], [127.31041675455504, 50.44613616382675], [127.31112065682954, 50.446146384157], [127.31127103787466, 50.445878744239586], [127.31197173780843, 50.4459788538901], [127.31325154464625, 50.44563765210714], [127.31494408867565, 50.44557223775742], [127.3149792124848, 50.444583396317206], [127.31469766024104, 50.444579318122095], [127.31401933819134, 50.443849962489416], [127.31430408018805, 50.44376414761763], [127.31431366262602, 50.4434944636115], [127.31473278794749, 50.443590476637524], [127.31472640123792, 50.443770266012244], [127.3151519149975, 50.44368648816878], [127.31541750169389, 50.44414003879237], [127.3157054345448, 50.44396432576743], [127.31611499459417, 50.44433001807137], [127.31695964769783, 50.44434224028334], [127.3169692152407, 50.44407255593618], [127.31754187863636, 50.44381101615662], [127.31753550251952, 50.443990805783905], [127.31781705168191, 50.44399487707911], [127.3177883631498, 50.44480393044186], [127.3186266532042, 50.44499593028749], [127.31847312990615, 50.44535347502444], [127.32100396702022, 50.445479967410805], [127.32101351196438, 50.44521028255736], [127.32453297786031, 50.44526102050354], [127.32524004587269, 50.44518126017718], [127.3252463930677, 50.44500146987757], [127.33397466741175, 50.44512678687157], [127.33412491684628, 50.44485911607707], [127.33864242447945, 50.44456395063822], [127.33879579369321, 50.4442063777333], [127.34006593033692, 50.44413456594952], [127.34007536649533, 50.443864878415454], [127.34106708451203, 50.443699142295564], [127.34176467735446, 50.443888968736466], [127.34149255340564, 50.443615267646216], [127.34262503627698, 50.44345152487647], [127.3430599192613, 50.443097956500374], [127.34390770004381, 50.44302008689797], [127.34391397602842, 50.44284029482619], [127.3450432967191, 50.442766424293], [127.34519974724401, 50.442318946214826], [127.34604437705794, 50.44233095698179], [127.34605377863858, 50.44206126854878], [127.3466168623027, 50.442069272245945], [127.34691406521982, 50.441623792130166], [127.34834053916849, 50.441104408171995], [127.34906627648292, 50.44048512428505], [127.34962934230172, 50.440493113226495], [127.34935093677468, 50.440399222775135], [127.34977948859336, 50.4402254210114], [127.34964810335141, 50.43995373520089], [127.35078984607956, 50.43952022262529], [127.35094310691117, 50.43916263236363], [127.35151240391616, 50.43899081919376], [127.35296995219622, 50.43757241215413], [127.3535704134992, 50.436501623110054], [127.35358912710905, 50.43596224364366], [127.35277581147588, 50.43505132320072], [127.35349204038542, 50.434701699367174], [127.35337312480588, 50.43407043104783], [127.35282261459362, 50.43370287463133], [127.3526943493187, 50.43334129538852], [127.35226899180468, 50.4334252122327], [127.35214073146263, 50.433063632410985], [127.35158399777391, 50.43287586338915], [127.35173098594029, 50.432698064522995], [127.35144949893112, 50.43269407592019], [127.35118675035923, 50.43215070746638], [127.35103039190471, 50.43259819522149], [127.35034854868265, 50.431958942766705], [127.34992632506, 50.431952954654136], [127.35007644151968, 50.43168526139872], [127.34951348004368, 50.43167727562301], [127.34924137931903, 50.43140359235129], [127.34967297528884, 50.43113989346851], [127.35050178705221, 50.43160135243397], [127.35135247370545, 50.43143352979135], [127.35244718646716, 50.4323484467167], [127.35230020207649, 50.43252624653462], [127.35326668903626, 50.4330795761336], [127.353388720043, 50.433620948018756], [127.3538140774368, 50.43353702708074], [127.35447728787214, 50.434715639604356], [127.35503405474861, 50.434903395041175], [127.35529997766122, 50.435356858462136], [127.35643533169232, 50.43510308197003], [127.35644467182777, 50.434833391790875], [127.35731717838988, 50.434036248709404], [127.35765156029129, 50.4325119774913], [127.3580613503408, 50.4328775249604], [127.35823008250678, 50.432070439749054], [127.35795170849421, 50.43197657006296], [127.3579765894719, 50.431257395286224], [127.3582829445903, 50.430542193042704], [127.35831714703362, 50.42955332729024], [127.35778220048647, 50.42873630973348], [127.35816316455536, 50.42586358132679], [127.35805353382379, 50.424962625615805], [127.35763137077821, 50.42495666605488], [127.35766868984678, 50.42387790271766], [127.35796567175173, 50.423432390924866], [127.35807448463922, 50.42028599588408], [127.35750543654461, 50.42045784409635], [127.35766169147283, 50.42001034576218], [127.35807759329442, 50.42019609885527], [127.3580869191653, 50.4199264077596], [127.35766480087895, 50.41992044874767], [127.35787079524899, 50.41803459746303], [127.35764225064949, 50.41650237461993], [127.35781403379, 50.41560539024439], [127.35753575638495, 50.41551152024748], [127.35772618961333, 50.41407515324133], [127.35744792128219, 50.413981283098856], [127.35719453091423, 50.41316823555717], [127.35677558320248, 50.41307237680154], [127.35676625215497, 50.4133420680394], [127.35634419265608, 50.41333610479622], [127.35633485907228, 50.413605795963456], [127.35548451005293, 50.413773658800025], [127.3554627197433, 50.414402937849864], [127.35461546802834, 50.41448089715826], [127.35459989498703, 50.41493038195061], [127.3541778218352, 50.414924410713716], [127.3541591288747, 50.41546379230009], [127.35331497342145, 50.41545184500695], [127.35329627031354, 50.41599122631045], [127.35273349394328, 50.41598325789519], [127.35243339259733, 50.41651865368764], [127.35200506631722, 50.41669246807937], [127.351983227655, 50.41732174571231], [127.35113279715284, 50.417489575835106], [127.35126413181949, 50.417761260459336], [127.35067947829596, 50.41838255911855], [127.35066074331411, 50.418921939434306], [127.34980403119474, 50.41926955286346], [127.34976966398332, 50.420258416146176], [127.34934754450944, 50.42025242693218], [127.3493100412346, 50.42133118643663], [127.3484564025893, 50.42158889268695], [127.34858773265013, 50.421860580109986], [127.34827503626663, 50.42275555006936], [127.34757459623506, 50.422655661286406], [127.34671779403371, 50.423003250893984], [127.34684911781767, 50.42327494015762], [127.34612675206446, 50.423804317823475], [127.34584531857057, 50.423800316171345], [127.34582965736749, 50.4242497982561], [127.34511980000309, 50.424419583749454], [127.34496654573208, 50.424777167248436], [127.34425354213172, 50.42503684368287], [127.34398150917956, 50.4247631484728], [127.34312778038488, 50.42502081458692], [127.34285261610248, 50.42483701307711], [127.3434343158051, 50.42430565250285], [127.34414417723875, 50.42413587733444], [127.34444128691099, 50.42369040134556], [127.34430684080665, 50.42350860586154], [127.34473839092554, 50.42324492451059], [127.34489477558274, 50.42279744479754], [127.34517620299842, 50.422801448691516], [127.34548269256125, 50.422086280506534], [127.34590482751253, 50.42209228389854], [127.3457766443767, 50.42173069715098], [127.3460580655963, 50.42173469885119], [127.34681483066944, 50.4202164594999], [127.34723694928505, 50.42022245789912], [127.34724946583442, 50.419862871728945], [127.34767470969926, 50.41977897195575], [127.34770599181773, 50.418880006216924], [127.34812809874538, 50.41888600126896], [127.34829069017316, 50.41825872299317], [127.34885349224591, 50.41826671315673], [127.34903795001662, 50.41701015702993], [127.34946004061092, 50.41701614709025], [127.34947878796012, 50.41647676692284], [127.35018851094888, 50.4163069533003], [127.35036043382813, 50.41540998126627], [127.35120770840375, 50.415332053193715], [127.35151717705892, 50.414526970061715], [127.3519423657464, 50.41444305407503], [127.35180791605752, 50.41426126695837], [127.35238002807439, 50.413999549055156], [127.35224869688557, 50.41372786556061], [127.35281768216844, 50.41355604227653], [127.35283015351564, 50.41319645468217], [127.35355228135036, 50.4126670321687], [127.35397121872391, 50.41276290244326], [127.35370231392673, 50.412399332589985], [127.3542775079985, 50.412047707985224], [127.3545806735232, 50.41142240955546], [127.35500271564791, 50.41142837903296], [127.35516207549895, 50.41089098628997], [127.355587225358, 50.41080705655081], [127.35588725372439, 50.410271651420835], [127.35616549732144, 50.410365525114536], [127.3560372653242, 50.410003948523226], [127.35660308211182, 50.409922003158805], [127.3564748478893, 50.40956042700272], [127.35719687939019, 50.40903098061385], [127.35706242427486, 50.40884919936188], [127.35734687956462, 50.40876327586275], [127.3575030948969, 50.40831577651651], [127.35821266771374, 50.408145912245004], [127.35809996180214, 50.40733485155234], [127.3591188016258, 50.40635987724355], [127.3592936204395, 50.40537299124164], [127.35958115501433, 50.405197164666426], [127.3596028836708, 50.40456788331716], [127.35988730869232, 50.40448195325163], [127.36005589759948, 50.403674860319846], [127.36012105887185, 50.40178701510122], [127.35969910128871, 50.401781065008464], [127.35974875606534, 50.40034270659415], [127.35932991547048, 50.40024685787867], [127.3592109975682, 50.399615592007166], [127.35892970547692, 50.39961162337112], [127.35882010898474, 50.3987106649074], [127.35839817898729, 50.39870471035759], [127.35827617102578, 50.39816334091074], [127.35772292500458, 50.39788570652916], [127.35773535231156, 50.397526117076175], [127.35732275576451, 50.39725046664378], [127.35719765569927, 50.39679899344724], [127.35677885153487, 50.396703135840525], [127.3565286666809, 50.395800188178164], [127.35584104484224, 50.395340763085294], [127.3555939949157, 50.39434791612555], [127.35503147415764, 50.394339961280714], [127.35450007906223, 50.39343303095303], [127.35421882421873, 50.39342905127772], [127.35381251082654, 50.39297359420859], [127.35382496554533, 50.392614005155615], [127.35340931957357, 50.39242823851148], [127.35355617223381, 50.39225043486763], [127.35299679204016, 50.392152573172304], [127.35301236765777, 50.39170308697263], [127.3524685755177, 50.391155736606834], [127.35247792360151, 50.39088604491677], [127.35151229255987, 50.39033271331941], [127.35166849794192, 50.38988522038842], [127.35124976599464, 50.38978934346161], [127.35071225403294, 50.38906219073223], [127.35001542392659, 50.38887242369612], [127.34988729298811, 50.38851084005606], [127.34905298458249, 50.38822917502681], [127.34906859531321, 50.38777968941403], [127.34754688232616, 50.38703854583606], [127.34729066924226, 50.386315373215425], [127.34687822991735, 50.386039686756284], [127.34689698595929, 50.38550030440339], [127.34647830246094, 50.385404410697], [127.3464939359635, 50.38495492544807], [127.3459377843121, 50.38476713361408], [127.3455410081687, 50.384041957390046], [127.34525981013776, 50.38403795659117], [127.34513485673531, 50.383586470889966], [127.34471619370592, 50.38349057100824], [127.34446630215699, 50.38258759833984], [127.3439101862168, 50.382399797084], [127.34392897349832, 50.3818604151998], [127.34365718361411, 50.38158671970413], [127.34309481718448, 50.381578708600166], [127.34311361316578, 50.381039326861654], [127.34284183260154, 50.380765629514876], [127.34227947611231, 50.38075761456311], [127.34203277861356, 50.37976473991235], [127.34147356975942, 50.379666824256844], [127.34092690957701, 50.37920931838522], [127.33980223474445, 50.37919326760573], [127.33980851205104, 50.379013473924424], [127.3393899002705, 50.37891755529398], [127.338124649902, 50.378899480759806], [127.33770604266194, 50.37880355610895], [127.33771232780525, 50.37862376260652], [127.33658137925973, 50.378787474281516], [127.33602848518991, 50.378509739265255], [127.33590048703238, 50.37814814091458], [127.33534131044806, 50.37805019605373], [127.33523220144575, 50.37714921703526], [127.33549762438687, 50.377602725035416], [127.33591936230641, 50.37760876082182], [127.33632537499658, 50.378064278589925], [127.33717200303207, 50.377986445974194], [127.3371657159885, 50.378166239447154], [127.33970559398573, 50.3779327046847], [127.3397181487043, 50.37757311725521], [127.33915583084821, 50.377565087568385], [127.33906548898368, 50.376124730267385], [127.33836889540011, 50.37593489535231], [127.33825973285815, 50.375033918343966], [127.33756315848096, 50.37484407875611], [127.3373040161963, 50.37421078161904], [127.33674173877279, 50.37420274064802], [127.33675745805816, 50.37375325674286], [127.33648261076021, 50.37356944175491], [127.33564549822732, 50.373377579957214], [127.33565493578476, 50.37310788973033], [127.3353738037939, 50.373103865662074], [127.33428076049428, 50.37218879571216], [127.33443076779955, 50.371921119011255], [127.3337279559112, 50.3719110503409], [127.33371220903113, 50.37236053369767], [127.33412760282503, 50.37254636887542], [127.33423983095055, 50.37335745263188], [127.33494266438913, 50.373367518417204], [127.334923780881, 50.373906898637834], [127.33450207599275, 50.3739008595611], [127.33451152020731, 50.37363116951521], [127.33436465608153, 50.37380894952186], [127.33380553364512, 50.37371099773841], [127.33370276071115, 50.37263022369325], [127.33314365351387, 50.37253226885786], [127.332897185758, 50.371539375773246], [127.33234124498445, 50.37135152056961], [127.3320853427285, 50.370628315682524], [127.33166366750861, 50.37062226659848], [127.33154202899222, 50.37008087030313], [127.33126406925953, 50.369986939877016], [127.33127983794101, 50.36953745689558], [127.33086132704592, 50.36944150840399], [127.33087709922687, 50.36899202547233], [127.33046490427185, 50.36871628242973], [127.33048383484777, 50.3681769029484], [127.33006849335197, 50.36799105513617], [127.32980948639668, 50.36735774193186], [127.32925676390046, 50.367079975893375], [127.32886038453333, 50.366354744601104], [127.3284419065756, 50.366258787675434], [127.32804554623871, 50.36553355369709], [127.32762707717949, 50.365437593913335], [127.32724021821556, 50.364442667773496], [127.32682176039364, 50.36434670518498], [127.32683756787794, 50.36389722278312], [127.3264286023114, 50.36353156938582], [127.32600699119087, 50.36352550040999], [127.32603545739609, 50.3627164322806], [127.32520174313142, 50.362434600803766], [127.32509601955633, 50.36144371575778], [127.32439653152888, 50.361343695789564], [127.324434519744, 50.360264938736655], [127.32360085784568, 50.359983096185765], [127.32353634434877, 50.357823556246174], [127.32311478441103, 50.35781747728208], [127.32310844876733, 50.357997270094394], [127.32283374453297, 50.35781342379078], [127.32289077197662, 50.356195288433895], [127.32278510728963, 50.35520440087824], [127.32250725154275, 50.355110450320666], [127.32256111624949, 50.35358221092686], [127.32229594578064, 50.353128674147925], [127.32211000712046, 50.350427725354784], [127.32238674046093, 50.346564202661774], [127.3219684491577, 50.346468223979194], [127.32231801690037, 50.34053707667465], [127.32175614138981, 50.34052896716613], [127.32183217903794, 50.338371447989495], [127.32225356657554, 50.338377529912215], [127.32252702822792, 50.334603895102745], [127.32225562584098, 50.33433015134401], [127.32253969333114, 50.33424430812482], [127.32255235817726, 50.333884721122224], [127.32283325683198, 50.33388877390725], [127.32284591930267, 50.33352918682855], [127.32369493725888, 50.33336154733389], [127.32371708461828, 50.33273226959526], [127.32413842268328, 50.33273834419814], [127.3241479117849, 50.33246865365777], [127.32485013824254, 50.33247877450826], [127.32500006777349, 50.332211107499845], [127.32585221466347, 50.33195355499262], [127.32600845568398, 50.331506092700266], [127.32628934081107, 50.331510136999334], [127.32630197613014, 50.33115054913759], [127.32686374234055, 50.331158635598385], [127.32716356850852, 50.330623295741724], [127.32786892463098, 50.33054350106574], [127.32802514182502, 50.33009603572478], [127.3284464575045, 50.330102094489966], [127.3284559213352, 50.32983240323352], [127.32930800728248, 50.329574824685125], [127.32932692469325, 50.329035441872264], [127.33016953799961, 50.329047548260014], [127.33017899172395, 50.32877785671756], [127.3306002962105, 50.328783907564976], [127.33061919846254, 50.328244524323274], [127.33147124448271, 50.327986929453374], [127.33150902762618, 50.326908162287545], [127.33235160425266, 50.3269202524956], [127.33236104491459, 50.3266505605544], [127.3319397589117, 50.3266445162708], [127.3319492018121, 50.32637482437325], [127.33279176919716, 50.32638691129966], [127.33283895772195, 50.32503845102873], [127.33368150186065, 50.32505053127719], [127.333700366737, 50.324511146841814], [127.33412792083432, 50.32433738970013], [127.33415935276, 50.323438415295556], [127.33500186917715, 50.32345048570052], [127.33503956632893, 50.32237171575217], [127.33546081522573, 50.32237774843658], [127.33548907943849, 50.3215686706575], [127.33605073533089, 50.321576711634016], [127.33606329255508, 50.3212171213679], [127.33634725721693, 50.321131243205016], [127.33638805934878, 50.31996257448411], [127.33680928724212, 50.31996860207554], [127.33683752615148, 50.319159523405716], [127.33767996808021, 50.31917157366822], [127.33771759890416, 50.31809280145569], [127.33813881055862, 50.31809882406958], [127.33814821552555, 50.31782913092447], [127.33899063450173, 50.31784117146165], [127.33902823388995, 50.31676239828431], [127.33987063439037, 50.31677443226209], [127.34007365805486, 50.31497848065288], [127.3399426569809, 50.31470678217439], [127.33938734547364, 50.31451896513828], [127.33939674218385, 50.31424927165561], [127.33967752753702, 50.31425328262527], [127.33940927090832, 50.31388968032385], [127.33983670846767, 50.31371590073452], [127.33972763244547, 50.312814916946785], [127.34001467116782, 50.312639131272114], [127.34003032531399, 50.312189641837755], [127.34101303218897, 50.31220367149754], [127.34088203298138, 50.311931973975234], [127.34130944757229, 50.31175818868782], [127.34117531927579, 50.31157638942808], [127.34175249639401, 50.31113491188487], [127.34217364743837, 50.31114091928411], [127.3421642674711, 50.31141061329076], [127.34188349850552, 50.31140660848927], [127.34200512103072, 50.31194799890837], [127.34298469871098, 50.31205190985694], [127.34397989749787, 50.31170632222011], [127.34471304406078, 50.3108173391677], [127.34557406298565, 50.310289941933924], [127.34543992230282, 50.31010814743217], [127.3458673041628, 50.309934345007804], [127.34602016153814, 50.3095767498394], [127.3467345300106, 50.30922714238474], [127.34674700116815, 50.30886754940708], [127.3480259745278, 50.308436020632435], [127.3480384355967, 50.30807642737148], [127.34889002735021, 50.30781869950773], [127.34948264972866, 50.3069276902459], [127.35018139795092, 50.307027552896386], [127.35019073111953, 50.30675785759456], [127.35047458438592, 50.306671943620934], [127.35034665614033, 50.3063103576852], [127.3507646564972, 50.306406232010545], [127.35063983681394, 50.30595474789532], [127.35121685809077, 50.305513221418465], [127.3512292938082, 50.30515362739815], [127.35165350213853, 50.30506970143141], [127.35166593436804, 50.30471010730453], [127.35194355778715, 50.30480398664844], [127.35195288025479, 50.30453429100386], [127.35223361018443, 50.304538271098245], [127.35209945958262, 50.304356484019074], [127.35252365933043, 50.30427255478086], [127.35253608464764, 50.30391296044714], [127.35281681100217, 50.30391693909796], [127.35268265985236, 50.30373515266853], [127.35339689188645, 50.30338550259291], [127.35326273995591, 50.30320371681002], [127.35411731992127, 50.302856050659855], [127.35427940026183, 50.302228747328726], [127.35470667935131, 50.302054911169414], [127.35501220635776, 50.30133969461639], [127.35573258524148, 50.30081023201396], [127.35589773633869, 50.300093027145145], [127.35462526173096, 50.30034484855113], [127.35447249987817, 50.30070245650304], [127.35318137316784, 50.301493653993575], [127.35276030497712, 50.30148768729067], [127.35232059823822, 50.30202111072806], [127.35161570271676, 50.3021010586792], [127.35131322830166, 50.30272636711723], [127.35031204938778, 50.30325181741101], [127.35030271806535, 50.303521512892814], [127.34958534987499, 50.30396104215656], [127.34957601420842, 50.304230737506614], [127.34872760413681, 50.30439857280887], [127.34871514988922, 50.30475816642337], [127.34829405382249, 50.30475218326546], [127.34728968283854, 50.30536750495769], [127.34687169882709, 50.305271618276414], [127.3470058318418, 50.30545341119149], [127.34672509726408, 50.30544941842194], [127.34657225913, 50.30580701494392], [127.34601078599742, 50.30579902659292], [127.34614179855957, 50.306070718732286], [127.34544307335838, 50.30597083200119], [127.345418113687, 50.306690017818966], [127.34441678672648, 50.307215415527565], [127.34469128846355, 50.307399210329024], [127.3446850454901, 50.307579006680065], [127.34440742075107, 50.307485110022995], [127.34453530672872, 50.30784670201326], [127.34397381015744, 50.307838703591784], [127.34424519131015, 50.30811239758546], [127.34409232563418, 50.30846999042155], [127.34394570366639, 50.308647786768304], [127.34338732189389, 50.308549887308466], [127.34367744476381, 50.30828419397008], [127.34370555544406, 50.30747511085235], [127.34456964573005, 50.306857822126915], [127.34458837528682, 50.3063184330195], [127.34573316885333, 50.30570513315106], [127.34588601291006, 50.30534753778507], [127.34644748069167, 50.305355526687], [127.34659720061481, 50.30508782859755], [127.34716178209712, 50.30500591570979], [127.34731461311574, 50.30464831829647], [127.34773570805754, 50.30465430499289], [127.34774505427134, 50.30438460991259], [127.34816303238034, 50.30448049340804], [127.34803201239805, 50.30420880340532], [127.34845621763093, 50.30412488906787], [127.34847178749183, 50.30367539705533], [127.34918293632735, 50.30341567159078], [127.34919227394693, 50.30314597625607], [127.350043770959, 50.302888238803575], [127.350202794363, 50.302350840189234], [127.3507673375457, 50.302268909371506], [127.35106981604083, 50.30164360234843], [127.3516405648766, 50.30138187004535], [127.35179335017834, 50.301024266085385], [127.35222373376224, 50.30076054039344], [127.35334966958206, 50.30068655455737], [127.35350554384084, 50.30023904947563], [127.35435076110583, 50.300161077019744], [127.35437558031767, 50.2994418871564], [127.355077331184, 50.299451820773314], [127.35524558754223, 50.298644717934444], [127.35566663116208, 50.2986506753939], [127.35567593054637, 50.29838097895818], [127.35651801345338, 50.29839288919078], [127.35655519054785, 50.29731410285617], [127.3574003513962, 50.297236107629466], [127.35787400601716, 50.29571377515702], [127.3585787972791, 50.295633788141465], [127.35830430788207, 50.29545002592021], [127.35858498524573, 50.29545399016298], [127.35874388588901, 50.29491657802029], [127.35902765324892, 50.29483064215192], [127.35962610392316, 50.29375977774017], [127.3594919542811, 50.29357799888985], [127.36021216480005, 50.293048506212415], [127.36022761779284, 50.29259901068631], [127.36093544850917, 50.29242910972669], [127.36094780521199, 50.29206951314029], [127.36137496867933, 50.291895651049835], [127.36138423357029, 50.291625953528225], [127.36180521654346, 50.29163188815973], [127.36210130650436, 50.29118634767715], [127.36409362546932, 50.29040492350487], [127.36453000925634, 50.28996135152428], [127.3653781084202, 50.28979339743323], [127.36567723333872, 50.289257947871945], [127.36638807413436, 50.288998113515845], [127.36654070745146, 50.28864048797798], [127.36696782001624, 50.28846660473539], [127.36712660134239, 50.28792917936644], [127.36812112256052, 50.28758337706673], [127.36813034790814, 50.28731367843642], [127.36870083177132, 50.287051859161906], [127.36897838772407, 50.28714569741795], [127.36941469599176, 50.286702106126064], [127.36997595098289, 50.28670997930085], [127.36998516556226, 50.28644028038092], [127.37097656574278, 50.28618435272287], [127.37098884404865, 50.285824753948376], [127.37141284660444, 50.28574075359317], [127.371705741407, 50.2853850867116], [127.37212667148941, 50.2853909834396], [127.37242262556047, 50.284945414892356], [127.37284355191477, 50.28495130898746], [127.37313643115101, 50.2845956383033], [127.37383797025937, 50.28460545659181], [127.37399359684167, 50.28415792047725], [127.37469512981404, 50.28416773353143], [127.37727874390104, 50.28249492521145], [127.37812055555167, 50.28250667629867], [127.37827613478962, 50.28205913383965], [127.3794077005752, 50.28180509047778], [127.37941991345456, 50.28144548992828], [127.38026170748748, 50.28145722533376], [127.38027086223167, 50.28118752479388], [127.38111265206891, 50.281199253993925], [127.38112180192118, 50.28092955332864], [127.38238448059177, 50.28094713553556], [127.38239362317594, 50.2806774346892], [127.38450720908997, 50.2804370064815], [127.3846596782575, 50.28007935507311], [127.38521781748248, 50.28017705432371], [127.38522390171494, 50.27999725348591], [127.38564782839752, 50.27991320037468], [127.38705077803137, 50.27993268040564], [127.38777047714663, 50.27940301084714], [127.38861830990594, 50.27923488427901], [127.3900182086589, 50.27934422891418], [127.39002427462994, 50.27916442762595], [127.39255560730021, 50.27901958253015], [127.39297951296498, 50.27893550245272], [127.39298859503522, 50.27866580010717], [127.39593472466564, 50.27870650184634], [127.39592565922811, 50.278976204579145], [127.39718829541003, 50.27899362549728], [127.3971973537192, 50.27872392259872], [127.40014349299834, 50.27876451770374], [127.40015253453707, 50.27849481440517], [127.40184506811558, 50.278248274341166], [127.40185409987511, 50.277978570794666], [127.4039584563073, 50.27800749030494], [127.40396747604939, 50.277737786469544], [127.40608083175638, 50.27749696349801], [127.4060898393443, 50.27722725936032], [127.40778229913577, 50.27698063205246], [127.4077912969461, 50.27671092766767], [127.40835244504518, 50.27671861445965], [127.40835844139747, 50.276538811480066], [127.40948373014287, 50.27646427530167], [127.40991057981903, 50.27629023137893], [127.40992256054379, 50.275930625115116], [127.410904554841, 50.275944057069104], [127.41120008846227, 50.27549838510903], [127.41204179071458, 50.27550988939841], [127.41205375505461, 50.27515028271457], [127.41290441986207, 50.27489207562695], [127.41291338807007, 50.27462237047488], [127.4133342317549, 50.274628117106104], [127.4133431974509, 50.27435841188561], [127.41503552010842, 50.27411167750752], [127.41505343181439, 50.2735722665607], [127.41631593681502, 50.27358947838238], [127.41632488533725, 50.273319772724584], [127.41716953249416, 50.27324133762238], [127.4171844384017, 50.27279182797272], [127.41802609537412, 50.272803288485385], [127.41803503398653, 50.27253358256822], [127.41929751333853, 50.27255076175075], [127.41930644468891, 50.2722810556564], [127.42099866460501, 50.27203423336672], [127.42100758618257, 50.27176452702717], [127.42227004700771, 50.271781673735944], [127.42225221796888, 50.272321086727565], [127.42307901866955, 50.272782021434516], [127.42306713837556, 50.27314163017945], [127.42461019225007, 50.27316255847987], [127.42574427462769, 50.27281815699686], [127.42813786348457, 50.272580729805156], [127.42814674490681, 50.272311022565766], [127.42898839784095, 50.27232240362532], [127.43026861694034, 50.27180004873049], [127.4326680379496, 50.27138272237341], [127.43281716564161, 50.27111490626014], [127.43352147725194, 50.27103445989082], [127.43381381995081, 50.27067863048652], [127.43451812356456, 50.27059817799494], [127.43464955030936, 50.27086977568555], [127.43493009363183, 50.270873554276044], [127.43493893615064, 50.27060384608058], [127.43535974887119, 50.27060951264323], [127.43508510145254, 50.27042592962077], [127.43663396498772, 50.27026689195722], [127.43663985347231, 50.27008708633006], [127.43706360540833, 50.270002843859224], [127.43679189869445, 50.2697293619904], [127.43707832232549, 50.26955332966728], [127.43287029079838, 50.26949665858253], [127.43286143694223, 50.26976636656311], [127.43201982750146, 50.26975501396302], [127.43203754457917, 50.26921559820417], [127.43287914451987, 50.26922695058825], [127.43288799810671, 50.268957242580235], [127.43330879590405, 50.268962916433914], [127.43331764698131, 50.268693208358194], [127.4371048118363, 50.26874420402576], [127.43711364140468, 50.26847449545116], [127.43921761470673, 50.26850277280735], [127.43922643226631, 50.26823306394999], [127.44175119040433, 50.26826694619987], [127.44175999358052, 50.26799723700646], [127.4430223673328, 50.2680141574116], [127.44329410052856, 50.268287625030496], [127.44329996352228, 50.268107818771924], [127.44484579821135, 50.26803857380015], [127.44485165531063, 50.267858767401414], [127.44751958767056, 50.26780449791247], [127.44766862083924, 50.26753666170803], [127.44893098595244, 50.2675535178318], [127.44893974835537, 50.267283807686795], [127.45147321595084, 50.267047768017896], [127.45204592182861, 50.26669562881583], [127.45345435243864, 50.26653449677832], [127.45361208397348, 50.26599694176226], [127.45403285982606, 50.266002540353426], [127.454041592934, 50.2657328294861], [127.4557246881735, 50.265755208410035], [127.45574213499424, 50.26521578620851], [127.45700444356945, 50.265232554093316], [127.45701315965717, 50.2649628428125], [127.457854694621, 50.26497401368238], [127.45786340582715, 50.26470430228159], [127.45955516942195, 50.26445691390932], [127.45956387086535, 50.26418720226879], [127.4599846319521, 50.26419277916952], [127.45999333088874, 50.26392306746224], [127.4616850563673, 50.263675647693056], [127.46169374554195, 50.26340593574633], [127.46211450016659, 50.263411504874625], [127.46212318683477, 50.263141792861234], [127.46296469173166, 50.26315292644392], [127.46297337351913, 50.26288321431094], [127.46395512435961, 50.26289619566942], [127.46396090845127, 50.26271638749083], [127.46466215685335, 50.26272565475553], [127.4650944656361, 50.2623715965207], [127.46593595813448, 50.26238270846917], [127.46566123816098, 50.26219919682521], [127.46595039934797, 50.26193318755443], [127.46805699735603, 50.26187103606435], [127.46806564999382, 50.261601323228696], [127.46890713009056, 50.26161241354406], [127.46892442547502, 50.261072987620715], [127.46921067974816, 50.26089687429207], [127.47005502825785, 50.26081805183012], [127.47020391297598, 50.260550185063806], [127.47105401075675, 50.26029154645893], [127.47189546895271, 50.26030261493171], [127.47190409943558, 50.26003290153972], [127.4727455534086, 50.260043963817196], [127.47275417901237, 50.25977425030629], [127.47317490382173, 50.2597797791087], [127.47318352692044, 50.25951006553152], [127.47402497218472, 50.259521118463724], [127.47403359040459, 50.25925140476774], [127.47488364478653, 50.25899273769021], [127.47489225799674, 50.25872302386181], [127.47615440629725, 50.258739582234135], [127.47617161808226, 50.25820015422126], [127.47701304144199, 50.25821118531409], [127.47702164239081, 50.25794147118223], [127.4778630615263, 50.257952496080534], [127.47787165759702, 50.25768278183012], [127.4782923649872, 50.25768829194326], [127.47830095855353, 50.25741857762679], [127.47999236386734, 50.25717088810631], [127.48000953135832, 50.256631458985986], [127.48127162739618, 50.25664796129451], [127.48128020382539, 50.25637824655688], [127.48212159708906, 50.25638924037964], [127.48213874006242, 50.25584981065423], [127.48298012435362, 50.25586079817867], [127.48299725731206, 50.255321368189584], [127.48341794490626, 50.25532685956389], [127.48343507259706, 50.25478742941572], [127.48595917241579, 50.2548203450676], [127.48597057160076, 50.254460724520975], [127.48638840321124, 50.254556110221905], [127.4863969501184, 50.25428639474842], [127.48723830853183, 50.254297351201494], [127.4872468505626, 50.254027635610136], [127.4880882047491, 50.25403858587018], [127.48809674190363, 50.253768870161], [127.48935876703732, 50.25378528397834], [127.48937014021547, 50.253425662803366], [127.48992819421248, 50.253522858662514], [127.49021716796318, 50.25325678693265], [127.49092112639276, 50.253175989189046], [127.49092680700805, 50.25299617845625], [127.4914876985833, 50.25300346143903], [127.49149621623418, 50.25273374525918], [127.49318739087802, 50.25248586136231], [127.49319589877788, 50.25221614494749], [127.49445788585916, 50.25223250303195], [127.49446638651077, 50.25196278644788], [127.49615751930047, 50.25171485890519], [127.4961745009743, 50.251175425254324], [127.49743646229314, 50.25119175075295], [127.49744494581786, 50.250922033751756], [127.49913602712837, 50.250674062345716], [127.49914450090401, 50.25040434511038], [127.50040644357468, 50.2504206381805], [127.50041491010322, 50.25015092077655], [127.50294723684607, 50.24991374778502], [127.50293878468261, 50.2501834655122], [127.50223770794615, 50.250174430804044], [127.50236664929545, 50.250535861607275], [127.50208057843815, 50.250712058562286], [127.50236101222504, 50.25071567335988], [127.50248995588225, 50.25107710401496], [127.50291060987637, 50.25108252450439], [127.50290497474374, 50.251262336284675], [127.50459322713759, 50.25110419124135], [127.50475314385771, 50.25047665390385], [127.50627303522137, 50.25121573965325], [127.50754342996017, 50.25096223726706], [127.50823609737324, 50.2512409584009], [127.50881381148666, 50.250708720860146], [127.50909424611464, 50.250712319410994], [127.50922604653661, 50.25098383689534], [127.50978972378128, 50.250901125184086], [127.51006174741003, 50.251174439946254], [127.51147514134284, 50.250832786027466], [127.51386164348456, 50.250773391274635], [127.51385604962432, 50.250953203960464], [127.51427670470285, 50.250958583302285], [127.51400465794777, 50.25068527819547], [127.51568447622408, 50.250796690615246], [127.51567609569508, 50.251066409863355], [127.51609675211701, 50.25107178262648], [127.51639115068859, 50.250625831393265], [127.51975637568673, 50.250668749904214], [127.51975080403014, 50.25084856307283], [127.52046303421582, 50.25049786576815], [127.52284117241302, 50.250708006297565], [127.52312438829682, 50.25062166427933], [127.52313272665046, 50.25035194410317], [127.52509299254767, 50.25046678458007], [127.5252415365819, 50.25019884385448], [127.52903570145615, 50.24997711083176], [127.52904400625245, 50.24970738990873], [127.53016573184469, 50.24972158459497], [127.53031424515851, 50.249453637081196], [127.53199682590589, 50.249474906584744], [127.53200511384034, 50.249205185280275], [127.53410833074572, 50.249231737661106], [127.5341166066905, 50.24896201609046], [127.53580743931705, 50.24871350861062], [127.53581570551947, 50.24844378681101], [127.53623634266299, 50.248449086481656], [127.53624460636706, 50.248179364618046], [127.5370858762857, 50.24818995929257], [127.5370941351189, 50.24792023731459], [127.53878491618951, 50.24767168600543], [127.5387931652814, 50.24740196379889], [127.53921379381325, 50.24740725261427], [127.53923028687574, 50.24686780805987], [127.54007153482547, 50.24687838092363], [127.54007977642377, 50.246608658525496], [127.54092102012979, 50.24661922520105], [127.54092925685795, 50.24634950268881], [127.54219111623884, 50.24636534113715], [127.54219934572458, 50.24609561846065], [127.5430405811927, 50.246106169716356], [127.54304880580861, 50.24583644692593], [127.54431065283144, 50.245852262244895], [127.54431887020532, 50.245582539290446], [127.54516283494922, 50.24550316743891], [127.54516830993825, 50.24532335205858], [127.54601226881385, 50.24524397398151], [127.54601774055662, 50.24506415852535], [127.54727956885071, 50.245079941434476], [127.54729596951293, 50.24454049472952], [127.54813717951016, 50.24455100885971], [127.5481535701851, 50.24401156190047], [127.54968758583445, 50.24430054529905], [127.54984415835928, 50.243762847799545], [127.55027294009197, 50.243498372581556], [127.55030567151034, 50.24241947739267], [127.54988508480326, 50.24241422909698], [127.54989326971877, 50.24214450531578], [127.54566007061686, 50.24299101671662], [127.5443982983789, 50.242975216697864], [127.544409253073, 50.24261558589593], [127.54539062400383, 50.2426278758271], [127.54567922458232, 50.24236166244672], [127.54736156717519, 50.24238270736715], [127.54736976632203, 50.24211298388582], [127.54863970936661, 50.24185902780347], [127.54864790114871, 50.241589304145], [127.54948905970939, 50.24159980804512], [127.54949724662339, 50.241330084273194], [127.54991782371866, 50.24133533389083], [127.55004983235978, 50.24160680726375], [127.55048132047152, 50.24125242304819], [127.5510420892924, 50.24125941744405], [127.55091007590869, 50.24098794514226], [127.55161648308079, 50.240816869061284], [127.55162465776297, 50.24054714499913], [127.55246579909088, 50.24055762719715], [127.5524821385959, 50.24001817883272], [127.55304289343279, 50.24002516345051], [127.5529108718975, 50.23975369329727], [127.55362269586193, 50.239402788559566], [127.55364446345926, 50.23868352355064], [127.55405957780398, 50.23886857425552], [127.554207922761, 50.23860059427141], [127.55448829205073, 50.238604082683906], [127.55450188837739, 50.2381545418309], [127.5550653400225, 50.23807160831941], [127.55564780909725, 50.23735931446922], [127.556211249466, 50.237276375291366], [127.55621668130135, 50.23709655877687], [127.55579885701657, 50.23700142402935], [127.5563731552479, 50.23655885099415], [127.55679912115032, 50.23638425878798], [127.55707133506083, 50.23665746574344], [127.55722237003104, 50.236299573299846], [127.5577885081569, 50.23612671800486], [127.55807971258069, 50.235770564255226], [127.55863770775126, 50.235867429814334], [127.5595004461139, 50.235158593251235], [127.56006114568298, 50.235165543520054], [127.56064079717679, 50.234543131807534], [127.56148724769507, 50.23437373083578], [127.56192129034382, 50.233929393894414], [127.56319094102868, 50.23367527588484], [127.56319904834606, 50.23340555011572], [127.56390259937524, 50.23332430638464], [127.56405627309069, 50.232876495698875], [127.56489728406288, 50.23288688677605], [127.56490538152782, 50.23261716076857], [127.56532588482789, 50.232622353975934], [127.5653339797991, 50.232352627905485], [127.56701598474676, 50.23237338532546], [127.56702407011244, 50.23210365904403], [127.56772490213675, 50.232112300703406], [127.56787314908416, 50.23184430213462], [127.56843650426272, 50.23176130285517], [127.57193795902788, 50.23189433505441], [127.57208618176537, 50.231626330892766], [127.57279237675405, 50.231455123969496], [127.57447971763767, 50.23129595503902], [127.57433419062154, 50.23147405333387], [127.5746145205923, 50.231477492839254], [127.57461988210305, 50.2312976746963], [127.57503769562227, 50.23139274174262], [127.57546890660375, 50.23103826176679], [127.5774338760484, 50.23097239560861], [127.57786506558908, 50.23061790653099], [127.58012369207975, 50.230105879356536], [127.58041469363846, 50.22974966754814], [127.58168147139972, 50.22958525486417], [127.58211528349568, 50.22914084016875], [127.5826785834102, 50.22905777131247], [127.58268657948084, 50.22878804303988], [127.58310705236028, 50.22879317162397], [127.5832578670385, 50.228435243009436], [127.58396397603906, 50.228263967350664], [127.58398527869085, 50.22754469142872], [127.58442969821512, 50.226740629548964], [127.58485547553482, 50.22656593258786], [127.58532647176239, 50.22486277122144], [127.58617532478918, 50.22460327831386], [127.58619924968988, 50.22379409161017], [127.58663828127492, 50.22316983948379], [127.5873469564723, 50.22290863267137], [127.58818514621858, 50.22300876346103], [127.58834121213418, 50.22247100794753], [127.58807951541931, 50.22183823382591], [127.58835979057966, 50.22184163970226], [127.58837571443718, 50.221302181147784], [127.58795530645538, 50.221297072177016], [127.58796327057186, 50.22102734292808], [127.58754286508032, 50.22102223248528], [127.58755083144499, 50.220752503271456], [127.58586922016664, 50.2207320464886], [127.58587719588687, 50.22046231745585], [127.58797919844176, 50.22048788438971], [127.58798716219515, 50.220218155100255], [127.58869047967887, 50.220136759089684], [127.58856892122284, 50.21950568812018], [127.58885183564597, 50.219419182891535], [127.58886775258773, 50.21887972399668], [127.58942826848379, 50.21888653098202], [127.58971913122105, 50.21853029403829], [127.58930405120981, 50.21834537044309], [127.58931200688852, 50.21807564089981], [127.59001264014925, 50.21808414643223], [127.58989106888092, 50.21745307652576], [127.59017396876041, 50.217366567924905], [127.59020842004597, 50.21619773917115], [127.59062878362285, 50.21620283961689], [127.59150657682729, 50.214954296326724], [127.59155687605758, 50.21324600637116], [127.59126870762604, 50.21351233862228], [127.59084836757222, 50.21350724068859], [127.59069236108884, 50.214045000863095], [127.59027201645951, 50.21403990080543], [127.59026671705365, 50.21421972070225], [127.58985167195092, 50.21403479922751], [127.58986757458288, 50.21349533959803], [127.59056814093675, 50.21350384122158], [127.59073209308053, 50.2126963512029], [127.59157805323272, 50.21252672622777], [127.5920486621592, 50.2108235304176], [127.59288929566996, 50.21083371568806], [127.59290516225283, 50.21029425505572], [127.59248749534571, 50.210199253182886], [127.59250601118066, 50.20956988247937], [127.59278621501124, 50.20957327708105], [127.59279943757497, 50.209123726479696], [127.59336777035602, 50.20886078310542], [127.59340477645938, 50.207602040857786], [127.59368496887582, 50.207605433196164], [127.59371667999162, 50.206526510906464], [127.59430346629567, 50.20563419101047], [127.59430874892247, 50.20545437053482], [127.59388847909574, 50.205449284187495], [127.5937959493501, 50.203829204236776], [127.59403641510555, 50.2004143093355], [127.593341324579, 50.20022600965436], [127.59335718010522, 50.199686547927236], [127.59308232020234, 50.199503334618235], [127.59350782216819, 50.19932860284244], [127.59281010594195, 50.199230210393345], [127.59325146249256, 50.198516017782694], [127.5927123333028, 50.19778994889833], [127.59214941902395, 50.19787307008749], [127.59216264208699, 50.19742351869893], [127.59174773386167, 50.19723860464311], [127.58965469667974, 50.19694338383401], [127.58924245245112, 50.19666855074224], [127.58912889039513, 50.195767747743695], [127.58857659874198, 50.19549121106361], [127.58804818224125, 50.194405480335455], [127.58749325945313, 50.19421884879085], [127.58750387153526, 50.19385920817588], [127.58668211970189, 50.19321961552995], [127.58669273750091, 50.1928599749785], [127.58628585549513, 50.192405311366635], [127.58586570166393, 50.19240019695876], [127.58590288340258, 50.19114145518826], [127.58562544453765, 50.191048134763506], [127.58550399256214, 50.190417058474196], [127.58495709814396, 50.18996068477658], [127.58512902700424, 50.188883469186564], [127.58429675730706, 50.18860350066736], [127.58418596306329, 50.187612782442095], [127.58348843740254, 50.18751433541752], [127.58351237628142, 50.18670514445942], [127.58324560892231, 50.186252178085425], [127.58255076664184, 50.186063815490805], [127.58160249910264, 50.18497292839989], [127.58049026125538, 50.184689512826296], [127.5806409496791, 50.184331583946104], [127.58036089501427, 50.18432816129731], [127.58023686207652, 50.18378698955949], [127.5794047096774, 50.183506986743595], [127.57942604703905, 50.182787706670126], [127.57873660702442, 50.182419501686745], [127.57861259697677, 50.18187832823964], [127.57870865628114, 50.178641567350525], [127.5785899919276, 50.177920573502966], [127.57830730623394, 50.178007056272676], [127.57817530454294, 50.177735612247304], [127.57818598037977, 50.17737597205506], [127.57860600103716, 50.17738111312584], [127.57862734576018, 50.17666183253885], [127.57891002290228, 50.176575348898005], [127.5786326818059, 50.17648201237707], [127.57878602465783, 50.17603417521773], [127.57836868423654, 50.17593912481765], [127.5782446936187, 50.17539795056786], [127.57782735982919, 50.17530289826884], [127.57784337604102, 50.17476343782575], [127.57742070834844, 50.17484820425257], [127.57702474781753, 50.17403386862459], [127.57660475679201, 50.17402872208436], [127.57675811021988, 50.17358088751318], [127.57593150030003, 50.17312104092603], [127.57539826065566, 50.17221507320464], [127.57497293691655, 50.172389740928146], [127.57497828586904, 50.17220992091869], [127.57469830274563, 50.17220648521808], [127.57457703762437, 50.171575397148665], [127.57319856314201, 50.17083892760483], [127.57348924657238, 50.17048272696505], [127.57307464305106, 50.170297747985806], [127.5722266897111, 50.17055715515895], [127.57195475650057, 50.17028398316119], [127.57098022003508, 50.17009211032295], [127.57098826526446, 50.16982238066803], [127.57126823400593, 50.16982582519267], [127.57126287158319, 50.17000564498595], [127.57251737856382, 50.17020095698226], [127.5722400868862, 50.17010760551861], [127.57252809401417, 50.16984131720528], [127.57211082017216, 50.16974624478729], [127.57225884236173, 50.169478235958955], [127.57086169067058, 50.1693711087251], [127.57043637620133, 50.169545759992054], [127.56988717726696, 50.16917922688194], [127.56974182685542, 50.169357322749896], [127.5693245629466, 50.16926224039658], [127.56892072837547, 50.16871760745886], [127.56850347170278, 50.16862252220698], [127.56851153045352, 50.16835279277491], [127.56907145021486, 50.168359692942396], [127.5686756835295, 50.16754532964306], [127.56924364822159, 50.16728249937094], [127.56927586429738, 50.166203580962566], [127.56872134093128, 50.1660168622824], [127.56846556945075, 50.16520422312814], [127.56818562804925, 50.16520077207812], [127.56833097127381, 50.16502267797509], [127.56805640447499, 50.16483940691322], [127.56735386845719, 50.164920685425244], [127.5672004567888, 50.165368507710255], [127.56677247586059, 50.1656330556643], [127.56675365089295, 50.166262424136136], [127.56578459987935, 50.16589068892155], [127.56579805526528, 50.165441140182224], [127.56636063033312, 50.165358143365474], [127.56651136013596, 50.16500023204373], [127.56639828871715, 50.16409940636741], [127.56569845207999, 50.164090765159756], [127.5657172894551, 50.16346139674182], [127.56489095969106, 50.163001473207814], [127.56490442208118, 50.16255192441949], [127.5640673398309, 50.162451634165926], [127.56394623696508, 50.16182053538521], [127.56324643435137, 50.161811879688095], [127.56326530240008, 50.16118251169766], [127.56242555073264, 50.16117211952787], [127.56243364155686, 50.160902390465345], [127.56173655103703, 50.160803816106764], [127.56160738740736, 50.16044244402204], [127.56188460230507, 50.16053582036286], [127.56189269599076, 50.16026609133463], [127.5606681954236, 50.159081660822096], [127.56082164659789, 50.15863384704862], [127.56054444474807, 50.15854046825357], [127.56042069674199, 50.15799927552822], [127.55972905612175, 50.15772087017722], [127.56015700381546, 50.1574563475556], [127.56085674190112, 50.15746502132213], [127.56087023947995, 50.157015472898046], [127.56129007856092, 50.15702067505263], [127.56137103325884, 50.15432338322303], [127.56094851870319, 50.15440809129601], [127.5608166779578, 50.1541366278797], [127.56166709662976, 50.15378739155914], [127.56083827197507, 50.15341734998137], [127.56084906865591, 50.15305771099607], [127.56142229821178, 50.15261509769674], [127.56044816352923, 50.152423139377454], [127.56045626296961, 50.15215341014051], [127.56087605940203, 50.15215861342742], [127.56088415635956, 50.15188888412746], [127.56116671757698, 50.15180244232906], [127.56106186825039, 50.15063188121362], [127.56190682867137, 50.15046246200527], [127.56192031305852, 50.15001291282917], [127.562348179131, 50.149748381091285], [127.56304780541035, 50.149757040697125], [127.56404882529547, 50.1490498776124], [127.56420490333609, 50.14851214811728], [127.5647699730684, 50.14833924711691], [127.56506596026745, 50.147803245602766], [127.56479419458493, 50.14753005726017], [127.56498254849713, 50.14591340633852], [127.56457357185604, 50.14554857832027], [127.56459779429207, 50.144739388142234], [127.56419152247881, 50.144284648791846], [127.56420498250226, 50.14383509868484], [127.56378525831069, 50.1438299080518], [127.56382026299956, 50.142661077811326], [127.56340593585678, 50.14247606584907], [127.56341401581187, 50.14220633579778], [127.56299430601794, 50.14220114242809], [127.5630212461779, 50.14130204232383], [127.5621953201123, 50.14084210142074], [127.56167347296136, 50.139576431119075], [127.56123760367993, 50.140110691480416], [127.56027991639112, 50.13937927380386], [127.55971763715159, 50.13946224407225], [127.55930875493813, 50.13909739793935], [127.55931955761054, 50.13873775830423], [127.55889717748387, 50.13882246029273], [127.55890528174386, 50.13855273060461], [127.55862549706494, 50.13854925784695], [127.55878970379764, 50.13774180521382], [127.55851262591787, 50.13764842232219], [127.5587978083517, 50.13747207548797], [127.55852613599126, 50.137198872819084], [127.55881941989453, 50.1367527961528], [127.55884103056282, 50.13603351672123], [127.55856936592994, 50.13576031415612], [127.55885453678641, 50.13558396702755], [127.55844028973229, 50.13539893782277], [127.5587227574556, 50.135312500928286], [127.55859368123295, 50.13495112473876], [127.55887614603368, 50.134864687439354], [127.55899171953158, 50.13567561308784], [127.55955125551837, 50.135682555877565], [127.55928228914162, 50.135319444977554], [127.55930659204145, 50.13451025524486], [127.55874706978601, 50.134503311393644], [127.5588977544065, 50.13414540775475], [127.55863420427816, 50.133602475438735], [127.5578111548907, 50.13305259431163], [127.5576902006106, 50.13242148725388], [127.55700435059401, 50.131963247936284], [127.55701787207761, 50.13151369828906], [127.55648814291062, 50.13051773459731], [127.55606853663387, 50.130512517077506], [127.5562138167186, 50.130334436582736], [127.55566246396421, 50.13005774854978], [127.55567058389028, 50.129788018836386], [127.55539355785162, 50.12969462882907], [127.55554966514308, 50.129156909519736], [127.55526722834155, 50.129243339049246], [127.55514360863314, 50.12870213921651], [127.56227935420807, 50.12870077524253], [127.5622685775561, 50.12906041596982], [127.56267201160615, 50.129605072123624], [127.56252406380753, 50.12987307112482], [127.56280110510549, 50.12996644424434], [127.56304583328549, 50.13113873894424], [127.56332019045355, 50.13132202105671], [127.56330403559437, 50.13186148213997], [127.56371019617228, 50.132316224561], [127.5638285379066, 50.13303723621935], [127.56410829108285, 50.133040696167896], [127.56409214410083, 50.13358015727692], [127.56449832641867, 50.13403489700016], [127.56448487381496, 50.13448444792753], [127.56489913681223, 50.13466945572754], [127.56514931681919, 50.13566192535437], [127.56694632539859, 50.1364036651824], [127.56877290018036, 50.1361563641082], [127.56881045634717, 50.13489761942123], [127.56840154248827, 50.13453280477007], [127.56797921489402, 50.13461754031405], [127.56772629680462, 50.13371498647543], [127.56702958874094, 50.133616446750786], [127.56704301708957, 50.13316689525541], [127.56622256455753, 50.13252716265103], [127.56638662090097, 50.13171969717828], [127.56583250497205, 50.131532967157064], [127.56584325585723, 50.13117332602233], [127.56542364212457, 50.13116814225529], [127.56544783789234, 50.130358949761884], [127.5646166946621, 50.13007884721668], [127.56462745410533, 50.12971920618276], [127.56435310091629, 50.12953592714622], [127.5637936354216, 50.12952900810423], [127.56380709213985, 50.12907945692734], [127.5631185374918, 50.12871116361378], [127.57557181877212, 50.12868472444467], [127.57570100740011, 50.129046083088305], [127.57639766817633, 50.12914457043762], [127.57638966493488, 50.129414302626465], [127.57611259968519, 50.1293209617243], [127.57610726310287, 50.12950078315728], [127.57694113194479, 50.1296908932159], [127.57665606213627, 50.12986728581009], [127.57775901596561, 50.13042046195392], [127.57775102001456, 50.130690194242575], [127.57747394473189, 50.13059685652332], [127.5774686130098, 50.13077667802285], [127.57816530269115, 50.13087515498333], [127.57801210718127, 50.131322995901186], [127.57843705278594, 50.13114831263711], [127.57842639629781, 50.13150795574609], [127.57884335200824, 50.13160300334601], [127.57896990958162, 50.13205426923803], [127.57966662103077, 50.13215273735369], [127.57977987908534, 50.13305355641871], [127.58046862532058, 50.13342175227445], [127.58032076426339, 50.13368977452913], [127.58060052325344, 50.1336931947819], [127.58059254234928, 50.1339629272499], [127.58087230296488, 50.13396634686142], [127.58100420462522, 50.13423778891777], [127.58085368405166, 50.13459572264337], [127.5812733305771, 50.13460085091111], [127.58126269404576, 50.13496049424701], [127.58208073261353, 50.13569003322407], [127.58206478619879, 50.13622949830564], [127.58247116211531, 50.13668417659219], [127.58246053377837, 50.13704381998475], [127.58288020200857, 50.13704894262682], [127.58298821772075, 50.13812958013039], [127.58326269149572, 50.13831281589184], [127.58325206847954, 50.13867245930605], [127.58367175110034, 50.13867757920793], [127.58351858042776, 50.13912542703047], [127.58406754541943, 50.13949189547967], [127.58445804556641, 50.14048603214672], [127.58487509136046, 50.1405810587088], [127.58486713254484, 50.14085079135365], [127.58528683451608, 50.140855905579635], [127.58527887793824, 50.14112563825959], [127.58499642229472, 50.14121213979117], [127.58555337748777, 50.141308868734306], [127.58608647831024, 50.142214793233165], [127.58636628771451, 50.142218200014916], [127.58691266037245, 50.14267456622688], [127.58676480556558, 50.1429425963352], [127.58732178452614, 50.143039316968846], [127.58731383877642, 50.14330904978353], [127.5875936547121, 50.14331245366193], [127.5892275856398, 50.14486134975614], [127.58921965009519, 50.14513108270713], [127.58962881253977, 50.14549582549656], [127.58947038462966, 50.14612350290624], [127.59002211852585, 50.14640003285786], [127.58945980522441, 50.1464831467969], [127.58959178866603, 50.14675457923128], [127.58917732515636, 50.14656965821748], [127.58916938884886, 50.14683939108288], [127.58889749002655, 50.1465662579951], [127.58888161414536, 50.147105723647705], [127.5897211291327, 50.14711592248659], [127.58985311572805, 50.14738735462242], [127.5898663366879, 50.14693779974967], [127.5909804025167, 50.14713120936991], [127.59095398096785, 50.14803031947849], [127.59067149434848, 50.148116834457156], [127.59094869649765, 50.14821014148219], [127.59106748265724, 50.14893112724453], [127.5916166168064, 50.149297560838576], [127.59146876698853, 50.149565596688376], [127.59174861992962, 50.14956899086211], [127.59159548759511, 50.15001684886436], [127.59256442480836, 50.150388368658945], [127.59212351599342, 50.15110256808776], [127.59296046337268, 50.151202655110964], [127.592928797334, 50.152281587380436], [127.59376840439708, 50.1522917577229], [127.59373939281367, 50.15328077913459], [127.59457638174173, 50.1533808548242], [127.59455265783218, 50.15419005430238], [127.59538439540965, 50.15446994641426], [127.59536068422214, 50.15527914602011], [127.59619244540401, 50.15555903249239], [127.59630079459839, 50.156639657133795], [127.59700053172793, 50.156648113057955], [127.59697947779141, 50.1573674018291], [127.59725674565595, 50.1574606942048], [127.59724885174393, 50.15773042749687], [127.59780865438451, 50.157737188110325], [127.59777709012951, 50.158816121400676], [127.59861681337684, 50.15882625764883], [127.59858526609341, 50.15990519110865], [127.59942500870805, 50.15991532167284], [127.59940136115527, 50.16072452191491], [127.60023324038124, 50.16100438018171], [127.60021748395357, 50.16154384710777], [127.60062949381518, 50.16181864085865], [127.60062161766373, 50.162088374336044], [127.60146139925493, 50.16209849049597], [127.60131093914954, 50.16245644961326], [127.6015777502584, 50.16290937662034], [127.60226971330643, 50.16318753512983], [127.60252867152458, 50.16391019360043], [127.6030859266477, 50.16400684058855], [127.60307544270387, 50.164366485462644], [127.60390216773229, 50.1648261404317], [127.60388383087748, 50.165455519075216], [127.60457060738392, 50.16591348664534], [127.60428280079327, 50.166179856282135], [127.60470010989421, 50.166274813431784], [127.60482437841415, 50.16681596256001], [127.60538428898255, 50.16682268754162], [127.60550071630249, 50.167633569743806], [127.60619277026797, 50.16791170541861], [127.60615092068338, 50.169350285701135], [127.6065159598492, 50.17124346145218], [127.60633150450823, 50.17277027249221], [127.60659841877815, 50.17322318805691], [127.60644011361534, 50.17385088678645], [127.60698180474554, 50.17448698314857], [127.6066939589639, 50.1747533580587], [127.60711134736351, 50.17484830707163], [127.60723827767445, 50.17529954204996], [127.60751828278806, 50.17530289946992], [127.60751044165687, 50.17557263310903], [127.60859912843544, 50.176664991100964], [127.60859129301124, 50.17693472480027], [127.60900870423144, 50.17702966714954], [127.60926522437933, 50.177842221628175], [127.60981482637169, 50.178208571309725], [127.60980699736406, 50.17847830507608], [127.60938435098247, 50.178563187975016], [127.6094434397961, 50.181352112015034], [127.61014354178195, 50.1813604917405], [127.61008874306917, 50.18324862705504], [127.60966866528902, 50.18324359939128], [127.60965300271528, 50.183783066407024], [127.60923292032545, 50.18377803712898], [127.60894241823071, 50.184134327974135], [127.60874230802384, 50.186200606374435], [127.60832220459156, 50.18619557362834], [127.60829868534464, 50.18700477325605], [127.60745846464907, 50.186994702920195], [127.6074270850674, 50.188073635185226], [127.60700696543903, 50.18806859754743], [127.60699911788079, 50.18833833053206], [127.60657899600666, 50.18833329132743], [127.60671118736408, 50.18860470417027], [127.60614316931786, 50.18886771634098], [127.60642063661801, 50.1889609880176], [127.60641016844625, 50.18932063184895], [127.60612484629196, 50.189497092966036], [127.60606463749146, 50.191565044216894], [127.60550443749484, 50.191558320122155], [127.60535129116082, 50.19200619305811], [127.60562877494654, 50.1920994667164], [127.60558949153919, 50.193448129773756], [127.60474391757853, 50.19361786056058], [127.60467839850944, 50.19586563069862], [127.60425821099994, 50.19586058255545], [127.60422937130659, 50.196849600943324], [127.60449639522959, 50.19730252046431], [127.6042031520095, 50.19774870841125], [127.60418479771157, 50.19837808354959], [127.6045997646775, 50.19856295362748], [127.60444396449658, 50.19910073531374], [127.60500425250028, 50.199107465251174], [127.60494135385368, 50.20126532279099], [127.60578182412148, 50.20127541339992], [127.60576348828742, 50.201904788576975], [127.60603841095379, 50.202087972324136], [127.6061549230342, 50.20289884987679], [127.60657517266712, 50.20290389166996], [127.60655684620718, 50.20353326688196], [127.60683439878454, 50.20362653805694], [127.606823928281, 50.203986181038864], [127.60710410113411, 50.20398954084243], [127.6069535450373, 50.204347504004325], [127.60723110309793, 50.20444077426449], [127.6074772642936, 50.205612972882506], [127.6077574467478, 50.2056163311891], [127.6077025067794, 50.207504456667], [127.60798270033429, 50.20750781452167], [127.60810971927135, 50.207959046863316], [127.60838730045064, 50.20805231449758], [127.60809664107994, 50.20840860049349], [127.60892416729521, 50.20886822306257], [127.60905381244083, 50.209229543630336], [127.60961422012647, 50.20923625231296], [127.60960899430651, 50.209416073844594], [127.61016418054034, 50.209602601435606], [127.60958286441266, 50.21031518141282], [127.60956195954464, 50.211034467359504], [127.60984217399066, 50.2110378209001], [127.60967855014003, 50.211845340837534], [127.60995615685074, 50.211938604875044], [127.60978207988019, 50.213105767707255], [127.61047219988451, 50.213473792162446], [127.61058097638141, 50.214554396743345], [127.61128156443604, 50.214562773607625], [127.61125807159107, 50.21537197027884], [127.6120909654548, 50.215651749520475], [127.61208053000423, 50.21601139255597], [127.61263319427765, 50.2162878196167], [127.61262537059032, 50.21655755192779], [127.6131832580906, 50.21665415487693], [127.61289779552169, 50.21683063067536], [127.61288475821239, 50.21728018452777], [127.61414589002925, 50.21729523542885], [127.61412244336026, 50.21810443269832], [127.614963212712, 50.21811445931611], [127.61494759048136, 50.21865392428577], [127.61578836978381, 50.218663945012125], [127.61576755203934, 50.219383231808635], [127.61660574375338, 50.219483157581415], [127.61656413079413, 50.220921731371035], [127.6173997518336, 50.22111156248658], [127.61734776195703, 50.222909779759426], [127.6177577939316, 50.22327442595118], [127.61774999720738, 50.22354415852008], [127.61817043027752, 50.2235491598559], [127.61815484121303, 50.22408862504842], [127.61787454932683, 50.224085290930084], [127.61786935181347, 50.2242651126278], [127.61826640889001, 50.225079311291864], [127.61798091390824, 50.22525579907058], [127.61796272302624, 50.22588517488715], [127.61767982135686, 50.2259717510338], [127.61851293710343, 50.22625148557013], [127.61848955688501, 50.22706068307717], [127.61764862900861, 50.227050680689565], [127.61761743476393, 50.22812961012975], [127.61719696152265, 50.22812460646407], [127.61718135894844, 50.22866407100812], [127.61661291719824, 50.22892712914914], [127.61619243712269, 50.22892212179142], [127.61620024411853, 50.22865238965073], [127.61591992571432, 50.22864905059895], [127.61591472001012, 50.22882887200642], [127.6154942409225, 50.228823862129424], [127.61548382619536, 50.22918350486283], [127.61477781263575, 50.22935497288645], [127.6150555305116, 50.22944822538784], [127.61504771683853, 50.22971795736103], [127.61462723008698, 50.22971294428291], [127.61418850002602, 50.23033730401276], [127.61516443975414, 50.2305288239354], [127.61515402191712, 50.230888466512624], [127.61473091957106, 50.230973364359585], [127.61500864669158, 50.23106661702478], [127.61500083230584, 50.2313363489171], [127.61457512009378, 50.231511156775106], [127.61470747143493, 50.23178255991422], [127.61456209177038, 50.231960709804575], [127.61358351791822, 50.231859095213224], [127.61371847182836, 50.232040588859334], [127.61286441354125, 50.23248010389402], [127.61284354161393, 50.2331993880823], [127.61228024223433, 50.23328260316685], [127.61198945449269, 50.23363889636133], [127.61211657578156, 50.2340901232311], [127.6116725490119, 50.234894293311754], [127.61178139164024, 50.23597489351037], [127.61149841899528, 50.23606145386972], [127.61134256549668, 50.23659924105137], [127.61062858688092, 50.23704041378976], [127.61061029160325, 50.23766978636735], [127.61019235014311, 50.23757484631091], [127.61017143424148, 50.23829412905124], [127.60989106001763, 50.23829077499237], [127.60931461475968, 50.23882352664671], [127.60929891731317, 50.239362988393616], [127.6085927312159, 50.23953441710428], [127.60858226060965, 50.2398940581205], [127.60801625633364, 50.24006716196081], [127.60814859299165, 50.240338572068644], [127.60729695465511, 50.24068813369726], [127.6071331762522, 50.241495644825285], [127.60642957287176, 50.241577149842286], [127.60669685901229, 50.2420300631587], [127.60627364322555, 50.24211492910147], [127.60640597538178, 50.24238634106564], [127.60584780292626, 50.24228970359906], [127.6058320644223, 50.242829164228176], [127.60555166411314, 50.24282579948133], [127.6056813706049, 50.24318712230741], [127.60370279195958, 50.24370301226816], [127.60397006361063, 50.244155931579385], [127.6036896557398, 50.244152562275886], [127.60368177384814, 50.24442229226252], [127.6028405458104, 50.24441218019745], [127.6028168851817, 50.24522136978785], [127.60169522956456, 50.245207877179716], [127.60153923408511, 50.24574564921337], [127.6011186087436, 50.24574058609143], [127.60111071189733, 50.246010315708354], [127.60068481809066, 50.24618507072125], [127.60067428550529, 50.246544710113255], [127.59954469394798, 50.24680092596943], [127.59951306912056, 50.24787984343325], [127.59923263993215, 50.24787646319545], [127.59906342554248, 50.24886378013149], [127.59864277319946, 50.24885870782211], [127.59847881796206, 50.249666204184], [127.59861112570094, 50.24993762448606], [127.59889156691106, 50.24994100632345], [127.59887047172836, 50.25066028406523], [127.59955840720376, 50.25111828458722], [127.59941291114384, 50.251296413977414], [127.5999606349165, 50.25175272193979], [127.60008241742696, 50.25238377951589], [127.60050046701534, 50.25247875661755], [127.60074932008689, 50.25356105099213], [127.60116738130594, 50.25365602577265], [127.60128655138197, 50.25437699180326], [127.60156701897027, 50.254380367399826], [127.60138466365109, 50.25581723552673], [127.60179748196286, 50.25609202764278], [127.60177642593301, 50.25681130551163], [127.60205690787141, 50.25681468004384], [127.60204111845411, 50.25735413844671], [127.60175536904931, 50.25753058328451], [127.60202006515074, 50.25807341623325], [127.60198058790569, 50.25942206182443], [127.60170009066671, 50.259418686981846], [127.6015414127852, 50.2600463670215], [127.60112329511259, 50.25995139321576], [127.60125564524812, 50.260222810401], [127.60041150489975, 50.260302588099826], [127.600406234969, 50.26048240733871], [127.59914397064257, 50.260467197889064], [127.599014269479, 50.26010586883483], [127.59817276694186, 50.26009572070147], [127.5982945448241, 50.26072677924801], [127.5987126634216, 50.2608217632295], [127.59885819181731, 50.26064363526518], [127.60010991841293, 50.26101848626181], [127.60053594766123, 50.260843734912825], [127.60066302769933, 50.26129497195251], [127.59939019387052, 50.26163940337012], [127.59937437163371, 50.262178860708794], [127.59978459614975, 50.26254356959858], [127.59921565333723, 50.26280653694986], [127.59908858327597, 50.26235529852242], [127.59824176262013, 50.26252496960879], [127.59823384482797, 50.262794698111165], [127.59751935025226, 50.263235784061344], [127.59692661042762, 50.264307925001276], [127.59650053707294, 50.264482662646785], [127.59649260889732, 50.2647523908569], [127.59562458144245, 50.265641317403066], [127.59560606987465, 50.26627068284345], [127.59531759786269, 50.26653702027547], [127.59558491299278, 50.26698995754245], [127.5958707422127, 50.26681352882337], [127.59542083763223, 50.26779744617774], [127.59513764640398, 50.26788396439836], [127.5944548092439, 50.267246118758685], [127.59389372471745, 50.267239331311465], [127.59430130252682, 50.267693968524306], [127.59388048519301, 50.267688877604314], [127.59387254131727, 50.26795860536202], [127.59485180802238, 50.26806039120625], [127.59484651570651, 50.26824020977622], [127.59512706393751, 50.26824360158733], [127.5949814979737, 50.268421724341124], [127.59540232196429, 50.26842681132847], [127.5960878323733, 50.268974742202126], [127.59607461269069, 50.269424288782766], [127.59564849023754, 50.26959902274618], [127.5956326212636, 50.27013847847868], [127.59505827267422, 50.27058124273062], [127.59478829669024, 50.27021821364988], [127.59495768402245, 50.26923090785315], [127.59426159381766, 50.26904260742003], [127.59483063843699, 50.26877966545013], [127.59469830224488, 50.268508241444366], [127.59399692801001, 50.26849975802794], [127.59398633672134, 50.26885939500276], [127.59370313662603, 50.26894590963761], [127.59383811645945, 50.26912742548941], [127.5931287849091, 50.26938866441218], [127.59324521849969, 50.2701995452855], [127.59295140934407, 50.27064569472091], [127.59322932203617, 50.270739000406145], [127.59320547643416, 50.27154818298584], [127.59389895039375, 50.27182639912896], [127.59502651980176, 50.2716601536855], [127.5947353646764, 50.272016398359526], [127.59417687181113, 50.271919702602744], [127.59360778587157, 50.272182640889014], [127.59358924342594, 50.27281200507322], [127.59317103086578, 50.272717002053085], [127.59412920964152, 50.273538067967934], [127.59299894262611, 50.27379421338125], [127.59213863839665, 50.274413383314574], [127.59212803088906, 50.274773019634736], [127.59268655267128, 50.274869725436616], [127.59253300343445, 50.27531757194892], [127.59155889952717, 50.2750359473819], [127.59056887815599, 50.275293768812354], [127.58970320218097, 50.27609273803728], [127.58914201483154, 50.27608592678974], [127.58941729420684, 50.27626915065311], [127.58926636708524, 50.27662708350823], [127.58841394056176, 50.27697649798828], [127.58853828665782, 50.2775176553551], [127.58781549953994, 50.278228404568985], [127.58779687675106, 50.278857766528034], [127.58737330093993, 50.27894256007026], [127.58750030094069, 50.27939380949045], [127.58663716103538, 50.2801028454687], [127.58661053288527, 50.281001933211115], [127.58689115512557, 50.281005345524406], [127.58729878060939, 50.28146000667466], [127.58800034325236, 50.28146853209033], [127.58827032917485, 50.2818315763559], [127.58798704154073, 50.2819180761382], [127.58797906035184, 50.28218780254888], [127.58727482539881, 50.28226918569042], [127.5872695018702, 50.28244900323296], [127.58585036178052, 50.28297139137426], [127.58569405610585, 50.28350913617823], [127.58526776959731, 50.283683830284694], [127.58526243823974, 50.28386364762761], [127.58554574230018, 50.28377715465371], [127.58551909012014, 50.284676241401606], [127.5853547777886, 50.285483711479664], [127.58507679559456, 50.285390386600056], [127.58507146319486, 50.285570203875096], [127.5856300959167, 50.28566694435902], [127.58561943512831, 50.28602657897173], [127.58546311614234, 50.28656432308347], [127.58517979528246, 50.28665081567496], [127.58515846595847, 50.28737008461423], [127.58487780650127, 50.28736666780662], [127.58486447259197, 50.287816210790695], [127.58569579802385, 50.288186093834085], [127.58595514392051, 50.288908777702055], [127.58539913858206, 50.28872212990914], [127.58398779626015, 50.2889747673008], [127.58047944073601, 50.28893197220273], [127.58047141512483, 50.289201697411784], [127.58131342443467, 50.289211977986795], [127.58130540345805, 50.28948170328016], [127.58046338939157, 50.28947142260731], [127.58045536353615, 50.28974114778933], [127.58087369836726, 50.28983619734412], [127.58071998751703, 50.290284025779066], [127.58126529674425, 50.29083032954419], [127.58211535191316, 50.290570879285205], [127.58213138520685, 50.290031428597565], [127.58185071046324, 50.29002800435129], [127.58144306576152, 50.2895733245664], [127.58213940167076, 50.28976170323346], [127.58214474591226, 50.289581886316554], [127.58298676254036, 50.289592154827645], [127.58256842547299, 50.289497112857255], [127.58257643931458, 50.28922738741725], [127.58341844984425, 50.28923765274952], [127.58341044075931, 50.289507378287205], [127.58411478892418, 50.289426019616414], [127.58410945213622, 50.28960583669126], [127.58608215507533, 50.28936002802799], [127.58648984254543, 50.28981469191406], [127.58647918666927, 50.290174326402166], [127.58675719936025, 50.29026764810997], [127.58643123255118, 50.291792681301416], [127.58684959763767, 50.291887709565216], [127.58670126327992, 50.29215572897431], [127.58698195112792, 50.29215914161368], [127.58683361663513, 50.292427161178644], [127.5871116430769, 50.29252048211952], [127.58695265471337, 50.29314813620701], [127.58722802269114, 50.29333136548882], [127.5872120451495, 50.29387081705555], [127.58749008070737, 50.293964137145466], [127.58762244337733, 50.29423556844903], [127.58759582045067, 50.29513465437578], [127.58716410960704, 50.29548917143151], [127.58743150356185, 50.295942125966214], [127.5870051112368, 50.296116825200926], [127.5871348135099, 50.296478165532946], [127.58685143634024, 50.29656466158642], [127.586983802275, 50.296836093528995], [127.58670308690876, 50.2968326806655], [127.58683545270839, 50.29710411276397], [127.58654940673999, 50.29728051655471], [127.58667377985793, 50.297821674340646], [127.58638506402723, 50.298087986164155], [127.5863477538084, 50.29934670490973], [127.58705224298654, 50.29926532975074], [127.58732498291256, 50.29953846741538], [127.58703626009513, 50.29980478072304], [127.58745469639229, 50.29989980728157], [127.58772211699485, 50.30035276104345], [127.5874333913518, 50.300619075278476], [127.58741208544672, 50.30133834317929], [127.58782521086327, 50.301613185469265], [127.58794960878224, 50.302154341713106], [127.58920498998648, 50.3024394074946], [127.58947244104752, 50.30289235729525], [127.5897558514322, 50.30280585521865], [127.59016368652419, 50.303260506449604], [127.59072519381027, 50.30326731541357], [127.59085494270103, 50.30362865155974], [127.59168393313833, 50.30408840207418], [127.59167065547709, 50.30453794507583], [127.59264801287001, 50.30472966373013], [127.59319627446752, 50.30518600408439], [127.59318831615478, 50.305455730013826], [127.59347173531434, 50.30536921898515], [127.5943007812866, 50.305828951165665], [127.5955642432697, 50.30584422312684], [127.59653105745403, 50.306395544386305], [127.59652311766195, 50.30666527064483], [127.5973495706796, 50.307214890169064], [127.59832964981608, 50.30731665282429], [127.59873496243978, 50.30786118344674], [127.5999958404794, 50.30796631652862], [127.59984752781781, 50.308234352190226], [127.6002607847658, 50.30850915105504], [127.60165680261008, 50.308795774487955], [127.60316952330942, 50.30989324901491], [127.60483060803983, 50.310722662369976], [127.60552997640852, 50.31082099453832], [127.60552208627766, 50.31109072162619], [127.60636449113095, 50.31110082392423], [127.60649700729212, 50.31137223423388], [127.60789577328126, 50.31156887452599], [127.60802567402979, 50.31193019226184], [127.60928930508136, 50.31194531639346], [127.60941921739278, 50.31230663264486], [127.60970002658308, 50.312309991402046], [127.60956486708132, 50.31212849378061], [127.61026426635691, 50.31222679769265], [127.61025640261619, 50.31249652525719], [127.61208167122112, 50.312518331975866], [127.6120764355409, 50.3126981504831], [127.61277061552093, 50.3129762579372], [127.6131970673661, 50.312801465142456], [127.61318922005735, 50.313071193015155], [127.61430986326388, 50.3131744970323], [127.61430463586588, 50.31335431568861], [127.61472585979851, 50.31335933594696], [127.6147180209838, 50.31362906396797], [127.61654333639095, 50.313650800998104], [127.61793699909684, 50.31402714012424], [127.61878206559163, 50.313947243406666], [127.6193384970182, 50.31413373418841], [127.61932807974792, 50.314493372198385], [127.61988972629332, 50.314500041380796], [127.61947109543719, 50.314405130242726], [127.61961671437882, 50.31422697859165], [127.62017054964525, 50.31450337495486], [127.6201783578541, 50.31423364635442], [127.62059959059924, 50.314238645396514], [127.62059178477224, 50.314508374044536], [127.62143425538264, 50.31451836764678], [127.6214264542006, 50.31478809637644], [127.62311140637365, 50.31480806546245], [127.62310361460062, 50.315077794368705], [127.62436733712171, 50.31509275530547], [127.62437512174891, 50.31482302625682], [127.62591966421131, 50.31484129302434], [127.6257870277634, 50.314569904036574], [127.62747456429388, 50.314499900063396], [127.62732897367356, 50.314678061782], [127.62760462143972, 50.3148611970125], [127.62985123401951, 50.31488769768942], [127.62984348035779, 50.31515742735358], [127.63012430875442, 50.31516073691822], [127.62999423168029, 50.31479944264446], [127.63139578211587, 50.31490589173005], [127.63152845152402, 50.31517727456964], [127.63223568352235, 50.315005717085036], [127.63307558856305, 50.315105536398406], [127.63264402878323, 50.315460222450085], [127.63193937209134, 50.31554187240531], [127.63193421075326, 50.31572169231939], [127.63361920333315, 50.31574150939739], [127.63361147075622, 50.3160112394459], [127.63487522357354, 50.31602608637485], [127.63530677211973, 50.31567139198071], [127.6358581431632, 50.31603762449231], [127.63641981178749, 50.3160442139725], [127.63600370636493, 50.31585945190795], [127.63670578959636, 50.31586768743443], [127.63697890942115, 50.31614071087883], [127.63810738798182, 50.31597405595576], [127.63879406684632, 50.31652174001907], [127.63977443228569, 50.31662315532563], [127.64174798748178, 50.31637640968831], [127.64188328199761, 50.31655787083964], [127.64244751908477, 50.31647452092771], [127.64243983625973, 50.316744251931254], [127.6432874727836, 50.316574266813625], [127.64524823075689, 50.3167770135699], [127.64538353978696, 50.31695847075149], [127.64749750151553, 50.31671326353293], [127.64931531598081, 50.31700421865678], [127.65184797822432, 50.316853736477185], [127.6592852224161, 50.317119626410886], [127.6660506420628, 50.316298052299786], [127.66759274540847, 50.31640567709243], [127.66788112435182, 50.31613916170652], [127.6711207983523, 50.31581647915444], [127.67310167700643, 50.315299465331506], [127.6732546076402, 50.31485151050066], [127.67367835694407, 50.31476640578563], [127.67354544772245, 50.31449506916521], [127.67396669205341, 50.3144998748839], [127.6751100038759, 50.31379339008326], [127.67567415311323, 50.31370987814632], [127.67582455656165, 50.31335183119472], [127.67667701023237, 50.31300177785115], [127.67669198633442, 50.31246230793015], [127.67697529970256, 50.31237559255056], [127.67698528134953, 50.31201594586027], [127.67755190068847, 50.31184251290855], [127.67742147168912, 50.31148126877541], [127.67771225976631, 50.31112481640679], [127.6785596750792, 50.31095457216924], [127.6784292407219, 50.310593329071985], [127.67913125860139, 50.310601307820825], [127.67942700972615, 50.31006502739424], [127.68126218595675, 50.30972610005433], [127.68126716016965, 50.30954627631919], [127.68436093941587, 50.30940145123482], [127.68434108903435, 50.310120747051705], [127.68491013989333, 50.30985736581021], [127.68506294142152, 50.309409394033416], [127.68618614528482, 50.3094220936969], [127.68701616745405, 50.30988117170041], [127.68926259996788, 50.30990652261191], [127.69149422857697, 50.31047130349451], [127.69148682485013, 50.31074104015711], [127.6942949216448, 50.31077261443177], [127.69372837447332, 50.31094612959593], [127.69597240368628, 50.31106126357945], [127.69666460058944, 50.31142878604288], [127.6970882791575, 50.311343595386276], [127.69805884909795, 50.31180416904605], [127.69862048204826, 50.31181045767605], [127.69861311828629, 50.3120801950413], [127.69931516372412, 50.31208805208932], [127.69930780381983, 50.31235778951598], [127.70014781178136, 50.312457124971495], [127.70083516044488, 50.31300444792835], [127.70153722011081, 50.31301229166331], [127.70208417916, 50.31355803894802], [127.70277890667394, 50.313835612931975], [127.70235276793788, 50.31401073675786], [127.70305239644011, 50.31410848402231], [127.70276667200694, 50.31428517578341], [127.70472272102965, 50.314666745839155], [127.7049962266894, 50.31493961244032], [127.70555789811985, 50.31494586784048], [127.70569099147441, 50.31521716924135], [127.70639552527389, 50.315135071221974], [127.70638332414887, 50.3155846346148], [127.706659284315, 50.3157675846991], [127.7077753346648, 50.31604981502498], [127.7069254895132, 50.316310184882], [127.70818928780578, 50.31632423502394], [127.70915276184498, 50.31705445546595], [127.70900259576274, 50.31741254713349], [127.70984514801947, 50.31742190051726], [127.70983541237948, 50.317781551581156], [127.71038981968401, 50.31805752219992], [127.71024452599471, 50.31823578991397], [127.71080623742502, 50.318242020255184], [127.71065121487894, 50.31877993960897], [127.7116390826231, 50.318611011947546], [127.71219593966813, 50.31879706124953], [127.71218622129062, 50.319156712560314], [127.71301909321102, 50.31952569451296], [127.71314495789166, 50.32006672612367], [127.71440643336247, 50.32017062230414], [127.71453231538905, 50.32071165248708], [127.71606983783502, 50.32099846184423], [127.71606257042507, 50.3212682006367], [127.71690519317295, 50.32127750337512], [127.7168979304187, 50.32154724224279], [127.71774055837517, 50.32155653896473], [127.71773330027676, 50.321826277907526], [127.7189972501898, 50.32184021167615], [127.71898999913066, 50.32210995073824], [127.72067527675972, 50.32212850790523], [127.72066803512337, 50.3223982471306], [127.72193200165282, 50.32241214911211], [127.72191753234948, 50.32295162778748], [127.723595616381, 50.32323988224088], [127.72358839098779, 50.32350962172145], [127.72443105583908, 50.323518870219196], [127.72442383510285, 50.32378860977447], [127.72526650516089, 50.32379785225472], [127.7252592890818, 50.32406759188462], [127.72568062665918, 50.32407221087913], [127.72567341285384, 50.324341950539655], [127.72735156941488, 50.32463015125225], [127.7273443649245, 50.32489989106183], [127.73197916899693, 50.32495053354255], [127.73197199061765, 50.32522027382084], [127.72916300097937, 50.32518960316516], [127.72901535645033, 50.32545780780989], [127.72817265581324, 50.3254485922784], [127.72812945385724, 50.32706703122251], [127.72897218310077, 50.327076247280324], [127.72896498715903, 50.3273459871454], [127.72812225314755, 50.327336770999864], [127.72810785139922, 50.32787625051456], [127.72782453611693, 50.32796309028807], [127.72810065036057, 50.32814599025191], [127.72767207283465, 50.32841111943773], [127.72819550429186, 50.32985587819697], [127.72762884933675, 50.33002955723849], [127.7277621093802, 50.33030083394339], [127.72705978778367, 50.33029314665647], [127.72705258019451, 50.330562886171386], [127.72760963762568, 50.33074886277363], [127.72746196658187, 50.33101706499809], [127.72774289949608, 50.331020139482], [127.72759762991008, 50.33119842868496], [127.72786895963621, 50.331561155590464], [127.72743794783078, 50.33191619669047], [127.72769967440479, 50.33263857659718], [127.72853530225893, 50.33291753606431], [127.72920647978333, 50.334094086318274], [127.73004693647583, 50.3341932087137], [127.73003734755439, 50.3345528615714], [127.73057768944778, 50.33536821674548], [127.73028954002693, 50.335634888536326], [127.73071098072559, 50.335639490064786], [127.730841877643, 50.336000676448], [127.73208945542952, 50.33664386330809], [127.73194179062045, 50.33691207100804], [127.73236563594729, 50.3368267533761], [127.73263224829783, 50.33736929584209], [127.73347037922133, 50.33755830719051], [127.7336013021295, 50.3379194905467], [127.73457515642112, 50.338289850672005], [127.7347060896403, 50.338651032817474], [127.73554186430187, 50.33892994274146], [127.7355370898051, 50.33910976940793], [127.73483224762637, 50.339192041423374], [127.73428701122548, 50.33855653227383], [127.73372505512992, 50.33855041358775], [127.73276316433909, 50.337730480101925], [127.73234409797503, 50.33763597263031], [127.73235127740844, 50.33736623289224], [127.73192742723803, 50.337451550427794], [127.73165603369729, 50.33708883286973], [127.73137506456827, 50.337085767573534], [127.73069181173125, 50.33635879576162], [127.72999659246628, 50.33608138595227], [127.72986809943774, 50.335630285480825], [127.72958713910582, 50.33562721592882], [127.72959673179146, 50.33526756320064], [127.72903961390372, 50.3350815958045], [127.72905880697601, 50.334362290409246], [127.72794700207974, 50.33390043480568], [127.72793499620568, 50.33435000053088], [127.72765164189356, 50.33443683949551], [127.72806586865066, 50.334711189932506], [127.72791818747004, 50.33497939248396], [127.72872505972562, 50.33633730835207], [127.72871306015685, 50.33678687402354], [127.72899162781302, 50.3368798588779], [127.72939388987463, 50.33760377037246], [127.73036291051977, 50.33815399180045], [127.73047943075252, 50.339054657422395], [127.73118667338808, 50.33888249865054], [127.73145328333703, 50.33942504361739], [127.73088652547342, 50.3395987374898], [127.73087694105322, 50.3399583901283], [127.7322746911483, 50.3402434560779], [127.73294366902849, 50.34150989796439], [127.73336277057265, 50.34160440347793], [127.73334842089542, 50.34214388275637], [127.73376513795434, 50.34232830006969], [127.73375557434431, 50.342687952938796], [127.73403657678048, 50.34269101272844], [127.73457707728275, 50.34350634940212], [127.73512953840368, 50.34387211739027], [127.73497231245042, 50.344499981509884], [127.73525093745141, 50.344592951676006], [127.73578670519545, 50.34558810924268], [127.7371965738742, 50.345423550916294], [127.73749904951868, 50.34461738274354], [127.73820873321147, 50.34435526851993], [127.73822064636306, 50.343905701787605], [127.73850165646806, 50.34390875084133], [127.73853976803683, 50.34247013689445], [127.73798491359953, 50.34219429831859], [127.7379920622466, 50.341924558206095], [127.73717052696757, 50.341106185417935], [127.73731579183597, 50.340927884510016], [127.7360704176178, 50.34019483949366], [127.73622045582601, 50.33983671325749], [127.73580375072437, 50.33965230475867], [127.73706341361702, 50.33984587234896], [127.73705626023785, 50.34011561246192], [127.73677527266858, 50.34011256008116], [127.73690861216379, 50.34038382644151], [127.73747059058019, 50.34038992990354], [127.73802065574615, 50.34084559762292], [127.7384445257248, 50.3407602580677], [127.73860169273401, 50.34013238842264], [127.73902555533847, 50.34004704668373], [127.73917557090688, 50.3396889164558], [127.73973516222762, 50.33978492236967], [127.73872551729566, 50.3407633064434], [127.7391160561009, 50.341936752211886], [127.73893269671701, 50.34355366963976], [127.73949233280344, 50.343649676995405], [127.73948519221643, 50.34391941718312], [127.73906367682318, 50.34391484691211], [127.7391922780707, 50.34436593740709], [127.73890412113448, 50.34463263009641], [127.73932564285505, 50.34463720099263], [127.73903748499042, 50.3449038939936], [127.73959713711794, 50.34499990094304], [127.73958761664669, 50.345359554454234], [127.7388803068192, 50.34553176364752], [127.73887316228884, 50.345801503683994], [127.7384540126535, 50.34570701774212], [127.73859928709608, 50.34552871543803], [127.73832064996792, 50.3454357532205], [127.73789912134201, 50.345431178629404], [127.737610950665, 50.34569786796363], [127.73745136664576, 50.346415648730016], [127.73716795706007, 50.346502510303154], [127.73730370060332, 50.34668386279679], [127.73672256254586, 50.34739706397843], [127.73670109054093, 50.3482062831147], [127.73693918845501, 50.349827774115056], [127.73721784837493, 50.349920739746246], [127.73802761606925, 50.35118867829553], [127.73926854271822, 50.35210152988103], [127.73912086865002, 50.35236974594302], [127.7394019288072, 50.35237279319004], [127.73966156353524, 50.35318505911972], [127.73951388819967, 50.35345327562325], [127.73979019390389, 50.353636148477], [127.74003794143931, 50.354897979696595], [127.74001652007891, 50.35570719881594], [127.73973544016906, 50.35570415290903], [127.73973067867253, 50.3558839793444], [127.74001413986733, 50.35579711204403], [127.74013564010052, 50.35651794055769], [127.73984741359727, 50.356784634528736], [127.73953775271403, 50.35786054641848], [127.73967115588546, 50.3581318092869], [127.7393852984849, 50.35830858877587], [127.73951870199355, 50.35857985180158], [127.73908276345816, 50.359114759582354], [127.738475278407, 50.3608170113724], [127.73858723311523, 50.36189749314974], [127.73900652503663, 50.36199197941933], [127.7389922289533, 50.36253145797006], [127.73941152726893, 50.36262594281689], [127.73895648683907, 50.36388015411381], [127.73890644330471, 50.365768328155646], [127.73862530409158, 50.36576527912767], [127.73889214417169, 50.36630780633345], [127.7386110017729, 50.36630475724742], [127.73860623423649, 50.36648458327548], [127.73888261117426, 50.36666745842239], [127.73859669901837, 50.36684423531388], [127.73887784460294, 50.36684728445799], [127.73870390073263, 50.36810454198651], [127.73910894946465, 50.36873850614214], [127.7389397707575, 50.369815937667525], [127.73922093393824, 50.36981898611173], [127.73921378518179, 50.37008872505105], [127.73893262040785, 50.370085676577816], [127.7388920997018, 50.37161419681792], [127.73917089035554, 50.3717071584073], [127.73956406277756, 50.37279068558283], [127.73954738495745, 50.373420076180274], [127.73981904117942, 50.37378277508862], [127.73966415339456, 50.37432072917884], [127.73994534327699, 50.37432377606801], [127.74006212116433, 50.375224428602316], [127.74034331643148, 50.37522747456874], [127.74045057930591, 50.37648777833392], [127.74072940146809, 50.37658073634595], [127.74084857945229, 50.37739147498188], [127.74112978761475, 50.37739451914126], [127.74116567465185, 50.381352208675686], [127.74087968160038, 50.38152899014867], [127.74084634984762, 50.38278777000619], [127.74111330734269, 50.38333029145643], [127.74139455064874, 50.383333335233814], [127.74150185578239, 50.384593636649], [127.74219546879078, 50.38496089401582], [127.74230993338462, 50.3859514560237], [127.74287007394071, 50.38604745019641], [127.743404076532, 50.38713248320668], [127.74382597561157, 50.38713704055743], [127.74409299075282, 50.387679555203306], [127.74437426010404, 50.387682591965145], [127.74463653603736, 50.38840493113437], [127.74575688689518, 50.38859689480486], [127.74546849395007, 50.38886360005761], [127.7454423935546, 50.38985264188468], [127.7461147690013, 50.39102909228879], [127.7459670085045, 50.39129731467375], [127.74624592802633, 50.391390259950725], [127.74609816710701, 50.39165848248314], [127.74637708899746, 50.391751427457486], [127.74636049015048, 50.392380817636386], [127.74663941677836, 50.39247376200545], [127.74676584242688, 50.39301475481284], [127.74704951368454, 50.3929278724508], [127.74705662377711, 50.39265813376602], [127.74733318391482, 50.39284098938797], [127.74704477356264, 50.393107698233266], [127.74715935584118, 50.39409825499869], [127.74757420986396, 50.39437253785297], [127.7475599945793, 50.39491201515607], [127.74784130709419, 50.39491504384767], [127.74797012095681, 50.3953661223891], [127.74778208537265, 50.39716286561127], [127.74748891165477, 50.39760940087307], [127.74790379788409, 50.39788368262984], [127.74789432238907, 50.39824333399818], [127.74760825128726, 50.398420130947], [127.74788721564141, 50.39851307250891], [127.74810696698306, 50.400853834017], [127.7486436176256, 50.40184892957434], [127.74861283542576, 50.40301779596413], [127.74888709375509, 50.40329056085072], [127.74871326353119, 50.4045478265883], [127.74897806148938, 50.405180242323034], [127.74867300786158, 50.40607634345239], [127.74879475429744, 50.406797158722775], [127.74836083617487, 50.40724218171396], [127.74830872028795, 50.40922026109317], [127.74784633549444, 50.41074423371775], [127.7477847103945, 50.41308196194229], [127.74736258030703, 50.41307741726678], [127.74746535461938, 50.41451753366244], [127.74774678320796, 50.41452056342987], [127.74759421469822, 50.41496861149444], [127.74786142371865, 50.415511116414436], [127.747835348459, 50.41650015459162], [127.74680048429882, 50.418377710467176], [127.74669370232586, 50.42242377096214], [127.74711354296495, 50.422518231106075], [127.74724004781625, 50.42305922128629], [127.74752152699617, 50.42306225196765], [127.74735706722781, 50.42395986099705], [127.74761957901417, 50.42468219083277], [127.74790106785491, 50.4246852206661], [127.74782281470789, 50.42765233000235], [127.74725980191235, 50.42764626901987], [127.74697117621815, 50.42791297455322], [127.7469616835575, 50.42827262392714], [127.74653229654542, 50.42853781225203], [127.74650618154305, 50.429526847700664], [127.74594314680283, 50.42952078018552], [127.74607678054501, 50.4297920341858], [127.74564499891655, 50.43014713130565], [127.74562599180473, 50.430866429387386], [127.74520132721634, 50.43095178796435], [127.74509673857324, 50.43490792502111], [127.7446744148613, 50.43490336917587], [127.744653011651, 50.43571257854556], [127.74408752468206, 50.43579641365332], [127.7442235438321, 50.4359777574242], [127.74379169134903, 50.43633284677719], [127.74377265197984, 50.43705214357976], [127.74320952857032, 50.437046062185836], [127.74292320377633, 50.43722284459509], [127.74291367730733, 50.43758249283317], [127.74248894770493, 50.43766784093248], [127.74246273998625, 50.438656873289524], [127.74204038334395, 50.438652307640965], [127.74158941570681, 50.439726684297234], [127.74116704968598, 50.439722115409346], [127.74115273868074, 50.44026158716115], [127.74073036797054, 50.440257016653526], [127.74029606320043, 50.44070200422054], [127.7402793548539, 50.4413313876087], [127.73971618142578, 50.44132528893834], [127.73956105818749, 50.44186323511761], [127.73899071028444, 50.442126868483086], [127.73898354185593, 50.442396604027984], [127.73813158990929, 50.442657180899424], [127.73812441646272, 50.44292691633045], [127.73741803411741, 50.44300919114041], [127.73712686545369, 50.44336578222815], [127.73599089086636, 50.443713198195304], [127.73598370498306, 50.443982933354704], [127.73485010485821, 50.444240426278945], [127.73470210984443, 50.44450863023631], [127.73399329920717, 50.444680795665924], [127.73412930441334, 50.44486215086819], [127.73384289849788, 50.44503891009492], [127.73357089032866, 50.444676198883606], [127.73131083214835, 50.44492139145058], [127.73073318596475, 50.445454718164235], [127.73002434716987, 50.44562685917474], [127.73001712688198, 50.445896593623004], [127.72930827893727, 50.446068730189594], [127.7288906763225, 50.44588429343067], [127.72888344952429, 50.44615402774846], [127.72846102836654, 50.44614941232189], [127.72788333520008, 50.446682724425486], [127.72702883384525, 50.4470331301559], [127.72687837294583, 50.447391234990796], [127.72603109490683, 50.44747189920335], [127.7258830398254, 50.44774009134779], [127.72488769217522, 50.44808893906012], [127.72418362935625, 50.448081221445065], [127.7237466786592, 50.44861605617482], [127.7228969532857, 50.448786608549504], [127.7227440346451, 50.449234618834915], [127.72232158706883, 50.44922998091998], [127.72231432206613, 50.44949971439311], [127.72160781599206, 50.4495818921844], [127.72158600820518, 50.45039109228945], [127.72060027378421, 50.450380258116134], [127.72059057364538, 50.45073990243114], [127.72030893321649, 50.450736805380494], [127.72016083538624, 50.45100498977607], [127.72014385380767, 50.45163436713589], [127.71943731235277, 50.45171653145107], [127.71943003030992, 50.451986264504804], [127.70562444423665, 50.45201338836615], [127.70577998679576, 50.45147549154988], [127.70648409490977, 50.451483320881756], [127.70663962589137, 50.45094542278107], [127.70748699642127, 50.450864900545334], [127.70749679593466, 50.45050525808649], [127.70792170145909, 50.45042003926648], [127.70793639547954, 50.44988057543543], [127.7087886396092, 50.44962022222906], [127.70880332335534, 50.4490807581392], [127.70965065713649, 50.4490002198406], [127.70965554839358, 50.448820398402965], [127.70923310667098, 50.448815713005175], [127.70924044586366, 50.44854598088222], [127.7099469565021, 50.448463878217034], [127.71010732712465, 50.447746153338784], [127.71095463498746, 50.44766560532855], [127.71096685010318, 50.44721605138909], [127.71138927787175, 50.44722073038697], [127.71140393080037, 50.44668126552154], [127.71210796932934, 50.44668906029609], [127.71226341995371, 50.44615115364298], [127.71268583845719, 50.44615582786364], [127.713118012345, 50.445800857004954], [127.71313020615682, 50.44535130253862], [127.71355261768369, 50.44535597355983], [127.71356480718563, 50.444906418982264], [127.71442180376712, 50.444466201514786], [127.71443398465, 50.44401664671485], [127.7148661257961, 50.443661668989115], [127.71445590945862, 50.443207447981564], [127.71460888568326, 50.442759448579075], [127.71545366319721, 50.442768778009885], [127.71560176095481, 50.44250059924041], [127.71616980850831, 50.442326992615044], [127.71617710658529, 50.44205725945508], [127.71660192116401, 50.44197200812718], [127.71661164851142, 50.44161236382804], [127.717463696851, 50.441351945239575], [127.71747584757367, 50.44090238966218], [127.7179030788241, 50.44072722234402], [127.71792251274208, 50.44000793320117], [127.71834487750309, 50.44001258647345], [127.71866287054502, 50.43866702003565], [127.71839101469571, 50.4383042740983], [127.71840558340939, 50.43776480692131], [127.71798566751578, 50.43767024283183], [127.71799295406778, 50.437400509263185], [127.7184201516786, 50.437225339690976], [127.71854636502376, 50.43776635754839], [127.7191094916046, 50.43777255835387], [127.71954154036936, 50.43741756219824], [127.71928424282855, 50.4365153507623], [127.72041289100073, 50.43643783099568], [127.72056821196105, 50.4358999113586], [127.72059729697256, 50.43482097558563], [127.72033272016934, 50.434188500022906], [127.7204783389732, 50.43401022557918], [127.7200705748375, 50.43346611251905], [127.71950749913084, 50.43345991674466], [127.7192186828251, 50.43372655171834], [127.71932791440835, 50.43489694800618], [127.71848327570942, 50.43488764774295], [127.71852697207312, 50.43326924503818], [127.71880850866317, 50.43327234562977], [127.7189614101487, 50.43282433920426], [127.71901479244119, 50.43084629031403], [127.71957783704116, 50.43085248824179], [127.71958268754925, 50.430672665540484], [127.71986420885747, 50.43067576346324], [127.7198739075942, 50.4303161180035], [127.72029618645176, 50.430320763551876], [127.72031800069475, 50.429511561047995], [127.72088102975266, 50.429517752552236], [127.72075238706599, 50.429066647859344], [127.72117949910941, 50.42889146726837], [127.72076692417504, 50.42852717932382], [127.7207984197234, 50.4273583306472], [127.72037616712953, 50.427353687117524], [127.72019888548346, 50.42348439807598], [127.72061868097943, 50.42357895349238], [127.72047309541723, 50.42375722866997], [127.72089289387982, 50.42385178311479], [127.72102636860217, 50.4241230649463], [127.72158933392595, 50.424129252548006], [127.72202123827097, 50.42377424529462], [127.7224434593077, 50.4237788826181], [127.72303060191548, 50.42288594746722], [127.7230475279214, 50.422256566272836], [127.72276847465885, 50.42216356482709], [127.72295998999792, 50.42027696588562], [127.72253296247891, 50.42045215389964], [127.72259342806512, 50.41820436307675], [127.72231198038199, 50.4182012723064], [127.72191158666055, 50.41738743017254], [127.72120555880578, 50.417469609552214], [127.72135354266018, 50.417201421480485], [127.72177570515903, 50.41720606079218], [127.7217974840485, 50.41639685598756], [127.7210963130718, 50.41629921154372], [127.72114715429954, 50.41441106701724], [127.72087057205312, 50.414228149613194], [127.7210185473538, 50.41395996175926], [127.72078313352351, 50.41224854570456], [127.72093110294236, 50.41198035782964], [127.72121251361877, 50.41198345166579], [127.72121735469301, 50.41180362826346], [127.72093594508121, 50.41180053444693], [127.72097225955382, 50.410451858887775], [127.72125850183728, 50.41027512910425], [127.72126818300161, 50.40991548218103], [127.72084850642788, 50.40982092979067], [127.72086545349428, 50.40919154771071], [127.72044820586439, 50.40900708219173], [127.72059374528823, 50.40882880626223], [127.72003338399706, 50.4087327034867], [127.71962099017644, 50.40836841162657], [127.71968399052952, 50.406030706925414], [127.71926192766664, 50.406026060765], [127.71927162248255, 50.40566641385797], [127.71872342466787, 50.405120746387865], [127.71887380708249, 50.404762649001974], [127.71859243942563, 50.404759549828434], [127.71887865576647, 50.40458282553942], [127.71846145612695, 50.404398353114566], [127.7193225170329, 50.403778267206995], [127.71933463398241, 50.40332870838424], [127.71976394052885, 50.40306361874652], [127.71977847545189, 50.40252414799514], [127.72020050729887, 50.402528792049736], [127.72007678313018, 50.40189786152208], [127.72064432644576, 50.401724228081285], [127.72066611263848, 50.400915021468805], [127.72109780958345, 50.4005600147162], [127.72111716747449, 50.39984071968349], [127.72139850628864, 50.39984381253416], [127.7219756923913, 50.399310524681404], [127.72187613357009, 50.39778047622302], [127.72145656247423, 50.39768592663139], [127.7211849138962, 50.39732318632216], [127.72106844742831, 50.39642252048912], [127.72064646965434, 50.396417879987354], [127.72025112314287, 50.39542420688912], [127.72096166347903, 50.395162206638844], [127.72072149254001, 50.39363060970286], [127.72086940239724, 50.39336242063029], [127.72114828377023, 50.39345542578032], [127.72115312190618, 50.39327560180671], [127.72087182199083, 50.393272508652565], [127.72088875880164, 50.392643124766956], [127.72117973077503, 50.392286569845865], [127.72136874846126, 50.390489875627544], [127.72165486769717, 50.390313143356465], [127.72181484923819, 50.38959539250455], [127.72209854445218, 50.38950857113703], [127.72225851637376, 50.38879081950657], [127.72268767401471, 50.38852571731582], [127.72281569133277, 50.3837603730927], [127.72197437673282, 50.38366119274414], [127.72200820902228, 50.38240242226809], [127.7211693382715, 50.3822133240898], [127.72118384650564, 50.38167385109854], [127.72062622207453, 50.38148784098046], [127.72049286486552, 50.381216557660764], [127.71951098640827, 50.38111581280493], [127.7193800579289, 50.38075461612555], [127.7189582194584, 50.38074997053877], [127.71882487379219, 50.38047868536037], [127.71826727272693, 50.38029266407032], [127.71827696621729, 50.37993301570359], [127.71730481993669, 50.37947260409583], [127.71717876325377, 50.378931580853816], [127.71619693942618, 50.37883080839065], [127.71663089220712, 50.37838590357799], [127.71664302368562, 50.37793634325549], [127.71707211316975, 50.377671260795616], [127.71693878661026, 50.377399973460875], [127.71750604704204, 50.37722635248825], [127.71746482752987, 50.37875485813729], [127.71954003892415, 50.38003686726277], [127.71953035494896, 50.38039651580054], [127.72022615493499, 50.38067399055988], [127.72035950915235, 50.38094527418723], [127.72162261367158, 50.38104910334851], [127.72205412042376, 50.38069409044317], [127.72210002739412, 50.37898575808327], [127.72182847808085, 50.37862301890242], [127.7218502262813, 50.37781380868538], [127.72156660078915, 50.37790063014161], [127.72161252071902, 50.37619229728156], [127.72065734676295, 50.37510252786255], [127.72037615437814, 50.375099434312304], [127.72025249251668, 50.37446850157596], [127.7195495211271, 50.37446076404939], [127.71925622748542, 50.37490722890377], [127.71923927972821, 50.37553661431757], [127.71881748755418, 50.37553196856646], [127.71879568952359, 50.37634117814477], [127.71837389028867, 50.37633653073176], [127.71807815031752, 50.37687290444481], [127.71779694775087, 50.376869804581226], [127.71800056175206, 50.37453363870922], [127.71827932765035, 50.374626650155136], [127.71843445783348, 50.37408872641985], [127.71816296390334, 50.3737259788043], [127.71845626026685, 50.37327951664075], [127.71873259784712, 50.37346243917707], [127.7188901404596, 50.37283460243827], [127.71891193417254, 50.372025392339644], [127.71849017318227, 50.37202074563458], [127.71851197306879, 50.3712115355486], [127.7189337268892, 50.37121618212093], [127.71908382742744, 50.36564161957372], [127.7186645443758, 50.36554706158451], [127.71868633629202, 50.364737850537885], [127.71914433846793, 50.363393810482854], [127.71957086206629, 50.36321862944711], [127.71960231410058, 50.36204976812357], [127.71920242183951, 50.36123591288395], [127.71925323898287, 50.35934775178443], [127.71981543742224, 50.359353942242], [127.72010620918837, 50.358997386526696], [127.72014731500582, 50.3574688740799], [127.72057136440354, 50.35738360128703], [127.72064145446443, 50.35477613741911], [127.72134655082523, 50.354693953580124], [127.72151848227156, 50.353526634897136], [127.72194490819533, 50.35335144412737], [127.72204870475001, 50.34948519938691], [127.72162955733256, 50.349390652862084], [127.7212683723129, 50.34713820023936], [127.72085166273378, 50.34695373833555], [127.72093137261871, 50.34398661850678], [127.72135288568741, 50.34399125450338], [127.72136012899219, 50.343721516212945], [127.72093861830972, 50.34371688026048], [127.72095310936068, 50.343177403727864], [127.72137461527083, 50.343182039592065], [127.72140117230236, 50.342192998981844], [127.72098933505703, 50.341828712162844], [127.72101106915075, 50.34101949706374], [127.7205895824387, 50.34101486002527], [127.7206089071616, 50.34029555773187], [127.7197780322984, 50.3398367154742], [127.71980945317739, 50.338667849331436], [127.71910942862698, 50.33857020032119], [127.71900279801567, 50.33730987375668], [127.71858376356465, 50.33721531691728], [127.71817683006242, 50.336671194779626], [127.71821312600099, 50.33532250315986], [127.71863456195624, 50.33532714843346], [127.71878955187417, 50.33478921965941], [127.71808716656544, 50.334781477684146], [127.71809926555403, 50.33433191371685], [127.71698514774802, 50.3339598668874], [127.717132886965, 50.33369167862208], [127.71685436151897, 50.33359866562306], [127.71686162762435, 50.33332892732203], [127.71615441766698, 50.33350099935029], [127.7151905072986, 50.3327708356096], [127.71519778261079, 50.33250109744575], [127.71477394633455, 50.33258635261333], [127.71464560659919, 50.33213523622548], [127.7136696074234, 50.331854623611626], [127.713550992382, 50.331043855303335], [127.71257745194615, 50.33067332100991], [127.71286323986335, 50.33049660609614], [127.71202045542486, 50.33048727283589], [127.7110445057074, 50.33020663848268], [127.71104937113414, 50.33002681325449], [127.71048265318665, 50.33020040822594], [127.7104899544873, 50.32993067044075], [127.71021146416258, 50.32983764173609], [127.70825231094722, 50.329546072425444], [127.7082596247043, 50.32927633484656], [127.70797870421205, 50.32927321337115], [127.70826450048051, 50.32909650978657], [127.70574599784712, 50.32870874247884], [127.70575088301128, 50.32852891757943], [127.70477501111685, 50.328248231095806], [127.70351089830602, 50.328234141438664], [127.70368315876281, 50.32706684655412], [127.70284043803413, 50.32705744722183], [127.70284778177943, 50.32678771010325], [127.70201241466687, 50.32650856771196], [127.70187931200323, 50.32623726253423], [127.70117705742516, 50.32622941938042], [127.70118686132678, 50.32586977007136], [127.70077041537282, 50.32568523756995], [127.70091576752293, 50.325506982369404], [127.70034906765467, 50.325680528205524], [127.70021597672306, 50.32540922117646], [127.6977247685345, 50.32403224678828], [127.69773214044588, 50.32376251007562], [127.69745125362604, 50.323759363415995], [127.69731818441737, 50.323488053150705], [127.6967514959274, 50.32366158159347], [127.69563533544363, 50.3233792449218], [127.69578316039753, 50.323111083987065], [127.69493804975843, 50.32319154008678], [127.69494543722188, 50.32292180363381], [127.69438860119607, 50.32273567197947], [127.69270331957969, 50.322716733664386], [127.6917350504514, 50.32216620276364], [127.69174245577342, 50.32189646660718], [127.69090477046257, 50.32170715738867], [127.69063624893873, 50.32125443422506], [127.68993654269062, 50.32115661173537], [127.68980599540353, 50.32079538113777], [127.68938221997337, 50.32088054436199], [127.68938716551894, 50.320700720388174], [127.68798777760306, 50.320505056330354], [127.6875763824327, 50.3201406532843], [127.68715508594451, 50.32013589648845], [127.68716003976175, 50.31995607265172], [127.68589119715888, 50.320121616944135], [127.68533691016957, 50.31984553051022], [127.68534435108904, 50.319575794935865], [127.68450176896488, 50.31956626372082], [127.68450921453667, 50.31929652822381], [127.68408792602737, 50.319291760372515], [127.68408047807279, 50.31956149582415], [127.6823953156387, 50.31954240897661], [127.6823878580395, 50.3198121442332], [127.68069522064657, 50.320062767847666], [127.6806877532888, 50.32033250289556], [127.67942386257356, 50.320318153013254], [127.6794163879534, 50.320587887911174], [127.67857378994633, 50.32057831360122], [127.67856631044648, 50.32084804839462], [127.67828294923527, 50.320934767155705], [127.67730240714121, 50.320833675346876], [127.67729492037861, 50.32110340999007], [127.6768736171218, 50.32109861587623], [127.67700406688242, 50.32145986021329], [127.67657776653672, 50.321634888046574], [127.67560221162702, 50.32135395882493], [127.67559471510434, 50.32162369325874], [127.67503297170764, 50.32161729250644], [127.67488503528159, 50.321885426238666], [127.67346565241436, 50.32240887898281], [127.67345814351933, 50.322678613134414], [127.6726079968024, 50.32293872940718], [127.67274092329284, 50.32321006685724], [127.67245503269115, 50.323386682525275], [127.67132649182805, 50.32355367023154], [127.67159985477336, 50.323826613883945], [127.6711735136161, 50.324001621506554], [127.67130643475495, 50.32427296050728], [127.67072710308463, 50.324895917565165], [127.67085500782932, 50.32534707952878], [127.67028569399001, 50.32561038920474], [127.67024805411063, 50.32695905734489], [127.66995962163999, 50.32722557770489], [127.66941539051616, 50.32658977103569], [127.66956086204307, 50.326411556016886], [127.66900157530355, 50.326315214512334], [127.66929000747844, 50.32604869648721], [127.6694630964369, 50.32488145846962], [127.66974649689476, 50.32479476157634], [127.66961860405203, 50.32434359844576], [127.66905934138427, 50.32424725737617], [127.66906436420307, 50.32406743497928], [127.66822170820777, 50.32405778517334], [127.66821668221115, 50.324237607509005], [127.66780038038226, 50.32405295798091], [127.66597211056997, 50.32412193359663], [127.66342648992484, 50.32472227553513], [127.65949405421684, 50.32467699978568], [127.65948646563906, 50.324946732298656], [127.6578011295955, 50.324927287518946], [127.6577935313684, 50.32519701983343], [127.65470373595222, 50.3251613073031], [127.65075090964196, 50.325835020319545], [127.64962988337841, 50.32573206481496], [127.6496247869284, 50.32591188573103], [127.64905790031794, 50.32608517998581], [127.64722697833663, 50.32624377034342], [127.64594761681096, 50.32676851737923], [127.6451049210339, 50.32675869967225], [127.64495680040305, 50.327026793599], [127.64367739316677, 50.32755151521257], [127.64352926198589, 50.32781960720032], [127.64310790516635, 50.32781469027318], [127.64281675563741, 50.32817105216035], [127.64112875265515, 50.32824127497221], [127.64026806971538, 50.328860792612865], [127.63900140514576, 50.32893591159566], [127.63871021808322, 50.32929226282801], [127.63786233871863, 50.329462212245886], [127.63785205559884, 50.32982185208939], [127.63743068206554, 50.329816914449175], [127.63742296720467, 50.330086644269116], [127.63572974019594, 50.33033660787286], [127.63571429081406, 50.330876067069255], [127.63487152596805, 50.33086617462003], [127.63486379633237, 50.33113590410389], [127.63443983433562, 50.33122086535152], [127.63442694730892, 50.33167041437543], [127.63386509496, 50.33166381379285], [127.6334333885612, 50.332018500620414], [127.6328689519291, 50.33210180494111], [127.6328637910677, 50.332281624410044], [127.63244239665512, 50.33227666851974], [127.63259576615064, 50.33182877202167], [127.63189861338839, 50.331640690380624], [127.63190377777521, 50.33146087096416], [127.63006484007605, 50.33188891777986], [127.63008035397827, 50.331349459948754], [127.62784073454866, 50.33105322876762], [127.62769250336348, 50.33132129960316], [127.62642316366983, 50.33148619034835], [127.62556482637977, 50.332015687279025], [127.62514603058713, 50.33192079551027], [127.62514084061092, 50.3321006144041], [127.6248625084887, 50.3320073825624], [127.62471425754217, 50.332275449396754], [127.62386367952317, 50.33253520520458], [127.62385328961194, 50.33289484275457], [127.6234318913645, 50.332889854168585], [127.62314316271969, 50.33315625566405], [127.62354897459346, 50.33370070150521], [127.62298450163871, 50.33378395750953], [127.62297930316097, 50.33396377618231], [127.62228996003297, 50.33350590905719], [127.62159022296844, 50.33340767509402], [127.62018033985198, 50.33357083155176], [127.61961325730181, 50.33374398037845], [127.61946497134589, 50.334012040154704], [127.61848429544742, 50.3339104512888], [127.61833600262949, 50.33417850956131], [127.61791459400575, 50.334173500889904], [127.6179224204353, 50.33390377346309], [127.61581539102748, 50.33387870744325], [127.61568276153375, 50.333607307832395], [127.61498042310104, 50.33359894324198], [127.6149882659831, 50.333329216122365], [127.61331051693602, 50.33303939705189], [127.61331836911651, 50.33276967009659], [127.61205418366747, 50.33275458525686], [127.61206204288125, 50.33248485843166], [127.60996295246328, 50.33218996013916], [127.60955468498634, 50.331735376986664], [127.60885500166819, 50.33163706677539], [127.60914905034474, 50.33119088357764], [127.60831416933411, 50.33091107208502], [127.6080306235153, 50.33099761790006], [127.60815532131893, 50.33153875237539], [127.60661550902404, 50.331340427702], [127.60660761929549, 50.33161015395742], [127.60576485178638, 50.331600050455584], [127.60577274628314, 50.331330324296346], [127.60647504853385, 50.33133874422512], [127.60622569484251, 50.330256471798286], [127.60637141261883, 50.33007833802463], [127.60609049912206, 50.33007497037233], [127.60595793541471, 50.329803560040084], [127.60597635199638, 50.32917419873372], [127.60581221696394, 50.32998169329787], [127.60496947854364, 50.32997158426697], [127.60481322315029, 50.33050935105016], [127.6055102492098, 50.330697594121645], [127.60591846910783, 50.33115219116366], [127.60451387077255, 50.331135340387696], [127.60464379615371, 50.331496660945476], [127.60520300704741, 50.331593311395245], [127.60491681851465, 50.3317697582152], [127.60227179233938, 50.330928526679934], [127.6020067055444, 50.33038569755499], [127.60172579075763, 50.33038231934383], [127.60189527371651, 50.32939501398509], [127.60147391033745, 50.32938994608197], [127.60146071312339, 50.329839489000925], [127.60090153070387, 50.32974282075567], [127.60089624963229, 50.329922637872855], [127.60075579366377, 50.329920947522], [127.60070825683916, 50.3315393012104], [127.60155102145897, 50.33154944135052], [127.60139208221135, 50.33217711157547], [127.60209175712748, 50.33227546663048], [127.60249995737557, 50.33273007539731], [127.60264833423206, 50.332462037961584], [127.60306445159284, 50.332646919030275], [127.60277561155928, 50.33291326901995], [127.60319700633245, 50.33291833246133], [127.60318909680862, 50.333188058250784], [127.60361049408655, 50.333193120213686], [127.6038835200017, 50.33346621986373], [127.60387824948789, 50.33364603709376], [127.60345684815577, 50.33364097606837], [127.60358677194554, 50.33400229764571], [127.6044295811688, 50.33401241728041], [127.60456478139453, 50.33419392055802], [127.60458321924783, 50.33356456010239], [127.6075251426141, 50.33386965286361], [127.60795442947972, 50.33360497285959], [127.60768137925135, 50.33333188257709], [127.60810277860645, 50.33333692827132], [127.60837320451344, 50.333699926369285], [127.60893507485245, 50.333706650314994], [127.60865151338706, 50.33379319747583], [127.60878410315053, 50.334064604773054], [127.6085031658615, 50.33406124275751], [127.60849791267319, 50.334241060322206], [127.6096321642334, 50.333894869092326], [127.61004832161073, 50.33407972544584], [127.60988948499329, 50.33470740787305], [127.61045136757598, 50.33471412458922], [127.61060495158812, 50.334266259058865], [127.61087802396621, 50.33453934261418], [127.61171822473939, 50.33463931837988], [127.61226177007799, 50.33527538864748], [127.61297198718582, 50.33501404304743], [127.6132503129132, 50.33510730326161], [127.61310460492723, 50.335285445591836], [127.61422838547035, 50.335298845350806], [127.61421530585011, 50.335748390245236], [127.61449102288714, 50.335931556510175], [127.61602318035384, 50.33639950531439], [127.61657202645888, 50.33685573781117], [127.61713654651453, 50.33677251337436], [127.61769062668118, 50.3370489225385], [127.61825775562593, 50.33687578356539], [127.61824993027024, 50.33714551089172], [127.62400955188936, 50.33721381687007], [127.62415782270973, 50.33694575131434], [127.62599441399325, 50.33660770972777], [127.62669420755255, 50.33670591758693], [127.62769050345189, 50.33626798092993], [127.62881431406653, 50.3362812399204], [127.6291030305609, 50.33601482437694], [127.63093955225968, 50.33567670404262], [127.63332762441932, 50.33570479945947], [127.63361889163612, 50.335348462736775], [127.63403773491584, 50.33544332430976], [127.63446946840493, 50.33508863565694], [127.63517183453952, 50.335096882714694], [127.63558037646119, 50.33555137785171], [127.63713074348867, 50.33538968145291], [127.63712559811245, 50.33556950113871], [127.6375444505607, 50.335664350146956], [127.63881386577626, 50.335499338680414], [127.63894663265279, 50.335770712918574], [127.63993509607076, 50.33560239997735], [127.64048929720438, 50.33587870149492], [127.64245596073562, 50.3359016810227], [127.64244827266377, 50.336171411121185], [127.64118654660614, 50.33606673225981], [127.64103324324464, 50.336514640311826], [127.64047133221935, 50.33650807119345], [127.64032315422591, 50.33677615832248], [127.64087737117201, 50.337052458063866], [127.6410229814922, 50.336874280190074], [127.64214168593313, 50.33706723046333], [127.64243289616886, 50.33671087127787], [127.64314041144439, 50.3365392503293], [127.64300505685172, 50.33635779075524], [127.64580693895417, 50.336660278366764], [127.64848623801016, 50.336331694109234], [127.64903794763826, 50.336697865563536], [127.64960241214548, 50.336614483017016], [127.64960751061459, 50.33643466243533], [127.65044273615958, 50.33671417982888], [127.65170704693446, 50.33672884816162], [127.65354598449777, 50.33630045930998], [127.65480520709636, 50.3364949147874], [127.65551775213208, 50.33614339713365], [127.6581868274598, 50.33617423076171], [127.6584753803962, 50.335907740967066], [127.65903728850618, 50.33591422303386], [127.65876139821366, 50.33573116106054], [127.6591853588439, 50.33564611115903], [127.66312374674757, 50.335511582831174], [127.66312879397833, 50.33533176121875], [127.66383117199015, 50.33533983520497], [127.66440315939862, 50.33498664791296], [127.6646841086755, 50.33498987492165], [127.66497765837681, 50.33454354683188], [127.66539655923613, 50.33463829588011], [127.66538396277357, 50.33508785036928], [127.66495497747478, 50.33535274476079], [127.66411212328453, 50.33534306361186], [127.66409194889339, 50.336062350312716], [127.66240116637115, 50.33622279073735], [127.66128239585758, 50.33603003488541], [127.66127481435004, 50.33629976706603], [127.6593055882428, 50.33636701632415], [127.65916004746724, 50.33654521766479], [127.65493806811138, 50.33676627146508], [127.65493045048191, 50.33703600291096], [127.6539470899231, 50.337024622602684], [127.65365850497886, 50.33729110085221], [127.65224606461803, 50.337544556424085], [127.64985533264448, 50.33760675906618], [127.64889236766057, 50.33687605372481], [127.6473470960949, 50.33685808645674], [127.64438680008452, 50.337183368662046], [127.64437656340777, 50.337543008998026], [127.64058358089062, 50.33749872316328], [127.63974326510939, 50.3373989551599], [127.63974840093795, 50.3372191353355], [127.63820312409099, 50.33720104647279], [127.63681634227117, 50.33655521557257], [127.63499271065926, 50.33644388003097], [127.63470144679222, 50.33680022015883], [127.63273475250519, 50.33677710919077], [127.62934775757348, 50.33727687019101], [127.62877807444028, 50.337539973036456], [127.6286272386456, 50.33789795414115], [127.62496175416503, 50.33830436257811], [127.62173066891515, 50.33826610556813], [127.6214549103549, 50.338082956206435], [127.61779457382805, 50.33830931974773], [127.61778935492373, 50.33848913788711], [127.61695429482724, 50.33820938732164], [127.6154090006059, 50.33819099530876], [127.61373631231073, 50.337721363268486], [127.61319010186163, 50.33717520867936], [127.61193104036008, 50.33698030375896], [127.61139534445819, 50.3360745054217], [127.61069559355316, 50.335976205803604], [127.61056298775043, 50.33570480063996], [127.60874471088667, 50.335413236522164], [127.60819332960126, 50.3350468764777], [127.60804497546195, 50.33531492106485], [127.60776403088774, 50.33531155720353], [127.60777191510451, 50.3350418309882], [127.60665340401727, 50.33484855148632], [127.60664814370021, 50.33502836888526], [127.60622672964384, 50.33502331779755], [127.60637246235947, 50.33484518428552], [127.60581584264717, 50.3346586305074], [127.60497302149429, 50.334648520826356], [127.60440850662867, 50.33473168626386], [127.60454107462057, 50.33500309817884], [127.6041196611655, 50.3349980394572], [127.60424959349255, 50.335359360283746], [127.60396074327106, 50.335625713015375], [127.6034067605044, 50.335349239149544], [127.60298270707008, 50.335434084844415], [127.60326892496407, 50.33525764313571], [127.60313900036077, 50.33489632127088], [127.6021662597181, 50.334524869249535], [127.60217681394441, 50.33416523510048], [127.60147711116078, 50.33406688035696], [127.6010715501116, 50.33352235957958], [127.60051232543509, 50.333425689170056], [127.60066071567151, 50.33315765441316], [127.59982320866949, 50.33296769065303], [127.59967745751301, 50.33314581585583], [127.59941503216902, 50.33251307270113], [127.59690787734266, 50.33176332014628], [127.59706422616733, 50.331225564878885], [127.59678330702198, 50.33122217468722], [127.59665609078648, 50.33077093745082], [127.59568083495783, 50.33048934040135], [127.59567288356642, 50.33075906543803], [127.5952515092453, 50.3307539748883], [127.59525681177567, 50.330574158231], [127.59553772691676, 50.330577552078886], [127.595548329697, 50.330217918703184], [127.5951322630827, 50.330033011077006], [127.595153474139, 50.32931374435887], [127.59402984388619, 50.32930016142919], [127.59378343701829, 50.328127956079356], [127.59379139836288, 50.327858231138435], [127.59407229731622, 50.327861628394444], [127.59408556330615, 50.327412086742356], [127.5936642188689, 50.327406990684786], [127.59368279625068, 50.32677763242201], [127.59311835634084, 50.32686074376139], [127.59312632109216, 50.326591018838336], [127.59242409281947, 50.32658251886797], [127.5923869044045, 50.32784123468251], [127.59265452351967, 50.328294176675506], [127.59321101654294, 50.328480792614776], [127.59318977679172, 50.329200058837394], [127.59360317425325, 50.329474881602074], [127.59359521138673, 50.32974460644583], [127.59401392296117, 50.329839611218226], [127.59399800155131, 50.33037906095327], [127.5942789153906, 50.330382457832656], [127.59427095609313, 50.330652182712264], [127.59483278711184, 50.33065897450031], [127.59480096142477, 50.33173787414233], [127.5956357754723, 50.332017782097374], [127.59561987119619, 50.332557232004255], [127.5958875467892, 50.333010166672956], [127.59644675676586, 50.3331068592165], [127.5965633805094, 50.33391772986651], [127.59726571814315, 50.33392620572839], [127.59723394386728, 50.33500510588505], [127.59807676854697, 50.33501527170839], [127.5980370718268, 50.336363897084446], [127.59887992083632, 50.33637405728427], [127.59884024494177, 50.337722682806564], [127.59827303718215, 50.3378957263641], [127.59854605864938, 50.33816883830281], [127.59882966419299, 50.3380823162222], [127.59881379266706, 50.3386217663007], [127.59710417881969, 50.33941061261731], [127.59767935133195, 50.33896785011939], [127.59769523590033, 50.33842840033483], [127.5972817378614, 50.33815359169165], [127.59743280929737, 50.33779565324352], [127.59632752715868, 50.33715273284563], [127.59636197406473, 50.335983925220226], [127.59610752831718, 50.33508145024764], [127.59555624924825, 50.33471503109193], [127.5955748064503, 50.334085673113925], [127.5951746165062, 50.333361315745236], [127.59475321925962, 50.33335622320044], [127.59477974322319, 50.332457140450366], [127.5939422727985, 50.332267134600684], [127.59398473333938, 50.33082860235788], [127.59314729470213, 50.33063859099465], [127.59317915659273, 50.32955969191271], [127.59233643018628, 50.329549491389095], [127.59236830920615, 50.328470592479526], [127.59152560235472, 50.32846038623863], [127.59154952464702, 50.32765121220612], [127.59070683258267, 50.32764100015121], [127.59072278970446, 50.327101550923096], [127.58988010765994, 50.32709133295726], [127.58989873481042, 50.32646197568312], [127.58906937702136, 50.326002211046095], [127.58880180458931, 50.32554926101908], [127.58824269927958, 50.325452532452815], [127.58825868305611, 50.32491308359247], [127.5874240370755, 50.324633123737115], [127.58744002965425, 50.32409367499057], [127.58716181962309, 50.32400035377844], [127.58703471261758, 50.32354910639317], [127.58620009773803, 50.32326913794681], [127.58636187187707, 50.3225515808756], [127.58580280681176, 50.322454840862676], [127.58581881650503, 50.32191539229], [127.58540019118986, 50.32182035859693], [127.58541353613201, 50.32137081815222], [127.58485181688317, 50.321363981763675], [127.58457896890806, 50.321090838364825], [127.58473274889734, 50.320643007669936], [127.58417638082138, 50.32045635194906], [127.58418973666025, 50.320006811635814], [127.5839088851945, 50.32000339089143], [127.5837764752051, 50.319731956107766], [127.5839302580673, 50.31928412639897], [127.58337390896956, 50.3190974669546], [127.58338459920739, 50.318737834747175], [127.58296600671056, 50.31864279251312], [127.5829820463436, 50.31810334424565], [127.5821475505918, 50.317823347450485], [127.58216627371154, 50.31719399126672], [127.58133715112143, 50.31673417273729], [127.58136123640784, 50.31592500061879], [127.58051875534855, 50.3159147164563], [127.58053214352753, 50.31546517650102], [127.58012162062542, 50.315100400286845], [127.579700387547, 50.31509525453824], [127.57971646211439, 50.31455580670219], [127.57888204771517, 50.31427578698366], [127.5788954505491, 50.31382624721974], [127.57848495415016, 50.313461465350095], [127.57806373585133, 50.31345631379302], [127.57780706652683, 50.31264370724254], [127.57724545195381, 50.31263683496684], [127.57684839954098, 50.311822507870446], [127.57642719602089, 50.311817350505606], [127.57647552374691, 50.310199008215356], [127.57562508657247, 50.31045841314912], [127.57565732214358, 50.3093795184654], [127.57483108539631, 50.30882974671524], [127.57472026016423, 50.30783903873853], [127.574164080694, 50.30765233629392], [127.57409091596766, 50.30540291717459], [127.57367245923108, 50.305307842411004], [127.57368052787984, 50.30503811874912], [127.57325938486308, 50.30503295041027], [127.57329166775155, 50.30395405582418], [127.57287053437894, 50.30394888615702], [127.57288937071016, 50.303319530996646], [127.57261400164316, 50.3031362680294], [127.57223594829496, 50.301692570000085], [127.57238977756558, 50.30124475463114], [127.57210903802849, 50.301241306311695], [127.57214941843237, 50.29989268783644], [127.57243015003681, 50.299896135991816], [127.57243822416241, 50.299626412223354], [127.57215749414446, 50.2996229641008], [127.57203058972506, 50.29917170022326], [127.57204943394821, 50.29854234477317], [127.57234361469912, 50.29809625339631], [127.57178486518917, 50.297999448243715], [127.57192216140734, 50.29341414212474], [127.5717952745243, 50.292962877679834], [127.57137693116792, 50.2928677954191], [127.57124466496283, 50.29259634637206], [127.57113125199514, 50.291695541231455], [127.57114471712885, 50.29124600122671], [127.5715765067449, 50.29089154410752], [127.57159265936988, 50.29035209591765], [127.5711824176867, 50.2899872890135], [127.57118780326215, 50.28980747295899], [127.57161150347783, 50.28972273962774], [127.57163573063362, 50.288913567146764], [127.57135237136414, 50.289000025664265], [127.57123896350453, 50.28809922014117], [127.57127665737082, 50.28684050719128], [127.57198098523716, 50.28675922185983], [127.57216436223328, 50.28532241590577], [127.57300898897556, 50.285242847903376], [127.573014366763, 50.28506303155828], [127.5725934001653, 50.285057862285534], [127.57260146912192, 50.28478813780579], [127.57133857719869, 50.28477262099104], [127.57154349642344, 50.282616550483766], [127.57128440170769, 50.28189383584466], [127.57156771862952, 50.28180737703233], [127.57143548069222, 50.281535927950515], [127.57115485721242, 50.28153247830069], [127.57130862768564, 50.281084662383435], [127.57104954437496, 50.28036194713614], [127.57107646502192, 50.27946286535888], [127.57124099570473, 50.2786554165346], [127.57208819561998, 50.27848594592507], [127.572093575588, 50.278306129441916], [127.5718102805099, 50.27839258977172], [127.57182104244949, 50.27803295683715], [127.57154043951586, 50.27802950829119], [127.57155658518496, 50.27749005890986], [127.57171840974259, 50.276772517264966], [127.57228229039828, 50.27668950442151], [127.5724360337785, 50.27624168642654], [127.57236027902708, 50.27408216379693], [127.57264623590743, 50.27390579350571], [127.57252207891112, 50.273364620422164], [127.57280803084821, 50.273188249669985], [127.57296713293536, 50.272560613848746], [127.57284566343007, 50.27192953261391], [127.57341754542072, 50.27157678853909], [127.57343366618966, 50.27103733811482], [127.57414312771118, 50.27077622060826], [127.57431831354565, 50.269609131722994], [127.57489015665219, 50.26925637993561], [127.57476061709498, 50.26889502570495], [127.57560226619634, 50.26890534464134], [127.5756344548305, 50.26782644221533], [127.57648412751922, 50.26756702892812], [127.57649216949865, 50.26729730317616], [127.57691298022482, 50.267302457019035], [127.5769210197066, 50.26703273120451], [127.57748209769791, 50.26703960056038], [127.57734718618278, 50.26685806622539], [127.57777602772201, 50.26659349100531], [127.57778674023515, 50.26623385640417], [127.57820754182688, 50.26623900548181], [127.57863904950283, 50.26588451828059], [127.57865243165011, 50.26543497480202], [127.57781084259551, 50.265424678463674], [127.57783494385617, 50.26461550040146], [127.57699336954066, 50.26460519826522], [127.57697729265557, 50.26514465012419], [127.57613570932895, 50.26513434170001], [127.57612766595284, 50.265404067511135], [127.57570687209791, 50.26539891096554], [127.57571491784908, 50.26512918520348], [127.5752941264916, 50.26512402718397], [127.57530217449546, 50.26485430145747], [127.5761437525827, 50.26486461587538], [127.57615983872327, 50.26432516418553], [127.5778510107524, 50.26407604829239], [127.57785904401723, 50.26380632221756], [127.57827982423343, 50.263811470854314], [127.57829588564688, 50.26327201856612], [127.57899717836239, 50.26328059607991], [127.57919361480045, 50.26139422695495], [127.57961437401028, 50.261399370582524], [127.57965448551529, 50.26005073841785], [127.58049598055601, 50.260061020615545], [127.58055744253494, 50.25799311655655], [127.58084327198122, 50.257816724548825], [127.5810209113072, 50.256559712313006], [127.58173278531066, 50.25620863672219], [127.581597887285, 50.256027107114555], [127.5818837010261, 50.255850712357415], [127.58189437853899, 50.25549107644809], [127.58231508624799, 50.25549620986444], [127.58233109736393, 50.254956755857705], [127.58303493639012, 50.254875398972146], [127.58322850549293, 50.253078927794995], [127.5836491922042, 50.25308405620482], [127.5836731840482, 50.25227487437024], [127.5832551709412, 50.252179837022794], [127.5832365052693, 50.25280920057911], [127.58239513695861, 50.25279893929007], [127.58235511312485, 50.254147574746234], [127.58151372156573, 50.254137306879514], [127.58148969156278, 50.25494648769793], [127.58106898884489, 50.25494135133439], [127.58109302596884, 50.25413217066256], [127.58025163514058, 50.25412189366151], [127.58025965201875, 50.253852166841625], [127.58068034499837, 50.253857306054456], [127.58068835938107, 50.25358757917217], [127.58026766877505, 50.25358244000824], [127.5802756854094, 50.253312713161314], [127.58069637364193, 50.25331785227635], [127.58071240179804, 50.25277839844418], [127.57987103494878, 50.25276811888734], [127.57988707211102, 50.25222866519668], [127.58072842946675, 50.25223894455792], [127.58077650954849, 50.25062058257464], [127.57993518067174, 50.25061030380013], [127.57994319833851, 50.25034057685339], [127.580784522469, 50.25035085553011], [127.58081657293273, 50.249271947216776], [127.58123722568861, 50.24927708407639], [127.58126926471157, 50.248198175351256], [127.58295983894631, 50.24794897937669], [127.58287183269533, 50.25091598014765], [127.58371583351311, 50.250836328586175], [127.58377713605998, 50.24876841834798], [127.5842004492968, 50.24868363528008], [127.58421377096955, 50.24823408938221], [127.58366890406438, 50.247687799367526], [127.58296783878474, 50.24767925195278], [127.58297583850153, 50.247409524515334], [127.58185147241636, 50.24748574909182], [127.58200769503222, 50.24694800557647], [127.58214256969798, 50.24712953478113], [127.5834044724785, 50.247144925922996], [127.5834684458812, 50.244987105438405], [127.5817859850051, 50.244966582433854], [127.58179665913505, 50.24460694586263], [127.58082057257799, 50.2444151447982], [127.58068838096959, 50.24414370497463], [127.57886574946633, 50.24412142729048], [127.57887377132474, 50.243851700165976], [127.5759295418795, 50.24381565311411], [127.57586523074478, 50.24597346698815], [127.57670647650494, 50.24598377453937], [127.57668237204804, 50.2467929548131], [127.57752363253218, 50.246803256570566], [127.57749151052752, 50.24788216380487], [127.57776123146478, 50.248245232242], [127.57748080275853, 50.24824179950156], [127.57745135527442, 50.249230797543454], [127.57829265895705, 50.24924109409451], [127.57826055154067, 50.25032000123376], [127.57868121305714, 50.25032514742194], [127.57866516336293, 50.25086460100834], [127.57796405299284, 50.25085602301919], [127.57781580118301, 50.25112403358893], [127.57771943434092, 50.25436075263382], [127.57856082845268, 50.254371048001424], [127.57853674823667, 50.2551802277522], [127.57937815707878, 50.255190517323896], [127.57933804468257, 50.25653915046087], [127.57891732833133, 50.25653400619154], [127.57893337840358, 50.255994553075205], [127.57809195556275, 50.25598426016487], [127.57812407323313, 50.2549053541616], [127.57728266987091, 50.25489505555325], [127.5773308711969, 50.25327669673049], [127.57691018394056, 50.25327154543674], [127.57705480425314, 50.248416466929164], [127.5762135155406, 50.24840616153953], [127.57623762931482, 50.24759698165633], [127.57595720459815, 50.24759354527157], [127.57624566699515, 50.24732725500154], [127.5754043977535, 50.24731694391599], [127.57542852429702, 50.246507764164754], [127.57584915173885, 50.24651292032138], [127.57585719130292, 50.24624319366152], [127.57543120495615, 50.246417855295974], [127.57543656623363, 50.24623803755395], [127.57459531646194, 50.24622772077294], [127.5746194557731, 50.245418541153796], [127.5750400734804, 50.24542370015803], [127.57507224802656, 50.24434479361347], [127.57423103171315, 50.24433447447574], [127.57424712774146, 50.243795021318626], [127.57298531842252, 50.24377953149289], [127.57297726335287, 50.24404925793086], [127.57129484315342, 50.24402858332777], [127.5713029077119, 50.24375885708648], [127.57074210457749, 50.24375196020678], [127.57045363378917, 50.244018236895265], [127.57003302929105, 50.244013061396274], [127.57002764810616, 50.24419287878451], [127.56749323269545, 50.244521427999295], [127.56748514641845, 50.24479115375661], [127.56706453566335, 50.24478596745687], [127.56705644689107, 50.24505569315131], [127.56536589722681, 50.245304658019656], [127.56535779871902, 50.24557438348952], [127.5649371814621, 50.245569189432246], [127.56492908045877, 50.245838914839155], [127.56408784156963, 50.24582852206007], [127.56407973569823, 50.246098247354574], [127.56337869971307, 50.24608958197261], [127.56323038181753, 50.24635757357095], [127.56182830310371, 50.246340228268316], [127.56181747804787, 50.24669986160329], [127.56154247397055, 50.24651657382703], [127.56027247224984, 50.246770670266066], [127.56026163532044, 50.247130303328674], [127.55942037542113, 50.247119876571716], [127.55941224283471, 50.24738960125367], [127.55899161069789, 50.247384385542624], [127.55898347561516, 50.247654110161406], [127.55729279411752, 50.24790295630539], [127.55728464929663, 50.248172680698445], [127.55644337214845, 50.24816223223637], [127.55643522245825, 50.24843195651649], [127.55601458169728, 50.2484267299527], [127.55600642951039, 50.24869645416955], [127.55431569641331, 50.248945256499255], [127.5543075344872, 50.24921498048996], [127.5530455930819, 50.249199272953724], [127.55303742391314, 50.24946899678144], [127.55219612551821, 50.24945851738057], [127.55218795147943, 50.24972824109503], [127.55134664883586, 50.24971775550609], [127.55133846992696, 50.24998747910724], [127.55091781641879, 50.24998223397972], [127.55090963501259, 50.25025195751741], [127.55006832362352, 50.25024146259622], [127.55006013734695, 50.250511186020525], [127.54865794489515, 50.2504936807887], [127.54850679889559, 50.250851560302365], [127.54710733178503, 50.2507441285605], [127.54709912864818, 50.25101385160777], [127.54568871211315, 50.25126603339268], [127.54539458142432, 50.25171206113893], [127.54186706746776, 50.2523873845176], [127.54171860917589, 50.25265534714982], [127.54115770893519, 50.252648306615], [127.54058582163343, 50.25300089294267], [127.53861990801052, 50.2530661272851], [127.53875463350813, 50.25324770537192], [127.53818272144836, 50.253600279619384], [127.53564484512529, 50.25401803457664], [127.53438830453145, 50.253822309052126], [127.53438002869473, 50.25409203042877], [127.53311796964954, 50.25407610540574], [127.5331096865667, 50.25434582661731], [127.53226830975277, 50.25433520222273], [127.53225173371534, 50.25487464440296], [127.53056896261224, 50.25485337694148], [127.53056066491041, 50.255123097808884], [127.5292985807872, 50.2551071310764], [127.52929027583856, 50.25537685177833], [127.52606493671466, 50.255335985270825], [127.52605938788052, 50.25551579880536], [127.52549568249323, 50.255598589149855], [127.52142893984895, 50.255546914162466], [127.52099989112871, 50.255811280030606], [127.52100824301061, 50.25554156035489], [127.52044731409035, 50.2555344195767], [127.5204389590437, 50.25580413918447], [127.51664429684584, 50.25602558681828], [127.5166359201825, 50.25629530593961], [127.51579451527454, 50.25628456198903], [127.51578613373648, 50.25655428099454], [127.50736363613217, 50.25671622350783], [127.5069401211461, 50.256800724667464], [127.50693450003823, 50.256980536600324], [127.50539190943583, 50.25696070575358], [127.50540034977968, 50.25669098804069], [127.50483941133504, 50.256683771817684], [127.5048309678263, 50.25695348946193], [127.50230391413061, 50.25701088843215], [127.50243569238748, 50.25728241314332], [127.49990579570024, 50.25742966550598], [127.49806858645205, 50.257855644408366], [127.49554148008178, 50.25791289579844], [127.49553298370739, 50.25818261223804], [127.49454281331776, 50.25843961476656], [127.4943940712856, 50.25870751409293], [127.49384161811582, 50.25843052833639], [127.49383594737809, 50.25861033914119], [127.49243071474906, 50.25868205882089], [127.49242503864983, 50.258861869501246], [127.49129743729743, 50.2590271192348], [127.49129175686284, 50.2592069298107], [127.49059055144576, 50.25919782366713], [127.49044178489784, 50.25946571767943], [127.48917960906255, 50.25944931428506], [127.48917107630332, 50.25971902986387], [127.48747962512562, 50.25996685250503], [127.4874710826108, 50.26023656784827], [127.48648937569602, 50.26022378560458], [127.48620033836919, 50.260489847185646], [127.4853560197541, 50.26056878726469], [127.48535031664294, 50.26074859730003], [127.48408525592329, 50.2608220432762], [127.48436003985164, 50.261005511969735], [127.48167821828923, 50.26151015545388], [127.4815293945038, 50.26177803743396], [127.48110865046011, 50.26177253871528], [127.48110579079528, 50.261862443538305], [127.48082529431103, 50.26185877686834], [127.48039310561308, 50.262212894755194], [127.47982924666016, 50.262295462024966], [127.47982352239349, 50.262475271546634], [127.47940277254054, 50.26246976659787], [127.47939704663295, 50.262649576078545], [127.47712436856226, 50.26351923683017], [127.47697551284602, 50.26378711259907], [127.47641162969929, 50.26386966304062], [127.47583339556911, 50.26440173355992], [127.47512924771952, 50.26448243800497], [127.47469412102048, 50.26492643845843], [127.47384970661936, 50.26500529398518], [127.47384108560311, 50.26527500738967], [127.47313692174114, 50.265355699602146], [127.47269889264132, 50.265889596698536], [127.47185445819588, 50.2659684375284], [127.47141928746423, 50.26641242520801], [127.47057196187116, 50.26658116093793], [127.47027991689248, 50.26693708577286], [127.4697217488113, 50.26683979469956], [127.46829605378505, 50.26754054953469], [127.46829028502748, 50.26772035792796], [127.4671595089261, 50.26797527467469], [127.4670105831324, 50.268243136840745], [127.46530716076249, 50.26885024894773], [127.46501506256782, 50.269206159929965], [127.46473741628289, 50.2691125500157], [127.46458847327759, 50.269380408869964], [127.46388423431559, 50.2694610442598], [127.4618886004181, 50.270424012420676], [127.46119013791075, 50.27032482354287], [127.4606145551936, 50.27076691164368], [127.45949237111398, 50.270752041203494], [127.45990738905023, 50.27093742647482], [127.45736794154854, 50.27135345572108], [127.45524054974946, 50.27204473442534], [127.45213406415772, 50.27263299532003], [127.45157586867813, 50.27253561690435], [127.4495944621859, 50.273048853116514], [127.44903626731767, 50.272951462511486], [127.44309765588235, 50.274311131172205], [127.44253946027166, 50.27421370936629], [127.44210687686342, 50.274567680434494], [127.43914035698263, 50.275157471193126], [127.43815836553755, 50.27514427792005], [127.43745105706329, 50.27531465461632], [127.43744517054265, 50.27549446015046], [127.43631994225544, 50.27556926772463], [127.43631405142149, 50.27574907315388], [127.43546349401272, 50.276007452605185], [127.43377710329908, 50.27607467956348], [127.43334738955049, 50.27633871456353], [127.43179831855127, 50.27649770631698], [127.43178945644118, 50.27676741383274], [127.43066714665538, 50.27675226380939], [127.43066123428308, 50.27693206871617], [127.42939567358407, 50.27700491428061], [127.42924650763526, 50.27727272538853], [127.42713326921228, 50.2775139708473], [127.42712438042572, 50.27778367771289], [127.42530059276494, 50.27775897987335], [127.42501110947109, 50.2780248842475], [127.4241693576054, 50.27801347345703], [127.42416045191534, 50.27828317991541], [127.42345898848092, 50.27827366617811], [127.42330978526134, 50.27854146925888], [127.42049201764704, 50.27886297618923], [127.41892793297882, 50.279471304882364], [127.41780556655802, 50.279456030091346], [127.4179399014491, 50.279637743755906], [127.41737871642864, 50.27963010292654], [127.41736977185889, 50.279899808427245], [127.41708619577356, 50.27998588877899], [127.41524740499399, 50.28041054133767], [127.41468919826374, 50.28031298571762], [127.41440561502058, 50.28039905945341], [127.41439665340762, 50.2806687645308], [127.41383545722636, 50.28066110648294], [127.41368619250886, 50.28092889652033], [127.41327127194053, 50.28074334736749], [127.41326230380855, 50.28101305228078], [127.41297871388191, 50.28109912246094], [127.41114882520473, 50.28125400458415], [127.41128313947253, 50.281435725697364], [127.41100253726582, 50.28143188945435], [127.41099654983384, 50.28161169251242], [127.40760231418405, 50.28237471685873], [127.40618426424169, 50.28280499070264], [127.4061782583665, 50.28298479329745], [127.40561703719034, 50.282977095318635], [127.4056110291416, 50.28315689785849], [127.40405864545222, 50.28340541791288], [127.40376901002618, 50.28367126766864], [127.40264956275867, 50.2835659444563], [127.40249420615511, 50.28401352155301], [127.40179868847451, 50.28382407410257], [127.40136571760635, 50.28417788922393], [127.40037753043978, 50.28434417713757], [127.39940140005903, 50.28415085266671], [127.39967598600867, 50.284334519046844], [127.3988311162587, 50.28441282470381], [127.39882508233838, 50.28459262660438], [127.3985474807679, 50.28449885917743], [127.39755021948943, 50.28493482562992], [127.39670835696192, 50.28492321484005], [127.39655898273834, 50.285190981642366], [127.39543044713737, 50.28535529118516], [127.3947107406293, 50.28588500761337], [127.39344186914396, 50.28604735944254], [127.39329247301777, 50.286315121787275], [127.39259090204447, 50.28630542066544], [127.39258484420792, 50.28648522195808], [127.39188327097736, 50.286475516542055], [127.39159051853972, 50.28683123558499], [127.3901752289096, 50.287171410545966], [127.39016309459932, 50.28753101264499], [127.38734762907973, 50.28776180772856], [127.38676811665322, 50.28829342049301], [127.38592011595459, 50.28846153170069], [127.38590794902267, 50.288821132967094], [127.3850660227433, 50.28880943721446], [127.38505689262756, 50.28907913803689], [127.38378790554222, 50.28924138324119], [127.38377572220513, 50.289600984081346], [127.382223021131, 50.28984920907114], [127.38078621630565, 50.29081856869978], [127.38008458343651, 50.29080879147218], [127.37993204392771, 50.291166435579214], [127.37865992933577, 50.29141852401618], [127.37865076216455, 50.291688223864114], [127.37808944620008, 50.291680392012566], [127.3782236620578, 50.291862150083155], [127.37751589891741, 50.292032157028714], [127.3772230051107, 50.292387838185334], [127.37651829055943, 50.292467939073056], [127.37650911094096, 50.292737638586196], [127.37608811513101, 50.29273175710769], [127.37479449709664, 50.29361310105879], [127.37351615979004, 50.29404493162986], [127.37350696268702, 50.294314630668104], [127.37251540554831, 50.294570578063194], [127.37221632225774, 50.29510604517303], [127.3713650812171, 50.295363947903354], [127.37134666168913, 50.29590334526696], [127.3705046164934, 50.29589154286117], [127.37048618689167, 50.29643093994492], [127.37006515974745, 50.29642503634335], [127.3700559423579, 50.296694734808334], [127.36921388373354, 50.29668292292009], [127.36919543901999, 50.29722231958382], [127.36863406057314, 50.297214441454486], [127.3683349166545, 50.29774989775721], [127.36791080167417, 50.29783388562634], [127.36789541821227, 50.29828338246899], [127.36705333244994, 50.29827155466297], [127.36702562696351, 50.29908064854539], [127.36618352749144, 50.299068814304206], [127.36617120719275, 50.299428411395226], [127.36574707358933, 50.299512391163105], [127.36572550680526, 50.30014168587109], [127.36487722389616, 50.30030964043191], [127.36485564502605, 50.30093893478016], [127.3640104293131, 50.30101698365483], [127.36400426057773, 50.30119678194798], [127.36442532857065, 50.301202707903705], [127.36441607772922, 50.30147240538831], [127.36371429385427, 50.30146252785449], [127.36355542550488, 50.30199994654169], [127.36270401516906, 50.30225778388673], [127.36267623198329, 50.303066875456224], [127.3614006221505, 50.30340866952335], [127.36138517428964, 50.303858164472906], [127.36067099251356, 50.30420786411228], [127.36006624394699, 50.30545852880613], [127.35934893476988, 50.30589811878372], [127.35933037244706, 50.3064375119329], [127.35875341396896, 50.3068790792454], [127.3587410342287, 50.30723867451614], [127.35788331122635, 50.30767627274348], [127.35772435496071, 50.3082136820625], [127.35730322647332, 50.30820773124049], [127.35743740755056, 50.30838951249638], [127.3570100808519, 50.30856335805526], [127.3568542102999, 50.309010867274715], [127.3558529576844, 50.30953636405918], [127.35598093591773, 50.309897944232766], [127.35570017390559, 50.30989397288192], [127.35568776981546, 50.31025356741501], [127.35540700575059, 50.31024959533602], [127.35437777873614, 50.31158416615151], [127.35380692111238, 50.311845910406326], [127.35350441041894, 50.31247122321302], [127.35307703277022, 50.31264505369598], [127.35306150137478, 50.31309454605282], [127.35278072095007, 50.31309056747019], [127.35291489795706, 50.31327235376558], [127.35234711974115, 50.3134441920569], [127.35218808044655, 50.313981592491125], [127.35176068443674, 50.31415541791098], [127.35174824875757, 50.31451501146773], [127.35132706587338, 50.31450903846116], [127.35086855553338, 50.3155818439972], [127.35044736341015, 50.3155758677128], [127.35001372204249, 50.31592948305821], [127.35014789615298, 50.31611127243711], [127.34956762114882, 50.31664268973198], [127.34954894107533, 50.31718207923074], [127.34898733313031, 50.31717410395633], [127.34867849378956, 50.317979199105], [127.34825728094832, 50.31797321468192], [127.34823858516603, 50.31851260370063], [127.34767696191588, 50.31850462194517], [127.3473836798647, 50.31886022254697], [127.34735873806345, 50.31957940746599], [127.34679710249276, 50.31957142133886], [127.3464975682615, 50.320106815654974], [127.34607009652065, 50.3202806192308], [127.34603889276475, 50.32117959954788], [127.34533370345298, 50.32125950625912], [127.3451683127574, 50.32197669131448], [127.34474706533456, 50.32197069383253], [127.34472832717586, 50.32251008152345], [127.34387644917452, 50.322767775464946], [127.343848326148, 50.32357685651328], [127.34328664446583, 50.32356885297242], [127.34299017132166, 50.324014339411896], [127.34257203365725, 50.32391843604071], [127.34270307386365, 50.32419013153743], [127.34227867951888, 50.324274022740234], [127.34226929577683, 50.32454371614884], [127.34170134512306, 50.324715500416936], [127.34140797948777, 50.32507108475994], [127.34084628088775, 50.32506306925974], [127.34097418372637, 50.32542466431327], [127.34010344061119, 50.32622171598774], [127.339679023732, 50.32630559744773], [127.33952292892245, 50.32675307992918], [127.3390953721335, 50.326926856825416], [127.339082835247, 50.32728644728948], [127.33851484053905, 50.32745821547502], [127.33821202604555, 50.32808348390303], [127.33763774454387, 50.3284350427478], [127.33762833314998, 50.32870473532859], [127.33734746293972, 50.32870071857989], [127.3373317743175, 50.329150206120005], [127.3369041880019, 50.32932397459679], [127.33703520985605, 50.3295956760673], [127.33601760285792, 50.3305704810232], [127.3360019006497, 50.33101996811473], [127.33556486865595, 50.33146342360224], [127.33554602023618, 50.332002807900224], [127.33511840170391, 50.332176569409214], [127.33538358314853, 50.33263007856721], [127.33510583246701, 50.33253615882151], [127.33507440825842, 50.3334351322444], [127.3347935105254, 50.333431109054764], [127.33464363172611, 50.33369878914499], [127.33477465205718, 50.33397049295798], [127.33505555296779, 50.33397451622419], [127.33501784066402, 50.33505328401738], [127.33459647978883, 50.33504724863394], [127.33444659458303, 50.33531492833733], [127.33452731712084, 50.3370249885907], [127.33423067578413, 50.337470450058895], [127.33493297958263, 50.33748051074096], [127.33492354985573, 50.337750202529804], [127.33450216514507, 50.3377441665719], [127.33440783613987, 50.34044108312329], [127.3346227474333, 50.34233294867692], [127.33433236259361, 50.34259861536605], [127.33426002515054, 50.34466624959929], [127.33438792687583, 50.34502785075111], [127.33466889294823, 50.34503187558763], [127.33449381587715, 50.34601873158512], [127.33505261586117, 50.34611667731917], [127.33501488724774, 50.347195442846434], [127.33541749530008, 50.34774086055693], [127.33527071675333, 50.347918643289916], [127.33582954063505, 50.34801658549435], [127.33580125568493, 50.34882565971406], [127.33607595970827, 50.34900947563393], [127.33606339019714, 50.34936906417468], [127.33662537411566, 50.34937710557225], [127.33658767677287, 50.35045587135282], [127.33684668772244, 50.35108917121216], [127.33740241201096, 50.35127700335234], [127.33735844913166, 50.352535563490896], [127.33775484866995, 50.353260767612234], [127.3377391502231, 50.35371025333686], [127.33816067692948, 50.35371627894005], [127.33815126005602, 50.353985970413696], [127.33772973096372, 50.35397994475315], [127.33772031156089, 50.35424963615559], [127.33784198439231, 50.35479102769945], [127.33825410403857, 50.35506674446029], [127.33807905926115, 50.356053604584574], [127.33849746822928, 50.35614952629598], [127.33842841585927, 50.358127262953396], [127.33881859979152, 50.35903225759114], [127.33923703636226, 50.35912817686571], [127.33922762377973, 50.35939786823418], [127.33880290817626, 50.35948174310972], [127.33879663141862, 50.35966153730638], [127.33921507344671, 50.35975745670393], [127.33905885701981, 50.36020493496051], [127.3396209697241, 50.36021296312594], [127.33958332578716, 50.361291728524236], [127.339861252032, 50.36138563886059], [127.33984870560136, 50.361745227322196], [127.34040770113555, 50.36184314898385], [127.34036693706106, 50.363011811624936], [127.34076346615271, 50.3637370055367], [127.34118508230932, 50.36374302104008], [127.34114433457829, 50.36491168375723], [127.34140974872464, 50.36536517906422], [127.34197192304926, 50.36537319645866], [127.34194999143386, 50.36600247648878], [127.34221541914164, 50.36645597000965], [127.3427776065817, 50.36646398363484], [127.34274315767439, 50.36745285243617], [127.3435739358364, 50.36782445696154], [127.34355828424751, 50.36827394287862], [127.34438908310425, 50.36864554173196], [127.34437969654532, 50.3689152333596], [127.34353637135538, 50.36890322309791], [127.34355515388204, 50.36836384005742], [127.34216216106951, 50.36798422128275], [127.34184345535536, 50.369058978419424], [127.34155294368897, 50.36932466076344], [127.34152473467746, 50.370133734350006], [127.34222439000237, 50.37023365274547], [127.34219619149931, 50.3710427264797], [127.34246791408752, 50.37131642519598], [127.34303015902964, 50.37132443815681], [127.34300510496756, 50.372043614972995], [127.34384535535862, 50.37214552675841], [127.34382970393486, 50.37259501240145], [127.34466370842098, 50.372876712650914], [127.34465119317449, 50.37323630127162], [127.34549459564707, 50.37324830419284], [127.3456289087784, 50.37343009847536], [127.34591317063499, 50.37334420056943], [127.34592254997568, 50.37307450893944], [127.34620368329398, 50.37307850751041], [127.346222438362, 50.37253912413279], [127.34650356855909, 50.37254312194839], [127.34623181568169, 50.37226943242322], [127.34640675934037, 50.37128256160685], [127.3459944535072, 50.371006872649616], [127.34601946146263, 50.37028769461889], [127.3468628122485, 50.37029968711424], [127.34667850773108, 50.37155625072267], [127.3468253190403, 50.37137845458008], [127.34766868950338, 50.37139044141919], [127.34764058242806, 50.372199517215535], [127.34735945410017, 50.372195522167615], [127.34745628987004, 50.37345608178993], [127.34843714369728, 50.37355995823785], [127.3484277784502, 50.37382965018712], [127.34786237952649, 50.37391156031926], [127.34841841306046, 50.37409934212255], [127.34838095007461, 50.3751781097258], [127.34880266924584, 50.37518409859467], [127.34874960631146, 50.37671235264324], [127.34902764056893, 50.37680624188451], [127.34901827759128, 50.37707593376268], [127.34958059246541, 50.37708391571689], [127.3495431518704, 50.37816268339512], [127.34981807651457, 50.378346468121975], [127.34980559780618, 50.378706057337176], [127.35036793217434, 50.37871403567099], [127.35032738842662, 50.37988270077964], [127.35116467661099, 50.38007445836338], [127.35111479792099, 50.38151281562163], [127.35138039658462, 50.38196628874917], [127.35194276994571, 50.38197425984085], [127.35190537643665, 50.38305302788936], [127.352177222445, 50.3833267045832], [127.3527396121184, 50.38333467197731], [127.35271157940355, 50.38414374816824], [127.35355517872834, 50.384155694504315], [127.35351781890289, 50.38523446302016], [127.35436143791821, 50.38524640369521], [127.35431787088648, 50.38650496721446], [127.35515840232468, 50.386606799724376], [127.35513351810954, 50.387325979033704], [127.35597406591081, 50.3874278057921], [127.35596473880312, 50.38769749811671], [127.356808402552, 50.387709421465416], [127.35679597256224, 50.38806901136139], [127.35846779260979, 50.388542327725204], [127.3584553748022, 50.388901917868374], [127.35915844657275, 50.388911839535034], [127.3592835463291, 50.389363311191936], [127.36011793684321, 50.389644903549026], [127.36009002340887, 50.39045398185062], [127.36092443783205, 50.390735568601706], [127.36091513771056, 50.391005261440675], [127.36133699990668, 50.39101120620909], [127.36104025923775, 50.39145673126575], [127.36131840402064, 50.391550591958755], [127.36130910586505, 50.39182028481285], [127.36173097537616, 50.3918262282217], [127.36170308723277, 50.39263530687082], [127.36253754947866, 50.39291688240836], [127.36250657662728, 50.39381585887031], [127.36291298106944, 50.39427128637338], [127.36333487266899, 50.39427722417356], [127.36343216353816, 50.395537770397326], [127.36413224071659, 50.395637560605806], [127.36406725296735, 50.39752541161404], [127.36491109455822, 50.397537277863584], [127.36502389760714, 50.398348334168645], [127.36572711140363, 50.39835821746836], [127.36569000900938, 50.399436989906945], [127.36653388522055, 50.39944884470912], [127.36676882813985, 50.40080126093984], [127.36648134673574, 50.40097710592501], [127.3673221615796, 50.40107885298973], [127.36725728799865, 50.40296670522509], [127.36810122754385, 50.40297854925494], [127.36807343681794, 50.40378762891551], [127.36765145979649, 50.40378170749644], [127.36753098752095, 50.40728771718943], [127.36710897953131, 50.40728179350711], [127.36706262571637, 50.40863025787003], [127.36649684121726, 50.40871225445727], [127.36661896732693, 50.40925361549491], [127.36618457363178, 50.40960727858327], [127.36616911273245, 50.410056766354984], [127.36658496229781, 50.4102424888165], [127.36656641329891, 50.410781874186355], [127.365706869885, 50.411219505280854], [127.3656666566789, 50.412388172803624], [127.3651039195068, 50.412380264628695], [127.36520747195948, 50.41346101149237], [127.364644722208, 50.41345310097549], [127.36434786718755, 50.4138986317618], [127.3642890386915, 50.41560668225918], [127.36397358415125, 50.41659159594777], [127.36410189338669, 50.41695316414723], [127.36466468445113, 50.41696107768443], [127.36465539690835, 50.41723076980499], [127.3640895057078, 50.41731275353777], [127.36373995969807, 50.41928653663089], [127.36330235256837, 50.41973008455924], [127.36324967227787, 50.421258337956196], [127.36268683069007, 50.42125041708932], [127.36272523997904, 50.424219005207426], [127.36356955524735, 50.42423088571094], [127.36350447916173, 50.42611872686176], [127.36434882853656, 50.42613060203237], [127.36431165824997, 50.42720936855265], [127.36515602735867, 50.42722123805051], [127.3650817183207, 50.42937877133218], [127.36550392225638, 50.42938470423617], [127.36546677392288, 50.43046347077146], [127.36489762885367, 50.43063535394195], [127.36456659151503, 50.4320697516903], [127.36414126542175, 50.432153712275294], [127.36405140274604, 50.43476072800462], [127.3637699017684, 50.43475676908866], [127.36389515601381, 50.43520823394039], [127.36361365240437, 50.435204274621206], [127.36359505320567, 50.435743656865526], [127.36331354646317, 50.43573969679013], [127.36329494350092, 50.43627907890374], [127.36300102920436, 50.43663470606688], [127.36271951726094, 50.43663074450418], [127.36285407038697, 50.436812519346205], [127.36214408249751, 50.43698240715561], [127.36241628957879, 50.43725606101627], [127.36170008612729, 50.43760573990958], [127.3612436593433, 50.438588658349786], [127.36081826895192, 50.438672606074476], [127.36037113253008, 50.43938583010874], [127.3598018618075, 50.43955768688318], [127.35979564673998, 50.43973748049305], [127.36007717669874, 50.43974144930466], [127.35992708979092, 50.44000915540614], [127.35921704373868, 50.44017902469896], [127.3592015000701, 50.44062850853233], [127.35791903657768, 50.44106011727029], [127.35790659145087, 50.4414197040516], [127.35734351229766, 50.441411755055036], [127.35705263400904, 50.44167746949169], [127.35703395596778, 50.44221684936278], [127.3566116396703, 50.4422108846362], [127.35660229803804, 50.44248057449419], [127.35575766107466, 50.44246864033112], [127.35573896779053, 50.4430080197783], [127.35502886221066, 50.44317786284506], [127.35486626642124, 50.44380514798526], [127.35358679786611, 50.444146811036774], [127.35357119867864, 50.444596293293216], [127.35272340385879, 50.444674233178624], [127.35270779620106, 50.44512371519917], [127.35157842947353, 50.445197659679394], [127.35142202877572, 50.445645146612904], [127.3508557761778, 50.44572706206759], [127.35041780002126, 50.446170556042695], [127.34728924973471, 50.44702556191694], [127.34685436119203, 50.44737914582957], [127.34643513481379, 50.447283247637856], [127.34599710300597, 50.4477267243146], [127.3434503695942, 50.44805025357997], [127.34344409069229, 50.448230045447836], [127.34245542674343, 50.44830590497957], [127.34244914401442, 50.44848569674906], [127.34188598539136, 50.44847767215235], [127.34159497716486, 50.44874334636046], [127.34046865454494, 50.44872728611712], [127.34003055382937, 50.4491707395485], [127.33904186547083, 50.44924656981484], [127.33903242163538, 50.449516256957004], [127.33734291276038, 50.449492125038574], [127.33733345918539, 50.44976181193704], [127.33015303145733, 50.449658976765974], [127.33002173432949, 50.44938727006329], [127.32649243734132, 50.449606380552275], [127.32563181950701, 50.45004370209168], [127.32140167067956, 50.450162629305076], [127.3219553022164, 50.45044043797488], [127.31871067087383, 50.450573477339276], [127.31657961614202, 50.451082307353765], [127.31602281759949, 50.450894368004995], [127.31601643412289, 50.45107415727206], [127.3154468666895, 50.451245793675085], [127.31360373543197, 50.45157885613457], [127.31262135650276, 50.451474671933134], [127.31247096452378, 50.451742313248126], [127.31105659089118, 50.451901671819925], [127.29654807045219, 50.4518700358195]], [[127.32479341115528, 50.44985175172808], [127.32493102891365, 50.44994367391114], [127.32493420364118, 50.44985377885026], [127.32479341115528, 50.44985175172808]], [[127.34600650665574, 50.44745703613941], [127.34614415928466, 50.447548933596316], [127.34614729355212, 50.447459037530024], [127.34600650665574, 50.44745703613941]], [[127.31511360316297, 50.44476522453901], [127.31525118736641, 50.44485715791788], [127.31525437985836, 50.44476726322392], [127.31511360316297, 50.44476522453901]], [[127.33553270098464, 50.44487926531384], [127.33567032566407, 50.44497117493099], [127.33567347948669, 50.44488127930119], [127.33553270098464, 50.44487926531384]], [[127.34248112076007, 50.443539415301544], [127.34261875527288, 50.44363131681216], [127.34262189578293, 50.443541420845094], [127.34248112076007, 50.443539415301544]], [[127.34920078750488, 50.440666914400595], [127.34933842702259, 50.440758808050205], [127.34934155448448, 50.44066891173374], [127.34920078750488, 50.440666914400595]], [[127.3517970508918, 50.43890491154726], [127.35193469048046, 50.43899680215109], [127.35193781282936, 50.43890690568982], [127.3517970508918, 50.43890491154726]], [[127.36097145162636, 50.438315001797186], [127.36110600263166, 50.43849677859186], [127.36111221246188, 50.438316984825626], [127.36097145162636, 50.438315001797186]], [[127.35356729450872, 50.4365915196824], [127.3537049309711, 50.43668340819516], [127.3537080497111, 50.43659351161802], [127.35356729450872, 50.4365915196824]], [[127.73761385076276, 50.44094274738253], [127.73790021779641, 50.440765978463816], [127.73806013812349, 50.440048210814155], [127.7377857339172, 50.43977542097615], [127.7373609757333, 50.43986075010973], [127.73733705159307, 50.440759868329025], [127.73761385076276, 50.44094274738253]], [[127.7218573229298, 50.44032103799197], [127.72270205943288, 50.44033031448262], [127.7248453117325, 50.439184630756436], [127.72540845652303, 50.43919080120501], [127.72541811618001, 50.438831155497525], [127.72598608452428, 50.43865750024131], [127.72642291636963, 50.43812265532906], [127.72813641122218, 50.4372420198979], [127.72828682907286, 50.43688391251217], [127.72885235553612, 50.43680015452419], [127.72971869068017, 50.436000175220464], [127.73028420418429, 50.43591641016259], [127.73029382577772, 50.435556763571256], [127.73114088403051, 50.43547606651536], [127.73116011374007, 50.43475677301573], [127.73172320737959, 50.43476291251814], [127.73201196041504, 50.43449624607325], [127.73246309232427, 50.43342190684027], [127.73274463134462, 50.43342497372116], [127.7327542334476, 50.433065326632644], [127.7330381703472, 50.432978481008], [127.73321253302773, 50.43172124860676], [127.7336468200158, 50.431276286690554], [127.73355163419468, 50.429566429454916], [127.73428658964063, 50.428405233791345], [127.73425131176477, 50.42444757756115], [127.73442081388183, 50.423370165031166], [127.73470948142722, 50.42310349075035], [127.73473344032887, 50.422204370698886], [127.73445196761594, 50.422201309119494], [127.73447832685981, 50.42121227699884], [127.73476218940317, 50.42112542644174], [127.73448072308165, 50.42112236497898], [127.73396333672257, 50.41940791172238], [127.73424239630482, 50.41950088640011], [127.73412084195233, 50.41878005885204], [127.73528017460681, 50.41753353438016], [127.73546398955902, 50.41591664595075], [127.73574542514038, 50.41591970480799], [127.73589571530538, 50.41556158536896], [127.73592203828103, 50.41457255156273], [127.73634417980125, 50.414577137843565], [127.73650402820525, 50.41385936868217], [127.73678306046882, 50.41395233714665], [127.73679979891119, 50.41332295162767], [127.73652077028915, 50.413229983220745], [127.73652794528562, 50.412960246572226], [127.73681175457683, 50.41287339049829], [127.73682131889059, 50.41251374156814], [127.73654229495033, 50.41242077323523], [127.73654946961855, 50.41215103654675], [127.73683327400933, 50.412064180372184], [127.73687152834765, 50.410625584296476], [127.73645181344406, 50.41053108793456], [127.736513990551, 50.40819336884342], [127.73581530107121, 50.40800590137582], [127.7359655645856, 50.40764778117822], [127.73569374905176, 50.407285074115464], [127.73570810529813, 50.40674560042288], [127.73487353870527, 50.40637677369839], [127.73474961031572, 50.40574585766311], [127.73418925539558, 50.405649823089064], [127.73405815087264, 50.40528864309183], [127.73364088515513, 50.405104224647914], [127.73351457953883, 50.40456321955607], [127.73323800577435, 50.40438033132692], [127.73338827668883, 50.40402221429918], [127.73284233197288, 50.40338669990275], [127.73290227336689, 50.40113889345879], [127.73332908845049, 50.40096366523074], [127.7334201535396, 50.39754699699696], [127.73299816375915, 50.39754240122393], [127.73304610164674, 50.39574415421825], [127.73262892304811, 50.395559732502726], [127.73264091062568, 50.39511017071695], [127.73221894260453, 50.39510557227728], [127.73223333208189, 50.39456609817306], [127.73195202331955, 50.394563031754885], [127.73182336384113, 50.39411193656954], [127.73140380455206, 50.39401742289596], [127.73141580305916, 50.39356786120335], [127.73100345070459, 50.39320360909903], [127.73058149987358, 50.39319900484532], [127.73031460965609, 50.39265646061105], [127.7297520151975, 50.39265031798275], [127.72962818735151, 50.39201939580855], [127.72893457081823, 50.391652063888024], [127.72825780309432, 50.390655341982715], [127.72729256280091, 50.389925275505], [127.7268706416715, 50.389920658007725], [127.7268561937175, 50.390460131424014], [127.72629362600293, 50.39045397226374], [127.72600270362494, 50.39081054046086], [127.72596173741432, 50.39233904758479], [127.72553979508189, 50.392334425101495], [127.72552533078884, 50.392873898013804], [127.72496273480293, 50.39286773220517], [127.72467419978591, 50.393134384628844], [127.72460906094301, 50.39556201116145], [127.7241870902256, 50.395557383559115], [127.7241508861514, 50.3969060642791], [127.7252231160594, 50.39889646705345], [127.72491765811057, 50.399792503756025], [127.72518452506513, 50.40033505955917], [127.72502455518888, 50.40105281385735], [127.72570863237749, 50.40177981739144], [127.72609450167216, 50.40313312017295], [127.72599324763917, 50.406909423205875], [127.72528738245383, 50.40699162872579], [127.72512738986495, 50.40770938220327], [127.72470048402572, 50.407884579453224], [127.72469082953847, 50.40824422698347], [127.72398494236924, 50.4083264244154], [127.72382492526802, 50.40904417575814], [127.72340283495548, 50.40903954442078], [127.7233810890921, 50.40984875076035], [127.72295899170487, 50.40984411775963], [127.72280378841837, 50.410382043794534], [127.72251996911372, 50.41046886564754], [127.72247644411132, 50.41208727725036], [127.72275543795047, 50.41218027910499], [127.72273851412548, 50.412809661323635], [127.72245951664607, 50.41271665941071], [127.72245468011681, 50.41289648287175], [127.72286713452867, 50.41326076486693], [127.72285021153469, 50.413890146995456], [127.7236968942921, 50.413809501031835], [127.72368964622432, 50.41407923630024], [127.72311713102619, 50.41443270667094], [127.7229522434974, 50.41533027924796], [127.72321192063839, 50.416142573749326], [127.72403690294556, 50.41687113104493], [127.72402482467676, 50.41732068963985], [127.72444457378299, 50.41741523099644], [127.72496400936778, 50.41903981269587], [127.72524546231028, 50.41904289708807], [127.72514408358943, 50.42281918849264], [127.72472187064116, 50.42281456103208], [127.72467115638392, 50.424702705445966], [127.72396502398568, 50.424784900691336], [127.72409127017235, 50.425325913893246], [127.72333919113622, 50.42711642504322], [127.72330292241503, 50.428465097962984], [127.7224583968282, 50.42845582740214], [127.72245113795672, 50.42872556185779], [127.72216962792773, 50.42872247027959], [127.72228860325956, 50.42953321939659], [127.72200466790127, 50.429620038843765], [127.7219901442923, 50.430159507537816], [127.72268910207201, 50.43034705938563], [127.72295127101309, 50.43106944153882], [127.72266248868831, 50.43133608542353], [127.72279357457498, 50.43169727656627], [127.7223616027709, 50.432052285714455], [127.72234466178686, 50.432681665675396], [127.72205828685345, 50.43285839647827], [127.7220413413635, 50.43348777627715], [127.72232045933511, 50.43358077977937], [127.72218974482824, 50.43843599338069], [127.72176739346294, 50.438431354167484], [127.72173833132385, 50.43951028975989], [127.72131597047311, 50.439505648837276], [127.72130385672645, 50.43995520519745], [127.7218573229298, 50.44032103799197]], [[127.3537922496973, 50.43416630345424], [127.35407062798826, 50.43426018310475], [127.35407374576755, 50.434170286473474], [127.3537922496973, 50.43416630345424]], [[127.3533793629483, 50.43389063784082], [127.353516991332, 50.4339825265377], [127.35352011012898, 50.433892629927094], [127.3533793629483, 50.43389063784082]], [[127.71925269975713, 50.43768419689865], [127.71939105496907, 50.437775657734925], [127.71939348117901, 50.437685746499135], [127.71925269975713, 50.43768419689865]], [[127.34328732354949, 50.42448344108265], [127.34342176839306, 50.424665237704566], [127.34342804213097, 50.42448544510679], [127.34328732354949, 50.42448344108265]], [[127.34613927861113, 50.423444732077186], [127.34641757895899, 50.42353862944964], [127.34642071003948, 50.423448732998054], [127.34613927861113, 50.423444732077186]], [[127.34814370564993, 50.42248386232688], [127.3482812912056, 50.422575756971966], [127.34828441865125, 50.42248586042098], [127.34814370564993, 50.42248386232688]], [[127.72042948012698, 50.42537563526478], [127.72056780219673, 50.42546709463842], [127.72057022511909, 50.425377183170085], [127.72042948012698, 50.42537563526478]], [[127.35267075899743, 50.41373384369361], [127.35280832849166, 50.41382573295617], [127.35281144639974, 50.413735836064504], [127.35267075899743, 50.41373384369361]], [[127.35325532802878, 50.41311253373925], [127.35339289689927, 50.41320442231338], [127.35339601363245, 50.413114525385645], [127.35325532802878, 50.41311253373925]], [[127.7228091103281, 50.41541864614816], [127.72294740838484, 50.41551010266232], [127.72294982594728, 50.41542019095588], [127.7228091103281, 50.41541864614816]], [[127.73604600315817, 50.415203465697275], [127.736184326372, 50.41529490666248], [127.73618671886169, 50.41520499449154], [127.73604600315817, 50.415203465697275]], [[127.72108149143831, 50.41162225804182], [127.72121977521168, 50.411713716560065], [127.72122219571804, 50.411623804855196], [127.72108149143831, 50.41162225804182]], [[127.72124640010509, 50.410724687724944], [127.72138468161849, 50.4108161460437], [127.72138710173567, 50.41072623431909], [127.72124640010509, 50.410724687724944]], [[127.72297349384785, 50.40930464696817], [127.72325488890026, 50.409307735746594], [127.72326213820921, 50.40903800030144], [127.7231214414752, 50.40903645601199], [127.72297349384785, 50.40930464696817]], [[127.72189387511276, 50.407583961270795], [127.72287872193131, 50.40759477789209], [127.72302908129919, 50.40723667510676], [127.72359184697179, 50.40724285153216], [127.72461289265392, 50.405904975196165], [127.7244794466461, 50.405633696877466], [127.72505425729149, 50.4051903064661], [127.72507114587151, 50.404560922851495], [127.72424635786051, 50.4038323728667], [127.72426325632642, 50.40320298930218], [127.72455185580903, 50.402936338827736], [127.72371261363277, 50.402747256844805], [127.72401087109711, 50.40212095992654], [127.72359367263317, 50.40193650584563], [127.72374159306548, 50.40166831356869], [127.72306962816008, 50.40049173899315], [127.72278828532735, 50.400488650155154], [127.72277620226654, 50.400938209804224], [127.72192974783852, 50.40101885095763], [127.7219104014365, 50.4017381460718], [127.72148595717537, 50.40182342014008], [127.72147386122313, 50.402272979457265], [127.72062738094033, 50.4023536109191], [127.72053538053441, 50.40577025934304], [127.7209574413351, 50.4057749008668], [127.72093565634673, 50.40658410689165], [127.72135288479458, 50.40676857059141], [127.72134562523127, 50.407038305941654], [127.72260458966485, 50.40732195282331], [127.72259975461027, 50.40750177646216], [127.7218987128528, 50.407404137683955], [127.72189387511276, 50.407583961270795]], [[127.35934853966093, 50.39970747347603], [127.35962362544122, 50.39989123593701], [127.35962983237842, 50.399711441104806], [127.35934853966093, 50.39970747347603]], [[127.7187452461957, 50.40431154085737], [127.71888350440116, 50.40440300207095], [127.71888592870005, 50.40431309033449], [127.7187452461957, 50.40431154085737]], [[127.73299020508139, 50.4031184955743], [127.73312848758715, 50.403209940052854], [127.73313088483268, 50.40312002780017], [127.73299020508139, 50.4031184955743]], [[127.72476733752002, 50.40015060971596], [127.72490559548932, 50.40024206383179], [127.72490800803808, 50.4001521518196], [127.72476733752002, 50.40015060971596]], [[127.35585970537777, 50.394801379168165], [127.355997227183, 50.39489326447583], [127.35600033696703, 50.39480336714617], [127.35585970537777, 50.394801379168165]], [[127.35396559052046, 50.392615995531195], [127.3541031023868, 50.39270788301503], [127.35410621551138, 50.39261798573685], [127.35396559052046, 50.392615995531195]], [[127.35126535682204, 50.389339857473104], [127.35140285406426, 50.38943174805672], [127.35140597193242, 50.389341850849625], [127.35126535682204, 50.389339857473104]], [[127.73035303490973, 50.39121786333255], [127.73091801295978, 50.39113409056685], [127.73094201640144, 50.390234966865584], [127.73052249300136, 50.39014045022049], [127.7299503196444, 50.39049395818585], [127.72995752613137, 50.39022422116225], [127.73038185180005, 50.39013891512489], [127.73039625958637, 50.3895994409411], [127.72984331048298, 50.38923364956819], [127.73000076274667, 50.388605798740784], [127.72959567163595, 50.3879718046282], [127.72960768466497, 50.38752224278061], [127.72933122405183, 50.38733934559238], [127.72934323931152, 50.38688978374171], [127.72878552143983, 50.38670381221024], [127.72838527187277, 50.38588998919603], [127.72782275789255, 50.38588383783158], [127.72782997526927, 50.38561410081556], [127.7274104988694, 50.38551957322448], [127.72697898728893, 50.385874605685764], [127.72696695011018, 50.386324167203014], [127.7273671788273, 50.38713799488364], [127.7270762852018, 50.387494566178326], [127.72735755161327, 50.38749764407606], [127.7274500511485, 50.389297428474244], [127.72772892198432, 50.389390417826846], [127.7277144840404, 50.38992989147232], [127.72799576492785, 50.38993296793389], [127.72798614151404, 50.39029261704031], [127.72909685133209, 50.39084439009233], [127.72909204365862, 50.391024214696984], [127.72979766504358, 50.39094198404276], [127.7298048725112, 50.390672247056], [127.73008615801844, 50.3906753184957], [127.73035303490973, 50.39121786333255]], [[127.72755353253346, 50.38543119947757], [127.72769175363561, 50.38552265022741], [127.72769415965693, 50.38543273788917], [127.72755353253346, 50.38543119947757]], [[127.34952755094899, 50.37861216986234], [127.34966501425376, 50.3787040623291], [127.3496681342201, 50.37861416503394], [127.34952755094899, 50.37861216986234]], [[127.72131962667295, 50.381855221473614], [127.72145782538, 50.38194667951815], [127.72146024288148, 50.38185676734238], [127.72131962667295, 50.381855221473614]], [[127.72390312418813, 50.374688492993656], [127.7248993424691, 50.37424972548415], [127.72476356975162, 50.37406835911662], [127.72504957660419, 50.37389161716632], [127.72506403655544, 50.37335214258388], [127.7246615484147, 50.37262821868965], [127.72480695828477, 50.37244993543873], [127.72425907234776, 50.37190429340642], [127.72430247471131, 50.37028586944079], [127.72360197646465, 50.37018824441892], [127.72347587068508, 50.369647226801696], [127.72291113612128, 50.3697309655463], [127.72263480370125, 50.36954805286634], [127.72264687465038, 50.36909849080304], [127.72235847340542, 50.369365139540186], [127.72153432773095, 50.368636570918405], [127.72123867272465, 50.36917295399545], [127.72121692078838, 50.369982165228095], [127.72149083374845, 50.370254993600305], [127.7216096695875, 50.37106575021117], [127.72258893129887, 50.371256388369034], [127.7228242344743, 50.37296781155457], [127.7233745290127, 50.373423547843196], [127.72336487629728, 50.37378319732987], [127.7237818288765, 50.37396765123975], [127.72363399771548, 50.37423584547111], [127.72390312418813, 50.374688492993656]], [[127.3406035536569, 50.368321756807966], [127.34088465813785, 50.36832576796238], [127.3408940643098, 50.368056076783795], [127.34146567312382, 50.367794405710065], [127.34188419191022, 50.36789031612664], [127.34204354194746, 50.36735293750633], [127.34148447838378, 50.36725502313093], [127.34150328307082, 50.36671564049635], [127.34178751171994, 50.36662975226051], [127.34066940499406, 50.36643391853415], [127.34067881175473, 50.36616422729676], [127.33983553689774, 50.3661521906754], [127.33989827680647, 50.36435424950253], [127.33905817277547, 50.36425231049708], [127.33923009354729, 50.36335534739554], [127.33867422190396, 50.363167522910075], [127.33870247240496, 50.3623584495171], [127.33842454287722, 50.36226453639259], [127.3383154044336, 50.36136355769423], [127.33789695024959, 50.361267634963326], [127.33793149228656, 50.36027876753095], [127.33765671697851, 50.36009495562819], [127.33754131564608, 50.359373770168396], [127.33711973897137, 50.35936774183304], [127.33701691382878, 50.358286967715], [127.33633001679132, 50.35782743158394], [127.33594617665571, 50.356742634956035], [127.33524673312108, 50.3566426806425], [127.33553091208947, 50.35655680707653], [127.33539982834762, 50.356285104476946], [127.33582137735374, 50.356291138780705], [127.33597761038733, 50.355843664757195], [127.33626178327357, 50.35575778933349], [127.3361253275517, 50.35161850275942], [127.33570696318434, 50.35152257287862], [127.33543853394583, 50.35115896188604], [127.33546054007776, 50.35052968231786], [127.33491112170982, 50.35016204690254], [127.33520155051134, 50.349896379523464], [127.33478005825653, 50.34989034352482], [127.3346615765697, 50.34925905173489], [127.33438687667172, 50.349075232520285], [127.33454309782701, 50.34862775978917], [127.33412161694298, 50.34862172151368], [127.33400000060385, 50.34808032609603], [127.3333164254459, 50.34753087606997], [127.33289495453363, 50.34752483344361], [127.33290439901911, 50.347255142388505], [127.33262656874072, 50.347161216152344], [127.33278909625344, 50.346533951695974], [127.33195877177795, 50.34616227330121], [127.33110009775149, 50.3465996616788], [127.32940163110507, 50.346935037679756], [127.32838980368946, 50.34772997418161], [127.3283077237102, 50.35006729063292], [127.32858871864954, 50.350071330449865], [127.32851611259863, 50.35213895596751], [127.32893446723476, 50.35223491162486], [127.32891868608485, 50.35268439541355], [127.32919022926613, 50.35295812419847], [127.32887449673393, 50.35394294981683], [127.32929602360127, 50.35394900756906], [127.32925499815946, 50.35511766520859], [127.32938604359482, 50.35538937440995], [127.32966707010205, 50.35539341192853], [127.32964813885333, 50.35593279237724], [127.3299291686061, 50.35593682929386], [127.32977287856626, 50.35638429461729], [127.330188118661, 50.35657014283099], [127.33083394649249, 50.35819837253588], [127.33125235898123, 50.35829432032849], [127.3312334437487, 50.3588337009422], [127.33178293179378, 50.35920135391697], [127.33203562096445, 50.36001445697006], [127.33231667515788, 50.3600184883528], [127.33230407233657, 50.360378075522384], [127.33271620703186, 50.360653811818786], [127.33270675699077, 50.36092350222346], [127.33312204798465, 50.36110934032257], [127.33296576970534, 50.361556809683265], [127.33366213179264, 50.36174667513311], [127.334189640293, 50.362743594877415], [127.33447071091082, 50.36274762121197], [127.33528876009129, 50.363478871211036], [127.33554467537395, 50.364202070004644], [127.33526359601274, 50.36419804618179], [127.33525730483336, 50.364377839909075], [127.33581632118914, 50.364475783813695], [127.33538840894346, 50.36464954251669], [127.33595057309884, 50.36465758893201], [127.3360816819198, 50.364929290791835], [127.33650016431717, 50.365025220278504], [127.33662184784491, 50.36556661226754], [127.3369029354834, 50.3655706328866], [127.33687465116722, 50.366379705092136], [127.33757109955421, 50.36656954782614], [127.33769908141261, 50.36693114484993], [127.33867035936554, 50.36730479310947], [127.33879835145322, 50.36766638898071], [127.3393605522217, 50.36767441926077], [127.33966989127404, 50.36686936022342], [127.34023208287398, 50.36687738619955], [127.34006644042779, 50.36759455626023], [127.3406035536569, 50.368321756807966]], [[127.3381113036983, 50.367206862588255], [127.33824871218806, 50.36729876818388], [127.33825185246025, 50.367208871229955], [127.3381113036983, 50.367206862588255]], [[127.33472975654742, 50.36338092487982], [127.33500453905351, 50.36356474367527], [127.33501083100637, 50.3633849499458], [127.33472975654742, 50.36338092487982]], [[127.33445812314473, 50.36310720860571], [127.3345955128223, 50.36319911839489], [127.33459865953853, 50.363109221543915], [127.33445812314473, 50.36310720860571]], [[127.33418334538098, 50.36292338855181], [127.33431758676689, 50.36310519549776], [127.33432388121236, 50.362925401816746], [127.33418334538098, 50.36292338855181]], [[127.73720830826976, 50.3502803926222], [127.73734644728076, 50.350371831816176], [127.73734883207207, 50.35028191859603], [127.73720830826976, 50.3502803926222]], [[127.32792572485702, 50.34493509222678], [127.3293557850101, 50.34423611246657], [127.33008025866528, 50.3436169249667], [127.33064217299481, 50.3436249946127], [127.33080156175639, 50.343087629692384], [127.33150709746921, 50.343007814871044], [127.33152284877532, 50.34255832973789], [127.3318069495529, 50.34247246430996], [127.33196632103416, 50.34193509752219], [127.33225356605278, 50.34175933388145], [127.33234802144403, 50.33906242089828], [127.33276941735531, 50.33906846477573], [127.33281977496995, 50.33763011031082], [127.33269819852846, 50.33708871296916], [127.33255144370575, 50.33726649280657], [127.33227682014606, 50.33708266900476], [127.33229885706137, 50.33645338891656], [127.33165010682038, 50.3349150610607], [127.33172253252172, 50.33284742608613], [127.3321438733254, 50.33285347169294], [127.3321784999784, 50.331864602292896], [127.33104549832643, 50.33211816936564], [127.33087985134584, 50.332835330294145], [127.33045535982293, 50.332919177241166], [127.33043960382899, 50.33336866287902], [127.33001825883463, 50.33336261105253], [127.32958430254617, 50.33371614602883], [127.32955907890201, 50.33443532261267], [127.3288568219168, 50.334425229915986], [127.32826346178824, 50.335316122720855], [127.32821928233778, 50.33657468048231], [127.3276542950166, 50.336656496889866], [127.3277221468899, 50.33872614675963], [127.32730075509058, 50.33872008462249], [127.32727233459443, 50.33952915663041], [127.32683198330108, 50.34006247394749], [127.32724391280001, 50.340338228513424], [127.32712073668702, 50.34384420523], [127.32724226495807, 50.3443856073411], [127.32792572485702, 50.34493509222678]], [[127.73880648141197, 50.34301266544703], [127.73894460269592, 50.34310410271991], [127.73894698385543, 50.3430141893315], [127.73880648141197, 50.34301266544703]], [[127.33242672328448, 50.33681499235285], [127.33256403433371, 50.33690690415518], [127.33256718195075, 50.336817006988475], [127.33242672328448, 50.33681499235285]], [[127.33426526478763, 50.33648158039892], [127.33440257849185, 50.33657349006019], [127.33440572260209, 50.3364835928043], [127.33426526478763, 50.33648158039892]], [[127.73373461756715, 50.3381907604656], [127.73401320340923, 50.33828373340166], [127.73401559347022, 50.338193820109204], [127.73373461756715, 50.3381907604656]], [[127.61194152178528, 50.33662066827051], [127.61207937810347, 50.336712254150804], [127.61208199817486, 50.336622345271124], [127.61194152178528, 50.33662066827051]], [[127.71983362167337, 50.33776872135883], [127.72053605150812, 50.33777645311553], [127.72053846696502, 50.33768654028559], [127.71984087198295, 50.33749898293813], [127.71983362167337, 50.33776872135883]], [[127.61393697446553, 50.335655132304986], [127.61406959943992, 50.33592653377923], [127.61407744812648, 50.33565680687198], [127.61393697446553, 50.335655132304986]], [[127.61394220738676, 50.335475314369944], [127.61408006432877, 50.33556689789991], [127.61408268051777, 50.33547698892633], [127.61394220738676, 50.335475314369944]], [[127.61352602253127, 50.33529047177379], [127.6136638781352, 50.335382055789104], [127.61366649509255, 50.335292146828486], [127.61352602253127, 50.33529047177379]], [[127.71916746246653, 50.3364122934914], [127.71972939016247, 50.33641848233517], [127.71987470530108, 50.33624020346516], [127.7191795519599, 50.33596272946104], [127.71916746246653, 50.3364122934914]], [[127.66440063822567, 50.335076558771995], [127.66453859220195, 50.33516808322895], [127.6645411131227, 50.33507817236628], [127.66440063822567, 50.335076558771995]], [[127.61681433626529, 50.33335095502945], [127.61766235714384, 50.333181160413204], [127.61809419051578, 50.33282653326853], [127.61908005626928, 50.332748306844415], [127.6189500178353, 50.33238700157371], [127.61741273998082, 50.33209891015756], [127.61713964354163, 50.33182584164713], [127.61728532569559, 50.33164769394606], [127.61672608848917, 50.331551101408564], [127.61687699236907, 50.33119313593227], [127.61756885904363, 50.3315611254628], [127.62079688076217, 50.33168940372271], [127.62122607496431, 50.33142467385404], [127.62346826625756, 50.33163112286053], [127.62600955732678, 50.331211482706145], [127.62602252356295, 50.33076193522753], [127.62631122146753, 50.33049552622485], [127.62716174985367, 50.330235752016314], [127.62799932195715, 50.33042551941292], [127.62899547357489, 50.32998756994515], [127.62943236733126, 50.32945308030184], [127.63028803046078, 50.329013463553295], [127.6302957854166, 50.32874373448524], [127.63186143888902, 50.32804264818081], [127.63216557568018, 50.32723676547432], [127.6335907042415, 50.32653400257703], [127.63359843982181, 50.32626427302161], [127.63417569289521, 50.32573141510607], [127.63122892125891, 50.32560681857196], [127.6302561451901, 50.32523560076889], [127.62983222802383, 50.325320545657696], [127.62983739905037, 50.325140726199926], [127.62815466549502, 50.32503094197454], [127.62815984279834, 50.32485112263389], [127.62760325169003, 50.32466467311321], [127.62619623938636, 50.32473799540746], [127.6255121838415, 50.324100328318785], [127.62467473269452, 50.32391054378987], [127.62482295689742, 50.323642476418875], [127.62439644903331, 50.323817311101756], [127.62329371610618, 50.323084735710545], [127.62231845482164, 50.32280336176165], [127.6224692878119, 50.32244538793141], [127.62190494681344, 50.322528639925224], [127.62079187303561, 50.32215567905446], [127.62079967984721, 50.321885950740395], [127.62009230546468, 50.32205743727681], [127.62023794605517, 50.32187928524892], [127.61799622806706, 50.32167277748041], [127.61800144307958, 50.321492958802544], [127.61743971458138, 50.32148627983049], [127.61743188886567, 50.32175600778148], [127.61448280104732, 50.32172089833349], [127.61448802932414, 50.32154107992377], [127.61364805276273, 50.321441125806636], [127.61364020560175, 50.32171085332785], [127.61195501614452, 50.32169074500363], [127.61194715933277, 50.321960472319965], [127.60814759023243, 50.32218486575489], [127.60815546860937, 50.321915138883504], [127.60773417023931, 50.32191009420457], [127.60774205087911, 50.32164036736771], [127.60605686813011, 50.3216201735834], [127.60607264811172, 50.321080720253626], [127.60579178768398, 50.32107735231313], [127.60579967908309, 50.32080762566007], [127.60229685923468, 50.320495743313735], [127.60228894810047, 50.32076546957905], [127.60144637390835, 50.32075533635081], [127.60101716859045, 50.321019993554806], [127.59722292369538, 50.32106421287594], [127.59720969028238, 50.32151375562558], [127.59636710469084, 50.32150358548286], [127.59638299427687, 50.320964134372396], [127.59554041869983, 50.32095395831923], [127.59553246920196, 50.32122368378436], [127.59426859959616, 50.32120840811417], [127.59426064282921, 50.3214781334204], [127.59341805893224, 50.32146794191318], [127.59341009727873, 50.3217376671089], [127.59256750910113, 50.32172746940049], [127.59257282006058, 50.32154765266954], [127.59131160131149, 50.32144243643955], [127.59132489032015, 50.32099289482124], [127.59048497541315, 50.32089277381584], [127.59022007695648, 50.3203499184924], [127.58797324472982, 50.32032264993807], [127.58781949620277, 50.32077048520741], [127.5883785458685, 50.320867215417834], [127.5884896800514, 50.3218579108363], [127.58960248774147, 50.32223117882719], [127.58958918190321, 50.322680720016336], [127.59042912623575, 50.32278084771174], [127.59139090403168, 50.32351202907663], [127.59209043018585, 50.32361044323004], [127.59208246041362, 50.32388016817216], [127.59236067962524, 50.323973477684696], [127.59221492895753, 50.32415159379709], [127.59291712134718, 50.32416009473513], [127.59290915609841, 50.32442981974732], [127.59488856451412, 50.324004057974875], [127.59501574720309, 50.32445529736759], [127.59585838449281, 50.324465477732346], [127.59599087619436, 50.32473689922052], [127.59627175701416, 50.32474029101194], [127.59598292817957, 50.32500662456126], [127.59752778209196, 50.32502527119739], [127.59711969416874, 50.32457064532891], [127.5974111606101, 50.324214400349774], [127.59699513858527, 50.32402949958033], [127.59700043327251, 50.3238496825797], [127.59756747726587, 50.3236766434713], [127.5978351232853, 50.32412957406958], [127.59825643949846, 50.32413465477591], [127.59852145005236, 50.32467749237719], [127.59978541395677, 50.32469272257661], [127.59991792872604, 50.324964139769705], [127.59961854859866, 50.32559011683948], [127.60129594891977, 50.325880130996154], [127.60128011217911, 50.32641958278081], [127.60057788398179, 50.3264111320722], [127.60042951506453, 50.32667916719728], [127.59972464084002, 50.32676061988249], [127.59931123085987, 50.32648581866295], [127.59833075600272, 50.32638406131352], [127.59832282076773, 50.32665378684752], [127.5987441593856, 50.32665886597011], [127.59873622641322, 50.32692859153895], [127.59957890877814, 50.32693874530182], [127.59970350070179, 50.32747988832475], [127.60040574438676, 50.32748834444301], [127.60038989666504, 50.32802779587272], [127.60123259906365, 50.328037937811004], [127.60136513103028, 50.32830935334768], [127.60291009556741, 50.32832792935478], [127.60290218570694, 50.32859765532534], [127.60388535136286, 50.32860946584826], [127.60376334411619, 50.32797841829573], [127.60446032907032, 50.32816666740109], [127.60472806530377, 50.328619582539055], [127.60500897005765, 50.32862295341249], [127.6050168679997, 50.32835322720114], [127.60600002949717, 50.32836501980339], [127.60600529101714, 50.328185202246836], [127.60712364343821, 50.328378486886905], [127.60769070589248, 50.328205398673475], [127.60782590258498, 50.32838689830199], [127.60754499888625, 50.328383534244765], [127.60753711524639, 50.32865326074459], [127.60795847319818, 50.32865830662406], [127.60796635445435, 50.3283885800762], [127.60992481189254, 50.32868183387851], [127.61133982401796, 50.32833898279587], [127.61161810773359, 50.328432246674666], [127.61161024713631, 50.328701973638154], [127.61384964910279, 50.328998515864455], [127.61384180097977, 50.32926824305622], [127.61355827477183, 50.32935480253962], [127.61440100535226, 50.329364849236896], [127.61467668665541, 50.329548014960196], [127.61466622850321, 50.329907651304445], [127.61591205422216, 50.33055207101445], [127.61590160502219, 50.330911707483914], [127.6161851364098, 50.33082514234931], [127.61659346000123, 50.33127970274118], [127.61450746762603, 50.33053534109393], [127.61451792720935, 50.33017570481283], [127.61409655466787, 50.330170682592865], [127.61382872050915, 50.3297177883459], [127.61340473521145, 50.32980267269891], [127.61313429225565, 50.329439685934105], [127.61242939726922, 50.329521215456126], [127.6125750896989, 50.32934307367553], [127.61216420177124, 50.32897840847783], [127.60991431819657, 50.329041469553275], [127.6099090712687, 50.329221287381664], [127.61033305734351, 50.329136415777725], [127.61018211128548, 50.32949437253158], [127.61046302184718, 50.3294977302717], [127.61044728686134, 50.33003718382182], [127.61072557864034, 50.33013044987783], [127.61057725455419, 50.33039849816085], [127.61127430247222, 50.330586706851115], [127.61139117362379, 50.331397564991654], [127.61209347853962, 50.331405950996114], [127.61221822356225, 50.33194708146479], [127.61278007414515, 50.33195378666431], [127.61277483749124, 50.33213360462041], [127.61347453664565, 50.3322318913588], [127.61472040614646, 50.33287632395441], [127.61681433626529, 50.33335095502945]], [[127.61374238107754, 50.33268478631909], [127.61402069483101, 50.332778044626025], [127.61402331087332, 50.33268813561135], [127.61374238107754, 50.33268478631909]], [[127.61332883850451, 50.332410034135215], [127.61346668549902, 50.332501618357], [127.61346930256119, 50.3324117093591], [127.61332883850451, 50.332410034135215]], [[127.61950666387466, 50.33257349274298], [127.61992805862859, 50.332578495530534], [127.62035986974662, 50.33222385975165], [127.61937922852862, 50.332122278689624], [127.61923094649255, 50.332390338270905], [127.6195118752027, 50.332393674289584], [127.61950666387466, 50.33257349274298]], [[127.61910090783367, 50.332029033145886], [127.61923876497491, 50.332120610611334], [127.61924137110924, 50.3320307013885], [127.61910090783367, 50.332029033145886]], [[127.62093474023423, 50.33178097920095], [127.6210726002361, 50.33187255451865], [127.62107520288693, 50.33178264522256], [127.62093474023423, 50.33178097920095]], [[127.6168717713186, 50.3313729542233], [127.61728793547249, 50.33155778478988], [127.61729054523613, 50.33146787563221], [127.6168717713186, 50.3313729542233]], [[127.71688584717658, 50.33242979955559], [127.71716678726312, 50.33243289965285], [127.71717162996622, 50.3322530740621], [127.7168906909395, 50.33224997398452], [127.71688584717658, 50.33242979955559]], [[127.63106617143715, 50.33127113145615], [127.63134709494219, 50.331274438829844], [127.63135226134338, 50.33109461944338], [127.63107133889798, 50.33109131209068], [127.63106617143715, 50.33127113145615]], [[127.60228234442317, 50.33056889229108], [127.60242016465722, 50.33066048941855], [127.60242280239319, 50.33057058081373], [127.60228234442317, 50.33056889229108]], [[127.71605756789171, 50.3318810186383], [127.71634092752491, 50.33179420793827], [127.71635304170876, 50.331344644045934], [127.71565555608758, 50.331157062218175], [127.71536977439357, 50.331333784024906], [127.71605756789171, 50.3318810186383]], [[127.63136776023232, 50.330555161248135], [127.63207780392229, 50.33029369730767], [127.63277751824522, 50.33039186800434], [127.63320921449825, 50.33003718343543], [127.6341924224105, 50.33004873795095], [127.63519366179045, 50.32943091513981], [127.63973448775438, 50.32786520996276], [127.64045214322333, 50.327333963837454], [127.64087093044328, 50.327428800462506], [127.64088118990662, 50.32706916001962], [127.6413076678099, 50.326894264701224], [127.64132048774336, 50.32644471402095], [127.63794202581924, 50.32667500264837], [127.63454807244985, 50.32744465207594], [127.63439989046923, 50.32771273202214], [127.633978536192, 50.327707782021854], [127.63340125654837, 50.328240638569504], [127.63297731791748, 50.32832559471269], [127.6328239639295, 50.32877349209821], [127.63211652862368, 50.32894505112356], [127.63210620232489, 50.32930469013888], [127.63124796716271, 50.329834230052704], [127.63096963595264, 50.32974101280701], [127.63081367419781, 50.33027881693533], [127.63136776023232, 50.330555161248135]], [[127.61465838474972, 50.33017737854692], [127.61493668578899, 50.33027063459471], [127.61493929987024, 50.33018072550625], [127.61465838474972, 50.33017737854692]], [[127.59991305813413, 50.32991080185495], [127.60033442583861, 50.32991587545172], [127.6000667245468, 50.3294629505802], [127.59992626998306, 50.32946125923849], [127.59991305813413, 50.32991080185495]], [[127.60047752310405, 50.32982765776967], [127.60075579366377, 50.329920947522], [127.60075843447112, 50.32983103896951], [127.60047752310405, 50.32982765776967]], [[127.60497737708695, 50.32970185812305], [127.60525565594637, 50.329795137173214], [127.60525828825102, 50.32970522844637], [127.60497737708695, 50.32970185812305]], [[127.62985115037083, 50.32954795656242], [127.62998902134572, 50.32963952142781], [127.62999160696572, 50.32954961176092], [127.62985115037083, 50.32954795656242]], [[127.63013981956038, 50.3292815377644], [127.63027769033602, 50.329373102289814], [127.6302802753869, 50.329283192607924], [127.63013981956038, 50.3292815377644]], [[127.60908471996936, 50.32858184594954], [127.60922254777337, 50.32867343510375], [127.60922517248837, 50.328583526207986], [127.60908471996936, 50.32858184594954]], [[127.3412738145537, 50.324889285642406], [127.34141110910092, 50.324981187005974], [127.34141423869819, 50.32489128925045], [127.3412738145537, 50.324889285642406]], [[127.63230344455711, 50.32732832761237], [127.63244131396375, 50.32741988958982], [127.63244389475328, 50.32732997979637], [127.63230344455711, 50.32732832761237]], [[127.6411569611399, 50.32725226373], [127.64129484755111, 50.32734381534416], [127.6412974116289, 50.32725390521857], [127.6411569611399, 50.32725226373]], [[127.60001081787765, 50.326584185605704], [127.60029171006843, 50.326587567776095], [127.60029435143925, 50.32649765918961], [127.60001610166515, 50.32640436845269], [127.60001081787765, 50.326584185605704]], [[127.70719693965651, 50.32701603218779], [127.70747784675555, 50.327019155450984], [127.70749248161529, 50.32647968020885], [127.70721157769472, 50.3264765570051], [127.70719693965651, 50.32701603218779]], [[127.59878646653189, 50.32522032937509], [127.59934559155873, 50.325317007390524], [127.59934823459552, 50.32522709882062], [127.59878646653189, 50.32522032937509]], [[127.63305728752199, 50.325538390234165], [127.63362422423889, 50.325365174406414], [127.63349409422406, 50.3250038842275], [127.63307534343346, 50.32490902128221], [127.63322094472908, 50.324730852752246], [127.63279703714355, 50.324815808538624], [127.63278155758803, 50.32535526759088], [127.63306244641929, 50.325358570541084], [127.63305728752199, 50.325538390234165]], [[127.70316294896702, 50.32553207032669], [127.70330829174407, 50.32535381205781], [127.70274649815386, 50.3253475448572], [127.70274405018509, 50.325437457250345], [127.70316294896702, 50.32553207032669]], [[127.70358674223398, 50.32544685706346], [127.70442943472987, 50.32545625077082], [127.70472255350795, 50.32500981832146], [127.70346831288171, 50.32463607903661], [127.70319231438691, 50.324453121349926], [127.7032021024628, 50.32409347164351], [127.70277832061726, 50.32417868361136], [127.70278566396452, 50.323908946365144], [127.70335478066254, 50.32364547592839], [127.70336212060832, 50.323375738595786], [127.70224347770989, 50.32318337753971], [127.70195279668806, 50.323539891390546], [127.70236433161459, 50.32390424442254], [127.70165966139128, 50.32398631683674], [127.70138122323307, 50.3238932672873], [127.70166701101985, 50.323716579700985], [127.70125303245727, 50.32344213661365], [127.69998904889124, 50.32342800964099], [127.70013439690156, 50.32324975531905], [127.69972043127424, 50.32297530685193], [127.69887532915703, 50.32305579164532], [127.6988704189985, 50.32323561622551], [127.69957262882012, 50.323243472973374], [127.69956281364992, 50.323603122215616], [127.70026502907923, 50.32361097482339], [127.70039566318881, 50.323972194174225], [127.70191850522744, 50.324798664757246], [127.70177070924292, 50.32506683364253], [127.70261584259757, 50.324986328065556], [127.7027489461102, 50.32525763246258], [127.70303228976496, 50.3251708539861], [127.70358674223398, 50.32544685706346]], [[127.66090354807858, 50.32451336317401], [127.6614627966074, 50.3246097433679], [127.66146532238734, 50.32451983245391], [127.66090354807858, 50.32451336317401]], [[127.66329361263124, 50.324450927891604], [127.6634315340825, 50.324542453565066], [127.66343405614215, 50.32445254257778], [127.66329361263124, 50.324450927891604]], [[127.71020001492558, 50.32507071439548], [127.71048091089001, 50.325073830317336], [127.71048821087331, 50.32480409229325], [127.71090955252893, 50.32480876485954], [127.710919282489, 50.32444911408067], [127.71007417158455, 50.32452968020758], [127.71020001492558, 50.32507071439548]], [[127.7041729898257, 50.32455399571836], [127.70515366956786, 50.324654861844465], [127.70516344291222, 50.32429521187177], [127.70404721629842, 50.32401295549642], [127.7041729898257, 50.32455399571836]], [[127.67217916184681, 50.323203652172545], [127.67231709700417, 50.323295167429364], [127.67231960218926, 50.3232052560981], [127.67217916184681, 50.323203652172545]], [[127.69648044833608, 50.323298783772366], [127.69661843098082, 50.32339027055566], [127.6966208903283, 50.323300358349144], [127.69648044833608, 50.323298783772366]], [[127.69592114115108, 50.323202571586314], [127.69619956438905, 50.323295634110025], [127.69620202451853, 50.32320572191701], [127.69592114115108, 50.323202571586314]], [[127.70392878220822, 50.323202177709916], [127.70407411486774, 50.32302391833699], [127.70365768220368, 50.32283939619491], [127.70394590072522, 50.322572790388655], [127.70366991217776, 50.322389833849996], [127.70282482659506, 50.32247034749297], [127.70281748384406, 50.32274008481045], [127.7035196874624, 50.32274791766646], [127.70350990225012, 50.32310756750174], [127.70392878220822, 50.323202177709916]], [[127.704492995252, 50.32311852651653], [127.70505476295459, 50.3231247850797], [127.70505964975962, 50.32294496005577], [127.70449788417554, 50.32293870153232], [127.704492995252, 50.32311852651653]], [[127.70056798250741, 50.322804903536976], [127.70098685377548, 50.322899524284544], [127.70099175589002, 50.322719699543], [127.70056798250741, 50.322804903536976]], [[127.70450032861874, 50.322848789037984], [127.70534297548035, 50.32285817577585], [127.70534541832224, 50.32276826325026], [127.70464565805082, 50.322670528915225], [127.70450032861874, 50.322848789037984]], [[127.70085621795961, 50.32253830552086], [127.70113464720107, 50.32263135628004], [127.70113709796244, 50.32254144390057], [127.70085621795961, 50.32253830552086]], [[127.6734731611951, 50.322139144817804], [127.67375153338166, 50.32223226072477], [127.67375403576628, 50.32214234932477], [127.6734731611951, 50.322139144817804]], [[127.7007182295202, 50.3224468237106], [127.70100401095871, 50.322270137663146], [127.70170130780707, 50.32245780622412], [127.7019895348352, 50.322191205317516], [127.70186134256377, 50.32174007517615], [127.70143757942142, 50.32182528243314], [127.7013093933062, 50.32137415170317], [127.70047412972288, 50.32109499880433], [127.70062192023397, 50.32082683134922], [127.70005527530236, 50.321000376310806], [127.70006263323235, 50.320730639207284], [127.69963887600777, 50.32081583996661], [127.69950580220078, 50.32054453203814], [127.69853504163802, 50.320083969654405], [127.69854240793197, 50.31981423267083], [127.69728097972234, 50.31971016468237], [127.6977071881014, 50.31953506015479], [127.6975765859575, 50.319173837764424], [127.69672908926358, 50.31934421979156], [127.69672417165425, 50.319524044333846], [127.69531986350474, 50.31950829303353], [127.69614030885346, 50.320326956035444], [127.69711105080002, 50.32078753825675], [127.69724411157357, 50.32105884881518], [127.69780339646964, 50.32115505449736], [127.69821242295352, 50.32160933425128], [127.69891460863126, 50.32161719478998], [127.69876926118134, 50.32179544763915], [127.70044470626586, 50.32217394724626], [127.7007182295202, 50.3224468237106]], [[127.70325348660151, 50.322205310295004], [127.70367235813535, 50.32229992137656], [127.7036748040805, 50.32221000890164], [127.70325348660151, 50.322205310295004]], [[127.69793400548444, 50.32151627656757], [127.69807198585536, 50.321607761634795], [127.69807444230536, 50.321517849348645], [127.69793400548444, 50.32151627656757]], [[127.70159026649888, 50.32137728893597], [127.70172580402038, 50.32155868213387], [127.7017307031139, 50.321378857297994], [127.70159026649888, 50.32137728893597]], [[127.34958007421528, 50.31628309670203], [127.3497173606171, 50.316374988299835], [127.34972047359548, 50.31628509003372], [127.34958007421528, 50.31628309670203]], [[127.70245736785776, 50.32048757204729], [127.70259535407189, 50.32057905180548], [127.70259780189947, 50.32048913934211], [127.70245736785776, 50.32048757204729]], [[127.70021532950089, 50.320282647506], [127.70133389597132, 50.32047502758401], [127.70134614683761, 50.32002546546874], [127.70022513859197, 50.31992299796421], [127.70021532950089, 50.320282647506]], [[127.6860390662572, 50.31985346860192], [127.68617701876938, 50.319944967596925], [127.6861794975125, 50.31985505571156], [127.6860390662572, 50.31985346860192]], [[127.69854977411379, 50.31954449567387], [127.69898088551241, 50.319189561734326], [127.69799787569313, 50.31917855673583], [127.69813093721478, 50.31944986635706], [127.69854977411379, 50.31954449567387]], [[127.69546275545721, 50.31941995670119], [127.6957436164827, 50.31942310796866], [127.69588896777563, 50.31924485886273], [127.69546767780723, 50.319240132245874], [127.69546275545721, 50.31941995670119]], [[127.69603923810415, 50.31888678505412], [127.69617720727702, 50.318978272323726], [127.69617966707206, 50.31888836006439], [127.69603923810415, 50.31888678505412]], [[127.59018072222975, 50.31693169940235], [127.59045889733623, 50.31702501320463], [127.59046155635691, 50.31693510484824], [127.59018072222975, 50.31693169940235]], [[127.70983297843861, 50.31787146434341], [127.70997097149318, 50.317962935437706], [127.70997340518167, 50.31787302267198], [127.70983297843861, 50.31787146434341]], [[127.63655508497617, 50.31622568116325], [127.63683334896125, 50.31631888469846], [127.63683592045146, 50.31622897456797], [127.63655508497617, 50.31622568116325]], [[127.63656022897618, 50.31604586091872], [127.63669807444913, 50.31613741782364], [127.63670064617793, 50.316047507695394], [127.63656022897618, 50.31604586091872]], [[127.63237351761758, 50.31509727904212], [127.63251135224216, 50.315188840838644], [127.63251393178051, 50.31509893085242], [127.63237351761758, 50.31509727904212]], [[127.6260626689149, 50.31475304287332], [127.62690255569788, 50.31485290665082], [127.62690514578343, 50.31476299687013], [127.6260626689149, 50.31475304287332]], [[127.34485342700137, 50.3108193382199], [127.34499068867059, 50.3109112352395], [127.3449938099578, 50.310821337102674], [127.34485342700137, 50.3108193382199]], [[127.35439950404243, 50.31095487626088], [127.3546771690794, 50.31104874938591], [127.35468027211839, 50.31095885081288], [127.35439950404243, 50.31095487626088]], [[127.70471783438798, 50.31484657109654], [127.70485580886277, 50.31493804816644], [127.70485825193751, 50.314848135535016], [127.70471783438798, 50.31484657109654]], [[127.61640031764492, 50.31373903933697], [127.61653811732879, 50.313830619809224], [127.61654072686649, 50.31374071040442], [127.61640031764492, 50.31373903933697]], [[127.70373980223579, 50.3146557900922], [127.70401819147678, 50.31474883375793], [127.70402063611486, 50.314658921153324], [127.70373980223579, 50.3146557900922]], [[127.69096932109335, 50.31424287297748], [127.69125015111538, 50.31424603486449], [127.691122080669, 50.313794893233975], [127.69169113893591, 50.31353147901034], [127.69156059810337, 50.313170249978114], [127.69184142187348, 50.313173410388515], [127.69184635679215, 50.312993585998456], [127.6905851248075, 50.312889446749644], [127.69057771530244, 50.313159183201556], [127.69015648000428, 50.313154437754385], [127.69014906800446, 50.31342417414777], [127.68958741793979, 50.31341784445124], [127.69013424366631, 50.313963646894386], [127.69097672866748, 50.31397313653392], [127.69096932109335, 50.31424287297748]], [[127.69181181130976, 50.31425235660408], [127.69265430197693, 50.3142618341274], [127.6926617000227, 50.31399209750337], [127.69294252875714, 50.31399525529147], [127.69309033869422, 50.31372709724874], [127.69393282050864, 50.313736565436905], [127.693807189666, 50.31319551427408], [127.69184142187348, 50.313173410388515], [127.69181181130976, 50.31425235660408]], [[127.61137702541225, 50.31259985739433], [127.61151481207554, 50.31269144373211], [127.61151743098075, 50.31260153450053], [127.61137702541225, 50.31259985739433]], [[127.70152497409245, 50.313461854357755], [127.70166293841, 50.31355333516045], [127.70166538738626, 50.31346342262104], [127.70152497409245, 50.313461854357755]], [[127.34831607111127, 50.30817031545004], [127.34845333204795, 50.30826220841141], [127.34845644651402, 50.30817231007642], [127.34831607111127, 50.30817031545004]], [[127.34860305028843, 50.30799450784611], [127.34874031128831, 50.30808640047171], [127.34874342519392, 50.30799650212099], [127.34860305028843, 50.30799450784611]], [[127.59515101318308, 50.31033626445301], [127.60075374595098, 50.31085354231807], [127.60048086503369, 50.31058043550615], [127.6006291817171, 50.310312399173036], [127.60035102511497, 50.310219109763516], [127.6005046201895, 50.30977125586887], [127.59979999670858, 50.30985271131938], [127.59924633501937, 50.30957621912188], [127.59925426022657, 50.30930649268498], [127.598968185457, 50.30948292645003], [127.59813903097135, 50.30902322693741], [127.59729402039233, 50.30910297408924], [127.59730195651001, 50.30883324785542], [127.59687548336295, 50.30900798226245], [127.59674302850344, 50.30873656138843], [127.59703175269671, 50.308470224367525], [127.59660792849566, 50.308555049088916], [127.59536558581866, 50.307820518420456], [127.59508215533852, 50.307907033938385], [127.59495236333042, 50.30754570240582], [127.59369150863355, 50.30744051479429], [127.59369681266476, 50.30726069753239], [127.59327829916583, 50.307165692919014], [127.59315117576047, 50.30671445083931], [127.59258431919865, 50.306887470450015], [127.59259228133169, 50.30661774465729], [127.59189300272268, 50.30651933531888], [127.5913234876293, 50.30678225732974], [127.59130489227657, 50.30741161713091], [127.59200683785987, 50.30742012152791], [127.59255777787997, 50.30778655632827], [127.59185582673649, 50.3077780552129], [127.5914213744661, 50.308222495177034], [127.59197231907652, 50.30858893274291], [127.59253388954188, 50.30859573349043], [127.59265304931431, 50.309316701783324], [127.59279875186532, 50.30913858428593], [127.59363846536142, 50.30923868708319], [127.59362785606109, 50.30959832146897], [127.59418678751275, 50.309695022932615], [127.59515101318308, 50.31033626445301]], [[127.59528876182404, 50.31042786974361], [127.59542651099413, 50.31051947487397], [127.59542916003441, 50.31042956622478], [127.59528876182404, 50.31042786974361]], [[127.60371794500989, 50.310349540672334], [127.60385571035656, 50.310441135947244], [127.60385834349513, 50.310351226973125], [127.60371794500989, 50.310349540672334]], [[127.59083589114903, 50.309024865604385], [127.59140277945569, 50.308851854847944], [127.5911379346197, 50.308309000991834], [127.59030621851603, 50.307939154830066], [127.5898823875901, 50.308023954976], [127.59000948322132, 50.30847520030151], [127.59083589114903, 50.309024865604385]], [[127.59196966369119, 50.30867884128742], [127.59210740141764, 50.3087704502823], [127.59211005655189, 50.30868054173391], [127.59196966369119, 50.30867884128742]], [[127.68590286590057, 50.30950883183581], [127.68618118964473, 50.30960191779102], [127.68618366747104, 50.30951200574471], [127.68590286590057, 50.30950883183581]], [[127.59661586834002, 50.30828532290872], [127.59675361398497, 50.30837692646901], [127.59675626032178, 50.308287017735395], [127.59661586834002, 50.30828532290872]], [[127.59633773153385, 50.30819202402796], [127.59647547637171, 50.30828362791257], [127.5964781232242, 50.30819371918822], [127.59633773153385, 50.30819202402796]], [[127.5961999872251, 50.308100419983134], [127.59633773153385, 50.30819202402796], [127.59634037863746, 50.3081021153075], [127.5961999872251, 50.308100419983134]], [[127.59523049361292, 50.30763900455753], [127.59536823472031, 50.30773060973164], [127.59537088360854, 50.30764070104133], [127.59523049361292, 50.30763900455753]], [[127.34860592230676, 50.30385718818767], [127.34874317159101, 50.30394908075615], [127.34874628503447, 50.30385918234099], [127.34860592230676, 50.30385718818767]], [[127.35281681100217, 50.30391693909796], [127.35295406869048, 50.30400882677392], [127.35295717420306, 50.30391892816925], [127.35281681100217, 50.30391693909796]], [[127.34918293632735, 50.30341567159078], [127.34931707316649, 50.30359746192962], [127.34932329779645, 50.30341766503488], [127.34918293632735, 50.30341567159078]], [[127.34975682819662, 50.30306405046694], [127.35016857764752, 50.3033397236545], [127.35045863072844, 50.30307401247911], [127.34975682819662, 50.30306405046694]], [[127.58699813558589, 50.305830352792455], [127.58797816243896, 50.30593220232668], [127.58757032601189, 50.30547754361423], [127.58672536229413, 50.30555721436258], [127.58672003229655, 50.30573703113838], [127.58700346455247, 50.305650535998], [127.58699813558589, 50.305830352792455]], [[127.586309543844, 50.30537227648838], [127.58672802727264, 50.30546730597243], [127.58673069223762, 50.30537739758077], [127.586309543844, 50.30537227648838]], [[127.5867333571891, 50.30528748918762], [127.58687107506253, 50.30537910427265], [127.58687373974952, 50.30528919587408], [127.5867333571891, 50.30528748918762]], [[127.58912252299517, 50.305226571324155], [127.58941126771616, 50.304960253253824], [127.58872000376624, 50.30459209957191], [127.58870669792894, 50.30504164196143], [127.58912252299517, 50.305226571324155]], [[127.58688972758745, 50.304749745451176], [127.58732152570327, 50.304395230686104], [127.58663028624612, 50.30402706474575], [127.58661696097751, 50.30447660677451], [127.58688972758745, 50.304749745451176]], [[127.58787239477998, 50.304761687284206], [127.58829886194647, 50.3045869857429], [127.58830684766723, 50.30431726033985], [127.58803673766299, 50.30395421645719], [127.58775598027415, 50.30395080578848], [127.587901684187, 50.30377269428513], [127.5876209278831, 50.30376928329916], [127.58746723261999, 50.304217119765646], [127.58788038296215, 50.30449196193882], [127.58787239477998, 50.304761687284206]], [[127.58592839222877, 50.30401852830335], [127.58635485966934, 50.30384383387681], [127.58609009919518, 50.30330096877997], [127.58594972253454, 50.303299261195924], [127.58592839222877, 50.30401852830335]], [[127.58566896925386, 50.303295845519465], [127.58594972253454, 50.303299261195924], [127.5859523887619, 50.30320935280074], [127.58567430275292, 50.30311602874927], [127.58566896925386, 50.303295845519465]], [[127.58585734067077, 50.30167920219692], [127.58614075017749, 50.301592708911855], [127.58629444889927, 50.30114487403584], [127.58602970347204, 50.30060200868738], [127.58560859737175, 50.30059688540611], [127.58558459722876, 50.30140606115426], [127.58585734067077, 50.30167920219692]], [[127.57234092330525, 50.298186161340716], [127.57261895401103, 50.298279516903285], [127.5726216448898, 50.29818960894945], [127.57234092330525, 50.298186161340716]], [[127.58720938217861, 50.293960725644745], [127.58734440598262, 50.29414224866453], [127.58734973143623, 50.29396243147981], [127.58720938217861, 50.293960725644745]], [[127.58273958412919, 50.29318678211516], [127.58330097105113, 50.293193625947644], [127.58302561913426, 50.29301038749139], [127.58331432223436, 50.29274408368518], [127.58458009952395, 50.2926695636492], [127.58473378238583, 50.292221730048155], [127.58318465856514, 50.292382739192966], [127.58278766583425, 50.29156843018532], [127.58236664005751, 50.29156329582553], [127.58220759283947, 50.29219094302315], [127.58262595267597, 50.29228598644246], [127.58078543161443, 50.29280317394266], [127.58077740663157, 50.29307289900687], [127.58218888685577, 50.292820301939194], [127.582183542167, 50.29300011875884], [127.58274492675764, 50.293006965258094], [127.58273958412919, 50.29318678211516]], [[127.37759234213571, 50.28978465926972], [127.37900779586298, 50.289444639308954], [127.37901696028707, 50.28917493930876], [127.37930065787916, 50.28908895317806], [127.38070692447499, 50.289018612301945], [127.38085945095176, 50.28866096692822], [127.38128651273891, 50.28848703056176], [127.38129566397282, 50.288217330213236], [127.38199725915712, 50.28822709976904], [127.38215587078146, 50.287689652210744], [127.38272018857586, 50.28760756379142], [127.38273237900607, 50.2872479630145], [127.38301301153157, 50.287251867822256], [127.38345528384917, 50.28662842212878], [127.38387927269343, 50.28654437615852], [127.3838884086441, 50.286274675374386], [127.38446488362301, 50.285832977161256], [127.38447401603376, 50.285563276266096], [127.38419643787012, 50.285469474790546], [127.38434283769122, 50.28529162486712], [127.38181115107226, 50.28543628746898], [127.38166169201243, 50.2857040342782], [127.37996269034907, 50.286130076698875], [127.37937700906404, 50.2868414522911], [127.37895606467521, 50.286835581693985], [127.37894690066697, 50.28710528179516], [127.37838869427068, 50.287007551880194], [127.37836730375541, 50.28763685189952], [127.37765960415145, 50.28780686044892], [127.3772172453208, 50.28843028312663], [127.37650341102126, 50.28878008429337], [127.37649117298689, 50.28913968386784], [127.37759234213571, 50.28978465926972]], [[127.37943792532532, 50.28918080988205], [127.37971551528982, 50.289274622783594], [127.37971856876156, 50.28918472275096], [127.37943792532532, 50.28918080988205]], [[127.58222897029333, 50.291471675600434], [127.58236664005751, 50.29156329582553], [127.58236931192751, 50.291473387387015], [127.58222897029333, 50.291471675600434]], [[127.36712044721006, 50.28810897834584], [127.36725768808556, 50.288200849195995], [127.36726076491101, 50.28811094970235], [127.36712044721006, 50.28810897834584]], [[127.3877746596398, 50.28758784718971], [127.38791193938506, 50.28767969402232], [127.38791497724272, 50.287589793601626], [127.3877746596398, 50.28758784718971]], [[127.58059302492477, 50.28983277007096], [127.58073068684192, 50.289924392192596], [127.58073336163922, 50.28983448379223], [127.58059302492477, 50.28983277007096]], [[127.38807048259754, 50.28714223768691], [127.38848535811924, 50.287327876210846], [127.38835415221183, 50.28705622915407], [127.38891541662302, 50.28706401092881], [127.38892148840947, 50.286884209978034], [127.39047709276575, 50.28654599356371], [127.39076681931138, 50.28628017794001], [127.3921729893324, 50.28620969733054], [127.39203873535138, 50.28602795484394], [127.39260301753326, 50.285945818061826], [127.3926121039886, 50.28567611609302], [127.39317940878844, 50.285504075787365], [127.39444524129948, 50.28543162742366], [127.39530525397505, 50.28490384997978], [127.39614711558326, 50.284915470927515], [127.39615618167822, 50.28464576844251], [127.39699803908428, 50.28465738318501], [127.39700710028755, 50.28438768057572], [127.39743104639868, 50.28430358471499], [127.39758343211275, 50.28394591577565], [127.39380118624051, 50.28371381956998], [127.39239206280487, 50.28387422131402], [127.3923860047413, 50.28405402266472], [127.39070231557254, 50.28403072048758], [127.38942134231404, 50.28455263109576], [127.38871979858335, 50.28454290685728], [127.38856127198709, 50.28508036446353], [127.38814034122585, 50.28507452726997], [127.38813122969289, 50.28534422867466], [127.38728936383244, 50.28533254960541], [127.38726201413994, 50.28614165340338], [127.38670076103314, 50.286133863748915], [127.3864049318357, 50.28657946977691], [127.38652396374917, 50.287210720412354], [127.38807048259754, 50.28714223768691]], [[127.38891541662302, 50.28706401092881], [127.38919301353296, 50.287157801285744], [127.389196048921, 50.287067900800324], [127.38891541662302, 50.28706401092881]], [[127.585512815349, 50.28962292377778], [127.5856504862373, 50.289714540149696], [127.58565315174467, 50.28962463155491], [127.585512815349, 50.28962292377778]], [[127.39146838928596, 50.286289890066655], [127.39174598688804, 50.28638367434233], [127.39174901738339, 50.28629377373218], [127.39146838928596, 50.286289890066655]], [[127.58216879432818, 50.28877271011613], [127.58230645629293, 50.28886433038734], [127.58230912802068, 50.28877442190919], [127.58216879432818, 50.28877271011613]], [[127.58244946172674, 50.288776133532885], [127.58258712424707, 50.28886775347624], [127.58258979544632, 50.28877784498722], [127.58244946172674, 50.288776133532885]], [[127.37227311569819, 50.285213149152966], [127.3724103584409, 50.285305013977634], [127.37241342524412, 50.28521511420862], [127.37227311569819, 50.285213149152966]], [[127.39628440410675, 50.285007307991016], [127.39656200403898, 50.28510108080174], [127.39656502532428, 50.285011179959554], [127.39628440410675, 50.285007307991016]], [[127.58628463076363, 50.28252696885411], [127.58684855572938, 50.28244388577319], [127.58685654337944, 50.28217415950583], [127.5872801488734, 50.28208936814187], [127.58743377035363, 50.28164152967681], [127.58672687988631, 50.28181281834094], [127.58671622881864, 50.28217245336348], [127.58643559973753, 50.282169040570835], [127.58628463076363, 50.28252696885411]], [[127.57157579245258, 50.28153765252146], [127.57170803119598, 50.281809101450364], [127.5717161042266, 50.281539376923085], [127.57157579245258, 50.28153765252146]], [[127.58550136927346, 50.280538733549434], [127.58620558143258, 50.2804573609413], [127.58608391863324, 50.2798262927398], [127.58537705051214, 50.279997573431274], [127.58550136927346, 50.280538733549434]], [[127.40537337823346, 50.27766714345998], [127.40565095416085, 50.277760894438096], [127.40565395754307, 50.277670993083284], [127.40537337823346, 50.27766714345998]], [[127.58538238070729, 50.27981775595923], [127.58566299583714, 50.27982117117937], [127.58566832492177, 50.279641353679665], [127.58538771084841, 50.27963793848119], [127.58538238070729, 50.27981775595923]], [[127.58624020701194, 50.27928854694088], [127.58666112521605, 50.27929366637216], [127.58666911303324, 50.27902393997964], [127.58624819720612, 50.27901882059706], [127.58624020701194, 50.27928854694088]], [[127.58672502435127, 50.27713585485359], [127.58686266206338, 50.27722746969815], [127.586865324108, 50.2771375608622], [127.58672502435127, 50.27713585485359]], [[127.58645241330791, 50.276862715860325], [127.58658738716734, 50.27704423984905], [127.58659271224542, 50.276864422191295], [127.58645241330791, 50.276862715860325]], [[127.44042348182414, 50.274545101469535], [127.440560827351, 50.27463688689382], [127.44056376466222, 50.274546983980805], [127.44042348182414, 50.274545101469535]], [[127.58675963313614, 50.275967039919976], [127.58831087104491, 50.275716069192654], [127.58902298091617, 50.27536495202013], [127.58929559841432, 50.27563808510372], [127.58930888484312, 50.27518854031437], [127.59000769998946, 50.27528696182202], [127.58973242390684, 50.27510373935551], [127.59086539324353, 50.2747577171478], [127.59044451427059, 50.2747526132718], [127.59044982438834, 50.27457279524417], [127.59073040930069, 50.27457619797586], [127.59074102726235, 50.274216561859404], [127.59131280654562, 50.27386372897838], [127.59118047693335, 50.27359230124778], [127.59146370921385, 50.27350579309771], [127.59147697422416, 50.273056247723495], [127.5910614176337, 50.27287132805844], [127.59121762569562, 50.27233357427749], [127.59094766946366, 50.271970536543066], [127.59123089247167, 50.27188402885967], [127.59123885237587, 50.27161430159097], [127.59082330916407, 50.27142938114279], [127.59083392524164, 50.27106974481624], [127.5911224499474, 50.27080341915702], [127.59181855291973, 50.27099173844942], [127.59225000423855, 50.270637200503415], [127.59199861142359, 50.26964480105274], [127.59271855396574, 50.26902393237852], [127.59259948139002, 50.26830296011322], [127.59218396136966, 50.26811804462514], [127.59188485199523, 50.268744009883264], [127.59160430121457, 50.26874061022239], [127.59187159285241, 50.26919355567153], [127.59103258619221, 50.2690934453739], [127.59102197235457, 50.269453081854095], [127.58974088462247, 50.270067131963856], [127.58971432438639, 50.27096622246853], [127.5891478829683, 50.271139229814935], [127.58926425251619, 50.271950113906016], [127.58883808290919, 50.272124822423436], [127.58868716519943, 50.27248275484881], [127.58840659283645, 50.272479347287344], [127.58856282936046, 50.27194159728027], [127.58800169107852, 50.27193478093295], [127.58771048217004, 50.27229100753495], [127.58743257156219, 50.272197688690675], [127.58778229695938, 50.26986346547799], [127.58820313235458, 50.269868578634956], [127.58821110879306, 50.269598851623535], [127.58779027577357, 50.26959373851523], [127.58796512346106, 50.26842662598886], [127.58740668682343, 50.2683298981059], [127.58770585197203, 50.26770394480317], [127.58742530780614, 50.26770053510666], [127.58741732746591, 50.26797026211535], [127.58699650894275, 50.267965146252635], [127.58726375245483, 50.26841810195442], [127.58697256006712, 50.26877432705159], [127.58640879728014, 50.26885741228571], [127.58539490122725, 50.26992437104214], [127.58465619143303, 50.27117455527521], [127.58462153703547, 50.272343370117014], [127.58542861442749, 50.27352243316917], [127.58598977074693, 50.27352926209316], [127.58614337510268, 50.27308142456082], [127.58685013763491, 50.272910138124885], [127.58697977925914, 50.27327147949623], [127.58610609157402, 50.274340148618705], [127.58638667459437, 50.27434356182396], [127.58622507912796, 50.27506112610739], [127.58664063551815, 50.27524606300122], [127.58675963313614, 50.275967039919976]], [[127.58831087104491, 50.275716069192654], [127.58858880375847, 50.27580938606805], [127.58859146241844, 50.275719477143205], [127.58831087104491, 50.275716069192654]], [[127.58873441650785, 50.275631271932795], [127.58901234957982, 50.27572458779939], [127.58901766527495, 50.27554476991276], [127.58873441650785, 50.275631271932795]], [[127.58957618944842, 50.27564149067348], [127.58971382845168, 50.27573310217401], [127.58971648498569, 50.27564319320444], [127.58957618944842, 50.27564149067348]], [[127.45228308725119, 50.2723651533133], [127.45242044971955, 50.2724569249059], [127.45242336447254, 50.272367021453746], [127.45228308725119, 50.2723651533133]], [[127.45510900223701, 50.27177315897202], [127.455386644483, 50.2718667918185], [127.45538955358987, 50.2717768882314], [127.45510900223701, 50.27177315897202]], [[127.4560967477601, 50.27160640118042], [127.45623411551075, 50.271698168323894], [127.45623702300449, 50.27160826469829], [127.4560967477601, 50.27160640118042]], [[127.5877291017631, 50.271661644884524], [127.5878640662061, 50.271843167465995], [127.5878693854944, 50.27166334954755], [127.5877291017631, 50.271661644884524]], [[127.43806902271164, 50.269296822348004], [127.43834661631632, 50.2693904955004], [127.43834955725012, 50.269300592600565], [127.43806902271164, 50.269296822348004]], [[127.46488346666307, 50.268934594977004], [127.46502084396214, 50.269026351858344], [127.46502373463731, 50.26893644782026], [127.46488346666307, 50.268934594977004]], [[127.46545609803536, 50.26858238909662], [127.46573374270744, 50.26867599728672], [127.46573663200454, 50.268586093213166], [127.46545609803536, 50.26858238909662]], [[127.46602294352692, 50.26840998847773], [127.46616032155887, 50.2685017440262], [127.46616321003498, 50.26841183993201], [127.46602294352692, 50.26840998847773]], [[127.59282967957274, 50.270014632005875], [127.59296730889479, 50.2701062396559], [127.59296995877288, 50.270016330473155], [127.59282967957274, 50.270014632005875]], [[127.58960591788133, 50.269885611490245], [127.58988381947624, 50.269978925095934], [127.58988647514835, 50.26988901603031], [127.58960591788133, 50.269885611490245]], [[127.58834872795781, 50.269690464665196], [127.58891515489451, 50.26951746105193], [127.58879613875934, 50.268796485421966], [127.58822706130607, 50.26905939756017], [127.58834872795781, 50.269690464665196]], [[127.58905808958663, 50.2694292551905], [127.59018296305146, 50.26935296540334], [127.59033385921137, 50.26899503067034], [127.59061441133365, 50.26899843340998], [127.59050598799558, 50.26791782278111], [127.58980196805538, 50.267999223233524], [127.58936786648444, 50.26844366136467], [127.58948954683822, 50.26907472745398], [127.58905808958663, 50.2694292551905]], [[127.46816155892317, 50.26735889228965], [127.46829893814187, 50.26745064533578], [127.46830182248412, 50.26736074113533], [127.46816155892317, 50.26735889228965]], [[127.5900878244735, 50.26782280899879], [127.59093742071596, 50.26756328937408], [127.59223433122973, 50.26640976988326], [127.59279275574151, 50.266506474491784], [127.59336442656368, 50.26615363015901], [127.5929436229723, 50.266148535959694], [127.59295952007659, 50.26560908047688], [127.59182678396427, 50.26595512558007], [127.591408634827, 50.265860116641456], [127.59139272006233, 50.26639957174158], [127.59068341626988, 50.266660796085255], [127.5903922602092, 50.26701703016057], [127.58997144954712, 50.26701192513797], [127.58981524612005, 50.26754967775231], [127.59009578968826, 50.267553081673164], [127.5900878244735, 50.26782280899879]], [[127.59516145616887, 50.26707478063542], [127.5952990816614, 50.267166385535575], [127.59530172687323, 50.267076476217206], [127.59516145616887, 50.26707478063542]], [[127.58870901828791, 50.266996600931634], [127.58927275526037, 50.26691350429419], [127.58943693108233, 50.266106025068844], [127.58830681659252, 50.26636212643278], [127.588584695216, 50.266455443006485], [127.58870901828791, 50.266996600931634]], [[127.47342318673272, 50.265179576114086], [127.47356057002281, 50.26527132300789], [127.47356344423716, 50.26518141855292], [127.47342318673272, 50.265179576114086]], [[127.47441935250765, 50.26474294716006], [127.47455673650022, 50.26483469288876], [127.47455960879483, 50.26474478838532], [127.47441935250765, 50.26474294716006]], [[127.59476445994079, 50.26626050913543], [127.59490208234665, 50.26635211449225], [127.59490472822958, 50.26626220517651], [127.59476445994079, 50.26626050913543]], [[127.59463213081723, 50.26598908500119], [127.59519584613358, 50.265905959429986], [127.5952011366962, 50.26572614076049], [127.59478033654014, 50.26572105324176], [127.59463213081723, 50.26598908500119]], [[127.59071791532723, 50.26549197704247], [127.59155951025632, 50.26550217993746], [127.59198826177497, 50.265237551447406], [127.5920015179604, 50.264788005329024], [127.59046657933186, 50.26449957391577], [127.59073649080099, 50.26486261283747], [127.59031569906001, 50.26485750921876], [127.59030508141748, 50.26521714585158], [127.59071791532723, 50.26549197704247]], [[127.59338561626133, 50.26543435604068], [127.59380641363963, 50.26543944858773], [127.59395726976328, 50.26508150858366], [127.59339621078787, 50.2650747189455], [127.59338561626133, 50.26543435604068]], [[127.59465330129841, 50.26526981047133], [127.59479092067143, 50.26536141594933], [127.5947935666707, 50.26527150662246], [127.59465330129841, 50.26526981047133]], [[127.59579128928249, 50.264743918723624], [127.59592626555003, 50.26492543224497], [127.59593155317866, 50.26474561348872], [127.59579128928249, 50.264743918723624]], [[127.59340680509959, 50.26471508182632], [127.59368468441924, 50.26480838623358], [127.59368733244924, 50.26471847694077], [127.59340680509959, 50.26471508182632]], [[127.59382759614421, 50.264720174244175], [127.5939652123504, 50.264811780681924], [127.5939678598526, 50.26472187137835], [127.59382759614421, 50.264720174244175]], [[127.59091920626983, 50.2634257665885], [127.59105681314588, 50.26351737641223], [127.59105946600165, 50.263427467200785], [127.59091920626983, 50.2634257665885]], [[127.59120768344188, 50.26315943998433], [127.59134263782016, 50.26334095869397], [127.59134794240894, 50.26316114024202], [127.59120768344188, 50.26315943998433]], [[127.48068790654689, 50.26176703847398], [127.48082529431103, 50.26185877686834], [127.48082815450346, 50.26176887205693], [127.48068790654689, 50.26176703847398]], [[127.46934804269404, 50.26098862604561], [127.46962565137714, 50.26108222472212], [127.46962853257115, 50.260992320366945], [127.46934804269404, 50.26098862604561]], [[127.47076776685955, 50.26046766444146], [127.47104537539465, 50.260561259731965], [127.47104825386329, 50.260471355309136], [127.47076776685955, 50.26046766444146]], [[127.59309727472703, 50.260933797363194], [127.5935153844093, 50.26102879997062], [127.59351803240322, 50.26093889062556], [127.59309727472703, 50.260933797363194]], [[127.59214201287043, 50.26002281416788], [127.59340955787725, 50.259858280847475], [127.5938435424607, 50.2594138260092], [127.59440453505043, 50.25942061293745], [127.59483850638924, 50.2589761542397], [127.59489670013186, 50.25699814647728], [127.5953174234677, 50.25700323293873], [127.5950448754466, 50.25673011372997], [127.59547088427644, 50.25655538066002], [127.59549203505148, 50.25583610469796], [127.59478820151827, 50.25591753708532], [127.59448656006528, 50.256633420704794], [127.59407377973079, 50.256358602954116], [127.59351017560518, 50.256441724143784], [127.59305502757965, 50.25760545324549], [127.59262900064704, 50.257780177274874], [127.59246226045279, 50.258677572171536], [127.59217911843153, 50.25876408372345], [127.59214201287043, 50.26002281416788]], [[127.59930004447686, 50.25992943102724], [127.59973661148902, 50.25939504413456], [127.59960427222049, 50.259123625272714], [127.59989003911652, 50.2589471859178], [127.59990058223731, 50.258587547417775], [127.59933959811136, 50.258580787097436], [127.59875487288213, 50.25938321027549], [127.59888457022554, 50.259744539630304], [127.59930004447686, 50.25992943102724]], [[127.59988476747596, 50.259127005158824], [127.60001710835414, 50.25939842371446], [127.60002501512373, 50.259128694848094], [127.59988476747596, 50.259127005158824]], [[127.60173431131169, 50.258249860961456], [127.60187192448147, 50.25834145810599], [127.60187455649492, 50.25825154839778], [127.60173431131169, 50.258249860961456]], [[127.53635700843628, 50.25366723942698], [127.53677769166752, 50.253672537535316], [127.53678595384557, 50.253402815850215], [127.53650549992634, 50.25339928398074], [127.53635700843628, 50.25366723942698]], [[127.59919359289755, 50.253992014583915], [127.59961429053418, 50.25399708527286], [127.59949514656502, 50.25327611770003], [127.59907445529811, 50.253271046632264], [127.59892367649483, 50.25362899462043], [127.59919359289755, 50.253992014583915]], [[127.49907670709123, 50.25256208261137], [127.49949737350263, 50.25256751557023], [127.49950584580718, 50.252297798378635], [127.4990851817688, 50.252292365471455], [127.49907670709123, 50.25256208261137]], [[127.59965909828183, 50.25246862035334], [127.59993955447291, 50.25247199978467], [127.59994745973943, 50.25220227060407], [127.59966700513066, 50.25219889120489], [127.59965909828183, 50.25246862035334]], [[127.51581072792541, 50.25124801378939], [127.51608837383353, 50.251341501912094], [127.51609395937, 50.251161689056545], [127.51581072792541, 50.25124801378939]], [[127.51442251484168, 50.25078056334667], [127.51455993711166, 50.25087226231399], [127.51456273271643, 50.25078235594189], [127.51442251484168, 50.25078056334667]], [[127.50209185463103, 50.250352435096865], [127.5022292516996, 50.250444148431654], [127.50223207046275, 50.25035424255731], [127.50209185463103, 50.250352435096865]], [[127.57748615667016, 50.24806198165623], [127.57762369380383, 50.248153607028975], [127.57762637048921, 50.248063698100125], [127.57748615667016, 50.24806198165623]], [[127.56140497272274, 50.246424929699494], [127.56154247397055, 50.24651657382703], [127.56154518075488, 50.24642666550354], [127.56140497272274, 50.246424929699494]], [[127.5615478875255, 50.246336757178554], [127.56168538880075, 50.24642840113848], [127.56168809530774, 50.246338492807986], [127.5615478875255, 50.246336757178554]], [[127.58884404612759, 50.24343356467604], [127.58995769478585, 50.24371690940236], [127.58997361295764, 50.24317745251844], [127.59068522089302, 50.24282631906348], [127.59237820658662, 50.24248707426766], [127.5923888000797, 50.24212743590046], [127.59083867674879, 50.24237847181939], [127.59083072283059, 50.24264820040572], [127.59027258036048, 50.24255148835954], [127.5892832290496, 50.24280930584093], [127.58885466656902, 50.243073926914136], [127.58884404612759, 50.24343356467604]], [[127.55449794710053, 50.24292141717505], [127.55463542498792, 50.243013069328924], [127.55463814442899, 50.242923161224084], [127.55449794710053, 50.24292141717505]], [[127.55478378008493, 50.242745088878756], [127.55491582021332, 50.24301655693081], [127.55492397691384, 50.242746832578575], [127.55478378008493, 50.242745088878756]], [[127.55492397691384, 50.242746832578575], [127.55702693100027, 50.24277296778608], [127.55703507571695, 50.24250324317166], [127.55787625347456, 50.242513686503194], [127.55789253304877, 50.24197423703503], [127.55761214357044, 50.24197075666705], [127.55789795946352, 50.2417944205336], [127.55776319213136, 50.24161286394876], [127.55903306896468, 50.24135879365364], [127.5593270073043, 50.24091272896959], [127.56045124987266, 50.240836721256024], [127.56031918393082, 50.24056525917729], [127.5610255523317, 50.24039412553416], [127.56130593298208, 50.240397597588256], [127.5612978129729, 50.240667322807184], [127.5620014741575, 50.24058609163392], [127.56201229548368, 50.240226457889584], [127.56329292515409, 50.23961270660007], [127.56316084624042, 50.239341247586346], [127.56386178318617, 50.23934991344366], [127.56443333562946, 50.23899720888401], [127.56554943038351, 50.23919087707083], [127.566409431455, 50.238571897853284], [127.56767918314101, 50.23831773184459], [127.56768457203945, 50.23813791445794], [127.56810781804978, 50.23805318930734], [127.56811589888272, 50.237783463162266], [127.568816814506, 50.237792098940645], [127.56882219902484, 50.23761228144832], [127.56938831201758, 50.23743936944211], [127.56940176767, 50.236989825560414], [127.56996249114707, 50.23699672823829], [127.57024823197123, 50.23682036093408], [127.57025898981537, 50.236460725658326], [127.57111081742133, 50.23611143694715], [127.57112425624356, 50.2356618926245], [127.57041261484636, 50.23601290637838], [127.5704287492142, 50.23547345334169], [127.57099751899587, 50.2352106243101], [127.57100558271185, 50.23494089769231], [127.57142879465788, 50.23485616010649], [127.57144760389095, 50.234226797820384], [127.57229669748375, 50.23396740879155], [127.57244760994188, 50.23360949535176], [127.57203783989009, 50.23324469208648], [127.57077362207998, 50.23331908951552], [127.57076824571953, 50.23349890729448], [127.56951209116217, 50.23330356431237], [127.56922367785407, 50.233569838893615], [127.56796214117361, 50.2335542968089], [127.56781388922002, 50.23382229537332], [127.5662720040135, 50.23380327885866], [127.56583800264086, 50.234247632419425], [127.5645737500293, 50.23432196206201], [127.56427720167439, 50.23485794989204], [127.56371920625271, 50.234761111404936], [127.56371110148041, 50.23503083717229], [127.56342804986437, 50.23511727976298], [127.56356282105222, 50.23529883000191], [127.56327706511513, 50.23547518077514], [127.56314229453632, 50.235293630215146], [127.56271906464029, 50.23537833745016], [127.56256536990057, 50.235826146002736], [127.56214213429084, 50.235910851079254], [127.561993842274, 50.23617884176789], [127.56171348628202, 50.23617537158355], [127.56158142546836, 50.2359039107766], [127.56143313034488, 50.236171900723036], [127.56100988974018, 50.23625660162649], [127.5610017692523, 50.2365263270036], [127.56072141134463, 50.23652285440862], [127.56070787428922, 50.23697239661864], [127.55958101353487, 50.23713831604192], [127.55970493806649, 50.23767950416782], [127.55843516282555, 50.237933582835225], [127.5584270273276, 50.238203307829], [127.55814665990209, 50.23819982893882], [127.55785544079274, 50.23855598258811], [127.55785001484085, 50.23873579918693], [127.55841075596065, 50.238742757775874], [127.55798477462027, 50.23891735569157], [127.55797121068, 50.23936689717477], [127.55685785896377, 50.23908324817256], [127.55670952724049, 50.23935123163357], [127.55642915329415, 50.23934774854253], [127.55626723802536, 50.240065272508296], [127.5554261039508, 50.240054817898134], [127.5554097976489, 50.24059426695964], [127.55456865458348, 50.24058380606412], [127.55455233829888, 50.241123254872406], [127.55413176220874, 50.24111802204267], [127.55409095746751, 50.242466643577224], [127.5549294146453, 50.242567016336224], [127.55492397691384, 50.242746832578575]], [[127.55243311859044, 50.24163652376332], [127.55255969587836, 50.24208781047062], [127.55271350546815, 50.2416400166097], [127.55243311859044, 50.24163652376332]], [[127.5584668728333, 50.24153165436686], [127.55902493585306, 50.24162851855847], [127.55903035794121, 50.24144870195675], [127.5584668728333, 50.24153165436686]], [[127.55931074453193, 50.24145217887703], [127.55973132452101, 50.24145739298941], [127.56001712959277, 50.241281051534045], [127.55931887597993, 50.24118245393008], [127.55931074453193, 50.24145217887703]], [[127.56101472351718, 50.24075375911235], [127.5611522079152, 50.240845403642254], [127.5611549148896, 50.240755495245956], [127.56101472351718, 50.24075375911235]], [[127.5725426879721, 50.23981665437913], [127.57521700927401, 50.239489711484346], [127.57578848075788, 50.239136950375475], [127.57608760684067, 50.23851102366038], [127.57636530014302, 50.23860436831115], [127.57635458742152, 50.238964004409205], [127.57677247122527, 50.23905906569377], [127.57692872134992, 50.238521328499125], [127.57650816403424, 50.23851617684052], [127.57637601264742, 50.238244732189045], [127.57735463135089, 50.238346660498905], [127.57764570484558, 50.237990456720425], [127.57722515206939, 50.23798530769569], [127.57723050499683, 50.237805489551256], [127.57779123995094, 50.23781235453592], [127.5779394490605, 50.23754434304991], [127.58105817778676, 50.23641322798568], [127.5820394371477, 50.23642520737426], [127.58190725975358, 50.23615376870218], [127.58219561893748, 50.23588746228468], [127.58290450782913, 50.23562628493251], [127.58390972483156, 50.234829064236926], [127.5840658800465, 50.23429131626721], [127.58352649896543, 50.233565206873216], [127.58382016055289, 50.23311907730959], [127.58395234081743, 50.23339051396447], [127.58437019179338, 50.23348554772658], [127.58410316440141, 50.23303258459784], [127.58452367486437, 50.23303770836832], [127.58454231051826, 50.23240834230953], [127.58482264720648, 50.23241175723559], [127.58483595534908, 50.231962209951526], [127.58443142835547, 50.23141763069719], [127.58527242111622, 50.231427874103886], [127.58542322835687, 50.231069942769864], [127.5843019131046, 50.231056285067474], [127.58429126294253, 50.231415922871165], [127.58345293488948, 50.23131576294947], [127.58260394755656, 50.23157523453823], [127.58230495173603, 50.23220117984749], [127.58146661440273, 50.232101005524726], [127.5813131059622, 50.232548840697405], [127.58017840594144, 50.2329846893816], [127.58033459657723, 50.23244694656567], [127.58118894840678, 50.23200767320066], [127.58119695371654, 50.231737945239495], [127.58176295317377, 50.23156497179826], [127.58205661845615, 50.23111884657788], [127.58135312856017, 50.23120020081019], [127.58134512428389, 50.23146992881467], [127.5796551267455, 50.23171910685657], [127.57964711274337, 50.23198883463854], [127.57838561205503, 50.23197340605756], [127.57836956946126, 50.232512861287404], [127.57752856012924, 50.23250256776496], [127.577520533908, 50.232772295261675], [127.57667684330782, 50.23285190468629], [127.57595724900686, 50.23347268059976], [127.57539924487686, 50.23337589812381], [127.57537780865307, 50.234095170644636], [127.57467694522545, 50.23408657489371], [127.57466622151897, 50.234446211009015], [127.57494388852305, 50.23453955889608], [127.57479835309888, 50.234717657606126], [127.57522155662166, 50.234632906127295], [127.57507066147075, 50.234990823258094], [127.57549654639408, 50.23481616175592], [127.57604921068284, 50.23509276202842], [127.57605724586496, 50.23482303481226], [127.57648580329956, 50.23455846055094], [127.57689829547837, 50.23483333932565], [127.57562332525168, 50.2352674255446], [127.57589832018449, 50.23545068024693], [127.57505726007622, 50.23544036840509], [127.57518939651766, 50.235711814554506], [127.5742054727738, 50.23578968643742], [127.57418938084153, 50.236329140331826], [127.57346970126527, 50.236949899755075], [127.57357499977586, 50.23812043693526], [127.57328926318671, 50.238296812421225], [127.57327852744007, 50.238656448057505], [127.57258028305422, 50.23855793020269], [127.57258565356251, 50.23837811243913], [127.57061499654074, 50.23862371146636], [127.57074442731853, 50.238985071185276], [127.57200879522888, 50.238910675422865], [127.5726909328256, 50.239548649982495], [127.5725426879721, 50.23981665437913]], [[127.57465357381301, 50.239572742859664], [127.5747910813489, 50.23966437146178], [127.57479376255691, 50.23957446251148], [127.57465357381301, 50.239572742859664]], [[127.57899943118598, 50.23962597344972], [127.58446948163693, 50.239602800862606], [127.58447747059095, 50.23933307287335], [127.5858793575747, 50.23935014321962], [127.58602752648382, 50.239082121143], [127.58673644265853, 50.23882092077363], [127.58700884273512, 50.239094059028865], [127.58911431971683, 50.23902970280133], [127.58911962811902, 50.23884988376547], [127.59110080751852, 50.23824433175267], [127.59267726899233, 50.23709419425725], [127.59437003725209, 50.236754918286636], [127.59495190809653, 50.23604242221133], [127.59552055229851, 50.23577947208143], [127.5955364032233, 50.235240013168664], [127.59626369383145, 50.234349384679575], [127.59612880026972, 50.234167871331316], [127.59657571998234, 50.23327385280514], [127.59700151249886, 50.233099111637536], [127.59686925860463, 50.23282768920252], [127.59603615885571, 50.232547799870844], [127.59602823702897, 50.23281752951734], [127.59517928924615, 50.23307709328338], [127.5947640625622, 50.23289218841084], [127.5943303323414, 50.23333665075729], [127.59431446887758, 50.233876109568854], [127.59374319596718, 50.234228963784844], [127.59346549312599, 50.23413566052986], [127.59345491073204, 50.234495299560464], [127.59303173940988, 50.234580117739384], [127.59288097732936, 50.23493805912411], [127.59218009624531, 50.23492956883213], [127.59202932665389, 50.23528750902784], [127.5918944466981, 50.23510599090489], [127.59132844070326, 50.23527901355685], [127.59089465668498, 50.23572346244798], [127.59102688418912, 50.23599489133385], [127.59046086454785, 50.236167909618445], [127.59045556169508, 50.236347728841466], [127.59017520124678, 50.23634432731181], [127.59032068484393, 50.23616620894893], [127.59004297767304, 50.236072897505146], [127.59003502104277, 50.23634262629341], [127.58960652138893, 50.236607250950115], [127.58819143394042, 50.237039773811986], [127.587900444439, 50.23739600477772], [127.58748255215522, 50.23730098342709], [127.58747723788656, 50.237480802384376], [127.58691384626411, 50.237563893622436], [127.58692979531304, 50.237024436871295], [127.584967248506, 50.23700055219042], [127.58469487188184, 50.236727409252154], [127.58749849463808, 50.236761526519224], [127.5886279099853, 50.236505425888396], [127.58877870898786, 50.23614749042702], [127.58962774544673, 50.235887974316896], [127.58963570424659, 50.23561824555467], [127.59034454938755, 50.23535702241952], [127.59036045847868, 50.2348175646657], [127.59149246223238, 50.234471525936534], [127.5913602361108, 50.23420009752436], [127.59164853109712, 50.23393376701635], [127.59206905085253, 50.23393886354941], [127.59222246354263, 50.2334910134609], [127.59293390957019, 50.23313986431165], [127.59337558764734, 50.2324256779132], [127.5946661829151, 50.231451935624754], [127.59494651521669, 50.23145532608195], [127.59524269938325, 50.23091925661494], [127.59497822467914, 50.23037640766067], [127.59512367188543, 50.23019828280261], [127.59553887679994, 50.23038318628886], [127.59580071705105, 50.23101594391986], [127.59621857178901, 50.23111093512957], [127.59621329153948, 50.23129075495414], [127.59776566454049, 50.230949733641054], [127.59806445056573, 50.230323746654314], [127.59794274502322, 50.22969268531988], [127.59822570360774, 50.22960615777388], [127.59811454292671, 50.22861545643964], [127.5990956494646, 50.22862729048539], [127.5991088216458, 50.228177740151295], [127.59826788104552, 50.22816759735133], [127.59786850468288, 50.22744324344325], [127.59912462782282, 50.2276382797009], [127.59914570197809, 50.22691899901638], [127.59886803050104, 50.2268257088275], [127.59860353616389, 50.226282867598215], [127.59762247792891, 50.22627102979623], [127.59747441489813, 50.22653906811214], [127.59691380737982, 50.2265322991957], [127.59690589219177, 50.22680202922426], [127.59662294798336, 50.22688855371567], [127.59660183590665, 50.227607833627914], [127.59618137100826, 50.22760275395894], [127.59615761178854, 50.22841194360051], [127.5953166681318, 50.228401779409545], [127.59528496852448, 50.229480698355886], [127.59470582734373, 50.230103287725655], [127.59442550299751, 50.230099896753664], [127.59415311038964, 50.2298267755498], [127.59430384607776, 50.22946883199193], [127.59402352549921, 50.22946544008115], [127.59400766075035, 50.230004899183015], [127.59372733706486, 50.23000150653164], [127.59372204765454, 50.230181326198746], [127.59414517870489, 50.230096505105614], [127.59413989084806, 50.23027632480199], [127.59343643245165, 50.23035775248939], [127.59358188530511, 50.230179629608784], [127.59330156064651, 50.230176235921824], [127.59315081514166, 50.230534178054924], [127.59244999852898, 50.230525689927056], [127.59287842745353, 50.23026105392278], [127.59231777740449, 50.230254262470986], [127.59216702430162, 50.230612203258886], [127.59160372156354, 50.23069531808368], [127.5917491822516, 50.230517197573775], [127.59146885583458, 50.23051379944936], [127.59146090881501, 50.23078352866236], [127.58852277717483, 50.23056798795171], [127.58811290888332, 50.230203240385514], [127.58810494302077, 50.23047296922362], [127.58712380324226, 50.23046104206968], [127.58725599530277, 50.23073247518322], [127.58626155652954, 50.23117008847686], [127.58625623882364, 50.231349907530216], [127.58541524707711, 50.231339671254794], [127.58567961784266, 50.231882541016915], [127.58596527050686, 50.23170613415993], [127.58595729210487, 50.23197586267824], [127.58525113489526, 50.23214714994232], [127.585237830569, 50.23259669729254], [127.5855288098264, 50.232240472629506], [127.58580914564973, 50.232243885167556], [127.58579584652436, 50.23269343261848], [127.58536735685063, 50.232958041880565], [127.58548358246911, 50.233768933625534], [127.5851979155679, 50.23394533911793], [127.58533276674845, 50.234126864807685], [127.58474545333053, 50.23501913074266], [127.58487498206688, 50.23538047575679], [127.58401527562, 50.235999594490494], [127.58261082185697, 50.23607241179129], [127.58245997707658, 50.236430338862206], [127.58203410257032, 50.23660502593628], [127.58244397792481, 50.236969794627846], [127.58202076589032, 50.23705457231499], [127.58188591933623, 50.2368730429068], [127.58173239856555, 50.2373208781785], [127.58229046203867, 50.237417630671295], [127.58285919114007, 50.237154743301], [127.58301003533937, 50.2367968157493], [127.58357608870037, 50.23662383407321], [127.58415279119214, 50.23609121213233], [127.58470552101255, 50.23636777171627], [127.58455735345197, 50.23663579223746], [127.58357342428964, 50.2367137434116], [127.58326907747974, 50.23751950914131], [127.58171105463447, 50.2380401521835], [127.58156286498182, 50.238308168624464], [127.5796029420578, 50.23819428370802], [127.57903685599815, 50.23836724570117], [127.57945474014251, 50.238462297348846], [127.57944672309429, 50.238732024792746], [127.57776448531108, 50.23871144541561], [127.5776162714704, 50.23897945658691], [127.57816364621016, 50.239435865268376], [127.5787270743049, 50.23935281680376], [127.57899943118598, 50.23962597344972]], [[127.55741860391458, 50.23909021158343], [127.5575560766081, 50.2391818602936], [127.55755879018666, 50.23909195201351], [127.55741860391458, 50.23909021158343]], [[127.55434266824487, 50.23878215488178], [127.55461760046087, 50.238965459313974], [127.55462575767308, 50.23869573480819], [127.55434266824487, 50.23878215488178]], [[127.55756693083985, 50.2388222271642], [127.55770440306138, 50.23891387569879], [127.5577071163352, 50.23882396740866], [127.55756693083985, 50.2388222271642]], [[127.55534570631569, 50.2380750946369], [127.55548317210334, 50.23816674575588], [127.55548588948294, 50.23807683754207], [127.55534570631569, 50.2380750946369]], [[127.5798859835676, 50.23810780166224], [127.58002349710598, 50.238199424143424], [127.58002616833372, 50.23810951496621], [127.5798859835676, 50.23810780166224]], [[127.57820644207031, 50.23799731971994], [127.5793252446386, 50.23810094675574], [127.57932791717026, 50.2380110376042], [127.57820644207031, 50.23799731971994]], [[127.57821714049324, 50.23763768327271], [127.57849483302059, 50.237731022839554], [127.57850018112386, 50.23755120458818], [127.57821714049324, 50.23763768327271]], [[127.58242531163293, 50.237599159619386], [127.5827056785036, 50.2376025799071], [127.58271101074344, 50.237422761323906], [127.58243064492675, 50.23741934105789], [127.58242531163293, 50.237599159619386]], [[127.58160288870354, 50.23695952993522], [127.58174040231664, 50.23705115040184], [127.58174307020663, 50.236961241139944], [127.58160288870354, 50.23695952993522]], [[127.57277416605977, 50.23676147431505], [127.57320007511262, 50.236586821488935], [127.57306794769995, 50.23631537319253], [127.57222955912616, 50.23621513183591], [127.57222150195172, 50.23648485853808], [127.57277416605977, 50.23676147431505]], [[127.5877788572101, 50.23676493452678], [127.58805390783668, 50.23694816087666], [127.58805921983593, 50.236768341858145], [127.5877788572101, 50.23676493452678]], [[127.58304735080434, 50.23553808519972], [127.58318486318791, 50.23562970396736], [127.58318752822701, 50.2355397946272], [127.58304735080434, 50.23553808519972]], [[127.58416877056386, 50.23555175588638], [127.58444646297075, 50.23564508125652], [127.5844517882932, 50.235465262477184], [127.58416877056386, 50.23555175588638]], [[127.5956686559135, 50.235511437003495], [127.5958061927187, 50.23560304103493], [127.59580883401927, 50.23551313120614], [127.5956686559135, 50.235511437003495]], [[127.57199486563282, 50.2346832349608], [127.57226984316128, 50.23486649812207], [127.57228058505355, 50.23450686240791], [127.57199486563282, 50.2346832349608]], [[127.59737453908588, 50.234722567220146], [127.59779770428976, 50.234637733171496], [127.59795370297054, 50.234099965207484], [127.59907773119394, 50.23402358179351], [127.59923107869352, 50.23357572191017], [127.60022281870663, 50.23322790724345], [127.60027283911033, 50.23151961631164], [127.60000040489176, 50.23124650853569], [127.60069597091557, 50.231434771381096], [127.60070386602322, 50.23116504113181], [127.59901660936954, 50.231324591702595], [127.59857502564472, 50.232038800468366], [127.59829468948682, 50.232035418736], [127.59828678054488, 50.23230514866707], [127.59757274801002, 50.2327462410188], [127.59770500569918, 50.233017662688276], [127.59728449302995, 50.233012586616674], [127.59741411171355, 50.233373918519945], [127.59699359596335, 50.23336884136977], [127.5969830403955, 50.23372848099176], [127.59670533396027, 50.23363518544435], [127.59669213663204, 50.23408473489191], [127.59697248461367, 50.234088120589746], [127.59682703211816, 50.234266247604594], [127.59737453908588, 50.234722567220146]], [[127.56584609518923, 50.233977906364395], [127.56598356975019, 50.23406954519367], [127.5659862669892, 50.233979636501665], [127.56584609518923, 50.233977906364395]], [[127.59490423293434, 50.232893883640926], [127.59532738608387, 50.232809058464696], [127.59575582001804, 50.2325444119891], [127.59562093335073, 50.23236289805508], [127.59519778466598, 50.23244772434434], [127.59519250032727, 50.23262754404871], [127.5947693485618, 50.232712368747734], [127.59490423293434, 50.232893883640926]], [[127.5849707997066, 50.2321437360629], [127.58510830619251, 50.232235352554746], [127.58511096729418, 50.23214544308713], [127.5849707997066, 50.2321437360629]], [[127.59619217000633, 50.232010034192456], [127.59632969788966, 50.232101637581934], [127.59633233787811, 50.23201172767853], [127.59619217000633, 50.232010034192456]], [[127.6140092368074, 50.23168429105456], [127.61414679833183, 50.23177587363231], [127.61414940478674, 50.23168596304231], [127.6140092368074, 50.23168429105456]], [[127.586555177561, 50.23072395148112], [127.58669268309373, 50.23081556611072], [127.58669534108242, 50.230725656559564], [127.586555177561, 50.23072395148112]], [[127.59316668985468, 50.229994719200754], [127.59344436820773, 50.23008802302777], [127.59344701343298, 50.229998113204225], [127.59316668985468, 50.229994719200754]], [[127.5892580838713, 50.229407674164065], [127.58940620196493, 50.229139646912365], [127.59066763389576, 50.229154955237235], [127.5906729345995, 50.22897513577405], [127.58941681279984, 50.228780008174155], [127.5891258839059, 50.22913624320332], [127.5892580838713, 50.229407674164065]], [[127.59221468042006, 50.228993827239556], [127.59234954482861, 50.22917534504214], [127.59235483921154, 50.22899552544965], [127.59221468042006, 50.228993827239556]], [[127.59265368306535, 50.2283695526665], [127.59321431109846, 50.228376342314085], [127.5932222475502, 50.228106612785695], [127.59279913261489, 50.2281914306801], [127.59265368306535, 50.2283695526665]], [[127.58691788742313, 50.22794016447065], [127.58705007163297, 50.22821159786457], [127.58719554142321, 50.22803348306132], [127.58691788742313, 50.22794016447065]], [[127.5932222475502, 50.228106612785695], [127.59364271634554, 50.22811170319843], [127.5936506503065, 50.22784197360813], [127.59323018388133, 50.22783688324381], [127.5932222475502, 50.228106612785695]], [[127.59663350370086, 50.226528913723534], [127.59676573955558, 50.226800336556565], [127.59677365553365, 50.22653060654412], [127.59663350370086, 50.226528913723534]], [[127.59047213726379, 50.22627444278394], [127.59060963777475, 50.22636605280137], [127.59061228798043, 50.22627614302938], [127.59047213726379, 50.22627444278394]], [[127.5882297276248, 50.22624721587422], [127.5885100286415, 50.22625062160379], [127.58851533691227, 50.22607080221717], [127.59033728798497, 50.22609292284261], [127.5904853894074, 50.22582489392849], [127.59190541801674, 50.22521251967108], [127.5919133609606, 50.22494279014663], [127.59122057342904, 50.22466456578091], [127.58995925963617, 50.22464926444521], [127.5898270682772, 50.224377834142956], [127.58871386855037, 50.224094491049705], [127.5888248256645, 50.22508520039666], [127.58811612585221, 50.22534641592476], [127.58796535763258, 50.2257043514204], [127.5882297276248, 50.22624721587422]], [[127.59204821310583, 50.22512430831664], [127.59218571341219, 50.225215916483926], [127.59218836054694, 50.225126006633175], [127.59204821310583, 50.22512430831664]], [[127.59627375767603, 50.224455904197704], [127.59640862514216, 50.22463741744839], [127.59655404916224, 50.22445929043688], [127.59627375767603, 50.224455904197704]], [[127.59207468634867, 50.224225209780386], [127.59235762270221, 50.22413869626416], [127.5922465941185, 50.223147989536876], [127.59364536713528, 50.22325487216192], [127.59393093861468, 50.22307844478431], [127.59311654126795, 50.222169166001244], [127.59269877069795, 50.2220741642012], [127.59298433848218, 50.22189773908559], [127.59271729154591, 50.221444794733685], [127.5918685294618, 50.221704336349724], [127.59126295417697, 50.223226008447924], [127.59084517823567, 50.22313099995226], [127.59083722977783, 50.22340072943747], [127.59041680290512, 50.22339562921864], [127.59040620161399, 50.22375526844655], [127.59124706179907, 50.223765467492825], [127.59123911542896, 50.224035196995004], [127.59208262806003, 50.22395548019025], [127.59207468634867, 50.224225209780386]], [[127.5925030601549, 50.22396057442297], [127.59263791185887, 50.22414209193392], [127.59264320421333, 50.22396227216259], [127.5925030601549, 50.22396057442297]], [[127.58816391015105, 50.22372804125027], [127.58831732459333, 50.223280195583335], [127.58776206801991, 50.22309356338827], [127.58775675747715, 50.22327338280919], [127.58816391015105, 50.22372804125027]], [[127.59334659702162, 50.21911392417406], [127.59376698679061, 50.21911901347992], [127.59376963038143, 50.21902910347332], [127.59335717446316, 50.21875428420316], [127.59334659702162, 50.21911392417406]], [[127.61367078549837, 50.21917834642173], [127.61493196777593, 50.219193389201514], [127.61493977918799, 50.21892365675038], [127.61409899562231, 50.21891362984647], [127.61410681165374, 50.21864389747722], [127.61368642241808, 50.21863888179214], [127.61367078549837, 50.21917834642173]], [[127.61286129022355, 50.21808938136776], [127.61370205886253, 50.21809941710864], [127.61370987690654, 50.21782968474666], [127.61286911300536, 50.21781964910124], [127.61286129022355, 50.21808938136776]], [[127.61205965846878, 50.21673067855502], [127.6126201547327, 50.21673737346101], [127.6126227626681, 50.21664746269514], [127.6120674853937, 50.2164609463166], [127.61205965846878, 50.21673067855502]], [[127.60941139853738, 50.211392433251994], [127.609548893572, 50.21148402102751], [127.609551506793, 50.211394110296915], [127.60941139853738, 50.211392433251994]], [[127.59263817860105, 50.20984131019132], [127.59276770285946, 50.210202647859916], [127.59277828131226, 50.20984300742385], [127.59263817860105, 50.20984131019132]], [[127.59357118256638, 50.1924038093231], [127.5938512860565, 50.192407200519675], [127.59385656790631, 50.19222737966734], [127.59357910689799, 50.192134078074595], [127.59357118256638, 50.1924038093231]], [[127.59483428778483, 50.192329153927794], [127.59540504627692, 50.19197628759486], [127.59513813748427, 50.191523347743995], [127.59528610121069, 50.19125531002938], [127.5950060042865, 50.19125192234821], [127.59501128158377, 50.1910721013709], [127.59529137745672, 50.1910754890306], [127.59559257362812, 50.19035959187413], [127.5960153479928, 50.19027476041584], [127.59617648452519, 50.18955716867951], [127.59612344046774, 50.18658842696415], [127.59640878142908, 50.18641199049444], [127.5961313487923, 50.186318695149154], [127.59628192608366, 50.18596074513509], [127.59600976883853, 50.185687628282025], [127.59602294995906, 50.185238075201326], [127.596308283137, 50.18506163887388], [127.59607039923043, 50.1836196838002], [127.59664894808822, 50.182997077897376], [127.59667529548499, 50.18209797103378], [127.59643214341568, 50.18083583743646], [127.59658270039, 50.18047788653891], [127.59633428802381, 50.179395573942784], [127.59605689590386, 50.1793022786531], [127.59621535632797, 50.17867459595133], [127.5952510965044, 50.17812328192108], [127.59512427245258, 50.1776720349462], [127.59540428998554, 50.17767542168108], [127.59541219986234, 50.177405689533124], [127.59513482102912, 50.17731239212219], [127.59502382370584, 50.176321680692396], [127.59406754152796, 50.17550062498544], [127.59421282122904, 50.175322498252044], [127.59325129190121, 50.17468125737294], [127.59340185227649, 50.174323310266374], [127.59298185574478, 50.17431822291612], [127.5929924191494, 50.173958580213785], [127.59270978227266, 50.17404509851363], [127.59216564457972, 50.17349884783757], [127.5923214931482, 50.17296108077112], [127.59218678281458, 50.172779562558944], [127.59176415701356, 50.172864381577604], [127.59191207975572, 50.172596346994276], [127.59135739247043, 50.172409735234105], [127.59151060288487, 50.17196187985392], [127.59095063558904, 50.17195508749651], [127.59082122261432, 50.17159374647135], [127.59040654137601, 50.171408828757166], [127.59069181153892, 50.17123240529659], [127.58999715572541, 50.17104408837015], [127.59000509418082, 50.17077435653871], [127.58959307006609, 50.170499525371305], [127.5897436438949, 50.17014158287624], [127.58932368467559, 50.17013648260653], [127.58891961416315, 50.16959191731107], [127.58836497337367, 50.169405291557645], [127.5886502388702, 50.16922887301527], [127.58866348134688, 50.168779320074655], [127.58811150040066, 50.168502782586664], [127.58839941028886, 50.168236454013204], [127.58785273688763, 50.167780094161735], [127.58800066512852, 50.167512064384205], [127.587586029988, 50.167327136863804], [127.58764963445253, 50.165169282685206], [127.58722971918202, 50.16516417521046], [127.58738294350734, 50.164716324861864], [127.58598589289795, 50.16460938038932], [127.58637927934846, 50.16551359793695], [127.58622869573003, 50.16587153625798], [127.58580346744917, 50.16604624464503], [127.58607545673127, 50.166319384873795], [127.58552086492017, 50.16613274585022], [127.58526215266426, 50.16541005180615], [127.5854074335083, 50.16523193580453], [127.58513545411158, 50.164958794046115], [127.58528604285863, 50.16460085713286], [127.58488737410876, 50.163876457029055], [127.58504327064591, 50.16333869928984], [127.58463133841292, 50.16306385096101], [127.58464196026206, 50.16270420885088], [127.58492454398646, 50.162617709576416], [127.58480316561982, 50.16198663023342], [127.58454714079248, 50.161174023819946], [127.58426190895827, 50.1613504328012], [127.58398730120776, 50.16116719895468], [127.58413788600186, 50.16080926327411], [127.58388719154952, 50.15981683429348], [127.58346998120791, 50.159721803081176], [127.58332471033907, 50.15989991690456], [127.58334331350541, 50.15927054320664], [127.58252220151557, 50.158630922930456], [127.58099071187533, 50.15834239054649], [127.58099869743378, 50.158072659170216], [127.58015899375313, 50.15806239566504], [127.58017497394944, 50.15752293306712], [127.57891543350284, 50.15750752672305], [127.57879813024522, 50.16146358236956], [127.57921534606756, 50.16155863038924], [127.57916736476791, 50.16317701621744], [127.57943929995297, 50.16345017165831], [127.57929133705711, 50.16371819041097], [127.57971390299305, 50.16363341615261], [127.5798485407754, 50.163814948488486], [127.58008584966753, 50.16525693657374], [127.58036046542334, 50.165440179592956], [127.58034981041673, 50.165799820867], [127.58062709353746, 50.16589315295636], [127.58047646585119, 50.16625108341905], [127.58113906541297, 50.16751838047613], [127.5809831105977, 50.168056132107424], [127.5815430299278, 50.16806297212981], [127.58179903807057, 50.168875584106374], [127.58152173546837, 50.16878225469553], [127.58151641171878, 50.168962075321936], [127.58191773119592, 50.16959657598941], [127.58233768434218, 50.16960170299393], [127.58216044924461, 50.17085873860961], [127.58271508196285, 50.17104539388719], [127.58242712356217, 50.17131170782989], [127.58241382138871, 50.17176125936387], [127.58281251571918, 50.17248566724068], [127.58309250145865, 50.17248908339771], [127.5834991876212, 50.17294375802112], [127.58321122191043, 50.173210073763215], [127.58349121193113, 50.173213488994826], [127.58361525679354, 50.17375465829694], [127.5834566492081, 50.17438232305798], [127.58428335398781, 50.17484211678416], [127.58424349371853, 50.176190771531246], [127.5850755488839, 50.17647073918259], [127.58520227508787, 50.1769219963899], [127.58547963183914, 50.17701531734562], [127.58533431462072, 50.17719343278414], [127.58589168733262, 50.177290163081494], [127.58587576031618, 50.17782962516679], [127.58614516147816, 50.17819267560591], [127.58669989445366, 50.17837931247524], [127.58667866963994, 50.179098595358745], [127.58695604185831, 50.17919191288575], [127.5876242886124, 50.18027935244711], [127.58733099654243, 50.180725498622095], [127.58761103098689, 50.180728904291826], [127.58774044293786, 50.18109024834395], [127.58772453459807, 50.1816297105044], [127.58743653894656, 50.181896036091736], [127.58785394970278, 50.181991054403284], [127.58756330075644, 50.182347290621955], [127.58784069342875, 50.18244060615932], [127.58782478545699, 50.182980068216985], [127.58739410529476, 50.18333460134383], [127.58752352224184, 50.183695945525415], [127.58709018047423, 50.18414038771175], [127.5868101261471, 50.18413698061935], [127.5867835916525, 50.185036083355556], [127.58621816348935, 50.185209087415835], [127.58607016861549, 50.18547711357827], [127.58634757631087, 50.1855704327618], [127.58604096393098, 50.18646612603496], [127.5864610657322, 50.18647123937292], [127.5864239048166, 50.1877299824637], [127.5868334030388, 50.1880947354036], [127.58725351927016, 50.18809984599562], [127.58722964242463, 50.1889090380647], [127.58806988943927, 50.18891925498366], [127.58805663193814, 50.18936880624251], [127.58889423735546, 50.18946892752734], [127.58915842620414, 50.19001179156736], [127.58971860419179, 50.19001859432954], [127.59026289761377, 50.19056485630701], [127.59096312855193, 50.190573352748444], [127.59095783614592, 50.19075317342887], [127.59166071494269, 50.190671755338315], [127.59151273288278, 50.19093978830457], [127.59192758608683, 50.191124702927134], [127.59191436376766, 50.1915742547603], [127.59261989630339, 50.19140292058844], [127.59261460996366, 50.191582741371], [127.59386449058076, 50.19195764837758], [127.59457530109184, 50.19160648143272], [127.59513549903832, 50.19161325823127], [127.59470215418611, 50.19205772821882], [127.59483428778483, 50.192329153927794]], [[127.59302947302547, 50.19176765212086], [127.59316688070514, 50.19185925884861], [127.59316952287058, 50.191769348441056], [127.59302947302547, 50.19176765212086]], [[127.58642720182581, 50.18287312485905], [127.58726203782142, 50.183063167328775], [127.58727264744621, 50.182703526055356], [127.58671520902735, 50.18260680191562], [127.58642720182581, 50.18287312485905]], [[127.58334668957161, 50.182835592824674], [127.58405212229003, 50.18266430961242], [127.58409199708987, 50.18131565648768], [127.58451471078948, 50.18123086625776], [127.58424796333107, 50.18077790194829], [127.58427188366721, 50.17996870978141], [127.58386779030451, 50.17942412759112], [127.58388108244499, 50.17897457637082], [127.5836037176195, 50.17888125155824], [127.58375702226928, 50.178433407686285], [127.58266620698652, 50.17743073186807], [127.58281685524865, 50.1770727993965], [127.58239949752219, 50.17697776335287], [127.58240748042238, 50.17670803268215], [127.58171544146109, 50.176429755775196], [127.58117140368496, 50.17588345464416], [127.5806113930529, 50.175876612060605], [127.58029141484133, 50.177221841958264], [127.58056876350615, 50.177315174570474], [127.58055544106473, 50.17776472527593], [127.57996342075053, 50.17883680081713], [127.5799181013168, 50.18036527225919], [127.58019813275871, 50.18036869578037], [127.58018480539768, 50.180818246176116], [127.58045950953174, 50.18100148924617], [127.5803088307495, 50.18135941816862], [127.58086624112535, 50.18145617284294], [127.58072089305189, 50.18163428211535], [127.58209180611436, 50.18264039503328], [127.58334668957161, 50.182835592824674]], [[127.58181442377894, 50.182547065854024], [127.58195178363141, 50.1826386855836], [127.58195444598574, 50.18254877546702], [127.58181442377894, 50.182547065854024]], [[127.58755799712901, 50.182527111295286], [127.58769271646885, 50.182708634663115], [127.58769801962464, 50.18252881398502], [127.58755799712901, 50.182527111295286]], [[127.57890330912507, 50.18152211493627], [127.57903799270191, 50.1817036480697], [127.57904332815922, 50.181523828032816], [127.57890330912507, 50.18152211493627]], [[127.60737043830571, 50.17557095446744], [127.6075052141699, 50.1757524555276], [127.60751044165687, 50.17557263310903], [127.60737043830571, 50.17557095446744]], [[127.60322277868049, 50.17372229556649], [127.60434538016814, 50.17364584848916], [127.60436371628133, 50.17301647061411], [127.60409420449265, 50.17265346121072], [127.60451942656547, 50.17247868597709], [127.60454823538224, 50.17148966329597], [127.60427349174994, 50.17130647659776], [127.60456394860624, 50.17095019630253], [127.60432063896344, 50.1696880755935], [127.60447633815343, 50.169150290627016], [127.60405900458238, 50.169055332512904], [127.603937359208, 50.16842427160838], [127.6036626352814, 50.16824108353763], [127.60394521846484, 50.16815453804546], [127.60381309692337, 50.16788312172623], [127.6042487537675, 50.167348702191475], [127.60383405613969, 50.16716383216579], [127.60356196008301, 50.16689073268166], [127.60316037439179, 50.16625630431664], [127.6024657398036, 50.166068062008705], [127.60247885120918, 50.16561850616156], [127.60179472260454, 50.165070615247124], [127.60180521642005, 50.1647109706132], [127.60139842352328, 50.164256358598756], [127.59972141253972, 50.16414620757988], [127.59957356033384, 50.164414253076515], [127.59985350093632, 50.16441762844293], [127.59984824678713, 50.16459745062224], [127.59872848049773, 50.164583945023985], [127.59871007586123, 50.16521332230465], [127.59829278827235, 50.16511834379104], [127.5979970600492, 50.165654430659664], [127.59757977010231, 50.16555944957058], [127.5975718757433, 50.16582918252184], [127.5972919271691, 50.165825801588035], [127.59712299723292, 50.166813131397106], [127.59754029710864, 50.16690811419184], [127.59753240215029, 50.16717784707557], [127.59795233692145, 50.167182917452614], [127.59794444420534, 50.16745265037106], [127.59752450707208, 50.16744757994583], [127.59751398011466, 50.16780722375182], [127.59834860039098, 50.16799718517133], [127.59831966718933, 50.168986205834514], [127.59915694003074, 50.16908625063466], [127.59913328026758, 50.16989544949964], [127.59926538050553, 50.17016687087487], [127.599965316031, 50.17017531058116], [127.60007640399787, 50.17116601904887], [127.60077372839491, 50.171264365010195], [127.60073958963746, 50.172433208142614], [127.6022716522023, 50.172721484163255], [127.60267590111324, 50.173266004207434], [127.60337064034992, 50.17345424591257], [127.60322277868049, 50.17372229556649]], [[127.60630534701617, 50.17366938451076], [127.60644272918805, 50.173760975589], [127.60644534474751, 50.173671064390064], [127.60630534701617, 50.17366938451076]], [[127.60253590479005, 50.173264319795145], [127.60267327851795, 50.17335591526842], [127.60267590111324, 50.173266004207434], [127.60253590479005, 50.173264319795145]], [[127.60225853555318, 50.17317103941807], [127.60253590479005, 50.173264319795145], [127.60253852763465, 50.17317440873799], [127.60225853555318, 50.17317103941807]], [[127.60212116315128, 50.17307944346246], [127.60225853555318, 50.17317103941807], [127.60226115890956, 50.17308112837011], [127.60212116315128, 50.17307944346246]], [[127.5828045362931, 50.172755398155736], [127.58294187037058, 50.17284701664224], [127.58294452994367, 50.17275710633482], [127.5828045362931, 50.172755398155736]], [[127.60184641992275, 50.17289625107278], [127.60198379127448, 50.17298784734737], [127.60198641512937, 50.17289793630709], [127.60184641992275, 50.17289625107278]], [[127.57530105031711, 50.17077479547831], [127.57572101258457, 50.17077994649104], [127.57572635842482, 50.170600126373024], [127.57530907141964, 50.170505065348024], [127.57530105031711, 50.17077479547831]], [[127.57768350736072, 50.170714054345886], [127.57824612513545, 50.170631000377526], [127.57825679775416, 50.170271359732055], [127.57783683948158, 50.17026621792459], [127.57768350736072, 50.170714054345886]], [[127.57253345165799, 50.16966149730778], [127.57267075709353, 50.16975312774332], [127.57267343564618, 50.169663217788354], [127.57253345165799, 50.16966149730778]], [[127.57757021439906, 50.16981323850482], [127.57884341240874, 50.169379111178074], [127.57885141317615, 50.16910938056791], [127.57842879728193, 50.16919415118466], [127.57867280018328, 50.16568936586861], [127.57825554968028, 50.16559431566762], [127.57813958824389, 50.16478340986831], [127.57785697976111, 50.16486989238705], [127.5780262984138, 50.16388259362233], [127.57788099451906, 50.16406070023066], [127.57760639616312, 50.16387745145427], [127.57734514594368, 50.16324465086884], [127.57750913113803, 50.162437173139466], [127.57709191121403, 50.16234211896729], [127.57719601391179, 50.15883561837347], [127.57682954978921, 50.15703226758409], [127.57516889097057, 50.156382302750515], [127.572375342041, 50.15616810751323], [127.57126918535744, 50.15570478817694], [127.57100538111771, 50.15516188368534], [127.57072549804529, 50.15515843925409], [127.57073622122823, 50.15479879882158], [127.57017914125319, 50.154701997933635], [127.57020059525152, 50.15398271715909], [127.56936365040364, 50.15388246612959], [127.56926128061161, 50.15262200097911], [127.56856429526071, 50.15252346838481], [127.56862066939304, 50.15063535676481], [127.56849416404643, 50.150184081416526], [127.5677972157074, 50.15008554449617], [127.5676948931549, 50.1488250775865], [127.56699796625617, 50.148726536030765], [127.56698990459292, 50.14899626620071], [127.56629028820491, 50.1489876304353], [127.56571176779882, 50.149610088788506], [127.56569831914733, 50.15005963874265], [127.56513861391493, 50.15005272413752], [127.56527315907363, 50.15023427297984], [127.56483453879197, 50.150858455350516], [127.56480224029156, 50.1519373745299], [127.56438244507332, 50.151932185449944], [127.5643501351718, 50.15301110421524], [127.56336789703028, 50.15308889985131], [127.56347819547884, 50.15407963926353], [127.5629157484988, 50.15416262337333], [127.56303412532067, 50.154883633562754], [127.56219448406587, 50.154873240664124], [127.56215133362305, 50.156311796857985], [127.56257116677784, 50.15631699432937], [127.56254420384548, 50.157216091919544], [127.56296134941017, 50.15731119780569], [127.56292630561065, 50.15848002464237], [127.56362605948794, 50.15848868185326], [127.56416431516094, 50.15921488290941], [127.56471874216412, 50.15940162273111], [127.56498249722694, 50.159944540705254], [127.56526240754015, 50.159947999213294], [127.56538890623762, 50.16039927730318], [127.5656661284438, 50.160492644678655], [127.56551271608907, 50.16094046505284], [127.56593528075544, 50.16085574089208], [127.56662431397743, 50.16122401968188], [127.56675082864815, 50.16167529633102], [127.5673079821207, 50.161772114190846], [127.56798629256676, 50.16250002452875], [127.56881532909624, 50.162870016347256], [127.56893918352208, 50.16341120060681], [127.57099308832795, 50.164965522344126], [127.57097700056957, 50.16550498209502], [127.57152348607227, 50.16596141995648], [127.57136206761764, 50.16667897783627], [127.57177663337528, 50.16686396271665], [127.57120064410934, 50.167396535363835], [127.57218316468139, 50.16731867606456], [127.57230170952502, 50.16803967668876], [127.57354010889263, 50.16877443717085], [127.57396005330833, 50.16877959440154], [127.57395202510303, 50.169049324454164], [127.57479191902449, 50.16905963446018], [127.57479994250534, 50.16878990430953], [127.57453067927017, 50.16842682816972], [127.57341618979181, 50.16823325774156], [127.57342957470586, 50.167783707687626], [127.5745440538214, 50.16797727791293], [127.57495864322988, 50.16816225159497], [127.57481331470271, 50.16834035402835], [127.57509327525203, 50.168343789260746], [127.57507990567932, 50.16879333959636], [127.57620243075834, 50.16871716389029], [127.57631569580884, 50.16961798098937], [127.57743823851901, 50.16954179349691], [127.57757021439906, 50.16981323850482]], [[127.56907145021486, 50.168359692942396], [127.56920606032685, 50.16854123724022], [127.56921143018917, 50.168361417562664], [127.56907145021486, 50.168359692942396]], [[127.57077803042966, 50.167481278176346], [127.57091532630332, 50.16757291063846], [127.57091800794242, 50.16748300071834], [127.57077803042966, 50.167481278176346]], [[127.58801391289312, 50.16706251143575], [127.5881485916874, 50.16724403439215], [127.58815389022813, 50.16706421319747], [127.58801391289312, 50.16706251143575]], [[127.57135670614474, 50.16685879773483], [127.57149400138032, 50.16695042951657], [127.57149668187468, 50.16686051956407], [127.57135670614474, 50.16685879773483]], [[127.60397665429888, 50.16707560365883], [127.6041140133115, 50.16716719739748], [127.60411663262893, 50.16707728618503], [127.60397665429888, 50.16707560365883]], [[127.59717037839756, 50.16519473407342], [127.59815807661833, 50.1649368322616], [127.59804440975536, 50.16403603240633], [127.59860954494262, 50.163862967697455], [127.59875740075208, 50.163594923434424], [127.59986400907513, 50.16405798406633], [127.60070645033082, 50.16397819486031], [127.60099426314875, 50.16371183404431], [127.60015445345837, 50.16370171427208], [127.6001885959269, 50.16253286966532], [127.59936194617384, 50.16207318871499], [127.5993698294095, 50.16180345538198], [127.59853005373739, 50.16179332414351], [127.59855108770773, 50.16107403544633], [127.59799650638001, 50.16088745594007], [127.59772710947225, 50.160524432001885], [127.59702994753545, 50.16042606893928], [127.59703521148049, 50.16024624684681], [127.59675003058167, 50.16042268696235], [127.59675529557612, 50.160242864891316], [127.59633805508375, 50.160147879671904], [127.5966337665412, 50.15961179640232], [127.59636175386267, 50.15933868040922], [127.59664166444021, 50.159342063269094], [127.59664692963962, 50.15916224117276], [127.59594978981039, 50.15906387178865], [127.59584144417349, 50.157983247280185], [127.59528163913119, 50.15797647716172], [127.59529217916997, 50.15761683308754], [127.59445511485231, 50.15751676199101], [127.59443402207692, 50.15823604986975], [127.59498065177524, 50.15869237908145], [127.59478270478743, 50.16066872711075], [127.59504944428144, 50.161121668647674], [127.59560665127532, 50.16121835116997], [127.5955486840026, 50.16319639231431], [127.59651528366653, 50.16365779178027], [127.5965100171347, 50.163837613726535], [127.59706725868752, 50.1639342894874], [127.59705672960918, 50.16429393344171], [127.59648895047432, 50.164556901451625], [127.5971835390662, 50.164745179175014], [127.59717037839756, 50.16519473407342]], [[127.56889890763132, 50.16475984903699], [127.5693188160217, 50.16476502274778], [127.5694695218504, 50.16440710734506], [127.56876967978114, 50.16439848460308], [127.56889890763132, 50.16475984903699]], [[127.59843802010376, 50.16494021106474], [127.59857536235693, 50.16503181124661], [127.59857799186643, 50.164941900213364], [127.59843802010376, 50.16494021106474]], [[127.58613912693393, 50.16416153172383], [127.58641906444643, 50.164164939454814], [127.58642436889797, 50.16398511829834], [127.58614443243506, 50.163981710588956], [127.58613912693393, 50.16416153172383]], [[127.57943130409768, 50.163719902601365], [127.5795659410389, 50.1639014352552], [127.57957127115174, 50.16372161462314], [127.57943130409768, 50.163719902601365]], [[127.56853002993154, 50.163046386051526], [127.56866730892051, 50.163138021093346], [127.56866999435519, 50.16304811119238], [127.56853002993154, 50.163046386051526]], [[127.58477661429265, 50.162885735637886], [127.58491392429012, 50.16297735173578], [127.58491657923437, 50.162887441198194], [127.58477661429265, 50.162885735637886]], [[127.60103363448997, 50.16236316668677], [127.60117097448158, 50.162454763818154], [127.60117359888227, 50.16236485264515], [127.60103363448997, 50.16236316668677]], [[127.56592720964815, 50.161125470370436], [127.56620443710122, 50.16121883649468], [127.56620981683086, 50.16103901682504], [127.56592720964815, 50.161125470370436]], [[127.56456801750376, 50.15975953209851], [127.56470527953493, 50.15985117172801], [127.56470797208803, 50.159761261931635], [127.56456801750376, 50.15975953209851]], [[127.56150790982424, 50.15909206538396], [127.56164516404338, 50.15918370857373], [127.56164786227214, 50.15909379888756], [127.56150790982424, 50.15909206538396]], [[127.56347532971085, 50.15884658981153], [127.56360989251847, 50.159028140472074], [127.56361528156285, 50.15884832093849], [127.56347532971085, 50.15884658981153]], [[127.56227509725127, 50.1568529880233], [127.56240965004427, 50.15703454004773], [127.56241504320988, 50.156854720546704], [127.56227509725127, 50.1568529880233]], [[127.57287280421629, 50.1535658724451], [127.5738603879533, 50.153308175855784], [127.57403509171542, 50.15214106079851], [127.5732061979585, 50.15177110682434], [127.5732222528137, 50.15123164526736], [127.57239070373392, 50.15095159585981], [127.57226148453907, 50.1505902345683], [127.57169641436657, 50.15076317196427], [127.57031857672045, 50.15002667117815], [127.57042633223571, 50.15110731582661], [127.5711099024396, 50.15165538801608], [127.57108042415506, 50.15264439984674], [127.5719146729229, 50.152834548557195], [127.57204657335096, 50.15310599994003], [127.5731714107668, 50.15293994001206], [127.57287280421629, 50.1535658724451]], [[127.57990163281372, 50.15257272369573], [127.58003357796699, 50.15284416639745], [127.58004156735453, 50.15257443487628], [127.57990163281372, 50.15257272369573]], [[127.56927469707976, 50.152172450524475], [127.56940658075246, 50.15244390479194], [127.56941462980593, 50.152174174498256], [127.56927469707976, 50.152172450524475]], [[127.579067355714, 50.15238263212719], [127.57948715756092, 50.15238776816453], [127.57949248579581, 50.1522079471803], [127.57867154478079, 50.151568300389485], [127.57865555104061, 50.152107763191964], [127.57907535040614, 50.15211290069739], [127.579067355714, 50.15238263212719]], [[127.56872838768383, 50.15171600256093], [127.56886563505938, 50.15180763726664], [127.5688683190446, 50.15171772718158], [127.56872838768383, 50.15171600256093]], [[127.57783195585378, 50.151558021023355], [127.57867154478079, 50.151568300389485], [127.5786795414688, 50.15129856896794], [127.57910732796122, 50.151033974842946], [127.5792419290302, 50.15121550794417], [127.58064655872708, 50.15105279866891], [127.580641235038, 50.15123261977898], [127.58092109640121, 50.15123604012346], [127.58093706416038, 50.15069657671013], [127.58053591080136, 50.15006207210143], [127.57984160122471, 50.14987369671641], [127.57999217964577, 50.149515765694886], [127.57901803011246, 50.14932396296571], [127.57931652918896, 50.148698013374336], [127.57919259195005, 50.14815683817293], [127.58031196522572, 50.14817052886218], [127.58027203091078, 50.14951918751873], [127.58069446950473, 50.14943440840765], [127.58082108813494, 50.149885671482046], [127.58138611590022, 50.14971268928819], [127.58154732220183, 50.14899511366903], [127.58113287112289, 50.148810164110586], [127.58114351384671, 50.148450521657075], [127.5807290690195, 50.148265570693916], [127.5807397145662, 50.14790592826936], [127.58045188694582, 50.14817223943999], [127.58048116730025, 50.14718322281733], [127.57993214322762, 50.14681673736695], [127.57994545691447, 50.146367184374895], [127.57966828730282, 50.146273851327436], [127.57941775535923, 50.14528141171618], [127.57886343179634, 50.145094742538966], [127.57889007724286, 50.14419563666566], [127.57805594937132, 50.144005538842855], [127.57809593819763, 50.142656880194465], [127.57725650547245, 50.1426465979872], [127.5772885132181, 50.14156767121597], [127.57644909984802, 50.14155738333432], [127.57648913038275, 50.14020872505485], [127.57620399561843, 50.14038511567791], [127.57592953746271, 50.140201863423584], [127.57619598810116, 50.140654847319226], [127.57577895951324, 50.1405597897268], [127.57552319492257, 50.139747162786456], [127.57566843196616, 50.13956905784592], [127.57538863930976, 50.13956562542168], [127.57568178219127, 50.139119505121386], [127.57512220217318, 50.13911263970781], [127.57497429317742, 50.139380654490886], [127.57486912740376, 50.13821010075475], [127.5740351196793, 50.13801997488545], [127.57407521305817, 50.13667131719498], [127.57337042602381, 50.136842546624386], [127.57324658387283, 50.136301364839056], [127.57242064335279, 50.13584149618488], [127.57243937370943, 50.13521212284297], [127.57160542785914, 50.13502197995607], [127.57148160993368, 50.134480796334536], [127.57078220385027, 50.134472189425], [127.57080363344149, 50.133752905942636], [127.57039471385467, 50.13338809819481], [127.5699750799194, 50.13338293070834], [127.56999384072243, 50.13275355776939], [127.56915994746996, 50.13256339769041], [127.5691840814263, 50.13175420407121], [127.56834484269856, 50.1317438590771], [127.56836094082136, 50.131204396793265], [127.56697028314449, 50.13091741099243], [127.56667979756014, 50.13127359932785], [127.56709135633281, 50.131548509560524], [127.56706987276804, 50.132267792151794], [127.56734962185503, 50.1322712442541], [127.56734156686568, 50.132540975233795], [127.56829117876075, 50.133542066298624], [127.56828312870182, 50.13381179732994], [127.56870008348373, 50.133906881319106], [127.56881850375117, 50.134627888378496], [127.56950718684539, 50.13499614862995], [127.56948305556722, 50.13580534190914], [127.56975746396746, 50.135988609108004], [127.56960149171287, 50.13652634808201], [127.57029824752365, 50.13662487273449], [127.57029020786976, 50.136894603858124], [127.57001043146582, 50.136891158609835], [127.57014495929998, 50.13707270204886], [127.56986518187519, 50.13706925644182], [127.56998630705614, 50.137700351801236], [127.56956931680816, 50.13760527218577], [127.56970384490864, 50.137786816117014], [127.56899902634743, 50.137958018703905], [127.56927344501896, 50.138141287070674], [127.56884572150838, 50.13840584606166], [127.56868704752543, 50.139033493713896], [127.56896683626165, 50.139036942256624], [127.56893464422174, 50.14011586559266], [127.56976598602398, 50.14039593846937], [127.56986834968585, 50.14165640564945], [127.57056518039099, 50.14175492926143], [127.57053302120372, 50.14283385284223], [127.57137245475198, 50.142844183672466], [127.5713537053321, 50.14347355589039], [127.57218779642191, 50.14366370156962], [127.57216638006442, 50.14438298425185], [127.57300316578868, 50.14448321386795], [127.5729790853826, 50.14529240705115], [127.57381856285392, 50.14530272056692], [127.57379984390037, 50.145932093187305], [127.57463398761932, 50.14612222166603], [127.57460458778499, 50.14711123596116], [127.57544142646572, 50.147211448411596], [127.5754066993699, 50.148380283657964], [127.57624089209195, 50.14857040093439], [127.57620885283617, 50.149649325907134], [127.57704840775412, 50.14965961672344], [127.57701638543095, 50.15073854187104], [127.5778559597129, 50.15074882701136], [127.57783195585378, 50.151558021023355]], [[127.59133676546516, 50.14929416636004], [127.59147404976227, 50.14938577468667], [127.5914766911291, 50.14929586368358], [127.59133676546516, 50.14929416636004]], [[127.58047052008718, 50.14754286524662], [127.58060511682257, 50.14772439683442], [127.58061043998559, 50.14754457561795], [127.58047052008718, 50.14754286524662]], [[127.58007472347715, 50.14672853776815], [127.58034923451875, 50.14691178047768], [127.58035455848795, 50.14673195925584], [127.58007472347715, 50.14672853776815]], [[127.58918526134336, 50.146299925338575], [127.58931988788824, 50.14648144711238], [127.58946509495381, 50.14630332485458], [127.58918526134336, 50.146299925338575]], [[127.58821643286359, 50.14592837801572], [127.58920113335603, 50.14576045954021], [127.58892394875762, 50.14566714845393], [127.58920906918168, 50.145490726620764], [127.58921965009519, 50.14513108270713], [127.58865999666578, 50.14512428193315], [127.58864147258701, 50.145753658615355], [127.58836428914425, 50.14566034620255], [127.58821643286359, 50.14592837801572]], [[127.5882429037641, 50.14502926863891], [127.58853066928373, 50.144762937488494], [127.58770443590205, 50.14430317573125], [127.58782846033164, 50.14484434292767], [127.5882429037641, 50.14502926863891]], [[127.58894511477867, 50.14494786071289], [127.5890823821748, 50.14503947178962], [127.58908502761845, 50.144949560811355], [127.58894511477867, 50.14494786071289]], [[127.5874246141733, 50.14429977207121], [127.58756187679776, 50.144391384914975], [127.58756452503097, 50.14430147398548], [127.5874246141733, 50.14429977207121]], [[127.58744050486388, 50.14376030649506], [127.58757776599607, 50.14385191931549], [127.5875804141489, 50.143762008376974], [127.58744050486388, 50.14376030649506]], [[127.58717393082868, 50.143307347591595], [127.58731119016639, 50.14339896071876], [127.58731383877642, 50.14330904978353], [127.58717393082868, 50.143307347591595]], [[127.5866195989726, 50.14312071531787], [127.58675685671092, 50.143212329089664], [127.58675950634253, 50.14312241817301], [127.5866195989726, 50.14312071531787]], [[127.58636098713347, 50.14239802184438], [127.58649824233132, 50.14248963591118], [127.58650089237989, 50.14239972499331], [127.58636098713347, 50.14239802184438]], [[127.58608382750225, 50.14230470413785], [127.58622108190045, 50.14239631852696], [127.58622373245976, 50.14230640761836], [127.58608382750225, 50.14230470413785]], [[127.56857130299969, 50.13822257669316], [127.56870851199204, 50.13831421145692], [127.56871119498929, 50.13822430116802], [127.56857130299969, 50.13822257669316]], [[127.55990882408604, 50.13775569045767], [127.56046838455799, 50.13776262903663], [127.56005411251722, 50.13757760544038], [127.5600676081125, 50.13712805562723], [127.55990882408604, 50.13775569045767]], [[127.56746559414488, 50.1377592236085], [127.56774269053685, 50.137852585288634], [127.56774537530028, 50.137762675030494], [127.56746559414488, 50.1377592236085]], [[127.56831298883885, 50.137499845003866], [127.56844482842646, 50.13777130063743], [127.56845287870524, 50.137501569771935], [127.56831298883885, 50.137499845003866]], [[127.56623883030372, 50.136664761377794], [127.56636796864527, 50.137026129500455], [127.56637871760836, 50.13666648862347], [127.56623883030372, 50.136664761377794]], [[127.5691898762535, 50.136251446484984], [127.56932171754046, 50.13652290119287], [127.5693297625334, 50.13625317016584], [127.5691898762535, 50.136251446484984]], [[127.56583529779577, 50.13612011740082], [127.56597249556297, 50.136211755333115], [127.56597518348772, 50.13612184511899], [127.56583529779577, 50.13612011740082]], [[127.5680114221495, 50.13353861640124], [127.56814861684698, 50.13363025177396], [127.56815130044832, 50.13354034143414], [127.5680114221495, 50.13353861640124]], [[127.56627899091797, 50.13063904642778], [127.56641080090273, 50.13091050442129], [127.56641886065871, 50.13064077347519], [127.56627899091797, 50.13063904642778]], [[127.55595031712208, 50.12979149827361], [127.5560793603057, 50.130152877420606], [127.55609018375851, 50.12979323773959], [127.55595031712208, 50.12979149827361]], [[127.57638166157201, 50.12968403480179], [127.57651886159223, 50.129775660385455], [127.57652152914497, 50.12968574965793], [127.57638166157201, 50.12968403480179]], [[127.57597807025238, 50.12913942495653], [127.5761152679561, 50.12923105100555], [127.57611793621352, 50.1291411402853], [127.57597807025238, 50.12913942495653]]]}}, {"id": "1", "type": "Feature", "properties": {"contour_id": "water_pre_0002", "area_ha": 373.38, "pair_id": "baseline_2018_09_low__blagoveshchensk", "layer": "water_pre", "aoi_name": "Благовещенск — слияние Амура и Зеи", "event_name": "Контрольный период межени, сентябрь 2018", "date_peak": "2018-09-15"}, "geometry": {"type": "Polygon", "coordinates": [[[127.32516206604691, 50.31161658902598], [127.3244664669199, 50.311426678701146], [127.3245138658662, 50.310078220665936], [127.32367159025844, 50.31006607659364], [127.32371900939683, 50.30871761878917], [127.32302029579994, 50.308617597384114], [127.32289573432908, 50.30816608620771], [127.32206298581858, 50.307884239347096], [127.3220724782989, 50.30761454793418], [127.31955529353046, 50.30730835457026], [127.31956479999921, 50.3070386634769], [127.31914369003418, 50.30703257454213], [127.31913418118587, 50.30730226557755], [127.31843549855394, 50.30720221689005], [127.31831098400085, 50.30675070116511], [127.31648301281601, 50.30681418209521], [127.3164893619502, 50.30663438830256], [127.31522922211633, 50.30652618677249], [127.31452102485508, 50.30669580521858], [127.31452738135984, 50.30651601160353], [127.31509203110346, 50.30643425524184], [127.3141094561207, 50.306420007678796], [127.31409991900831, 50.30668969804559], [127.31367881330672, 50.306683589347905], [127.31366927366973, 50.30695327964266], [127.31184447366302, 50.30692679074893], [127.31185402361103, 50.306657100706225], [127.31157328697692, 50.306653022989465], [127.3115637354426, 50.30692271299337], [127.30987930747705, 50.306898232229685], [127.30988568152796, 50.306718439050584], [127.30946138867603, 50.306802211657725], [127.30849475710554, 50.30633843379114], [127.30596815098913, 50.30630163711228], [127.30568102751593, 50.30647733800685], [127.30357551898415, 50.30644662690343], [127.30285768243607, 50.30688586272847], [127.30158475986049, 50.30713709845864], [127.30159116523826, 50.30695730605772], [127.300898934988, 50.30667735998419], [127.30091175064112, 50.30631777527539], [127.30034707966118, 50.306399462515294], [127.30007596258982, 50.30612566860304], [127.29937733996819, 50.30602550590808], [127.29825120707419, 50.30609896667989], [127.29825762478417, 50.30591917455753], [127.29770258397652, 50.305731160797286], [127.29757505978567, 50.305369520820605], [127.29702002809648, 50.30518150387556], [127.29689572174811, 50.304729967167475], [127.29521459845627, 50.30461537873501], [127.29536138787101, 50.30443764546997], [127.29508709598193, 50.304253736183085], [127.29466280050443, 50.30433745475863], [127.29411422544597, 50.3039696323162], [127.29158776367427, 50.30393252439123], [127.29115379918439, 50.30428591743744], [127.29128771545065, 50.30446777248478], [127.29030519309542, 50.30445332415741], [127.290158384939, 50.30463105084396], [127.29043910655484, 50.30463518014941], [127.29043265966145, 50.304814971580285], [127.28986476530686, 50.30498650361173], [127.28916618229688, 50.30488627990622], [127.28917908560001, 50.304526697280274], [127.28861441722141, 50.30460832755259], [127.28879026947781, 50.30362154203751], [127.28851600793928, 50.303437617523215], [127.28853859596656, 50.3028083479675], [127.2882675673053, 50.30253452724503], [127.28870476307529, 50.302091249254616], [127.28913227397932, 50.30191765660526], [127.28900159872433, 50.3016459034588], [127.2894323295056, 50.30138241393365], [127.29140369008037, 50.30123152414441], [127.29138758375922, 50.301681003200564], [127.29166184660589, 50.30186492100167], [127.2924878671456, 50.302326774768794], [127.29332999252308, 50.30233914337096], [127.29319929212961, 50.302067394709084], [127.29263787838296, 50.30205914905277], [127.29292180367858, 50.30197337634578], [127.29279110657414, 50.301701627242196], [127.29308146566011, 50.301436062353524], [127.29350252054225, 50.30144224518818], [127.2934832164986, 50.301981620620936], [127.29390427628498, 50.30198780204888], [127.29405427850338, 50.30172017439827], [127.29433498355604, 50.3017242941254], [127.29435106212622, 50.301274814382715], [127.29407679208761, 50.30109090283914], [127.29617562937898, 50.30130157567073], [127.29619490251041, 50.300762199419154], [127.29830015205252, 50.30079304167344], [127.29830977650548, 50.30052335323329], [127.30504656156351, 50.300621791423566], [127.3053176769426, 50.300895573962144], [127.30587908068615, 50.300903758253206], [127.30604498025957, 50.300186631836716], [127.30674672481294, 50.30019685728336], [127.30718053719208, 50.29984340424141], [127.30886471366829, 50.299867921629584], [127.3095792017771, 50.2995185432671], [127.30945797655998, 50.29897712183388], [127.30974504050172, 50.29880141079753], [127.30976415849003, 50.298262030523915], [127.30934312813203, 50.298255906861506], [127.3093622502951, 50.297716526648806], [127.3085201995286, 50.29770427498453], [127.3085457075245, 50.296985101591915], [127.3077068600359, 50.29688294749979], [127.30771961992264, 50.296523360915735], [127.30688397394835, 50.29633130434018], [127.30689673978814, 50.2959717178746], [127.30661606675788, 50.295967628813635], [127.3062110208749, 50.295512010997506], [127.30564968048728, 50.295503828941136], [127.30566245525598, 50.29514424265341], [127.30524145330584, 50.29513810441094], [127.30497676012166, 50.29468452867043], [127.30414755058972, 50.29431265971839], [127.30404238169331, 50.293321750287724], [127.30335033265692, 50.29304182003271], [127.30350345024746, 50.292684282464975], [127.30326756714607, 50.2914216342548], [127.30188994172782, 50.29068196800263], [127.30162210357386, 50.29031828132886], [127.30190914300891, 50.29014258916135], [127.30079299585614, 50.28994638920356], [127.30094292010132, 50.28967875135671], [127.30010742185472, 50.28948664732434], [127.2999831234399, 50.28903511286472], [127.29970249221711, 50.289031007520634], [127.29930077514176, 50.288485469968265], [127.29919892187613, 50.28740465995154], [127.29850057446974, 50.28730449446622], [127.2982359873979, 50.28685090387387], [127.29781506023697, 50.28684473947038], [127.29782147521065, 50.28666494679013], [127.2961698799498, 50.28574131138534], [127.29645370125306, 50.285655528770526], [127.29632302634337, 50.28538378315487], [127.29589890159325, 50.285467508225814], [127.29552295002341, 50.28420278781795], [127.29624050649767, 50.28376359287512], [127.29641290409356, 50.28286668638318], [127.29614836055755, 50.2824130911554], [127.29530979728803, 50.28231085020069], [127.29531943233347, 50.28204116131763], [127.2947678916276, 50.28176323944261], [127.29478395474666, 50.28131375804723], [127.29450336968202, 50.28130964060799], [127.2945097958716, 50.28112984806511], [127.2956353432556, 50.28105641732968], [127.295364393941, 50.28078261301255], [127.29857827036999, 50.28118948429385], [127.29886526507921, 50.281013798937046], [127.29874099855064, 50.2805622628585], [127.29960196308623, 50.28003520318921], [127.3004340928174, 50.280317206025224], [127.30097924900697, 50.280774894401816], [127.30083255533141, 50.28095263640437], [127.3013873229519, 50.28114063320103], [127.30124062962582, 50.28131837571197], [127.30151481590087, 50.281502270081326], [127.3015020160614, 50.281861856445516], [127.30178260539176, 50.2818659570245], [127.30218429718335, 50.282411486318495], [127.30301008922991, 50.28287326441217], [127.30299410269451, 50.28332274760504], [127.30327470083023, 50.28332684466827], [127.30381672242393, 50.28387441677779], [127.30465852711421, 50.28388670007643], [127.30478605177352, 50.28424833352747], [127.30548756148931, 50.284258564238186], [127.30589250748672, 50.28471418439191], [127.30645372102596, 50.28472236401203], [127.3073784381819, 50.286354814324724], [127.30807360354588, 50.28654482334409], [127.30819797284391, 50.286996350040496], [127.30847859333457, 50.2870004347576], [127.30859659302743, 50.287631754696164], [127.30956603644573, 50.28800563248662], [127.30955966541792, 50.288185426217844], [127.30998060696267, 50.288191548213284], [127.30969360868583, 50.288367260790274], [127.30982755296172, 50.28854909521312], [127.31052912772739, 50.2885592961288], [127.31191001034084, 50.28920896399983], [127.31203124134088, 50.2897503837805], [127.31272011551768, 50.2901201595061], [127.31269785656325, 50.290749438330785], [127.31312200051464, 50.29066565219766], [127.31338039291036, 50.29129900422846], [127.31448709642574, 50.291764775199], [127.31475504125288, 50.292128433197874], [127.31460518604167, 50.292396089453355], [127.3150261658279, 50.29240219354725], [127.31513791282276, 50.29321330136574], [127.31667201482685, 50.293505360119475], [127.31666249656605, 50.29377505144365], [127.3175044815085, 50.29378724344846], [127.31749496785842, 50.29405693487476], [127.31833695813536, 50.294069120899564], [127.31832110965624, 50.294518606772435], [127.31873894002334, 50.29461459478468], [127.31872943307263, 50.2948842863432], [127.32041344447481, 50.294908634703745], [127.32053795079733, 50.295360148951374], [127.32123646524293, 50.295460183509924], [127.32134832390706, 50.296271286070834], [127.32203103865355, 50.29682080244204], [127.32214607635579, 50.297542006922896], [127.32284462625816, 50.2976420321319], [127.32282565659565, 50.298181416087075], [127.32366772197163, 50.29819356422133], [127.32365824168066, 50.29846325629368], [127.3240792769634, 50.298469328132235], [127.32406979890659, 50.29873902024847], [127.32449083671199, 50.29874509062052], [127.32447188492266, 50.299284474926885], [127.32530449912599, 50.299566303576974], [127.32528871321597, 50.30001579062586], [127.32569713670887, 50.300381446382744], [127.32611818936212, 50.30038751100395], [127.32609294324739, 50.3011066904604], [127.326931907422, 50.301208712900966], [127.32690667284186, 50.30192789255402], [127.32717792222364, 50.30220162535625], [127.32689405516781, 50.30228748234356], [127.32773619478561, 50.30229960172265], [127.32770781835691, 50.30310867900483], [127.32798223145716, 50.303292512518325], [127.32769835925947, 50.30337837140447], [127.32854051848504, 50.303390485146764], [127.3285121546039, 50.304199562608225], [127.32934487852341, 50.30448136317266], [127.32932597777928, 50.30502074828028], [127.33016816670589, 50.30503285051726], [127.33011148957488, 50.30665100619807], [127.33095370762955, 50.306663103027226], [127.33102798636848, 50.308552967175544], [127.33086872506374, 50.30909033664799], [127.33044129749278, 50.30926408347776], [127.33040036508126, 50.31043275082713], [127.32745237219504, 50.310390368924025], [127.32744290921023, 50.31066006094897], [127.32660062206396, 50.310647937994304], [127.32658168614196, 50.31118732177183], [127.32616053802477, 50.31118125789172], [127.32615106746749, 50.31145094970195], [127.32530876690528, 50.31143881725146], [127.32516206604691, 50.31161658902598]], [[127.30161998863403, 50.30614824017705], [127.30232822168074, 50.30597870070736], [127.30148602809788, 50.30596639664085], [127.30149563629969, 50.30569670799636], [127.30107454210683, 50.305690553734756], [127.3010841525417, 50.305420865134906], [127.30024196935325, 50.3054085521551], [127.30036630909568, 50.30586008557119], [127.30161998863403, 50.30614824017705]], [[127.29882550114192, 50.30574760135025], [127.2995401504766, 50.30539828668017], [127.30024196935325, 50.3054085521551], [127.30025158440026, 50.30513886365849], [127.29940940655547, 50.305126544697615], [127.29942543923917, 50.304677064034365], [127.29914792308115, 50.30458306029979], [127.29746679874458, 50.30446850443959], [127.29882550114192, 50.30574760135025]], [[127.29003414506805, 50.30417950743108], [127.29046167016675, 50.30400591009255], [127.29034387586206, 50.30337457548347], [127.28963886573447, 50.303454146259554], [127.28962919124963, 50.303723833346055], [127.29018417608799, 50.30391188516328], [127.29003414506805, 50.30417950743108]], [[127.29748926949607, 50.30383923206313], [127.2979103465595, 50.30384539914658], [127.29778282547865, 50.30348375932015], [127.29735854137833, 50.303567487864875], [127.29748926949607, 50.30383923206313]], [[127.2958210286162, 50.30336506856063], [127.29638245866494, 50.30337329899984], [127.29652923982376, 50.30319556414053], [127.2958274548653, 50.30318527658026], [127.2958210286162, 50.30336506856063]], [[127.29133926234495, 50.30302944013678], [127.29218139962558, 50.30304181718308], [127.29218783952142, 50.30286202553319], [127.29192000979673, 50.30249831728878], [127.29135859135182, 50.3024900654041], [127.29133926234495, 50.30302944013678]], [[127.28884511629408, 50.302093315671804], [127.28912259715702, 50.302187343692104], [127.28912582278082, 50.302097447998044], [127.28884511629408, 50.302093315671804]], [[127.30758566209172, 50.29634152415874], [127.30772280985387, 50.296433464265846], [127.30772599976892, 50.29634356761443], [127.30758566209172, 50.29634152415874]], [[127.3032683071587, 50.283506637960585], [127.3034054101829, 50.283598582901625], [127.30340860677896, 50.283508686251295], [127.3032683071587, 50.283506637960585]]]}}, {"id": "2", "type": "Feature", "properties": {"contour_id": "water_pre_0003", "area_ha": 39.54, "pair_id": "baseline_2018_09_low__blagoveshchensk", "layer": "water_pre", "aoi_name": "Благовещенск — слияние Амура и Зеи", "event_name": "Контрольный период межени, сентябрь 2018", "date_peak": "2018-09-15"}, "geometry": {"type": "Polygon", "coordinates": [[[127.38008190205257, 50.199876151001966], [127.3798139570094, 50.19951263830342], [127.37897360503747, 50.19950091345392], [127.37854429130635, 50.19976475287272], [127.37799014808482, 50.19957712813395], [127.37813934708932, 50.199309379809634], [127.37728680607486, 50.199657248164286], [127.37672961977445, 50.199559518777605], [127.37717113559567, 50.198936080854864], [127.37872089849847, 50.198687891315494], [127.37873917157899, 50.19814848290982], [127.37832814641767, 50.1978729133049], [127.37679060455562, 50.19776149258682], [127.37750611028629, 50.19732176983149], [127.37820637117235, 50.197331549500475], [127.37836165378685, 50.19688399790496], [127.37919587061128, 50.197075529627924], [127.38018231701389, 50.196909402701415], [127.38061767941883, 50.19646575373949], [127.38174111835903, 50.19639146742038], [127.38147013939778, 50.1961178599653], [127.38189028614062, 50.196123713836414], [127.38189636477273, 50.19594391067933], [127.3827366555205, 50.195955613790716], [127.38274880629353, 50.19559600730975], [127.38246567322253, 50.195682008607314], [127.38247478776357, 50.19541230377217], [127.38317502243942, 50.1954220532262], [127.38324182927427, 50.19344421666711], [127.38436215931056, 50.19345980593086], [127.38465134353757, 50.1931939963312], [127.38462403842996, 50.194003111974126], [127.38532122057394, 50.19410275003859], [127.38533941632708, 50.1935633394478], [127.38617966672089, 50.19357501725766], [127.38619785246276, 50.1930356063896], [127.38703809395044, 50.19304727790247], [127.3870562696816, 50.19250786675727], [127.38747638590335, 50.19251370012468], [127.38749455635339, 50.19197428881336], [127.38918407926415, 50.19172790075442], [127.38917500370393, 50.19199760665249], [127.39043534066433, 50.192015079085756], [127.39041720331748, 50.19255449117283], [127.3920976734424, 50.192577766931635], [127.39205237495784, 50.19392629801473], [127.39163224539685, 50.19392048107654], [127.3916141203102, 50.19445989330265], [127.39077082966418, 50.194538156643986], [127.39104487556732, 50.19472184089355], [127.39076478466257, 50.19471796063026], [127.39074664929045, 50.195257372552305], [127.39018646135824, 50.19524960985299], [127.39033557843818, 50.1949818448822], [127.38991543996873, 50.19497602164737], [127.38990636748402, 50.19524572749077], [127.38948622678748, 50.19523990268172], [127.38947715180002, 50.19550960845593], [127.38863686609065, 50.19549795417046], [127.38861870624227, 50.19603736545588], [127.38904187964933, 50.19595329157333], [127.3891758773166, 50.196135037702525], [127.3894650516023, 50.19586921613344], [127.38902372407128, 50.19649270292363], [127.38818039373432, 50.19657094704336], [127.38804942648476, 50.19629929795725], [127.38776932676355, 50.19629541038433], [127.38774207135215, 50.19710452683499], [127.38648160207985, 50.19708702390354], [127.38647250957123, 50.19735672919308], [127.38563219268322, 50.19734505286637], [127.38561703031121, 50.197794561466544], [127.38618027821839, 50.19771244474118], [127.38616815231072, 50.198072051698574], [127.38545877930629, 50.198332025023134], [127.38504164609157, 50.19823628218827], [127.38503557877925, 50.19841608555291], [127.38361983924861, 50.19884611209066], [127.38250242204207, 50.198740612898085], [127.38277342146027, 50.199014218026456], [127.38164992222124, 50.19908851371714], [127.38136372577699, 50.19926441357202], [127.3813515630195, 50.1996240195789], [127.38066039354311, 50.199344554135116], [127.38078524300697, 50.199796014034206], [127.38008190205257, 50.199876151001966]], [[127.37855647521322, 50.19940514737348], [127.37869348783683, 50.19949700382048], [127.37869653352759, 50.19940710243718], [127.37855647521322, 50.19940514737348]], [[127.37841946311528, 50.19931329076856], [127.37855647521322, 50.19940514737348], [127.37855952115139, 50.19931524599484], [127.37841946311528, 50.19931329076856]], [[127.38108056843747, 50.19935041120602], [127.3812175858219, 50.199442264721725], [127.38122062676639, 50.19935236322542], [127.38108056843747, 50.19935041120602]], [[127.38066647748849, 50.19916475118743], [127.38095267585054, 50.198988853066815], [127.38164992222124, 50.19908851371714], [127.38222534778366, 50.198646810263305], [127.38138501000984, 50.198635103000946], [127.38137588828812, 50.19890480754061], [127.38053250415625, 50.198982995563824], [127.38066647748849, 50.19916475118743]], [[127.37913802244748, 50.19878365675936], [127.37927503445225, 50.19887551252339], [127.37927807898379, 50.198785611104555], [127.37913802244748, 50.19878365675936]], [[127.38433833464495, 50.19831644524284], [127.38447535545876, 50.19840829496295], [127.38447839017384, 50.19831839330609], [127.38433833464495, 50.19831644524284]], [[127.38448142487356, 50.1982284916477], [127.38533085606916, 50.1979704713504], [127.3853338891306, 50.19788056964883], [127.38435350930395, 50.19786693696641], [127.38448142487356, 50.1982284916477]], [[127.38589410651228, 50.19788835604001], [127.38603112914868, 50.19798020394828], [127.3860341608961, 50.19789030221587], [127.38589410651228, 50.19788835604001]], [[127.37749391938877, 50.19768137527348], [127.37763092508614, 50.19777323293248], [127.37763397258631, 50.197683331569614], [127.37749391938877, 50.19768137527348]], [[127.37849561312727, 50.19706575595888], [127.37863261904062, 50.197157612447214], [127.37863566459322, 50.19706771103022], [127.37849561312727, 50.19706575595888]]]}}, {"id": "3", "type": "Feature", "properties": {"contour_id": "water_pre_0004", "area_ha": 29.9, "pair_id": "baseline_2018_09_low__blagoveshchensk", "layer": "water_pre", "aoi_name": "Благовещенск — слияние Амура и Зеи", "event_name": "Контрольный период межени, сентябрь 2018", "date_peak": "2018-09-15"}, "geometry": {"type": "Polygon", "coordinates": [[[127.7793321744137, 50.45065144950184], [127.77934605656634, 50.45011197093022], [127.7785011276729, 50.450103104386294], [127.77856363532881, 50.44767545091746], [127.77940852101095, 50.44768431670122], [127.77942934058639, 50.44687509838607], [127.77985177638506, 50.44687952885158], [127.77986565077197, 50.446340049824066], [127.78071051308555, 50.44634890598697], [127.78073824138754, 50.445269947435285], [127.78158308492247, 50.445278797128566], [127.78159001193333, 50.44500905737318], [127.78201243145922, 50.44501347987813], [127.78203089657127, 50.44429417368656], [127.78174236188003, 50.444560965399965], [127.78131994642472, 50.444556541943236], [127.78132687475377, 50.44428680218055], [127.78090677202371, 50.44419246398986], [127.7809113924275, 50.44401263749919], [127.78048435997988, 50.44418803752335], [127.78035742345908, 50.44364708231661], [127.7809229432314, 50.44356307124674], [127.78079369291511, 50.44311202969516], [127.779671911648, 50.44292039502346], [127.77926570357548, 50.44228657166116], [127.77941806622555, 50.44183848262012], [127.77997431882314, 50.44211412893925], [127.7799905012043, 50.44148473618843], [127.78041288910899, 50.44148916427708], [127.78044755170265, 50.44014046507121], [127.78129230383392, 50.440149316228414], [127.78131077667265, 50.43943000962483], [127.78074299679736, 50.43960393630673], [127.78075685747238, 50.43906445642222], [127.78104305418248, 50.43888758003685], [127.78077533771456, 50.43834514982703], [127.78094153057194, 50.43735757823737], [127.78065996307987, 50.437354627801454], [127.78054459289994, 50.436364105530316], [127.78012918370153, 50.4360899382185], [127.7799999600495, 50.43563889541597], [127.77957993629305, 50.43554455286472], [127.77973920824374, 50.434826722681144], [127.7793261294642, 50.43446263921116], [127.77921310565378, 50.43338220202955], [127.77928941291913, 50.430415060507514], [127.77958943164971, 50.42969870661518], [127.77946947628601, 50.428888009165654], [127.7797579268331, 50.428621221790536], [127.7796310371139, 50.4280802647272], [127.78033712813048, 50.427997731313226], [127.78043630763067, 50.42961764923082], [127.78001171462938, 50.42970313541599], [127.780000160877, 50.43015270259265], [127.78027937533388, 50.43024556776245], [127.78023085731127, 50.43213374966776], [127.77994469877675, 50.43231062452752], [127.78022623627702, 50.432313576481974], [127.78018926631125, 50.433752190783466], [127.7803184869444, 50.43420323349552], [127.78102235894202, 50.43421061004266], [127.78099233865522, 50.43537948415433], [127.7818323907454, 50.43556815757759], [127.78181162048932, 50.436377378196795], [127.78265630607707, 50.43638621897831], [127.78262171086155, 50.43773492016611], [127.78346642086184, 50.43774375523817], [127.78337882862176, 50.4411604644959], [127.78366041897692, 50.441163408512786], [127.78364198061443, 50.44188271552855], [127.78336269136283, 50.44178985807443], [127.78335577521885, 50.442059598157414], [127.78363737090659, 50.442062542267784], [127.78363276115188, 50.442242369001086], [127.78335116439759, 50.44223942487202], [127.78334194261437, 50.44259907828357], [127.7839028360275, 50.442694879303104], [127.78374359846443, 50.44341271449376], [127.7833211929162, 50.44340829837335], [127.78331427613911, 50.443678038376746], [127.78373668408724, 50.44368245453922], [127.7837021106189, 50.44503115456764], [127.78327969067064, 50.445026738194805], [127.78312274138963, 50.44565465883207], [127.78199858213215, 50.4455529594599], [127.78199165731013, 50.445822699230895], [127.78241408414218, 50.44582712032917], [127.78240716161474, 50.446096860129], [127.78156230325585, 50.446088016315144], [127.78154152063794, 50.446897235382345], [127.78069664829997, 50.446888385183215], [127.78067585032825, 50.44769760387809], [127.78025340711665, 50.4476931763523], [127.78023953647227, 50.44823265533154], [127.77939464076455, 50.448223795511645], [127.7793529974838, 50.449842231624515], [127.78019792199932, 50.449851091950826], [127.7801771133341, 50.45066031008139], [127.7793321744137, 50.45065144950184]], [[127.7828572708279, 50.44502232028894], [127.78298654568776, 50.44547335958015], [127.7829980774304, 50.44502379309456], [127.7828572708279, 50.44502232028894]], [[127.78286419053278, 50.44475258039394], [127.78314349612626, 50.444845439115966], [127.78314580214946, 50.4447555258068], [127.78286419053278, 50.44475258039394]], [[127.7832866079754, 50.444756998257716], [127.7834251083232, 50.44484838385682], [127.78342741381307, 50.44475847053831], [127.7832866079754, 50.444756998257716]], [[127.78119992836643, 50.44374584783133], [127.78147922474061, 50.44383871049841], [127.78148153383475, 50.44374879722919], [127.78119992836643, 50.44374584783133]], [[127.7819039421253, 50.443753220048535], [127.7820747482016, 50.442585821103556], [127.7829195443712, 50.44259466075647], [127.78292646312599, 50.442324920742095], [127.7819431813299, 50.4422246940075], [127.78179776635345, 50.442403046590094], [127.78207705606476, 50.44249590779498], [127.78179314957228, 50.44258287319001], [127.7809506639624, 50.442484112090526], [127.78123688080835, 50.44230723547316], [127.7803920902836, 50.4422983836414], [127.78080524446483, 50.44266246339244], [127.78079369291511, 50.44311202969516], [127.7810752945798, 50.44311498004943], [127.78092987357275, 50.44329333147759], [127.7819039421253, 50.443753220048535]], [[127.7815184777439, 50.44231018472119], [127.7816569675897, 50.4424015723872], [127.7816592762293, 50.44231165908972], [127.7815184777439, 50.44231018472119]], [[127.78123919023614, 50.442217322188235], [127.7816662020777, 50.44204191918842], [127.78167312782045, 50.44177217927383], [127.7812507371989, 50.441767755741566], [127.78123919023614, 50.442217322188235]], [[127.78118615173777, 50.438799141572446], [127.78132232181524, 50.43898044294968], [127.78132693979009, 50.43880061626931], [127.78118615173777, 50.438799141572446]], [[127.77974405994365, 50.42916070244798], [127.77988250841528, 50.42925209212924], [127.7798848193382, 50.429162178686795], [127.77974405994365, 50.42916070244798]]]}}, {"id": "4", "type": "Feature", "properties": {"contour_id": "water_pre_0005", "area_ha": 22.9, "pair_id": "baseline_2018_09_low__blagoveshchensk", "layer": "water_pre", "aoi_name": "Благовещенск — слияние Амура и Зеи", "event_name": "Контрольный период межени, сентябрь 2018", "date_peak": "2018-09-15"}, "geometry": {"type": "Polygon", "coordinates": [[[127.76258813835501, 50.21735218966954], [127.76261605112798, 50.216273195724035], [127.76219565774163, 50.21626871749126], [127.76220263803899, 50.21599896901424], [127.76192237741985, 50.215995982709316], [127.76205319958382, 50.216357140560405], [127.76233346233253, 50.21636012656528], [127.76204854544325, 50.21653697285861], [127.76122638323636, 50.21580868173106], [127.7609461238353, 50.21580569307963], [127.76095078199911, 50.215625860833555], [127.76137116953898, 50.21563034352883], [127.76138979540478, 50.21491101437173], [127.7605490330665, 50.214902047687985], [127.76054204371711, 50.215171796047684], [127.7595611493316, 50.21516132712963], [127.7588675096648, 50.214884096073376], [127.75887450838412, 50.21461434787111], [127.75971526513433, 50.21462332663418], [127.75959612265476, 50.213812585695926], [127.75861292317163, 50.21389202507001], [127.75862225635949, 50.2135323607703], [127.7580617648246, 50.21352637042549], [127.75805476179293, 50.21379611859552], [127.75707389653478, 50.2137856288879], [127.75720701223166, 50.2140568759956], [127.75650639053775, 50.21404937905232], [127.75665586287516, 50.21369121475705], [127.7563756163625, 50.21368821517302], [127.75625887024714, 50.21278755511221], [127.75598096724315, 50.21269463860948], [127.75585487730727, 50.21215364210608], [127.75600668637092, 50.211705562510126], [127.75642703868029, 50.21171006283933], [127.75643638757697, 50.21135039870179], [127.75727708619908, 50.211359394684855], [127.75728409301017, 50.21108964648059], [127.7593858295853, 50.21111210961764], [127.75937883461704, 50.211381858035566], [127.76021953472853, 50.21139083273304], [127.76020555394759, 50.21193032969971], [127.76104626395849, 50.21193929848618], [127.76103229222743, 50.21247879557025], [127.76272070891618, 50.212226966533045], [127.76270675592276, 50.212766463931416], [127.76354050950094, 50.21304516349244], [127.76353353747685, 50.213314912243504], [127.76395390512158, 50.21331938544621], [127.76394693536044, 50.21358913422653], [127.76478767570536, 50.21359807615544], [127.76477374534106, 50.2141375738463], [127.76644829038739, 50.214425188793044], [127.76642742215829, 50.215234435699536], [127.76558665253867, 50.215225505425224], [127.76557273038075, 50.21576500312652], [127.76431156252991, 50.21575159605536], [127.76430459418462, 50.21602134475854], [127.76346381140843, 50.216012399022794], [127.76342894440043, 50.21736114191369], [127.76258813835501, 50.21735218966954]], [[127.75956814420883, 50.2148915788695], [127.75970593980237, 50.214982991014786], [127.75970827115309, 50.21489307492186], [127.75956814420883, 50.2148915788695]], [[127.75876004625671, 50.21362377401602], [127.75889783668039, 50.21371518710082], [127.75890016944501, 50.21362527101566], [127.75876004625671, 50.21362377401602]], [[127.75652041407946, 50.213509883039244], [127.75665819985116, 50.21360129874789], [127.7566605368153, 50.21351138273726], [127.75652041407946, 50.213509883039244]], [[127.75666287376761, 50.213421466725144], [127.75680065956298, 50.21351288226634], [127.75680299625208, 50.21342296624948], [127.75666287376761, 50.213421466725144]]]}}, {"id": "5", "type": "Feature", "properties": {"contour_id": "water_pre_0006", "area_ha": 22.9, "pair_id": "baseline_2018_09_low__blagoveshchensk", "layer": "water_pre", "aoi_name": "Благовещенск — слияние Амура и Зеи", "event_name": "Контрольный период межени, сентябрь 2018", "date_peak": "2018-09-15"}, "geometry": {"type": "Polygon", "coordinates": [[[127.4499927563628, 50.303994232720946], [127.44916223281515, 50.30362338734903], [127.44903940996444, 50.30308209747241], [127.44848086613707, 50.302984701455074], [127.44793988269355, 50.302347886022964], [127.44738134979812, 50.30225048480992], [127.44725562287135, 50.30179909592314], [127.44655673475253, 50.3016998156463], [127.44643394600602, 50.301158523161725], [127.44573799937942, 50.30096933531282], [127.44591351967595, 50.29989237925273], [127.44647787950866, 50.299809981731244], [127.44620009379942, 50.29971632669403], [127.44620888164035, 50.299446618397965], [127.44704809285267, 50.299547775849675], [127.4470656587062, 50.29900835901139], [127.446796660713, 50.29864499699038], [127.44582297193772, 50.298362155679584], [127.44569140906866, 50.29809057058194], [127.44526449009616, 50.29826474470029], [127.44542828773166, 50.29754739994457], [127.44460670767602, 50.296906814715], [127.44503361672847, 50.296732642883306], [127.4451886195578, 50.29628500658007], [127.44491671952922, 50.296011543090756], [127.44520327363416, 50.29583549269454], [127.44548396515546, 50.2958392471558], [127.44533775833, 50.296017175580545], [127.44561845093818, 50.29602092972686], [127.44560673075945, 50.296380540897594], [127.44588156642013, 50.29656410001407], [127.44672658227658, 50.296485453734746], [127.44755988986562, 50.29676641276446], [127.44755403696877, 50.2969462184951], [127.4467060860887, 50.29711477354755], [127.44696629212208, 50.297747844270596], [127.44794875291117, 50.297760967381926], [127.44795753025608, 50.29749125877126], [127.44865635999778, 50.29759053015293], [127.44866513328893, 50.297320821443996], [127.44908326077059, 50.29741634338619], [127.44907156613192, 50.297775955060274], [127.45061251507079, 50.297886448397136], [127.45060667344796, 50.29806625435262], [127.45103941153296, 50.297712254412495], [127.45102189142233, 50.298251672385774], [127.44989029936887, 50.29850641226496], [127.44998682225985, 50.29985682799556], [127.4511009256357, 50.300141505341216], [127.45108924507896, 50.30050111718886], [127.45052196325726, 50.300673440023175], [127.4505161207158, 50.300853245884305], [127.45233205956986, 50.301147265151286], [127.45245783309674, 50.30159864902145], [127.45160689631923, 50.301857142079115], [127.45160105762267, 50.302036947995646], [127.4532825155081, 50.30214927693666], [127.45299011876304, 50.30250515301242], [127.453267934297, 50.302598792049366], [127.4499927563628, 50.303994232720946]], [[127.45242573747088, 50.302587581928485], [127.45270355234287, 50.302681222307385], [127.45270646968706, 50.30259131931311], [127.45242573747088, 50.302587581928485]], [[127.44836395770614, 50.297946394800185], [127.44878501427213, 50.29795201496115], [127.44879086273774, 50.297772209157], [127.44837273276121, 50.29767668614516], [127.44836395770614, 50.297946394800185]], [[127.44519448123295, 50.296105201030436], [127.44532896663249, 50.29628688392516], [127.44533482777904, 50.296107078363605], [127.44519448123295, 50.296105201030436]]]}}, {"id": "6", "type": "Feature", "properties": {"contour_id": "water_pre_0007", "area_ha": 19.92, "pair_id": "baseline_2018_09_low__blagoveshchensk", "layer": "water_pre", "aoi_name": "Благовещенск — слияние Амура и Зеи", "event_name": "Контрольный период межени, сентябрь 2018", "date_peak": "2018-09-15"}, "geometry": {"type": "Polygon", "coordinates": [[[127.53289188654954, 50.34815179300793], [127.53221153433466, 50.34742368191906], [127.53250362635544, 50.34706760652347], [127.53109028180383, 50.34731958158321], [127.53094145602553, 50.34758752307671], [127.53023061043457, 50.34784836141246], [127.52939591536085, 50.347567985508995], [127.52927485366854, 50.34693687006512], [127.53013729451433, 50.34631819165334], [127.5298590707874, 50.34622473350885], [127.52987295158447, 50.34577520594533], [127.52945423348105, 50.3456799703193], [127.52933317528309, 50.345048854771974], [127.52892002033549, 50.34477380627127], [127.52765556279925, 50.34475780118053], [127.52766668352702, 50.34439817939715], [127.52794767187139, 50.34440173722663], [127.5276722438062, 50.34421836849641], [127.5276889243051, 50.34367893575796], [127.52812151735142, 50.34332465018861], [127.52772506364317, 50.342510164638185], [127.52803383342335, 50.34161466723661], [127.52720760225996, 50.341064559896374], [127.52694610190282, 50.34043166211572], [127.52666791875237, 50.34033819659753], [127.52750803166461, 50.3404387801745], [127.52850530015391, 50.34000170250914], [127.5299073377888, 50.34010937922852], [127.53018552613521, 50.340202837042895], [127.53043874478622, 50.341105444767535], [127.53155707721388, 50.34129945586483], [127.53154598708319, 50.34165907846835], [127.53126224136854, 50.34174543510799], [127.52999786290489, 50.34172945617586], [127.53026218578434, 50.34227244178414], [127.5301050456293, 50.34281009926309], [127.52982129047228, 50.342896452286894], [127.5298074106047, 50.34334598006371], [127.53049321837118, 50.343894293751816], [127.5304821191863, 50.34425391602259], [127.52991459186175, 50.34442662302842], [127.529909040008, 50.344606434103625], [127.53059486680567, 50.345154747244834], [127.53101913049098, 50.3450701676068], [127.531151305909, 50.345341659304374], [127.53171052205138, 50.345438663137976], [127.53257290407505, 50.344819965993175], [127.53454814701622, 50.34457505655277], [127.53482637061369, 50.34466850349826], [127.53481530384612, 50.345028126418356], [127.53396125194605, 50.34537712333956], [127.53394740993733, 50.34582665175699], [127.53450663773764, 50.34592364223275], [127.53477103452857, 50.34646661785738], [127.53547630385519, 50.34638556277514], [127.53548736616378, 50.34602593983323], [127.53604936408624, 50.34603301718599], [127.53577389510664, 50.345849667346535], [127.53620644869119, 50.345495351473396], [127.53633036313168, 50.3460365548442], [127.53576283503106, 50.34620929034542], [127.53561127366676, 50.34656714386348], [127.53490046841249, 50.34682801114855], [127.5343412291853, 50.34673102248258], [127.53460286102735, 50.34736390411549], [127.534040847761, 50.34735681963779], [127.53390588180304, 50.347175236782974], [127.53418965543007, 50.34708887400906], [127.53377368574098, 50.346903748119644], [127.53320890817591, 50.34698656531431], [127.533335561751, 50.3474378658532], [127.53361379951865, 50.34753131578028], [127.53359718386078, 50.348070749591955], [127.53289188654954, 50.34815179300793]], [[127.53080650133077, 50.34740593672821], [127.5313740612587, 50.34723322573538], [127.53138792825061, 50.346783697945014], [127.53096364985657, 50.34686827877747], [127.53109582973138, 50.347139770497144], [127.53080650133077, 50.34740593672821]], [[127.533057325086, 50.347344415268296], [127.53319505827476, 50.347436093455386], [127.53319782828311, 50.34734618783019], [127.533057325086, 50.347344415268296]], [[127.53377922345413, 50.34672393680466], [127.5339141876829, 50.34690551980493], [127.53406022629161, 50.346727479983024], [127.53377922345413, 50.34672393680466]], [[127.53310995760978, 50.34563620820974], [127.5333881844685, 50.34572965860959], [127.5333909539446, 50.34563975295009], [127.53310995760978, 50.34563620820974]], [[127.52957640367056, 50.341724126811144], [127.52986570368127, 50.34145796314756], [127.52916605277106, 50.34135917370507], [127.52916049869525, 50.34153898481526], [127.52957640367056, 50.341724126811144]]]}}, {"id": "7", "type": "Feature", "properties": {"contour_id": "water_pre_0008", "area_ha": 15.09, "pair_id": "baseline_2018_09_low__blagoveshchensk", "layer": "water_pre", "aoi_name": "Благовещенск — слияние Амура и Зеи", "event_name": "Контрольный период межени, сентябрь 2018", "date_peak": "2018-09-15"}, "geometry": {"type": "Polygon", "coordinates": [[[127.5492706556246, 50.16559563059295], [127.54857080241491, 50.16558688600518], [127.54857897247621, 50.16531715879532], [127.54829903286321, 50.16531365981315], [127.54844989693454, 50.164955773109796], [127.54789274660034, 50.16485886483395], [127.54776640218832, 50.16440756936057], [127.54734650090963, 50.16440231776569], [127.5473519519956, 50.16422249968794], [127.54820264723766, 50.16387336498686], [127.5480735782021, 50.163511978854274], [127.54710473058267, 50.163140089343784], [127.54768910717024, 50.162337910484], [127.54742008591533, 50.16197477320709], [127.54784813907189, 50.161710297061646], [127.54673119202113, 50.16160638171257], [127.54660759312976, 50.161065175840754], [127.54745551214715, 50.16080595506466], [127.54800444263486, 50.161172592433765], [127.54856427347391, 50.161179590726704], [127.5492939996476, 50.16019933390733], [127.5491676533651, 50.15974803959821], [127.55142049995027, 50.15932644721407], [127.5515957744253, 50.15815937205884], [127.55132131122922, 50.15797606211875], [127.55216643459765, 50.15780671542533], [127.55245719216599, 50.15745056732716], [127.55161750986392, 50.157440097582146], [127.55160935917755, 50.15770982552221], [127.55132674616556, 50.1577962435247], [127.55106315775797, 50.15725329579072], [127.55233896914866, 50.15672954799674], [127.5522180338495, 50.15609843785085], [127.55391362698407, 50.155579905599005], [127.55390006486272, 50.15602945275865], [127.55362560476412, 50.155846148228896], [127.55332943870232, 50.15638211831158], [127.55331044342783, 50.15701148407495], [127.5538620890974, 50.15728818460526], [127.55357676933811, 50.15746451754711], [127.55369229952599, 50.15827544509179], [127.55340968680625, 50.15836186815911], [127.55424667388206, 50.15846223449166], [127.55425752194141, 50.15810259686341], [127.55453742018112, 50.15810608112424], [127.55452928573101, 50.158375809380814], [127.55395592322141, 50.15881838707231], [127.55408773726515, 50.15908985783907], [127.55352250253648, 50.1592627051059], [127.55365431528385, 50.15953417633371], [127.5526664975436, 50.159791698740406], [127.55208766827957, 50.16041408541125], [127.55153328013775, 50.160227285642065], [127.5515224108235, 50.16058692270559], [127.55082806735325, 50.160398373840586], [127.55081991137065, 50.16066810154844], [127.55011740962466, 50.16074927611964], [127.55024648712013, 50.16111066021728], [127.54966488943644, 50.16182294344561], [127.54979668697484, 50.162094418806625], [127.55021384853322, 50.162189570556876], [127.54979396622981, 50.16218432797668], [127.54978036229821, 50.16263387380439], [127.54949771685547, 50.162720287002465], [127.54922867972118, 50.16235715380062], [127.54866611207906, 50.162440067712566], [127.5485016417136, 50.16324750045635], [127.54919329478177, 50.163525972546985], [127.5490451632881, 50.163793951275714], [127.54988223519742, 50.163894349722064], [127.5498767936676, 50.16407416801147], [127.54958869718136, 50.16434039960912], [127.54832899446615, 50.164324660049544], [127.54817540755107, 50.16477245570851], [127.55027493216907, 50.16479868366504], [127.54984142238126, 50.16524298674565], [127.54942423513565, 50.16514783348104], [127.54941879164588, 50.16532765169501], [127.54913885186754, 50.16532415473625], [127.5492706556246, 50.16559563059295]], [[127.54891064301457, 50.163612384248154], [127.54904788559288, 50.16370404216049], [127.54905060788386, 50.16361413304376], [127.54891064301457, 50.163612384248154]], [[127.54799627054008, 50.16144231976848], [127.54813350521941, 50.161533978725366], [127.54813622901621, 50.16144406961125], [127.54799627054008, 50.16144231976848]]]}}, {"id": "8", "type": "Feature", "properties": {"contour_id": "water_pre_0009", "area_ha": 13.95, "pair_id": "baseline_2018_09_low__blagoveshchensk", "layer": "water_pre", "aoi_name": "Благовещенск — слияние Амура и Зеи", "event_name": "Контрольный период межени, сентябрь 2018", "date_peak": "2018-09-15"}, "geometry": {"type": "Polygon", "coordinates": [[[127.61798439789868, 50.19602470274184], [127.61785212272059, 50.1957533023695], [127.61645669120502, 50.19555680568245], [127.61563711997066, 50.19482750340016], [127.61356226069718, 50.19390333454806], [127.6132977734015, 50.19336052390185], [127.61260010084924, 50.1932622506137], [127.61260791822377, 50.19299251721827], [127.61163796676018, 50.19262115885453], [127.61151877547141, 50.191900195948335], [127.61221642587837, 50.191998475570514], [127.61278444865151, 50.19173543386871], [127.61279226456472, 50.191465700380974], [127.61250955850477, 50.191552266049435], [127.61210244034517, 50.19109769083733], [127.61111948915381, 50.19117588403347], [127.61152399087702, 50.19172037372615], [127.61082895500093, 50.1915321788976], [127.61054363556954, 50.191708650829796], [127.6103827061039, 50.19242626396815], [127.61010260052757, 50.192422912627535], [127.61002781078832, 50.19017346018092], [127.61060626046898, 50.18955078458799], [127.61088374061137, 50.18964404569728], [127.61075674057248, 50.18919281518762], [127.6110446523861, 50.18892643138895], [127.61146478025977, 50.188931454487374], [127.61159700101032, 50.189202861986345], [127.61128561904815, 50.190278447347765], [127.61310883019382, 50.19021028858805], [127.61324106368824, 50.19048169426395], [127.61394130026994, 50.19049005219944], [127.61322283290744, 50.19111107260768], [127.61448587762027, 50.191036202952134], [127.61503046732217, 50.191582351204524], [127.61572812074394, 50.19168060976053], [127.61571772147177, 50.19204025484076], [127.61600302408603, 50.19186377006675], [127.61641278449163, 50.19222842061954], [127.61683294229049, 50.19223342454261], [127.61668249744899, 50.192591401929434], [127.61694701920675, 50.19313420522116], [127.61722453263722, 50.19322745140056], [127.61720894965539, 50.1937669192082], [127.6170740874404, 50.19358542923319], [127.61609109235842, 50.19366366411421], [127.6158005794874, 50.19401997144669], [127.61676799397887, 50.19448120673415], [127.61675240516067, 50.19502067432086], [127.61759536659626, 50.19494076730027], [127.61745011229607, 50.195118922921715], [127.61787029564456, 50.195123923300976], [127.61841496984984, 50.19567005601427], [127.61883515820618, 50.195675052943585], [127.61798439789868, 50.19602470274184]], [[127.61646708622189, 50.19519716070887], [127.6166045490241, 50.195288740108666], [127.6166071474957, 50.19519882885773], [127.61646708622189, 50.19519716070887]], [[127.61565792156927, 50.19410821358712], [127.6157953797188, 50.194199793922515], [127.6157979796097, 50.19410988268534], [127.61565792156927, 50.19410821358712]], [[127.61412509305029, 50.193820108835816], [127.61425994465846, 50.19400160214032], [127.61426515015727, 50.19382177977497], [127.61412509305029, 50.193820108835816]], [[127.61330558687294, 50.19309079043139], [127.61358569673625, 50.19309413408174], [127.61373095902567, 50.192915983300786], [127.61303589694239, 50.19272780150003], [127.61330558687294, 50.19309079043139]], [[127.61429117686052, 50.19292266785836], [127.61485399645267, 50.192839438494104], [127.6147295527636, 50.192298300962214], [127.61403709855888, 50.192020213956724], [127.61319418323212, 50.192100095570986], [127.61346387092995, 50.19246308415371], [127.61318116012494, 50.192549651403475], [127.61429117686052, 50.19292266785836]], [[127.61418495854298, 50.1917521513255], [127.6143224071649, 50.19184373336072], [127.61432500960464, 50.19175382214284], [127.61418495854298, 50.1917521513255]], [[127.6101260938043, 50.19161371313929], [127.61026353417202, 50.19170529991174], [127.6102661442204, 50.19161538884618], [127.6101260938043, 50.19161371313929]], [[127.61322022845745, 50.191200983793664], [127.61348991142621, 50.1915639723303], [127.61350032725554, 50.19120432755899], [127.61322022845745, 50.191200983793664]], [[127.61351855444927, 50.19057494915154], [127.61365599844596, 50.190666531954804], [127.61365860202844, 50.19057662074395], [127.61351855444927, 50.19057494915154]], [[127.61170315160452, 50.19037338081348], [127.61183798452825, 50.1905548768778], [127.61184319848654, 50.190375054589424], [127.61170315160452, 50.19037338081348]], [[127.61045055898276, 50.19008857595031], [127.61072804191019, 50.19018183744657], [127.61073065094557, 50.19009192633962], [127.61045055898276, 50.19008857595031]]]}}, {"id": "9", "type": "Feature", "properties": {"contour_id": "water_pre_0010", "area_ha": 11.52, "pair_id": "baseline_2018_09_low__blagoveshchensk", "layer": "water_pre", "aoi_name": "Благовещенск — слияние Амура и Зеи", "event_name": "Контрольный период межени, сентябрь 2018", "date_peak": "2018-09-15"}, "geometry": {"type": "Polygon", "coordinates": [[[127.70311032934188, 50.440923030543615], [127.70313244481005, 50.440113834986484], [127.70397717141698, 50.440123247372604], [127.70398453821652, 50.439853515403854], [127.70440689928944, 50.439858219253146], [127.70441426357745, 50.43958848722623], [127.70525898126208, 50.439597890237394], [127.70527369990488, 50.43905842596437], [127.70611840844234, 50.43906782266607], [127.70612576279736, 50.438798090420015], [127.70739281924787, 50.43881217384404], [127.70740751322755, 50.43827270904359], [127.70910424143159, 50.438021732530075], [127.70911157854573, 50.43775199991779], [127.70953636665259, 50.43766677412994], [127.70954859086726, 50.43721721966469], [127.71039326806081, 50.43722658509019], [127.71041525647159, 50.43641738669168], [127.71125991971996, 50.43642674571977], [127.71126724416929, 50.43615701280443], [127.71168957356241, 50.43616168997525], [127.71170421732864, 50.435622224015404], [127.71254886685547, 50.43563157358164], [127.71257081727597, 50.43482237427462], [127.71383777081644, 50.434836386730474], [127.71385969864669, 50.43402718690293], [127.71470432050731, 50.434036520611606], [127.71471892890997, 50.43349705381539], [127.71556354162293, 50.43350638121709], [127.71569701190218, 50.43377766869658], [127.71611932086111, 50.43378232963261], [127.71597125413379, 50.43405050968222], [127.71554650963543, 50.43413575934814], [127.71552704376455, 50.43485504855183], [127.71482074519747, 50.434937186891645], [127.71466779755073, 50.43538518736868], [127.71396148968668, 50.4354673204139], [127.71380853214846, 50.43591531964705], [127.71338376716014, 50.4360005612348], [127.71337889225148, 50.4361803833342], [127.71309490100666, 50.436267180514655], [127.71267257044182, 50.43626250843712], [127.71266281509574, 50.43662215251327], [127.71166516629252, 50.43706079978966], [127.71180106437711, 50.43724218051054], [127.71123306244985, 50.43741576629518], [127.71122329579734, 50.43777541009629], [127.71051938973618, 50.43776761096046], [127.71079606712338, 50.437950552987566], [127.70993426782607, 50.43857056665124], [127.70937113380396, 50.438564321374585], [127.70907733772205, 50.439010751994175], [127.70794371577757, 50.439267982775085], [127.70779313700929, 50.43962606248821], [127.70679538029933, 50.44006466696254], [127.70650400141709, 50.44042117997167], [127.70608163498446, 50.440416483696026], [127.7060767316448, 50.440596305141455], [127.70566662597919, 50.440142053753185], [127.70581477034368, 50.439873887681856], [127.70525162177228, 50.439867622353866], [127.70524426217018, 50.44013735445699], [127.70439953488906, 50.4401279512667], [127.70438480575125, 50.44066741525375], [127.70396243748078, 50.44066271127003], [127.70395507034411, 50.440932443198705], [127.70311032934188, 50.440923030543615]], [[127.70737322657756, 50.43953146016159], [127.70751156394914, 50.43962293496276], [127.7075140128224, 50.43953302417478], [127.70737322657756, 50.43953146016159]], [[127.70695576775951, 50.43934694555959], [127.70709410378578, 50.43943842084976], [127.70709655343383, 50.43934851007372], [127.70695576775951, 50.43934694555959]], [[127.7125342326837, 50.436171039719596], [127.71267257044182, 50.43626250843712], [127.71267500924733, 50.43617259741437], [127.7125342326837, 50.436171039719596]]]}}, {"id": "10", "type": "Feature", "properties": {"contour_id": "water_pre_0011", "area_ha": 10.63, "pair_id": "baseline_2018_09_low__blagoveshchensk", "layer": "water_pre", "aoi_name": "Благовещенск — слияние Амура и Зеи", "event_name": "Контрольный период межени, сентябрь 2018", "date_peak": "2018-09-15"}, "geometry": {"type": "Polygon", "coordinates": [[[127.76807820824651, 50.35780664304683], [127.76782039142165, 50.356904523339615], [127.76697945108685, 50.35680567088251], [127.76699342708896, 50.35626618605517], [127.766435915644, 50.35608039565888], [127.76656946786579, 50.356351628827355], [127.766007294806, 50.35634566462425], [127.76574252994367, 50.35571328277994], [127.76576118248649, 50.35499396986395], [127.76604459196942, 50.3549070387117], [127.76605624671154, 50.35445746803651], [127.76521768590574, 50.35426868901076], [127.76522701575907, 50.35390903254585], [127.76481707382236, 50.35345498439455], [127.76485207013435, 50.3521062725431], [127.76543284801129, 50.35139292869374], [127.76515645557706, 50.35121011608178], [127.76532963164009, 50.349952809872484], [127.76505091543787, 50.349859911211624], [127.76506024509214, 50.34950025449518], [127.76383522820632, 50.34795827553718], [127.76300847108135, 50.3473199104767], [127.76304584690324, 50.3458812839451], [127.76262664704463, 50.34578688478838], [127.76264767666324, 50.34497765731301], [127.76223082289212, 50.34479334261192], [127.76237834302248, 50.34452509573521], [127.7619591564224, 50.344430694247606], [127.76210667691691, 50.34416244770212], [127.76182566278611, 50.34415945567582], [127.76183033887253, 50.34397962736207], [127.76071564758182, 50.34360799605058], [127.76100367701162, 50.343341248321565], [127.76184670480109, 50.34335022821747], [127.76183267689792, 50.34388971320299], [127.76267571466, 50.34389868715974], [127.76266870532096, 50.34416842971799], [127.76238535409482, 50.34425535322315], [127.76266403236893, 50.34434825808278], [127.76265702285194, 50.34461800061888], [127.76349773883021, 50.34471688289736], [127.7634697186447, 50.34579585323263], [127.76318869473057, 50.34579286443016], [127.76329884610678, 50.34696324314451], [127.76370871867394, 50.34741729663097], [127.76427078583313, 50.347423271182414], [127.76425211578386, 50.34814258463598], [127.76509289739002, 50.34824145580157], [127.76494304807245, 50.34859962017439], [127.76521476061747, 50.34896226165173], [127.76591503705755, 50.34905963470151], [127.76588240554774, 50.35031843360674], [127.76615413486458, 50.35068107290766], [127.7659972932436, 50.35130898106643], [127.76639790816836, 50.352122681926865], [127.76610985471446, 50.35238944245523], [127.76638858775138, 50.35248233866136], [127.7665058203961, 50.35338297120403], [127.76745463914712, 50.35474211500833], [127.76714794413795, 50.355728191258464], [127.7674266986816, 50.35582108508124], [127.76727684199176, 50.35617925195715], [127.76755559941863, 50.35627214548493], [127.76768450252531, 50.356723205729196], [127.76837093767938, 50.357360049704226], [127.76807820824651, 50.35780664304683]], [[127.76726519806545, 50.35662882270494], [127.76754628637667, 50.356631802118045], [127.7675486146549, 50.356541887961974], [127.76726985567146, 50.35644899441026], [127.76726519806545, 50.35662882270494]], [[127.76649417034358, 50.35383254203878], [127.7666323764166, 50.35392394686964], [127.7666347061973, 50.35383403270239], [127.76649417034358, 50.35383254203878]], [[127.76610286272128, 50.35265918496664], [127.76624106466791, 50.352750590250345], [127.76624339509068, 50.3526606760781], [127.76610286272128, 50.35265918496664]], [[127.7661168466011, 50.352119699930526], [127.76625504702703, 50.352211105194684], [127.76625737737882, 50.35212119101357], [127.7661168466011, 50.352119699930526]]]}}, {"id": "11", "type": "Feature", "properties": {"contour_id": "water_pre_0012", "area_ha": 9.63, "pair_id": "baseline_2018_09_low__blagoveshchensk", "layer": "water_pre", "aoi_name": "Благовещенск — слияние Амура и Зеи", "event_name": "Контрольный период межени, сентябрь 2018", "date_peak": "2018-09-15"}, "geometry": {"type": "Polygon", "coordinates": [[[127.70393112997017, 50.14727754647475], [127.70365613915764, 50.14709459231709], [127.70424013945866, 50.14620168686702], [127.70397244399838, 50.14574898776013], [127.70064112391307, 50.14472239381007], [127.7009258327138, 50.14454569443088], [127.70079565849518, 50.144184468516855], [127.69996346879078, 50.143905327615236], [127.70010825944048, 50.14372706370069], [127.69928583657178, 50.14308825753374], [127.69943062719992, 50.14290999444], [127.69888073187626, 50.142544064559864], [127.69875545745649, 50.14200300619009], [127.69738077357681, 50.14108816885927], [127.69670811108719, 50.14009125385729], [127.6972677308213, 50.14009753351857], [127.69782002720324, 50.14037355577739], [127.69767523846296, 50.14055181695217], [127.69837477014633, 50.14055966033437], [127.69920201539225, 50.1410186425255], [127.69932241551554, 50.141739530781535], [127.69973970743173, 50.141834146586085], [127.69959004521144, 50.14219224039589], [127.70013506791916, 50.14273799723519], [127.70139184907424, 50.14284200124978], [127.70137724053436, 50.143381492330406], [127.70263890634384, 50.14330565260126], [127.70248682816217, 50.14375366540211], [127.70206464694377, 50.14383888971689], [127.70233718012679, 50.14411176275003], [127.70373391978198, 50.14421730518995], [127.70525359028754, 50.14495379805164], [127.70537651775815, 50.14558476505617], [127.7049397553642, 50.146209491342134], [127.70451512746911, 50.14638463964671], [127.70477797407386, 50.14701716800455], [127.70393112997017, 50.14727754647475]], [[127.7039748741247, 50.14565907252824], [127.7041123658194, 50.145750549304545], [127.70411479568351, 50.14566063406771], [127.7039748741247, 50.14565907252824]], [[127.6991825056603, 50.14173796355704], [127.69931997700566, 50.14182944590875], [127.69932241551554, 50.141739530781535], [127.6991825056603, 50.14173796355704]], [[127.69752800685563, 50.14081999301157], [127.69766547240974, 50.14091147729088], [127.69766791394159, 50.14082156220844], [127.69752800685563, 50.14081999301157]], [[127.69725551960114, 50.14054710890083], [127.69739298385707, 50.14063859349673], [127.69739542587607, 50.14054867841976], [127.69725551960114, 50.14054710890083]]]}}, {"id": "12", "type": "Feature", "properties": {"contour_id": "water_pre_0013", "area_ha": 9.61, "pair_id": "baseline_2018_09_low__blagoveshchensk", "layer": "water_pre", "aoi_name": "Благовещенск — слияние Амура и Зеи", "event_name": "Контрольный период межени, сентябрь 2018", "date_peak": "2018-09-15"}, "geometry": {"type": "Polygon", "coordinates": [[[127.80012167231207, 50.263345649240236], [127.8001352277157, 50.26280614906025], [127.79887732507389, 50.26261327499578], [127.79888410967901, 50.26234352500115], [127.79930491420633, 50.26234787336946], [127.79931395701864, 50.26198820663417], [127.79763754368884, 50.26170105434121], [127.79765112636052, 50.26116155449873], [127.79638874520838, 50.26114848708464], [127.79639554351536, 50.26087873726786], [127.79597475238006, 50.260874378458375], [127.79596795169776, 50.26114412823368], [127.79554715829055, 50.261139767859596], [127.79553808738602, 50.26149943415074], [127.7952575563939, 50.26149652635161], [127.7940065206169, 50.261033850264326], [127.79429385891181, 50.2607670114499], [127.79555396134822, 50.26087001812577], [127.79556756715317, 50.26033051861834], [127.79472599490106, 50.26032179354982], [127.79473960979304, 50.259782294155364], [127.79558117254425, 50.25979101905784], [127.79558797508463, 50.25952126925772], [127.79600875424025, 50.25952562938288], [127.79601555430204, 50.259255879528006], [127.7971421553169, 50.259087665654235], [127.79713762622225, 50.259267498971894], [127.79769866245793, 50.25927330463243], [127.79783213177602, 50.25954450565897], [127.79853343134472, 50.259551758149925], [127.79866012094485, 50.26009270833522], [127.79936142877489, 50.26009995588725], [127.79934786593167, 50.260639456166935], [127.80018944520694, 50.26064814781015], [127.80016911442078, 50.26145739837835], [127.80101070836058, 50.261466084177044], [127.80100393597662, 50.26173583442257], [127.80142473547647, 50.261740175078494], [127.80141796536498, 50.262009925352075], [127.80099716348963, 50.26200558465485], [127.8009632995096, 50.26335433561746], [127.80012167231207, 50.263345649240236]], [[127.79916238502344, 50.262436340758136], [127.7993003927314, 50.26252770672826], [127.7993026534746, 50.26243779004959], [127.79916238502344, 50.262436340758136]], [[127.79457211600966, 50.26085983809313], [127.794710110337, 50.260951209442965], [127.79471237959494, 50.260861292891214], [127.79457211600966, 50.26085983809313]]]}}, {"id": "13", "type": "Feature", "properties": {"contour_id": "water_pre_0014", "area_ha": 8.96, "pair_id": "baseline_2018_09_low__blagoveshchensk", "layer": "water_pre", "aoi_name": "Благовещенск — слияние Амура и Зеи", "event_name": "Контрольный период межени, сентябрь 2018", "date_peak": "2018-09-15"}, "geometry": {"type": "Polygon", "coordinates": [[[127.54320601772397, 50.17163584418022], [127.5422315741565, 50.171443730908905], [127.54238523916918, 50.17099594428536], [127.54182803173444, 50.17089900650341], [127.54183350478347, 50.170719189068365], [127.54323062338165, 50.17082666528246], [127.54323609115337, 50.17064684773303], [127.54267888595581, 50.17054991404832], [127.5428270745753, 50.170281944238354], [127.5425498417963, 50.17018852238811], [127.5429779958024, 50.169924065436355], [127.5429944012709, 50.16938461274627], [127.54272537739337, 50.16902146498748], [127.54370797249341, 50.168943847322126], [127.54471241190676, 50.16814695036974], [127.54584042133015, 50.16789125063538], [127.54599131222203, 50.16753336751188], [127.5464112406815, 50.167538624242376], [127.54671846326026, 50.1666430381868], [127.54713838405387, 50.16664829222132], [127.54728653532223, 50.16638031622306], [127.54784097716424, 50.166567136550334], [127.54783280258769, 50.16683686361371], [127.54727290584847, 50.16682986122525], [127.54740470295006, 50.16710133907517], [127.54712475306106, 50.16709783717314], [127.54710566909162, 50.167727200042364], [127.54654576213106, 50.1677201940593], [127.54666937590031, 50.1682613995372], [127.54695751249243, 50.167995175704235], [127.54751197157287, 50.168181997703606], [127.54735836391725, 50.16862979181811], [127.54763832278442, 50.168633293234286], [127.54775922581322, 50.16926440657345], [127.54733928198019, 50.16925915458562], [127.54718839541268, 50.16961703939752], [127.54747108585147, 50.16953063231128], [127.54760289118718, 50.16980210988801], [127.54732019936704, 50.169888517279276], [127.54760016558315, 50.16989201885082], [127.54759471433366, 50.17007183677191], [127.54689206931442, 50.170152990453246], [127.54705113973904, 50.16952537926165], [127.54607399439574, 50.16942320733559], [127.54591764034717, 50.16996090819752], [127.54563767393745, 50.16995740256737], [127.54548677239556, 50.17031528499632], [127.54491864353446, 50.170577997489], [127.54490498981954, 50.17102754169252], [127.5432224216203, 50.17109639159529], [127.54308790363869, 50.17091481805868], [127.54294244891149, 50.17109287941193], [127.5434996609613, 50.171189811883096], [127.54349419407349, 50.17136962943668], [127.54320601772397, 50.17163584418022]], [[127.54608490800153, 50.169063571689406], [127.54622216049799, 50.16915523294668], [127.54622488861628, 50.169065324027315], [127.54608490800153, 50.169063571689406]], [[127.54566496624015, 50.16905831366382], [127.54637032491503, 50.16888725834225], [127.54638123608981, 50.16852762261545], [127.54553863262629, 50.1686070161708], [127.54566496624015, 50.16905831366382]], [[127.5468557101485, 50.16673469868254], [127.54699023110064, 50.166916268004066], [127.54699568400882, 50.16673645003293], [127.5468557101485, 50.16673469868254]], [[127.5471356578829, 50.166738201214685], [127.54727290584847, 50.16682986122525], [127.5472756317708, 50.16673995222783], [127.5471356578829, 50.166738201214685]]]}}, {"id": "14", "type": "Feature", "properties": {"contour_id": "water_pre_0015", "area_ha": 7.08, "pair_id": "baseline_2018_09_low__blagoveshchensk", "layer": "water_pre", "aoi_name": "Благовещенск — слияние Амура и Зеи", "event_name": "Контрольный период межени, сентябрь 2018", "date_peak": "2018-09-15"}, "geometry": {"type": "Polygon", "coordinates": [[[127.53712340313997, 50.17362807768999], [127.5364261833276, 50.17352935043835], [127.53685714700524, 50.17317500828997], [127.5354764678998, 50.172528004376375], [127.53562470296717, 50.172260044254045], [127.53618466025425, 50.17226710333869], [127.53619290197193, 50.17199737792607], [127.53521298237806, 50.171985022874495], [127.53505924715465, 50.17243279931556], [127.53421655785546, 50.17251210990043], [127.53226220930446, 50.17230754138851], [127.53240770722878, 50.17212949383118], [127.53212772983434, 50.172125955529935], [127.53213323952367, 50.171946138911466], [127.53366760619375, 50.172145407838364], [127.53451304022838, 50.171976192778], [127.53467227903025, 50.17134860021646], [127.53537770942641, 50.17117761237049], [127.5353694633594, 50.17144733772318], [127.5357921720485, 50.17136272468438], [127.53552044394829, 50.1710894692053], [127.53693677767144, 50.17056766169251], [127.5369450146595, 50.170297936109996], [127.53751043850433, 50.17012517152395], [127.53737594496174, 50.16994359155565], [127.53848757833596, 50.17022741545851], [127.53849854918795, 50.169867781075524], [127.53892398047279, 50.169693247836314], [127.53961840951064, 50.16988186835553], [127.54004931644204, 50.169527513650266], [127.541726359891, 50.16963852672662], [127.54172088664943, 50.16981834418674], [127.54144092159457, 50.16981482844905], [127.54142176113818, 50.17044418943392], [127.54085908553216, 50.170527064462576], [127.54028545038696, 50.17096957137162], [127.54017012133563, 50.170158633938485], [127.53989015448596, 50.170155114446025], [127.53989837473006, 50.16988538848911], [127.53905573759599, 50.169964734685024], [127.539327479794, 50.170237982064336], [127.53890478704224, 50.170322608129055], [127.53889930308004, 50.170502425341965], [127.53834210877396, 50.17040547093854], [127.53875109188839, 50.17077038993125], [127.5376202335273, 50.17111592829818], [127.53718380365956, 50.17165009065234], [127.53647562581035, 50.17191099793782], [127.53646738570939, 50.172180723388536], [127.53701910520407, 50.17245750390727], [127.53714536774348, 50.1729088097608], [127.53813079441164, 50.1727413315996], [127.5386770447535, 50.173197921441975], [127.537834347399, 50.173277258202816], [127.53740338993688, 50.173631604026816], [127.53713163997051, 50.17335835222786], [127.53712340313997, 50.17362807768999]], [[127.53408757276615, 50.17215070947161], [127.53436479988511, 50.17224415144713], [127.53436755055073, 50.17215424305051], [127.53408757276615, 50.17215070947161]], [[127.53437030120243, 50.172064334652376], [127.534647528391, 50.17215777595478], [127.5346502785177, 50.172067867545444], [127.53437030120243, 50.172064334652376]], [[127.53465577872936, 50.17188805072225], [127.5347930170465, 50.17197972532256], [127.53479576688288, 50.17188981690461], [127.53465577872936, 50.17188805072225]], [[127.5357866762037, 50.17154254161521], [127.53592391573777, 50.1716342148947], [127.53592666341855, 50.17154430642595], [127.5357866762037, 50.17154254161521]], [[127.53691206595687, 50.17137683835858], [127.53704656163798, 50.1715584188404], [127.53705205275797, 50.17137860180892], [127.53691206595687, 50.17137683835858]], [[127.5360693980517, 50.17145616259219], [127.53634937202597, 50.17145969135923], [127.53635211889149, 50.17136978287069], [127.53607489281875, 50.17127634563597], [127.5360693980517, 50.17145616259219]]]}}, {"id": "15", "type": "Feature", "properties": {"contour_id": "water_pre_0016", "area_ha": 7.07, "pair_id": "baseline_2018_09_low__blagoveshchensk", "layer": "water_pre", "aoi_name": "Благовещенск — слияние Амура и Зеи", "event_name": "Контрольный период межени, сентябрь 2018", "date_peak": "2018-09-15"}, "geometry": {"type": "Polygon", "coordinates": [[[127.41229691489788, 50.132682995960295], [127.41230584144485, 50.132413284251285], [127.4117523346906, 50.13222582466223], [127.41175828768124, 50.13204601689095], [127.41078221923941, 50.131942716040314], [127.410791154066, 50.1316730044947], [127.41009779974353, 50.13148362263088], [127.41177316989439, 50.131596497436014], [127.41192493691868, 50.13123879497431], [127.4124843831681, 50.13124644580949], [127.4126361437428, 50.13088874233595], [127.41236237309697, 50.13070510977476], [127.4126420931399, 50.13070893444608], [127.41293965793133, 50.13017333466494], [127.4118267427457, 50.12997822708179], [127.41195767292045, 50.13024985190498], [127.41082093584221, 50.13077396590993], [127.4108120014675, 50.13104367750142], [127.40997283640986, 50.13103218818736], [127.40928545659948, 50.13066299393706], [127.4094372389835, 50.130305294821234], [127.40985979483206, 50.13022113827886], [127.40958603871618, 50.1300374992885], [127.41098759590676, 50.12996674527646], [127.4121272873833, 50.129352725424624], [127.41240104951854, 50.12953635849916], [127.41366867745089, 50.12928385147436], [127.41434715792634, 50.12992273209592], [127.41433527218088, 50.130282348215204], [127.41391569552502, 50.130276617108215], [127.413621113764, 50.1307223154917], [127.41404663835743, 50.13054823968268], [127.41431447154768, 50.13091167636511], [127.41375800131692, 50.130814130390256], [127.41374908343752, 50.13108384236353], [127.41444541829883, 50.1311832984992], [127.41442461844646, 50.1318126265845], [127.41554649527723, 50.13173799754743], [127.41582028408875, 50.131921622740826], [127.41567448204314, 50.132099522400004], [127.4159542106627, 50.132103339170335], [127.41580247067859, 50.13246104710812], [127.41524003936831, 50.13254331615525], [127.41357651931185, 50.13207087515259], [127.41386516507063, 50.131804985033675], [127.41344854848208, 50.131709348137235], [127.41343962858058, 50.131979060028335], [127.41274328443097, 50.131879597782735], [127.41272841115668, 50.132329117426856], [127.41229691489788, 50.132682995960295]], [[127.41427583984658, 50.13208042844485], [127.41455259691485, 50.13217415259055], [127.41455556816567, 50.13208424858301], [127.41427583984658, 50.13208042844485]], [[127.41483826725701, 50.131998164026456], [127.41497516075705, 50.13208997752733], [127.41497813120732, 50.13200007350011], [127.41483826725701, 50.131998164026456]], [[127.41347233422444, 50.130990116360415], [127.41360624932251, 50.13117183541688], [127.41361219514422, 50.130992027451384], [127.41347233422444, 50.130990116360415]], [[127.41027937017863, 50.13022688403491], [127.41055908715167, 50.13023071369706], [127.41056504419267, 50.130050905967664], [127.41028532826692, 50.130047076329795], [127.41027937017863, 50.13022688403491]]]}}, {"id": "16", "type": "Feature", "properties": {"contour_id": "water_pre_0017", "area_ha": 6.9, "pair_id": "baseline_2018_09_low__blagoveshchensk", "layer": "water_pre", "aoi_name": "Благовещенск — слияние Амура и Зеи", "event_name": "Контрольный период межени, сентябрь 2018", "date_peak": "2018-09-15"}, "geometry": {"type": "Polygon", "coordinates": [[[127.51064766168038, 50.164836900787655], [127.50686298077439, 50.164968188672376], [127.50687138537162, 50.16469846648571], [127.50645709382812, 50.164513252272734], [127.50674262696752, 50.16433703725753], [127.50617996699495, 50.164419744447116], [127.50618557252751, 50.16423992969639], [127.50493992241003, 50.16377418282173], [127.5049455324665, 50.16359436815256], [127.50355152797503, 50.163396526609574], [127.50370271863393, 50.163038700892095], [127.50398263934814, 50.16304230723151], [127.50401070629108, 50.16214323410387], [127.50429062181526, 50.16214683965464], [127.50444180283013, 50.16178901281512], [127.50486167311747, 50.16179441930254], [127.50485045303398, 50.16215404873309], [127.5054158924513, 50.16198144035618], [127.50554463487326, 50.16234287105116], [127.50596451022324, 50.16234827359519], [127.50637878128866, 50.16253348944761], [127.50637037456403, 50.16280321167481], [127.50706457193841, 50.16299202502437], [127.50608204651496, 50.163069333281236], [127.50497077701795, 50.162785202066374], [127.50467683044667, 50.16323113479414], [127.5049511424662, 50.16341455347733], [127.50607644082645, 50.163249148059904], [127.50606522927923, 50.16360877759907], [127.50690500248459, 50.16361957760279], [127.50719893090411, 50.16317363909932], [127.5080302993415, 50.16345415323995], [127.5076188138479, 50.16317903572798], [127.5087385023213, 50.16319341931945], [127.5085901467831, 50.16346134442966], [127.50886167760619, 50.16373466150255], [127.50816186426255, 50.163725673694444], [127.50814227095785, 50.16435502591786], [127.5089848555439, 50.16427590353093], [127.50952793384087, 50.1648225352596], [127.50995062742052, 50.16473801607476], [127.50996181026282, 50.16437838596997], [127.51024453474943, 50.1642920697537], [127.51039847340465, 50.16384432739968], [127.51012134251658, 50.16375082893532], [127.51012972841558, 50.16348110629198], [127.51137821560614, 50.16385689030737], [127.51065604494012, 50.16456717813052], [127.51064766168038, 50.164836900787655]], [[127.51009338860044, 50.16464990431475], [127.51023055885564, 50.16474160744539], [127.51023335406269, 50.16465169991008], [127.51009338860044, 50.16464990431475]], [[127.50869373475612, 50.1646319390882], [127.50897366541174, 50.16463553348236], [127.50897926050615, 50.16445571850968], [127.5086993309, 50.1644521241383], [127.50869373475612, 50.1646319390882]], [[127.51095553223847, 50.16394141479306], [127.51109270216693, 50.16403311691278], [127.5110954956866, 50.163943209331244], [127.51095553223847, 50.16394141479306]], [[127.50609606048798, 50.16261979630807], [127.50623321726366, 50.162711504070806], [127.50623601976757, 50.162621596667435], [127.50609606048798, 50.16261979630807]]]}}, {"id": "17", "type": "Feature", "properties": {"contour_id": "water_pre_0018", "area_ha": 6.75, "pair_id": "baseline_2018_09_low__blagoveshchensk", "layer": "water_pre", "aoi_name": "Благовещенск — слияние Амура и Зеи", "event_name": "Контрольный период межени, сентябрь 2018", "date_peak": "2018-09-15"}, "geometry": {"type": "Polygon", "coordinates": [[[127.3718428809297, 50.44161557380838], [127.37171136509629, 50.44134391173683], [127.37128596751054, 50.44142789764123], [127.37087908888432, 50.44097249831587], [127.36875827744703, 50.44121260266228], [127.36848601127544, 50.44093896325294], [127.3686453258651, 50.44040155415284], [127.36808843959213, 50.4402138628986], [127.3681038988679, 50.43976437703919], [127.36838543015335, 50.43976832575249], [127.36811317424471, 50.43949468550513], [127.36816573204113, 50.43796643321792], [127.36761196860071, 50.43768884269933], [127.36789967144904, 50.437512998085964], [127.36747739471245, 50.437507073188314], [127.36734591482434, 50.437235406345714], [127.36833431282747, 50.437159332558075], [127.36873804460045, 50.43770463776092], [127.36872568291948, 50.43806422669298], [127.36914178553879, 50.43824994160226], [127.36913560613951, 50.43842973609053], [127.36871023046476, 50.43851371282351], [127.36869477761722, 50.43896319891568], [127.36940168354378, 50.4388831684893], [127.36955171356949, 50.43861544956839], [127.37051235303562, 50.4393484329691], [127.37121309015761, 50.439448186170985], [127.3713445981247, 50.439719848813645], [127.37105998049908, 50.439805804570106], [127.37175455574109, 50.440085349212296], [127.37174530086175, 50.44035504120715], [127.37230528759675, 50.44045281775367], [127.37229295173803, 50.440812407152585], [127.37200524462305, 50.44098826249927], [127.37242446951507, 50.441084068608355], [127.37269367613298, 50.44144759637406], [127.3721336768602, 50.44134982159326], [127.3718428809297, 50.44161557380838]], [[127.37200216005495, 50.44107815982958], [127.37213984554194, 50.44117002692778], [127.3721429298593, 50.441080129592734], [127.37200216005495, 50.44107815982958]], [[127.36954244665604, 50.43888514133646], [127.36968012104784, 50.43897701127261], [127.369683209784, 50.4388871140134], [127.36954244665604, 50.43888514133646]], [[127.3682972185721, 50.438238099165446], [127.36843179763078, 50.43841986775605], [127.36843797969394, 50.438240073330434], [127.3682972185721, 50.438238099165446]], [[127.36831267478686, 50.437788613105894], [127.36845034363165, 50.437880484460806], [127.36845343457678, 50.437790587239554], [127.36831267478686, 50.437788613105894]], [[127.3684565255062, 50.43770069001677], [127.36859419438242, 50.437792561203004], [127.36859728504547, 50.43770266397396], [127.3684565255062, 50.43770069001677]]]}}, {"id": "18", "type": "Feature", "properties": {"contour_id": "water_pre_0019", "area_ha": 6.66, "pair_id": "baseline_2018_09_low__blagoveshchensk", "layer": "water_pre", "aoi_name": "Благовещенск — слияние Амура и Зеи", "event_name": "Контрольный период межени, сентябрь 2018", "date_peak": "2018-09-15"}, "geometry": {"type": "Polygon", "coordinates": [[[127.57586885569532, 50.22231878893567], [127.5754671890371, 50.22168426988809], [127.57604379740377, 50.221151686099475], [127.57605450570178, 50.22079204894172], [127.57648025956968, 50.2206173823109], [127.57621069994224, 50.22025431062618], [127.57663109662438, 50.2202594620111], [127.57706219381373, 50.219904974505134], [127.57789763446362, 50.220095088295025], [127.57832337548159, 50.219920414779], [127.57847686886126, 50.21947258250158], [127.57806984438315, 50.219017890877915], [127.57835010180642, 50.2190213207585], [127.5785009196364, 50.21866339777334], [127.58145693745412, 50.21824981902126], [127.58187198572354, 50.21843477039291], [127.58144627073597, 50.218609457179504], [127.5815783990585, 50.21888089674164], [127.5811553463097, 50.21896567287752], [127.58115001170863, 50.219145491913906], [127.5807349601731, 50.2189605379562], [127.58072428775836, 50.21932017595783], [127.58044402829584, 50.2193167517888], [127.5804493655831, 50.2191369328127], [127.579883509533, 50.21930990142339], [127.58015576127576, 50.21958305536428], [127.57930162445048, 50.22002232385154], [127.57928826992573, 50.22047187098814], [127.57871972187198, 50.220734743132596], [127.57871170571411, 50.22100447131779], [127.57829397496053, 50.22090941802797], [127.57757993286926, 50.22135038822371], [127.57756388722716, 50.22188984425646], [127.57586885569532, 50.22231878893567]], [[127.5768765799754, 50.2214317166396], [127.57715685139638, 50.221435149517134], [127.57716220144194, 50.2212553308632], [127.57688193107396, 50.22125189800743], [127.5768765799754, 50.2214317166396]], [[127.57945510904297, 50.21957449021422], [127.57958722857049, 50.21984593192374], [127.57959523946246, 50.21957620358213], [127.57945510904297, 50.21957449021422]], [[127.57973803990257, 50.219488007325445], [127.57987550034208, 50.219579629811115], [127.57987817008589, 50.219489720350026], [127.57973803990257, 50.219488007325445]]]}}, {"id": "19", "type": "Feature", "properties": {"contour_id": "water_pre_0020", "area_ha": 6.14, "pair_id": "baseline_2018_09_low__blagoveshchensk", "layer": "water_pre", "aoi_name": "Благовещенск — слияние Амура и Зеи", "event_name": "Контрольный период межени, сентябрь 2018", "date_peak": "2018-09-15"}, "geometry": {"type": "Polygon", "coordinates": [[[127.68540358426819, 50.2766749779258], [127.68541596614291, 50.27622541525956], [127.68513288362061, 50.276312153536445], [127.68500248904652, 50.2759509160594], [127.6852855696447, 50.27586417807995], [127.68529052273446, 50.275684353001196], [127.6850099202846, 50.275681178473725], [127.68531528742973, 50.274785227518244], [127.68519480180424, 50.274064339936295], [127.68548034683133, 50.27388768879563], [127.6855051063746, 50.272988562964834], [127.68622389486086, 50.27236710637327], [127.68623626712112, 50.271917543224234], [127.68651684758964, 50.27192071462035], [127.68680979477408, 50.271474322052555], [127.68723313418894, 50.27138916410914], [127.68709779096726, 50.271207754024076], [127.68795434698653, 50.2706777835845], [127.68865578052134, 50.27068570029676], [127.68866072000945, 50.27050587481422], [127.68838014761407, 50.27050270865723], [127.68852784373584, 50.270234553600496], [127.6892366767778, 50.26997272849322], [127.68993563302854, 50.27007055018354], [127.68950737376586, 50.27033554367396], [127.6894999693425, 50.27060528199477], [127.68921939626881, 50.27060211785903], [127.68863108232942, 50.27158482762014], [127.68822009684543, 50.27122042709871], [127.68765400042109, 50.271393917304025], [127.68806498301414, 50.27175831979467], [127.68835050359723, 50.27158166134263], [127.68848585264031, 50.271763070002805], [127.68806251204484, 50.27184823249577], [127.68819786072366, 50.27202964148057], [127.68805015701042, 50.27229779597894], [127.6877695741537, 50.272294628266835], [127.68761445153638, 50.272832520197156], [127.68718862720932, 50.273007592065774], [127.6870359686463, 50.27345557044908], [127.68675537909948, 50.27345240023629], [127.68673311639209, 50.27426161383124], [127.68645004791709, 50.274348355454926], [127.68644015089151, 50.27470800585671], [127.68587153119044, 50.27497139948898], [127.68582944799329, 50.27649991301317], [127.68540358426819, 50.2766749779258]], [[127.68531281101671, 50.27487514007323], [127.6854456813615, 50.27514646470884], [127.68545310988361, 50.27487672703771], [127.68531281101671, 50.27487514007323]], [[127.68648963401216, 50.27290975360978], [127.68662745339702, 50.27300125174074], [127.6866299271698, 50.27291133910923], [127.68648963401216, 50.27290975360978]], [[127.6866299271698, 50.27291133910923], [127.68691298675488, 50.27282459695722], [127.68692535272743, 50.27237503371966], [127.68678258769556, 50.27246336123442], [127.68650200400828, 50.272460190455085], [127.6866299271698, 50.27291133910923]], [[127.68636418640908, 50.27236869218111], [127.68650200400828, 50.272460190455085], [127.68650447796985, 50.272370277819675], [127.68636418640908, 50.27236869218111]], [[127.6876366981788, 50.27202330611662], [127.68777451726125, 50.27211480289812], [127.68777698879624, 50.272024890211526], [127.6876366981788, 50.27202330611662]], [[127.68836038513658, 50.2712220104713], [127.68849820333824, 50.271313506399686], [127.68850067344026, 50.2712235936746], [127.68836038513658, 50.2712220104713]], [[127.68780417485394, 50.27103585056089], [127.68794199144632, 50.27112734713924], [127.68794446257942, 50.27103743443126], [127.68780417485394, 50.27103585056089]]]}}, {"id": "20", "type": "Feature", "properties": {"contour_id": "water_pre_0021", "area_ha": 5.06, "pair_id": "baseline_2018_09_low__blagoveshchensk", "layer": "water_pre", "aoi_name": "Благовещенск — слияние Амура и Зеи", "event_name": "Контрольный период межени, сентябрь 2018", "date_peak": "2018-09-15"}, "geometry": {"type": "Polygon", "coordinates": [[[127.7453838209214, 50.360082300557714], [127.74540752467682, 50.35918316702487], [127.74513827773976, 50.358730567222345], [127.74528830890131, 50.3583724303327], [127.7446045424588, 50.35764553904648], [127.74448060000996, 50.35701462817885], [127.74365632324223, 50.356286213900276], [127.74366581666388, 50.35592656050679], [127.74214363036285, 50.355010715011844], [127.7421507586962, 50.354740975065916], [127.74173390081512, 50.35455658714171], [127.74160524965787, 50.354105499849], [127.74064767014764, 50.35310580377369], [127.7408000949677, 50.35265775915527], [127.74052141197001, 50.35256480198035], [127.74068097207932, 50.351847017553816], [127.74027604195871, 50.35121305798219], [127.7402926970153, 50.35058366479242], [127.74101910010593, 50.34969214086727], [127.74114297930691, 50.35032305571995], [127.74071189318202, 50.35067814437567], [127.74068572930489, 50.351667190927294], [127.74096202931915, 50.35185006100788], [127.74108115700649, 50.35266080235671], [127.74162426582964, 50.35338619333298], [127.74161475784032, 50.35374584660283], [127.74203398445245, 50.35384032159632], [127.74229604756323, 50.354562668517076], [127.7432655609411, 50.355112784514915], [127.74449483109647, 50.35647514797734], [127.74491408755613, 50.35656961276472], [127.74504040554864, 50.35711060987224], [127.74558836431412, 50.35765615585747], [127.74571232298648, 50.35828706559742], [127.74627451464667, 50.3582931280663], [127.74623187784711, 50.35991156910469], [127.7453838209214, 50.360082300557714]], [[127.74394452550419, 50.35601951028478], [127.7440826940577, 50.35611094160737], [127.74408506661108, 50.3560210282438], [127.74394452550419, 50.35601951028478]], [[127.74270340748788, 50.35510670777787], [127.74284157101233, 50.355198140551785], [127.74284394583309, 50.35510822721682], [127.74270340748788, 50.35510670777787]]]}}, {"id": "21", "type": "Feature", "properties": {"contour_id": "water_pre_0022", "area_ha": 4.71, "pair_id": "baseline_2018_09_low__blagoveshchensk", "layer": "water_pre", "aoi_name": "Благовещенск — слияние Амура и Зеи", "event_name": "Контрольный период межени, сентябрь 2018", "date_peak": "2018-09-15"}, "geometry": {"type": "Polygon", "coordinates": [[[127.60284538618097, 50.287404159231386], [127.6025778913646, 50.28695123869338], [127.60314710655818, 50.28668825818609], [127.60329796327562, 50.28633030730925], [127.60301994021815, 50.28623702502832], [127.60302783754169, 50.285967297068524], [127.60260949073157, 50.28587232710974], [127.60234464011481, 50.28532949669722], [127.60122731383095, 50.28513617323528], [127.60124312800443, 50.2845967176118], [127.60334796784241, 50.284622029827865], [127.60334007270481, 50.284891757887216], [127.6041820142367, 50.28490187220142], [127.60415834237051, 50.28571105658725], [127.60500029864986, 50.28572116509368], [127.6051064541844, 50.28689167141468], [127.60481527855622, 50.28724794028453], [127.60452935802316, 50.28742438965643], [127.60284538618097, 50.287404159231386]]]}}, {"id": "22", "type": "Feature", "properties": {"contour_id": "water_pre_0023", "area_ha": 4.51, "pair_id": "baseline_2018_09_low__blagoveshchensk", "layer": "water_pre", "aoi_name": "Благовещенск — слияние Амура и Зеи", "event_name": "Контрольный период межени, сентябрь 2018", "date_peak": "2018-09-15"}, "geometry": {"type": "Polygon", "coordinates": [[[127.6990649506777, 50.449781727581886], [127.69908221075613, 50.449152355241985], [127.69852882045767, 50.44878641521107], [127.69937616501144, 50.448705951824614], [127.6993835602115, 50.448436220747276], [127.6991019358076, 50.44843307247873], [127.69912412553124, 50.44762387925652], [127.69954655495525, 50.44762860126885], [127.6995687364629, 50.446819407791445], [127.70042097005884, 50.44655911567148], [127.7004800764823, 50.444401264984336], [127.70090247744525, 50.444405981858345], [127.70087293473452, 50.44548490748853], [127.70129534540936, 50.44548962300935], [127.70122888931827, 50.44791720530006], [127.70038402488052, 50.44790777191676], [127.7003618564206, 50.44871696550363], [127.70008023024104, 50.448713819589905], [127.7002111892832, 50.44907503416754], [127.69992709691996, 50.44916179824337], [127.69990984804348, 50.44979117079316], [127.6990649506777, 50.449781727581886]], [[127.69979367551576, 50.44889049373562], [127.69993202505759, 50.448981977501475], [127.69993448910762, 50.44889206712832], [127.69979367551576, 50.44889049373562]], [[127.69966518466555, 50.448439368334434], [127.69994188118248, 50.44862233599993], [127.69994680916973, 50.44844251524023], [127.69966518466555, 50.448439368334434]]]}}, {"id": "23", "type": "Feature", "properties": {"contour_id": "water_pre_0024", "area_ha": 4.26, "pair_id": "baseline_2018_09_low__blagoveshchensk", "layer": "water_pre", "aoi_name": "Благовещенск — слияние Амура и Зеи", "event_name": "Контрольный период межени, сентябрь 2018", "date_peak": "2018-09-15"}, "geometry": {"type": "Polygon", "coordinates": [[[127.52424130095618, 50.17355504485968], [127.52270415848983, 50.173445559292354], [127.52243526729434, 50.17308236594283], [127.5220180686731, 50.17298711422623], [127.52202916421106, 50.17262748267036], [127.52148030578316, 50.17226072382385], [127.52163416696055, 50.171812966469076], [127.52190581916545, 50.17208625373886], [127.52233964906222, 50.17164205830927], [127.52373674574501, 50.17174976887712], [127.52430223308887, 50.17157706921658], [127.52512554513682, 50.17212718677336], [127.52610546320858, 50.172139626944784], [127.52625098332734, 50.171961587294064], [127.52820528995761, 50.172166256627015], [127.52442006542958, 50.17229811186793], [127.52440621856518, 50.172747651818774], [127.5249634103698, 50.17284467303917], [127.5250950963184, 50.17311617495859], [127.52424130095618, 50.17355504485968]], [[127.52410961871455, 50.17328354202424], [127.52438683236625, 50.173377007686504], [127.52438960186528, 50.17328709970994], [127.52410961871455, 50.17328354202424]]]}}, {"id": "24", "type": "Feature", "properties": {"contour_id": "water_pre_0025", "area_ha": 3.92, "pair_id": "baseline_2018_09_low__blagoveshchensk", "layer": "water_pre", "aoi_name": "Благовещенск — слияние Амура и Зеи", "event_name": "Контрольный период межени, сентябрь 2018", "date_peak": "2018-09-15"}, "geometry": {"type": "Polygon", "coordinates": [[[127.61617166676912, 50.287743468660864], [127.61619513663379, 50.28693428043851], [127.61578197116299, 50.286659538013666], [127.6154987032238, 50.28674610495971], [127.61536881044842, 50.28638479414655], [127.61621339023239, 50.28630491173729], [127.61607827749242, 50.28612342129924], [127.61635893337532, 50.28612676272121], [127.61638239871962, 50.28531757420866], [127.61596142204908, 50.28531256196475], [127.61623425069448, 50.285585633131795], [127.61608349316285, 50.28594360166146], [127.61581848825423, 50.2854008006976], [127.61554044549757, 50.28530754819672], [127.61555348926353, 50.28485799912969], [127.61527284093745, 50.284854655823956], [127.61556392403814, 50.284498359849124], [127.61640586299292, 50.28450838557485], [127.61639804168746, 50.28477811513292], [127.61681901372121, 50.28478312575734], [127.61679555622466, 50.28559231449377], [127.61763751491651, 50.28560233145625], [127.61762188550271, 50.286141790737155], [127.61846385418218, 50.28615180179357], [127.61844823380514, 50.28669126121111], [127.61802724464981, 50.28668625634974], [127.61800380605845, 50.28749544523216], [127.61632764458348, 50.28720568054934], [127.61659266492187, 50.28774848031787], [127.61617166676912, 50.287743468660864]]]}}, {"id": "25", "type": "Feature", "properties": {"contour_id": "water_pre_0026", "area_ha": 3.82, "pair_id": "baseline_2018_09_low__blagoveshchensk", "layer": "water_pre", "aoi_name": "Благовещенск — слияние Амура и Зеи", "event_name": "Контрольный период межени, сентябрь 2018", "date_peak": "2018-09-15"}, "geometry": {"type": "Polygon", "coordinates": [[[127.62557749313005, 50.297478729706945], [127.62502900577014, 50.2970225397035], [127.62517714139925, 50.296754469971525], [127.62545526973668, 50.2968476999381], [127.62576966700101, 50.295682188898965], [127.62619332657489, 50.29559725631123], [127.62621145388034, 50.29496788590654], [127.62593333491752, 50.29487465779748], [127.62621663299228, 50.294788065777446], [127.62594110511245, 50.29460492762868], [127.62597218470985, 50.29352600681893], [127.62653876358627, 50.29335282171813], [127.62666617053854, 50.29380403056849], [127.62708722402652, 50.29380900465183], [127.62702770087232, 50.29587693687949], [127.62674180906109, 50.29605344088669], [127.62672886555094, 50.29650299119872], [127.6268614591741, 50.29677437956937], [127.62742289885264, 50.29678101068061], [127.6274073739026, 50.297320471136565], [127.62712665086434, 50.29731715585669], [127.62712147471838, 50.29749697597567], [127.62557749313005, 50.297478729706945]]]}}, {"id": "26", "type": "Feature", "properties": {"contour_id": "water_pre_0027", "area_ha": 3.81, "pair_id": "baseline_2018_09_low__blagoveshchensk", "layer": "water_pre", "aoi_name": "Благовещенск — слияние Амура и Зеи", "event_name": "Контрольный период межени, сентябрь 2018", "date_peak": "2018-09-15"}, "geometry": {"type": "Polygon", "coordinates": [[[127.61719095890926, 50.18953941946497], [127.61608099693562, 50.18916643097365], [127.61595134987358, 50.18880511704211], [127.61539638010792, 50.18861861827195], [127.61513450049358, 50.18798590008272], [127.61430727069887, 50.1875263226449], [127.61419325473726, 50.186625539048556], [127.61350348856692, 50.18625753801637], [127.61338428305704, 50.18553657615198], [127.61268672399937, 50.18543830420089], [127.61269974846681, 50.18498874790922], [127.61200480500949, 50.18480056067814], [127.61201001727862, 50.18462073819802], [127.61257534778666, 50.1844476077277], [127.61231613274865, 50.18372497196807], [127.61287884714577, 50.183641751175124], [127.61285801152374, 50.18436104144599], [127.61354514237902, 50.18481895745809], [127.61339469745555, 50.18517693102162], [127.61380958725891, 50.185361767951335], [127.61393920931044, 50.18572308427081], [127.61421927615537, 50.18572642603962], [127.61420366346259, 50.18626589386296], [127.61503087071493, 50.18672547194699], [127.61529014217881, 50.18744810175833], [127.616249624734, 50.18817907471334], [127.61624182920454, 50.18844880874859], [127.61761368930519, 50.18945450900208], [127.61719095890926, 50.18953941946497]], [[127.61692125880172, 50.18917643926019], [127.61705870542745, 50.189268018079055], [127.6170613024921, 50.18917810671723], [127.61692125880172, 50.18917643926019]], [[127.6147299881513, 50.187441422543536], [127.61501006513872, 50.187444762488454], [127.61515790505372, 50.18717669825007], [127.61473779191769, 50.187171688633484], [127.6147299881513, 50.187441422543536]], [[127.61271798216738, 50.184359369037956], [127.61285280248639, 50.184540863998734], [127.61285801152374, 50.18436104144599], [127.61271798216738, 50.184359369037956]]]}}, {"id": "27", "type": "Feature", "properties": {"contour_id": "water_pre_0028", "area_ha": 3.79, "pair_id": "baseline_2018_09_low__blagoveshchensk", "layer": "water_pre", "aoi_name": "Благовещенск — слияние Амура и Зеи", "event_name": "Контрольный период межени, сентябрь 2018", "date_peak": "2018-09-15"}, "geometry": {"type": "Polygon", "coordinates": [[[127.31754506667046, 50.44372112134066], [127.31776871671474, 50.44138589112939], [127.3174999343917, 50.44102224045466], [127.31751906093692, 50.44048287128752], [127.31724709730452, 50.440209114909464], [127.31640570741828, 50.44010700068401], [127.31696875940091, 50.44011514760962], [127.31698470274641, 50.43966567335964], [127.31741336353431, 50.43949199192013], [127.31757324964659, 50.438954658345594], [127.31785795583158, 50.43886883435171], [127.31787389005139, 50.43841935979982], [127.3184528509255, 50.43797802470643], [127.31847833566343, 50.437258865074746], [127.31933559954167, 50.43691148889666], [127.31975149454554, 50.43709737848223], [127.31932604787488, 50.43718117390486], [127.31959800668734, 50.43745492550672], [127.31916618801702, 50.43771851030118], [127.31900632439631, 50.43825584639428], [127.31858086603857, 50.43833963895985], [127.31871206828538, 50.438611358120944], [127.31841780771832, 50.43896686903878], [127.31799234196716, 50.43905065936875], [127.31825793109824, 50.43950420386713], [127.31769488599079, 50.43949606324995], [127.31768213680412, 50.43985564279462], [127.31739423646047, 50.44003136115034], [127.31780696360613, 50.44030715265853], [127.31779421490161, 50.44066673217349], [127.31848848101994, 50.44094659180529], [127.31847573718971, 50.44130617140627], [127.31818783080523, 50.441481891625926], [127.31873178638567, 50.44202939950239], [127.31872222955262, 50.44229908418865], [127.31844069032019, 50.44229501518167], [127.31843113174287, 50.44256469981529], [127.31870948688183, 50.442658663748716], [127.31828080182927, 50.442832349637456], [127.3182553090566, 50.44355150850383], [127.31783617664067, 50.44345550810117], [127.31782661423422, 50.44372519259709], [127.31754506667046, 50.44372112134066]]]}}, {"id": "28", "type": "Feature", "properties": {"contour_id": "water_pre_0029", "area_ha": 3.74, "pair_id": "baseline_2018_09_low__blagoveshchensk", "layer": "water_pre", "aoi_name": "Благовещенск — слияние Амура и Зеи", "event_name": "Контрольный период межени, сентябрь 2018", "date_peak": "2018-09-15"}, "geometry": {"type": "Polygon", "coordinates": [[[127.54542387202305, 50.14009355585816], [127.54542932562437, 50.13991373717712], [127.5445926812882, 50.139813309973896], [127.54490247680309, 50.138827813975446], [127.54476804035517, 50.13864624213939], [127.5453466951268, 50.13802388821739], [127.54521498616185, 50.13775240750987], [127.54550839664337, 50.13730636562402], [127.54676466418674, 50.13741203907939], [127.5467401472439, 50.13822122392622], [127.54646036600099, 50.138217721878775], [127.54630140039305, 50.13884533639337], [127.54713530822681, 50.13903566060847], [127.54711079612606, 50.13984484536081], [127.54542387202305, 50.14009355585816]], [[127.5447462166832, 50.13936551677412], [127.54488338277932, 50.13945717930389], [127.54488611053841, 50.13936726997578], [127.5447462166832, 50.13936551677412]]]}}, {"id": "29", "type": "Feature", "properties": {"contour_id": "water_pre_0030", "area_ha": 3.73, "pair_id": "baseline_2018_09_low__blagoveshchensk", "layer": "water_pre", "aoi_name": "Благовещенск — слияние Амура и Зеи", "event_name": "Контрольный период межени, сентябрь 2018", "date_peak": "2018-09-15"}, "geometry": {"type": "Polygon", "coordinates": [[[127.73043522755391, 50.240479873559096], [127.73016677193799, 50.24002723614587], [127.73031413710393, 50.23975902412858], [127.72906909046642, 50.23911582702253], [127.72921645886225, 50.238847616381584], [127.72852983317452, 50.23830046002792], [127.72869633458977, 50.237312932670655], [127.72898388954185, 50.237046255986556], [127.72885087295005, 50.23677497832945], [127.72954704044142, 50.236962473952545], [127.72953987069491, 50.23723221808168], [127.7292594891184, 50.23722915206181], [127.72939250925447, 50.23750042925751], [127.73009824510774, 50.237328262818636], [127.73009107837854, 50.23759800698832], [127.73134803285964, 50.237791619322486], [127.73105093775897, 50.23841796086846], [127.73077054906366, 50.23841489844215], [127.73103183983673, 50.23913727875437], [127.7307395076939, 50.23958378983236], [127.7304615005915, 50.23949081189969], [127.73043522755391, 50.240479873559096]], [[127.72948728922333, 50.23921034128789], [127.72976768244504, 50.23921340684529], [127.72977246176676, 50.239033577473094], [127.72949206959936, 50.23903051193514], [127.72948728922333, 50.23921034128789]]]}}, {"id": "30", "type": "Feature", "properties": {"contour_id": "water_pre_0031", "area_ha": 3.72, "pair_id": "baseline_2018_09_low__blagoveshchensk", "layer": "water_pre", "aoi_name": "Благовещенск — слияние Амура и Зеи", "event_name": "Контрольный период межени, сентябрь 2018", "date_peak": "2018-09-15"}, "geometry": {"type": "Polygon", "coordinates": [[[127.82810451458725, 50.18646230562393], [127.82811771788236, 50.1859227928069], [127.82741528771722, 50.18600564508137], [127.82715281451438, 50.185283467044655], [127.82687492978218, 50.1851907198689], [127.82688374086078, 50.18483104474244], [127.82701717580223, 50.185102215363834], [127.82729726230303, 50.185105043406146], [127.82734350168448, 50.183216748416534], [127.82902395539982, 50.18323370136351], [127.8290305511642, 50.18296394472227], [127.82945066247852, 50.18296817912123], [127.82943747557974, 50.183507692471025], [127.82901735953526, 50.183503457991506], [127.82899757134045, 50.18431272779617], [127.8281573253611, 50.18430425403834], [127.82813752207294, 50.18511352348216], [127.82897778224392, 50.18512199748177], [127.82894479841241, 50.18647078002649], [127.82810451458725, 50.18646230562393]]]}}, {"id": "31", "type": "Feature", "properties": {"contour_id": "water_pre_0032", "area_ha": 3.62, "pair_id": "baseline_2018_09_low__blagoveshchensk", "layer": "water_pre", "aoi_name": "Благовещенск — слияние Амура и Зеи", "event_name": "Контрольный период межени, сентябрь 2018", "date_peak": "2018-09-15"}, "geometry": {"type": "Polygon", "coordinates": [[[127.32643861901488, 50.43116772380578], [127.32502807558153, 50.431237363873514], [127.32447782048042, 50.43086967563843], [127.32354347066732, 50.42941715733859], [127.32580152281012, 50.42926979478451], [127.32649567219809, 50.42954960597956], [127.32674227764939, 50.43054250474738], [127.32643861901488, 50.43116772380578]], [[127.32548200316602, 50.4303444884451], [127.32576347254059, 50.43034853972729], [127.32576664348504, 50.43025864432387], [127.32548834610378, 50.43016469766244], [127.32548200316602, 50.4303444884451]], [[127.32368420245834, 50.429419185382514], [127.3238217597389, 50.42951110858351], [127.32382493426552, 50.42942121325628], [127.32368420245834, 50.429419185382514]]]}}, {"id": "32", "type": "Feature", "properties": {"contour_id": "water_pre_0033", "area_ha": 3.57, "pair_id": "baseline_2018_09_low__blagoveshchensk", "layer": "water_pre", "aoi_name": "Благовещенск — слияние Амура и Зеи", "event_name": "Контрольный период межени, сентябрь 2018", "date_peak": "2018-09-15"}, "geometry": {"type": "Polygon", "coordinates": [[[127.328807290482, 50.43587870626002], [127.32853845312323, 50.435515080235305], [127.32825061906084, 50.43569082623833], [127.32740928346254, 50.43558879207797], [127.32741878866628, 50.43531910588069], [127.3269933708796, 50.435402929659475], [127.32686212941422, 50.43513121931572], [127.32616155554294, 50.43503120044041], [127.32589274325032, 50.43466756849716], [127.32434134740892, 50.43473517363965], [127.32392545450828, 50.43454930041806], [127.32249891936343, 50.43506838485992], [127.32251480749096, 50.434618908944024], [127.32294022573052, 50.434535101541634], [127.32309367853614, 50.43417754959337], [127.32337199437916, 50.43427150210684], [127.32523024733325, 50.433488800021884], [127.32493924079955, 50.433754433211156], [127.32564296470616, 50.43376456391477], [127.32577102421156, 50.434126170934626], [127.32632766732388, 50.43431406259358], [127.32631815626031, 50.43458374868752], [127.32771929459201, 50.43478378025152], [127.32785054007576, 50.435055489682625], [127.32813520471255, 50.43496964006822], [127.32854478564846, 50.43533528933281], [127.32910461933665, 50.43543327245218], [127.32937346061709, 50.43579689721143], [127.328807290482, 50.43587870626002]], [[127.32603349077529, 50.43466959385131], [127.32617106764718, 50.434761514388875], [127.32617423831637, 50.434671619035285], [127.32603349077529, 50.43466959385131]]]}}, {"id": "33", "type": "Feature", "properties": {"contour_id": "water_pre_0034", "area_ha": 3.49, "pair_id": "baseline_2018_09_low__blagoveshchensk", "layer": "water_pre", "aoi_name": "Благовещенск — слияние Амура и Зеи", "event_name": "Контрольный период межени, сентябрь 2018", "date_peak": "2018-09-15"}, "geometry": {"type": "Polygon", "coordinates": [[[127.626053921356, 50.198009214576686], [127.62606424517655, 50.197649568304186], [127.62564920162244, 50.19746477426528], [127.62565694663841, 50.1971950395835], [127.62523674373632, 50.19719006721769], [127.62512508508148, 50.19619938237421], [127.62456740995361, 50.196102838207594], [127.62445059979011, 50.19529197577162], [127.62417306004903, 50.19519874667476], [127.62418339697027, 50.19483910051104], [127.6239084450809, 50.1946559592589], [127.62393687602996, 50.193666932267995], [127.62435446400457, 50.19376182065105], [127.62448160377382, 50.19421303710037], [127.62490178041465, 50.19421801198453], [127.62488111761039, 50.19493730458216], [127.62529871855708, 50.195032189656935], [127.62529097211636, 50.195301924399146], [127.62571115845604, 50.195306896433955], [127.62555818796255, 50.19575479718416], [127.62583831485708, 50.195758111420126], [127.62610037690179, 50.19639080616192], [127.62652057294075, 50.19639577534712], [127.62622495910101, 50.19693193228276], [127.62650509296152, 50.196935244967094], [127.62649735279557, 50.19720497975687], [127.62691755605051, 50.19720994756444], [127.62689434194584, 50.19801915199474], [127.626053921356, 50.198009214576686]]]}}, {"id": "34", "type": "Feature", "properties": {"contour_id": "water_pre_0035", "area_ha": 3.46, "pair_id": "baseline_2018_09_low__blagoveshchensk", "layer": "water_pre", "aoi_name": "Благовещенск — слияние Амура и Зеи", "event_name": "Контрольный период межени, сентябрь 2018", "date_peak": "2018-09-15"}, "geometry": {"type": "Polygon", "coordinates": [[[127.55309237694368, 50.17814538237545], [127.55296323471526, 50.17778400188757], [127.552683221717, 50.177780512845736], [127.55255408351127, 50.177419131916146], [127.55213406730934, 50.177413896648495], [127.55228222533187, 50.177145914807035], [127.55173036268062, 50.17686920578312], [127.55179832172107, 50.17462147986792], [127.55223461754518, 50.1740872616799], [127.55236646198468, 50.174358733986196], [127.5526464549455, 50.17436222361985], [127.5528190461836, 50.173285058891], [127.5546552371425, 50.17276826685069], [127.55466066241584, 50.172588448452395], [127.55536875363681, 50.17232742953402], [127.55537959860385, 50.1719677925909], [127.55594226753932, 50.17188484715736], [127.555926006389, 50.172424302704485], [127.55536333107098, 50.172507247996556], [127.5553497744162, 50.17295679412651], [127.55492979681384, 50.17295156930236], [127.55463896099295, 50.17330772200937], [127.55393899348381, 50.17329900879872], [127.55406813171675, 50.17366038843215], [127.55322544935618, 50.173739837019305], [127.5532173030141, 50.17400956438996], [127.55293459604361, 50.174095985259406], [127.55320915654829, 50.17427929174708], [127.55292644796138, 50.17436571257882], [127.55291015142568, 50.174905167176966], [127.5521992912298, 50.17525607960663], [127.55218570356645, 50.17570562489526], [127.55246842141132, 50.17561920596643], [127.55246027026487, 50.17588893315922], [127.55216668026003, 50.17633498823606], [127.55338325431578, 50.17778923418512], [127.5533723921252, 50.178148870449334], [127.55309237694368, 50.17814538237545]], [[127.55365357740791, 50.17347534063064], [127.55379085703755, 50.17356699311017], [127.55379357137984, 50.17347708395848], [127.55365357740791, 50.17347534063064]], [[127.55323631095321, 50.173380200503985], [127.55351629830332, 50.173383687991965], [127.55352172796925, 50.17320386970318], [127.55324174166924, 50.1732003822373], [127.55323631095321, 50.173380200503985]], [[127.5542244074595, 50.17312267624192], [127.55436168719906, 50.173214328052815], [127.5543644004363, 50.173124418872995], [127.5542244074595, 50.17312267624192]], [[127.55450710638779, 50.17303625214857], [127.55464438643105, 50.173127903629165], [127.5546470991295, 50.17303799443682], [127.55450710638779, 50.17303625214857]]]}}, {"id": "35", "type": "Feature", "properties": {"contour_id": "water_pre_0036", "area_ha": 3.35, "pair_id": "baseline_2018_09_low__blagoveshchensk", "layer": "water_pre", "aoi_name": "Благовещенск — слияние Амура и Зеи", "event_name": "Контрольный период межени, сентябрь 2018", "date_peak": "2018-09-15"}, "geometry": {"type": "Polygon", "coordinates": [[[127.42409360368696, 50.27180641700498], [127.42341302051284, 50.27116758818311], [127.42426355429455, 50.27090929652897], [127.42441569465423, 50.270551589328456], [127.42540055062678, 50.270474995496606], [127.42540648145567, 50.27029519084259], [127.4258302541358, 50.2702109895425], [127.42569591470779, 50.27002928468138], [127.426552342461, 50.26959117118831], [127.4276804037973, 50.26942655450422], [127.42837877896419, 50.26952594403483], [127.42822667162854, 50.26988365679362], [127.42711044984713, 50.26968866905087], [127.42709860121708, 50.27004827868466], [127.42681806379503, 50.27004448123773], [127.42694352005357, 50.27049589202363], [127.42708971458686, 50.270317985893996], [127.4272210981384, 50.27058959159537], [127.42736729194004, 50.27041168511229], [127.42820595093637, 50.27051297395244], [127.42805975991762, 50.270690881513985], [127.4260811510029, 50.27111381290814], [127.42607522254254, 50.27129361759495], [127.42536496439054, 50.2715538232925], [127.42480980568322, 50.27136641462032], [127.42451739205134, 50.27172222066156], [127.42409360368696, 50.27180641700498]], [[127.42665409079193, 50.2707618013103], [127.42693166982724, 50.270855501578424], [127.42693463240636, 50.27076559919201], [127.42665409079193, 50.2707618013103]], [[127.42781770997314, 50.26951835470028], [127.42795501667676, 50.26961015473765], [127.42795797719837, 50.26952025228774], [127.42781770997314, 50.26951835470028]]]}}, {"id": "36", "type": "Feature", "properties": {"contour_id": "water_pre_0037", "area_ha": 3.34, "pair_id": "baseline_2018_09_low__blagoveshchensk", "layer": "water_pre", "aoi_name": "Благовещенск — слияние Амура и Зеи", "event_name": "Контрольный период межени, сентябрь 2018", "date_peak": "2018-09-15"}, "geometry": {"type": "Polygon", "coordinates": [[[127.53694209128665, 50.34442532357678], [127.5368181736846, 50.34388412068817], [127.53653718727826, 50.34388058431744], [127.53682646210147, 50.34361440320576], [127.53684856392945, 50.342895156519646], [127.5357246419649, 50.3428810074582], [127.5351792761838, 50.34233449418146], [127.53447406654307, 50.34241554803329], [127.53435294907786, 50.34178443686315], [127.53574952453083, 50.34207185522497], [127.5357716414129, 50.341352608692866], [127.53646854352212, 50.34154126434998], [127.53703601313708, 50.34136852476491], [127.537446425023, 50.341733450615685], [127.53730041469954, 50.34191149508191], [127.53785684317131, 50.34209837504988], [127.53714611716242, 50.342359256943], [127.53780714846296, 50.34371668090883], [127.537509593828, 50.344252582046515], [127.53694209128665, 50.34442532357678]], [[127.53738290842495, 50.34380128554506], [127.53752063994577, 50.34389295864558], [127.53752340144018, 50.343803052791586], [127.53738290842495, 50.34380128554506]]]}}, {"id": "37", "type": "Feature", "properties": {"contour_id": "water_pre_0038", "area_ha": 3.23, "pair_id": "baseline_2018_09_low__blagoveshchensk", "layer": "water_pre", "aoi_name": "Благовещенск — слияние Амура и Зеи", "event_name": "Контрольный период межени, сентябрь 2018", "date_peak": "2018-09-15"}, "geometry": {"type": "Polygon", "coordinates": [[[127.55650493458054, 50.17180189897962], [127.55651577081821, 50.1714422618238], [127.55679303873538, 50.17153565061268], [127.55680116423581, 50.17126592270144], [127.55722112741017, 50.171271140633394], [127.55737465213907, 50.1708233329476], [127.55779731810726, 50.17073863942015], [127.55780543772536, 50.17046891135249], [127.5593560927855, 50.170128385130205], [127.55922421971006, 50.169856920325124], [127.56020410620637, 50.16986907245217], [127.56021491394036, 50.16950943459103], [127.56049217814599, 50.16960281454404], [127.5605002822691, 50.16933308610389], [127.56106021152078, 50.169340024985104], [127.5610683123712, 50.16907029646544], [127.56219895777505, 50.168724527777854], [127.5623524274544, 50.16827671284869], [127.56318691114842, 50.16846692581548], [127.56303344859951, 50.1689147418952], [127.56275348618854, 50.16891127756885], [127.56260541289643, 50.169179273862724], [127.56233354267451, 50.168906079814505], [127.56217737246894, 50.16944380420006], [127.56174932731699, 50.16970833290716], [127.56104941019548, 50.169699662990254], [127.56090132488728, 50.169967656972496], [127.56062135658684, 50.169964187454916], [127.56075323789486, 50.170235650739535], [127.55977064085633, 50.17031341261962], [127.55919447710212, 50.17084592389532], [127.55849183888215, 50.17092714782125], [127.55778378513645, 50.17118818616947], [127.55763567687126, 50.17145617572258], [127.55721571199858, 50.17145095927546], [127.55678491311156, 50.17180537851037], [127.55650493458054, 50.17180189897962]], [[127.55665034146045, 50.171623820243404], [127.55678762166653, 50.17171546921266], [127.55679033020782, 50.171625559913416], [127.55665034146045, 50.171623820243404]], [[127.5604786710007, 50.170052361914166], [127.56061595418531, 50.17014400640643], [127.56061865539289, 50.17005409693142], [127.5604786710007, 50.170052361914166]], [[127.56161474245556, 50.169526780217545], [127.56175202635646, 50.16961842338066], [127.56175472538223, 50.16952851385263], [127.56161474245556, 50.169526780217545]]]}}, {"id": "38", "type": "Feature", "properties": {"contour_id": "water_pre_0039", "area_ha": 3.2, "pair_id": "baseline_2018_09_low__blagoveshchensk", "layer": "water_pre", "aoi_name": "Благовещенск — слияние Амура и Зеи", "event_name": "Контрольный период межени, сентябрь 2018", "date_peak": "2018-09-15"}, "geometry": {"type": "Polygon", "coordinates": [[[127.69199794038417, 50.13832938469392], [127.69201265178334, 50.137789895152984], [127.69159295803162, 50.13778516682569], [127.69160031592227, 50.13751542208009], [127.69075357086318, 50.13777570562206], [127.69078302062363, 50.13669672691913], [127.69120270471811, 50.136701458099196], [127.69121006452052, 50.13643171334502], [127.69022835222074, 50.13651058655572], [127.69038542986306, 50.13588276018998], [127.69206413816417, 50.13590168133801], [127.69204942832778, 50.13644117106636], [127.6928887925815, 50.1364506227226], [127.69283733765684, 50.13833883697917], [127.69199794038417, 50.13832938469392]]]}}, {"id": "39", "type": "Feature", "properties": {"contour_id": "water_pre_0040", "area_ha": 3.12, "pair_id": "baseline_2018_09_low__blagoveshchensk", "layer": "water_pre", "aoi_name": "Благовещенск — слияние Амура и Зеи", "event_name": "Контрольный период межени, сентябрь 2018", "date_peak": "2018-09-15"}, "geometry": {"type": "Polygon", "coordinates": [[[127.6959819356954, 50.43895465764636], [127.6959967594434, 50.438415195296805], [127.6957151948819, 50.438412039283065], [127.69572507926165, 50.43805239772708], [127.69544598847935, 50.43795933068962], [127.69602640558259, 50.43733627043729], [127.69604122797382, 50.43679680792735], [127.69562630896789, 50.43652234269197], [127.69563866442444, 50.43607279061239], [127.69493726033807, 50.43597498700306], [127.69579426429081, 50.43553490616983], [127.696503071891, 50.435362973205415], [127.69663890695365, 50.43554437120594], [127.69664384516653, 50.435364550275764], [127.69706863335658, 50.43527936998289], [127.69692045460836, 50.435547524855856], [127.69748355006845, 50.435553830112546], [127.6967698052643, 50.43590558997859], [127.69688589317425, 50.43680627134096], [127.69660433805721, 50.43680311755085], [127.69673770846819, 50.43707442586781], [127.69601899421737, 50.43760600167222], [127.69629808408429, 50.43769906733336], [127.69630549388799, 50.437429336072846], [127.69687108037787, 50.43734573403119], [127.69686367381021, 50.43761546535626], [127.69714276542702, 50.43770852900413], [127.69686120492922, 50.43770537579497], [127.69685626712958, 50.43788519666796], [127.69770341927885, 50.43780474384636], [127.69769354997605, 50.43816438570056], [127.69684886033592, 50.4381549279663], [127.69669079394946, 50.43878272402373], [127.6959819356954, 50.43895465764636]]]}}, {"id": "40", "type": "Feature", "properties": {"contour_id": "water_pre_0041", "area_ha": 3.09, "pair_id": "baseline_2018_09_low__blagoveshchensk", "layer": "water_pre", "aoi_name": "Благовещенск — слияние Амура и Зеи", "event_name": "Контрольный период межени, сентябрь 2018", "date_peak": "2018-09-15"}, "geometry": {"type": "Polygon", "coordinates": [[[127.68861646683771, 50.44049076038243], [127.68876967714074, 50.440042796569884], [127.68834980226562, 50.43994812585659], [127.68835477265576, 50.439768305657665], [127.68764587036927, 50.43994018811589], [127.68765084342503, 50.43976036796738], [127.68835725783188, 50.439678395555966], [127.68908105633753, 50.43896704789531], [127.69221050858283, 50.43783307005135], [127.69250197791595, 50.43747659338877], [127.69306014312838, 50.43766274080822], [127.69262294196814, 50.43819745762354], [127.69261055701658, 50.43864700899811], [127.69148181593097, 50.438724258272224], [127.69091372371358, 50.43889774410311], [127.69033570188333, 50.4394308678445], [127.68920197172639, 50.43968791513459], [127.68918707007646, 50.440227375903824], [127.68861646683771, 50.44049076038243]], [[127.69135590935352, 50.43818321350775], [127.69149421160729, 50.43827470710608], [127.69149669070474, 50.438184796868406], [127.69135590935352, 50.43818321350775]], [[127.6920647722604, 50.43801130808817], [127.692203075402, 50.43810280085315], [127.69220555314155, 50.43801289058737], [127.6920647722604, 50.43801130808817]]]}}, {"id": "41", "type": "Feature", "properties": {"contour_id": "water_pre_0042", "area_ha": 3.01, "pair_id": "baseline_2018_09_low__blagoveshchensk", "layer": "water_pre", "aoi_name": "Благовещенск — слияние Амура и Зеи", "event_name": "Контрольный период межени, сентябрь 2018", "date_peak": "2018-09-15"}, "geometry": {"type": "Polygon", "coordinates": [[[127.65440793459304, 50.24106337490488], [127.65328635233118, 50.241050380994366], [127.65329141969687, 50.24087055716832], [127.65272556150836, 50.241043879980936], [127.65188691198452, 50.240944211527335], [127.65175686087721, 50.24058293740468], [127.65119100069555, 50.24075625273476], [127.6513362721184, 50.24057805639564], [127.65091822158097, 50.24048326203275], [127.6509309119163, 50.240033702850006], [127.65120622612814, 50.240216781675926], [127.65345441704544, 50.240062974651174], [127.65401013202917, 50.240249295960574], [127.6541553914309, 50.240071095984696], [127.65612064969308, 50.240003901198584], [127.65597539778071, 50.24018210369389], [127.6563985116192, 50.24009705584565], [127.6565311242045, 50.240368413031966], [127.65779541313579, 50.24029308295975], [127.65793055912089, 50.240474526519684], [127.65693907815384, 50.240822835493574], [127.65652101397797, 50.240728061187376], [127.6563909282931, 50.24036679196246], [127.65414526343588, 50.240430743808155], [127.65440793459304, 50.24106337490488]], [[127.65259043383617, 50.24086243053033], [127.65272809625193, 50.24095396808926], [127.65273063098262, 50.24086405619611], [127.65259043383617, 50.24086243053033]]]}}, {"id": "42", "type": "Feature", "properties": {"contour_id": "water_pre_0043", "area_ha": 2.9, "pair_id": "baseline_2018_09_low__blagoveshchensk", "layer": "water_pre", "aoi_name": "Благовещенск — слияние Амура и Зеи", "event_name": "Контрольный период межени, сентябрь 2018", "date_peak": "2018-09-15"}, "geometry": {"type": "Polygon", "coordinates": [[[127.71440095326999, 50.27349167367266], [127.71441548215537, 50.272952191968415], [127.71525725135051, 50.272961500203984], [127.71526693069083, 50.27260184558671], [127.7149863430226, 50.272598743558056], [127.7152790295902, 50.272152277281755], [127.71555961466686, 50.27215537858407], [127.71570716403944, 50.271887187936265], [127.7165489148843, 50.27189648667609], [127.7165634186789, 50.271357004368994], [127.71824690268012, 50.27137558321211], [127.71823241789745, 50.27191506587278], [127.71738825041275, 50.27199569306373], [127.71737617144078, 50.27244526175215], [127.71667470408318, 50.27243751815674], [127.7165199059713, 50.27297545113009], [127.71609902098733, 50.27297080234502], [127.7160845111155, 50.273510284403436], [127.71440095326999, 50.27349167367266]]]}}, {"id": "43", "type": "Feature", "properties": {"contour_id": "water_pre_0044", "area_ha": 2.84, "pair_id": "baseline_2018_09_low__blagoveshchensk", "layer": "water_pre", "aoi_name": "Благовещенск — слияние Амура и Зеи", "event_name": "Контрольный период межени, сентябрь 2018", "date_peak": "2018-09-15"}, "geometry": {"type": "Polygon", "coordinates": [[[127.80226833569859, 50.45160929265976], [127.80157328666901, 50.4512423875619], [127.8010054372453, 50.4514164123022], [127.8004466788176, 50.45123077911843], [127.80045350004055, 50.45096103776417], [127.80088052132064, 50.45078556456231], [127.80077606588196, 50.44934549230005], [127.80049897220049, 50.449162761730676], [127.80066025056807, 50.448354988827816], [127.80121897617013, 50.4485406208436], [127.8012076156371, 50.44899019007387], [127.80161871684008, 50.44944411087944], [127.80133025964697, 50.44971095148734], [127.8017504529407, 50.44980521647807], [127.80174136815839, 50.45016487185653], [127.80216383672419, 50.45016922153471], [127.80285660566439, 50.450626036965005], [127.80256814807977, 50.4508928805868], [127.80255225982381, 50.45152227755341], [127.80226833569859, 50.45160929265976]]]}}, {"id": "44", "type": "Feature", "properties": {"contour_id": "water_pre_0045", "area_ha": 2.83, "pair_id": "baseline_2018_09_low__blagoveshchensk", "layer": "water_pre", "aoi_name": "Благовещенск — слияние Амура и Зеи", "event_name": "Контрольный период межени, сентябрь 2018", "date_peak": "2018-09-15"}, "geometry": {"type": "Polygon", "coordinates": [[[127.44979922687831, 50.27970730980861], [127.44982551029769, 50.278898180700985], [127.44814195637957, 50.27887571212123], [127.44843716313433, 50.27842994264997], [127.44899249869792, 50.278617239834944], [127.44899834237447, 50.27843743341195], [127.44871775272475, 50.2784336883695], [127.44886973577366, 50.278075948134855], [127.44816826711524, 50.27806658353163], [127.44818288367182, 50.277617067595266], [127.44831733000362, 50.27779874721573], [127.44986055299118, 50.27781934169904], [127.44985179251769, 50.27808905147007], [127.45027267420156, 50.278094664646126], [127.45026391597108, 50.278364374456864], [127.451105684491, 50.278375596345484], [127.45109693087993, 50.278645306249295], [127.45235959178729, 50.278662127816474], [127.45235084517218, 50.27893183786665], [127.45108817713572, 50.278915016139415], [127.45107066924783, 50.27945443587856], [127.4506497754158, 50.27944882548246], [127.45064101889565, 50.279718535278114], [127.44979922687831, 50.27970730980861]]]}}, {"id": "45", "type": "Feature", "properties": {"contour_id": "water_pre_0046", "area_ha": 2.72, "pair_id": "baseline_2018_09_low__blagoveshchensk", "layer": "water_pre", "aoi_name": "Благовещенск — слияние Амура и Зеи", "event_name": "Контрольный период межени, сентябрь 2018", "date_peak": "2018-09-15"}, "geometry": {"type": "Polygon", "coordinates": [[[127.5754109430894, 50.22357236392481], [127.57527883750812, 50.22330091774967], [127.5742951697139, 50.22337879272932], [127.57306609371888, 50.2222843982451], [127.57348918967885, 50.222199651987715], [127.57349991758221, 50.221840015294546], [127.5729474198848, 50.221563403712736], [127.57352137273679, 50.22112074183608], [127.57408459195177, 50.221037713858934], [127.57395250063489, 50.22076626618404], [127.57465316865121, 50.22077486466045], [127.5744969551185, 50.221312600671084], [127.57476382789235, 50.22176558543547], [127.57532973118528, 50.22159264223903], [127.57532169566718, 50.22186236998731], [127.57489860581332, 50.22194712297653], [127.5747289923896, 50.22293440525785], [127.57528955237358, 50.22294128084515], [127.5754109430894, 50.22357236392481]]]}}, {"id": "46", "type": "Feature", "properties": {"contour_id": "water_pre_0047", "area_ha": 2.63, "pair_id": "baseline_2018_09_low__blagoveshchensk", "layer": "water_pre", "aoi_name": "Благовещенск — слияние Амура и Зеи", "event_name": "Контрольный период межени, сентябрь 2018", "date_peak": "2018-09-15"}, "geometry": {"type": "Polygon", "coordinates": [[[127.33543523319227, 50.435613966846], [127.3340371915285, 50.43532413198526], [127.33518211441391, 50.43480087683659], [127.33658960099518, 50.434821010401215], [127.3365959028711, 50.434641218740914], [127.33758743878619, 50.43447551026503], [127.33788152823264, 50.434119948920824], [127.33998644240963, 50.4343298856036], [127.33983626062307, 50.434597565082605], [127.33856637931888, 50.434669376962056], [127.33827229145878, 50.43502494002218], [127.33770929373478, 50.435016896756174], [127.3374183467325, 50.435282561686726], [127.33543523319227, 50.435613966846]], [[127.33744354170908, 50.434563394763536], [127.33758114070275, 50.43465530202092], [127.33758428975248, 50.43456540614375], [127.33744354170908, 50.434563394763536]], [[127.33899491743726, 50.434495614643424], [127.33913251928611, 50.43458752009419], [127.33913566539037, 50.43449762414527], [127.33899491743726, 50.434495614643424]], [[127.33913881147862, 50.43440772819481], [127.33927641335947, 50.434499633476946], [127.33927955918142, 50.434409737520106], [127.33913881147862, 50.43440772819481]]]}}, {"id": "47", "type": "Feature", "properties": {"contour_id": "water_pre_0048", "area_ha": 2.58, "pair_id": "baseline_2018_09_low__blagoveshchensk", "layer": "water_pre", "aoi_name": "Благовещенск — слияние Амура и Зеи", "event_name": "Контрольный период межени, сентябрь 2018", "date_peak": "2018-09-15"}, "geometry": {"type": "Polygon", "coordinates": [[[127.71496204277803, 50.179599381715605], [127.71441885179789, 50.178963778239975], [127.71371875504042, 50.17895602721078], [127.71261068471496, 50.17849404167077], [127.71276520127202, 50.177956103317754], [127.7144526380037, 50.1777049669179], [127.71443815849443, 50.17824445752012], [127.71611836674161, 50.17826304230819], [127.71608221332622, 50.17961176946366], [127.71524208534183, 50.17960247966504], [127.71526379190533, 50.178793243676864], [127.71456369740814, 50.17878549775874], [127.71469647771974, 50.17905679256365], [127.7151141246913, 50.179151355265084], [127.71496204277803, 50.179599381715605]], [[127.71428365969476, 50.17878239821038], [127.71443091857486, 50.1785142028012], [127.71289796914654, 50.17822740012029], [127.71316834075677, 50.17859016317912], [127.71414846860563, 50.17860101802574], [127.71428365969476, 50.17878239821038]]]}}, {"id": "48", "type": "Feature", "properties": {"contour_id": "water_pre_0049", "area_ha": 2.57, "pair_id": "baseline_2018_09_low__blagoveshchensk", "layer": "water_pre", "aoi_name": "Благовещенск — слияние Амура и Зеи", "event_name": "Контрольный период межени, сентябрь 2018", "date_peak": "2018-09-15"}, "geometry": {"type": "Polygon", "coordinates": [[[127.700487464278, 50.44413153358831], [127.700494851961, 50.44386180217894], [127.70091724812454, 50.44386651896309], [127.70095417285107, 50.4425178614912], [127.7017989415205, 50.4425272900119], [127.70182108060793, 50.44171809509901], [127.70224591694954, 50.44163289635732], [127.70226558878952, 50.44091361175782], [127.70311032934188, 50.440923030543615], [127.70306855291813, 50.442451510712445], [127.70222870343305, 50.44226227030396], [127.7022213260241, 50.44253200197311], [127.70264371064027, 50.44253671240157], [127.7026363355183, 50.44280644410223], [127.70179156159952, 50.44279702162281], [127.70175466030571, 50.444145679476996], [127.700487464278, 50.44413153358831]]]}}, {"id": "49", "type": "Feature", "properties": {"contour_id": "water_pre_0050", "area_ha": 2.53, "pair_id": "baseline_2018_09_low__blagoveshchensk", "layer": "water_pre", "aoi_name": "Благовещенск — слияние Амура и Зеи", "event_name": "Контрольный период межени, сентябрь 2018", "date_peak": "2018-09-15"}, "geometry": {"type": "Polygon", "coordinates": [[[127.73571403280157, 50.327149755915976], [127.73572119049008, 50.326880015337856], [127.7340429020948, 50.32659193457459], [127.73405723599812, 50.32605245370089], [127.7332145232009, 50.32604327463039], [127.73322169475655, 50.32577353426093], [127.73280034090554, 50.325768942479606], [127.7328075147358, 50.32549920214051], [127.73196481212909, 50.325490014085794], [127.73197199061765, 50.32522027382084], [127.73365021777943, 50.32550838408926], [127.73434291717217, 50.325875685045], [127.73419768817344, 50.326053982952324], [127.73573550554016, 50.32634053414167], [127.73572834806963, 50.32661027474643], [127.73657107171104, 50.326619435673], [127.73656391889944, 50.326889176351635], [127.7403562021283, 50.32693032534814], [127.74034907066385, 50.32720006640514], [127.73571403280157, 50.327149755915976]], [[127.73322408525084, 50.32568362080147], [127.73336214606448, 50.32577506451548], [127.73336453629389, 50.32568515105117], [127.73322408525084, 50.32568362080147]]]}}, {"id": "50", "type": "Feature", "properties": {"contour_id": "water_pre_0051", "area_ha": 2.53, "pair_id": "baseline_2018_09_low__blagoveshchensk", "layer": "water_pre", "aoi_name": "Благовещенск — слияние Амура и Зеи", "event_name": "Контрольный период межени, сентябрь 2018", "date_peak": "2018-09-15"}, "geometry": {"type": "Polygon", "coordinates": [[[127.6714922032899, 50.196559045947815], [127.67108697560573, 50.19601475983766], [127.67151715777774, 50.195659913158146], [127.67124700972725, 50.19529705594781], [127.67168466917946, 50.194672468655014], [127.67224741492993, 50.194588960588284], [127.6725200601542, 50.194861902209084], [127.67363558613569, 50.19505452875917], [127.67362562062009, 50.19541418223908], [127.6733429982874, 50.19550089659697], [127.67347309692263, 50.19586214961539], [127.67375572117137, 50.19577543496131], [127.67374824753952, 50.19604517505294], [127.67234508366745, 50.196119087952226], [127.6714922032899, 50.196559045947815]]]}}, {"id": "51", "type": "Feature", "properties": {"contour_id": "water_pre_0052", "area_ha": 2.49, "pair_id": "baseline_2018_09_low__blagoveshchensk", "layer": "water_pre", "aoi_name": "Благовещенск — слияние Амура и Зеи", "event_name": "Контрольный период межени, сентябрь 2018", "date_peak": "2018-09-15"}, "geometry": {"type": "Polygon", "coordinates": [[[127.69734577380436, 50.26592663683776], [127.69735067973751, 50.265746810584254], [127.69706768084234, 50.26583357873492], [127.69707504126987, 50.2655638393779], [127.6966566790794, 50.26546920758118], [127.69666404173321, 50.265199468251225], [127.69723003237465, 50.265025933151875], [127.69806675305468, 50.26521519109382], [127.69807165614935, 50.26503536476668], [127.6986376398478, 50.26486182275211], [127.69879016083861, 50.264413827425365], [127.69809126803095, 50.2643160593987], [127.69795835452462, 50.264044748403315], [127.6974021890324, 50.263858634563555], [127.69740954705543, 50.26358889507853], [127.69712656112802, 50.26367566350423], [127.69699610825407, 50.263314438279956], [127.69755962291053, 50.263230814500965], [127.69825359663268, 50.26350841200478], [127.6982486944884, 50.263688238392405], [127.69880976146688, 50.263694521774866], [127.6989402290835, 50.26405574505445], [127.6994939542008, 50.26433176481884], [127.70005747675062, 50.264248129000826], [127.69934878738302, 50.26451002147897], [127.69934144007253, 50.26477976112869], [127.69919872070005, 50.26486810436273], [127.69905845046836, 50.26486653421394], [127.69919137244871, 50.26513784397969], [127.69877055941537, 50.26513313298076], [127.69890348046722, 50.26540444305668], [127.69861558525619, 50.26567104138355], [127.69734577380436, 50.26592663683776]], [[127.69834239337956, 50.265398159972555], [127.69848021433386, 50.265489644170756], [127.69848266513283, 50.26539973099744], [127.69834239337956, 50.265398159972555]], [[127.69892063016925, 50.264775050697246], [127.69905845046836, 50.26486653421394], [127.6990609001246, 50.264776621010306], [127.69892063016925, 50.264775050697246]], [[127.69741445234195, 50.26340906874775], [127.69755226582845, 50.263500554018776], [127.69755471820157, 50.26341064084767], [127.69741445234195, 50.26340906874775]]]}}, {"id": "52", "type": "Feature", "properties": {"contour_id": "water_pre_0053", "area_ha": 2.48, "pair_id": "baseline_2018_09_low__blagoveshchensk", "layer": "water_pre", "aoi_name": "Благовещенск — слияние Амура и Зеи", "event_name": "Контрольный период межени, сентябрь 2018", "date_peak": "2018-09-15"}, "geometry": {"type": "Polygon", "coordinates": [[[127.72647244584456, 50.23656905242572], [127.72634423656133, 50.23611794276646], [127.7266246113036, 50.23612101577084], [127.72662940192433, 50.23594118652171], [127.7257906778788, 50.23584205094062], [127.72593805416119, 50.235573844372844], [127.72495915267467, 50.23547316561169], [127.72483335904887, 50.23493213975209], [127.724275023586, 50.23483606996867], [127.7244200057927, 50.234657779888586], [127.72400185705845, 50.23456324769222], [127.72386887549604, 50.23429196448624], [127.72513530875031, 50.23412598499061], [127.72513051281805, 50.23430581419179], [127.72554866161697, 50.23440034233016], [127.72539649187478, 50.23484837767095], [127.72595243334624, 50.23503435670047], [127.72621842566832, 50.23557691833318], [127.72663898302007, 50.235581528005646], [127.72649400617338, 50.23575982086848], [127.72748249171372, 50.235500828123705], [127.72872024925452, 50.2364137858282], [127.72829489982443, 50.236589012983785], [127.72829968424165, 50.23640918363263], [127.72690259129295, 50.23621400273099], [127.72647244584456, 50.23656905242572]]]}}, {"id": "53", "type": "Feature", "properties": {"contour_id": "water_pre_0054", "area_ha": 2.46, "pair_id": "baseline_2018_09_low__blagoveshchensk", "layer": "water_pre", "aoi_name": "Благовещенск — слияние Амура и Зеи", "event_name": "Контрольный период межени, сентябрь 2018", "date_peak": "2018-09-15"}, "geometry": {"type": "Polygon", "coordinates": [[[127.67032328163306, 50.2587850935664], [127.66921881305215, 50.25814286440888], [127.66923384428237, 50.2576033909982], [127.66895585555879, 50.25751026631364], [127.66896587818474, 50.25715061737817], [127.66855516620808, 50.25678614860587], [127.66870292926173, 50.256518018674846], [127.66746581756328, 50.2556044297735], [127.66749340828025, 50.254615395416195], [127.66831227873263, 50.25543425112375], [127.66829723825148, 50.255973724535], [127.66899343935825, 50.25616158268274], [127.66924887505544, 50.25706391753389], [127.6702305948163, 50.25707515558096], [127.67021557512376, 50.25761462925912], [127.66993508053419, 50.257611419173394], [127.67006280974407, 50.2580625856329], [127.67104204854552, 50.25816372926338], [127.67102703743748, 50.25870320301747], [127.67032328163306, 50.2587850935664]], [[127.66897339502083, 50.25688088066093], [127.66911113477433, 50.25697239917766], [127.66911364010984, 50.25688248693199], [127.66897339502083, 50.25688088066093]]]}}, {"id": "54", "type": "Feature", "properties": {"contour_id": "water_pre_0055", "area_ha": 2.45, "pair_id": "baseline_2018_09_low__blagoveshchensk", "layer": "water_pre", "aoi_name": "Благовещенск — слияние Амура и Зеи", "event_name": "Контрольный период межени, сентябрь 2018", "date_peak": "2018-09-15"}, "geometry": {"type": "Polygon", "coordinates": [[[127.62242694164604, 50.28988641384744], [127.62159789459686, 50.289426881103545], [127.62005417773157, 50.28940856359772], [127.61977870446123, 50.28922541112441], [127.62006458026846, 50.28904892391776], [127.62009318615675, 50.28805991467447], [127.62093518955601, 50.28806990810639], [127.62091959605546, 50.28860936790628], [127.62302463041247, 50.28863432528607], [127.62300906022179, 50.28917378550708], [127.62258804835645, 50.28916879698482], [127.62258026070492, 50.28943852702767], [127.62229698816948, 50.28952511046837], [127.62299867983143, 50.289533425624505], [127.62299089440044, 50.28980315569688], [127.62242694164604, 50.28988641384744]], [[127.62201890856416, 50.28943187323012], [127.62215664987659, 50.289523446929024], [127.62215924657959, 50.289433536933565], [127.62201890856416, 50.28943187323012]]]}}, {"id": "55", "type": "Feature", "properties": {"contour_id": "water_pre_0056", "area_ha": 2.42, "pair_id": "baseline_2018_09_low__blagoveshchensk", "layer": "water_pre", "aoi_name": "Благовещенск — слияние Амура и Зеи", "event_name": "Контрольный период межени, сентябрь 2018", "date_peak": "2018-09-15"}, "geometry": {"type": "Polygon", "coordinates": [[[127.33681642816612, 50.42834850674957], [127.33711048427769, 50.427992946679176], [127.33739194137786, 50.42799696969847], [127.33798633104144, 50.42710605365115], [127.33869939935789, 50.42684641636104], [127.33885585342507, 50.42639894570691], [127.3392780253003, 50.426404973511126], [127.33943447237696, 50.425957501978516], [127.34013494265953, 50.42605744003323], [127.34010979604948, 50.42677660899412], [127.33940617053392, 50.42676656677954], [127.33936843272909, 50.42784531965362], [127.33823316597982, 50.42809893068169], [127.33822687176645, 50.428278722694515], [127.33710418583685, 50.42817273859292], [127.33723861693895, 50.428354542120786], [127.33681642816612, 50.42834850674957]], [[127.33983463360848, 50.42659280041321], [127.33997221456278, 50.42668470478312], [127.33997535819519, 50.42659480867324], [127.33983463360848, 50.42659280041321]]]}}, {"id": "56", "type": "Feature", "properties": {"contour_id": "water_pre_0057", "area_ha": 2.37, "pair_id": "baseline_2018_09_low__blagoveshchensk", "layer": "water_pre", "aoi_name": "Благовещенск — слияние Амура и Зеи", "event_name": "Контрольный период межени, сентябрь 2018", "date_peak": "2018-09-15"}, "geometry": {"type": "Polygon", "coordinates": [[[127.79948825150218, 50.26621718774664], [127.79963305190573, 50.26603880345777], [127.79879137780974, 50.26603010711358], [127.79879590176277, 50.26585027389725], [127.79823705105548, 50.26575455639395], [127.79880268760634, 50.26558052406171], [127.79881852083992, 50.26495110772723], [127.7992393483325, 50.26495545649549], [127.79924613145616, 50.26468570657439], [127.80008778199898, 50.264694399458186], [127.80010811649612, 50.26388514936718], [127.80094975319652, 50.26389383590971], [127.80091588561089, 50.2652425864084], [127.80007422515207, 50.26523389945258], [127.80048376160244, 50.26568782704922], [127.79948825150218, 50.26621718774664]], [[127.7999226494416, 50.26568203429938], [127.80005840830945, 50.26586331604571], [127.80006292746461, 50.26568348274075], [127.7999226494416, 50.26568203429938]]]}}, {"id": "57", "type": "Feature", "properties": {"contour_id": "water_pre_0058", "area_ha": 2.35, "pair_id": "baseline_2018_09_low__blagoveshchensk", "layer": "water_pre", "aoi_name": "Благовещенск — слияние Амура и Зеи", "event_name": "Контрольный период межени, сентябрь 2018", "date_peak": "2018-09-15"}, "geometry": {"type": "Polygon", "coordinates": [[[127.70943834764229, 50.301318143028766], [127.7093077036858, 50.30095693241159], [127.70959818921334, 50.30060039733828], [127.70863503604092, 50.29987018106054], [127.70879245012577, 50.299242349370125], [127.70949430942242, 50.29925014352301], [127.71063430067929, 50.29863321376981], [127.71062700829306, 50.29890295303006], [127.71091018045863, 50.29881615365923], [127.71089802894123, 50.299265719120115], [127.71061728493879, 50.29926260535629], [127.71074793444015, 50.299623814645166], [127.71032438387074, 50.29970905623966], [127.71045746353988, 50.29998035276191], [127.71017428361849, 50.3000671509535], [127.71043071930377, 50.30096939635168], [127.71014996532524, 50.300966281383424], [127.71000229183248, 50.3012344627303], [127.70943834764229, 50.301318143028766]], [[127.70958359159363, 50.301139875442004], [127.70972153634102, 50.30123134671562], [127.70972396905636, 50.30114143369858], [127.70958359159363, 50.301139875442004]]]}}, {"id": "58", "type": "Feature", "properties": {"contour_id": "water_pre_0059", "area_ha": 2.34, "pair_id": "baseline_2018_09_low__blagoveshchensk", "layer": "water_pre", "aoi_name": "Благовещенск — слияние Амура и Зеи", "event_name": "Контрольный период межени, сентябрь 2018", "date_peak": "2018-09-15"}, "geometry": {"type": "Polygon", "coordinates": [[[127.54633672957846, 50.16537905703536], [127.54592227669211, 50.16519398226529], [127.54621312632138, 50.16483785103973], [127.54579322156214, 50.16483259379733], [127.54566143959802, 50.16456111414955], [127.54439900217359, 50.164635240866644], [127.54441265754286, 50.16418569626677], [127.54469805108691, 50.16400938668537], [127.54471443375957, 50.16346993303094], [127.54444269813904, 50.163196698014325], [127.54626222313365, 50.16321948905779], [127.54625676815314, 50.16339930707991], [127.54653669633201, 50.163402810887426], [127.54638036853714, 50.16394051313145], [127.54581232080857, 50.16420323097904], [127.54580686395006, 50.16438304893466], [127.54650397158663, 50.16448171902673], [127.54678935933055, 50.164305404262706], [127.54691024144297, 50.16493651875052], [127.54633672957846, 50.16537905703536]]]}}, {"id": "59", "type": "Feature", "properties": {"contour_id": "water_pre_0060", "area_ha": 2.31, "pair_id": "baseline_2018_09_low__blagoveshchensk", "layer": "water_pre", "aoi_name": "Благовещенск — слияние Амура и Зеи", "event_name": "Контрольный период межени, сентябрь 2018", "date_peak": "2018-09-15"}, "geometry": {"type": "Polygon", "coordinates": [[[127.70569014001973, 50.43411646667393], [127.7056950436964, 50.433936645054615], [127.70499119609144, 50.43392881290746], [127.7049985555101, 50.43365908054195], [127.70584316787685, 50.433668478518264], [127.70597903411232, 50.43384986589985], [127.70627282634013, 50.43340344269485], [127.70585052238671, 50.433398746049875], [127.70585787678442, 50.43312901356815], [127.70458851894054, 50.43320482535783], [127.70444038919693, 50.43347299027472], [127.70372918227666, 50.433734882830535], [127.70359578077644, 50.43346358214292], [127.70445020574431, 50.433113347167684], [127.70290422607823, 50.43300618373753], [127.70502063309262, 50.432849883365314], [127.70502799206226, 50.432580150946386], [127.70629488200206, 50.43259424507541], [127.70630223366507, 50.43232451250887], [127.70756422111975, 50.4325184145156], [127.70712478178626, 50.4331430987721], [127.70628017833957, 50.43313371016839], [127.7065592626509, 50.43322675123754], [127.70626792494484, 50.43358326437175], [127.70640134210025, 50.433854562108635], [127.70569014001973, 50.43411646667393]], [[127.70714192482404, 50.43251372261642], [127.70728024154191, 50.43260519764185], [127.7072826902435, 50.43251528675306], [127.70714192482404, 50.43251372261642]]]}}, {"id": "60", "type": "Feature", "properties": {"contour_id": "water_pre_0061", "area_ha": 2.24, "pair_id": "baseline_2018_09_low__blagoveshchensk", "layer": "water_pre", "aoi_name": "Благовещенск — слияние Амура и Зеи", "event_name": "Контрольный период межени, сентябрь 2018", "date_peak": "2018-09-15"}, "geometry": {"type": "Polygon", "coordinates": [[[127.69179228579597, 50.22278252767749], [127.69167427834122, 50.22197172715102], [127.69040805861079, 50.22213734386805], [127.69041544520454, 50.22186760318777], [127.69013515801893, 50.221864443471915], [127.69014008340561, 50.22168461636434], [127.69056297450761, 50.221599442083516], [127.69043760431218, 50.22105838106661], [127.69086048934591, 50.22097320564632], [127.69100801330967, 50.22070504389539], [127.69128583335566, 50.22079811506423], [127.69127845195017, 50.22106785588817], [127.69197915865796, 50.221075746925884], [127.69224960675206, 50.22143855670933], [127.69182671996562, 50.22152373716655], [127.69293803211873, 50.22189601021335], [127.69278314185308, 50.222433915339224], [127.69320112110601, 50.222528558770165], [127.69179228579597, 50.22278252767749]]]}}, {"id": "61", "type": "Feature", "properties": {"contour_id": "water_pre_0062", "area_ha": 2.15, "pair_id": "baseline_2018_09_low__blagoveshchensk", "layer": "water_pre", "aoi_name": "Благовещенск — слияние Амура и Зеи", "event_name": "Контрольный период межени, сентябрь 2018", "date_peak": "2018-09-15"}, "geometry": {"type": "Polygon", "coordinates": [[[127.65117386534018, 50.31585657498581], [127.65047941520501, 50.31557869488239], [127.65090321003872, 50.31549367357758], [127.65063001344745, 50.31522068221076], [127.65119422019004, 50.31513728957648], [127.65120439730512, 50.314777646836006], [127.65275657946628, 50.31452582495343], [127.65274895549959, 50.31479555719491], [127.65331315368825, 50.31471215420045], [127.65316511779349, 50.31498025979593], [127.65358636291236, 50.3149851393843], [127.65371661981605, 50.31534640867502], [127.65370646144818, 50.31570605175149], [127.65329029073617, 50.315521351043586], [127.65286141733225, 50.31578620255287], [127.65117386534018, 50.31585657498581]]]}}, {"id": "62", "type": "Feature", "properties": {"contour_id": "water_pre_0063", "area_ha": 2.13, "pair_id": "baseline_2018_09_low__blagoveshchensk", "layer": "water_pre", "aoi_name": "Благовещенск — слияние Амура и Зеи", "event_name": "Контрольный период межени, сентябрь 2018", "date_peak": "2018-09-15"}, "geometry": {"type": "Polygon", "coordinates": [[[127.37907047690481, 50.242135525579634], [127.37839091553072, 50.24149643985338], [127.37797037082068, 50.24149056950354], [127.37770832020638, 50.24094725095517], [127.37631874015457, 50.24056806658694], [127.3770257405183, 50.24039805814833], [127.3770318469928, 50.24021825680086], [127.37730609710381, 50.24040197410142], [127.37731220252459, 50.24022217272909], [127.37759255811825, 50.24022608798123], [127.37813801372619, 50.24068342006264], [127.3795276120594, 50.24106258283556], [127.37952151479035, 50.24124238437877], [127.37993900977202, 50.241338149882594], [127.37992986607729, 50.24160785223709], [127.38021023016142, 50.241611761252116], [127.3796403566405, 50.241873644849456], [127.37963121108703, 50.24214334713916], [127.37907047690481, 50.242135525579634]]]}}, {"id": "63", "type": "Feature", "properties": {"contour_id": "water_pre_0064", "area_ha": 2.09, "pair_id": "baseline_2018_09_low__blagoveshchensk", "layer": "water_pre", "aoi_name": "Благовещенск — слияние Амура и Зеи", "event_name": "Контрольный период межени, сентябрь 2018", "date_peak": "2018-09-15"}, "geometry": {"type": "Polygon", "coordinates": [[[127.70634330416821, 50.33258279328369], [127.70522198928035, 50.33248037183095], [127.70523420867576, 50.33203080995752], [127.70579608161974, 50.33203706573685], [127.70580585267363, 50.331677416131996], [127.7060916714932, 50.331500718132936], [127.70610144013001, 50.33114106845276], [127.70541377263561, 50.33059377583303], [127.70556156592984, 50.33032560254039], [127.70695155574855, 50.330880707334224], [127.70680376846565, 50.33114888241555], [127.70708469988662, 50.3311520068132], [127.70721296538635, 50.33160313105239], [127.70776995566646, 50.33178920217971], [127.7074817016416, 50.332055816789016], [127.70706273686639, 50.33196121887256], [127.70705053475497, 50.33241078107582], [127.70649109863234, 50.33231461890649], [127.70634330416821, 50.33258279328369]], [[127.70623458010814, 50.33141236886183], [127.70637016324949, 50.3315937566929], [127.70637504655771, 50.3314139318389], [127.70623458010814, 50.33141236886183]], [[127.70583516464507, 50.330598467174894], [127.70597318634185, 50.33068994304247], [127.705975628673, 50.330600030616246], [127.70583516464507, 50.330598467174894]]]}}, {"id": "64", "type": "Feature", "properties": {"contour_id": "water_pre_0065", "area_ha": 2.08, "pair_id": "baseline_2018_09_low__blagoveshchensk", "layer": "water_pre", "aoi_name": "Благовещенск — слияние Амура и Зеи", "event_name": "Контрольный период межени, сентябрь 2018", "date_peak": "2018-09-15"}, "geometry": {"type": "Polygon", "coordinates": [[[127.61432712628714, 50.283584212001045], [127.61405954263624, 50.28313131687818], [127.61350610393315, 50.282854893236866], [127.61351394104875, 50.28258516391861], [127.6130956021275, 50.28249023172396], [127.61338146147138, 50.282313760627204], [127.61296312519178, 50.282218827973175], [127.61255786111217, 50.28167434508032], [127.6122746172581, 50.28176090443681], [127.61091596052286, 50.28021567739559], [127.6123216780942, 50.28014252886216], [127.61231383491982, 50.2804122581583], [127.61175259137029, 50.2804055556542], [127.61188244131662, 50.280766870510966], [127.61216829463505, 50.28059040229889], [127.6128593983142, 50.280958416632664], [127.61285155795166, 50.28122814595212], [127.61313218466664, 50.28123149492932], [127.61298141835687, 50.281589459618274], [127.61339713669146, 50.28177430195518], [127.61324898337297, 50.282042357184835], [127.61395056234568, 50.282050726056994], [127.61394272784601, 50.28232045544997], [127.61366209463219, 50.28231710837725], [127.61378935214732, 50.2827683309301], [127.61490406672344, 50.28305144348318], [127.61434018068465, 50.28313466303047], [127.61432712628714, 50.283584212001045]], [[127.61202275325395, 50.28076854624292], [127.61216045046937, 50.28086013155663], [127.61216306520453, 50.28077022180553], [127.61202275325395, 50.28076854624292]]]}}, {"id": "65", "type": "Feature", "properties": {"contour_id": "water_pre_0066", "area_ha": 2.06, "pair_id": "baseline_2018_09_low__blagoveshchensk", "layer": "water_pre", "aoi_name": "Благовещенск — слияние Амура и Зеи", "event_name": "Контрольный период межени, сентябрь 2018", "date_peak": "2018-09-15"}, "geometry": {"type": "Polygon", "coordinates": [[[127.41674912314063, 50.29014478442115], [127.41675807446772, 50.2898750794791], [127.41634306468671, 50.289689540724794], [127.41635798707398, 50.28924003253318], [127.41594596954447, 50.288964590769496], [127.41585042604176, 50.287614153645315], [127.41669234387288, 50.28762562625228], [127.41667444176716, 50.28816503631534], [127.41611017201885, 50.288247290090005], [127.41665355528868, 50.28879434798609], [127.41707452471088, 50.2888000822402], [127.41694613466301, 50.28843856428314], [127.4176358174856, 50.28880772554179], [127.41762388941902, 50.28916733234691], [127.41720589947705, 50.289071698371174], [127.41677299304357, 50.28942557121181], [127.4177522864554, 50.28952884957816], [127.41846583537493, 50.28917879236491], [127.41859423884233, 50.28954030872557], [127.41815537600482, 50.29007399018448], [127.41745374127908, 50.290064438596566], [127.4173253451643, 50.28970292107544], [127.41690436772598, 50.289697187655435], [127.41702977736264, 50.29014860726977], [127.41674912314063, 50.29014478442115]]]}}, {"id": "66", "type": "Feature", "properties": {"contour_id": "water_pre_0067", "area_ha": 1.98, "pair_id": "baseline_2018_09_low__blagoveshchensk", "layer": "water_pre", "aoi_name": "Благовещенск — слияние Амура и Зеи", "event_name": "Контрольный период межени, сентябрь 2018", "date_peak": "2018-09-15"}, "geometry": {"type": "Polygon", "coordinates": [[[127.72280220287736, 50.31090942973361], [127.72238821109458, 50.31063506123959], [127.72186515645608, 50.30919027458794], [127.7219133642014, 50.3073920078869], [127.72221102515428, 50.30676570117822], [127.72262498271807, 50.30704007021972], [127.72262016490735, 50.307219896977315], [127.72233937279049, 50.30721681116856], [127.72230804894966, 50.30838568482119], [127.72257680241087, 50.30883833752894], [127.72255993814831, 50.3094677309471], [127.7231215489891, 50.30947390101998], [127.72310709978116, 50.3100133811523], [127.72282388238747, 50.31010020973658], [127.72309746673149, 50.31037303454422], [127.72294983564723, 50.31064123224503], [127.72336864638967, 50.31073577206876], [127.72280220287736, 50.31090942973361]]]}}, {"id": "67", "type": "Feature", "properties": {"contour_id": "water_pre_0068", "area_ha": 1.97, "pair_id": "baseline_2018_09_low__blagoveshchensk", "layer": "water_pre", "aoi_name": "Благовещенск — слияние Амура и Зеи", "event_name": "Контрольный период межени, сентябрь 2018", "date_peak": "2018-09-15"}, "geometry": {"type": "Polygon", "coordinates": [[[127.34095596226125, 50.43479342027362], [127.34068703708866, 50.43442982141308], [127.34225096553952, 50.43400241356311], [127.34268890226939, 50.43355894909065], [127.34325188412159, 50.433566968098084], [127.34297667059212, 50.43338316665435], [127.34354592567595, 50.43321139191203], [127.34385251066995, 50.432496230150036], [127.34426846551514, 50.43268203277334], [127.34394933803168, 50.43375678039172], [127.34352396207655, 50.433840665066136], [127.34337066371437, 50.43419824549098], [127.34222584389617, 50.434721582306885], [127.34095596226125, 50.43479342027362]]]}}, {"id": "68", "type": "Feature", "properties": {"contour_id": "water_pre_0069", "area_ha": 1.96, "pair_id": "baseline_2018_09_low__blagoveshchensk", "layer": "water_pre", "aoi_name": "Благовещенск — слияние Амура и Зеи", "event_name": "Контрольный период межени, сентябрь 2018", "date_peak": "2018-09-15"}, "geometry": {"type": "Polygon", "coordinates": [[[127.34910376669416, 50.43131169870961], [127.34911002039408, 50.43113190580295], [127.34868780438993, 50.431125913267074], [127.34869405962387, 50.430946120392306], [127.34731172090284, 50.43020696328603], [127.34732111124049, 50.42993727411578], [127.34676756466204, 50.42965958610136], [127.34678008895841, 50.4293000006026], [127.34539156073137, 50.42874061395697], [127.34540096148689, 50.42847092497959], [127.34484744325678, 50.428193228036235], [127.34472238760989, 50.427741744098945], [127.34444093097837, 50.42773773882529], [127.34446287766943, 50.42710846471622], [127.34487878824396, 50.42729426488642], [127.34486938491509, 50.427563953847525], [127.34571061921548, 50.42766586084339], [127.34569808754604, 50.42802544624968], [127.34611401101034, 50.428211242100325], [127.34610461439152, 50.428480931186826], [127.34652054343059, 50.428666725624154], [127.34650801745, 50.42902631111519], [127.34692708358303, 50.42912220776871], [127.34705216358215, 50.429573689471745], [127.34747123566795, 50.429669584213876], [127.34759632217572, 50.43012106535519], [127.34953536256864, 50.431048000332716], [127.34952911049811, 50.431227793280485], [127.34910376669416, 50.43131169870961]], [[127.34540409504021, 50.42838102865073], [127.34554169203597, 50.428472926561334], [127.34554482532306, 50.42838303022613], [127.34540409504021, 50.42838102865073]], [[127.34555422508879, 50.42811334121123], [127.34582628593652, 50.428387032866446], [127.34583568410491, 50.42811734381344], [127.34555422508879, 50.42811334121123]]]}}, {"id": "69", "type": "Feature", "properties": {"contour_id": "water_pre_0070", "area_ha": 1.94, "pair_id": "baseline_2018_09_low__blagoveshchensk", "layer": "water_pre", "aoi_name": "Благовещенск — слияние Амура и Зеи", "event_name": "Контрольный период межени, сентябрь 2018", "date_peak": "2018-09-15"}, "geometry": {"type": "Polygon", "coordinates": [[[127.6957805165192, 50.22561554534245], [127.69466909582427, 50.225243298872165], [127.69454121564127, 50.224792155847204], [127.6938429097585, 50.22469436619815], [127.69399534028365, 50.22424637348286], [127.69357734445359, 50.2241517328072], [127.69358471370049, 50.223881991879864], [127.69288642313924, 50.22378419658578], [127.69303394476228, 50.2235160323683], [127.69386992481076, 50.22370531605404], [127.6938748364767, 50.22352548873579], [127.69443543120182, 50.22353178960089], [127.69498375740113, 50.22398765624633], [127.69497639601707, 50.22425739731902], [127.695935384127, 50.22507763632645], [127.6957805165192, 50.22561554534245]]]}}, {"id": "70", "type": "Feature", "properties": {"contour_id": "water_pre_0071", "area_ha": 1.89, "pair_id": "baseline_2018_09_low__blagoveshchensk", "layer": "water_pre", "aoi_name": "Благовещенск — слияние Амура и Зеи", "event_name": "Контрольный период межени, сентябрь 2018", "date_peak": "2018-09-15"}, "geometry": {"type": "Polygon", "coordinates": [[[127.5416086729868, 50.173504600789315], [127.54135880057308, 50.17251208929234], [127.54065337100221, 50.17268311344638], [127.54065884880542, 50.172503296160826], [127.53954440864594, 50.17230940117776], [127.53925346325663, 50.17266551442231], [127.53966795390085, 50.172850613101886], [127.53938523007221, 50.17293700085008], [127.53884446040475, 50.17230059713919], [127.53926717078595, 50.17221597147604], [127.5391326648398, 50.172034393496], [127.53941538374914, 50.171948006306906], [127.53942360718786, 50.171678280490724], [127.540398043745, 50.17187041725874], [127.540823486197, 50.171695877214674], [127.5408180091683, 50.17187569453851], [127.54109798618647, 50.17187921188174], [127.54094978281096, 50.17214717928564], [127.5416497294671, 50.17215597061911], [127.54205875268713, 50.172520878207386], [127.54204780752562, 50.172880512995334], [127.54260503839139, 50.17297744989609], [127.54259136180896, 50.17342699345094], [127.5416086729868, 50.173504600789315]]]}}, {"id": "71", "type": "Feature", "properties": {"contour_id": "water_pre_0072", "area_ha": 1.89, "pair_id": "baseline_2018_09_low__blagoveshchensk", "layer": "water_pre", "aoi_name": "Благовещенск — слияние Амура и Зеи", "event_name": "Контрольный период межени, сентябрь 2018", "date_peak": "2018-09-15"}, "geometry": {"type": "Polygon", "coordinates": [[[127.62841027789995, 50.20379335174744], [127.62804672662897, 50.20181033444846], [127.62791437882352, 50.201538945199296], [127.62763421785569, 50.20153563569403], [127.62754570674662, 50.199735749098274], [127.62782070152116, 50.199918881938274], [127.62782843497463, 50.19964914712568], [127.62796077727828, 50.19992053651205], [127.62852108043725, 50.19992715311879], [127.62845924013588, 50.202085031764184], [127.62872909907236, 50.202447985705234], [127.62869045217403, 50.203796659488646], [127.62841027789995, 50.20379335174744]]]}}, {"id": "72", "type": "Feature", "properties": {"contour_id": "water_pre_0073", "area_ha": 1.87, "pair_id": "baseline_2018_09_low__blagoveshchensk", "layer": "water_pre", "aoi_name": "Благовещенск — слияние Амура и Зеи", "event_name": "Контрольный период межени, сентябрь 2018", "date_peak": "2018-09-15"}, "geometry": {"type": "Polygon", "coordinates": [[[127.6935112206001, 50.451967950105], [127.69423018328618, 50.451436392962464], [127.69465264583478, 50.45144113299629], [127.6948033626485, 50.45108307205241], [127.69748387914316, 50.45093323253737], [127.69690084129658, 50.451646207730725], [127.69648331818708, 50.451461655425504], [127.69618684786708, 50.45199796118053], [127.6935112206001, 50.451967950105]], [[127.69521098296455, 50.45162727098475], [127.69549262589416, 50.45163042881269], [127.69550746187599, 50.45109096774952], [127.69522334898159, 50.45117772015263], [127.69521098296455, 50.45162727098475]], [[127.69479594071312, 50.451352802515466], [127.69493428759678, 50.45144429216703], [127.69493676133366, 50.451354382010656], [127.69479594071312, 50.451352802515466]]]}}, {"id": "73", "type": "Feature", "properties": {"contour_id": "water_pre_0074", "area_ha": 1.85, "pair_id": "baseline_2018_09_low__blagoveshchensk", "layer": "water_pre", "aoi_name": "Благовещенск — слияние Амура и Зеи", "event_name": "Контрольный период межени, сентябрь 2018", "date_peak": "2018-09-15"}, "geometry": {"type": "Polygon", "coordinates": [[[127.59272876483912, 50.2781980599597], [127.59287702051026, 50.27793003158415], [127.59259906693775, 50.27783672482382], [127.59262292813509, 50.2770275433348], [127.59220468080187, 50.27693253661084], [127.5923555869777, 50.27657459978161], [127.59207764228991, 50.27648129182765], [127.59210416321037, 50.27558220126732], [127.59265739238663, 50.27585872541389], [127.59349917075667, 50.275868915779384], [127.5934435298795, 50.277757006819726], [127.59302262399711, 50.277751912059436], [127.59301202189387, 50.27811154830843], [127.59272876483912, 50.2781980599597]]]}}, {"id": "74", "type": "Feature", "properties": {"contour_id": "water_pre_0075", "area_ha": 1.81, "pair_id": "baseline_2018_09_low__blagoveshchensk", "layer": "water_pre", "aoi_name": "Благовещенск — слияние Амура и Зеи", "event_name": "Контрольный период межени, сентябрь 2018", "date_peak": "2018-09-15"}, "geometry": {"type": "Polygon", "coordinates": [[[127.32250394458478, 50.44289331951637], [127.32124972384692, 50.442515464626695], [127.32126880878826, 50.44197609456184], [127.32156624754565, 50.441530681547334], [127.32212613880458, 50.441628698729744], [127.32227962195466, 50.441271148561704], [127.32298345635643, 50.441281296435704], [127.32269238852972, 50.441546923066525], [127.32310198261277, 50.44191259124302], [127.3235242890908, 50.44191867754942], [127.32351475952949, 50.44218836290274], [127.32250394458478, 50.44289331951637]]]}}, {"id": "75", "type": "Feature", "properties": {"contour_id": "water_pre_0076", "area_ha": 1.7, "pair_id": "baseline_2018_09_low__blagoveshchensk", "layer": "water_pre", "aoi_name": "Благовещенск — слияние Амура и Зеи", "event_name": "Контрольный период межени, сентябрь 2018", "date_peak": "2018-09-15"}, "geometry": {"type": "Polygon", "coordinates": [[[127.77118311980097, 50.36278612553251], [127.77035136223921, 50.3623276400511], [127.77023636132212, 50.36133709788432], [127.76981701114599, 50.361242723802626], [127.76940696320074, 50.36078869161688], [127.77108435472798, 50.36116618473747], [127.77109132059884, 50.360896442118054], [127.77081020672813, 50.36089347109162], [127.7708264637298, 50.360264071660666], [127.77125045056549, 50.36017861362211], [127.7716605110616, 50.360632639443715], [127.77135386287186, 50.36161872616284], [127.77177554020707, 50.36162318052289], [127.7717708987705, 50.361803008960834], [127.77092754102115, 50.361794098655686], [127.77118311980097, 50.36278612553251]]]}}, {"id": "76", "type": "Feature", "properties": {"contour_id": "water_pre_0077", "area_ha": 1.69, "pair_id": "baseline_2018_09_low__blagoveshchensk", "layer": "water_pre", "aoi_name": "Благовещенск — слияние Амура и Зеи", "event_name": "Контрольный период межени, сентябрь 2018", "date_peak": "2018-09-15"}, "geometry": {"type": "Polygon", "coordinates": [[[127.69748387914316, 50.45093323253737], [127.69720964827285, 50.45066034881874], [127.69607815610472, 50.45082755062901], [127.69608557061193, 50.450557820003866], [127.69679460267795, 50.450385887410334], [127.69637462008448, 50.45029124499865], [127.69680448307656, 50.45002624644395], [127.6990649506777, 50.449781727581886], [127.69904275824538, 50.45059092048345], [127.69819784692804, 50.45058147086952], [127.69819044442367, 50.45085120171997], [127.69748387914316, 50.45093323253737]], [[127.69749128568614, 50.450663501766435], [127.69762963584327, 50.450754988248235], [127.69763210441162, 50.45066507798476], [127.69749128568614, 50.450663501766435]], [[127.69708364713303, 50.450119310597515], [127.69722199492728, 50.45021079755422], [127.69722446422047, 50.45012088729686], [127.69708364713303, 50.450119310597515]]]}}, {"id": "77", "type": "Feature", "properties": {"contour_id": "water_pre_0078", "area_ha": 1.69, "pair_id": "baseline_2018_09_low__blagoveshchensk", "layer": "water_pre", "aoi_name": "Благовещенск — слияние Амура и Зеи", "event_name": "Контрольный период межени, сентябрь 2018", "date_peak": "2018-09-15"}, "geometry": {"type": "Polygon", "coordinates": [[[127.55405085657749, 50.155671557605274], [127.55405899294, 50.155401829279356], [127.55448152793927, 50.155317146470686], [127.55534827069783, 50.154428500162716], [127.55576808610645, 50.15443372208241], [127.556206857412, 50.15380957564319], [127.55789421300126, 50.153560712753574], [127.55788609874433, 50.153830441621096], [127.55716747169252, 50.154451117525305], [127.55604254653092, 50.154617021592536], [127.55560647466777, 50.15515125773498], [127.55518936296043, 50.15505612568354], [127.55518123305676, 50.15532585416002], [127.55476412071349, 50.155230720578004], [127.55475869916303, 50.15541053952469], [127.55405085657749, 50.155671557605274]], [[127.55548549981995, 50.15452015048641], [127.55562272946659, 50.15461180065108], [127.55562543855176, 50.15452189113183], [127.55548549981995, 50.15452015048641]]]}}, {"id": "78", "type": "Feature", "properties": {"contour_id": "water_pre_0079", "area_ha": 1.66, "pair_id": "baseline_2018_09_low__blagoveshchensk", "layer": "water_pre", "aoi_name": "Благовещенск — слияние Амура и Зеи", "event_name": "Контрольный период межени, сентябрь 2018", "date_peak": "2018-09-15"}, "geometry": {"type": "Polygon", "coordinates": [[[127.54516708078778, 50.16239628639818], [127.54503257911485, 50.16221471499848], [127.54420374104924, 50.16184455506301], [127.54394021238781, 50.16130159204055], [127.54352033903034, 50.16129632684965], [127.54353673338227, 50.16075687322406], [127.54395660201763, 50.160762138314844], [127.54368215372891, 50.16057881052453], [127.5446700344395, 50.16032136514244], [127.54452461853866, 50.16049942912568], [127.54508171122215, 50.160596353129385], [127.54532887494182, 50.161678767727665], [127.54504895698122, 50.161675261096406], [127.54516708078778, 50.16239628639818]]]}}, {"id": "79", "type": "Feature", "properties": {"contour_id": "water_pre_0080", "area_ha": 1.64, "pair_id": "baseline_2018_09_low__blagoveshchensk", "layer": "water_pre", "aoi_name": "Благовещенск — слияние Амура и Зеи", "event_name": "Контрольный период межени, сентябрь 2018", "date_peak": "2018-09-15"}, "geometry": {"type": "Polygon", "coordinates": [[[127.64157681923312, 50.36179406741513], [127.6365349741021, 50.361105483896104], [127.6362641805633, 50.3607425499902], [127.63528291636189, 50.36064109854436], [127.63515268256494, 50.36027981148193], [127.6352880732771, 50.36046127977578], [127.63725317339465, 50.360574264821594], [127.63780249917227, 50.36103039912811], [127.6390597350255, 50.36131493857622], [127.63990561018014, 50.36123489541735], [127.64144396762087, 50.361522696662746], [127.64172250447054, 50.36161588999375], [127.64157681923312, 50.36179406741513]]]}}, {"id": "80", "type": "Feature", "properties": {"contour_id": "water_pre_0081", "area_ha": 1.63, "pair_id": "baseline_2018_09_low__blagoveshchensk", "layer": "water_pre", "aoi_name": "Благовещенск — слияние Амура и Зеи", "event_name": "Контрольный период межени, сентябрь 2018", "date_peak": "2018-09-15"}, "geometry": {"type": "Polygon", "coordinates": [[[127.6477884169033, 50.31141017349192], [127.64709149949007, 50.311222184227006], [127.64753056629483, 50.31059771127347], [127.64725231407104, 50.31050453335553], [127.64754842160285, 50.309968336917855], [127.64741822548035, 50.30960706088257], [127.64772197628088, 50.30880113193222], [127.64829630836842, 50.308358110044395], [127.64829121002815, 50.30853793140186], [127.64871239738765, 50.30854282819654], [127.64840866501153, 50.30934875991754], [127.64797982104177, 50.309613593919686], [127.64837297725576, 50.31060750913706], [127.64794922170083, 50.31069252159985], [127.64793902150649, 50.31105216411214], [127.64765821523264, 50.3110488977668], [127.6477884169033, 50.31141017349192]]]}}, {"id": "81", "type": "Feature", "properties": {"contour_id": "water_pre_0082", "area_ha": 1.61, "pair_id": "baseline_2018_09_low__blagoveshchensk", "layer": "water_pre", "aoi_name": "Благовещенск — слияние Амура и Зеи", "event_name": "Контрольный период межени, сентябрь 2018", "date_peak": "2018-09-15"}, "geometry": {"type": "Polygon", "coordinates": [[[127.37514929475546, 50.20070669347195], [127.3752954610561, 50.200528850252155], [127.37474437536585, 50.200251308880425], [127.37448868364469, 50.199528179498415], [127.37506723231216, 50.198996611023155], [127.37507638960648, 50.19872690732952], [127.37563661405387, 50.19873474327604], [127.37564576805535, 50.19846503949407], [127.37619988904653, 50.198652675238144], [127.37648610045936, 50.19847678823876], [127.3764769511885, 50.19874649213245], [127.37548129962666, 50.199182290784115], [127.37517981883717, 50.199807681335535], [127.37601102228551, 50.200089137445794], [127.37601712385514, 50.199909334934794], [127.37658041211216, 50.19982726519558], [127.37642815272987, 50.200184912665584], [127.37586486000468, 50.20026698161799], [127.37599576809109, 50.200538643696426], [127.37514929475546, 50.20070669347195]], [[127.37601102228551, 50.200089137445794], [127.37614803187951, 50.20018099685664], [127.37615108242467, 50.20009109559723], [127.37601102228551, 50.200089137445794]]]}}, {"id": "82", "type": "Feature", "properties": {"contour_id": "water_pre_0083", "area_ha": 1.61, "pair_id": "baseline_2018_09_low__blagoveshchensk", "layer": "water_pre", "aoi_name": "Благовещенск — слияние Амура и Зеи", "event_name": "Контрольный период межени, сентябрь 2018", "date_peak": "2018-09-15"}, "geometry": {"type": "Polygon", "coordinates": [[[127.37557599976266, 50.443646447521495], [127.37418362746295, 50.443177296086596], [127.37406133665178, 50.442635944377436], [127.37349823853252, 50.44262807341145], [127.37336979262865, 50.44226651576811], [127.37408598291664, 50.44191676515052], [127.37464599309767, 50.44201453062659], [127.37463675401621, 50.44228422291852], [127.37491830116352, 50.44228815596825], [127.37490598430061, 50.442647745719306], [127.37518753364216, 50.44265167813803], [127.37531599442049, 50.443013233893446], [127.37643912467819, 50.44311885309296], [127.37628296502741, 50.44356637589769], [127.37557599976266, 50.443646447521495]], [[127.37558523395299, 50.44337675516748], [127.37586371019958, 50.44347058344899], [127.37586678771441, 50.44338068598365], [127.37558523395299, 50.44337675516748]], [[127.37530368025412, 50.44337282367033], [127.37558523395299, 50.44337675516748], [127.37558831198511, 50.443286857713076], [127.37530983736862, 50.44319302878496], [127.37530368025412, 50.44337282367033]]]}}, {"id": "83", "type": "Feature", "properties": {"contour_id": "water_pre_0084", "area_ha": 1.58, "pair_id": "baseline_2018_09_low__blagoveshchensk", "layer": "water_pre", "aoi_name": "Благовещенск — слияние Амура и Зеи", "event_name": "Контрольный период межени, сентябрь 2018", "date_peak": "2018-09-15"}, "geometry": {"type": "Polygon", "coordinates": [[[127.72990640200514, 50.45003252016149], [127.73134103969409, 50.44905885615277], [127.73135787119023, 50.448429475774], [127.73178992764933, 50.448074434813286], [127.73165873012647, 50.44771325395678], [127.73208597175594, 50.44753803482771], [127.73225321245143, 50.44655054217741], [127.7328188478014, 50.44646676585227], [127.732508405869, 50.447542637187425], [127.73222438037443, 50.44762948064912], [127.73250360144299, 50.44772246026777], [127.73249639471233, 50.44799219487718], [127.73221476929106, 50.447989126759], [127.73205953800685, 50.44852706153555], [127.73162747936291, 50.44888210345463], [127.73146502529748, 50.44968977171799], [127.73117858009849, 50.44986652395128], [127.73118338991213, 50.449686701029705], [127.73062011928823, 50.44968055760891], [127.73061290134864, 50.4499502919305], [127.72990640200514, 50.45003252016149]]]}}, {"id": "84", "type": "Feature", "properties": {"contour_id": "water_pre_0085", "area_ha": 1.54, "pair_id": "baseline_2018_09_low__blagoveshchensk", "layer": "water_pre", "aoi_name": "Благовещенск — слияние Амура и Зеи", "event_name": "Контрольный период межени, сентябрь 2018", "date_peak": "2018-09-15"}, "geometry": {"type": "Polygon", "coordinates": [[[127.61941002815247, 50.27770859928869], [127.61872932788579, 50.27698098345176], [127.61879957735559, 50.27455341128424], [127.61907756440647, 50.27464665569399], [127.6189320672112, 50.27482480882918], [127.6193529519223, 50.274829809564146], [127.61920485424153, 50.27509787315061], [127.61948544567284, 50.27510120649777], [127.61961534070728, 50.27546251339837], [127.61930873918006, 50.276358281339306], [127.61985173797619, 50.276994317728544], [127.61983613835335, 50.2775337783158], [127.61941002815247, 50.27770859928869]]]}}, {"id": "85", "type": "Feature", "properties": {"contour_id": "water_pre_0086", "area_ha": 1.53, "pair_id": "baseline_2018_09_low__blagoveshchensk", "layer": "water_pre", "aoi_name": "Благовещенск — слияние Амура и Зеи", "event_name": "Контрольный период межени, сентябрь 2018", "date_peak": "2018-09-15"}, "geometry": {"type": "Polygon", "coordinates": [[[127.54360182689484, 50.22308801940993], [127.54234606218925, 50.22289238571377], [127.5418047022028, 50.22225599583696], [127.54265099811128, 50.22208673043848], [127.54280209229933, 50.221728856408625], [127.54154362463524, 50.22162312227918], [127.54182663428846, 50.221536732459874], [127.54169472554186, 50.22126524972131], [127.54226073904334, 50.22109246859484], [127.54323345106266, 50.22137449683674], [127.54321975691383, 50.221824036752494], [127.54293948739215, 50.22182052200114], [127.54293126915692, 50.222090245899075], [127.54335167582944, 50.22209551782282], [127.54347538088749, 50.22263672268169], [127.5433270274821, 50.22290468958562], [127.54360730340497, 50.222908203456946], [127.54360182689484, 50.22308801940993]], [[127.54262907799483, 50.22280599401078], [127.54276647580292, 50.22289765981546], [127.54276921561669, 50.22280775187014], [127.54262907799483, 50.22280599401078]], [[127.54320332347743, 50.22236348460166], [127.54334072114715, 50.22245514973248], [127.54334345983854, 50.22236524175732], [127.54320332347743, 50.22236348460166]]]}}, {"id": "86", "type": "Feature", "properties": {"contour_id": "water_pre_0087", "area_ha": 1.48, "pair_id": "baseline_2018_09_low__blagoveshchensk", "layer": "water_pre", "aoi_name": "Благовещенск — слияние Амура и Зеи", "event_name": "Контрольный период межени, сентябрь 2018", "date_peak": "2018-09-15"}, "geometry": {"type": "Polygon", "coordinates": [[[127.69191675005789, 50.13104312007246], [127.69181364618632, 50.12969281863415], [127.69127376925643, 50.12896719337495], [127.69128357908126, 50.12860753320799], [127.69212280605896, 50.128616989332805], [127.69224797345466, 50.12915805521537], [127.69266024214757, 50.12943252583903], [127.69262839209276, 50.130601421769725], [127.69191675005789, 50.13104312007246]]]}}, {"id": "87", "type": "Feature", "properties": {"contour_id": "water_pre_0088", "area_ha": 1.47, "pair_id": "baseline_2018_09_low__blagoveshchensk", "layer": "water_pre", "aoi_name": "Благовещенск — слияние Амура и Зеи", "event_name": "Контрольный период межени, сентябрь 2018", "date_peak": "2018-09-15"}, "geometry": {"type": "Polygon", "coordinates": [[[127.33288140193851, 50.44016438193137], [127.33275643163519, 50.439712886833256], [127.33233730234805, 50.439616938660755], [127.33250333872228, 50.438899791782426], [127.33279117703793, 50.438724035386485], [127.33266305228116, 50.43836243572449], [127.33295088670702, 50.438186678879994], [127.33295720311878, 50.43800688765654], [127.33253808839532, 50.43791094032406], [127.33352970625023, 50.43774526733372], [127.33380490754459, 50.43792909088402], [127.33377649771428, 50.438738151700605], [127.33306638101499, 50.43890786068173], [127.33305690669066, 50.4391775474876], [127.3337512434404, 50.43945731676616], [127.3328971946138, 50.439714904030616], [127.33288140193851, 50.44016438193137]]]}}, {"id": "88", "type": "Feature", "properties": {"contour_id": "water_pre_0089", "area_ha": 1.47, "pair_id": "baseline_2018_09_low__blagoveshchensk", "layer": "water_pre", "aoi_name": "Благовещенск — слияние Амура и Зеи", "event_name": "Контрольный период межени, сентябрь 2018", "date_peak": "2018-09-15"}, "geometry": {"type": "Polygon", "coordinates": [[[127.53345470834019, 50.243107431294106], [127.53348781893362, 50.242028544102475], [127.53377924005932, 50.2416724535195], [127.53434000964432, 50.2416795285491], [127.53435379694533, 50.241229991956644], [127.53590967242087, 50.24079989709307], [127.53772664076375, 50.24100266227759], [127.53772113861807, 50.24118247719699], [127.53659960964012, 50.24116835716286], [127.53659410322228, 50.24134817198668], [127.53491456148339, 50.24123706416899], [127.53474956004983, 50.242044462360134], [127.53375992987212, 50.242301804528516], [127.53387805657634, 50.24302283182911], [127.53345470834019, 50.243107431294106]], [[127.5336004229491, 50.242929386204956], [127.53373786024798, 50.24302106273397], [127.53374061899991, 50.24293115546357], [127.5336004229491, 50.242929386204956]]]}}, {"id": "89", "type": "Feature", "properties": {"contour_id": "water_pre_0090", "area_ha": 1.44, "pair_id": "baseline_2018_09_low__blagoveshchensk", "layer": "water_pre", "aoi_name": "Благовещенск — слияние Амура и Зеи", "event_name": "Контрольный период межени, сентябрь 2018", "date_peak": "2018-09-15"}, "geometry": {"type": "Polygon", "coordinates": [[[127.65751725238401, 50.290117124737826], [127.65754002306944, 50.28930792293709], [127.65838206157555, 50.28931764531604], [127.65838964681583, 50.2890479112631], [127.65923168102636, 50.289057627451925], [127.65921651994498, 50.2895970957293], [127.66005856413142, 50.2896068060053], [127.6600509881751, 50.28987654021626], [127.65920893923125, 50.28986682984787], [127.6592013584022, 50.290136563953006], [127.65751725238401, 50.290117124737826]]]}}, {"id": "90", "type": "Feature", "properties": {"contour_id": "water_pre_0091", "area_ha": 1.44, "pair_id": "baseline_2018_09_low__blagoveshchensk", "layer": "water_pre", "aoi_name": "Благовещенск — слияние Амура и Зеи", "event_name": "Контрольный период межени, сентябрь 2018", "date_peak": "2018-09-15"}, "geometry": {"type": "Polygon", "coordinates": [[[127.38251988737318, 50.44653134440342], [127.38183435322748, 50.445982169769636], [127.38185275185934, 50.44544278359602], [127.38115497031838, 50.44525319585592], [127.38130802272781, 50.444895563937926], [127.3810325949837, 50.44471185085451], [127.3817457007351, 50.444451950730254], [127.38199046916469, 50.44553463927066], [127.38353296449826, 50.44573596130437], [127.38394306793118, 50.44610141977012], [127.38379309402933, 50.44636915746374], [127.38251988737318, 50.44653134440342]]]}}, {"id": "91", "type": "Feature", "properties": {"contour_id": "water_pre_0092", "area_ha": 1.43, "pair_id": "baseline_2018_09_low__blagoveshchensk", "layer": "water_pre", "aoi_name": "Благовещенск — слияние Амура и Зеи", "event_name": "Контрольный период межени, сентябрь 2018", "date_peak": "2018-09-15"}, "geometry": {"type": "Polygon", "coordinates": [[[127.71961036332328, 50.26239656610281], [127.71738545864714, 50.26165250724383], [127.71711701197641, 50.26119984133493], [127.7185172044243, 50.26130523041224], [127.71865022783875, 50.2615765188494], [127.71907342452864, 50.26149124367625], [127.71948697608228, 50.261765622858036], [127.72075174535325, 50.261689611590135], [127.72017623922802, 50.26222291827619], [127.71961036332328, 50.26239656610281]]]}}, {"id": "92", "type": "Feature", "properties": {"contour_id": "water_pre_0093", "area_ha": 1.42, "pair_id": "baseline_2018_09_low__blagoveshchensk", "layer": "water_pre", "aoi_name": "Благовещенск — слияние Амура и Зеи", "event_name": "Контрольный период межени, сентябрь 2018", "date_peak": "2018-09-15"}, "geometry": {"type": "Polygon", "coordinates": [[[127.39103698042216, 50.39889098388012], [127.39048962092554, 50.39843370586815], [127.38978944366131, 50.398334073455445], [127.38980162857526, 50.39797447831028], [127.38952338865033, 50.3978806849524], [127.38995140964717, 50.39770672895188], [127.39022051325284, 50.39807021771279], [127.39022660405315, 50.397890420097006], [127.39191432259781, 50.39791376710683], [127.39190519594267, 50.398183463750506], [127.39232712831885, 50.3981892967341], [127.39217127543493, 50.39863684701346], [127.39103698042216, 50.39889098388012]]]}}, {"id": "93", "type": "Feature", "properties": {"contour_id": "water_pre_0094", "area_ha": 1.4, "pair_id": "baseline_2018_09_low__blagoveshchensk", "layer": "water_pre", "aoi_name": "Благовещенск — слияние Амура и Зеи", "event_name": "Контрольный период межени, сентябрь 2018", "date_peak": "2018-09-15"}, "geometry": {"type": "Polygon", "coordinates": [[[127.61783423005525, 50.254574994260466], [127.61770440218147, 50.254213684680366], [127.61813811015392, 50.253769136407584], [127.61855880920955, 50.25377413850755], [127.61842897789397, 50.2534128296612], [127.6194235946257, 50.25297494406359], [127.61971704579065, 50.2525287234561], [127.62027276999031, 50.25271520584037], [127.62041819321207, 50.25253704977012], [127.62014292838997, 50.25235389876181], [127.62085445631104, 50.25200258038189], [127.62097132475563, 50.25281343934564], [127.62026757622652, 50.252895026829115], [127.62011695693364, 50.25325300365276], [127.61898990588001, 50.25341949735166], [127.61854580808651, 50.25422369056139], [127.61783423005525, 50.254574994260466]]]}}, {"id": "94", "type": "Feature", "properties": {"contour_id": "water_pre_0095", "area_ha": 1.4, "pair_id": "baseline_2018_09_low__blagoveshchensk", "layer": "water_pre", "aoi_name": "Благовещенск — слияние Амура и Зеи", "event_name": "Контрольный период межени, сентябрь 2018", "date_peak": "2018-09-15"}, "geometry": {"type": "Polygon", "coordinates": [[[127.71322404168747, 50.16608885594364], [127.71170116534645, 50.16544237908065], [127.71157085589309, 50.165081165452314], [127.7126955164595, 50.16491375282775], [127.71352814451812, 50.165192804885095], [127.71379844922106, 50.16555556674383], [127.71421838979289, 50.165560216683296], [127.71420632655853, 50.16600979309252], [127.71322404168747, 50.16608885594364]]]}}, {"id": "95", "type": "Feature", "properties": {"contour_id": "water_pre_0096", "area_ha": 1.4, "pair_id": "baseline_2018_09_low__blagoveshchensk", "layer": "water_pre", "aoi_name": "Благовещенск — слияние Амура и Зеи", "event_name": "Контрольный период межени, сентябрь 2018", "date_peak": "2018-09-15"}, "geometry": {"type": "Polygon", "coordinates": [[[127.61866969085081, 50.27419210348785], [127.61854501038749, 50.27365097533377], [127.61826442759052, 50.273647639785864], [127.61799946324751, 50.27310484303161], [127.61743830425448, 50.27309816867724], [127.61744611644525, 50.27282843845593], [127.61689277607213, 50.27255203128544], [127.61692403584452, 50.2714731104657], [127.61721241876614, 50.27120671887466], [127.61789301515103, 50.27193434343422], [127.61746955230466, 50.27201924771118], [127.61731624464772, 50.27246712916517], [127.61800466927566, 50.27292502284324], [127.61856842830576, 50.2728417843293], [127.6185554184831, 50.27329133490231], [127.61911137810156, 50.273477824143214], [127.619098373098, 50.27392737476959], [127.61866969085081, 50.27419210348785]], [[127.61854761243117, 50.273561065228165], [127.61868530180575, 50.27365264285381], [127.61868790358541, 50.27356273274291], [127.61854761243117, 50.273561065228165]]]}}, {"id": "96", "type": "Feature", "properties": {"contour_id": "water_pre_0097", "area_ha": 1.38, "pair_id": "baseline_2018_09_low__blagoveshchensk", "layer": "water_pre", "aoi_name": "Благовещенск — слияние Амура и Зеи", "event_name": "Контрольный период межени, сентябрь 2018", "date_peak": "2018-09-15"}, "geometry": {"type": "Polygon", "coordinates": [[[127.59503960683989, 50.32364612156299], [127.59462890263632, 50.323281395571435], [127.59463950953153, 50.32292176188214], [127.59492037949113, 50.32292515684971], [127.59464746456165, 50.322652036599415], [127.59507937047967, 50.322297494952046], [127.5955006700003, 50.32230258550989], [127.59550861998227, 50.32203286009875], [127.59635121462101, 50.322043036539334], [127.59632737860909, 50.322852213022834], [127.59590607408072, 50.322847125420296], [127.59589017803543, 50.32338657624497], [127.59518799614726, 50.32337809335459], [127.59503960683989, 50.32364612156299]]]}}, {"id": "97", "type": "Feature", "properties": {"contour_id": "water_pre_0098", "area_ha": 1.37, "pair_id": "baseline_2018_09_low__blagoveshchensk", "layer": "water_pre", "aoi_name": "Благовещенск — слияние Амура и Зеи", "event_name": "Контрольный период межени, сентябрь 2018", "date_peak": "2018-09-15"}, "geometry": {"type": "Polygon", "coordinates": [[[127.59949803547441, 50.34402642094873], [127.59840316816346, 50.34302388640515], [127.59856747804547, 50.3422164054864], [127.59801874541978, 50.34176008932858], [127.59759727335442, 50.34175500647979], [127.59747267135128, 50.34121386238406], [127.5978967858731, 50.341129037378174], [127.59912680146012, 50.34231308593243], [127.59924084535214, 50.343213861495215], [127.5997948941042, 50.34349035540503], [127.59949803547441, 50.34402642094873]], [[127.59897043692814, 50.34285084286462], [127.59910828578089, 50.342942443971694], [127.5991109309182, 50.34285253568487], [127.59897043692814, 50.34285084286462]]]}}, {"id": "98", "type": "Feature", "properties": {"contour_id": "water_pre_0099", "area_ha": 1.34, "pair_id": "baseline_2018_09_low__blagoveshchensk", "layer": "water_pre", "aoi_name": "Благовещенск — слияние Амура и Зеи", "event_name": "Контрольный период межени, сентябрь 2018", "date_peak": "2018-09-15"}, "geometry": {"type": "Polygon", "coordinates": [[[127.53654675046036, 50.18333465706192], [127.53641772032107, 50.18297325946582], [127.53599765842704, 50.18296796543275], [127.53517678627473, 50.18232801494694], [127.53492150427101, 50.18151530839692], [127.53548431904315, 50.181432463513936], [127.53560509036987, 50.182063587027486], [127.53644245054092, 50.18216408460217], [127.53615416913476, 50.182430280450774], [127.53726333703457, 50.1828040262836], [127.5373868810113, 50.18334523969444], [127.53654675046036, 50.18333465706192]]]}}, {"id": "99", "type": "Feature", "properties": {"contour_id": "water_pre_0100", "area_ha": 1.34, "pair_id": "baseline_2018_09_low__blagoveshchensk", "layer": "water_pre", "aoi_name": "Благовещенск — слияние Амура и Зеи", "event_name": "Контрольный период межени, сентябрь 2018", "date_peak": "2018-09-15"}, "geometry": {"type": "Polygon", "coordinates": [[[127.38126475056137, 50.450291381237044], [127.38142088698682, 50.44984385200833], [127.38170247993736, 50.449847769066416], [127.3815739530198, 50.44948622013464], [127.38199633931704, 50.44949209488089], [127.38186474428004, 50.44922044388311], [127.38216473079457, 50.448684973877896], [127.38273403335245, 50.44851300820395], [127.38298190788962, 50.449505796662294], [127.38254725916326, 50.44985951615388], [127.38282885236329, 50.44986343048743], [127.38282272228517, 50.450043225834065], [127.38254112801886, 50.450039311475656], [127.38239113327586, 50.450307046993544], [127.38126475056137, 50.450291381237044]], [[127.38270644721513, 50.449322087366426], [127.38284417728582, 50.449413942094054], [127.38284724222353, 50.44932404441078], [127.38270644721513, 50.449322087366426]]]}}, {"id": "100", "type": "Feature", "properties": {"contour_id": "water_pre_0101", "area_ha": 1.33, "pair_id": "baseline_2018_09_low__blagoveshchensk", "layer": "water_pre", "aoi_name": "Благовещенск — слияние Амура и Зеи", "event_name": "Контрольный период межени, сентябрь 2018", "date_peak": "2018-09-15"}, "geometry": {"type": "Polygon", "coordinates": [[[127.32165674302037, 50.43100889119935], [127.321247252274, 50.43064321831347], [127.32082186624743, 50.43072701989337], [127.32027801270799, 50.43017952180782], [127.32070975569356, 50.4299159318193], [127.32239537625878, 50.43003019366939], [127.32267366655648, 50.43012414766453], [127.3226577824669, 50.430573623965984], [127.32307045972976, 50.43084939672147], [127.32165674302037, 50.43100889119935]], [[127.32194775052155, 50.43074326611639], [127.32208530816487, 50.43083519135538], [127.32208848612852, 50.43074529612856], [127.32194775052155, 50.43074326611639]], [[127.32166945810229, 50.430649310372544], [127.32195092873529, 50.430653370894476], [127.32224510999642, 50.43029784978121], [127.32168535159116, 50.43019983430431], [127.32166945810229, 50.430649310372544]], [[127.32209484200737, 50.43056550567032], [127.32237313480597, 50.43065946040124], [127.32237631220482, 50.43056956515845], [127.32209484200737, 50.43056550567032]]]}}, {"id": "101", "type": "Feature", "properties": {"contour_id": "water_pre_0102", "area_ha": 1.32, "pair_id": "baseline_2018_09_low__blagoveshchensk", "layer": "water_pre", "aoi_name": "Благовещенск — слияние Амура и Зеи", "event_name": "Контрольный период межени, сентябрь 2018", "date_peak": "2018-09-15"}, "geometry": {"type": "Polygon", "coordinates": [[[127.31975786070916, 50.4369175884365], [127.31964893948103, 50.43601660517004], [127.32049344617587, 50.436028800288554], [127.3205093538346, 50.43557932490878], [127.32136975238694, 50.43514203809534], [127.32192956815354, 50.43524005557958], [127.32179835624908, 50.43496833980617], [127.32235817091036, 50.43506635521909], [127.3217792820704, 50.43550771067026], [127.32176974476288, 50.43577739608148], [127.3210659924105, 50.43576724166322], [127.32090615734933, 50.43630458081772], [127.32048390138654, 50.43629848549791], [127.32046481137118, 50.43683785587497], [127.31975786070916, 50.4369175884365]]]}}, {"id": "102", "type": "Feature", "properties": {"contour_id": "water_pre_0103", "area_ha": 1.32, "pair_id": "baseline_2018_09_low__blagoveshchensk", "layer": "water_pre", "aoi_name": "Благовещенск — слияние Амура и Зеи", "event_name": "Контрольный период межени, сентябрь 2018", "date_peak": "2018-09-15"}, "geometry": {"type": "Polygon", "coordinates": [[[127.34058959173429, 50.43721659733571], [127.34061159686642, 50.43658732548247], [127.34090567730233, 50.43623175652381], [127.34062731433848, 50.436137845541126], [127.34065246146274, 50.43541867755495], [127.34163771745536, 50.435432726644876], [127.34204740748218, 50.43579832939085], [127.34246966362974, 50.435804346421314], [127.34231635065876, 50.43616192520124], [127.34161572682788, 50.436061998950365], [127.34115261637014, 50.43722462691802], [127.34058959173429, 50.43721659733571]]]}}, {"id": "103", "type": "Feature", "properties": {"contour_id": "water_pre_0104", "area_ha": 1.29, "pair_id": "baseline_2018_09_low__blagoveshchensk", "layer": "water_pre", "aoi_name": "Благовещенск — слияние Амура и Зеи", "event_name": "Контрольный период межени, сентябрь 2018", "date_peak": "2018-09-15"}, "geometry": {"type": "Polygon", "coordinates": [[[127.62929008118192, 50.33439810868798], [127.62916772354092, 50.33376708556605], [127.62804915139043, 50.333574011406604], [127.62805950987843, 50.33321437326643], [127.62931854158946, 50.333409103372496], [127.63087919542777, 50.33288785144058], [127.63000019373115, 50.33413665816353], [127.62929008118192, 50.33439810868798]]]}}, {"id": "104", "type": "Feature", "properties": {"contour_id": "water_pre_0105", "area_ha": 1.26, "pair_id": "baseline_2018_09_low__blagoveshchensk", "layer": "water_pre", "aoi_name": "Благовещенск — слияние Амура и Зеи", "event_name": "Контрольный период межени, сентябрь 2018", "date_peak": "2018-09-15"}, "geometry": {"type": "Polygon", "coordinates": [[[127.38697292877342, 50.44398489829453], [127.38655976239009, 50.44370934826975], [127.3865719914111, 50.44334975651477], [127.38714427013547, 50.4430878703936], [127.38715955049949, 50.44263838051852], [127.38786342808977, 50.44264813617211], [127.38799198578943, 50.443009678843886], [127.3885459321026, 50.44328717381759], [127.38824910688514, 50.44373276375185], [127.38754826848687, 50.443633112300475], [127.38740137866272, 50.44381095704735], [127.38782066074448, 50.44390670815948], [127.38697292877342, 50.44398489829453]]]}}, {"id": "105", "type": "Feature", "properties": {"contour_id": "water_pre_0106", "area_ha": 1.24, "pair_id": "baseline_2018_09_low__blagoveshchensk", "layer": "water_pre", "aoi_name": "Благовещенск — слияние Амура и Зеи", "event_name": "Контрольный период межени, сентябрь 2018", "date_peak": "2018-09-15"}, "geometry": {"type": "Polygon", "coordinates": [[[127.56790592518968, 50.16987435613994], [127.5658169275933, 50.16948880622061], [127.56513586103841, 50.16885079316907], [127.56541313129564, 50.168944161433316], [127.5657092434257, 50.16840816116652], [127.56640376272519, 50.168596622301386], [127.56667296490583, 50.16895971675162], [127.56652491327918, 50.16922771822814], [127.56764208454578, 50.169331444954835], [127.56790592518968, 50.16987435613994]], [[127.56651953317115, 50.16940753766771], [127.5667968093934, 50.16950090267055], [127.5667994989429, 50.169410992942076], [127.56651953317115, 50.16940753766771]], [[127.56625571076421, 50.16886462344771], [127.56639300178601, 50.16895626119473], [127.56639569204124, 50.168866351473646], [127.56625571076421, 50.16886462344771]]]}}, {"id": "106", "type": "Feature", "properties": {"contour_id": "water_pre_0107", "area_ha": 1.24, "pair_id": "baseline_2018_09_low__blagoveshchensk", "layer": "water_pre", "aoi_name": "Благовещенск — слияние Амура и Зеи", "event_name": "Контрольный период межени, сентябрь 2018", "date_peak": "2018-09-15"}, "geometry": {"type": "Polygon", "coordinates": [[[127.66426879197425, 50.289655265918974], [127.66414355644028, 50.289114183690785], [127.6651259334019, 50.2891254700398], [127.66513348046914, 50.28885573523538], [127.66597551360516, 50.28886540255102], [127.6659679712952, 50.28913513744741], [127.6683512381823, 50.28925240703775], [127.66834621887246, 50.28943223046516], [127.66511838621983, 50.28939520483079], [127.66511083892293, 50.289664939608386], [127.66426879197425, 50.289655265918974]]]}}, {"id": "107", "type": "Feature", "properties": {"contour_id": "water_pre_0108", "area_ha": 1.24, "pair_id": "baseline_2018_09_low__blagoveshchensk", "layer": "water_pre", "aoi_name": "Благовещенск — слияние Амура и Зеи", "event_name": "Контрольный период межени, сентябрь 2018", "date_peak": "2018-09-15"}, "geometry": {"type": "Polygon", "coordinates": [[[127.72308630257524, 50.2373413574776], [127.72267534171283, 50.23697707695692], [127.72155382467663, 50.23696474261782], [127.72157065889778, 50.23633534155382], [127.72282033649185, 50.236798789032434], [127.72297253686726, 50.236350757444704], [127.72367347630859, 50.2363584590498], [127.72366627357454, 50.23662820259177], [127.72407963928542, 50.236902565142415], [127.72407003848619, 50.2372622232184], [127.72308630257524, 50.2373413574776]], [[127.7233906990693, 50.23644529342069], [127.72352848605837, 50.23653674808661], [127.72353088723327, 50.23644683357752], [127.7233906990693, 50.23644529342069]]]}}, {"id": "108", "type": "Feature", "properties": {"contour_id": "water_pre_0109", "area_ha": 1.23, "pair_id": "baseline_2018_09_low__blagoveshchensk", "layer": "water_pre", "aoi_name": "Благовещенск — слияние Амура и Зеи", "event_name": "Контрольный период межени, сентябрь 2018", "date_peak": "2018-09-15"}, "geometry": {"type": "Polygon", "coordinates": [[[127.61759536659626, 50.19494076730027], [127.61761094587224, 50.19440129951429], [127.61705070995095, 50.19439463082295], [127.6170636975766, 50.19394507439917], [127.6180518882744, 50.193687008668384], [127.61859914318107, 50.19414322920098], [127.61902191200222, 50.19405831399438], [127.61872363507587, 50.19468436282077], [127.6188585065962, 50.194865850924394], [127.61759536659626, 50.19494076730027]]]}}, {"id": "109", "type": "Feature", "properties": {"contour_id": "water_pre_0110", "area_ha": 1.2, "pair_id": "baseline_2018_09_low__blagoveshchensk", "layer": "water_pre", "aoi_name": "Благовещенск — слияние Амура и Зеи", "event_name": "Контрольный период межени, сентябрь 2018", "date_peak": "2018-09-15"}, "geometry": {"type": "Polygon", "coordinates": [[[127.38573657155209, 50.447205601701214], [127.38560802047235, 50.44684405684408], [127.3851887172171, 50.44674829760021], [127.38519789778805, 50.446478604109934], [127.38436236287957, 50.44619718343565], [127.38451539441746, 50.44583954715357], [127.38536622300593, 50.445671477451576], [127.38563861399096, 50.44594507831873], [127.38606096961213, 50.44595093801712], [127.38591406687632, 50.446128780696725], [127.38619258015622, 50.446222584557496], [127.38617423034816, 50.44676197181234], [127.38644969000744, 50.446945672961874], [127.38573657155209, 50.447205601701214]], [[127.38465005693868, 50.44602129754603], [127.38478778139128, 50.44611314996779], [127.38479084228777, 50.44602325214713], [127.38465005693868, 50.44602129754603]]]}}, {"id": "110", "type": "Feature", "properties": {"contour_id": "water_pre_0111", "area_ha": 1.19, "pair_id": "baseline_2018_09_low__blagoveshchensk", "layer": "water_pre", "aoi_name": "Благовещенск — слияние Амура и Зеи", "event_name": "Контрольный период межени, сентябрь 2018", "date_peak": "2018-09-15"}, "geometry": {"type": "Polygon", "coordinates": [[[127.53273833523484, 50.34401258820394], [127.53274664679543, 50.34374287121932], [127.53345464801501, 50.343571922365484], [127.53390380713681, 50.34267818062192], [127.53474951086342, 50.342598900841914], [127.5353004058649, 50.34296560453981], [127.53473291097563, 50.34313833538748], [127.53472461084215, 50.3434080526399], [127.5342948332158, 50.34367245746616], [127.53273833523484, 50.34401258820394]]]}}, {"id": "111", "type": "Feature", "properties": {"contour_id": "water_pre_0112", "area_ha": 1.18, "pair_id": "baseline_2018_09_low__blagoveshchensk", "layer": "water_pre", "aoi_name": "Благовещенск — слияние Амура и Зеи", "event_name": "Контрольный период межени, сентябрь 2018", "date_peak": "2018-09-15"}, "geometry": {"type": "Polygon", "coordinates": [[[127.79002048563616, 50.43475422237406], [127.78974581071863, 50.434481552953564], [127.7890442264303, 50.434384315477686], [127.78947113894107, 50.43420888289452], [127.78918958923553, 50.43420595322846], [127.78933724435083, 50.43393767710113], [127.78892868726273, 50.43339379983068], [127.78978707699264, 50.43286310631025], [127.79035016064631, 50.43286896195803], [127.78977102944599, 50.433492502283805], [127.78976185916287, 50.43385215709343], [127.79032037146348, 50.434037840378885], [127.79030891356112, 50.434487408936015], [127.79072894999949, 50.434581712855916], [127.79002048563616, 50.43475422237406]]]}}, {"id": "112", "type": "Feature", "properties": {"contour_id": "water_pre_0113", "area_ha": 1.17, "pair_id": "baseline_2018_09_low__blagoveshchensk", "layer": "water_pre", "aoi_name": "Благовещенск — слияние Амура и Зеи", "event_name": "Контрольный период межени, сентябрь 2018", "date_peak": "2018-09-15"}, "geometry": {"type": "Polygon", "coordinates": [[[127.64264104356835, 50.250460287962746], [127.64209292275069, 50.25000417792944], [127.64167225275067, 50.24999926128168], [127.64167736543065, 50.249819438595594], [127.64209803384851, 50.24982435521216], [127.64196547837024, 50.249552982437585], [127.64238358951636, 50.24964780936679], [127.64237592451012, 50.249917543480606], [127.6425212571213, 50.24973935893001], [127.64335748663218, 50.24992900733438], [127.64336259295752, 50.24974918452063], [127.64420137768558, 50.24984891546098], [127.64448692583072, 50.24967236438564], [127.64475971933494, 50.249945369891314], [127.64447672161846, 50.25003201017922], [127.64503506598243, 50.250128463305295], [127.6440509471924, 50.25020692501442], [127.64418606797, 50.250388384062184], [127.64362261694717, 50.25047174966662], [127.64264104356835, 50.250460287962746]], [[127.64363027506643, 50.2502020154395], [127.64390817097139, 50.250295200079506], [127.64391072313747, 50.250205288658584], [127.64363027506643, 50.2502020154395]], [[127.64434160071156, 50.24985055145777], [127.64447927269092, 50.249942098733065], [127.64448182375047, 50.24985218728542], [127.64434160071156, 50.24985055145777]]]}}, {"id": "113", "type": "Feature", "properties": {"contour_id": "water_pre_0114", "area_ha": 1.16, "pair_id": "baseline_2018_09_low__blagoveshchensk", "layer": "water_pre", "aoi_name": "Благовещенск — слияние Амура и Зеи", "event_name": "Контрольный период межени, сентябрь 2018", "date_peak": "2018-09-15"}, "geometry": {"type": "Polygon", "coordinates": [[[127.63501213500304, 50.36027816179284], [127.62994725447814, 50.36039847827494], [127.62939024328013, 50.36021203499352], [127.62939542237916, 50.36003221665362], [127.63389549813569, 50.35999523015136], [127.63389033604462, 50.360175048830136], [127.63501213500304, 50.36027816179284]], [[127.63023611366344, 50.36013206213218], [127.63037148510341, 50.36031353599968], [127.63037666051399, 50.3601337175892], [127.63023611366344, 50.36013206213218]]]}}, {"id": "114", "type": "Feature", "properties": {"contour_id": "water_pre_0115", "area_ha": 1.14, "pair_id": "baseline_2018_09_low__blagoveshchensk", "layer": "water_pre", "aoi_name": "Благовещенск — слияние Амура и Зеи", "event_name": "Контрольный период межени, сентябрь 2018", "date_peak": "2018-09-15"}, "geometry": {"type": "Polygon", "coordinates": [[[127.51055248213812, 50.24893217755994], [127.5100028494036, 50.248565362129504], [127.51085252323931, 50.248306428040884], [127.51113294402901, 50.248310021548726], [127.51098432735559, 50.24857794366971], [127.51127315444516, 50.24831181804899], [127.51253224965288, 50.248417885269255], [127.5128210672157, 50.24815175570847], [127.5140857544933, 50.248077993362614], [127.51409414311085, 50.2478082741694], [127.51450917973457, 50.247993465238025], [127.51379974115241, 50.24825421975649], [127.5137941475587, 50.248434032515604], [127.51252385203824, 50.248687604242996], [127.51182559472542, 50.248588721251885], [127.5118199936369, 50.248768533839566], [127.51112173669314, 50.24866964662229], [127.51055248213812, 50.24893217755994]], [[127.51281546995972, 50.24833156839098], [127.5129528821605, 50.24842326920666], [127.51295568054617, 50.24833336286198], [127.51281546995972, 50.24833156839098]]]}}, {"id": "115", "type": "Feature", "properties": {"contour_id": "water_pre_0116", "area_ha": 1.13, "pair_id": "baseline_2018_09_low__blagoveshchensk", "layer": "water_pre", "aoi_name": "Благовещенск — слияние Амура и Зеи", "event_name": "Контрольный период межени, сентябрь 2018", "date_peak": "2018-09-15"}, "geometry": {"type": "Polygon", "coordinates": [[[127.77455130048023, 50.36848780224838], [127.77428635701247, 50.367855439842984], [127.77386925857382, 50.36767116579919], [127.7738901133302, 50.366861937967286], [127.77333476912567, 50.36658626567813], [127.77306521475934, 50.36613372888262], [127.77377039481405, 50.36605122788591], [127.77432110281548, 50.366506726556054], [127.77429793924094, 50.36740586878422], [127.77457909195024, 50.367408831656476], [127.7749823000163, 50.36813258855519], [127.77455130048023, 50.36848780224838]]]}}, {"id": "116", "type": "Feature", "properties": {"contour_id": "water_pre_0117", "area_ha": 1.11, "pair_id": "baseline_2018_09_low__blagoveshchensk", "layer": "water_pre", "aoi_name": "Благовещенск — слияние Амура и Зеи", "event_name": "Контрольный период межени, сентябрь 2018", "date_peak": "2018-09-15"}, "geometry": {"type": "Polygon", "coordinates": [[[127.6219993697039, 50.19283448366987], [127.62202007425893, 50.192115191680834], [127.62118234860557, 50.1920153083771], [127.6210578352002, 50.1914741769776], [127.62161803789665, 50.19148082606706], [127.62327796234652, 50.192220049583554], [127.62327020529395, 50.19248978422831], [127.62285263059263, 50.19239489203617], [127.62283969803268, 50.192844449676045], [127.6219993697039, 50.19283448366987]], [[127.62272033731995, 50.192123496897366], [127.62285780352492, 50.19221506896975], [127.62286038997146, 50.1921251574343], [127.62272033731995, 50.192123496897366]]]}}, {"id": "117", "type": "Feature", "properties": {"contour_id": "water_pre_0118", "area_ha": 1.08, "pair_id": "baseline_2018_09_low__blagoveshchensk", "layer": "water_pre", "aoi_name": "Благовещенск — слияние Амура и Зеи", "event_name": "Контрольный период межени, сентябрь 2018", "date_peak": "2018-09-15"}, "geometry": {"type": "Polygon", "coordinates": [[[127.69749342004805, 50.435194188126125], [127.697500822401, 50.43492445662073], [127.69778236647537, 50.43492760815744], [127.69764652873816, 50.43474621145318], [127.69807130964206, 50.43466102743431], [127.69807870857136, 50.43439129584214], [127.69836271529988, 50.43430453541306], [127.69849608904731, 50.43457584185161], [127.69850595101332, 50.434216199659815], [127.69907149542992, 50.434132586553275], [127.69936289030315, 50.43377609191286], [127.70177071583238, 50.43326335546994], [127.70176333817682, 50.43353308750956], [127.70077303929637, 50.43370190936388], [127.70062488648198, 50.43397006922363], [127.69978027049349, 50.4339606333312], [127.69749342004805, 50.435194188126125]]]}}, {"id": "118", "type": "Feature", "properties": {"contour_id": "water_pre_0119", "area_ha": 1.07, "pair_id": "baseline_2018_09_low__blagoveshchensk", "layer": "water_pre", "aoi_name": "Благовещенск — слияние Амура и Зеи", "event_name": "Контрольный период межени, сентябрь 2018", "date_peak": "2018-09-15"}, "geometry": {"type": "Polygon", "coordinates": [[[127.49249612779602, 50.27882991878113], [127.49166001803505, 50.278639186551665], [127.49167138390064, 50.27827956654154], [127.49111303782591, 50.278182376822315], [127.49084381607439, 50.27781911354837], [127.49309138883545, 50.27775833612499], [127.4925103273143, 50.27838039360662], [127.49249612779602, 50.27882991878113]]]}}, {"id": "119", "type": "Feature", "properties": {"contour_id": "water_pre_0120", "area_ha": 1.06, "pair_id": "baseline_2018_09_low__blagoveshchensk", "layer": "water_pre", "aoi_name": "Благовещенск — слияние Амура и Зеи", "event_name": "Контрольный период межени, сентябрь 2018", "date_peak": "2018-09-15"}, "geometry": {"type": "Polygon", "coordinates": [[[127.75743737139551, 50.339975445213575], [127.75734849169997, 50.33799583391548], [127.75692937263655, 50.337901414686996], [127.75667656283917, 50.33681944139431], [127.75625980340466, 50.336635105728874], [127.75682174175097, 50.33664111535474], [127.75764354156743, 50.33745935181861], [127.75749836316494, 50.33763767886399], [127.75776292200148, 50.338270079864344], [127.75772070583008, 50.339888533582666], [127.75743737139551, 50.339975445213575]]]}}, {"id": "120", "type": "Feature", "properties": {"contour_id": "water_pre_0121", "area_ha": 1.05, "pair_id": "baseline_2018_09_low__blagoveshchensk", "layer": "water_pre", "aoi_name": "Благовещенск — слияние Амура и Зеи", "event_name": "Контрольный период межени, сентябрь 2018", "date_peak": "2018-09-15"}, "geometry": {"type": "Polygon", "coordinates": [[[127.32355084726291, 50.43319478752797], [127.32285348611114, 50.43300485380234], [127.32300375790169, 50.43273719707517], [127.32272227476219, 50.4327331389794], [127.32272862868915, 50.432553348524586], [127.32301328717024, 50.432467511351994], [127.32302281629346, 50.43219782561494], [127.32387043125813, 50.43212010029905], [127.32386408175299, 50.43229989087232], [127.32442386957597, 50.43239789611923], [127.32454239569667, 50.43302919035678], [127.32355084726291, 50.43319478752797]], [[127.32301011076355, 50.43255740659459], [127.32314767566838, 50.43264933062186], [127.32315085182496, 50.43255943537435], [127.32301011076355, 50.43255740659459]]]}}, {"id": "121", "type": "Feature", "properties": {"contour_id": "water_pre_0122", "area_ha": 1.04, "pair_id": "baseline_2018_09_low__blagoveshchensk", "layer": "water_pre", "aoi_name": "Благовещенск — слияние Амура и Зеи", "event_name": "Контрольный период межени, сентябрь 2018", "date_peak": "2018-09-15"}, "geometry": {"type": "Polygon", "coordinates": [[[127.32810846662032, 50.43173138065102], [127.3279803952648, 50.43136977594961], [127.32813696597863, 50.4309223211898], [127.3285655071914, 50.43074859722784], [127.32858766664103, 50.430119328515296], [127.32900670460513, 50.43021528944975], [127.32912528704713, 50.43084657979073], [127.3295411686621, 50.43103243441672], [127.32953167696033, 50.431302121105595], [127.32810846662032, 50.43173138065102]]]}}, {"id": "122", "type": "Feature", "properties": {"contour_id": "water_pre_0123", "area_ha": 1.04, "pair_id": "baseline_2018_09_low__blagoveshchensk", "layer": "water_pre", "aoi_name": "Благовещенск — слияние Амура и Зеи", "event_name": "Контрольный период межени, сентябрь 2018", "date_peak": "2018-09-15"}, "geometry": {"type": "Polygon", "coordinates": [[[127.50646665980602, 50.24950932718793], [127.50619185500811, 50.24932591025516], [127.50661249429636, 50.249331317210306], [127.50647790250908, 50.24914970292807], [127.50704156251243, 50.249067004373195], [127.5074734347211, 50.24871278378286], [127.50873253114976, 50.248818892190954], [127.50874095020284, 50.2485491736879], [127.50915877759586, 50.248644477543365], [127.50900453707726, 50.24909220936406], [127.5085895127646, 50.24890699877151], [127.50829505273079, 50.24935292981101], [127.50646665980602, 50.24950932718793]]]}}, {"id": "123", "type": "Feature", "properties": {"contour_id": "water_pre_0124", "area_ha": 0.98, "pair_id": "baseline_2018_09_low__blagoveshchensk", "layer": "water_pre", "aoi_name": "Благовещенск — слияние Амура и Зеи", "event_name": "Контрольный период межени, сентябрь 2018", "date_peak": "2018-09-15"}, "geometry": {"type": "Polygon", "coordinates": [[[127.77587301463933, 50.42093570085016], [127.77546008472275, 50.42057160388385], [127.77461568269544, 50.42056271287194], [127.77450279365905, 50.41948226959017], [127.7749481795394, 50.41858758185738], [127.77537036299542, 50.41859202679757], [127.77493658241583, 50.41903714904869], [127.77505179977385, 50.42002767863195], [127.77601838457147, 50.420757354712656], [127.77658363828768, 50.42067336250104], [127.77643595396233, 50.42094162282062], [127.77587301463933, 50.42093570085016]]]}}, {"id": "124", "type": "Feature", "properties": {"contour_id": "water_pre_0125", "area_ha": 0.97, "pair_id": "baseline_2018_09_low__blagoveshchensk", "layer": "water_pre", "aoi_name": "Благовещенск — слияние Амура и Зеи", "event_name": "Контрольный период межени, сентябрь 2018", "date_peak": "2018-09-15"}, "geometry": {"type": "Polygon", "coordinates": [[[127.62170447910529, 50.207941255620284], [127.62142946253702, 50.20775810836031], [127.62227523062967, 50.20758825808174], [127.62577509913731, 50.20771965488577], [127.6257673518985, 50.207989389089704], [127.62170447910529, 50.207941255620284]]]}}, {"id": "125", "type": "Feature", "properties": {"contour_id": "water_pre_0126", "area_ha": 0.96, "pair_id": "baseline_2018_09_low__blagoveshchensk", "layer": "water_pre", "aoi_name": "Благовещенск — слияние Амура и Зеи", "event_name": "Контрольный период межени, сентябрь 2018", "date_peak": "2018-09-15"}, "geometry": {"type": "Polygon", "coordinates": [[[127.34189212351937, 50.42815114162473], [127.34106345637596, 50.427689622457514], [127.34036610299411, 50.42749979365337], [127.34052882895097, 50.42687252841356], [127.34138260494078, 50.4266148819162], [127.34149820362222, 50.42733605770149], [127.3417733768391, 50.42751986242937], [127.34162322754179, 50.42778754482566], [127.34204227250771, 50.42788345889391], [127.34189212351937, 50.42815114162473]], [[127.34135433563206, 50.42742394742327], [127.34149192194234, 50.427515850035284], [127.34149506279029, 50.427425953869154], [127.34135433563206, 50.42742394742327]]]}}, {"id": "126", "type": "Feature", "properties": {"contour_id": "water_pre_0127", "area_ha": 0.95, "pair_id": "baseline_2018_09_low__blagoveshchensk", "layer": "water_pre", "aoi_name": "Благовещенск — слияние Амура и Зеи", "event_name": "Контрольный период межени, сентябрь 2018", "date_peak": "2018-09-15"}, "geometry": {"type": "Polygon", "coordinates": [[[127.66631441826836, 50.33698726285305], [127.66561957238694, 50.33670947104978], [127.66633959500919, 50.33608815379232], [127.66759132110161, 50.33655220394169], [127.66758629049794, 50.336732025842856], [127.66814821041802, 50.3367384639615], [127.66814318188334, 50.336918285897546], [127.66631441826836, 50.33698726285305]]]}}, {"id": "127", "type": "Feature", "properties": {"contour_id": "water_pre_0128", "area_ha": 0.95, "pair_id": "baseline_2018_09_low__blagoveshchensk", "layer": "water_pre", "aoi_name": "Благовещенск — слияние Амура и Зеи", "event_name": "Контрольный период межени, сентябрь 2018", "date_peak": "2018-09-15"}, "geometry": {"type": "Polygon", "coordinates": [[[127.50636006027585, 50.284315486897306], [127.50608224348917, 50.28422197450639], [127.50609068809203, 50.283952257980346], [127.50581005857946, 50.283948650463564], [127.50609350293112, 50.28386235246862], [127.50610757691233, 50.28341282488737], [127.50778290133138, 50.28370417211286], [127.50776603127254, 50.284243605590234], [127.50636006027585, 50.284315486897306]], [[127.50636568899733, 50.2841356758616], [127.50664350585535, 50.28422918757677], [127.50664631968066, 50.28413928204671], [127.50636568899733, 50.2841356758616]]]}}, {"id": "128", "type": "Feature", "properties": {"contour_id": "water_pre_0129", "area_ha": 0.95, "pair_id": "baseline_2018_09_low__blagoveshchensk", "layer": "water_pre", "aoi_name": "Благовещенск — слияние Амура и Зеи", "event_name": "Контрольный период межени, сентябрь 2018", "date_peak": "2018-09-15"}, "geometry": {"type": "Polygon", "coordinates": [[[127.29679939213482, 50.27990421897912], [127.29667835664225, 50.27936278443497], [127.29709921757342, 50.27936895229328], [127.2971056335435, 50.279189159447455], [127.29877945791972, 50.27948350499369], [127.29876663839002, 50.27984309097339], [127.29679939213482, 50.27990421897912]]]}}, {"id": "129", "type": "Feature", "properties": {"contour_id": "water_pre_0130", "area_ha": 0.92, "pair_id": "baseline_2018_09_low__blagoveshchensk", "layer": "water_pre", "aoi_name": "Благовещенск — слияние Амура и Зеи", "event_name": "Контрольный период межени, сентябрь 2018", "date_peak": "2018-09-15"}, "geometry": {"type": "Polygon", "coordinates": [[[127.53380484321276, 50.34132782304232], [127.53383806137289, 50.34024895400687], [127.53454323984889, 50.34016790371437], [127.53453493951567, 50.340437621082415], [127.53481313908308, 50.34053106791418], [127.53466712276568, 50.340709109055666], [127.53536124570842, 50.34098767704665], [127.53507197904051, 50.34125385469709], [127.53380484321276, 50.34132782304232]]]}}, {"id": "130", "type": "Feature", "properties": {"contour_id": "water_pre_0131", "area_ha": 0.92, "pair_id": "baseline_2018_09_low__blagoveshchensk", "layer": "water_pre", "aoi_name": "Благовещенск — слияние Амура и Зеи", "event_name": "Контрольный период межени, сентябрь 2018", "date_peak": "2018-09-15"}, "geometry": {"type": "Polygon", "coordinates": [[[127.57719202661904, 50.23438722720301], [127.57705720583603, 50.23420569232913], [127.57818661435616, 50.23394969305094], [127.57805179097177, 50.2337681592963], [127.57861515223631, 50.233685110729795], [127.5787660166174, 50.23332718865692], [127.579898066457, 50.23298126322388], [127.57974454036683, 50.23342909610921], [127.57890084152213, 50.23350872160863], [127.57917851159661, 50.23360205941377], [127.57917049437087, 50.233871787052166], [127.57874195782749, 50.234136371425336], [127.57817324275442, 50.23439923888707], [127.57719202661904, 50.23438722720301]]]}}, {"id": "131", "type": "Feature", "properties": {"contour_id": "water_pre_0132", "area_ha": 0.91, "pair_id": "baseline_2018_09_low__blagoveshchensk", "layer": "water_pre", "aoi_name": "Благовещенск — слияние Амура и Зеи", "event_name": "Контрольный период межени, сентябрь 2018", "date_peak": "2018-09-15"}, "geometry": {"type": "Polygon", "coordinates": [[[127.30682064066892, 50.44428506357813], [127.30669270057375, 50.44392343747232], [127.30712785248464, 50.44357000616701], [127.30769094286487, 50.44357819838676], [127.30827006135648, 50.44313691591862], [127.30854839910587, 50.443230903989274], [127.30855801407094, 50.442961220757816], [127.30883314692979, 50.44314510256114], [127.30795645723046, 50.444031765335936], [127.30682064066892, 50.44428506357813]]]}}, {"id": "132", "type": "Feature", "properties": {"contour_id": "water_pre_0133", "area_ha": 0.9, "pair_id": "baseline_2018_09_low__blagoveshchensk", "layer": "water_pre", "aoi_name": "Благовещенск — слияние Амура и Зеи", "event_name": "Контрольный период межени, сентябрь 2018", "date_peak": "2018-09-15"}, "geometry": {"type": "Polygon", "coordinates": [[[127.71861434860625, 50.41959961438432], [127.71820429980421, 50.419145406048095], [127.71835230593464, 50.41887722203743], [127.71779425879271, 50.41869119629097], [127.71780639661992, 50.41824163889525], [127.71794226576608, 50.41842301278826], [127.71907048528713, 50.41834550257955], [127.71903653196955, 50.41960426379355], [127.71861434860625, 50.41959961438432]]]}}, {"id": "133", "type": "Feature", "properties": {"contour_id": "water_pre_0134", "area_ha": 0.9, "pair_id": "baseline_2018_09_low__blagoveshchensk", "layer": "water_pre", "aoi_name": "Благовещенск — слияние Амура и Зеи", "event_name": "Контрольный период межени, сентябрь 2018", "date_peak": "2018-09-15"}, "geometry": {"type": "Polygon", "coordinates": [[[127.58637732300215, 50.21777014232626], [127.58525631906036, 50.21775649643728], [127.58540176288302, 50.217578383355175], [127.58512417275283, 50.21748506085687], [127.58513215175614, 50.217215331759306], [127.58639326691761, 50.21723068385258], [127.58640123869365, 50.21696095459546], [127.58724197800302, 50.21697118162495], [127.58722604380466, 50.217510640320214], [127.58638529502045, 50.21750041309617], [127.58637732300215, 50.21777014232626]]]}}, {"id": "134", "type": "Feature", "properties": {"contour_id": "water_pre_0135", "area_ha": 0.89, "pair_id": "baseline_2018_09_low__blagoveshchensk", "layer": "water_pre", "aoi_name": "Благовещенск — слияние Амура и Зеи", "event_name": "Контрольный период межени, сентябрь 2018", "date_peak": "2018-09-15"}, "geometry": {"type": "Polygon", "coordinates": [[[127.60464308438583, 50.273934600802754], [127.60395740467784, 50.27338671944453], [127.60396529310844, 50.27311699077757], [127.6029964269603, 50.27265564269301], [127.60301747644021, 50.27193636642128], [127.60357598826708, 50.2720330198414], [127.6038407822243, 50.27257584816256], [127.60369260507747, 50.27284389141456], [127.60411346960984, 50.272848947184485], [127.60424324215202, 50.27321027038294], [127.60521213171059, 50.27367160822331], [127.60520687736286, 50.27385142741432], [127.60464308438583, 50.273934600802754]], [[127.6046483408725, 50.273754781657466], [127.6047860037976, 50.273846375530646], [127.60478863177022, 50.27375646595191], [127.6046483408725, 50.273754781657466]]]}}, {"id": "135", "type": "Feature", "properties": {"contour_id": "water_pre_0136", "area_ha": 0.87, "pair_id": "baseline_2018_09_low__blagoveshchensk", "layer": "water_pre", "aoi_name": "Благовещенск — слияние Амура и Зеи", "event_name": "Контрольный период межени, сентябрь 2018", "date_peak": "2018-09-15"}, "geometry": {"type": "Polygon", "coordinates": [[[127.68252399347371, 50.192817193787214], [127.68254131442225, 50.192187797640706], [127.68240868201657, 50.19191646783539], [127.68212857109135, 50.19191329017425], [127.68213599642002, 50.19164354897821], [127.6829738510947, 50.19174299360903], [127.68312379905356, 50.19138492641719], [127.68366176503297, 50.192200500303464], [127.68294416787897, 50.192821958657525], [127.68252399347371, 50.192817193787214]]]}}, {"id": "136", "type": "Feature", "properties": {"contour_id": "water_pre_0137", "area_ha": 0.86, "pair_id": "baseline_2018_09_low__blagoveshchensk", "layer": "water_pre", "aoi_name": "Благовещенск — слияние Амура и Зеи", "event_name": "Контрольный период межени, сентябрь 2018", "date_peak": "2018-09-15"}, "geometry": {"type": "Polygon", "coordinates": [[[127.38667390544138, 50.398920485628175], [127.38597983659119, 50.3986410330422], [127.3858483527738, 50.39836938537987], [127.38670137475269, 50.39811139783838], [127.38782347352648, 50.398216898073144], [127.38766452795085, 50.39875434059432], [127.38667390544138, 50.398920485628175]]]}}, {"id": "137", "type": "Feature", "properties": {"contour_id": "water_pre_0138", "area_ha": 0.86, "pair_id": "baseline_2018_09_low__blagoveshchensk", "layer": "water_pre", "aoi_name": "Благовещенск — слияние Амура и Зеи", "event_name": "Контрольный период межени, сентябрь 2018", "date_peak": "2018-09-15"}, "geometry": {"type": "Polygon", "coordinates": [[[127.75589571811851, 50.24291383940541], [127.75479279060501, 50.24218250067361], [127.75479747627628, 50.242002669667414], [127.75606635341012, 50.241746438440764], [127.75632102487802, 50.24273851106494], [127.75589571811851, 50.24291383940541]], [[127.75562700703381, 50.24246125911827], [127.75590508135704, 50.242554177282024], [127.75590742213703, 50.242464261747486], [127.75562700703381, 50.24246125911827]]]}}, {"id": "138", "type": "Feature", "properties": {"contour_id": "water_pre_0139", "area_ha": 0.86, "pair_id": "baseline_2018_09_low__blagoveshchensk", "layer": "water_pre", "aoi_name": "Благовещенск — слияние Амура и Зеи", "event_name": "Контрольный период межени, сентябрь 2018", "date_peak": "2018-09-15"}, "geometry": {"type": "Polygon", "coordinates": [[[127.71021601936836, 50.230993276680444], [127.71022087082852, 50.23081344842522], [127.70813045655723, 50.23034051907754], [127.70813531574836, 50.23016069094966], [127.70785497798376, 50.23015757360464], [127.70800729593952, 50.22970956204069], [127.70843022767912, 50.22962432313995], [127.7091116428092, 50.2303514245296], [127.7098124905011, 50.2303592090671], [127.71022329654015, 50.230723534295386], [127.71064380857473, 50.230728201527285], [127.71049636229314, 50.23099638836703], [127.71021601936836, 50.230993276680444]]]}}, {"id": "139", "type": "Feature", "properties": {"contour_id": "water_pre_0140", "area_ha": 0.86, "pair_id": "baseline_2018_09_low__blagoveshchensk", "layer": "water_pre", "aoi_name": "Благовещенск — слияние Амура и Зеи", "event_name": "Контрольный период межени, сентябрь 2018", "date_peak": "2018-09-15"}, "geometry": {"type": "Polygon", "coordinates": [[[127.5546775072239, 50.18131311891451], [127.55469921422342, 50.18059384634179], [127.554144583717, 50.180407057556465], [127.55417172646048, 50.1795079668958], [127.5545917614004, 50.179513194953465], [127.55444632235171, 50.17969127060255], [127.55486093308227, 50.17987631587451], [127.55484465515003, 50.18041577041854], [127.55512197130791, 50.180509163478845], [127.55510027072152, 50.18122843619614], [127.5546775072239, 50.18131311891451]]]}}, {"id": "140", "type": "Feature", "properties": {"contour_id": "water_pre_0141", "area_ha": 0.85, "pair_id": "baseline_2018_09_low__blagoveshchensk", "layer": "water_pre", "aoi_name": "Благовещенск — слияние Амура и Зеи", "event_name": "Контрольный период межени, сентябрь 2018", "date_peak": "2018-09-15"}, "geometry": {"type": "Polygon", "coordinates": [[[127.69539396790749, 50.44497391487799], [127.69328441986625, 50.44486030481904], [127.69328937242359, 50.44468048441839], [127.69399832606291, 50.44450856809794], [127.69399090128314, 50.44477829878089], [127.69427250342402, 50.44478145925322], [127.69427745222323, 50.444601638779346], [127.69470232750992, 50.44451646792614], [127.69485549421935, 50.444068496062386], [127.69527541882535, 50.44416314361102], [127.69527047388483, 50.44434296416998], [127.69569534513172, 50.44425778965543], [127.69569040176586, 50.44443761024147], [127.6954088015065, 50.44443445321562], [127.69539396790749, 50.44497391487799]]]}}, {"id": "141", "type": "Feature", "properties": {"contour_id": "water_pre_0142", "area_ha": 0.84, "pair_id": "baseline_2018_09_low__blagoveshchensk", "layer": "water_pre", "aoi_name": "Благовещенск — слияние Амура и Зеи", "event_name": "Контрольный период межени, сентябрь 2018", "date_peak": "2018-09-15"}, "geometry": {"type": "Polygon", "coordinates": [[[127.66856822839748, 50.18582248098751], [127.66871576458581, 50.185554346091436], [127.66773551223243, 50.18554310680264], [127.66775052154952, 50.18500362694072], [127.66873326253662, 50.18492495266458], [127.66874326108722, 50.18456529924501], [127.66944092896318, 50.18466323534834], [127.66942593886782, 50.185202715612405], [127.66872826318539, 50.18510477936542], [127.66871826433103, 50.185464432749214], [127.66899833602042, 50.18546764244554], [127.66899333756834, 50.185647469148854], [127.66856822839748, 50.18582248098751]]]}}, {"id": "142", "type": "Feature", "properties": {"contour_id": "water_pre_0143", "area_ha": 0.84, "pair_id": "baseline_2018_09_low__blagoveshchensk", "layer": "water_pre", "aoi_name": "Благовещенск — слияние Амура и Зеи", "event_name": "Контрольный период межени, сентябрь 2018", "date_peak": "2018-09-15"}, "geometry": {"type": "Polygon", "coordinates": [[[127.54500328885543, 50.16779082258573], [127.54501967028686, 50.16725136921127], [127.54461613026142, 50.16670665414318], [127.54532691684328, 50.16635578700516], [127.54602132380346, 50.16654436913962], [127.5458677078317, 50.16699216132947], [127.54558775877125, 50.166988655728716], [127.54571135998476, 50.167529862181716], [127.54500328885543, 50.16779082258573]]]}}, {"id": "143", "type": "Feature", "properties": {"contour_id": "water_pre_0144", "area_ha": 0.83, "pair_id": "baseline_2018_09_low__blagoveshchensk", "layer": "water_pre", "aoi_name": "Благовещенск — слияние Амура и Зеи", "event_name": "Контрольный период межени, сентябрь 2018", "date_peak": "2018-09-15"}, "geometry": {"type": "Polygon", "coordinates": [[[127.45223255048359, 50.299886754041836], [127.45111552599839, 50.299691990497394], [127.45112720602195, 50.299332378594954], [127.45056578042885, 50.299324895870605], [127.45057162246651, 50.29914508995772], [127.45198101829823, 50.298983985530484], [127.45252201897627, 50.29962078265511], [127.45223255048359, 50.299886754041836]]]}}, {"id": "144", "type": "Feature", "properties": {"contour_id": "water_pre_0145", "area_ha": 0.81, "pair_id": "baseline_2018_09_low__blagoveshchensk", "layer": "water_pre", "aoi_name": "Благовещенск — слияние Амура и Зеи", "event_name": "Контрольный период межени, сентябрь 2018", "date_peak": "2018-09-15"}, "geometry": {"type": "Polygon", "coordinates": [[[127.82765135100448, 50.18780684775332], [127.82765795556924, 50.18753709145789], [127.82807810679371, 50.187541331099204], [127.82808470889253, 50.187271574750234], [127.82766456003368, 50.18726733514923], [127.8276711643978, 50.186997578827345], [127.82809131089105, 50.187001818388026], [127.82809791278929, 50.186732062012595], [127.82893820134548, 50.186740536495755], [127.82891840954348, 50.18754980582417], [127.82849825811847, 50.187545569221314], [127.82849165828503, 50.187815325597356], [127.82765135100448, 50.18780684775332]]]}}, {"id": "145", "type": "Feature", "properties": {"contour_id": "water_pre_0146", "area_ha": 0.81, "pair_id": "baseline_2018_09_low__blagoveshchensk", "layer": "water_pre", "aoi_name": "Благовещенск — слияние Амура и Зеи", "event_name": "Контрольный период межени, сентябрь 2018", "date_peak": "2018-09-15"}, "geometry": {"type": "Polygon", "coordinates": [[[127.72560442568077, 50.26911804441423], [127.72560922574952, 50.268938216262825], [127.72435147817764, 50.268744536801755], [127.72548094338606, 50.26848710751633], [127.7253478624892, 50.26821582677383], [127.72660799850838, 50.268319581272635], [127.72660080418675, 50.26858932363107], [127.72603247597411, 50.26885291625392], [127.72630824543633, 50.269035819656736], [127.72560442568077, 50.26911804441423]]]}}, {"id": "146", "type": "Feature", "properties": {"contour_id": "water_pre_0147", "area_ha": 0.81, "pair_id": "baseline_2018_09_low__blagoveshchensk", "layer": "water_pre", "aoi_name": "Благовещенск — слияние Амура и Зеи", "event_name": "Контрольный период межени, сентябрь 2018", "date_peak": "2018-09-15"}, "geometry": {"type": "Polygon", "coordinates": [[[127.33132185041127, 50.4364544471738], [127.33048681953231, 50.43617264398693], [127.33021796759877, 50.435809021718704], [127.33233555582525, 50.435659514942984], [127.33217900786049, 50.43610697523807], [127.33132185041127, 50.4364544471738]]]}}, {"id": "147", "type": "Feature", "properties": {"contour_id": "water_pre_0148", "area_ha": 0.81, "pair_id": "baseline_2018_09_low__blagoveshchensk", "layer": "water_pre", "aoi_name": "Благовещенск — слияние Амура и Зеи", "event_name": "Контрольный период межени, сентябрь 2018", "date_peak": "2018-09-15"}, "geometry": {"type": "Polygon", "coordinates": [[[127.5602516998415, 50.17760475210409], [127.55997979634249, 50.177331552634364], [127.56083333776027, 50.1768924180345], [127.5608414420557, 50.17662268989423], [127.56140145658343, 50.17662962785809], [127.56197496771252, 50.176187015972545], [127.5622522738179, 50.17628039198197], [127.56182146762276, 50.17663482955978], [127.56181066922039, 50.17699446723104], [127.56110524372926, 50.1771656155465], [127.56081442725899, 50.177521783642426], [127.5602516998415, 50.17760475210409]], [[127.5605371168919, 50.17742840418133], [127.56081712880021, 50.17743187427439], [127.56082523334179, 50.177162146161216], [127.56054252098365, 50.17724858546271], [127.5605371168919, 50.17742840418133]], [[127.56154146024956, 50.17663136192734], [127.56167876408666, 50.17672300524247], [127.56168146392933, 50.17663309582791], [127.56154146024956, 50.17663136192734]]]}}, {"id": "148", "type": "Feature", "properties": {"contour_id": "water_pre_0149", "area_ha": 0.8, "pair_id": "baseline_2018_09_low__blagoveshchensk", "layer": "water_pre", "aoi_name": "Благовещенск — слияние Амура и Зеи", "event_name": "Контрольный период межени, сентябрь 2018", "date_peak": "2018-09-15"}, "geometry": {"type": "Polygon", "coordinates": [[[127.7568963879817, 50.2152227857563], [127.75649704127315, 50.214409043031466], [127.75804075541029, 50.21433561489564], [127.75802674860196, 50.21487511114255], [127.75760636823019, 50.21487061639625], [127.75774182492532, 50.21505194686544], [127.75746157032668, 50.215048949842036], [127.75745689914282, 50.21522878186858], [127.7568963879817, 50.2152227857563]], [[127.75747091255245, 50.21468928577118], [127.75760870351748, 50.21478070037304], [127.75761103879293, 50.21469078434835], [127.75747091255245, 50.21468928577118]], [[127.75705287021853, 50.2145948730188], [127.75719066010697, 50.21468628810999], [127.7571929961603, 50.21459637209808], [127.75705287021853, 50.2145948730188]]]}}, {"id": "149", "type": "Feature", "properties": {"contour_id": "water_pre_0150", "area_ha": 0.79, "pair_id": "baseline_2018_09_low__blagoveshchensk", "layer": "water_pre", "aoi_name": "Благовещенск — слияние Амура и Зеи", "event_name": "Контрольный период межени, сентябрь 2018", "date_peak": "2018-09-15"}, "geometry": {"type": "Polygon", "coordinates": [[[127.5356657535412, 50.17549851256621], [127.53469676400442, 50.17512651899974], [127.53499050810775, 50.17468050936487], [127.53486151167058, 50.174319109824204], [127.53624223342618, 50.17496612123526], [127.5356657535412, 50.17549851256621]]]}}, {"id": "150", "type": "Feature", "properties": {"contour_id": "water_pre_0151", "area_ha": 0.79, "pair_id": "baseline_2018_09_low__blagoveshchensk", "layer": "water_pre", "aoi_name": "Благовещенск — слияние Амура и Зеи", "event_name": "Контрольный период межени, сентябрь 2018", "date_peak": "2018-09-15"}, "geometry": {"type": "Polygon", "coordinates": [[[127.67253413219063, 50.18424891782418], [127.67253911710104, 50.18406909081919], [127.67156388216327, 50.183878057090716], [127.67130128264165, 50.18324545938715], [127.6718539197225, 50.18352160591551], [127.67311668451158, 50.183446096279404], [127.67339176331711, 50.18362912236588], [127.6730992450792, 50.18407549098579], [127.67253413219063, 50.18424891782418]]]}}, {"id": "151", "type": "Feature", "properties": {"contour_id": "water_pre_0152", "area_ha": 0.78, "pair_id": "baseline_2018_09_low__blagoveshchensk", "layer": "water_pre", "aoi_name": "Благовещенск — слияние Амура и Зеи", "event_name": "Контрольный период межени, сентябрь 2018", "date_peak": "2018-09-15"}, "geometry": {"type": "Polygon", "coordinates": [[[127.54986660524193, 50.210664399522166], [127.54973740485808, 50.210303016865616], [127.54905053175278, 50.209844727496105], [127.5490641653138, 50.209395185486215], [127.54878669506398, 50.20930177706065], [127.54894042797937, 50.20885398512726], [127.55004213196905, 50.209497338715856], [127.54989385747756, 50.2097653152676], [127.54975920841983, 50.209583749470156], [127.54933345809901, 50.20975831849617], [127.55002578262011, 50.21003678934708], [127.54986660524193, 50.210664399522166]]]}}, {"id": "152", "type": "Feature", "properties": {"contour_id": "water_pre_0153", "area_ha": 0.78, "pair_id": "baseline_2018_09_low__blagoveshchensk", "layer": "water_pre", "aoi_name": "Благовещенск — слияние Амура и Зеи", "event_name": "Контрольный период межени, сентябрь 2018", "date_peak": "2018-09-15"}, "geometry": {"type": "Polygon", "coordinates": [[[127.80026963216004, 50.44709184017398], [127.79970865250708, 50.44699611752546], [127.79973367477386, 50.44600706537197], [127.8004309067774, 50.44628406728418], [127.8005648986168, 50.44655526043658], [127.80112814696707, 50.44656106506276], [127.80126214356102, 50.44683225743311], [127.80026963216004, 50.44709184017398]]]}}, {"id": "153", "type": "Feature", "properties": {"contour_id": "water_pre_0154", "area_ha": 0.78, "pair_id": "baseline_2018_09_low__blagoveshchensk", "layer": "water_pre", "aoi_name": "Благовещенск — слияние Амура и Зеи", "event_name": "Контрольный период межени, сентябрь 2018", "date_peak": "2018-09-15"}, "geometry": {"type": "Polygon", "coordinates": [[[127.6196617795075, 50.28841455535445], [127.61925378527404, 50.28796000523695], [127.61897311826662, 50.28795667071627], [127.61857034102573, 50.28732229844892], [127.62011658978749, 50.28725072515891], [127.6201009874857, 50.28779018484941], [127.61953965532103, 50.28778351923761], [127.61995025156943, 50.28814815844311], [127.61994244928945, 50.288417888234356], [127.6196617795075, 50.28841455535445]]]}}, {"id": "154", "type": "Feature", "properties": {"contour_id": "water_pre_0155", "area_ha": 0.76, "pair_id": "baseline_2018_09_low__blagoveshchensk", "layer": "water_pre", "aoi_name": "Благовещенск — слияние Амура и Зеи", "event_name": "Контрольный период межени, сентябрь 2018", "date_peak": "2018-09-15"}, "geometry": {"type": "Polygon", "coordinates": [[[127.42947725629605, 50.27026033466751], [127.4292085502245, 50.26989693296728], [127.43061419076025, 50.26982598198675], [127.43063192376134, 50.26928656659732], [127.43006790045892, 50.26936889070922], [127.43008268290042, 50.26891937797055], [127.43078401114037, 50.26892885046834], [127.4311959451774, 50.26920423972845], [127.43117526411754, 50.2698335578563], [127.43075445907708, 50.26982787620795], [127.43088881734427, 50.27000957540159], [127.42976666688685, 50.26999441815146], [127.42947725629605, 50.27026033466751]]]}}, {"id": "155", "type": "Feature", "properties": {"contour_id": "water_pre_0156", "area_ha": 0.74, "pair_id": "baseline_2018_09_low__blagoveshchensk", "layer": "water_pre", "aoi_name": "Благовещенск — слияние Амура и Зеи", "event_name": "Контрольный период межени, сентябрь 2018", "date_peak": "2018-09-15"}, "geometry": {"type": "Polygon", "coordinates": [[[127.69787118370108, 50.231215347818456], [127.69790057050817, 50.23013638350437], [127.69900968320341, 50.23059851356857], [127.69899989598147, 50.23095816849333], [127.69871465981515, 50.23113485650778], [127.69787118370108, 50.231215347818456]]]}}, {"id": "156", "type": "Feature", "properties": {"contour_id": "water_pre_0157", "area_ha": 0.74, "pair_id": "baseline_2018_09_low__blagoveshchensk", "layer": "water_pre", "aoi_name": "Благовещенск — слияние Амура и Зеи", "event_name": "Контрольный период межени, сентябрь 2018", "date_peak": "2018-09-15"}, "geometry": {"type": "Polygon", "coordinates": [[[127.31068878432276, 50.442452534233134], [127.31071759149262, 50.44164348349538], [127.31044886220283, 50.4412798170672], [127.3107367955402, 50.44110411626739], [127.31075599900196, 50.44056474898381], [127.31118149053125, 50.440480985402935], [127.31111429297715, 50.442368771093435], [127.31068878432276, 50.442452534233134]]]}}, {"id": "157", "type": "Feature", "properties": {"contour_id": "water_pre_0158", "area_ha": 0.74, "pair_id": "baseline_2018_09_low__blagoveshchensk", "layer": "water_pre", "aoi_name": "Благовещенск — слияние Амура и Зеи", "event_name": "Контрольный период межени, сентябрь 2018", "date_peak": "2018-09-15"}, "geometry": {"type": "Polygon", "coordinates": [[[127.62726297750596, 50.19982235037301], [127.62726813523213, 50.19964252720509], [127.62684791056238, 50.199637560491844], [127.62687886528826, 50.19855862154763], [127.6277192958137, 50.19856855307677], [127.62768836001942, 50.19964749239879], [127.62726297750596, 50.19982235037301]]]}}, {"id": "158", "type": "Feature", "properties": {"contour_id": "water_pre_0159", "area_ha": 0.74, "pair_id": "baseline_2018_09_low__blagoveshchensk", "layer": "water_pre", "aoi_name": "Благовещенск — слияние Амура и Зеи", "event_name": "Контрольный период межени, сентябрь 2018", "date_peak": "2018-09-15"}, "geometry": {"type": "Polygon", "coordinates": [[[127.67394867271572, 50.198925600243506], [127.67367599657803, 50.198652661914174], [127.67297063744584, 50.198824489666904], [127.67227774453907, 50.19854674676377], [127.67270046091205, 50.198461635800776], [127.67256537416604, 50.19828020863596], [127.67299307335334, 50.198015269995615], [127.67300055176192, 50.19774553007838], [127.67328069577978, 50.19774873001563], [127.67341329176551, 50.198020069693904], [127.67313065357959, 50.19810678337172], [127.67396361913272, 50.19838612027199], [127.67394867271572, 50.198925600243506]], [[127.67354339741375, 50.198381322538935], [127.67368097974361, 50.198472835274295], [127.67368347130747, 50.19838292195213], [127.67354339741375, 50.198381322538935]]]}}, {"id": "159", "type": "Feature", "properties": {"contour_id": "water_pre_0160", "area_ha": 0.74, "pair_id": "baseline_2018_09_low__blagoveshchensk", "layer": "water_pre", "aoi_name": "Благовещенск — слияние Амура и Зеи", "event_name": "Контрольный период межени, сентябрь 2018", "date_peak": "2018-09-15"}, "geometry": {"type": "Polygon", "coordinates": [[[127.54525396428417, 50.17337043229868], [127.5439994919961, 50.17317482614629], [127.5440049573372, 50.17299500860851], [127.54344772329269, 50.17289807839861], [127.54386769829269, 50.17290334473067], [127.54388136264683, 50.17245380088012], [127.54401588785345, 50.172635373514886], [127.54471857387684, 50.17255423763002], [127.54485037150431, 50.172825718129616], [127.54569305035528, 50.17274633028179], [127.54568213238439, 50.17310596563626], [127.54526761585825, 50.17292088820782], [127.54525396428417, 50.17337043229868]]]}}, {"id": "160", "type": "Feature", "properties": {"contour_id": "water_pre_0161", "area_ha": 0.73, "pair_id": "baseline_2018_09_low__blagoveshchensk", "layer": "water_pre", "aoi_name": "Благовещенск — слияние Амура и Зеи", "event_name": "Контрольный период межени, сентябрь 2018", "date_peak": "2018-09-15"}, "geometry": {"type": "Polygon", "coordinates": [[[127.34365573194984, 50.43006502501063], [127.34338053681664, 50.429881224598354], [127.3435306831627, 50.42961353999452], [127.34324921560467, 50.4296095317314], [127.34312417179146, 50.42915804629362], [127.342708252078, 50.42897223981483], [127.34272080681151, 50.42861265501038], [127.34230489343972, 50.42842684713455], [127.34245504102226, 50.42815916386894], [127.34342446086426, 50.428622677445055], [127.34340563665519, 50.4291620548334], [127.34369023845828, 50.429076166452326], [127.34353695758983, 50.42943374754055], [127.34394974818053, 50.429709447356785], [127.34365573194984, 50.43006502501063]]]}}, {"id": "161", "type": "Feature", "properties": {"contour_id": "water_pre_0162", "area_ha": 0.72, "pair_id": "baseline_2018_09_low__blagoveshchensk", "layer": "water_pre", "aoi_name": "Благовещенск — слияние Амура и Зеи", "event_name": "Контрольный период межени, сентябрь 2018", "date_peak": "2018-09-15"}, "geometry": {"type": "Polygon", "coordinates": [[[127.48999263228099, 50.26035930362698], [127.48958611683042, 50.25990430964952], [127.49127471521355, 50.259746361502], [127.49154952103662, 50.259929813419305], [127.49170112240915, 50.259572012669736], [127.49212184912699, 50.259577472872664], [127.49211333294231, 50.259847188810866], [127.49154384136918, 50.26010962398799], [127.48999263228099, 50.26035930362698]]]}}, {"id": "162", "type": "Feature", "properties": {"contour_id": "water_pre_0163", "area_ha": 0.72, "pair_id": "baseline_2018_09_low__blagoveshchensk", "layer": "water_pre", "aoi_name": "Благовещенск — слияние Амура и Зеи", "event_name": "Контрольный период межени, сентябрь 2018", "date_peak": "2018-09-15"}, "geometry": {"type": "Polygon", "coordinates": [[[127.59758831396732, 50.26566503183648], [127.59760679901515, 50.26503566579614], [127.59788996889232, 50.264949141338505], [127.5984906121288, 50.26360726700528], [127.59877113358218, 50.263610649796384], [127.59847213966361, 50.264236633438976], [127.59887973634446, 50.26469125497257], [127.59859920853094, 50.26468787239116], [127.59844574929042, 50.265135728216784], [127.59816521891817, 50.2651323445664], [127.59758831396732, 50.26566503183648]]]}}, {"id": "163", "type": "Feature", "properties": {"contour_id": "water_pre_0164", "area_ha": 0.69, "pair_id": "baseline_2018_09_low__blagoveshchensk", "layer": "water_pre", "aoi_name": "Благовещенск — слияние Амура и Зеи", "event_name": "Контрольный период межени, сентябрь 2018", "date_peak": "2018-09-15"}, "geometry": {"type": "Polygon", "coordinates": [[[127.62583960482894, 50.293254617400834], [127.6255718589409, 50.292801748184196], [127.6259954931665, 50.29271681607028], [127.62543410165058, 50.29271017845221], [127.62517413639394, 50.29198757811232], [127.62629172421137, 50.292180673233425], [127.62626324263539, 50.29316968434645], [127.62583960482894, 50.293254617400834]]]}}, {"id": "164", "type": "Feature", "properties": {"contour_id": "water_pre_0165", "area_ha": 0.68, "pair_id": "baseline_2018_09_low__blagoveshchensk", "layer": "water_pre", "aoi_name": "Благовещенск — слияние Амура и Зеи", "event_name": "Контрольный период межени, сентябрь 2018", "date_peak": "2018-09-15"}, "geometry": {"type": "Polygon", "coordinates": [[[127.61092381154177, 50.27994594824996], [127.61038613565422, 50.2791300517533], [127.60996783333209, 50.27903510854696], [127.61026153751689, 50.27858891583233], [127.61096044805072, 50.27868721205877], [127.61080967392945, 50.27904517401506], [127.61136043690836, 50.27941151992251], [127.61135258850547, 50.279681249142975], [127.61092381154177, 50.27994594824996]]]}}, {"id": "165", "type": "Feature", "properties": {"contour_id": "water_pre_0166", "area_ha": 0.68, "pair_id": "baseline_2018_09_low__blagoveshchensk", "layer": "water_pre", "aoi_name": "Благовещенск — слияние Амура и Зеи", "event_name": "Контрольный период межени, сентябрь 2018", "date_peak": "2018-09-15"}, "geometry": {"type": "Polygon", "coordinates": [[[127.4135379593072, 50.251605565851044], [127.41354691653964, 50.251335859529995], [127.4132664908299, 50.25133203040409], [127.41326051830225, 50.25151183459536], [127.4124222262259, 50.25141044102791], [127.41187631860728, 50.2509532664706], [127.41229695357717, 50.250959014905916], [127.41242820188663, 50.25123063690647], [127.4124371652641, 50.25096093071283], [127.41327544950781, 50.251062324105725], [127.4138482382989, 50.250710373091955], [127.41397352504876, 50.25116179769252], [127.41369310030264, 50.251157969605494], [127.41368712941724, 50.251337773839296], [127.41396755521781, 50.2513416019506], [127.4139615853263, 50.25152140620258], [127.4135379593072, 50.251605565851044]]]}}, {"id": "166", "type": "Feature", "properties": {"contour_id": "water_pre_0167", "area_ha": 0.68, "pair_id": "baseline_2018_09_low__blagoveshchensk", "layer": "water_pre", "aoi_name": "Благовещенск — слияние Амура и Зеи", "event_name": "Контрольный период межени, сентябрь 2018", "date_peak": "2018-09-15"}, "geometry": {"type": "Polygon", "coordinates": [[[127.74589627420424, 50.361976545111645], [127.74604157170508, 50.361798234160446], [127.7457604551748, 50.361795202550816], [127.7457675647253, 50.3615254625475], [127.74534589240885, 50.36152091390261], [127.74536722757637, 50.3607116939427], [127.74565307761902, 50.36053489976254], [127.74621055798582, 50.3607207894442], [127.74617739182025, 50.36197957640086], [127.74589627420424, 50.361976545111645]]]}}, {"id": "167", "type": "Feature", "properties": {"contour_id": "water_pre_0168", "area_ha": 0.68, "pair_id": "baseline_2018_09_low__blagoveshchensk", "layer": "water_pre", "aoi_name": "Благовещенск — слияние Амура и Зеи", "event_name": "Контрольный период межени, сентябрь 2018", "date_peak": "2018-09-15"}, "geometry": {"type": "Polygon", "coordinates": [[[127.78646523129241, 50.3810242371397], [127.78605485616994, 50.380570262814985], [127.78775829167222, 50.379958461391695], [127.78774453944999, 50.38049794818711], [127.78703687408269, 50.3806704467943], [127.78702770029422, 50.381030104523575], [127.78646523129241, 50.3810242371397]]]}}, {"id": "168", "type": "Feature", "properties": {"contour_id": "water_pre_0169", "area_ha": 0.67, "pair_id": "baseline_2018_09_low__blagoveshchensk", "layer": "water_pre", "aoi_name": "Благовещенск — слияние Амура и Зеи", "event_name": "Контрольный период межени, сентябрь 2018", "date_peak": "2018-09-15"}, "geometry": {"type": "Polygon", "coordinates": [[[127.64952166293936, 50.309721456493236], [127.64910556052979, 50.309536741166816], [127.64939145245722, 50.309360182538576], [127.6494016410849, 50.30900053970576], [127.65054263383026, 50.308384208489834], [127.6500883521321, 50.30954815792786], [127.64981010087521, 50.30945498612511], [127.64952166293936, 50.309721456493236]]]}}, {"id": "169", "type": "Feature", "properties": {"contour_id": "water_pre_0170", "area_ha": 0.67, "pair_id": "baseline_2018_09_low__blagoveshchensk", "layer": "water_pre", "aoi_name": "Благовещенск — слияние Амура и Зеи", "event_name": "Контрольный период межени, сентябрь 2018", "date_peak": "2018-09-15"}, "geometry": {"type": "Polygon", "coordinates": [[[127.78537904590561, 50.42903979195846], [127.78524748956876, 50.42867866786129], [127.7855359066019, 50.42841186591005], [127.78637815307935, 50.428510592328806], [127.78681421295342, 50.42797551428827], [127.78723648173938, 50.42797991676206], [127.78722729405153, 50.42833957157742], [127.78665277456288, 50.42878326959021], [127.78609203926311, 50.42868748273614], [127.78594438272906, 50.428955754968435], [127.78537904590561, 50.42903979195846]]]}}, {"id": "170", "type": "Feature", "properties": {"contour_id": "water_pre_0171", "area_ha": 0.67, "pair_id": "baseline_2018_09_low__blagoveshchensk", "layer": "water_pre", "aoi_name": "Благовещенск — слияние Амура и Зеи", "event_name": "Контрольный период межени, сентябрь 2018", "date_peak": "2018-09-15"}, "geometry": {"type": "Polygon", "coordinates": [[[127.62398905765419, 50.25518768640105], [127.62300998736434, 50.25508614753212], [127.62303590606395, 50.25418704183265], [127.62346179166593, 50.25401220504456], [127.62374225974474, 50.25401552711192], [127.6235838903161, 50.254643240336634], [127.62414224419751, 50.254739793876865], [127.62398905765419, 50.25518768640105]]]}}, {"id": "171", "type": "Feature", "properties": {"contour_id": "water_pre_0172", "area_ha": 0.67, "pair_id": "baseline_2018_09_low__blagoveshchensk", "layer": "water_pre", "aoi_name": "Благовещенск — слияние Амура и Зеи", "event_name": "Контрольный период межени, сентябрь 2018", "date_peak": "2018-09-15"}, "geometry": {"type": "Polygon", "coordinates": [[[127.60237202848695, 50.32751199901776], [127.60197178791279, 50.32678766384997], [127.60155044757539, 50.32678259641312], [127.60197706433881, 50.32660784655281], [127.60142055785875, 50.32642127241376], [127.60143639301052, 50.325881820596955], [127.60185772536312, 50.32588688838178], [127.60170408795406, 50.326334742527784], [127.60294964306328, 50.32697929929969], [127.60265292642981, 50.32751537552918], [127.60237202848695, 50.32751199901776]]]}}, {"id": "172", "type": "Feature", "properties": {"contour_id": "water_pre_0173", "area_ha": 0.67, "pair_id": "baseline_2018_09_low__blagoveshchensk", "layer": "water_pre", "aoi_name": "Благовещенск — слияние Амура и Зеи", "event_name": "Контрольный период межени, сентябрь 2018", "date_peak": "2018-09-15"}, "geometry": {"type": "Polygon", "coordinates": [[[127.59111642154284, 50.28051699528714], [127.59112438453025, 50.28024726843443], [127.59199276630693, 50.279358380612386], [127.59255664434255, 50.279275269393096], [127.59238981944812, 50.28017266030841], [127.59111642154284, 50.28051699528714]], [[127.59169092775937, 50.28007425256462], [127.59182858348441, 50.280165861633584], [127.59183123645252, 50.28007595265121], [127.59169092775937, 50.28007425256462]], [[127.59198480847739, 50.27962810760719], [127.59212246350424, 50.279719716328856], [127.59212511587685, 50.2796298073282], [127.59198480847739, 50.27962810760719]]]}}, {"id": "173", "type": "Feature", "properties": {"contour_id": "water_pre_0174", "area_ha": 0.67, "pair_id": "baseline_2018_09_low__blagoveshchensk", "layer": "water_pre", "aoi_name": "Благовещенск — слияние Амура и Зеи", "event_name": "Контрольный период межени, сентябрь 2018", "date_peak": "2018-09-15"}, "geometry": {"type": "Polygon", "coordinates": [[[127.81105150074882, 50.43838865375938], [127.81091972388795, 50.43802755772197], [127.81162816352423, 50.43785492085009], [127.81206177738, 50.437409662012854], [127.81276795442758, 50.4373269324782], [127.81276120648658, 50.43759667567691], [127.81205052403283, 50.43785923388195], [127.81189848221895, 50.43830736818446], [127.81105150074882, 50.43838865375938]]]}}, {"id": "174", "type": "Feature", "properties": {"contour_id": "water_pre_0175", "area_ha": 0.67, "pair_id": "baseline_2018_09_low__blagoveshchensk", "layer": "water_pre", "aoi_name": "Благовещенск — слияние Амура и Зеи", "event_name": "Контрольный период межени, сентябрь 2018", "date_peak": "2018-09-15"}, "geometry": {"type": "Polygon", "coordinates": [[[127.61541945213212, 50.25076870969115], [127.61542466374952, 50.25058888900378], [127.61570511078511, 50.25059223030175], [127.61572074215601, 50.25005276814017], [127.61600900000519, 50.24978637756523], [127.61684772430146, 50.24988630549503], [127.61683470887172, 50.250335857526856], [127.61655426320709, 50.2503325189669], [127.61640622860516, 50.250600580586706], [127.61541945213212, 50.25076870969115]], [[127.616003790735, 50.24996619832193], [127.61614140806195, 50.25005777872323], [127.61614401245316, 50.24996786834184], [127.616003790735, 50.24996619832193]]]}}, {"id": "175", "type": "Feature", "properties": {"contour_id": "water_pre_0176", "area_ha": 0.66, "pair_id": "baseline_2018_09_low__blagoveshchensk", "layer": "water_pre", "aoi_name": "Благовещенск — слияние Амура и Зеи", "event_name": "Контрольный период межени, сентябрь 2018", "date_peak": "2018-09-15"}, "geometry": {"type": "Polygon", "coordinates": [[[127.7414477979308, 50.34942696430656], [127.74160733271687, 50.34870917804642], [127.74147869755578, 50.34825809029524], [127.74120003880252, 50.348165134859784], [127.7413524417718, 50.34771708898718], [127.74218366348424, 50.34817577902787], [127.74217178594506, 50.348625346112925], [127.74188599544831, 50.34880213252689], [127.7420146358532, 50.34925321982577], [127.7415954495115, 50.34915874499058], [127.7414477979308, 50.34942696430656]]]}}, {"id": "176", "type": "Feature", "properties": {"contour_id": "water_pre_0177", "area_ha": 0.65, "pair_id": "baseline_2018_09_low__blagoveshchensk", "layer": "water_pre", "aoi_name": "Благовещенск — слияние Амура и Зеи", "event_name": "Контрольный период межени, сентябрь 2018", "date_peak": "2018-09-15"}, "geometry": {"type": "Polygon", "coordinates": [[[127.67827156385421, 50.18953097821622], [127.67829390279873, 50.18872175551075], [127.67758870670804, 50.18889361288358], [127.67816378604972, 50.188360507323054], [127.67829638484083, 50.18863184186936], [127.67857647613948, 50.18863502861976], [127.67856903155231, 50.188904769569746], [127.67940187051066, 50.18918406688848], [127.6791118536697, 50.18954053674499], [127.67827156385421, 50.18953097821622]]]}}, {"id": "177", "type": "Feature", "properties": {"contour_id": "water_pre_0178", "area_ha": 0.64, "pair_id": "baseline_2018_09_low__blagoveshchensk", "layer": "water_pre", "aoi_name": "Благовещенск — слияние Амура и Зеи", "event_name": "Контрольный период межени, сентябрь 2018", "date_peak": "2018-09-15"}, "geometry": {"type": "Polygon", "coordinates": [[[127.81224224345235, 50.176497603935736], [127.8119755892064, 50.175955229337966], [127.81240232417294, 50.17568976961228], [127.81310017134763, 50.17578684405247], [127.813511308737, 50.176150809577], [127.81294233029635, 50.17650476094378], [127.81224224345235, 50.176497603935736]]]}}, {"id": "178", "type": "Feature", "properties": {"contour_id": "water_pre_0179", "area_ha": 0.64, "pair_id": "baseline_2018_09_low__blagoveshchensk", "layer": "water_pre", "aoi_name": "Благовещенск — слияние Амура и Зеи", "event_name": "Контрольный период межени, сентябрь 2018", "date_peak": "2018-09-15"}, "geometry": {"type": "Polygon", "coordinates": [[[127.62431314062894, 50.24880569031936], [127.6243183184163, 50.2486258688977], [127.62389507398969, 50.24871079870898], [127.62389766366783, 50.24862088801319], [127.62460910828881, 50.24826954573835], [127.62502458502432, 50.24845434550902], [127.6261670108968, 50.24774832725912], [127.62686550606536, 50.24784652491562], [127.62559062929527, 50.24828115936752], [127.6251570409624, 50.24872573684337], [127.62431314062894, 50.24880569031936]]]}}, {"id": "179", "type": "Feature", "properties": {"contour_id": "water_pre_0180", "area_ha": 0.63, "pair_id": "baseline_2018_09_low__blagoveshchensk", "layer": "water_pre", "aoi_name": "Благовещенск — слияние Амура и Зеи", "event_name": "Контрольный период межени, сентябрь 2018", "date_peak": "2018-09-15"}, "geometry": {"type": "Polygon", "coordinates": [[[127.41590077298342, 50.13372161216104], [127.4157727804604, 50.13336008759804], [127.41634115656446, 50.13309800792667], [127.41579653275508, 50.13264085521833], [127.41650179765222, 50.13247058704996], [127.4169154602827, 50.13265611720126], [127.41675482391516, 50.13328353867658], [127.41632928442678, 50.133457624194925], [127.41646321709685, 50.133639340050046], [127.41590077298342, 50.13372161216104]]]}}, {"id": "180", "type": "Feature", "properties": {"contour_id": "water_pre_0181", "area_ha": 0.63, "pair_id": "baseline_2018_09_low__blagoveshchensk", "layer": "water_pre", "aoi_name": "Благовещенск — слияние Амура и Зеи", "event_name": "Контрольный период межени, сентябрь 2018", "date_peak": "2018-09-15"}, "geometry": {"type": "Polygon", "coordinates": [[[127.7592390969478, 50.22217328061781], [127.75924842816647, 50.221813616748186], [127.75883265374088, 50.22162929405904], [127.7589891330825, 50.221001379360196], [127.75870884349513, 50.220998385089366], [127.75871584462575, 50.22072863718867], [127.75941656473303, 50.220736121527125], [127.7592600919239, 50.221364036877915], [127.7599608214837, 50.22137151800263], [127.7599538272146, 50.22164126600038], [127.75953338707333, 50.22163677778985], [127.75966653781988, 50.22190802198503], [127.7592390969478, 50.22217328061781]], [[127.7589798001827, 50.22136104324508], [127.75911761305623, 50.22145245611825], [127.75911994604738, 50.221362540145975], [127.7589798001827, 50.22136104324508]]]}}, {"id": "181", "type": "Feature", "properties": {"contour_id": "water_pre_0182", "area_ha": 0.63, "pair_id": "baseline_2018_09_low__blagoveshchensk", "layer": "water_pre", "aoi_name": "Благовещенск — слияние Амура и Зеи", "event_name": "Контрольный период межени, сентябрь 2018", "date_peak": "2018-09-15"}, "geometry": {"type": "Polygon", "coordinates": [[[127.69537509034015, 50.23019799446828], [127.69511929422335, 50.229295710259265], [127.69527418195875, 50.22875780260933], [127.69569712706884, 50.22867261015798], [127.69597009777672, 50.2289454977259], [127.69595047855826, 50.22966480688871], [127.69537509034015, 50.23019799446828]]]}}, {"id": "182", "type": "Feature", "properties": {"contour_id": "water_pre_0183", "area_ha": 0.63, "pair_id": "baseline_2018_09_low__blagoveshchensk", "layer": "water_pre", "aoi_name": "Благовещенск — слияние Амура и Зеи", "event_name": "Контрольный период межени, сентябрь 2018", "date_peak": "2018-09-15"}, "geometry": {"type": "Polygon", "coordinates": [[[127.56652268816615, 50.23479573373175], [127.56681381964718, 50.234439557385144], [127.56723433932646, 50.23444474382244], [127.56696746997163, 50.23399174272971], [127.56851205420813, 50.23392084127608], [127.56850128419167, 50.2342804764357], [127.56652268816615, 50.23479573373175]]]}}, {"id": "183", "type": "Feature", "properties": {"contour_id": "water_pre_0184", "area_ha": 0.63, "pair_id": "baseline_2018_09_low__blagoveshchensk", "layer": "water_pre", "aoi_name": "Благовещенск — слияние Амура и Зеи", "event_name": "Контрольный период межени, сентябрь 2018", "date_peak": "2018-09-15"}, "geometry": {"type": "Polygon", "coordinates": [[[127.60072023766189, 50.345480177869604], [127.60002301590467, 50.34529190490828], [127.60045773375221, 50.34484743769948], [127.60019259344348, 50.344304605234655], [127.60129809257926, 50.34494748992401], [127.60072023766189, 50.345480177869604]]]}}, {"id": "184", "type": "Feature", "properties": {"contour_id": "water_pre_0185", "area_ha": 0.63, "pair_id": "baseline_2018_09_low__blagoveshchensk", "layer": "water_pre", "aoi_name": "Благовещенск — слияние Амура и Зеи", "event_name": "Контрольный период межени, сентябрь 2018", "date_peak": "2018-09-15"}, "geometry": {"type": "Polygon", "coordinates": [[[127.71973047508865, 50.41997165551162], [127.71975229096046, 50.419162451739446], [127.72005070754082, 50.41853616788034], [127.72047530419498, 50.418450900434856], [127.7204413879816, 50.41970966231644], [127.72029339091914, 50.41997784901673], [127.71973047508865, 50.41997165551162]]]}}, {"id": "185", "type": "Feature", "properties": {"contour_id": "water_pre_0186", "area_ha": 0.61, "pair_id": "baseline_2018_09_low__blagoveshchensk", "layer": "water_pre", "aoi_name": "Благовещенск — слияние Амура и Зеи", "event_name": "Контрольный период межени, сентябрь 2018", "date_peak": "2018-09-15"}, "geometry": {"type": "Polygon", "coordinates": [[[127.62448609372542, 50.2671557474079], [127.62407823086845, 50.26670121371485], [127.62477958763553, 50.266709515405275], [127.6247847669534, 50.266529694505294], [127.62520557958757, 50.26653467345711], [127.62535879327807, 50.266086780387894], [127.6257770143715, 50.26618166772499], [127.62576666328354, 50.266541309690204], [127.62548353307665, 50.26662790238918], [127.62576148766084, 50.26672113066385], [127.62448609372542, 50.2671557474079]]]}}, {"id": "186", "type": "Feature", "properties": {"contour_id": "water_pre_0187", "area_ha": 0.6, "pair_id": "baseline_2018_09_low__blagoveshchensk", "layer": "water_pre", "aoi_name": "Благовещенск — слияние Амура и Зеи", "event_name": "Контрольный период межени, сентябрь 2018", "date_peak": "2018-09-15"}, "geometry": {"type": "Polygon", "coordinates": [[[127.56928018805552, 50.23168175320963], [127.56872760263228, 50.23140512125178], [127.56971951379948, 50.23105756836028], [127.56972489363868, 50.23087775058762], [127.57068990595067, 50.23142927824157], [127.56928018805552, 50.23168175320963]]]}}, {"id": "187", "type": "Feature", "properties": {"contour_id": "water_pre_0188", "area_ha": 0.6, "pair_id": "baseline_2018_09_low__blagoveshchensk", "layer": "water_pre", "aoi_name": "Благовещенск — слияние Амура и Зеи", "event_name": "Контрольный период межени, сентябрь 2018", "date_peak": "2018-09-15"}, "geometry": {"type": "Polygon", "coordinates": [[[127.7006698843851, 50.32937164137076], [127.70068459754368, 50.32883216779977], [127.70138934116807, 50.32875010192772], [127.70168005890163, 50.32839359007595], [127.70294662287634, 50.328317787314234], [127.70180581612914, 50.32893463234145], [127.70124398065589, 50.32892835756038], [127.7006698843851, 50.32937164137076]]]}}, {"id": "188", "type": "Feature", "properties": {"contour_id": "water_pre_0189", "area_ha": 0.6, "pair_id": "baseline_2018_09_low__blagoveshchensk", "layer": "water_pre", "aoi_name": "Благовещенск — слияние Амура и Зеи", "event_name": "Контрольный период межени, сентябрь 2018", "date_peak": "2018-09-15"}, "geometry": {"type": "Polygon", "coordinates": [[[127.68459125183323, 50.21955327295731], [127.68459867055086, 50.219283532784566], [127.6843208725666, 50.21919044577212], [127.68461598045354, 50.218654138996065], [127.68517651601579, 50.21866048408487], [127.68572469815511, 50.219116393670625], [127.68571975661817, 50.21929622054036], [127.68459125183323, 50.21955327295731]]]}}, {"id": "189", "type": "Feature", "properties": {"contour_id": "water_pre_0190", "area_ha": 0.6, "pair_id": "baseline_2018_09_low__blagoveshchensk", "layer": "water_pre", "aoi_name": "Благовещенск — слияние Амура и Зеи", "event_name": "Контрольный период межени, сентябрь 2018", "date_peak": "2018-09-15"}, "geometry": {"type": "Polygon", "coordinates": [[[127.5551806120747, 50.18320817757163], [127.55519146263556, 50.1828485413355], [127.55477411173031, 50.182753406149295], [127.55479581838685, 50.18203413372523], [127.55452120789471, 50.18185083078871], [127.55481209780235, 50.181494679343906], [127.55509213277504, 50.18149816344029], [127.55494668939023, 50.181676239620614], [127.55522672544097, 50.18167972340166], [127.55535860691039, 50.18195119229376], [127.5551806120747, 50.18320817757163]], [[127.55492498527448, 50.182395512137084], [127.55506229258057, 50.18248716321944], [127.5550650053942, 50.182397254156136], [127.55492498527448, 50.182395512137084]]]}}, {"id": "190", "type": "Feature", "properties": {"contour_id": "water_pre_0191", "area_ha": 0.58, "pair_id": "baseline_2018_09_low__blagoveshchensk", "layer": "water_pre", "aoi_name": "Благовещенск — слияние Амура и Зеи", "event_name": "Контрольный период межени, сентябрь 2018", "date_peak": "2018-09-15"}, "geometry": {"type": "Polygon", "coordinates": [[[127.78494878101611, 50.38532544456471], [127.78509630329071, 50.385057170688086], [127.7846721178477, 50.385142677435205], [127.7844092491981, 50.38442042394683], [127.7855319702912, 50.384522090773544], [127.7853821552891, 50.384880279572045], [127.78594007798567, 50.385065981179984], [127.78593548625184, 50.385245809837954], [127.78494878101611, 50.38532544456471]]]}}, {"id": "191", "type": "Feature", "properties": {"contour_id": "water_pre_0192", "area_ha": 0.57, "pair_id": "baseline_2018_09_low__blagoveshchensk", "layer": "water_pre", "aoi_name": "Благовещенск — слияние Амура и Зеи", "event_name": "Контрольный период межени, сентябрь 2018", "date_peak": "2018-09-15"}, "geometry": {"type": "Polygon", "coordinates": [[[127.65724265642825, 50.36467419727996], [127.65598775935008, 50.36429994292383], [127.65585481850839, 50.36402858804274], [127.65726041756922, 50.36404482629591], [127.65767448808727, 50.364319424937264], [127.65766687851979, 50.364589155400886], [127.65724265642825, 50.36467419727996]], [[127.65640944136035, 50.364304815719876], [127.65668802439751, 50.3643979735214], [127.65669310111963, 50.36421815327996], [127.65640944136035, 50.364304815719876]]]}}, {"id": "192", "type": "Feature", "properties": {"contour_id": "water_pre_0193", "area_ha": 0.57, "pair_id": "baseline_2018_09_low__blagoveshchensk", "layer": "water_pre", "aoi_name": "Благовещенск — слияние Амура и Зеи", "event_name": "Контрольный период межени, сентябрь 2018", "date_peak": "2018-09-15"}, "geometry": {"type": "Polygon", "coordinates": [[[127.68760517320366, 50.222105715991795], [127.6876125755957, 50.22183597561235], [127.68691432772985, 50.2217381447194], [127.68692420262683, 50.22137849095378], [127.68720942292515, 50.22120183148082], [127.68804780542571, 50.221301243168355], [127.68776258758531, 50.2214779047163], [127.68804287223996, 50.221481070137436], [127.68803300571854, 50.22184072405773], [127.68831082639457, 50.22193380232945], [127.68760517320366, 50.222105715991795]]]}}, {"id": "193", "type": "Feature", "properties": {"contour_id": "water_pre_0194", "area_ha": 0.57, "pair_id": "baseline_2018_09_low__blagoveshchensk", "layer": "water_pre", "aoi_name": "Благовещенск — слияние Амура и Зеи", "event_name": "Контрольный период межени, сентябрь 2018", "date_peak": "2018-09-15"}, "geometry": {"type": "Polygon", "coordinates": [[[127.70830013151122, 50.332964307954704], [127.70802650523203, 50.33269144901766], [127.7081742906084, 50.33242327243568], [127.70859813679023, 50.332338041404284], [127.70860788679664, 50.33197839142077], [127.70833182632305, 50.33179544568521], [127.70916732344656, 50.33207454341232], [127.70887663841908, 50.33243107402208], [127.70972432701346, 50.33226060526236], [127.70971945620006, 50.33244043032737], [127.70901467126829, 50.332522546335944], [127.70872398230875, 50.33287907650743], [127.70830013151122, 50.332964307954704]], [[127.70888638635533, 50.33207142400488], [127.70902441819422, 50.3321628963049], [127.70902685489476, 50.332072983793424], [127.70888638635533, 50.33207142400488]]]}}, {"id": "194", "type": "Feature", "properties": {"contour_id": "water_pre_0195", "area_ha": 0.56, "pair_id": "baseline_2018_09_low__blagoveshchensk", "layer": "water_pre", "aoi_name": "Благовещенск — слияние Амура и Зеи", "event_name": "Контрольный период межени, сентябрь 2018", "date_peak": "2018-09-15"}, "geometry": {"type": "Polygon", "coordinates": [[[127.60579078730295, 50.29229633569347], [127.60524517846004, 50.29175014467303], [127.60482677659273, 50.29165518233039], [127.60469695227071, 50.291293860448945], [127.60441626738303, 50.291290490622856], [127.60471010096943, 50.29084431391386], [127.60567146596875, 50.29157537752002], [127.60538289377384, 50.29184173800294], [127.60594427031918, 50.2918484723631], [127.60579078730295, 50.29229633569347]]]}}, {"id": "195", "type": "Feature", "properties": {"contour_id": "water_pre_0196", "area_ha": 0.56, "pair_id": "baseline_2018_09_low__blagoveshchensk", "layer": "water_pre", "aoi_name": "Благовещенск — слияние Амура и Зеи", "event_name": "Контрольный период межени, сентябрь 2018", "date_peak": "2018-09-15"}, "geometry": {"type": "Polygon", "coordinates": [[[127.50365394205282, 50.249742966296445], [127.50366520601732, 50.24938334251236], [127.50549641482652, 50.24913708322812], [127.50534213839788, 50.24958480982978], [127.50365394205282, 50.249742966296445]]]}}, {"id": "196", "type": "Feature", "properties": {"contour_id": "water_pre_0197", "area_ha": 0.56, "pair_id": "baseline_2018_09_low__blagoveshchensk", "layer": "water_pre", "aoi_name": "Благовещенск — слияние Амура и Зеи", "event_name": "Контрольный период межени, сентябрь 2018", "date_peak": "2018-09-15"}, "geometry": {"type": "Polygon", "coordinates": [[[127.65322636886307, 50.248155042587285], [127.65337418993113, 50.247886932237265], [127.65311656589745, 50.2470744757182], [127.6525633111998, 50.24679823794382], [127.65326438411725, 50.24680636543721], [127.65381004325542, 50.24735233541164], [127.65351187384286, 50.247978468934136], [127.65392999499856, 50.24807325441363], [127.65322636886307, 50.248155042587285]]]}}, {"id": "197", "type": "Feature", "properties": {"contour_id": "water_pre_0198", "area_ha": 0.56, "pair_id": "baseline_2018_09_low__blagoveshchensk", "layer": "water_pre", "aoi_name": "Благовещенск — слияние Амура и Зеи", "event_name": "Контрольный период межени, сентябрь 2018", "date_peak": "2018-09-15"}, "geometry": {"type": "Polygon", "coordinates": [[[127.62427728188764, 50.28900892176521], [127.62315977665924, 50.28881580784664], [127.62330530188392, 50.28863765005743], [127.62302463041247, 50.28863432528607], [127.62303241533017, 50.28836459515536], [127.62471643543452, 50.288384533431724], [127.62470866003042, 50.28865426375216], [127.624147316614, 50.2886476203067], [127.62442539593974, 50.28874085246144], [127.62427728188764, 50.28900892176521]]]}}, {"id": "198", "type": "Feature", "properties": {"contour_id": "water_pre_0199", "area_ha": 0.55, "pair_id": "baseline_2018_09_low__blagoveshchensk", "layer": "water_pre", "aoi_name": "Благовещенск — слияние Амура и Зеи", "event_name": "Контрольный период межени, сентябрь 2018", "date_peak": "2018-09-15"}, "geometry": {"type": "Polygon", "coordinates": [[[127.53163656980841, 50.34327915423031], [127.5310829262573, 50.3430023390143], [127.53109679391656, 50.342552810953784], [127.53249891307156, 50.34266045707907], [127.53163656980841, 50.34327915423031]]]}}, {"id": "199", "type": "Feature", "properties": {"contour_id": "water_pre_0200", "area_ha": 0.54, "pair_id": "baseline_2018_09_low__blagoveshchensk", "layer": "water_pre", "aoi_name": "Благовещенск — слияние Амура и Зеи", "event_name": "Контрольный период межени, сентябрь 2018", "date_peak": "2018-09-15"}, "geometry": {"type": "Polygon", "coordinates": [[[127.65616432907173, 50.338129548725995], [127.65616940304326, 50.33794972770658], [127.65518602312174, 50.33793835772641], [127.65505061848765, 50.337756911821934], [127.65547714183806, 50.33758196518687], [127.65589604973782, 50.33767674847977], [127.65589097478347, 50.33785656948752], [127.65617701390401, 50.337679996166266], [127.6572958014297, 50.337872801236266], [127.65700722982983, 50.33813928786794], [127.65616432907173, 50.338129548725995]]]}}, {"id": "200", "type": "Feature", "properties": {"contour_id": "water_pre_0201", "area_ha": 0.54, "pair_id": "baseline_2018_09_low__blagoveshchensk", "layer": "water_pre", "aoi_name": "Благовещенск — слияние Амура и Зеи", "event_name": "Контрольный период межени, сентябрь 2018", "date_peak": "2018-09-15"}, "geometry": {"type": "Polygon", "coordinates": [[[127.69973911446019, 50.44574205652634], [127.69977361117108, 50.44448331055869], [127.70020093904732, 50.44430820909621], [127.70030233151745, 50.44574834905712], [127.69973911446019, 50.44574205652634]], [[127.70003304083305, 50.44529565098451], [127.70016891719355, 50.44547704488066], [127.70017384377039, 50.44529722400707], [127.70003304083305, 50.44529565098451]], [[127.6999020930448, 50.44493443606661], [127.70003796789308, 50.44511583011499], [127.700042894903, 50.44493600923951], [127.6999020930448, 50.44493443606661]]]}}, {"id": "201", "type": "Feature", "properties": {"contour_id": "water_pre_0202", "area_ha": 0.54, "pair_id": "baseline_2018_09_low__blagoveshchensk", "layer": "water_pre", "aoi_name": "Благовещенск — слияние Амура и Зеи", "event_name": "Контрольный период межени, сентябрь 2018", "date_peak": "2018-09-15"}, "geometry": {"type": "Polygon", "coordinates": [[[127.68525733073663, 50.2208199917952], [127.68470418830435, 50.220543906774104], [127.6848542177607, 50.220185839695006], [127.6856901063452, 50.22037518163375], [127.6858401278907, 50.22001711320909], [127.68611546356244, 50.22020011007096], [127.68640067969946, 50.22002345251669], [127.68625313218814, 50.22029160826129], [127.68667107942608, 50.22038627497136], [127.6866661412246, 50.22056610186978], [127.68624819243203, 50.22047143513254], [127.68638092278115, 50.2207427600419], [127.68554749618299, 50.22046350960509], [127.68525733073663, 50.2208199917952]], [[127.68484680024692, 50.220455579853294], [127.68498446714271, 50.220547079529766], [127.68498693940909, 50.2204571661416], [127.68484680024692, 50.220455579853294]]]}}, {"id": "202", "type": "Feature", "properties": {"contour_id": "water_pre_0203", "area_ha": 0.53, "pair_id": "baseline_2018_09_low__blagoveshchensk", "layer": "water_pre", "aoi_name": "Благовещенск — слияние Амура и Зеи", "event_name": "Контрольный период межени, сентябрь 2018", "date_peak": "2018-09-15"}, "geometry": {"type": "Polygon", "coordinates": [[[127.33829836652185, 50.4302584448222], [127.33816707354791, 50.42998674650913], [127.33690991292004, 50.42969895772497], [127.33678492935678, 50.42924746606743], [127.33747284735368, 50.429707004248876], [127.33901777257721, 50.42981901416987], [127.33886760024028, 50.43008669268429], [127.33829836652185, 50.4302584448222]]]}}, {"id": "203", "type": "Feature", "properties": {"contour_id": "water_pre_0204", "area_ha": 0.52, "pair_id": "baseline_2018_09_low__blagoveshchensk", "layer": "water_pre", "aoi_name": "Благовещенск — слияние Амура и Зеи", "event_name": "Контрольный период межени, сентябрь 2018", "date_peak": "2018-09-15"}, "geometry": {"type": "Polygon", "coordinates": [[[127.69514383342975, 50.22839657403084], [127.69446020449612, 50.22775930597531], [127.69403972126236, 50.22775458038278], [127.6941921602483, 50.22730658770209], [127.69516346389973, 50.22767726494108], [127.69515364876419, 50.228036919497846], [127.69571184389804, 50.228133128256566], [127.69556432249333, 50.228401295671716], [127.69542906609817, 50.22821989467696], [127.69514383342975, 50.22839657403084]]]}}, {"id": "204", "type": "Feature", "properties": {"contour_id": "water_pre_0205", "area_ha": 0.52, "pair_id": "baseline_2018_09_low__blagoveshchensk", "layer": "water_pre", "aoi_name": "Благовещенск — слияние Амура и Зеи", "event_name": "Контрольный период межени, сентябрь 2018", "date_peak": "2018-09-15"}, "geometry": {"type": "Polygon", "coordinates": [[[127.78729225464068, 50.43130819022788], [127.78787827873337, 50.430414920988675], [127.78914285750322, 50.430518026419044], [127.78913597696531, 50.430787767604535], [127.78843215359758, 50.43078044049235], [127.78729225464068, 50.43130819022788]]]}}, {"id": "205", "type": "Feature", "properties": {"contour_id": "water_pre_0206", "area_ha": 0.52, "pair_id": "baseline_2018_09_low__blagoveshchensk", "layer": "water_pre", "aoi_name": "Благовещенск — слияние Амура и Зеи", "event_name": "Контрольный период межени, сентябрь 2018", "date_peak": "2018-09-15"}, "geometry": {"type": "Polygon", "coordinates": [[[127.74024496412954, 50.34707552202997], [127.73955191315753, 50.34670825491037], [127.73997821238724, 50.34653299685687], [127.73998773030473, 50.34617334336464], [127.74026875398197, 50.346176388247144], [127.74053788558409, 50.34662899940889], [127.74109993848369, 50.34663508587577], [127.74109280624694, 50.346904826090885], [127.74024496412954, 50.34707552202997]]]}}, {"id": "206", "type": "Feature", "properties": {"contour_id": "water_pre_0207", "area_ha": 0.52, "pair_id": "baseline_2018_09_low__blagoveshchensk", "layer": "water_pre", "aoi_name": "Благовещенск — слияние Амура и Зеи", "event_name": "Контрольный период межени, сентябрь 2018", "date_peak": "2018-09-15"}, "geometry": {"type": "Polygon", "coordinates": [[[127.3287520173792, 50.43344950651534], [127.32834245075475, 50.433083858010576], [127.32849902411117, 50.43263640291238], [127.32807363230052, 50.432720230934095], [127.32794555872437, 50.43235862622986], [127.32921222674598, 50.43237682534612], [127.32878683847012, 50.43246065601482], [127.3287710109429, 50.43291013353817], [127.32919007379981, 50.43300609401361], [127.32918057943867, 50.433275780562255], [127.3287520173792, 50.43344950651534]]]}}, {"id": "207", "type": "Feature", "properties": {"contour_id": "water_pre_0208", "area_ha": 0.51, "pair_id": "baseline_2018_09_low__blagoveshchensk", "layer": "water_pre", "aoi_name": "Благовещенск — слияние Амура и Зеи", "event_name": "Контрольный период межени, сентябрь 2018", "date_peak": "2018-09-15"}, "geometry": {"type": "Polygon", "coordinates": [[[127.67519330172797, 50.27035313552318], [127.67449187687653, 50.27034513761088], [127.67463965016563, 50.27007700081114], [127.67394072693698, 50.269979087371745], [127.67354235874154, 50.26916507473226], [127.67382541914954, 50.26907836441507], [127.67381792647105, 50.26934810109359], [127.67409599338204, 50.26944121458067], [127.67394821908937, 50.26970935070925], [127.6743715648329, 50.26962423965004], [127.67506299799771, 50.269991887254406], [127.67519330172797, 50.27035313552318]]]}}, {"id": "208", "type": "Feature", "properties": {"contour_id": "water_pre_0209", "area_ha": 0.51, "pair_id": "baseline_2018_09_low__blagoveshchensk", "layer": "water_pre", "aoi_name": "Благовещенск — слияние Амура и Зеи", "event_name": "Контрольный период межени, сентябрь 2018", "date_peak": "2018-09-15"}, "geometry": {"type": "Polygon", "coordinates": [[[127.30697462535062, 50.43997013484075], [127.30670593412763, 50.43960646004551], [127.30798881002825, 50.439175420056515], [127.30869260818382, 50.43918565405785], [127.30825750879646, 50.43953909198804], [127.30797919312063, 50.43944510338513], [127.30782560890212, 50.43980263377862], [127.30697462535062, 50.43997013484075]]]}}, {"id": "209", "type": "Feature", "properties": {"contour_id": "water_pre_0210", "area_ha": 0.51, "pair_id": "baseline_2018_09_low__blagoveshchensk", "layer": "water_pre", "aoi_name": "Благовещенск — слияние Амура и Зеи", "event_name": "Контрольный период межени, сентябрь 2018", "date_peak": "2018-09-15"}, "geometry": {"type": "Polygon", "coordinates": [[[127.54246680468356, 50.16371157509488], [127.54219508064973, 50.16343833493012], [127.5422005508755, 50.16325851723354], [127.542480477728, 50.16326203080906], [127.54234598394048, 50.163080456391846], [127.54262590977119, 50.16308396960788], [127.54249415042646, 50.16281248648552], [127.54277407471065, 50.162815999330945], [127.54250235387951, 50.162542759873304], [127.54334758792673, 50.16237347847037], [127.54333665636902, 50.16273311409595], [127.54277134072338, 50.162905908209815], [127.54276040463584, 50.163265543710146], [127.54304033159904, 50.16326905593683], [127.54303486452177, 50.16344887370022], [127.54246680468356, 50.16371157509488]]]}}, {"id": "210", "type": "Feature", "properties": {"contour_id": "water_pre_0211", "area_ha": 0.51, "pair_id": "baseline_2018_09_low__blagoveshchensk", "layer": "water_pre", "aoi_name": "Благовещенск — слияние Амура и Зеи", "event_name": "Контрольный период межени, сентябрь 2018", "date_peak": "2018-09-15"}, "geometry": {"type": "Polygon", "coordinates": [[[127.40255733057815, 50.24857694688202], [127.40143870705941, 50.24847161924359], [127.40130452031858, 50.248289886996126], [127.40173716012255, 50.247936066898134], [127.40285276635898, 50.24813129325233], [127.40255733057815, 50.24857694688202]], [[127.40173114493331, 50.248115870188], [127.40186834020426, 50.24820770031158], [127.4018713475582, 50.248117798662825], [127.40173114493331, 50.248115870188]]]}}, {"id": "211", "type": "Feature", "properties": {"contour_id": "water_pre_0212", "area_ha": 0.51, "pair_id": "baseline_2018_09_low__blagoveshchensk", "layer": "water_pre", "aoi_name": "Благовещенск — слияние Амура и Зеи", "event_name": "Контрольный период межени, сентябрь 2018", "date_peak": "2018-09-15"}, "geometry": {"type": "Polygon", "coordinates": [[[127.55233130360565, 50.19405577026878], [127.5520566346796, 50.19387246135766], [127.55222116129158, 50.19306502811541], [127.55195737696937, 50.19252208384543], [127.55279495641437, 50.192622465229306], [127.55250670087466, 50.19288870144216], [127.55262772269654, 50.19351980823645], [127.55233130360565, 50.19405577026878]]]}}, {"id": "212", "type": "Feature", "properties": {"contour_id": "water_pre_0213", "area_ha": 0.49, "pair_id": "baseline_2018_09_low__blagoveshchensk", "layer": "water_pre", "aoi_name": "Благовещенск — слияние Амура и Зеи", "event_name": "Контрольный период межени, сентябрь 2018", "date_peak": "2018-09-15"}, "geometry": {"type": "Polygon", "coordinates": [[[127.3785465707055, 50.45151269596445], [127.37855579058737, 50.451243003580316], [127.37772943733184, 50.45069184270184], [127.37760708859561, 50.45015049482459], [127.37802640582163, 50.45024628148034], [127.3780171832566, 50.4505159738403], [127.37842728420596, 50.45088145144846], [127.3789843368058, 50.45106909446018], [127.3788281731615, 50.45151662007056], [127.3785465707055, 50.45151269596445]]]}}, {"id": "213", "type": "Feature", "properties": {"contour_id": "water_pre_0214", "area_ha": 0.49, "pair_id": "baseline_2018_09_low__blagoveshchensk", "layer": "water_pre", "aoi_name": "Благовещенск — слияние Амура и Зеи", "event_name": "Контрольный период межени, сентябрь 2018", "date_peak": "2018-09-15"}, "geometry": {"type": "Polygon", "coordinates": [[[127.6711574308897, 50.16318671243789], [127.6703225953806, 50.16299727252204], [127.67019260502472, 50.16263601487648], [127.67104239392829, 50.16228597298024], [127.67144734322726, 50.162830260060765], [127.6711574308897, 50.16318671243789]], [[127.67116740355385, 50.16282705731155], [127.67130488049956, 50.162918572559356], [127.67130737338424, 50.16282865877047], [127.67116740355385, 50.16282705731155]]]}}, {"id": "214", "type": "Feature", "properties": {"contour_id": "water_pre_0215", "area_ha": 0.48, "pair_id": "baseline_2018_09_low__blagoveshchensk", "layer": "water_pre", "aoi_name": "Благовещенск — слияние Амура и Зеи", "event_name": "Контрольный период межени, сентябрь 2018", "date_peak": "2018-09-15"}, "geometry": {"type": "Polygon", "coordinates": [[[127.77073082669813, 50.42924569533637], [127.77105889721321, 50.42745040628075], [127.77134273191156, 50.42736346634436], [127.7714578913575, 50.42835399769783], [127.77131015352342, 50.42862225077996], [127.771028638849, 50.42861927741005], [127.77101234505524, 50.42924866945333], [127.77073082669813, 50.42924569533637]], [[127.77118568752918, 50.42799137203152], [127.77132411597373, 50.42808277177154], [127.77132644300737, 50.4279928585983], [127.77118568752918, 50.42799137203152]]]}}, {"id": "215", "type": "Feature", "properties": {"contour_id": "water_pre_0216", "area_ha": 0.48, "pair_id": "baseline_2018_09_low__blagoveshchensk", "layer": "water_pre", "aoi_name": "Благовещенск — слияние Амура и Зеи", "event_name": "Контрольный период межени, сентябрь 2018", "date_peak": "2018-09-15"}, "geometry": {"type": "Polygon", "coordinates": [[[127.37965762478593, 50.45197787582721], [127.37910977568002, 50.45152054349549], [127.37981685316001, 50.45144045156181], [127.38065245198041, 50.45172190525856], [127.38064324386093, 50.45199159789989], [127.37965762478593, 50.45197787582721]]]}}, {"id": "216", "type": "Feature", "properties": {"contour_id": "water_pre_0217", "area_ha": 0.48, "pair_id": "baseline_2018_09_low__blagoveshchensk", "layer": "water_pre", "aoi_name": "Благовещенск — слияние Амура и Зеи", "event_name": "Контрольный период межени, сентябрь 2018", "date_peak": "2018-09-15"}, "geometry": {"type": "Polygon", "coordinates": [[[127.37739688678418, 50.443941678480925], [127.3774061107229, 50.443671985897474], [127.37712455501851, 50.443668058789235], [127.37741225993723, 50.443492190834164], [127.37713685551637, 50.44330846870636], [127.3786731121664, 50.44368964945736], [127.37952085111628, 50.44361151987861], [127.37852311662239, 50.44395738025359], [127.37739688678418, 50.443941678480925]], [[127.37754688859856, 50.44367394919621], [127.37782229671876, 50.44385767037754], [127.37782844439674, 50.44367787528298], [127.37754688859856, 50.44367394919621]]]}}, {"id": "217", "type": "Feature", "properties": {"contour_id": "water_pre_0218", "area_ha": 0.47, "pair_id": "baseline_2018_09_low__blagoveshchensk", "layer": "water_pre", "aoi_name": "Благовещенск — слияние Амура и Зеи", "event_name": "Контрольный период межени, сентябрь 2018", "date_peak": "2018-09-15"}, "geometry": {"type": "Polygon", "coordinates": [[[127.62878416391155, 50.20541672129618], [127.62850655719176, 50.205323502161036], [127.6284051237063, 50.20397317487216], [127.62924564984125, 50.20398309613232], [127.62923792318715, 50.20425283090255], [127.62867756922215, 50.20424621734166], [127.6286621092493, 50.20478568671593], [127.6290772275873, 50.204970470378484], [127.62878416391155, 50.20541672129618]]]}}, {"id": "218", "type": "Feature", "properties": {"contour_id": "water_pre_0219", "area_ha": 0.47, "pair_id": "baseline_2018_09_low__blagoveshchensk", "layer": "water_pre", "aoi_name": "Благовещенск — слияние Амура и Зеи", "event_name": "Контрольный период межени, сентябрь 2018", "date_peak": "2018-09-15"}, "geometry": {"type": "Polygon", "coordinates": [[[127.6390169767802, 50.239804823337906], [127.63888702618067, 50.2394435355581], [127.63917765090667, 50.23908717405483], [127.63960590217484, 50.23882236465264], [127.64030429644627, 50.23892048083364], [127.6401564311033, 50.23918857458945], [127.63945291416113, 50.23927028034905], [127.63943755659491, 50.23980974887627], [127.6390169767802, 50.239804823337906]]]}}, {"id": "219", "type": "Feature", "properties": {"contour_id": "water_pre_0220", "area_ha": 0.46, "pair_id": "baseline_2018_09_low__blagoveshchensk", "layer": "water_pre", "aoi_name": "Благовещенск — слияние Амура и Зеи", "event_name": "Контрольный период межени, сентябрь 2018", "date_peak": "2018-09-15"}, "geometry": {"type": "Polygon", "coordinates": [[[127.64883854387315, 50.24459639624362], [127.64884617096027, 50.244326661161395], [127.64843063600318, 50.24414194599107], [127.64843826526956, 50.243872210933], [127.64788253067886, 50.24368586292315], [127.64761484336981, 50.24323304127362], [127.64845098045578, 50.243422652473015], [127.64844335138272, 50.24369238755347], [127.64899654626709, 50.24396864460721], [127.64884871329687, 50.24423674946434], [127.64912912696681, 50.24424000981227], [127.64911895965204, 50.24459965663291], [127.64883854387315, 50.24459639624362]], [[127.6483031461874, 50.24369075664955], [127.6484408083326, 50.24378229924399], [127.64844335138272, 50.24369238755347], [127.6483031461874, 50.24369075664955]]]}}, {"id": "220", "type": "Feature", "properties": {"contour_id": "water_pre_0221", "area_ha": 0.46, "pair_id": "baseline_2018_09_low__blagoveshchensk", "layer": "water_pre", "aoi_name": "Благовещенск — слияние Амура и Зеи", "event_name": "Контрольный период межени, сентябрь 2018", "date_peak": "2018-09-15"}, "geometry": {"type": "Polygon", "coordinates": [[[127.34694581964298, 50.18151038208044], [127.34681202306516, 50.181328588790386], [127.34638890909048, 50.181412509553084], [127.3464044307829, 50.18096300846779], [127.34766445057001, 50.18098094204023], [127.3475120393873, 50.18133855116916], [127.34694581964298, 50.18151038208044]]]}}, {"id": "221", "type": "Feature", "properties": {"contour_id": "water_pre_0222", "area_ha": 0.46, "pair_id": "baseline_2018_09_low__blagoveshchensk", "layer": "water_pre", "aoi_name": "Благовещенск — слияние Амура и Зеи", "event_name": "Контрольный период межени, сентябрь 2018", "date_peak": "2018-09-15"}, "geometry": {"type": "Polygon", "coordinates": [[[127.55256307846051, 50.15394410157814], [127.55314182170166, 50.15332171112985], [127.554126791158, 50.153154092702735], [127.55426130280169, 50.153335653922724], [127.55383064794006, 50.153690064498804], [127.55256307846051, 50.15394410157814]]]}}, {"id": "222", "type": "Feature", "properties": {"contour_id": "water_pre_0223", "area_ha": 0.46, "pair_id": "baseline_2018_09_low__blagoveshchensk", "layer": "water_pre", "aoi_name": "Благовещенск — слияние Амура и Зеи", "event_name": "Контрольный период межени, сентябрь 2018", "date_peak": "2018-09-15"}, "geometry": {"type": "Polygon", "coordinates": [[[127.69684049431737, 50.227875969299554], [127.69684784613092, 50.22760622819572], [127.69588143532191, 50.227055737591606], [127.69686254942282, 50.22706674594792], [127.69687235136908, 50.22670709108634], [127.69715021774716, 50.226800148497574], [127.69712326757484, 50.22778919940304], [127.69684049431737, 50.227875969299554]]]}}, {"id": "223", "type": "Feature", "properties": {"contour_id": "water_pre_0224", "area_ha": 0.46, "pair_id": "baseline_2018_09_low__blagoveshchensk", "layer": "water_pre", "aoi_name": "Благовещенск — слияние Амура и Зеи", "event_name": "Контрольный период межени, сентябрь 2018", "date_peak": "2018-09-15"}, "geometry": {"type": "Polygon", "coordinates": [[[127.72894339867646, 50.32815520666063], [127.72881973357487, 50.32752427810476], [127.72952201484065, 50.327531954458294], [127.72951482189505, 50.3278016943596], [127.72994098690448, 50.32762647155148], [127.72979573607591, 50.32780476374288], [127.73006706377939, 50.32816748570657], [127.72894339867646, 50.32815520666063]]]}}, {"id": "224", "type": "Feature", "properties": {"contour_id": "water_pre_0225", "area_ha": 0.45, "pair_id": "baseline_2018_09_low__blagoveshchensk", "layer": "water_pre", "aoi_name": "Благовещенск — слияние Амура и Зеи", "event_name": "Контрольный период межени, сентябрь 2018", "date_peak": "2018-09-15"}, "geometry": {"type": "Polygon", "coordinates": [[[127.61069030576074, 50.278324219038005], [127.61057355840869, 50.277513354139714], [127.61143629864776, 50.276804136763175], [127.61142845139892, 50.27707386611394], [127.61114523302349, 50.277160422993546], [127.61127507002294, 50.27752173861479], [127.61098923205466, 50.277698204845464], [127.61097353188791, 50.27823766334791], [127.61069030576074, 50.278324219038005]]]}}, {"id": "225", "type": "Feature", "properties": {"contour_id": "water_pre_0226", "area_ha": 0.45, "pair_id": "baseline_2018_09_low__blagoveshchensk", "layer": "water_pre", "aoi_name": "Благовещенск — слияние Амура и Зеи", "event_name": "Контрольный период межени, сентябрь 2018", "date_peak": "2018-09-15"}, "geometry": {"type": "Polygon", "coordinates": [[[127.77535774557083, 50.36993531470325], [127.77550758677765, 50.369577138119354], [127.7748347750985, 50.368400850336684], [127.77580032118541, 50.36913052698234], [127.77551221537169, 50.36939730967174], [127.77592933529453, 50.36958157792464], [127.7759200811519, 50.369941234858544], [127.77535774557083, 50.36993531470325]]]}}, {"id": "226", "type": "Feature", "properties": {"contour_id": "water_pre_0227", "area_ha": 0.45, "pair_id": "baseline_2018_09_low__blagoveshchensk", "layer": "water_pre", "aoi_name": "Благовещенск — слияние Амура и Зеи", "event_name": "Контрольный период межени, сентябрь 2018", "date_peak": "2018-09-15"}, "geometry": {"type": "Polygon", "coordinates": [[[127.66596349033534, 50.334464922539695], [127.66511813173517, 50.33454515971684], [127.66527372195246, 50.33400730701777], [127.66640253127048, 50.333840380488766], [127.66596349033534, 50.334464922539695]]]}}, {"id": "227", "type": "Feature", "properties": {"contour_id": "water_pre_0228", "area_ha": 0.44, "pair_id": "baseline_2018_09_low__blagoveshchensk", "layer": "water_pre", "aoi_name": "Благовещенск — слияние Амура и Зеи", "event_name": "Контрольный период межени, сентябрь 2018", "date_peak": "2018-09-15"}, "geometry": {"type": "Polygon", "coordinates": [[[127.80033783975219, 50.44439442428132], [127.80021294959148, 50.44376357526894], [127.8010577723741, 50.44377228339513], [127.80106458831817, 50.443502541632995], [127.80162780053769, 50.44350834358854], [127.80091242399426, 50.443950660291456], [127.80104641223618, 50.444221852969264], [127.80033783975219, 50.44439442428132]]]}}, {"id": "228", "type": "Feature", "properties": {"contour_id": "water_pre_0229", "area_ha": 0.42, "pair_id": "baseline_2018_09_low__blagoveshchensk", "layer": "water_pre", "aoi_name": "Благовещенск — слияние Амура и Зеи", "event_name": "Контрольный период межени, сентябрь 2018", "date_peak": "2018-09-15"}, "geometry": {"type": "Polygon", "coordinates": [[[127.75185722988851, 50.38128755977375], [127.75129948733402, 50.381101695865574], [127.75215497812663, 50.38066118471477], [127.75285804999041, 50.38066872585714], [127.75256502821397, 50.381115276255365], [127.75185722988851, 50.38128755977375]]]}}, {"id": "229", "type": "Feature", "properties": {"contour_id": "water_pre_0230", "area_ha": 0.42, "pair_id": "baseline_2018_09_low__blagoveshchensk", "layer": "water_pre", "aoi_name": "Благовещенск — слияние Амура и Зеи", "event_name": "Контрольный период межени, сентябрь 2018", "date_peak": "2018-09-15"}, "geometry": {"type": "Polygon", "coordinates": [[[127.53529249402904, 50.17396477369328], [127.53489176019822, 50.173330117513885], [127.53560271604135, 50.17297931177566], [127.53558622526272, 50.17351876235349], [127.53614070231299, 50.17370563864334], [127.53529249402904, 50.17396477369328]]]}}, {"id": "230", "type": "Feature", "properties": {"contour_id": "water_pre_0231", "area_ha": 0.42, "pair_id": "baseline_2018_09_low__blagoveshchensk", "layer": "water_pre", "aoi_name": "Благовещенск — слияние Амура и Зеи", "event_name": "Контрольный период межени, сентябрь 2018", "date_peak": "2018-09-15"}, "geometry": {"type": "Polygon", "coordinates": [[[127.64719423200872, 50.24322814508827], [127.64650849311741, 50.242680511612846], [127.64665378787696, 50.242502321374396], [127.64623573020032, 50.242407510133596], [127.64624082433592, 50.24222768687192], [127.64735225108335, 50.24260039568129], [127.64761484336981, 50.24323304127362], [127.64719423200872, 50.24322814508827]]]}}, {"id": "231", "type": "Feature", "properties": {"contour_id": "water_pre_0232", "area_ha": 0.42, "pair_id": "baseline_2018_09_low__blagoveshchensk", "layer": "water_pre", "aoi_name": "Благовещенск — слияние Амура и Зеи", "event_name": "Контрольный период межени, сентябрь 2018", "date_peak": "2018-09-15"}, "geometry": {"type": "Polygon", "coordinates": [[[127.74059238683934, 50.33925457497745], [127.74059951997512, 50.338984834457406], [127.74160908833318, 50.338006433248914], [127.7420305518525, 50.33801099390886], [127.74187818797218, 50.338459041683116], [127.74145672051314, 50.338454480441754], [127.74144721629251, 50.33881413461687], [127.74059238683934, 50.33925457497745]]]}}, {"id": "232", "type": "Feature", "properties": {"contour_id": "water_pre_0233", "area_ha": 0.41, "pair_id": "baseline_2018_09_low__blagoveshchensk", "layer": "water_pre", "aoi_name": "Благовещенск — слияние Амура и Зеи", "event_name": "Контрольный период межени, сентябрь 2018", "date_peak": "2018-09-15"}, "geometry": {"type": "Polygon", "coordinates": [[[127.34394019890095, 50.39769027235858], [127.34340898076, 50.39678329355972], [127.34356215137034, 50.39642570968819], [127.34398092530193, 50.396521614609824], [127.34382462446939, 50.39696909580162], [127.3442402714474, 50.39715489658404], [127.34436211682609, 50.39769627925688], [127.34394019890095, 50.39769027235858]]]}}, {"id": "233", "type": "Feature", "properties": {"contour_id": "water_pre_0234", "area_ha": 0.41, "pair_id": "baseline_2018_09_low__blagoveshchensk", "layer": "water_pre", "aoi_name": "Благовещенск — слияние Амура и Зеи", "event_name": "Контрольный период межени, сентябрь 2018", "date_peak": "2018-09-15"}, "geometry": {"type": "Polygon", "coordinates": [[[127.77387029447628, 50.44942483831361], [127.77331864288372, 50.448969336963216], [127.77360957623878, 50.44861265394306], [127.77416819669882, 50.448798415099226], [127.77415890315933, 50.449158066873025], [127.77443821712956, 50.449250946486806], [127.77443357133224, 50.449430772380765], [127.77387029447628, 50.44942483831361]]]}}, {"id": "234", "type": "Feature", "properties": {"contour_id": "water_pre_0235", "area_ha": 0.41, "pair_id": "baseline_2018_09_low__blagoveshchensk", "layer": "water_pre", "aoi_name": "Благовещенск — слияние Амура и Зеи", "event_name": "Контрольный период межени, сентябрь 2018", "date_peak": "2018-09-15"}, "geometry": {"type": "Polygon", "coordinates": [[[127.34291226340008, 50.39488744838518], [127.34291853244007, 50.39470765490861], [127.34319979324738, 50.394711661977105], [127.34292166693618, 50.394617758168025], [127.34294047357842, 50.39407837769213], [127.34336549282081, 50.39399449113599], [127.34337489348786, 50.39372480081543], [127.34363735025619, 50.39426818742796], [127.34347478720414, 50.394895461893256], [127.34291226340008, 50.39488744838518]]]}}, {"id": "235", "type": "Feature", "properties": {"contour_id": "water_pre_0236", "area_ha": 0.4, "pair_id": "baseline_2018_09_low__blagoveshchensk", "layer": "water_pre", "aoi_name": "Благовещенск — слияние Амура и Зеи", "event_name": "Контрольный период межени, сентябрь 2018", "date_peak": "2018-09-15"}, "geometry": {"type": "Polygon", "coordinates": [[[127.75383713505605, 50.24118290890106], [127.75300529758289, 50.24081422232863], [127.75329273939829, 50.24054748479185], [127.75287448036475, 50.240453055793004], [127.75274601159963, 50.24000197363794], [127.75316426643927, 50.24009640307516], [127.75356610795335, 50.24082023942009], [127.75398906010112, 50.24073483496708], [127.75398202733004, 50.24100458145047], [127.75426243371231, 50.24100758798596], [127.75383713505605, 50.24118290890106]], [[127.75328804830752, 50.24072731574047], [127.75342590534291, 50.24081873540088], [127.75342825064247, 50.24072881992401], [127.75328804830752, 50.24072731574047]]]}}, {"id": "236", "type": "Feature", "properties": {"contour_id": "water_pre_0237", "area_ha": 0.4, "pair_id": "baseline_2018_09_low__blagoveshchensk", "layer": "water_pre", "aoi_name": "Благовещенск — слияние Амура и Зеи", "event_name": "Контрольный период межени, сентябрь 2018", "date_peak": "2018-09-15"}, "geometry": {"type": "Polygon", "coordinates": [[[127.68732762614279, 50.28326237978636], [127.68720461758386, 50.28263140741781], [127.68804654840302, 50.282640914021144], [127.68803171647016, 50.283180389186064], [127.68732762614279, 50.28326237978636]]]}}, {"id": "237", "type": "Feature", "properties": {"contour_id": "water_pre_0238", "area_ha": 0.4, "pair_id": "baseline_2018_09_low__blagoveshchensk", "layer": "water_pre", "aoi_name": "Благовещенск — слияние Амура и Зеи", "event_name": "Контрольный период межени, сентябрь 2018", "date_peak": "2018-09-15"}, "geometry": {"type": "Polygon", "coordinates": [[[127.67340707399495, 50.268983649096775], [127.67356234298556, 50.268445776950486], [127.67483733511357, 50.268010618459996], [127.67468457783843, 50.26845858020523], [127.67355484898906, 50.268715513629814], [127.67368763577478, 50.26898685132545], [127.67340707399495, 50.268983649096775]], [[127.67384290162282, 50.268448978779716], [127.67398068376625, 50.26854049168361], [127.67398318096045, 50.26845057944044], [127.67384290162282, 50.268448978779716]]]}}, {"id": "238", "type": "Feature", "properties": {"contour_id": "water_pre_0239", "area_ha": 0.4, "pair_id": "baseline_2018_09_low__blagoveshchensk", "layer": "water_pre", "aoi_name": "Благовещенск — слияние Амура и Зеи", "event_name": "Контрольный период межени, сентябрь 2018", "date_peak": "2018-09-15"}, "geometry": {"type": "Polygon", "coordinates": [[[127.67703943211826, 50.2695646993125], [127.6771896798844, 50.2692066467585], [127.67663104526522, 50.26911034618061], [127.67678378652845, 50.268662381798485], [127.67650322630396, 50.268659187057835], [127.6765107036311, 50.26838945005447], [127.6770643468035, 50.26866557586208], [127.67705438108098, 50.269025225260116], [127.67761301560037, 50.269121523803264], [127.67746028054556, 50.26956948929037], [127.67703943211826, 50.2695646993125]]]}}, {"id": "239", "type": "Feature", "properties": {"contour_id": "water_pre_0240", "area_ha": 0.39, "pair_id": "baseline_2018_09_low__blagoveshchensk", "layer": "water_pre", "aoi_name": "Благовещенск — слияние Амура и Зеи", "event_name": "Контрольный период межени, сентябрь 2018", "date_peak": "2018-09-15"}, "geometry": {"type": "Polygon", "coordinates": [[[127.79626465552055, 50.165809971600375], [127.79585599701818, 50.16535602790403], [127.79600049930798, 50.16517764299659], [127.79711359596615, 50.16545900126185], [127.79696683954909, 50.16572730567734], [127.79626465552055, 50.165809971600375]], [[127.7961337060244, 50.16544884833399], [127.79627143159792, 50.165540217345985], [127.7962736902675, 50.165450299258254], [127.7961337060244, 50.16544884833399]]]}}, {"id": "240", "type": "Feature", "properties": {"contour_id": "water_pre_0241", "area_ha": 0.39, "pair_id": "baseline_2018_09_low__blagoveshchensk", "layer": "water_pre", "aoi_name": "Благовещенск — слияние Амура и Зеи", "event_name": "Контрольный период межени, сентябрь 2018", "date_peak": "2018-09-15"}, "geometry": {"type": "Polygon", "coordinates": [[[127.74448930106361, 50.33003297087975], [127.74449640980613, 50.3297632295265], [127.74407975953825, 50.329578850792984], [127.74409161105555, 50.32912928189873], [127.74465345827367, 50.32913534967293], [127.74492490712332, 50.32949803777606], [127.74477023001937, 50.33003600418455], [127.74448930106361, 50.33003297087975]]]}}, {"id": "241", "type": "Feature", "properties": {"contour_id": "water_pre_0242", "area_ha": 0.39, "pair_id": "baseline_2018_09_low__blagoveshchensk", "layer": "water_pre", "aoi_name": "Благовещенск — слияние Амура и Зеи", "event_name": "Контрольный период межени, сентябрь 2018", "date_peak": "2018-09-15"}, "geometry": {"type": "Polygon", "coordinates": [[[127.62208890258083, 50.282147495611255], [127.62223441094281, 50.28196933882941], [127.62167834055742, 50.28178286388312], [127.62168872804457, 50.28142322348318], [127.62141069655675, 50.28132998505972], [127.62170171210722, 50.28097367294957], [127.62197974211549, 50.281066910670035], [127.62251244777974, 50.282062575316004], [127.62208890258083, 50.282147495611255]]]}}, {"id": "242", "type": "Feature", "properties": {"contour_id": "water_pre_0243", "area_ha": 0.39, "pair_id": "baseline_2018_09_low__blagoveshchensk", "layer": "water_pre", "aoi_name": "Благовещенск — слияние Амура и Зеи", "event_name": "Контрольный период межени, сентябрь 2018", "date_peak": "2018-09-15"}, "geometry": {"type": "Polygon", "coordinates": [[[127.54183307702897, 50.16613208504848], [127.54156681627933, 50.16567902585251], [127.54185496512049, 50.165412814677076], [127.54268384582436, 50.165782991536844], [127.54267290796562, 50.166142626844135], [127.54183307702897, 50.16613208504848]]]}}, {"id": "243", "type": "Feature", "properties": {"contour_id": "water_pre_0244", "area_ha": 0.38, "pair_id": "baseline_2018_09_low__blagoveshchensk", "layer": "water_pre", "aoi_name": "Благовещенск — слияние Амура и Зеи", "event_name": "Контрольный период межени, сентябрь 2018", "date_peak": "2018-09-15"}, "geometry": {"type": "Polygon", "coordinates": [[[127.61843261295279, 50.287230720574776], [127.61844823380514, 50.28669126121111], [127.61929021247232, 50.28670126636124], [127.6192746011326, 50.28724072591531], [127.61843261295279, 50.287230720574776]]]}}, {"id": "244", "type": "Feature", "properties": {"contour_id": "water_pre_0245", "area_ha": 0.38, "pair_id": "baseline_2018_09_low__blagoveshchensk", "layer": "water_pre", "aoi_name": "Благовещенск — слияние Амура и Зеи", "event_name": "Контрольный период межени, сентябрь 2018", "date_peak": "2018-09-15"}, "geometry": {"type": "Polygon", "coordinates": [[[127.67620050527847, 50.21882837755181], [127.6759301940354, 50.218465531331205], [127.67580748651083, 50.21783454252009], [127.67622787947082, 50.21783933340242], [127.67621792539553, 50.21819898584123], [127.67677099120066, 50.21847511077415], [127.67662339487524, 50.218743253968356], [127.67620050527847, 50.21882837755181]]]}}, {"id": "245", "type": "Feature", "properties": {"contour_id": "water_pre_0246", "area_ha": 0.38, "pair_id": "baseline_2018_09_low__blagoveshchensk", "layer": "water_pre", "aoi_name": "Благовещенск — слияние Амура и Зеи", "event_name": "Контрольный период межени, сентябрь 2018", "date_peak": "2018-09-15"}, "geometry": {"type": "Polygon", "coordinates": [[[127.67603472546556, 50.21468918014835], [127.67589958136284, 50.21450775689364], [127.67618728866039, 50.21424121111463], [127.67674528341313, 50.214337509645], [127.67689037807092, 50.21415927917869], [127.67716564580412, 50.214342296894145], [127.67715570001168, 50.21470194968669], [127.67603472546556, 50.21468918014835]]]}}, {"id": "246", "type": "Feature", "properties": {"contour_id": "water_pre_0247", "area_ha": 0.38, "pair_id": "baseline_2018_09_low__blagoveshchensk", "layer": "water_pre", "aoi_name": "Благовещенск — слияние Амура и Зеи", "event_name": "Контрольный период межени, сентябрь 2018", "date_peak": "2018-09-15"}, "geometry": {"type": "Polygon", "coordinates": [[[127.56352847655043, 50.17575652624196], [127.56354195780904, 50.17530697871427], [127.56381926198831, 50.17540035097829], [127.56382465337329, 50.17522053193773], [127.56509542429332, 50.1748764675923], [127.56451926323628, 50.17540900491507], [127.56352847655043, 50.17575652624196]]]}}, {"id": "247", "type": "Feature", "properties": {"contour_id": "water_pre_0248", "area_ha": 0.38, "pair_id": "baseline_2018_09_low__blagoveshchensk", "layer": "water_pre", "aoi_name": "Благовещенск — слияние Амура и Зеи", "event_name": "Контрольный период межени, сентябрь 2018", "date_peak": "2018-09-15"}, "geometry": {"type": "Polygon", "coordinates": [[[127.71288709519648, 50.334813967846], [127.71303728946708, 50.334455872406956], [127.71360404925572, 50.33428226542241], [127.71347328789756, 50.333921060563156], [127.7141732321084, 50.33401874297542], [127.71416352341082, 50.33437839361877], [127.71374209658637, 50.334373732205165], [127.71373481254892, 50.33464347012774], [127.71288709519648, 50.334813967846]], [[127.71374938051295, 50.33410399426924], [127.7138874276156, 50.334195460880366], [127.7138898553138, 50.33410554822864], [127.71374938051295, 50.33410399426924]]]}}, {"id": "248", "type": "Feature", "properties": {"contour_id": "water_pre_0249", "area_ha": 0.37, "pair_id": "baseline_2018_09_low__blagoveshchensk", "layer": "water_pre", "aoi_name": "Благовещенск — слияние Амура и Зеи", "event_name": "Контрольный период межени, сентябрь 2018", "date_peak": "2018-09-15"}, "geometry": {"type": "Polygon", "coordinates": [[[127.6406813955924, 50.240453896569214], [127.63927688372061, 50.240527398443554], [127.63957007172488, 50.24008112464328], [127.6401257314724, 50.24026751192027], [127.64069162489697, 50.2400942507449], [127.6406813955924, 50.240453896569214]]]}}, {"id": "249", "type": "Feature", "properties": {"contour_id": "water_pre_0250", "area_ha": 0.37, "pair_id": "baseline_2018_09_low__blagoveshchensk", "layer": "water_pre", "aoi_name": "Благовещенск — слияние Амура и Зеи", "event_name": "Контрольный период межени, сентябрь 2018", "date_peak": "2018-09-15"}, "geometry": {"type": "Polygon", "coordinates": [[[127.34601946146263, 50.37028769461889], [127.34517611124825, 50.37027569601084], [127.34519487610065, 50.369736312651625], [127.34603821676251, 50.369748311031216], [127.34601946146263, 50.37028769461889]]]}}, {"id": "250", "type": "Feature", "properties": {"contour_id": "water_pre_0251", "area_ha": 0.37, "pair_id": "baseline_2018_09_low__blagoveshchensk", "layer": "water_pre", "aoi_name": "Благовещенск — слияние Амура и Зеи", "event_name": "Контрольный период межени, сентябрь 2018", "date_peak": "2018-09-15"}, "geometry": {"type": "Polygon", "coordinates": [[[127.49242114983994, 50.27676028284842], [127.49130449222177, 50.27656590819337], [127.49118125318014, 50.27602465677038], [127.49173957425332, 50.27612184597151], [127.49186850166636, 50.27648328677245], [127.49242966939269, 50.276490567661014], [127.49242114983994, 50.27676028284842]], [[127.49144762602286, 50.276477824328694], [127.49158507646895, 50.27656955034189], [127.4915879178896, 50.27647964531255], [127.49144762602286, 50.276477824328694]]]}}, {"id": "251", "type": "Feature", "properties": {"contour_id": "water_pre_0252", "area_ha": 0.37, "pair_id": "baseline_2018_09_low__blagoveshchensk", "layer": "water_pre", "aoi_name": "Благовещенск — слияние Амура и Зеи", "event_name": "Контрольный период межени, сентябрь 2018", "date_peak": "2018-09-15"}, "geometry": {"type": "Polygon", "coordinates": [[[127.34536178828601, 50.4053555145873], [127.34451468348172, 50.40543340184595], [127.34453974439246, 50.404714228631086], [127.34495859304437, 50.4048101306329], [127.34510551645295, 50.404632338707565], [127.34508985890011, 50.405081822113154], [127.34536178828601, 50.4053555145873]]]}}, {"id": "252", "type": "Feature", "properties": {"contour_id": "water_pre_0253", "area_ha": 0.37, "pair_id": "baseline_2018_09_low__blagoveshchensk", "layer": "water_pre", "aoi_name": "Благовещенск — слияние Амура и Зеи", "event_name": "Контрольный период межени, сентябрь 2018", "date_peak": "2018-09-15"}, "geometry": {"type": "Polygon", "coordinates": [[[127.51233759207408, 50.28619098604732], [127.5123572148315, 50.285561645889516], [127.51277537218631, 50.28565693908587], [127.51276696485336, 50.28592665635217], [127.51360889111862, 50.285937426792785], [127.51360048841296, 50.28620714414796], [127.51233759207408, 50.28619098604732]]]}}, {"id": "253", "type": "Feature", "properties": {"contour_id": "water_pre_0254", "area_ha": 0.37, "pair_id": "baseline_2018_09_low__blagoveshchensk", "layer": "water_pre", "aoi_name": "Благовещенск — слияние Амура и Зеи", "event_name": "Контрольный период межени, сентябрь 2018", "date_peak": "2018-09-15"}, "geometry": {"type": "Polygon", "coordinates": [[[127.61803274584173, 50.28164963225014], [127.61804576444256, 50.281200082426004], [127.61776513732993, 50.281196745312], [127.61763524160622, 50.28083543667828], [127.61778597063103, 50.28047746560025], [127.61820169831906, 50.280662290858935], [127.6181834745891, 50.28129166070213], [127.61845889646708, 50.281474816773674], [127.6184536905721, 50.28165463673057], [127.61803274584173, 50.28164963225014]]]}}, {"id": "254", "type": "Feature", "properties": {"contour_id": "water_pre_0255", "area_ha": 0.37, "pair_id": "baseline_2018_09_low__blagoveshchensk", "layer": "water_pre", "aoi_name": "Благовещенск — слияние Амура и Зеи", "event_name": "Контрольный период межени, сентябрь 2018", "date_peak": "2018-09-15"}, "geometry": {"type": "Polygon", "coordinates": [[[127.6398314319799, 50.25060731709831], [127.63927565394599, 50.25042092777058], [127.6395714648023, 50.24988474394456], [127.64027002025959, 50.24998286146164], [127.64025978419602, 50.25034250660788], [127.6398314319799, 50.25060731709831]]]}}, {"id": "255", "type": "Feature", "properties": {"contour_id": "water_pre_0256", "area_ha": 0.36, "pair_id": "baseline_2018_09_low__blagoveshchensk", "layer": "water_pre", "aoi_name": "Благовещенск — слияние Амура и Зеи", "event_name": "Контрольный период межени, сентябрь 2018", "date_peak": "2018-09-15"}, "geometry": {"type": "Polygon", "coordinates": [[[127.75914094243609, 50.22055329632905], [127.75915493949672, 50.22001380038458], [127.75999579123473, 50.22002277781422], [127.75998180365322, 50.22056227392949], [127.75914094243609, 50.22055329632905]]]}}, {"id": "256", "type": "Feature", "properties": {"contour_id": "water_pre_0257", "area_ha": 0.36, "pair_id": "baseline_2018_09_low__blagoveshchensk", "layer": "water_pre", "aoi_name": "Благовещенск — слияние Амура и Зеи", "event_name": "Контрольный период межени, сентябрь 2018", "date_peak": "2018-09-15"}, "geometry": {"type": "Polygon", "coordinates": [[[127.6773181972676, 50.2138943262565], [127.67691027306061, 50.21343997357923], [127.67705785084961, 50.21317182963882], [127.67748068877884, 50.213086702445736], [127.67773855586202, 50.21389911140254], [127.6773181972676, 50.2138943262565]]]}}, {"id": "257", "type": "Feature", "properties": {"contour_id": "water_pre_0258", "area_ha": 0.36, "pair_id": "baseline_2018_09_low__blagoveshchensk", "layer": "water_pre", "aoi_name": "Благовещенск — слияние Амура и Зеи", "event_name": "Контрольный период межени, сентябрь 2018", "date_peak": "2018-09-15"}, "geometry": {"type": "Polygon", "coordinates": [[[127.34519800352045, 50.3696464154197], [127.34436092299845, 50.36945461657337], [127.34423601315719, 50.369003129273594], [127.3452136403813, 50.369196929237006], [127.34519800352045, 50.3696464154197]]]}}, {"id": "258", "type": "Feature", "properties": {"contour_id": "water_pre_0259", "area_ha": 0.36, "pair_id": "baseline_2018_09_low__blagoveshchensk", "layer": "water_pre", "aoi_name": "Благовещенск — слияние Амура и Зеи", "event_name": "Контрольный период межени, сентябрь 2018", "date_peak": "2018-09-15"}, "geometry": {"type": "Polygon", "coordinates": [[[127.78433758567127, 50.38172152491141], [127.78462801628115, 50.381364806751186], [127.78576903283559, 50.380747155916914], [127.78589587563611, 50.3812881102063], [127.78546942887564, 50.38146353454699], [127.7850521679801, 50.38127929986914], [127.78476174106704, 50.38163601912028], [127.78433758567127, 50.38172152491141]]]}}, {"id": "259", "type": "Feature", "properties": {"contour_id": "water_pre_0260", "area_ha": 0.36, "pair_id": "baseline_2018_09_low__blagoveshchensk", "layer": "water_pre", "aoi_name": "Благовещенск — слияние Амура и Зеи", "event_name": "Контрольный период межени, сентябрь 2018", "date_peak": "2018-09-15"}, "geometry": {"type": "Polygon", "coordinates": [[[127.57694513741832, 50.2662235536798], [127.57696121528146, 50.26568410192905], [127.57780280859757, 50.265694404457356], [127.57778674023515, 50.26623385640417], [127.57694513741832, 50.2662235536798]]]}}, {"id": "260", "type": "Feature", "properties": {"contour_id": "water_pre_0261", "area_ha": 0.36, "pair_id": "baseline_2018_09_low__blagoveshchensk", "layer": "water_pre", "aoi_name": "Благовещенск — слияние Амура и Зеи", "event_name": "Контрольный период межени, сентябрь 2018", "date_peak": "2018-09-15"}, "geometry": {"type": "Polygon", "coordinates": [[[127.58724197800302, 50.21697118162495], [127.58725791171712, 50.21643172287564], [127.5880986420362, 50.216441943629086], [127.58808271779667, 50.216981402572834], [127.58724197800302, 50.21697118162495]]]}}, {"id": "261", "type": "Feature", "properties": {"contour_id": "water_pre_0262", "area_ha": 0.36, "pair_id": "baseline_2018_09_low__blagoveshchensk", "layer": "water_pre", "aoi_name": "Благовещенск — слияние Амура и Зеи", "event_name": "Контрольный период межени, сентябрь 2018", "date_peak": "2018-09-15"}, "geometry": {"type": "Polygon", "coordinates": [[[127.3424919269752, 50.310066147052154], [127.34236405100152, 50.30970455304054], [127.34279456543227, 50.3094408639311], [127.34280706639684, 50.30908127168209], [127.34308782180122, 50.30908527412015], [127.34309719577159, 50.308815579879145], [127.34351520276944, 50.30891148030933], [127.3424919269752, 50.310066147052154]]]}}, {"id": "262", "type": "Feature", "properties": {"contour_id": "water_pre_0263", "area_ha": 0.36, "pair_id": "baseline_2018_09_low__blagoveshchensk", "layer": "water_pre", "aoi_name": "Благовещенск — слияние Амура и Зеи", "event_name": "Контрольный период межени, сентябрь 2018", "date_peak": "2018-09-15"}, "geometry": {"type": "Polygon", "coordinates": [[[127.69039279404694, 50.13561301548561], [127.69040752207943, 50.135073526036685], [127.69124686185721, 50.135082989373295], [127.69123214325758, 50.135622479002144], [127.69039279404694, 50.13561301548561]]]}}, {"id": "263", "type": "Feature", "properties": {"contour_id": "water_pre_0264", "area_ha": 0.36, "pair_id": "baseline_2018_09_low__blagoveshchensk", "layer": "water_pre", "aoi_name": "Благовещенск — слияние Амура и Зеи", "event_name": "Контрольный период межени, сентябрь 2018", "date_peak": "2018-09-15"}, "geometry": {"type": "Polygon", "coordinates": [[[127.55591894010306, 50.242309492932385], [127.55550650652893, 50.24203454050456], [127.55635853989723, 50.241685362069624], [127.5566307808296, 50.24195857005323], [127.55705136477883, 50.24196379390219], [127.55591894010306, 50.242309492932385]], [[127.55621019700418, 50.241953344682585], [127.55662806522969, 50.24204847825201], [127.5566307808296, 50.24195857005323], [127.55621019700418, 50.241953344682585]]]}}, {"id": "264", "type": "Feature", "properties": {"contour_id": "water_pre_0265", "area_ha": 0.36, "pair_id": "baseline_2018_09_low__blagoveshchensk", "layer": "water_pre", "aoi_name": "Благовещенск — слияние Амура и Зеи", "event_name": "Контрольный период межени, сентябрь 2018", "date_peak": "2018-09-15"}, "geometry": {"type": "Polygon", "coordinates": [[[127.70579903846163, 50.435286873048085], [127.70581374871547, 50.434747408258225], [127.70665838071788, 50.43475680046322], [127.70664368005797, 50.43529626543201], [127.70579903846163, 50.435286873048085]]]}}, {"id": "265", "type": "Feature", "properties": {"contour_id": "water_pre_0266", "area_ha": 0.35, "pair_id": "baseline_2018_09_low__blagoveshchensk", "layer": "water_pre", "aoi_name": "Благовещенск — слияние Амура и Зеи", "event_name": "Контрольный период межени, сентябрь 2018", "date_peak": "2018-09-15"}, "geometry": {"type": "Polygon", "coordinates": [[[127.53580430915646, 50.34486070397511], [127.53553161315178, 50.344587447824225], [127.53510459531351, 50.34476194978598], [127.53511842587656, 50.34431242105329], [127.53596139237365, 50.34432303847865], [127.53623132537788, 50.34468619943178], [127.53580430915646, 50.34486070397511]]]}}, {"id": "266", "type": "Feature", "properties": {"contour_id": "water_pre_0267", "area_ha": 0.34, "pair_id": "baseline_2018_09_low__blagoveshchensk", "layer": "water_pre", "aoi_name": "Благовещенск — слияние Амура и Зеи", "event_name": "Контрольный период межени, сентябрь 2018", "date_peak": "2018-09-15"}, "geometry": {"type": "Polygon", "coordinates": [[[127.62192164275824, 50.249047176854106], [127.62208001396229, 50.248419465331764], [127.62250844340353, 50.24815472083346], [127.62292650234491, 50.24824961737921], [127.62291872789156, 50.248519349369396], [127.62192164275824, 50.249047176854106]]]}}, {"id": "267", "type": "Feature", "properties": {"contour_id": "water_pre_0268", "area_ha": 0.34, "pair_id": "baseline_2018_09_low__blagoveshchensk", "layer": "water_pre", "aoi_name": "Благовещенск — слияние Амура и Зеи", "event_name": "Контрольный период межени, сентябрь 2018", "date_peak": "2018-09-15"}, "geometry": {"type": "Polygon", "coordinates": [[[127.3814702738074, 50.444268238677914], [127.38034710406316, 50.444162667705], [127.38007782346442, 50.443799157109424], [127.38148254163714, 50.44390864785978], [127.3814702738074, 50.444268238677914]]]}}, {"id": "268", "type": "Feature", "properties": {"contour_id": "water_pre_0269", "area_ha": 0.34, "pair_id": "baseline_2018_09_low__blagoveshchensk", "layer": "water_pre", "aoi_name": "Благовещенск — слияние Амура и Зеи", "event_name": "Контрольный период межени, сентябрь 2018", "date_peak": "2018-09-15"}, "geometry": {"type": "Polygon", "coordinates": [[[127.67469185381358, 50.182204892012805], [127.67497937019925, 50.18193834628728], [127.67525693482644, 50.18203145436265], [127.67528180580634, 50.18113231794287], [127.67611697632523, 50.181321724296645], [127.675404421637, 50.18176331040916], [127.67553698718403, 50.182034648137886], [127.67469185381358, 50.182204892012805]]]}}, {"id": "269", "type": "Feature", "properties": {"contour_id": "water_pre_0270", "area_ha": 0.34, "pair_id": "baseline_2018_09_low__blagoveshchensk", "layer": "water_pre", "aoi_name": "Благовещенск — слияние Амура и Зеи", "event_name": "Контрольный период межени, сентябрь 2018", "date_peak": "2018-09-15"}, "geometry": {"type": "Polygon", "coordinates": [[[127.78733819359029, 50.42950991679453], [127.78749273359203, 50.428971901681415], [127.78833499430243, 50.42907061402421], [127.78818505395019, 50.429428802884246], [127.78733819359029, 50.42950991679453]]]}}, {"id": "270", "type": "Feature", "properties": {"contour_id": "water_pre_0271", "area_ha": 0.34, "pair_id": "baseline_2018_09_low__blagoveshchensk", "layer": "water_pre", "aoi_name": "Благовещенск — слияние Амура и Зеи", "event_name": "Контрольный период межени, сентябрь 2018", "date_peak": "2018-09-15"}, "geometry": {"type": "Polygon", "coordinates": [[[127.7779335444079, 50.41744978812258], [127.77765672360037, 50.41726700414392], [127.77850800562925, 50.41700613191904], [127.77866491447247, 50.41637821422654], [127.77922086697619, 50.41665386315828], [127.77879638818732, 50.416739345912376], [127.77893248731165, 50.41692065024194], [127.77864410439331, 50.417187436575404], [127.7779335444079, 50.41744978812258]]]}}, {"id": "271", "type": "Feature", "properties": {"contour_id": "water_pre_0272", "area_ha": 0.34, "pair_id": "baseline_2018_09_low__blagoveshchensk", "layer": "water_pre", "aoi_name": "Благовещенск — слияние Амура и Зеи", "event_name": "Контрольный период межени, сентябрь 2018", "date_peak": "2018-09-15"}, "geometry": {"type": "Polygon", "coordinates": [[[127.35872797475932, 50.45024546728276], [127.35875597070364, 50.449436397891], [127.35919390051727, 50.448992872304956], [127.35975396150616, 50.44909070986238], [127.3593222550012, 50.44935444432876], [127.3593129264082, 50.4496241342201], [127.35889365404485, 50.44952828052538], [127.35901578728233, 50.45006964605904], [127.35872797475932, 50.45024546728276]]]}}, {"id": "272", "type": "Feature", "properties": {"contour_id": "water_pre_0273", "area_ha": 0.34, "pair_id": "baseline_2018_09_low__blagoveshchensk", "layer": "water_pre", "aoi_name": "Благовещенск — слияние Амура и Зеи", "event_name": "Контрольный период межени, сентябрь 2018", "date_peak": "2018-09-15"}, "geometry": {"type": "Polygon", "coordinates": [[[127.30846852481805, 50.44152086332653], [127.30849095920601, 50.44089160227156], [127.30919798650896, 50.4408119390109], [127.309329141253, 50.441083668176745], [127.30846852481805, 50.44152086332653]]]}}, {"id": "273", "type": "Feature", "properties": {"contour_id": "water_pre_0274", "area_ha": 0.33, "pair_id": "baseline_2018_09_low__blagoveshchensk", "layer": "water_pre", "aoi_name": "Благовещенск — слияние Амура и Зеи", "event_name": "Контрольный период межени, сентябрь 2018", "date_peak": "2018-09-15"}, "geometry": {"type": "Polygon", "coordinates": [[[127.78059586650699, 50.41244120297968], [127.78018066383572, 50.41216703624344], [127.77947480840244, 50.41224957061803], [127.77948404953506, 50.411889915837364], [127.78116793460894, 50.41208744639269], [127.78059586650699, 50.41244120297968]]]}}, {"id": "274", "type": "Feature", "properties": {"contour_id": "water_pre_0275", "area_ha": 0.33, "pair_id": "baseline_2018_09_low__blagoveshchensk", "layer": "water_pre", "aoi_name": "Благовещенск — слияние Амура и Зеи", "event_name": "Контрольный период межени, сентябрь 2018", "date_peak": "2018-09-15"}, "geometry": {"type": "Polygon", "coordinates": [[[127.6407866717345, 50.23182075049631], [127.6407943407915, 50.23155101571568], [127.64039684697202, 50.23073689138863], [127.6410900137285, 50.2310148252365], [127.64093962206496, 50.23137283218764], [127.64121229276243, 50.231645845849954], [127.6407866717345, 50.23182075049631]]]}}, {"id": "275", "type": "Feature", "properties": {"contour_id": "water_pre_0276", "area_ha": 0.33, "pair_id": "baseline_2018_09_low__blagoveshchensk", "layer": "water_pre", "aoi_name": "Благовещенск — слияние Амура и Зеи", "event_name": "Контрольный период межени, сентябрь 2018", "date_peak": "2018-09-15"}, "geometry": {"type": "Polygon", "coordinates": [[[127.61009837160827, 50.34199505700723], [127.6095416539286, 50.341808520482765], [127.60941429026391, 50.34135729678164], [127.61066820989731, 50.341732047178915], [127.61009837160827, 50.34199505700723]]]}}, {"id": "276", "type": "Feature", "properties": {"contour_id": "water_pre_0277", "area_ha": 0.32, "pair_id": "baseline_2018_09_low__blagoveshchensk", "layer": "water_pre", "aoi_name": "Благовещенск — слияние Амура и Зеи", "event_name": "Контрольный период межени, сентябрь 2018", "date_peak": "2018-09-15"}, "geometry": {"type": "Polygon", "coordinates": [[[127.62552995324519, 50.2893835048807], [127.62525445883658, 50.28920036521458], [127.62554290478383, 50.28893395424103], [127.62680593608422, 50.288948883081325], [127.62679817233587, 50.28921861361168], [127.6256754714515, 50.28920534408263], [127.62552995324519, 50.2893835048807]]]}}, {"id": "277", "type": "Feature", "properties": {"contour_id": "water_pre_0278", "area_ha": 0.32, "pair_id": "baseline_2018_09_low__blagoveshchensk", "layer": "water_pre", "aoi_name": "Благовещенск — слияние Амура и Зеи", "event_name": "Контрольный период межени, сентябрь 2018", "date_peak": "2018-09-15"}, "geometry": {"type": "Polygon", "coordinates": [[[127.64060513668667, 50.23820446971338], [127.64061280850323, 50.23793473525095], [127.63949130603386, 50.23792160879569], [127.63893823629694, 50.23764530722186], [127.64089574096943, 50.2378481036732], [127.64088807077286, 50.23811783817133], [127.64060513668667, 50.23820446971338]]]}}, {"id": "278", "type": "Feature", "properties": {"contour_id": "water_pre_0279", "area_ha": 0.32, "pair_id": "baseline_2018_09_low__blagoveshchensk", "layer": "water_pre", "aoi_name": "Благовещенск — слияние Амура и Зеи", "event_name": "Контрольный период межени, сентябрь 2018", "date_peak": "2018-09-15"}, "geometry": {"type": "Polygon", "coordinates": [[[127.65057826150131, 50.30712545766139], [127.65030511380455, 50.30685246554599], [127.65031783981135, 50.306402911637136], [127.65102741944668, 50.306141327188485], [127.65086158921648, 50.30703880597648], [127.65057826150131, 50.30712545766139]], [[127.65058589567302, 50.306855725302974], [127.6507237421802, 50.30694726572004], [127.65072628662665, 50.306857354927246], [127.65058589567302, 50.306855725302974]]]}}, {"id": "279", "type": "Feature", "properties": {"contour_id": "water_pre_0280", "area_ha": 0.32, "pair_id": "baseline_2018_09_low__blagoveshchensk", "layer": "water_pre", "aoi_name": "Благовещенск — слияние Амура и Зеи", "event_name": "Контрольный период межени, сентябрь 2018", "date_peak": "2018-09-15"}, "geometry": {"type": "Polygon", "coordinates": [[[127.36038127817805, 50.202298048070496], [127.35954396739196, 50.20219628170812], [127.35955629509402, 50.20183667975944], [127.36039359963401, 50.201938445977525], [127.36038127817805, 50.202298048070496]], [[127.35997340634276, 50.2019325138728], [127.36025045458456, 50.20202636929736], [127.360253535188, 50.20193646877808], [127.35997340634276, 50.2019325138728]]]}}, {"id": "280", "type": "Feature", "properties": {"contour_id": "water_pre_0281", "area_ha": 0.31, "pair_id": "baseline_2018_09_low__blagoveshchensk", "layer": "water_pre", "aoi_name": "Благовещенск — слияние Амура и Зеи", "event_name": "Контрольный период межени, сентябрь 2018", "date_peak": "2018-09-15"}, "geometry": {"type": "Polygon", "coordinates": [[[127.61595646095554, 50.32902361575204], [127.61568339020992, 50.32875054389296], [127.61695269164575, 50.328585770039695], [127.61708792489144, 50.328767259183316], [127.6169396408412, 50.32903531597303], [127.61595646095554, 50.32902361575204]]]}}, {"id": "281", "type": "Feature", "properties": {"contour_id": "water_pre_0282", "area_ha": 0.31, "pair_id": "baseline_2018_09_low__blagoveshchensk", "layer": "water_pre", "aoi_name": "Благовещенск — слияние Амура и Зеи", "event_name": "Контрольный период межени, сентябрь 2018", "date_peak": "2018-09-15"}, "geometry": {"type": "Polygon", "coordinates": [[[127.60152891811677, 50.346659128245804], [127.60084224466966, 50.34611122679997], [127.60085281323258, 50.34575159357439], [127.60182049034962, 50.34630287437903], [127.60181256927366, 50.346572599386114], [127.60152891811677, 50.346659128245804]]]}}, {"id": "282", "type": "Feature", "properties": {"contour_id": "water_pre_0283", "area_ha": 0.31, "pair_id": "baseline_2018_09_low__blagoveshchensk", "layer": "water_pre", "aoi_name": "Благовещенск — слияние Амура и Зеи", "event_name": "Контрольный период межени, сентябрь 2018", "date_peak": "2018-09-15"}, "geometry": {"type": "Polygon", "coordinates": [[[127.65827754671437, 50.18813250062622], [127.65857526586953, 50.18750634507738], [127.65927295449198, 50.18760434238586], [127.65883771896729, 50.1881389699328], [127.65827754671437, 50.18813250062622]]]}}, {"id": "283", "type": "Feature", "properties": {"contour_id": "water_pre_0284", "area_ha": 0.31, "pair_id": "baseline_2018_09_low__blagoveshchensk", "layer": "water_pre", "aoi_name": "Благовещенск — слияние Амура и Зеи", "event_name": "Контрольный период межени, сентябрь 2018", "date_peak": "2018-09-15"}, "geometry": {"type": "Polygon", "coordinates": [[[127.53500072312603, 50.22927583970127], [127.53473969958979, 50.228642952050194], [127.53488811938045, 50.22837499694785], [127.5351684263096, 50.22837853145106], [127.53542945417274, 50.22901141820393], [127.53500072312603, 50.22927583970127]]]}}, {"id": "284", "type": "Feature", "properties": {"contour_id": "water_pre_0285", "area_ha": 0.31, "pair_id": "baseline_2018_09_low__blagoveshchensk", "layer": "water_pre", "aoi_name": "Благовещенск — слияние Амура и Зеи", "event_name": "Контрольный период межени, сентябрь 2018", "date_peak": "2018-09-15"}, "geometry": {"type": "Polygon", "coordinates": [[[127.77092279884546, 50.42726909306154], [127.77094607557675, 50.42636996127164], [127.77150675173023, 50.426465820743964], [127.77134971269305, 50.42709372678483], [127.77092279884546, 50.42726909306154]]]}}, {"id": "285", "type": "Feature", "properties": {"contour_id": "water_pre_0286", "area_ha": 0.3, "pair_id": "baseline_2018_09_low__blagoveshchensk", "layer": "water_pre", "aoi_name": "Благовещенск — слияние Амура и Зеи", "event_name": "Контрольный период межени, сентябрь 2018", "date_peak": "2018-09-15"}, "geometry": {"type": "Polygon", "coordinates": [[[127.63920138236608, 50.25302835326591], [127.63907139637247, 50.25266706619219], [127.63892604185544, 50.25284524616329], [127.63865070345476, 50.25266213841975], [127.63963744128664, 50.25249381173645], [127.63976743112838, 50.252855098218376], [127.63920138236608, 50.25302835326591]]]}}, {"id": "286", "type": "Feature", "properties": {"contour_id": "water_pre_0287", "area_ha": 0.3, "pair_id": "baseline_2018_09_low__blagoveshchensk", "layer": "water_pre", "aoi_name": "Благовещенск — слияние Амура и Зеи", "event_name": "Контрольный период межени, сентябрь 2018", "date_peak": "2018-09-15"}, "geometry": {"type": "Polygon", "coordinates": [[[127.57637052272132, 50.224303662830856], [127.5756751586653, 50.224115255825666], [127.57526812242556, 50.22366055463012], [127.57652137279315, 50.22394574300075], [127.57637052272132, 50.224303662830856]]]}}, {"id": "287", "type": "Feature", "properties": {"contour_id": "water_pre_0288", "area_ha": 0.3, "pair_id": "baseline_2018_09_low__blagoveshchensk", "layer": "water_pre", "aoi_name": "Благовещенск — слияние Амура и Зеи", "event_name": "Контрольный период межени, сентябрь 2018", "date_peak": "2018-09-15"}, "geometry": {"type": "Polygon", "coordinates": [[[127.793694390115, 50.43425274615439], [127.79370124559719, 50.43398300467714], [127.79328120834428, 50.43388871147415], [127.79440968541093, 50.43381047254683], [127.7944005501681, 50.434170127951326], [127.793694390115, 50.43425274615439]]]}}, {"id": "288", "type": "Feature", "properties": {"contour_id": "water_pre_0289", "area_ha": 0.3, "pair_id": "baseline_2018_09_low__blagoveshchensk", "layer": "water_pre", "aoi_name": "Благовещенск — слияние Амура и Зеи", "event_name": "Контрольный период межени, сентябрь 2018", "date_peak": "2018-09-15"}, "geometry": {"type": "Polygon", "coordinates": [[[127.54497878309714, 50.20547655842965], [127.54512433751032, 50.20529849639665], [127.54470407807241, 50.20529323215656], [127.54471501585027, 50.20493359896129], [127.54430843554843, 50.20447879182371], [127.54458860367633, 50.20448230239894], [127.54526989083001, 50.20512043416651], [127.54525895714924, 50.205480067438735], [127.54497878309714, 50.20547655842965]]]}}, {"id": "289", "type": "Feature", "properties": {"contour_id": "water_pre_0290", "area_ha": 0.29, "pair_id": "baseline_2018_09_low__blagoveshchensk", "layer": "water_pre", "aoi_name": "Благовещенск — слияние Амура и Зеи", "event_name": "Контрольный период межени, сентябрь 2018", "date_peak": "2018-09-15"}, "geometry": {"type": "Polygon", "coordinates": [[[127.54417929299225, 50.20411740312232], [127.54376725243817, 50.20384241071723], [127.54350624414009, 50.203209540267956], [127.54406382991701, 50.203306472785556], [127.54432758116442, 50.20384943373802], [127.54417929299225, 50.20411740312232]]]}}, {"id": "290", "type": "Feature", "properties": {"contour_id": "water_pre_0291", "area_ha": 0.29, "pair_id": "baseline_2018_09_low__blagoveshchensk", "layer": "water_pre", "aoi_name": "Благовещенск — слияние Амура и Зеи", "event_name": "Контрольный период межени, сентябрь 2018", "date_peak": "2018-09-15"}, "geometry": {"type": "Polygon", "coordinates": [[[127.72078097221974, 50.41755487975315], [127.72036122942193, 50.41746032522517], [127.72037576498778, 50.41692085569011], [127.72107936478984, 50.41692859290734], [127.72078097221974, 50.41755487975315]]]}}, {"id": "291", "type": "Feature", "properties": {"contour_id": "water_pre_0292", "area_ha": 0.29, "pair_id": "baseline_2018_09_low__blagoveshchensk", "layer": "water_pre", "aoi_name": "Благовещенск — слияние Амура и Зеи", "event_name": "Контрольный период межени, сентябрь 2018", "date_peak": "2018-09-15"}, "geometry": {"type": "Polygon", "coordinates": [[[127.67008622323446, 50.136191697024934], [127.67009619439763, 50.13583204037427], [127.67037597640989, 50.135835244460026], [127.67038096086773, 50.13565541610545], [127.67009868715691, 50.13574212620787], [127.67024605531078, 50.13547398580658], [127.67052583525209, 50.13547718951478], [127.6705183594081, 50.13574693206858], [127.67093803177276, 50.13575173641308], [127.67064579150177, 50.13619810460379], [127.67008622323446, 50.136191697024934]]]}}, {"id": "292", "type": "Feature", "properties": {"contour_id": "water_pre_0293", "area_ha": 0.29, "pair_id": "baseline_2018_09_low__blagoveshchensk", "layer": "water_pre", "aoi_name": "Благовещенск — слияние Амура и Зеи", "event_name": "Контрольный период межени, сентябрь 2018", "date_peak": "2018-09-15"}, "geometry": {"type": "Polygon", "coordinates": [[[127.83479020535253, 50.435121252586484], [127.8345152693809, 50.434848687115796], [127.83494202080051, 50.43467308658419], [127.83451968517083, 50.43466885682916], [127.83452410091583, 50.434489026536646], [127.8352346105579, 50.43422632971528], [127.83508279936619, 50.434674496161975], [127.83535773762732, 50.434947060315004], [127.83479020535253, 50.435121252586484]]]}}, {"id": "293", "type": "Feature", "properties": {"contour_id": "water_pre_0294", "area_ha": 0.29, "pair_id": "baseline_2018_09_low__blagoveshchensk", "layer": "water_pre", "aoi_name": "Благовещенск — слияние Амура и Зеи", "event_name": "Контрольный период межени, сентябрь 2018", "date_peak": "2018-09-15"}, "geometry": {"type": "Polygon", "coordinates": [[[127.58658231358801, 50.168124410909165], [127.586180943935, 50.167489925785105], [127.5863394912301, 50.16686225608114], [127.58661414028089, 50.16704548454356], [127.58659027044244, 50.167854679338035], [127.58687022958169, 50.16785808616274], [127.58658231358801, 50.168124410909165]]]}}, {"id": "294", "type": "Feature", "properties": {"contour_id": "water_pre_0295", "area_ha": 0.29, "pair_id": "baseline_2018_09_low__blagoveshchensk", "layer": "water_pre", "aoi_name": "Благовещенск — слияние Амура и Зеи", "event_name": "Контрольный период межени, сентябрь 2018", "date_peak": "2018-09-15"}, "geometry": {"type": "Polygon", "coordinates": [[[127.33148189654776, 50.45192655915274], [127.33191694082267, 50.45157303450477], [127.33289936807479, 50.45167705620407], [127.3327490892384, 50.45194472483449], [127.33148189654776, 50.45192655915274]]]}}, {"id": "295", "type": "Feature", "properties": {"contour_id": "water_pre_0296", "area_ha": 0.29, "pair_id": "baseline_2018_09_low__blagoveshchensk", "layer": "water_pre", "aoi_name": "Благовещенск — слияние Амура и Зеи", "event_name": "Контрольный период межени, сентябрь 2018", "date_peak": "2018-09-15"}, "geometry": {"type": "Polygon", "coordinates": [[[127.5709264098963, 50.22351728771397], [127.57065150195153, 50.2233340216258], [127.57121743838105, 50.22316109879275], [127.57136563705009, 50.22289309496127], [127.57192082568704, 50.22307980496275], [127.57177262951465, 50.22334780951571], [127.5709264098963, 50.22351728771397]]]}}, {"id": "296", "type": "Feature", "properties": {"contour_id": "water_pre_0297", "area_ha": 0.29, "pair_id": "baseline_2018_09_low__blagoveshchensk", "layer": "water_pre", "aoi_name": "Благовещенск — слияние Амура и Зеи", "event_name": "Контрольный период межени, сентябрь 2018", "date_peak": "2018-09-15"}, "geometry": {"type": "Polygon", "coordinates": [[[127.58012106021923, 50.22075187836266], [127.58012906835819, 50.22048215000096], [127.58069493750277, 50.22030918033836], [127.5805628104363, 50.2200377398455], [127.58098587371393, 50.21995296597206], [127.58111266798792, 50.220404225000316], [127.58012106021923, 50.22075187836266]]]}}, {"id": "297", "type": "Feature", "properties": {"contour_id": "water_pre_0298", "area_ha": 0.29, "pair_id": "baseline_2018_09_low__blagoveshchensk", "layer": "water_pre", "aoi_name": "Благовещенск — слияние Амура и Зеи", "event_name": "Контрольный период межени, сентябрь 2018", "date_peak": "2018-09-15"}, "geometry": {"type": "Polygon", "coordinates": [[[127.61094897238384, 50.28390365147162], [127.61025260429263, 50.283715444997945], [127.61012799674664, 50.2831743092639], [127.61068927246818, 50.28318101987776], [127.61094897238384, 50.28390365147162]]]}}, {"id": "298", "type": "Feature", "properties": {"contour_id": "water_pre_0299", "area_ha": 0.28, "pair_id": "baseline_2018_09_low__blagoveshchensk", "layer": "water_pre", "aoi_name": "Благовещенск — слияние Амура и Зеи", "event_name": "Контрольный период межени, сентябрь 2018", "date_peak": "2018-09-15"}, "geometry": {"type": "Polygon", "coordinates": [[[127.2560033050473, 50.190164227929856], [127.25628662450816, 50.190078536912964], [127.25616952509992, 50.18944716341282], [127.25700964769783, 50.189459774646906], [127.25658303860527, 50.189633261596576], [127.2567066912972, 50.19008484292296], [127.2560033050473, 50.190164227929856]]]}}, {"id": "299", "type": "Feature", "properties": {"contour_id": "water_pre_0300", "area_ha": 0.28, "pair_id": "baseline_2018_09_low__blagoveshchensk", "layer": "water_pre", "aoi_name": "Благовещенск — слияние Амура и Зеи", "event_name": "Контрольный период межени, сентябрь 2018", "date_peak": "2018-09-15"}, "geometry": {"type": "Polygon", "coordinates": [[[127.37726773686676, 50.447717373200724], [127.37756776509752, 50.447181915319746], [127.37799320393766, 50.447097906910656], [127.37800242552028, 50.44682821439467], [127.37842478741068, 50.44683410188068], [127.37826863338094, 50.4472816271369], [127.37770240450061, 50.44736367349609], [127.37769010651847, 50.4477232634277], [127.37726773686676, 50.447717373200724]]]}}, {"id": "300", "type": "Feature", "properties": {"contour_id": "water_pre_0301", "area_ha": 0.28, "pair_id": "baseline_2018_09_low__blagoveshchensk", "layer": "water_pre", "aoi_name": "Благовещенск — слияние Амура и Зеи", "event_name": "Контрольный период межени, сентябрь 2018", "date_peak": "2018-09-15"}, "geometry": {"type": "Polygon", "coordinates": [[[127.55184996498218, 50.19144143238561], [127.55187988099104, 50.19045243554068], [127.55216268701245, 50.190366018330664], [127.55227282308097, 50.19135676092317], [127.55184996498218, 50.19144143238561]]]}}, {"id": "301", "type": "Feature", "properties": {"contour_id": "water_pre_0302", "area_ha": 0.28, "pair_id": "baseline_2018_09_low__blagoveshchensk", "layer": "water_pre", "aoi_name": "Благовещенск — слияние Амура и Зеи", "event_name": "Контрольный период межени, сентябрь 2018", "date_peak": "2018-09-15"}, "geometry": {"type": "Polygon", "coordinates": [[[127.7597391361292, 50.343327767021485], [127.75932699350383, 50.3429636138554], [127.75890548337904, 50.34295911556331], [127.75891251373145, 50.342689373332334], [127.76044399931655, 50.34324534420794], [127.7597391361292, 50.343327767021485]]]}}, {"id": "302", "type": "Feature", "properties": {"contour_id": "water_pre_0303", "area_ha": 0.28, "pair_id": "baseline_2018_09_low__blagoveshchensk", "layer": "water_pre", "aoi_name": "Благовещенск — слияние Амура и Зеи", "event_name": "Контрольный период межени, сентябрь 2018", "date_peak": "2018-09-15"}, "geometry": {"type": "Polygon", "coordinates": [[[127.6726002840077, 50.19702142251644], [127.67274783343859, 50.19675328309944], [127.67246769530621, 50.19675008192313], [127.67247766999229, 50.19639042869492], [127.67290036690595, 50.196305316819256], [127.6731605635286, 50.19702782357931], [127.6726002840077, 50.19702142251644]]]}}, {"id": "303", "type": "Feature", "properties": {"contour_id": "water_pre_0304", "area_ha": 0.28, "pair_id": "baseline_2018_09_low__blagoveshchensk", "layer": "water_pre", "aoi_name": "Благовещенск — слияние Амура и Зеи", "event_name": "Контрольный период межени, сентябрь 2018", "date_peak": "2018-09-15"}, "geometry": {"type": "Polygon", "coordinates": [[[127.65062152027143, 50.30559697411943], [127.65063424272911, 50.30514742005443], [127.65021563027081, 50.30505261965751], [127.65036365076305, 50.30478451725644], [127.65105794420916, 50.30506239729119], [127.65090229478437, 50.30560023305374], [127.65062152027143, 50.30559697411943]], [[127.6504989462364, 50.304965968732816], [127.65063678718191, 50.30505750923697], [127.65063933162182, 50.304967598417996], [127.6504989462364, 50.304965968732816]]]}}, {"id": "304", "type": "Feature", "properties": {"contour_id": "water_pre_0305", "area_ha": 0.28, "pair_id": "baseline_2018_09_low__blagoveshchensk", "layer": "water_pre", "aoi_name": "Благовещенск — слияние Амура и Зеи", "event_name": "Контрольный период межени, сентябрь 2018", "date_peak": "2018-09-15"}, "geometry": {"type": "Polygon", "coordinates": [[[127.64901866698088, 50.307646984773015], [127.64860003599901, 50.30755217844733], [127.64888082179029, 50.30755544235474], [127.64875062177327, 50.3071941676371], [127.64903904841468, 50.30692769898088], [127.64973845761303, 50.30702576550994], [127.6493070949261, 50.30738051548193], [127.6490288578012, 50.30728734188888], [127.64901866698088, 50.307646984773015]]]}}, {"id": "305", "type": "Feature", "properties": {"contour_id": "water_pre_0306", "area_ha": 0.28, "pair_id": "baseline_2018_09_low__blagoveshchensk", "layer": "water_pre", "aoi_name": "Благовещенск — слияние Амура и Зеи", "event_name": "Контрольный период межени, сентябрь 2018", "date_peak": "2018-09-15"}, "geometry": {"type": "Polygon", "coordinates": [[[127.68662055012216, 50.44136762853602], [127.68664045858876, 50.44064834837898], [127.68693198719443, 50.44029188629633], [127.68721356192111, 50.440295063646715], [127.68705287288758, 50.44101275538235], [127.68676880562293, 50.44109948763462], [127.68690213119608, 50.44137080668866], [127.68662055012216, 50.44136762853602]]]}}, {"id": "306", "type": "Feature", "properties": {"contour_id": "water_pre_0307", "area_ha": 0.28, "pair_id": "baseline_2018_09_low__blagoveshchensk", "layer": "water_pre", "aoi_name": "Благовещенск — слияние Амура и Зеи", "event_name": "Контрольный период межени, сентябрь 2018", "date_peak": "2018-09-15"}, "geometry": {"type": "Polygon", "coordinates": [[[127.79137218854866, 50.43144058232957], [127.79024376340007, 50.43151879219166], [127.79053446102021, 50.431162064139315], [127.79137905654065, 50.43117084095194], [127.79137218854866, 50.43144058232957]]]}}, {"id": "307", "type": "Feature", "properties": {"contour_id": "water_pre_0308", "area_ha": 0.28, "pair_id": "baseline_2018_09_low__blagoveshchensk", "layer": "water_pre", "aoi_name": "Благовещенск — слияние Амура и Зеи", "event_name": "Контрольный период межени, сентябрь 2018", "date_peak": "2018-09-15"}, "geometry": {"type": "Polygon", "coordinates": [[[127.6417620724727, 50.24190559573963], [127.64148934122747, 50.24163258333827], [127.6416372069589, 50.241364487997046], [127.64233819701538, 50.24137268076118], [127.64219033517281, 50.2416407770258], [127.6424707328416, 50.24164405331718], [127.6424656246276, 50.24182387631667], [127.6417620724727, 50.24190559573963]]]}}, {"id": "308", "type": "Feature", "properties": {"contour_id": "water_pre_0309", "area_ha": 0.28, "pair_id": "baseline_2018_09_low__blagoveshchensk", "layer": "water_pre", "aoi_name": "Благовещенск — слияние Амура и Зеи", "event_name": "Контрольный период межени, сентябрь 2018", "date_peak": "2018-09-15"}, "geometry": {"type": "Polygon", "coordinates": [[[127.81769544731199, 50.437377107176], [127.8174250782686, 50.43692467289177], [127.81841056903221, 50.43693468502294], [127.81811780449505, 50.43738139815749], [127.81769544731199, 50.437377107176]]]}}, {"id": "309", "type": "Feature", "properties": {"contour_id": "water_pre_0310", "area_ha": 0.27, "pair_id": "baseline_2018_09_low__blagoveshchensk", "layer": "water_pre", "aoi_name": "Благовещенск — слияние Амура и Зеи", "event_name": "Контрольный период межени, сентябрь 2018", "date_peak": "2018-09-15"}, "geometry": {"type": "Polygon", "coordinates": [[[127.30189897898289, 50.416511427323854], [127.30190540806882, 50.41633163829254], [127.30218679098938, 50.41633574578315], [127.3022157162792, 50.41552669494836], [127.30291594937005, 50.41562685498155], [127.30234355091285, 50.415888326570254], [127.30232426873741, 50.416427693809375], [127.30189897898289, 50.416511427323854]]]}}, {"id": "310", "type": "Feature", "properties": {"contour_id": "water_pre_0311", "area_ha": 0.27, "pair_id": "baseline_2018_09_low__blagoveshchensk", "layer": "water_pre", "aoi_name": "Благовещенск — слияние Амура и Зеи", "event_name": "Контрольный период межени, сентябрь 2018", "date_peak": "2018-09-15"}, "geometry": {"type": "Polygon", "coordinates": [[[127.57422278856383, 50.225806340134845], [127.573532775991, 50.225438101967356], [127.57353545821306, 50.225348192845], [127.57396394339598, 50.225083626860744], [127.5743817015149, 50.2251786958914], [127.57423351232191, 50.225446703551334], [127.57450844615072, 50.22562996131861], [127.57422278856383, 50.225806340134845]]]}}, {"id": "311", "type": "Feature", "properties": {"contour_id": "water_pre_0312", "area_ha": 0.27, "pair_id": "baseline_2018_09_low__blagoveshchensk", "layer": "water_pre", "aoi_name": "Благовещенск — слияние Амура и Зеи", "event_name": "Контрольный период межени, сентябрь 2018", "date_peak": "2018-09-15"}, "geometry": {"type": "Polygon", "coordinates": [[[127.74034193909085, 50.32746980744881], [127.74034907066385, 50.32720006640514], [127.74161317418132, 50.32721375538917], [127.74160604976048, 50.32748349656314], [127.74034193909085, 50.32746980744881]]]}}, {"id": "312", "type": "Feature", "properties": {"contour_id": "water_pre_0313", "area_ha": 0.27, "pair_id": "baseline_2018_09_low__blagoveshchensk", "layer": "water_pre", "aoi_name": "Благовещенск — слияние Амура и Зеи", "event_name": "Контрольный период межени, сентябрь 2018", "date_peak": "2018-09-15"}, "geometry": {"type": "Polygon", "coordinates": [[[127.31952660228839, 50.43151778581676], [127.31967688782615, 50.43125013346047], [127.31939541398303, 50.43124606740329], [127.3194017801734, 50.43106627720862], [127.3201086439796, 50.43098654587897], [127.32038375395648, 50.431170400484], [127.3203742101895, 50.43144008590454], [127.31952660228839, 50.43151778581676]]]}}, {"id": "313", "type": "Feature", "properties": {"contour_id": "water_pre_0314", "area_ha": 0.27, "pair_id": "baseline_2018_09_low__blagoveshchensk", "layer": "water_pre", "aoi_name": "Благовещенск — слияние Амура и Зеи", "event_name": "Контрольный период межени, сентябрь 2018", "date_peak": "2018-09-15"}, "geometry": {"type": "Polygon", "coordinates": [[[127.58941541971129, 50.21456915560772], [127.58943132756318, 50.21402969612935], [127.5902640673306, 50.21430963064842], [127.59025611808092, 50.21457936047792], [127.58941541971129, 50.21456915560772]]]}}, {"id": "314", "type": "Feature", "properties": {"contour_id": "water_pre_0315", "area_ha": 0.27, "pair_id": "baseline_2018_09_low__blagoveshchensk", "layer": "water_pre", "aoi_name": "Благовещенск — слияние Амура и Зеи", "event_name": "Контрольный период межени, сентябрь 2018", "date_peak": "2018-09-15"}, "geometry": {"type": "Polygon", "coordinates": [[[127.70436516620177, 50.4413867004867], [127.70451823126203, 50.440938714896156], [127.70479735765821, 50.441031760392875], [127.70508875311835, 50.440675251820686], [127.70579515301907, 50.44059317341966], [127.70550376334893, 50.4409496838102], [127.70436516620177, 50.4413867004867]]]}}, {"id": "315", "type": "Feature", "properties": {"contour_id": "water_pre_0316", "area_ha": 0.27, "pair_id": "baseline_2018_09_low__blagoveshchensk", "layer": "water_pre", "aoi_name": "Благовещенск — слияние Амура и Зеи", "event_name": "Контрольный период межени, сентябрь 2018", "date_peak": "2018-09-15"}, "geometry": {"type": "Polygon", "coordinates": [[[127.5880986420362, 50.216441943629086], [127.58810660397448, 50.21617221413694], [127.58768624112301, 50.216167104569], [127.58769420530885, 50.21589737511195], [127.58853492639567, 50.21590759263027], [127.58851900737726, 50.21644705172524], [127.5880986420362, 50.216441943629086]]]}}, {"id": "316", "type": "Feature", "properties": {"contour_id": "water_pre_0317", "area_ha": 0.26, "pair_id": "baseline_2018_09_low__blagoveshchensk", "layer": "water_pre", "aoi_name": "Благовещенск — слияние Амура и Зеи", "event_name": "Контрольный период межени, сентябрь 2018", "date_peak": "2018-09-15"}, "geometry": {"type": "Polygon", "coordinates": [[[127.77425550296459, 50.374510569092834], [127.77413112676962, 50.37387968847188], [127.7745552296725, 50.37379421941704], [127.77468192756315, 50.374335185512734], [127.77425550296459, 50.374510569092834]]]}}, {"id": "317", "type": "Feature", "properties": {"contour_id": "water_pre_0318", "area_ha": 0.26, "pair_id": "baseline_2018_09_low__blagoveshchensk", "layer": "water_pre", "aoi_name": "Благовещенск — слияние Амура и Зеи", "event_name": "Контрольный период межени, сентябрь 2018", "date_peak": "2018-09-15"}, "geometry": {"type": "Polygon", "coordinates": [[[127.67882474660985, 50.21517064998214], [127.67841679733955, 50.21471630249356], [127.67842176552355, 50.21453647600925], [127.67953032754413, 50.21499878889284], [127.67952536344549, 50.215178615443094], [127.67882474660985, 50.21517064998214]]]}}, {"id": "318", "type": "Feature", "properties": {"contour_id": "water_pre_0319", "area_ha": 0.26, "pair_id": "baseline_2018_09_low__blagoveshchensk", "layer": "water_pre", "aoi_name": "Благовещенск — слияние Амура и Зеи", "event_name": "Контрольный период межени, сентябрь 2018", "date_peak": "2018-09-15"}, "geometry": {"type": "Polygon", "coordinates": [[[127.65934344402993, 50.18508677882047], [127.65964616294126, 50.184280793899184], [127.66020880606555, 50.18419734319864], [127.65962351244116, 50.18509001110005], [127.65934344402993, 50.18508677882047]]]}}, {"id": "319", "type": "Feature", "properties": {"contour_id": "water_pre_0320", "area_ha": 0.26, "pair_id": "baseline_2018_09_low__blagoveshchensk", "layer": "water_pre", "aoi_name": "Благовещенск — слияние Амура и Зеи", "event_name": "Контрольный период межени, сентябрь 2018", "date_peak": "2018-09-15"}, "geometry": {"type": "Polygon", "coordinates": [[[127.33926930218908, 50.438726751172965], [127.3389972216708, 50.43845304444125], [127.33930076454286, 50.43782779219508], [127.33958228027006, 50.43783181047947], [127.33970731117624, 50.43828329897023], [127.33926930218908, 50.438726751172965]]]}}, {"id": "320", "type": "Feature", "properties": {"contour_id": "water_pre_0321", "area_ha": 0.26, "pair_id": "baseline_2018_09_low__blagoveshchensk", "layer": "water_pre", "aoi_name": "Благовещенск — слияние Амура и Зеи", "event_name": "Контрольный период межени, сентябрь 2018", "date_peak": "2018-09-15"}, "geometry": {"type": "Polygon", "coordinates": [[[127.63795211244408, 50.25256401092038], [127.63754424235255, 50.25210952334887], [127.63839330631775, 50.25184965173852], [127.63823513677082, 50.25247738677826], [127.63795211244408, 50.25256401092038]]]}}, {"id": "321", "type": "Feature", "properties": {"contour_id": "water_pre_0322", "area_ha": 0.25, "pair_id": "baseline_2018_09_low__blagoveshchensk", "layer": "water_pre", "aoi_name": "Благовещенск — слияние Амура и Зеи", "event_name": "Контрольный период межени, сентябрь 2018", "date_peak": "2018-09-15"}, "geometry": {"type": "Polygon", "coordinates": [[[127.5451549287763, 50.17202004637985], [127.54502313153547, 50.171748566193536], [127.54460043502125, 50.171833212939184], [127.54446590977288, 50.171651640957485], [127.545454015996, 50.17139419134249], [127.54558581475659, 50.17166567106873], [127.5451549287763, 50.17202004637985]]]}}, {"id": "322", "type": "Feature", "properties": {"contour_id": "water_pre_0323", "area_ha": 0.25, "pair_id": "baseline_2018_09_low__blagoveshchensk", "layer": "water_pre", "aoi_name": "Благовещенск — слияние Амура и Зеи", "event_name": "Контрольный период межени, сентябрь 2018", "date_peak": "2018-09-15"}, "geometry": {"type": "Polygon", "coordinates": [[[127.45244292882407, 50.297730949992165], [127.4523113297471, 50.29745937202915], [127.45272946603461, 50.29755488092989], [127.45288439970231, 50.297107233785425], [127.45343705361218, 50.29738441440369], [127.45244292882407, 50.297730949992165]]]}}, {"id": "323", "type": "Feature", "properties": {"contour_id": "water_pre_0324", "area_ha": 0.25, "pair_id": "baseline_2018_09_low__blagoveshchensk", "layer": "water_pre", "aoi_name": "Благовещенск — слияние Амура и Зеи", "event_name": "Контрольный период межени, сентябрь 2018", "date_peak": "2018-09-15"}, "geometry": {"type": "Polygon", "coordinates": [[[127.33692048605191, 50.4374340260902], [127.33665157754446, 50.437070418215605], [127.33764001504082, 50.436994605669426], [127.3374835122203, 50.437442073449624], [127.33692048605191, 50.4374340260902]]]}}, {"id": "324", "type": "Feature", "properties": {"contour_id": "water_pre_0325", "area_ha": 0.25, "pair_id": "baseline_2018_09_low__blagoveshchensk", "layer": "water_pre", "aoi_name": "Благовещенск — слияние Амура и Зеи", "event_name": "Контрольный период межени, сентябрь 2018", "date_peak": "2018-09-15"}, "geometry": {"type": "Polygon", "coordinates": [[[127.25945183755731, 50.395557115587955], [127.25947159189667, 50.39501775852996], [127.26059330400011, 50.395124482675875], [127.26044609735834, 50.395302165140805], [127.25945183755731, 50.395557115587955]]]}}, {"id": "325", "type": "Feature", "properties": {"contour_id": "water_pre_0326", "area_ha": 0.25, "pair_id": "baseline_2018_09_low__blagoveshchensk", "layer": "water_pre", "aoi_name": "Благовещенск — слияние Амура и Зеи", "event_name": "Контрольный период межени, сентябрь 2018", "date_peak": "2018-09-15"}, "geometry": {"type": "Polygon", "coordinates": [[[127.49381926000783, 50.161202007810815], [127.4931307961647, 50.160833302148966], [127.49328488240344, 50.16038558357237], [127.4935647862893, 50.160389214878606], [127.4935534820118, 50.16074884253674], [127.49396203973699, 50.16111391600374], [127.49424194796283, 50.161117545716216], [127.49381926000783, 50.161202007810815]]]}}, {"id": "326", "type": "Feature", "properties": {"contour_id": "water_pre_0327", "area_ha": 0.25, "pair_id": "baseline_2018_09_low__blagoveshchensk", "layer": "water_pre", "aoi_name": "Благовещенск — слияние Амура и Зеи", "event_name": "Контрольный период межени, сентябрь 2018", "date_peak": "2018-09-15"}, "geometry": {"type": "Polygon", "coordinates": [[[127.72061845089726, 50.41836253655299], [127.72019870132479, 50.418267981400106], [127.72020354731683, 50.41808815826418], [127.72120555880578, 50.417469609552214], [127.72119587457205, 50.4178292559972], [127.72076886284161, 50.41800443772456], [127.72061845089726, 50.41836253655299]]]}}, {"id": "327", "type": "Feature", "properties": {"contour_id": "water_pre_0328", "area_ha": 0.25, "pair_id": "baseline_2018_09_low__blagoveshchensk", "layer": "water_pre", "aoi_name": "Благовещенск — слияние Амура и Зеи", "event_name": "Контрольный период межени, сентябрь 2018", "date_peak": "2018-09-15"}, "geometry": {"type": "Polygon", "coordinates": [[[127.6279692201001, 50.360734915512204], [127.62783644923769, 50.360463529820194], [127.62897119260009, 50.36011715537809], [127.62896342150431, 50.36038688283391], [127.62839604860383, 50.360560071386324], [127.62839086563213, 50.36073988963466], [127.6279692201001, 50.360734915512204]]]}}, {"id": "328", "type": "Feature", "properties": {"contour_id": "water_pre_0329", "area_ha": 0.25, "pair_id": "baseline_2018_09_low__blagoveshchensk", "layer": "water_pre", "aoi_name": "Благовещенск — слияние Амура и Зеи", "event_name": "Контрольный период межени, сентябрь 2018", "date_peak": "2018-09-15"}, "geometry": {"type": "Polygon", "coordinates": [[[127.62246023822973, 50.22063202482313], [127.62234341224548, 50.21982116341184], [127.62262626909019, 50.219734575450325], [127.62289618039763, 50.22009754232108], [127.62261591133907, 50.220094219829704], [127.62274051042108, 50.22063534771564], [127.62246023822973, 50.22063202482313]]]}}, {"id": "329", "type": "Feature", "properties": {"contour_id": "water_pre_0330", "area_ha": 0.24, "pair_id": "baseline_2018_09_low__blagoveshchensk", "layer": "water_pre", "aoi_name": "Благовещенск — слияние Амура и Зеи", "event_name": "Контрольный период межени, сентябрь 2018", "date_peak": "2018-09-15"}, "geometry": {"type": "Polygon", "coordinates": [[[127.71368977990524, 50.27384356634778], [127.71327858235512, 50.27347925297513], [127.71440095326999, 50.27349167367266], [127.71439368866154, 50.273761414504754], [127.71368977990524, 50.27384356634778]]]}}, {"id": "330", "type": "Feature", "properties": {"contour_id": "water_pre_0331", "area_ha": 0.24, "pair_id": "baseline_2018_09_low__blagoveshchensk", "layer": "water_pre", "aoi_name": "Благовещенск — слияние Амура и Зеи", "event_name": "Контрольный период межени, сентябрь 2018", "date_peak": "2018-09-15"}, "geometry": {"type": "Polygon", "coordinates": [[[127.80289502870708, 50.443521388024145], [127.80162780053769, 50.44350834358854], [127.80163461317785, 50.4432386017579], [127.80289502870708, 50.443521388024145]]]}}, {"id": "331", "type": "Feature", "properties": {"contour_id": "water_pre_0332", "area_ha": 0.23, "pair_id": "baseline_2018_09_low__blagoveshchensk", "layer": "water_pre", "aoi_name": "Благовещенск — слияние Амура и Зеи", "event_name": "Контрольный период межени, сентябрь 2018", "date_peak": "2018-09-15"}, "geometry": {"type": "Polygon", "coordinates": [[[127.76973456557492, 50.35899338247537], [127.76973921424226, 50.35881355408739], [127.77016318999055, 50.35872809991226], [127.76960098810441, 50.35872215287787], [127.76945578795713, 50.358900494066766], [127.76932221233244, 50.35862926415824], [127.7704466139817, 50.35864115818932], [127.77043964501448, 50.358910900848684], [127.76973456557492, 50.35899338247537]]]}}, {"id": "332", "type": "Feature", "properties": {"contour_id": "water_pre_0333", "area_ha": 0.22, "pair_id": "baseline_2018_09_low__blagoveshchensk", "layer": "water_pre", "aoi_name": "Благовещенск — слияние Амура и Зеи", "event_name": "Контрольный период межени, сентябрь 2018", "date_peak": "2018-09-15"}, "geometry": {"type": "Polygon", "coordinates": [[[127.69457701972316, 50.25941983938811], [127.69387820891332, 50.25932204657716], [127.69388804454081, 50.2589623941495], [127.69486489894514, 50.25915325066776], [127.69457701972316, 50.25941983938811]]]}}, {"id": "333", "type": "Feature", "properties": {"contour_id": "water_pre_0334", "area_ha": 0.22, "pair_id": "baseline_2018_09_low__blagoveshchensk", "layer": "water_pre", "aoi_name": "Благовещенск — слияние Амура и Зеи", "event_name": "Контрольный период межени, сентябрь 2018", "date_peak": "2018-09-15"}, "geometry": {"type": "Polygon", "coordinates": [[[127.34302325538957, 50.436082055058655], [127.34289505904215, 50.43572046581913], [127.3436050940462, 50.43555069594465], [127.34344551426933, 50.436088068572424], [127.34302325538957, 50.436082055058655]]]}}, {"id": "334", "type": "Feature", "properties": {"contour_id": "water_pre_0335", "area_ha": 0.22, "pair_id": "baseline_2018_09_low__blagoveshchensk", "layer": "water_pre", "aoi_name": "Благовещенск — слияние Амура и Зеи", "event_name": "Контрольный период межени, сентябрь 2018", "date_peak": "2018-09-15"}, "geometry": {"type": "Polygon", "coordinates": [[[127.51689553752925, 50.24793400685164], [127.51549902861333, 50.247736289251634], [127.5169039102452, 50.24766428730853], [127.51689553752925, 50.24793400685164]]]}}, {"id": "335", "type": "Feature", "properties": {"contour_id": "water_pre_0336", "area_ha": 0.2, "pair_id": "baseline_2018_09_low__blagoveshchensk", "layer": "water_pre", "aoi_name": "Благовещенск — слияние Амура и Зеи", "event_name": "Контрольный период межени, сентябрь 2018", "date_peak": "2018-09-15"}, "geometry": {"type": "Polygon", "coordinates": [[[127.65779541313579, 50.24029308295975], [127.65836629258118, 50.239939910986884], [127.65878687693791, 50.239944766509474], [127.6587767838354, 50.24030441502342], [127.65779541313579, 50.24029308295975]]]}}, {"id": "336", "type": "Feature", "properties": {"contour_id": "water_pre_0337", "area_ha": 0.2, "pair_id": "baseline_2018_09_low__blagoveshchensk", "layer": "water_pre", "aoi_name": "Благовещенск — слияние Амура и Зеи", "event_name": "Контрольный период межени, сентябрь 2018", "date_peak": "2018-09-15"}, "geometry": {"type": "Polygon", "coordinates": [[[127.56238957804055, 50.17637203446518], [127.56239497497718, 50.17619221556754], [127.56211497012042, 50.176188749339566], [127.5622657673016, 50.17583084474651], [127.56296307700633, 50.17592941757563], [127.56295498485467, 50.176199145999284], [127.56238957804055, 50.17637203446518]], [[127.56240307027969, 50.17592248720979], [127.56254037378294, 50.17601412951385], [127.56254307194088, 50.17592422005427], [127.56240307027969, 50.17592248720979]]]}}, {"id": "337", "type": "Feature", "properties": {"contour_id": "water_pre_0338", "area_ha": 0.2, "pair_id": "baseline_2018_09_low__blagoveshchensk", "layer": "water_pre", "aoi_name": "Благовещенск — слияние Амура и Зеи", "event_name": "Контрольный период межени, сентябрь 2018", "date_peak": "2018-09-15"}, "geometry": {"type": "Polygon", "coordinates": [[[127.77890041443935, 50.41269323243099], [127.77862592920289, 50.412420537118514], [127.77905499176462, 50.41215522729239], [127.77947480840244, 50.41224957061803], [127.77890041443935, 50.41269323243099]]]}}, {"id": "338", "type": "Feature", "properties": {"contour_id": "water_pre_0339", "area_ha": 0.18, "pair_id": "baseline_2018_09_low__blagoveshchensk", "layer": "water_pre", "aoi_name": "Благовещенск — слияние Амура и Зеи", "event_name": "Контрольный период межени, сентябрь 2018", "date_peak": "2018-09-15"}, "geometry": {"type": "Polygon", "coordinates": [[[127.7191608344487, 50.18495232097361], [127.71945293096863, 50.18450583318266], [127.7198682313348, 50.18469029431766], [127.7197209831408, 50.184958496429026], [127.7191608344487, 50.18495232097361]]]}}, {"id": "339", "type": "Feature", "properties": {"contour_id": "water_pre_0340", "area_ha": 0.18, "pair_id": "baseline_2018_09_low__blagoveshchensk", "layer": "water_pre", "aoi_name": "Благовещенск — слияние Амура и Зеи", "event_name": "Контрольный период межени, сентябрь 2018", "date_peak": "2018-09-15"}, "geometry": {"type": "Polygon", "coordinates": [[[127.70494703722181, 50.43554720682003], [127.7049543973141, 50.43527747453466], [127.70579903846163, 50.435286873048085], [127.7057916831664, 50.43555660542299], [127.70494703722181, 50.43554720682003]]]}}, {"id": "340", "type": "Feature", "properties": {"contour_id": "water_pre_0341", "area_ha": 0.18, "pair_id": "baseline_2018_09_low__blagoveshchensk", "layer": "water_pre", "aoi_name": "Благовещенск — слияние Амура и Зеи", "event_name": "Контрольный период межени, сентябрь 2018", "date_peak": "2018-09-15"}, "geometry": {"type": "Polygon", "coordinates": [[[127.73985197790084, 50.34599199392344], [127.7394352050622, 50.345807598124225], [127.73958761664669, 50.345359554454234], [127.74000676555981, 50.345454036309114], [127.74000200681853, 50.345633863081886], [127.73972098637167, 50.34563081757842], [127.73999962742974, 50.345723776466045], [127.73985197790084, 50.34599199392344]]]}}, {"id": "341", "type": "Feature", "properties": {"contour_id": "water_pre_0342", "area_ha": 0.18, "pair_id": "baseline_2018_09_low__blagoveshchensk", "layer": "water_pre", "aoi_name": "Благовещенск — слияние Амура и Зеи", "event_name": "Контрольный период межени, сентябрь 2018", "date_peak": "2018-09-15"}, "geometry": {"type": "Polygon", "coordinates": [[[127.7127724504275, 50.17768635818692], [127.71277969947288, 50.17741661304274], [127.7136197883131, 50.17742592035676], [127.71361254399557, 50.177695665589454], [127.7127724504275, 50.17768635818692]]]}}, {"id": "342", "type": "Feature", "properties": {"contour_id": "water_pre_0343", "area_ha": 0.18, "pair_id": "baseline_2018_09_low__blagoveshchensk", "layer": "water_pre", "aoi_name": "Благовещенск — слияние Амура и Зеи", "event_name": "Контрольный период межени, сентябрь 2018", "date_peak": "2018-09-15"}, "geometry": {"type": "Polygon", "coordinates": [[[127.62470088450802, 50.28892399405913], [127.62470866003042, 50.28865426375216], [127.62555067554936, 50.288664223839284], [127.62554290478383, 50.28893395424103], [127.62470088450802, 50.28892399405913]]]}}, {"id": "343", "type": "Feature", "properties": {"contour_id": "water_pre_0344", "area_ha": 0.18, "pair_id": "baseline_2018_09_low__blagoveshchensk", "layer": "water_pre", "aoi_name": "Благовещенск — слияние Амура и Зеи", "event_name": "Контрольный период межени, сентябрь 2018", "date_peak": "2018-09-15"}, "geometry": {"type": "Polygon", "coordinates": [[[127.5713072239469, 50.299882339304105], [127.57131530441836, 50.299612615666945], [127.57215749414446, 50.2996229641008], [127.57214941843237, 50.29989268783644], [127.5713072239469, 50.299882339304105]]]}}, {"id": "344", "type": "Feature", "properties": {"contour_id": "water_pre_0345", "area_ha": 0.17, "pair_id": "baseline_2018_09_low__blagoveshchensk", "layer": "water_pre", "aoi_name": "Благовещенск — слияние Амура и Зеи", "event_name": "Контрольный период межени, сентябрь 2018", "date_peak": "2018-09-15"}, "geometry": {"type": "Polygon", "coordinates": [[[127.77902044181421, 50.45181736454684], [127.77916821077127, 50.45154910293014], [127.77987233978855, 50.45155648825873], [127.77986540140164, 50.45182622753669], [127.77902044181421, 50.45181736454684]]]}}, {"id": "345", "type": "Feature", "properties": {"contour_id": "water_pre_0346", "area_ha": 0.17, "pair_id": "baseline_2018_09_low__blagoveshchensk", "layer": "water_pre", "aoi_name": "Благовещенск — слияние Амура и Зеи", "event_name": "Контрольный период межени, сентябрь 2018", "date_peak": "2018-09-15"}, "geometry": {"type": "Polygon", "coordinates": [[[127.42820595093637, 50.27051297395244], [127.42793429260522, 50.27023947184427], [127.42877886798212, 50.270160951628974], [127.42876999080727, 50.27043065905037], [127.42820595093637, 50.27051297395244]]]}}, {"id": "346", "type": "Feature", "properties": {"contour_id": "water_pre_0347", "area_ha": 0.17, "pair_id": "baseline_2018_09_low__blagoveshchensk", "layer": "water_pre", "aoi_name": "Благовещенск — слияние Амура и Зеи", "event_name": "Контрольный период межени, сентябрь 2018", "date_peak": "2018-09-15"}, "geometry": {"type": "Polygon", "coordinates": [[[127.64123368254133, 50.250623722356764], [127.64124646855322, 50.2501741657606], [127.64167225275067, 50.24999926128168], [127.64165435796258, 50.25062864063596], [127.64123368254133, 50.250623722356764]]]}}, {"id": "347", "type": "Feature", "properties": {"contour_id": "water_pre_0348", "area_ha": 0.16, "pair_id": "baseline_2018_09_low__blagoveshchensk", "layer": "water_pre", "aoi_name": "Благовещенск — слияние Амура и Зеи", "event_name": "Контрольный период межени, сентябрь 2018", "date_peak": "2018-09-15"}, "geometry": {"type": "Polygon", "coordinates": [[[127.71259651452507, 50.23110961867275], [127.71204067156913, 50.23092357636576], [127.71204793842968, 50.23065383378394], [127.71260862075178, 50.23066004761195], [127.71259651452507, 50.23110961867275]]]}}, {"id": "348", "type": "Feature", "properties": {"contour_id": "water_pre_0349", "area_ha": 0.16, "pair_id": "baseline_2018_09_low__blagoveshchensk", "layer": "water_pre", "aoi_name": "Благовещенск — слияние Амура и Зеи", "event_name": "Контрольный период межени, сентябрь 2018", "date_peak": "2018-09-15"}, "geometry": {"type": "Polygon", "coordinates": [[[127.35395300082178, 50.41734963649362], [127.35396234916904, 50.41707994582313], [127.35482210611082, 50.41664240402544], [127.3545220238443, 50.41717780533603], [127.35395300082178, 50.41734963649362]]]}}, {"id": "349", "type": "Feature", "properties": {"contour_id": "water_pre_0350", "area_ha": 0.16, "pair_id": "baseline_2018_09_low__blagoveshchensk", "layer": "water_pre", "aoi_name": "Благовещенск — слияние Амура и Зеи", "event_name": "Контрольный период межени, сентябрь 2018", "date_peak": "2018-09-15"}, "geometry": {"type": "Polygon", "coordinates": [[[127.41107981265809, 50.13140712140811], [127.41080306695723, 50.13131338907914], [127.4108120014675, 50.13104367750142], [127.41165116706739, 50.13105516075364], [127.41107981265809, 50.13140712140811]]]}}, {"id": "350", "type": "Feature", "properties": {"contour_id": "water_pre_0351", "area_ha": 0.16, "pair_id": "baseline_2018_09_low__blagoveshchensk", "layer": "water_pre", "aoi_name": "Благовещенск — слияние Амура и Зеи", "event_name": "Контрольный период межени, сентябрь 2018", "date_peak": "2018-09-15"}, "geometry": {"type": "Polygon", "coordinates": [[[127.81868766181476, 50.43711737329672], [127.81841504616247, 50.43675485583771], [127.81911896581231, 50.43676200220577], [127.81896923181868, 50.43712023170996], [127.81868766181476, 50.43711737329672]]]}}, {"id": "351", "type": "Feature", "properties": {"contour_id": "water_pre_0352", "area_ha": 0.15, "pair_id": "baseline_2018_09_low__blagoveshchensk", "layer": "water_pre", "aoi_name": "Благовещенск — слияние Амура и Зеи", "event_name": "Контрольный период межени, сентябрь 2018", "date_peak": "2018-09-15"}, "geometry": {"type": "Polygon", "coordinates": [[[127.71189080985587, 50.231281679206646], [127.71119479591573, 50.231094078785176], [127.71217842087363, 50.231015044287], [127.71189080985587, 50.231281679206646]]]}}, {"id": "352", "type": "Feature", "properties": {"contour_id": "water_pre_0353", "area_ha": 0.14, "pair_id": "baseline_2018_09_low__blagoveshchensk", "layer": "water_pre", "aoi_name": "Благовещенск — слияние Амура и Зеи", "event_name": "Контрольный период межени, сентябрь 2018", "date_peak": "2018-09-15"}, "geometry": {"type": "Polygon", "coordinates": [[[127.69374205602207, 50.22325417212348], [127.69276347923272, 50.223153224399454], [127.69277085280875, 50.222883483513016], [127.69374205602207, 50.22325417212348]]]}}, {"id": "353", "type": "Feature", "properties": {"contour_id": "water_pre_0354", "area_ha": 0.14, "pair_id": "baseline_2018_09_low__blagoveshchensk", "layer": "water_pre", "aoi_name": "Благовещенск — слияние Амура и Зеи", "event_name": "Контрольный период межени, сентябрь 2018", "date_peak": "2018-09-15"}, "geometry": {"type": "Polygon", "coordinates": [[[127.37746629149918, 50.45014853141756], [127.37734394702956, 50.44960718325677], [127.37776940810141, 50.44952317591098], [127.37775710968451, 50.44988276572038], [127.37746629149918, 50.45014853141756]]]}}, {"id": "354", "type": "Feature", "properties": {"contour_id": "water_pre_0355", "area_ha": 0.14, "pair_id": "baseline_2018_09_low__blagoveshchensk", "layer": "water_pre", "aoi_name": "Благовещенск — слияние Амура и Зеи", "event_name": "Контрольный период межени, сентябрь 2018", "date_peak": "2018-09-15"}, "geometry": {"type": "Polygon", "coordinates": [[[127.77258178786452, 50.36307071244782], [127.77245514161855, 50.362529743425775], [127.77218097798803, 50.362257032960294], [127.7724621000571, 50.362260000731425], [127.77273162737113, 50.36271253902016], [127.77258178786452, 50.36307071244782]]]}}, {"id": "355", "type": "Feature", "properties": {"contour_id": "water_pre_0356", "area_ha": 0.13, "pair_id": "baseline_2018_09_low__blagoveshchensk", "layer": "water_pre", "aoi_name": "Благовещенск — слияние Амура и Зеи", "event_name": "Контрольный период межени, сентябрь 2018", "date_peak": "2018-09-15"}, "geometry": {"type": "Polygon", "coordinates": [[[127.60719425438297, 50.33557455358293], [127.60692382716057, 50.33521155284317], [127.60776403088774, 50.33531155720353], [127.60776140278878, 50.335401465938965], [127.60719425438297, 50.33557455358293]], [[127.60720214189936, 50.33530482744514], [127.6073399852326, 50.33539641885863], [127.60734261412644, 50.335306510139205], [127.60720214189936, 50.33530482744514]]]}}, {"id": "356", "type": "Feature", "properties": {"contour_id": "water_pre_0357", "area_ha": 0.13, "pair_id": "baseline_2018_09_low__blagoveshchensk", "layer": "water_pre", "aoi_name": "Благовещенск — слияние Амура и Зеи", "event_name": "Контрольный период межени, сентябрь 2018", "date_peak": "2018-09-15"}, "geometry": {"type": "Polygon", "coordinates": [[[127.74242194821187, 50.34979726019772], [127.74242907365056, 50.3495275199799], [127.74214802996211, 50.34952448017205], [127.7420146358532, 50.34925321982577], [127.74257434521459, 50.34934921280026], [127.74242194821187, 50.34979726019772]]]}}, {"id": "357", "type": "Feature", "properties": {"contour_id": "water_pre_0358", "area_ha": 0.13, "pair_id": "baseline_2018_09_low__blagoveshchensk", "layer": "water_pre", "aoi_name": "Благовещенск — слияние Амура и Зеи", "event_name": "Контрольный период межени, сентябрь 2018", "date_peak": "2018-09-15"}, "geometry": {"type": "Polygon", "coordinates": [[[127.60193723349127, 50.347113738868536], [127.60166414215438, 50.34684063471733], [127.60166942349578, 50.34666081806716], [127.602361393158, 50.347028898029805], [127.60193723349127, 50.347113738868536]]]}}, {"id": "358", "type": "Feature", "properties": {"contour_id": "water_pre_0359", "area_ha": 0.13, "pair_id": "baseline_2018_09_low__blagoveshchensk", "layer": "water_pre", "aoi_name": "Благовещенск — слияние Амура и Зеи", "event_name": "Контрольный период межени, сентябрь 2018", "date_peak": "2018-09-15"}, "geometry": {"type": "Polygon", "coordinates": [[[127.72235141987146, 50.306767244312375], [127.72236346664684, 50.30631767741912], [127.72278223836614, 50.30641221912749], [127.72277501268212, 50.30668195930748], [127.72235141987146, 50.306767244312375]]]}}, {"id": "359", "type": "Feature", "properties": {"contour_id": "water_pre_0360", "area_ha": 0.13, "pair_id": "baseline_2018_09_low__blagoveshchensk", "layer": "water_pre", "aoi_name": "Благовещенск — слияние Амура и Зеи", "event_name": "Контрольный период межени, сентябрь 2018", "date_peak": "2018-09-15"}, "geometry": {"type": "Polygon", "coordinates": [[[127.67526041182357, 50.313435343902015], [127.67569913256932, 50.31281076205571], [127.67583954249525, 50.31281236149205], [127.67582455656165, 50.31335183119472], [127.67526041182357, 50.313435343902015]]]}}, {"id": "360", "type": "Feature", "properties": {"contour_id": "water_pre_0361", "area_ha": 0.12, "pair_id": "baseline_2018_09_low__blagoveshchensk", "layer": "water_pre", "aoi_name": "Благовещенск — слияние Амура и Зеи", "event_name": "Контрольный период межени, сентябрь 2018", "date_peak": "2018-09-15"}, "geometry": {"type": "Polygon", "coordinates": [[[127.35482210611082, 50.41664240402544], [127.35497525875468, 50.41628480608769], [127.3555380393309, 50.41629276369403], [127.35553181325336, 50.41647255764253], [127.35482210611082, 50.41664240402544]]]}}, {"id": "361", "type": "Feature", "properties": {"contour_id": "water_pre_0362", "area_ha": 0.12, "pair_id": "baseline_2018_09_low__blagoveshchensk", "layer": "water_pre", "aoi_name": "Благовещенск — слияние Амура и Зеи", "event_name": "Контрольный период межени, сентябрь 2018", "date_peak": "2018-09-15"}, "geometry": {"type": "Polygon", "coordinates": [[[127.7720404169712, 50.36225554881998], [127.77191145843665, 50.36180449341727], [127.77246905838962, 50.361990258023795], [127.77246441951304, 50.362170086497024], [127.7720404169712, 50.36225554881998]]]}}, {"id": "362", "type": "Feature", "properties": {"contour_id": "water_pre_0363", "area_ha": 0.11, "pair_id": "baseline_2018_09_low__blagoveshchensk", "layer": "water_pre", "aoi_name": "Благовещенск — слияние Амура и Зеи", "event_name": "Контрольный период межени, сентябрь 2018", "date_peak": "2018-09-15"}, "geometry": {"type": "Polygon", "coordinates": [[[127.3418928800596, 50.31113691452073], [127.3419116427394, 50.31059752654206], [127.34219240694465, 50.310601531229224], [127.34217677406241, 50.31105102127881], [127.3418928800596, 50.31113691452073]]]}}, {"id": "363", "type": "Feature", "properties": {"contour_id": "water_pre_0364", "area_ha": 0.1, "pair_id": "baseline_2018_09_low__blagoveshchensk", "layer": "water_pre", "aoi_name": "Благовещенск — слияние Амура и Зеи", "event_name": "Контрольный период межени, сентябрь 2018", "date_peak": "2018-09-15"}, "geometry": {"type": "Polygon", "coordinates": [[[127.51732453695244, 50.24766965536584], [127.51676928363821, 50.247482684592946], [127.51733290716864, 50.24739993575806], [127.51732453695244, 50.24766965536584]]]}}, {"id": "364", "type": "Feature", "properties": {"contour_id": "water_pre_0365", "area_ha": 0.09, "pair_id": "baseline_2018_09_low__blagoveshchensk", "layer": "water_pre", "aoi_name": "Благовещенск — слияние Амура и Зеи", "event_name": "Контрольный период межени, сентябрь 2018", "date_peak": "2018-09-15"}, "geometry": {"type": "Polygon", "coordinates": [[[127.34202657303364, 50.42833293979804], [127.34203913264481, 50.4279733550778], [127.34246131919862, 50.42797937146756], [127.34245504102226, 50.42815916386894], [127.34202657303364, 50.42833293979804]]]}}, {"id": "365", "type": "Feature", "properties": {"contour_id": "water_pre_0366", "area_ha": 0.09, "pair_id": "baseline_2018_09_low__blagoveshchensk", "layer": "water_pre", "aoi_name": "Благовещенск — слияние Амура и Зеи", "event_name": "Контрольный период межени, сентябрь 2018", "date_peak": "2018-09-15"}, "geometry": {"type": "Polygon", "coordinates": [[[127.7621607546636, 50.21761745967691], [127.7621677354914, 50.21734771126639], [127.76258813835501, 50.21735218966954], [127.76258115989665, 50.21762193812268], [127.7621607546636, 50.21761745967691]]]}}, {"id": "366", "type": "Feature", "properties": {"contour_id": "water_pre_0367", "area_ha": 0.09, "pair_id": "baseline_2018_09_low__blagoveshchensk", "layer": "water_pre", "aoi_name": "Благовещенск — слияние Амура и Зеи", "event_name": "Контрольный период межени, сентябрь 2018", "date_peak": "2018-09-15"}, "geometry": {"type": "Polygon", "coordinates": [[[127.71903041824223, 50.18459111606458], [127.71904003898351, 50.18423145541759], [127.719322513706, 50.1841446285668], [127.71931049043745, 50.18459420442821], [127.71903041824223, 50.18459111606458]]]}}, {"id": "367", "type": "Feature", "properties": {"contour_id": "water_pre_0368", "area_ha": 0.09, "pair_id": "baseline_2018_09_low__blagoveshchensk", "layer": "water_pre", "aoi_name": "Благовещенск — слияние Амура и Зеи", "event_name": "Контрольный период межени, сентябрь 2018", "date_peak": "2018-09-15"}, "geometry": {"type": "Polygon", "coordinates": [[[127.76257418133224, 50.2178916865625], [127.76258115989665, 50.21762193812268], [127.76300156523577, 50.2176264150477], [127.76299458904079, 50.2178961635301], [127.76257418133224, 50.2178916865625]]]}}, {"id": "368", "type": "Feature", "properties": {"contour_id": "water_pre_0369", "area_ha": 0.09, "pair_id": "baseline_2018_09_low__blagoveshchensk", "layer": "water_pre", "aoi_name": "Благовещенск — слияние Амура и Зеи", "event_name": "Контрольный период межени, сентябрь 2018", "date_peak": "2018-09-15"}, "geometry": {"type": "Polygon", "coordinates": [[[127.45235959178729, 50.278662127816474], [127.45236833826938, 50.27839241775261], [127.45278922312832, 50.27839802184144], [127.45278047902256, 50.27866773195861], [127.45235959178729, 50.278662127816474]]]}}, {"id": "369", "type": "Feature", "properties": {"contour_id": "water_pre_0370", "area_ha": 0.09, "pair_id": "baseline_2018_09_low__blagoveshchensk", "layer": "water_pre", "aoi_name": "Благовещенск — слияние Амура и Зеи", "event_name": "Контрольный период межени, сентябрь 2018", "date_peak": "2018-09-15"}, "geometry": {"type": "Polygon", "coordinates": [[[127.76903878640714, 50.35871620312639], [127.76876233794114, 50.35853339890102], [127.76890986537634, 50.358265144402424], [127.76918863820556, 50.35835803409493], [127.7690434376574, 50.35853637477676], [127.76932453742093, 50.35853934997324], [127.76903878640714, 50.35871620312639]]]}}, {"id": "370", "type": "Feature", "properties": {"contour_id": "water_pre_0371", "area_ha": 0.09, "pair_id": "baseline_2018_09_low__blagoveshchensk", "layer": "water_pre", "aoi_name": "Благовещенск — слияние Амура и Зеи", "event_name": "Контрольный период межени, сентябрь 2018", "date_peak": "2018-09-15"}, "geometry": {"type": "Polygon", "coordinates": [[[127.51733290716864, 50.24739993575806], [127.51734127725759, 50.247130216136675], [127.51776189934719, 50.24713558256996], [127.51775353163069, 50.2474053022424], [127.51733290716864, 50.24739993575806]]]}}, {"id": "371", "type": "Feature", "properties": {"contour_id": "water_pre_0372", "area_ha": 0.09, "pair_id": "baseline_2018_09_low__blagoveshchensk", "layer": "water_pre", "aoi_name": "Благовещенск — слияние Амура и Зеи", "event_name": "Контрольный период межени, сентябрь 2018", "date_peak": "2018-09-15"}, "geometry": {"type": "Polygon", "coordinates": [[[127.55982357032703, 50.17786927262921], [127.55983438398117, 50.17750963532611], [127.5603890039303, 50.17769639693188], [127.5603835991766, 50.17787621562443], [127.55982357032703, 50.17786927262921]]]}}, {"id": "372", "type": "Feature", "properties": {"contour_id": "water_pre_0373", "area_ha": 0.09, "pair_id": "baseline_2018_09_low__blagoveshchensk", "layer": "water_pre", "aoi_name": "Благовещенск — слияние Амура и Зеи", "event_name": "Контрольный период межени, сентябрь 2018", "date_peak": "2018-09-15"}, "geometry": {"type": "Polygon", "coordinates": [[[127.71556354162293, 50.43350638121709], [127.71557084086055, 50.43323664771012], [127.71599314498576, 50.43324130906812], [127.71598584814643, 50.4335110426195], [127.71556354162293, 50.43350638121709]]]}}, {"id": "373", "type": "Feature", "properties": {"contour_id": "water_pre_0374", "area_ha": 0.09, "pair_id": "baseline_2018_09_low__blagoveshchensk", "layer": "water_pre", "aoi_name": "Благовещенск — слияние Амура и Зеи", "event_name": "Контрольный период межени, сентябрь 2018", "date_peak": "2018-09-15"}, "geometry": {"type": "Polygon", "coordinates": [[[127.54942355991662, 50.24375759773243], [127.54943174782636, 50.24348787406898], [127.54985234389694, 50.24349312408615], [127.54984415835928, 50.243762847799545], [127.54942355991662, 50.24375759773243]]]}}, {"id": "374", "type": "Feature", "properties": {"contour_id": "water_pre_0375", "area_ha": 0.08, "pair_id": "baseline_2018_09_low__blagoveshchensk", "layer": "water_pre", "aoi_name": "Благовещенск — слияние Амура и Зеи", "event_name": "Контрольный период межени, сентябрь 2018", "date_peak": "2018-09-15"}, "geometry": {"type": "Polygon", "coordinates": [[[127.36232970267027, 50.452005088097025], [127.36233901490208, 50.45173539790981], [127.36275831392834, 50.45183123940734], [127.36275210735757, 50.4520110329017], [127.36232970267027, 50.452005088097025]]]}}, {"id": "375", "type": "Feature", "properties": {"contour_id": "water_pre_0376", "area_ha": 0.08, "pair_id": "baseline_2018_09_low__blagoveshchensk", "layer": "water_pre", "aoi_name": "Благовещенск — слияние Амура и Зеи", "event_name": "Контрольный период межени, сентябрь 2018", "date_peak": "2018-09-15"}, "geometry": {"type": "Polygon", "coordinates": [[[127.30869878493957, 50.442963267320344], [127.30870519430195, 50.44278347847866], [127.30913070926452, 50.442699722663264], [127.30912109764319, 50.44296940598657], [127.30869878493957, 50.442963267320344]]]}}, {"id": "376", "type": "Feature", "properties": {"contour_id": "water_pre_0377", "area_ha": 0.08, "pair_id": "baseline_2018_09_low__blagoveshchensk", "layer": "water_pre", "aoi_name": "Благовещенск — слияние Амура и Зеи", "event_name": "Контрольный период межени, сентябрь 2018", "date_peak": "2018-09-15"}, "geometry": {"type": "Polygon", "coordinates": [[[127.58303716562305, 50.24534161371256], [127.58290495891544, 50.24507017632493], [127.58332557506715, 50.24507530531679], [127.58331757798601, 50.24534503290389], [127.58303716562305, 50.24534161371256]]]}}, {"id": "377", "type": "Feature", "properties": {"contour_id": "water_pre_0378", "area_ha": 0.08, "pair_id": "baseline_2018_09_low__blagoveshchensk", "layer": "water_pre", "aoi_name": "Благовещенск — слияние Амура и Зеи", "event_name": "Контрольный период межени, сентябрь 2018", "date_peak": "2018-09-15"}, "geometry": {"type": "Polygon", "coordinates": [[[127.69232828455004, 50.22368797462304], [127.69233566072018, 50.22341823380838], [127.69289379618677, 50.22351445571559], [127.6928888808342, 50.223694282963876], [127.69232828455004, 50.22368797462304]]]}}, {"id": "378", "type": "Feature", "properties": {"contour_id": "water_pre_0379", "area_ha": 0.08, "pair_id": "baseline_2018_09_low__blagoveshchensk", "layer": "water_pre", "aoi_name": "Благовещенск — слияние Амура и Зеи", "event_name": "Контрольный период межени, сентябрь 2018", "date_peak": "2018-09-15"}, "geometry": {"type": "Polygon", "coordinates": [[[127.61058971194899, 50.20942780761122], [127.61073764691838, 50.209159750760804], [127.61115795234974, 50.20916477643005], [127.61086991710872, 50.20943115859593], [127.61058971194899, 50.20942780761122]]]}}, {"id": "379", "type": "Feature", "properties": {"contour_id": "water_pre_0380", "area_ha": 0.06, "pair_id": "baseline_2018_09_low__blagoveshchensk", "layer": "water_pre", "aoi_name": "Благовещенск — слияние Амура и Зеи", "event_name": "Контрольный период межени, сентябрь 2018", "date_peak": "2018-09-15"}, "geometry": {"type": "Polygon", "coordinates": [[[127.60278546512762, 50.32778678952543], [127.60265292642981, 50.32751537552918], [127.60307163722297, 50.3276103477015], [127.60306636473982, 50.3277901650514], [127.60278546512762, 50.32778678952543]]]}}, {"id": "380", "type": "Feature", "properties": {"contour_id": "water_pre_0381", "area_ha": 0.06, "pair_id": "baseline_2018_09_low__blagoveshchensk", "layer": "water_pre", "aoi_name": "Благовещенск — слияние Амура и Зеи", "event_name": "Контрольный период межени, сентябрь 2018", "date_peak": "2018-09-15"}, "geometry": {"type": "Polygon", "coordinates": [[[127.35782406151993, 50.45194158148423], [127.35783028675179, 50.45176178843087], [127.3582558001147, 50.45167785299771], [127.35824646468991, 50.451947542636816], [127.35782406151993, 50.45194158148423]]]}}, {"id": "381", "type": "Feature", "properties": {"contour_id": "water_pre_0382", "area_ha": 0.06, "pair_id": "baseline_2018_09_low__blagoveshchensk", "layer": "water_pre", "aoi_name": "Благовещенск — слияние Амура и Зеи", "event_name": "Контрольный период межени, сентябрь 2018", "date_peak": "2018-09-15"}, "geometry": {"type": "Polygon", "coordinates": [[[127.6913449744392, 50.13148639047899], [127.69135233208263, 50.13121664546596], [127.69163208957652, 50.13121979813414], [127.6916247335049, 50.13148954317713], [127.6913449744392, 50.13148639047899]]]}}, {"id": "382", "type": "Feature", "properties": {"contour_id": "water_pre_0383", "area_ha": 0.06, "pair_id": "baseline_2018_09_low__blagoveshchensk", "layer": "water_pre", "aoi_name": "Благовещенск — слияние Амура и Зеи", "event_name": "Контрольный период межени, сентябрь 2018", "date_peak": "2018-09-15"}, "geometry": {"type": "Polygon", "coordinates": [[[127.69252298597199, 50.452046787950664], [127.69280958673039, 50.45187013215963], [127.69323205290232, 50.451874877379566], [127.69294545366881, 50.45205153422291], [127.69252298597199, 50.452046787950664]]]}}, {"id": "383", "type": "Feature", "properties": {"contour_id": "water_pre_0384", "area_ha": 0.06, "pair_id": "baseline_2018_09_low__blagoveshchensk", "layer": "water_pre", "aoi_name": "Благовещенск — слияние Амура и Зеи", "event_name": "Контрольный период межени, сентябрь 2018", "date_peak": "2018-09-15"}, "geometry": {"type": "Polygon", "coordinates": [[[127.3436050940462, 50.43555069594465], [127.34361450722336, 50.43528100752789], [127.34389914562205, 50.435195119076496], [127.3438897340907, 50.43546480753605], [127.3436050940462, 50.43555069594465]]]}}, {"id": "384", "type": "Feature", "properties": {"contour_id": "water_pre_0385", "area_ha": 0.06, "pair_id": "baseline_2018_09_low__blagoveshchensk", "layer": "water_pre", "aoi_name": "Благовещенск — слияние Амура и Зеи", "event_name": "Контрольный период межени, сентябрь 2018", "date_peak": "2018-09-15"}, "geometry": {"type": "Polygon", "coordinates": [[[127.55825972175329, 50.239100651627965], [127.55826514623418, 50.2389208350081], [127.55869112660302, 50.238746236056], [127.55868299231503, 50.2390159610422], [127.55825972175329, 50.239100651627965]]]}}, {"id": "385", "type": "Feature", "properties": {"contour_id": "water_pre_0386", "area_ha": 0.06, "pair_id": "baseline_2018_09_low__blagoveshchensk", "layer": "water_pre", "aoi_name": "Благовещенск — слияние Амура и Зеи", "event_name": "Контрольный период межени, сентябрь 2018", "date_peak": "2018-09-15"}, "geometry": {"type": "Polygon", "coordinates": [[[127.69442072689337, 50.44451330850581], [127.69400080096433, 50.44441865786732], [127.69442814916017, 50.44424357776434], [127.69442072689337, 50.44451330850581]]]}}, {"id": "386", "type": "Feature", "properties": {"contour_id": "water_pre_0387", "area_ha": 0.05, "pair_id": "baseline_2018_09_low__blagoveshchensk", "layer": "water_pre", "aoi_name": "Благовещенск — слияние Амура и Зеи", "event_name": "Контрольный период межени, сентябрь 2018", "date_peak": "2018-09-15"}, "geometry": {"type": "Polygon", "coordinates": [[[127.82737345072522, 50.18771410170014], [127.82709995664337, 50.18744151748938], [127.82738005683365, 50.187444345427195], [127.82737345072522, 50.18771410170014]]]}}, {"id": "387", "type": "Feature", "properties": {"contour_id": "water_pre_0388", "area_ha": 0.05, "pair_id": "baseline_2018_09_low__blagoveshchensk", "layer": "water_pre", "aoi_name": "Благовещенск — слияние Амура и Зеи", "event_name": "Контрольный период межени, сентябрь 2018", "date_peak": "2018-09-15"}, "geometry": {"type": "Polygon", "coordinates": [[[127.75863150863188, 50.342686373650906], [127.75863854046801, 50.34241663143517], [127.7589172005736, 50.342509545170955], [127.75891251373145, 50.342689373332334], [127.75863150863188, 50.342686373650906]]]}}, {"id": "388", "type": "Feature", "properties": {"contour_id": "water_pre_0389", "area_ha": 0.05, "pair_id": "baseline_2018_09_low__blagoveshchensk", "layer": "water_pre", "aoi_name": "Благовещенск — слияние Амура и Зеи", "event_name": "Контрольный период межени, сентябрь 2018", "date_peak": "2018-09-15"}, "geometry": {"type": "Polygon", "coordinates": [[[127.69513709224505, 50.444071654410656], [127.69528283614186, 50.44389341276147], [127.6955644331765, 50.44389657006781], [127.69555948937793, 50.44407639065571], [127.69513709224505, 50.444071654410656]]]}}, {"id": "389", "type": "Feature", "properties": {"contour_id": "water_pre_0390", "area_ha": 0.05, "pair_id": "baseline_2018_09_low__blagoveshchensk", "layer": "water_pre", "aoi_name": "Благовещенск — слияние Амура и Зеи", "event_name": "Контрольный период межени, сентябрь 2018", "date_peak": "2018-09-15"}, "geometry": {"type": "Polygon", "coordinates": [[[127.74551252309962, 50.36053338360051], [127.74552200392543, 50.360173730215465], [127.74566255738327, 50.360175246358246], [127.7457960018442, 50.360446502401075], [127.74551252309962, 50.36053338360051]]]}}, {"id": "390", "type": "Feature", "properties": {"contour_id": "water_pre_0391", "area_ha": 0.05, "pair_id": "baseline_2018_09_low__blagoveshchensk", "layer": "water_pre", "aoi_name": "Благовещенск — слияние Амура и Зеи", "event_name": "Контрольный период межени, сентябрь 2018", "date_peak": "2018-09-15"}, "geometry": {"type": "Polygon", "coordinates": [[[127.6965753116535, 50.2633097194567], [127.69658022003249, 50.263129893176846], [127.696998561658, 50.26322452512581], [127.69699610825407, 50.263314438279956], [127.6965753116535, 50.2633097194567]]]}}, {"id": "391", "type": "Feature", "properties": {"contour_id": "water_pre_0392", "area_ha": 0.05, "pair_id": "baseline_2018_09_low__blagoveshchensk", "layer": "water_pre", "aoi_name": "Благовещенск — слияние Амура и Зеи", "event_name": "Контрольный период межени, сентябрь 2018", "date_peak": "2018-09-15"}, "geometry": {"type": "Polygon", "coordinates": [[[127.75100880985646, 50.38145832897067], [127.75101589460158, 50.38118858934371], [127.75129712630772, 50.381191609087104], [127.75129240421914, 50.381371435525736], [127.75100880985646, 50.38145832897067]]]}}, {"id": "392", "type": "Feature", "properties": {"contour_id": "water_pre_0393", "area_ha": 0.05, "pair_id": "baseline_2018_09_low__blagoveshchensk", "layer": "water_pre", "aoi_name": "Благовещенск — слияние Амура и Зеи", "event_name": "Контрольный период межени, сентябрь 2018", "date_peak": "2018-09-15"}, "geometry": {"type": "Polygon", "coordinates": [[[127.5862048203763, 50.16668073108237], [127.58607545673127, 50.166319384873795], [127.58635540683993, 50.16632279286401], [127.5862048203763, 50.16668073108237]]]}}, {"id": "393", "type": "Feature", "properties": {"contour_id": "water_pre_0394", "area_ha": 0.05, "pair_id": "baseline_2018_09_low__blagoveshchensk", "layer": "water_pre", "aoi_name": "Благовещенск — слияние Амура и Зеи", "event_name": "Контрольный период межени, сентябрь 2018", "date_peak": "2018-09-15"}, "geometry": {"type": "Polygon", "coordinates": [[[127.74015901977207, 50.33969957645542], [127.7395994285594, 50.33960357258126], [127.74016377691919, 50.33951974948732], [127.74015901977207, 50.33969957645542]]]}}], "name": "baseline_2018_09_low__blagoveshchensk_water_pre"}