{"type": "FeatureCollection", "features": [{"id": "0", "type": "Feature", "properties": {"area_ha": 4370.15, "pair_id": "baseline_2018_09_low__svobodny", "layer": "water_pre", "aoi_name": "Свободный — среднее течение Зеи", "event_name": "Контрольный период межени, сентябрь 2018", "date_peak": "2018-09-15"}, "geometry": {"type": "MultiPolygon", "coordinates": [[[[128.11099197413816, 51.216531828083845], [128.1139966536124, 51.2166445392965], [128.11414326728016, 51.21646580131375], [128.11113686762346, 51.216443004741805], [128.11099197413816, 51.216531828083845]]], [[[128.11428470398343, 51.21655679583762], [128.11413981614743, 51.216645623103396], [128.1142829786914, 51.21664670673519], [128.11428470398343, 51.21655679583762]]], [[[128.09735190865138, 51.22577950622446], [128.0985062136576, 51.22533878391635], [128.09822335012083, 51.225156756873275], [128.09851148332837, 51.22506905278189], [128.09794224646066, 51.22488481878366], [128.09706552823192, 51.22577729708434], [128.09734663206908, 51.22604923723997], [128.09735190865138, 51.22577950622446]]], [[[128.02803188745614, 51.226033640193435], [128.02817318198032, 51.22612473786884], [128.02817507563114, 51.22603482931056], [128.02803188745614, 51.226033640193435]]], [[[128.06645759647583, 51.22382858876525], [128.06688896337178, 51.22374210485273], [128.0666080538735, 51.22347009243942], [128.06703578161245, 51.22356342717514], [128.06718259870948, 51.223384749302056], [128.06705214116727, 51.22275424060926], [128.06762485971439, 51.22275880487134], [128.06807437123166, 51.221773219987796], [128.0687975113024, 51.221419279798475], [128.06910381190994, 51.22043255120913], [128.06853475127767, 51.22024817493087], [128.06838613459325, 51.22051676436793], [128.06752709837437, 51.22050992272439], [128.0675307315863, 51.2203301033781], [128.06796024798064, 51.22033352496609], [128.06798203642796, 51.219254608636675], [128.06884104939473, 51.21926144682223], [128.06886281642042, 51.218182530024066], [128.06929231299338, 51.21818594662183], [128.06929775203025, 51.21791621735726], [128.07015674041043, 51.217923045759356], [128.07016760819565, 51.21738358706064], [128.0710265868759, 51.21739040902807], [128.07103201562444, 51.21712067959399], [128.07146150258157, 51.2171240881811], [128.07147235480895, 51.21658462920888], [128.07233131893932, 51.21659144152475], [128.0723367399094, 51.21632171195401], [128.07276260729336, 51.216504935452456], [128.07319930994578, 51.21614869813653], [128.0620329068592, 51.21605972971341], [128.0620237716024, 51.216509277693326], [128.06159429151953, 51.21650583450152], [128.06157601193632, 51.21740493024373], [128.06070422732125, 51.218027405692396], [128.06054459204142, 51.21883544222224], [128.0601132595478, 51.218921902997764], [128.06010776664425, 51.21919163150912], [128.05967826183894, 51.21918818115789], [128.0598122722818, 51.21963887890354], [128.05938093092306, 51.21972533692187], [128.05936993615666, 51.22026479374389], [128.05864490883351, 51.220708584904706], [128.05878441444332, 51.22088955537063], [128.05849439899612, 51.22106707088471], [128.05892208772443, 51.22116043511176], [128.05834755589552, 51.22124573779108], [128.058340217639, 51.22160537547754], [128.05790885516515, 51.22169182793106], [128.0580446904412, 51.222052618056004], [128.05775099325606, 51.222409950434034], [128.05717276991552, 51.22267506600045], [128.05701856754408, 51.22321336859688], [128.05673220629996, 51.22321106085136], [128.05671015176696, 51.22428997297657], [128.05585104818323, 51.22428304527114], [128.0558344913277, 51.225092229030174], [128.05540493213388, 51.22508876271335], [128.05539388878307, 51.22562821842163], [128.0545347606114, 51.22562128092594], [128.0545181798833, 51.226430464192006], [128.0536608810071, 51.22633361096726], [128.05364797270502, 51.22696297550413], [128.0535121579283, 51.226602180680615], [128.05322577594416, 51.22659986424725], [128.0532183963674, 51.22695950107244], [128.0529320121899, 51.22695718390884], [128.0529264757339, 51.22722691149046], [128.05321470652197, 51.22713931947644], [128.05318518638808, 51.22857786650142], [128.05232600384457, 51.22857091250889], [128.0523093826351, 51.22938009484892], [128.05187978396003, 51.229376615387814], [128.05186869770367, 51.22991607014985], [128.05100949056813, 51.22990910636437], [128.05099654445172, 51.23053847003233], [128.05071568831056, 51.23026642006173], [128.04999782573495, 51.23035051933164], [128.04999227145493, 51.23062024652707], [128.04767874792196, 51.231680533443104], [128.04681765127256, 51.23176344769249], [128.04681393584713, 51.231943265614596], [128.04408182056326, 51.23246052717329], [128.04264973312578, 51.23244882167858], [128.04250279211547, 51.23262746784065], [128.04107256911112, 51.23252583420004], [128.04107817591725, 51.232256107793205], [128.04036213587932, 51.23225023887766], [128.03979866106178, 51.231795996720315], [128.04152461242057, 51.23145044764091], [128.04324307970919, 51.23146450845712], [128.0432486736137, 51.23119478183011], [128.04296412915022, 51.23110253126402], [128.0431110634453, 51.230923884441445], [128.03939150740874, 51.23071356591964], [128.03910135573707, 51.230891032351835], [128.03896377087003, 51.230620130207036], [128.03753174270238, 51.23060836239332], [128.0372509659809, 51.230336280535056], [128.03596778540486, 51.23005594536813], [128.03597342155877, 51.22978621925056], [128.0351142208262, 51.229779138794825], [128.03497854328518, 51.22941832336772], [128.0342625485691, 51.22941241737005], [128.03440951093992, 51.22923378157247], [128.03397991587138, 51.22923023641992], [128.03384236597978, 51.22895932836535], [128.03313014699697, 51.22877359816114], [128.0329831811843, 51.22895223234746], [128.03299071900332, 51.22859259776901], [128.03212965513862, 51.228675404159695], [128.032564900609, 51.228409230165404], [128.03213342735657, 51.22849558691008], [128.03214097167577, 51.22813595239357], [128.0312818026433, 51.22812884396751], [128.0315719666146, 51.22795139690692], [128.03000628122373, 51.227488809442804], [128.03015514364577, 51.22722027039468], [128.029439184056, 51.22721433507199], [128.02873836565527, 51.2264891268804], [128.02830879685877, 51.22648556104851], [128.028316370444, 51.22612592681458], [128.0278849108639, 51.22621226800109], [128.0278962760276, 51.225672816684025], [128.02746671493728, 51.22566924780187], [128.02704473720877, 51.22530604319438], [128.0270504245615, 51.22503631756753], [128.02676405451328, 51.22503393643931], [128.02663035241275, 51.22458320292932], [128.0262026990154, 51.224489720925455], [128.02635347066516, 51.22413127810712], [128.02564895039333, 51.22358586863384], [128.02579972328567, 51.22322742648133], [128.02551146592202, 51.223314950883385], [128.02566223896594, 51.22295650889252], [128.02538157857015, 51.222684398834325], [128.0254043642041, 51.22160549629604], [128.0249748412885, 51.22160191846986], [128.02512371344503, 51.221333385609604], [128.02483736653699, 51.22133099988962], [128.02498623859557, 51.22106246719153], [128.02456432214163, 51.22069925368915], [128.0245795243805, 51.21997998528278], [128.0241538188319, 51.21979658741702], [128.02416522500027, 51.219257136103096], [128.02388079260595, 51.219164839557024], [128.02374713493015, 51.218714102548795], [128.0229033707008, 51.217987665150105], [128.02261704473761, 51.21798527410865], [128.02248911511003, 51.21726481003107], [128.02164349125985, 51.21662827216438], [128.02165492547437, 51.216088820960294], [128.0212273608754, 51.215995321120865], [128.0213762362388, 51.21572679279322], [128.0092080191561, 51.21562440030871], [128.00920415936957, 51.21580421672482], [128.01006309333684, 51.21581148597189], [128.0100283835713, 51.21742983387528], [128.010887348001, 51.21743709723663], [128.01087964097255, 51.21779673013341], [128.01059138988663, 51.21788421789529], [128.0108757873987, 51.21797654657315], [128.01084688432806, 51.21932516968743], [128.0114195508969, 51.219330008750845], [128.01170010837674, 51.21960215188534], [128.01167122771562, 51.22095077495813], [128.01253025809652, 51.2209580266154], [128.0125014002957, 51.222306649711285], [128.0133604561281, 51.22231389541127], [128.01333738835706, 51.223392793932184], [128.01376692644558, 51.22339641455667], [128.0137553970442, 51.223935863808684], [128.01461448352768, 51.22394310046763], [128.0145856835621, 51.22529172371737], [128.0154447955007, 51.22529895441763], [128.01542752951215, 51.22610812841968], [128.01628665686712, 51.226115353022244], [128.01626365438375, 51.227194251787], [128.01712280217595, 51.22720147036064], [128.017105564441, 51.22801064450553], [128.01753514600142, 51.228014251531356], [128.01752940242235, 51.22828397625496], [128.01795898658202, 51.22828758173883], [128.01809261407115, 51.22873832447038], [128.01837900636937, 51.2287407269385], [128.01836561570946, 51.22937008468721], [128.0192248045567, 51.229377288048475], [128.0192076023473, 51.230186462400155], [128.02006680661322, 51.230193659662014], [128.0200496186698, 51.23100283410388], [128.02090883835479, 51.23101002526597], [128.02090311388466, 51.2312797501229], [128.02133272637087, 51.23128334337338], [128.02132700432304, 51.23155306825177], [128.020897389326, 51.231549474966876], [128.02089166467871, 51.23181919979788], [128.02132128218668, 51.23182279311722], [128.02131555996178, 51.23209251796968], [128.02217480026525, 51.232099699947014], [128.02216336559383, 51.2326391497507], [128.02302261629518, 51.23264632555864], [128.02300547869123, 51.23345550037323], [128.02429437800615, 51.23346625256852], [128.0242829675621, 51.23400570258614], [128.0259958259981, 51.23428974217207], [128.02599013060063, 51.234559467285635], [128.02713584727465, 51.23456899642485], [128.02726768591185, 51.235109637172485], [128.0289806042229, 51.235393633341474], [128.02897492605328, 51.235663358642654], [128.03111753293578, 51.235950887530855], [128.03111186714824, 51.236220612976695], [128.03197118684136, 51.23622772344616], [128.0319655259894, 51.236497448947176], [128.0332545137208, 51.236508102926194], [128.0332488603162, 51.236777828516345], [128.03539718750943, 51.23679555377815], [128.03539154657585, 51.23706527952516], [128.03839922589347, 51.23709002889461], [128.03839360245487, 51.23735975486581], [128.0389646242038, 51.237454368984494], [128.04183097556106, 51.237387945508075], [128.04182537212984, 51.23765767173645], [128.04268472129792, 51.237664703693945], [128.0426903197055, 51.2373949773982], [128.04483868158204, 51.237412529525194], [128.04484426734408, 51.23714280304835], [128.04613327797225, 51.237153315299224], [128.0461388561126, 51.23688358870872], [128.04785752811142, 51.23689758283059], [128.0478630961186, 51.23662785609308], [128.0482927618221, 51.23663135064751], [128.04829832723146, 51.23636162386358], [128.05002253613617, 51.236105859246734], [128.05002809132682, 51.23583613230317], [128.0504577499256, 51.235839618872326], [128.05046330251875, 51.23556989188241], [128.05132261495086, 51.23557686022302], [128.051328162435, 51.23530713315341], [128.0526171241923, 51.23531757373715], [128.05262820383416, 51.23477811935907], [128.0534875020551, 51.23478507173028], [128.05349303672457, 51.23451534445524], [128.0539226834521, 51.23451881824219], [128.05392821552454, 51.23424909092093], [128.05565231518614, 51.2339932426996], [128.0556578370421, 51.233723515219495], [128.05608747666318, 51.233726981022336], [128.05609851509624, 51.23318752595695], [128.0569577845495, 51.2331944526993], [128.0569743264915, 51.23238526980519], [128.05783358121903, 51.23239219004132], [128.05783909000687, 51.23212246231779], [128.0582687149874, 51.23212592003755], [128.05827422117895, 51.231856192267955], [128.05913346637345, 51.23186310291094], [128.05915547019993, 51.23078419143852], [128.059585082881, 51.230787644262556], [128.05959058111395, 51.230517916329056], [128.06044980170952, 51.23052481718091], [128.0604662808332, 51.22971563310452], [128.06132548670396, 51.229722527451464], [128.06133097455375, 51.2294527993341], [128.0617605751058, 51.22945624410961], [128.06177703061377, 51.22864705958097], [128.06263621690854, 51.22865394420423], [128.06265813631356, 51.22757503105461], [128.06337775872777, 51.22740094428867], [128.06324186647518, 51.22704016038397], [128.06395783039673, 51.22704588891986], [128.063970598122, 51.22641652252956], [128.06440563996134, 51.22615022896489], [128.06426609658396, 51.22596926516526], [128.06455247556192, 51.22597155456507], [128.06456341198364, 51.22543209747227], [128.06513980652608, 51.22525685501061], [128.0654371070845, 51.22471968495685], [128.0660116696001, 51.2246343476778], [128.06645759647583, 51.22382858876525]], [[128.06586848419602, 51.22463320487181], [128.06572893956854, 51.224452242763974], [128.06587212440547, 51.2244533857378], [128.06586848419602, 51.22463320487181]], [[128.0260652086635, 51.22421880383501], [128.02592392412055, 51.224127703639], [128.0260671062923, 51.22412889530352], [128.0260652086635, 51.22421880383501]], [[128.06546259960695, 51.223460951071694], [128.06532306006227, 51.22327998847044], [128.06546624124562, 51.22328113192225], [128.06546259960695, 51.223460951071694]], [[128.066774873052, 51.22230240932144], [128.06663896867997, 51.221941628990024], [128.06692350497383, 51.22203382209], [128.066774873052, 51.22230240932144]], [[128.06694168340505, 51.22113472569094], [128.066791236445, 51.22149322264032], [128.06664806075432, 51.22149208083772], [128.06665533424504, 51.22113244229003], [128.06694168340505, 51.22113472569094]]], [[[128.0790968409612, 51.2291443200315], [128.0792382465436, 51.22923535655974], [128.0792400408997, 51.22914544672457], [128.0790968409612, 51.2291443200315]]], [[[128.078951846118, 51.229233102991195], [128.07909325168188, 51.229324139693205], [128.0790950463262, 51.22923422986306], [128.078951846118, 51.229233102991195]]], [[[128.0872343490753, 51.23046700231798], [128.0875225361183, 51.23037932563381], [128.08723612792826, 51.230377092300834], [128.0872343490753, 51.23046700231798]]], [[[128.12427508812655, 51.23335780530437], [128.12428020864286, 51.23308807265801], [128.12399548814463, 51.232996018311425], [128.12442683567025, 51.232909322351176], [128.1241421159739, 51.232817268362425], [128.12401256145273, 51.23209690945143], [128.1235846370302, 51.23200378216409], [128.12345338502223, 51.23137333348131], [128.12288396959957, 51.23118922014169], [128.1227373421668, 51.23136796856533], [128.12231455874692, 51.231005104047995], [128.1216002337445, 51.23090982133986], [128.12145017781694, 51.231268389835314], [128.12187637962532, 51.231451435736986], [128.12186953391304, 51.23181107913254], [128.12272537385834, 51.2319973446466], [128.1227134051177, 51.232626720657805], [128.12385739742015, 51.23272521368511], [128.12356926363788, 51.23281298006494], [128.12355730606154, 51.23344235612997], [128.1239869511603, 51.233445572687806], [128.12426313994706, 51.23398718142916], [128.1245495734408, 51.233989324265195], [128.1246996144362, 51.23363075188802], [128.12427508812655, 51.23335780530437]]], [[[128.14033609334166, 51.24004129237799], [128.14047765381608, 51.240132255467095], [128.14047932949128, 51.2400423443056], [128.14033609334166, 51.24004129237799]]], [[[128.13103437580128, 51.25472004355415], [128.13000764839626, 51.25597134345465], [128.13116070985512, 51.255620214159094], [128.1310208157565, 51.25543932920179], [128.1314523608961, 51.255352608623255], [128.13189237105334, 51.25481633280953], [128.13103437580128, 51.25472004355415]], [[128.13116579415177, 51.25535048205032], [128.13088092274927, 51.25525844407701], [128.13116748889982, 51.25526057134455], [128.13116579415177, 51.25535048205032]], [[128.13103098584256, 51.25489986497463], [128.13117087836972, 51.2550807499287], [128.13102759584888, 51.25507968638941], [128.13103098584256, 51.25489986497463]], [[128.13044259277623, 51.255704805290215], [128.1303010048028, 51.2556138301707], [128.13044428895628, 51.25561489460715], [128.13044259277623, 51.255704805290215]]], [[[128.157057473223, 51.257877789870506], [128.15734241377046, 51.25796976441634], [128.15734405761586, 51.25787985313683], [128.157057473223, 51.257877789870506]]], [[[128.14688042085498, 51.25798391151949], [128.1470253769744, 51.25789504465882], [128.1468820851088, 51.25789400048341], [128.14688042085498, 51.25798391151949]]], [[[128.14374433328197, 51.264795172486515], [128.1440326299222, 51.26470735767886], [128.1437460040594, 51.264705261629125], [128.14374433328197, 51.264795172486515]]], [[[128.14453050588102, 51.27649090796302], [128.14424881813784, 51.27621908072093], [128.14426385209623, 51.27540988443432], [128.1439771596266, 51.275407788640486], [128.14399553966996, 51.274418770873446], [128.14328384078513, 51.274143796404196], [128.1430055201489, 51.273692144755756], [128.14329889057996, 51.273334600033024], [128.14301221109787, 51.27333250193668], [128.14257382403622, 51.273778906946156], [128.1428588332163, 51.27387091682525], [128.14270210489275, 51.27458915281146], [128.14298711932685, 51.274681162390486], [128.14295366060986, 51.276479375829155], [128.14352705876948, 51.276483571789164], [128.14408709051725, 51.27720705037139], [128.144233783481, 51.2770282768919], [128.14480718866523, 51.27703246661477], [128.14481219693806, 51.27676273453047], [128.14438214555477, 51.27675959253167], [128.14453050588102, 51.27649090796302]]], [[[128.11110598941428, 51.2775008363461], [128.11025803893682, 51.27686493406183], [128.11040659813256, 51.27659629372615], [128.1099817643951, 51.27632329576423], [128.1098505799586, 51.2756928368681], [128.1094240194034, 51.27550974677378], [128.1092771967873, 51.27568847603904], [128.10929632202192, 51.27469946745994], [128.1085848286243, 51.274424283076854], [128.1085743885831, 51.27496374224448], [128.10828944220535, 51.274871649227414], [128.10814087638295, 51.27514028692193], [128.10811127993875, 51.27666875405727], [128.10839797751686, 51.27667093770709], [128.10853610566554, 51.276941758751704], [128.1089696334111, 51.27676521274048], [128.10895919700405, 51.27730467174763], [128.11039096873938, 51.27740548255672], [128.11023893287347, 51.27785394253131], [128.1110990483435, 51.277860475853], [128.11110425416004, 51.27759074622498], [128.11081755064603, 51.27758856917389], [128.11110598941428, 51.2775008363461]], [[128.11039444200063, 51.27722566282662], [128.11025282829988, 51.277134663661585], [128.1103961786178, 51.27713575295941], [128.11039444200063, 51.27722566282662]]], [[[128.14421874812564, 51.277837472947226], [128.14507887106083, 51.27784375665927], [128.14494887082105, 51.27712342430201], [128.14437546448335, 51.27711923526772], [128.14421874812564, 51.277837472947226]], [[128.14465882816654, 51.277301151508695], [128.1445171460452, 51.277210193473316], [128.14466049790508, 51.27721124082298], [128.14465882816654, 51.277301151508695]]], [[[128.11605944884963, 51.28086549004618], [128.11620453650858, 51.280776662338695], [128.1160611746332, 51.28077558009744], [128.11605944884963, 51.28086549004618]]], [[[128.11492983174736, 51.279957726495354], [128.11379333867433, 51.279409591796764], [128.1138002590909, 51.27904995212329], [128.11280715653214, 51.27850289291739], [128.1120886498947, 51.278587369216645], [128.1122354710255, 51.27840863650545], [128.1119487623326, 51.278406462199655], [128.11195396327457, 51.27813673253482], [128.11138054935327, 51.27813238185902], [128.11153084064134, 51.27777383025975], [128.11124587094702, 51.27768174436821], [128.11108343041016, 51.278669664659844], [128.11165511672263, 51.278763926697174], [128.11178460006875, 51.279484293272404], [128.11278810408922, 51.27949190179171], [128.1127777113916, 51.28003136110476], [128.1132077897136, 51.2800346193287], [128.11320259576226, 51.28030434899715], [128.11363267668287, 51.280307605672796], [128.11362921568275, 51.28048742546541], [128.1140610280277, 51.280400770676316], [128.11404719045663, 51.28112004988419], [128.11462064198932, 51.28112438767998], [128.11489181496893, 51.281935744711326], [128.1157468283491, 51.28221197398587], [128.11574164886508, 51.282481703738384], [128.1178921574129, 51.282497925178625], [128.11788699044135, 51.28276765507374], [128.1191721445904, 51.283047099050314], [128.11916182535896, 51.28358655896241], [128.12002204996696, 51.28359302725079], [128.12001689526875, 51.283862757249516], [128.12044357538056, 51.28404580906774], [128.12087540866216, 51.28395912929826], [128.1208668256726, 51.284408679363644], [128.12129694581216, 51.284411908071604], [128.12129179843092, 51.284681638124624], [128.1220103841086, 51.284597105812054], [128.1227204021363, 51.28496211932121], [128.12343727805126, 51.28496748831687], [128.12330246231684, 51.28451686455437], [128.12301571474075, 51.284514717165955], [128.1230225643936, 51.28415507691612], [128.12145061205388, 51.28387352379127], [128.12131581886135, 51.28342289776712], [128.1203225325679, 51.28287590182808], [128.1197507770483, 51.28278168184531], [128.11945888273272, 51.2830492558072], [128.11946747904966, 51.28259970580668], [128.1187523613925, 51.282504402697036], [128.11875752324704, 51.28223467272698], [128.1180458567447, 51.28195954535428], [128.11790765784747, 51.28168873541606], [128.11634099744379, 51.28113738421843], [128.11591608670332, 51.28086440762596], [128.11577790356867, 51.2805935952005], [128.11549118099944, 51.28059142950329], [128.1154963616008, 51.28032169968144], [128.11506628033206, 51.280318449850476], [128.11492983174736, 51.279957726495354]], [[128.12272382818833, 51.284782299227174], [128.12286891552674, 51.28469346331792], [128.12286720279388, 51.28478337337052], [128.12272382818833, 51.284782299227174]], [[128.12172535108616, 51.2845050452292], [128.12187043945556, 51.28441621055812], [128.12186872479015, 51.28450612059097], [128.12172535108616, 51.2845050452292]], [[128.11804069077266, 51.28222927528549], [128.11818577896952, 51.282140445145735], [128.11818405724978, 51.28223035512481], [128.11804069077266, 51.28222927528549]], [[128.11294185253922, 51.27895352863569], [128.11308694009426, 51.27886470476267], [128.1130852086225, 51.278954614668706], [128.11294185253922, 51.27895352863569]]], [[[128.1252772436404, 51.28624016852979], [128.12556570969093, 51.286152400336384], [128.12513728118975, 51.28605927714523], [128.1251475313277, 51.28551981659928], [128.12414731317216, 51.285332493232254], [128.12429752944078, 51.284973925319015], [128.1231488154591, 51.285055251300385], [128.1237188952122, 51.285239364888746], [128.1251219053875, 51.28686846786764], [128.12569543021309, 51.28687275176629], [128.12554863373094, 51.28705150122029], [128.12583027601823, 51.28732337273893], [128.12598731298732, 51.28660516237279], [128.12555717182113, 51.2866019507962], [128.1252772436404, 51.28624016852979]]], [[[128.12726069415015, 51.287513888845695], [128.12612386741768, 51.28696587294408], [128.12597195182386, 51.28741435320278], [128.12625359881685, 51.287686223709095], [128.12654207212944, 51.28759845316639], [128.12653695488916, 51.287868183449774], [128.12725558113513, 51.2877836191846], [128.12726069415015, 51.287513888845695]], [[128.12697222271774, 51.28760166116926], [128.12683054434882, 51.28751068190636], [128.12697392760714, 51.2875117510617], [128.12697222271774, 51.28760166116926]]], [[[128.12696710799676, 51.2878713914834], [128.1271087877389, 51.2879623705821], [128.12711049238357, 51.28787246047684], [128.12696710799676, 51.2878713914834]]], [[[128.1537355172549, 51.290495829409075], [128.15387725829322, 51.29058677635854], [128.1538789108212, 51.290496865662966], [128.1537355172549, 51.290495829409075]]], [[[128.15373221163043, 51.29067565079218], [128.15387395321167, 51.29076659774542], [128.15387560575672, 51.29067668705269], [128.15373221163043, 51.29067565079218]]], [[[128.15893759403852, 51.29619843239288], [128.15907936285782, 51.29628937308569], [128.15908100556098, 51.29619946235785], [128.15893759403852, 51.29619843239288]]], [[[128.13684059883218, 51.30431051265987], [128.1365537269002, 51.30430839784558], [128.13627698134965, 51.30376682188159], [128.13513626724801, 51.30339871273164], [128.13512443770028, 51.30402808309878], [128.13569311131332, 51.304302049186944], [128.13554460791877, 51.30457072061589], [128.1364018534863, 51.30475689052514], [128.13684059883218, 51.30431051265987]], [[128.1356964890386, 51.30412222907069], [128.13555474282808, 51.304031260295986], [128.13569817788814, 51.30403231901042], [128.1356964890386, 51.30412222907069]], [[128.13598673631486, 51.30394452584382], [128.1358449900695, 51.30385355741759], [128.1359884245866, 51.303854615773936], [128.13598673631486, 51.30394452584382]]], [[[128.13707688479684, 51.30700992884394], [128.13865645695122, 51.30693163492659], [128.13909351915783, 51.30657515887648], [128.13809447047407, 51.306298042794374], [128.13868675385257, 51.30531325314355], [128.13825306851703, 51.30548990759872], [128.1384049264208, 51.30504141250026], [128.13797461152384, 51.305038245731076], [128.13797798042222, 51.30485842552955], [128.13640016596793, 51.30484680059089], [128.1363967909051, 51.305026620718124], [128.13682879221, 51.304939883211105], [128.1370971201383, 51.30593100816921], [128.13738568788878, 51.30584321162753], [128.1376675141232, 51.30611505468147], [128.13766245871585, 51.30638478490138], [128.13708363005, 51.30665028864187], [128.13707688479684, 51.30700992884394]], [[128.13797461152384, 51.305038245731076], [128.13782780374865, 51.30521700997908], [128.13783117324223, 51.30503718979002], [128.13797461152384, 51.305038245731076]], [[128.13722707333199, 51.30665134552202], [128.13751227446252, 51.30674336881808], [128.137225387312, 51.30674125557806], [128.13722707333199, 51.30665134552202]], [[128.13794092062602, 51.30683644743208], [128.13837293612295, 51.306749704322044], [128.13837125233613, 51.30683961440365], [128.13794092062602, 51.30683644743208]]], [[[128.15579558369794, 51.31110294601065], [128.1562276064631, 51.31101613712686], [128.15579723368802, 51.31101303558738], [128.15579558369794, 51.31110294601065]]], [[[128.155934092381, 51.31137371130729], [128.15564882527664, 51.31128173264507], [128.1556422240417, 51.311641374299235], [128.15621441303134, 51.31173542055232], [128.15621771144038, 51.3115555997045], [128.15650463003007, 51.31155766655861], [128.15651287310052, 51.311108114381135], [128.1559373918431, 51.31119389046128], [128.155934092381, 51.31137371130729]]], [[[128.15783716554884, 51.317142436371185], [128.1565508215676, 51.31686341291864], [128.1565475238355, 51.31704323361797], [128.1571197818014, 51.31713727568098], [128.1574001464042, 51.317498981939316], [128.15783222643225, 51.31741216749428], [128.15783716554884, 51.317142436371185]]], [[[128.1459435333689, 51.323980320039865], [128.14637068803094, 51.324163278355066], [128.1465275373043, 51.32344504402847], [128.1460970492981, 51.32344190630673], [128.1459435333689, 51.323980320039865]]], [[[128.149229009478, 51.324813530563496], [128.14980799861354, 51.32454796835096], [128.14952099947254, 51.32454588471814], [128.1490988202027, 51.32409320763645], [128.14866666114102, 51.32417998939241], [128.149229009478, 51.324813530563496]], [[128.1489503296314, 51.3243618952284], [128.1490954924776, 51.32427302776636], [128.14909382860216, 51.32436293782918], [128.1489503296314, 51.3243618952284]]], [[[128.1480643473685, 51.3257042863532], [128.14806767929625, 51.32552446631563], [128.14908051728915, 51.32508221828032], [128.149085509096, 51.324812488121836], [128.1476488390169, 51.32489196405794], [128.1470598257199, 51.32569697549239], [128.14662931657114, 51.325693839629444], [128.14648080632477, 51.325962523925696], [128.1471949904004, 51.3261475703973], [128.14748866784726, 51.32579001977651], [128.1480643473685, 51.3257042863532]]], [[[128.13712944975455, 51.32715291611845], [128.137862160028, 51.32634901212473], [128.13686269070843, 51.326071884467915], [128.13672931577733, 51.32553136836269], [128.13543779671116, 51.32552184214522], [128.13542765264788, 51.32606130045783], [128.13585140445736, 51.32642411639382], [128.13614348226398, 51.32615650439098], [128.1365537323212, 51.32723859559175], [128.13712944975455, 51.32715291611845]], [[128.13585816397438, 51.326064477506684], [128.13571635032812, 51.32597350894423], [128.13585985383182, 51.32597456778134], [128.13585816397438, 51.326064477506684]]], [[[128.1362734738445, 51.32687684052867], [128.13613165688406, 51.326785872465834], [128.13612996750916, 51.326875782185105], [128.1362734738445, 51.32687684052867]]], [[[128.14430984251126, 51.32693582719298], [128.14445167623046, 51.32702678542909], [128.14445334934177, 51.326936875516], [128.14430984251126, 51.32693582719298]]], [[[128.14416466201698, 51.32702468860054], [128.14430649571892, 51.32711564701103], [128.1443081691194, 51.327025737102716], [128.14416466201698, 51.32702468860054]]], [[[128.1405568183569, 51.32807733666929], [128.14213710931708, 51.32799899947064], [128.14185512395235, 51.327727167427305], [128.1428580123178, 51.327824432991704], [128.1440161330124, 51.32729336962314], [128.1437341407616, 51.32702154203925], [128.14459852900302, 51.326848013745334], [128.14475374311903, 51.326219692224896], [128.14389606393115, 51.32603358209374], [128.14388267051274, 51.32675286136548], [128.14330529493986, 51.32692848400948], [128.1430099017549, 51.3273759337584], [128.1418618368232, 51.32736752805362], [128.1405618607026, 51.32780760724909], [128.1405584991475, 51.327987426863984], [128.13969743949775, 51.32798110556699], [128.1396923920496, 51.328250834918016], [128.14012124270215, 51.32834390617887], [128.1404082648474, 51.3283460129532], [128.1405568183569, 51.32807733666929]], [[128.14012292436053, 51.32825399638795], [128.14026979787775, 51.32807523026678], [128.14026643514822, 51.32825504985964], [128.14012292436053, 51.32825399638795]], [[128.14286304111798, 51.327554703397325], [128.14300822579474, 51.327465843630826], [128.14300654982588, 51.32755575350183], [128.14286304111798, 51.327554703397325]]], [[[128.13956570862536, 51.327350682890085], [128.14043179941802, 51.32708727565609], [128.14129284249424, 51.32709359147706], [128.1410108676349, 51.32682175740902], [128.1410192666848, 51.32637220821783], [128.1403000608798, 51.32645685367405], [128.140296698463, 51.32663667331831], [128.1394390299517, 51.326450530610956], [128.13928542568954, 51.326988934925986], [128.13871139854615, 51.32698471525056], [128.13869960796717, 51.32761408366104], [128.1391267670717, 51.327797068305365], [128.13840922058236, 51.327791792240845], [128.1384142754755, 51.327522062959424], [128.13798375021148, 51.327518895241425], [128.1378351835476, 51.32778756822475], [128.13769673341233, 51.32751678255042], [128.13768998792605, 51.327876421521935], [128.13911834909004, 51.328246617163465], [128.1389782061518, 51.328065742753104], [128.13955392958655, 51.32798005140217], [128.13941715173783, 51.32761935793382], [128.13956570862536, 51.327350682890085]]], [[[128.13955224683195, 51.32806996118391], [128.13940705360497, 51.32815881661685], [128.13955056406866, 51.32815987096422], [128.13955224683195, 51.32806996118391]]], [[[128.137256084947, 51.3280530705833], [128.1382589702089, 51.32815037550891], [128.1382606554974, 51.32806046575895], [128.137256084947, 51.3280530705833]]], [[[128.01835418107305, 51.33080373013934], [128.01822026826713, 51.33035299387713], [128.01649619635728, 51.330428452558095], [128.0179236396111, 51.330800120994006], [128.01835418107305, 51.33080373013934]], [[128.01749694148393, 51.33061669695337], [128.01764237603095, 51.33052799403481], [128.0176404547037, 51.33061790069735], [128.01749694148393, 51.33061669695337]], [[128.01807291490812, 51.33053160420036], [128.0179313226953, 51.330440494316], [128.0180748353837, 51.33044169752487], [128.01807291490812, 51.33053160420036]]], [[[128.16382594756718, 51.39811476238125], [128.16383250505297, 51.397755125311306], [128.1626892393797, 51.39738727873735], [128.16283789106714, 51.397118577773746], [128.1621176134568, 51.397203351290784], [128.16253730215436, 51.397835797973805], [128.1629684899246, 51.397838878429056], [128.16296356672672, 51.398108606170325], [128.16382594756718, 51.39811476238125]]], [[[128.16524852016215, 51.398934192251915], [128.16567971855756, 51.39893726277897], [128.1656813543556, 51.39884735348386], [128.1652534300664, 51.398664464391764], [128.16524852016215, 51.398934192251915]]], [[[128.16510315044718, 51.39902307767098], [128.16524852016215, 51.398934192251915], [128.16510478738059, 51.39893316839039], [128.16510315044718, 51.39902307767098]]], [[[128.16524524685028, 51.399114010818224], [128.16553434966238, 51.399026148736624], [128.16524688351043, 51.39902410153579], [128.16524524685028, 51.399114010818224]]], [[[127.97607796341397, 51.3986030520867], [127.977375490092, 51.39843453770189], [127.97723978727919, 51.3980736654261], [127.97752723217087, 51.39807617370962], [127.97753725506401, 51.3976266510997], [127.97711010274136, 51.397443079440244], [127.97666489762031, 51.398068646744406], [127.97579453142266, 51.39842073130455], [127.97579051534996, 51.398600540230554], [127.97449901015287, 51.39849932372869], [127.97392009223383, 51.398674100392334], [127.97578248307991, 51.398960158065236], [127.976071940917, 51.39887276548896], [127.97607796341397, 51.3986030520867]], [[127.9763694253389, 51.3984257542798], [127.97651515545643, 51.398337105097816], [127.97651314884394, 51.39842700958305], [127.9763694253389, 51.3984257542798]], [[127.97710208115078, 51.39780269749448], [127.97724981298884, 51.39762414285628], [127.9772458027361, 51.39780395188855], [127.97710208115078, 51.39780269749448]]], [[[128.1658980895769, 51.41854154953154], [128.16604024763507, 51.418632481695646], [128.16604188387768, 51.41854257269612], [128.1658980895769, 51.41854154953154]]], [[[128.16530817327745, 51.41934663590658], [128.16617095423686, 51.41935277665819], [128.16631802257717, 51.41917398150869], [128.1658899068688, 51.41899109449855], [128.16575265847783, 51.418630435183566], [128.1657444743171, 51.41907998012709], [128.16531308641405, 51.41907690898703], [128.16530817327745, 51.41934663590658]]], [[[128.16616604610113, 51.41962250362384], [128.1665974392337, 51.419625571647934], [128.16660234483092, 51.41935584465285], [128.16617095423686, 51.41935277665819], [128.16616604610113, 51.41962250362384]]], [[[127.95975777087317, 51.50960202919131], [127.9599120795454, 51.50915379529479], [127.95962393781794, 51.50915123991299], [127.95961165072151, 51.509690653682874], [127.95917533562312, 51.509866623763514], [127.95887079456786, 51.5105832846393], [127.95858264391812, 51.51058072664967], [127.95857444394599, 51.51094033562838], [127.95913845635042, 51.51148486448839], [127.96000702015623, 51.51131272778237], [127.95958502736808, 51.510859383339294], [127.96004386843089, 51.509694486563816], [127.95975777087317, 51.50960202919131]], [[127.95959321936023, 51.51049977424024], [127.9594511925154, 51.51040859394831], [127.95959526733174, 51.51040987196186], [127.95959321936023, 51.51049977424024]], [[127.95960141118252, 51.510140165118074], [127.95974958043955, 51.509961638364494], [127.95974548515905, 51.51014144294242], [127.95960141118252, 51.510140165118074]]], [[[128.24326129897088, 51.22717359374516], [128.24340597315134, 51.22708460591862], [128.2432627735952, 51.227083680105984], [128.24326129897088, 51.22717359374516]]], [[[128.24295719654268, 51.22825070507678], [128.24381494205633, 51.22834617329014], [128.24381936285508, 51.228076432388264], [128.24395814554876, 51.22834709844337], [128.24496351295113, 51.22817374229681], [128.24511112916653, 51.22790492505245], [128.24482913968365, 51.227633336418236], [128.24439806335036, 51.2277204773116], [128.24469035397217, 51.22736267135067], [128.24426369797624, 51.2271800707753], [128.24211422370018, 51.227256094527725], [128.24196511500733, 51.22761482156275], [128.24239471851476, 51.22761760325848], [128.24267521770184, 51.22797911131312], [128.24310334969203, 51.22807180403846], [128.24295719654268, 51.22825070507678]]], [[[128.24267374188548, 51.228069024926256], [128.24253201539386, 51.22797818459494], [128.2425305392985, 51.228068098205114], [128.24267374188548, 51.228069024926256]]], [[[128.24267374188548, 51.228069024926256], [128.2428139933825, 51.22824977870013], [128.24281694448004, 51.22806995147218], [128.24267374188548, 51.228069024926256]]], [[[128.19450944989526, 51.23053507630278], [128.19465422802855, 51.23044614926422], [128.19451101970247, 51.230445163759676], [128.19450944989526, 51.23053507630278]]], [[[128.1949265236822, 51.23125733266931], [128.19436624129827, 51.230534090619884], [128.19435839074552, 51.23098365329829], [128.19407197078556, 51.2309816813754], [128.1940672586825, 51.23125141894646], [128.1949265236822, 51.23125733266931]]], [[[128.1980787274008, 51.231189049745076], [128.1973736235336, 51.230554753167695], [128.19706999285884, 51.23154182713729], [128.1979292638996, 51.23154771884022], [128.1980787274008, 51.231189049745076]]], [[[128.19577951944964, 51.23162289031047], [128.19591803008547, 51.23189361194288], [128.19592273147592, 51.231623874279016], [128.19577951944964, 51.23162289031047]]], [[[128.18187587511477, 51.256435255127364], [128.18200320704787, 51.25733537502291], [128.18286295563794, 51.25734137947514], [128.1828581735049, 51.25761111507641], [128.18414780449038, 51.257620110003465], [128.18415894508027, 51.25699072671275], [128.1837306661979, 51.25689781815429], [128.1835841908898, 51.25707664270064], [128.18345045742407, 51.25653617194017], [128.18187587511477, 51.256435255127364]], [[128.1828773015928, 51.256532172594405], [128.18273241841405, 51.256621084197675], [128.18273401265557, 51.25653117231954], [128.1828773015928, 51.256532172594405]]], [[[128.18573196327802, 51.25718152485075], [128.1861602489076, 51.25727442611275], [128.18616183649996, 51.25718451416805], [128.18573196327802, 51.25718152485075]]], [[[128.18716170302395, 51.25737130703631], [128.18687511963535, 51.25736931677594], [128.18687353342386, 51.25745922873368], [128.18715853171065, 51.2575511309631], [128.18716170302395, 51.25737130703631]]], [[[128.23591284173577, 51.264443862537334], [128.23562621100467, 51.26444199143429], [128.23577549113963, 51.26408327543599], [128.2353470404453, 51.26399055512394], [128.2356351597958, 51.26390251398742], [128.2355022879823, 51.26327218779233], [128.23506190513572, 51.263898769748025], [128.23504697914677, 51.26479789867812], [128.23533211997085, 51.26488968409965], [128.23490067685586, 51.264976787912815], [128.23517238674748, 51.26587778959559], [128.2356008545914, 51.26597051058947], [128.2354649938819, 51.265520010324124], [128.23575163130772, 51.26552188184977], [128.23591284173577, 51.264443862537334]], [[128.23518283371058, 51.26524839945776], [128.23518581848788, 51.26506857369134], [128.23561577039806, 51.26507138172436], [128.23561278729832, 51.26525120750873], [128.23518283371058, 51.26524839945776]]], [[[128.232348944331, 51.27188412362308], [128.23162925306355, 51.27205924765962], [128.23176809370636, 51.27232992639897], [128.23119023299995, 51.27259590084574], [128.23147391410575, 51.272777608399046], [128.23061086390854, 51.272951785067406], [128.23089454489036, 51.27313349401311], [128.23102888155256, 51.27367391156905], [128.23204128303044, 51.273141021455054], [128.23205027658182, 51.272601545266156], [128.23248029847724, 51.27260436510751], [128.23306863016688, 51.271708995134155], [128.23350163587355, 51.271531985704556], [128.23336278737742, 51.271261308951416], [128.23379429232094, 51.27117421115971], [128.23423326842777, 51.270637547894], [128.23394809436968, 51.270545759745], [128.23423775200303, 51.27036780955168], [128.23410488162634, 51.26973748246642], [128.23468567680797, 51.26929166766738], [128.23498278861518, 51.26866415145949], [128.23397948952228, 51.26865759117635], [128.23368385965583, 51.26919519199257], [128.23381821808493, 51.26973560679979], [128.2335315545744, 51.269733730431334], [128.23352257928843, 51.27027320707294], [128.233809246155, 51.27027508347736], [128.23380625544993, 51.2704549090252], [128.23323142302752, 51.27054106825034], [128.2332209474316, 51.27117045752914], [128.232348944331, 51.27188412362308]], [[128.23278494926464, 51.27152729141306], [128.2330701270298, 51.271619082395816], [128.23278345185005, 51.27161720414683], [128.23278494926464, 51.27152729141306]], [[128.2341123552258, 51.26928791849942], [128.23397051982593, 51.26919706797415], [128.23411384992252, 51.26919800570177], [128.2341123552258, 51.26928791849942]]], [[[128.23975209998682, 51.27498979476517], [128.23803192083219, 51.27497861238408], [128.23802745873618, 51.275248350751184], [128.23945501130225, 51.27561732250165], [128.2393176005519, 51.275256739986474], [128.23974764796182, 51.275259533239456], [128.23975209998682, 51.27498979476517]]], [[[128.2447383354839, 51.27691043693556], [128.2450265182036, 51.27682237314144], [128.24473980984553, 51.27682052403404], [128.2447383354839, 51.27691043693556]]], [[[128.24270624201102, 51.278425991891226], [128.24386049583592, 51.277983839878466], [128.2440112327862, 51.27753520124856], [128.24473243796135, 51.277270088527494], [128.2447383354839, 51.27691043693556], [128.24387378074718, 51.27717462402648], [128.2441590157409, 51.277266388147574], [128.24401270860002, 51.277445288371744], [128.2435841170044, 51.27735259783042], [128.24343633042002, 51.27762141018667], [128.24372156728847, 51.27771317537439], [128.2431481396856, 51.27770947002123], [128.2431437071163, 51.27797920858139], [128.24242396070505, 51.27815439856675], [128.24212688748187, 51.27878193281148], [128.24270180674046, 51.27869573039067], [128.24270624201102, 51.278425991891226]]], [[[128.22319734349514, 51.27901756359682], [128.22306763416137, 51.278207400603534], [128.22364258088598, 51.27812129188476], [128.22408174194481, 51.2775846681074], [128.223505286873, 51.27776069146527], [128.22250482797745, 51.27757420714698], [128.22206868607068, 51.277931000117874], [128.22220900614212, 51.27811177735083], [128.2210651881883, 51.27792432831571], [128.22048871748436, 51.27810033674355], [128.22048567393762, 51.27828016148514], [128.22106062626113, 51.278194065471055], [128.2213382208726, 51.278735446904946], [128.22219382167057, 51.27901090136742], [128.22319734349514, 51.27901756359682]]], [[[128.24184016711783, 51.27878007655365], [128.2421254079162, 51.27887184562851], [128.24212688748187, 51.27878193281148], [128.24184016711783, 51.27878007655365]]], [[[128.24504901830136, 51.284196151371454], [128.24504459583994, 51.2844658897493], [128.24461298692322, 51.284553028379065], [128.24475046617334, 51.28491360439588], [128.24517765644077, 51.285096203634545], [128.24547472981638, 51.28446866232052], [128.24533577259865, 51.2841979999101], [128.24504901830136, 51.284196151371454]], [[128.24503869911814, 51.28482554089988], [128.24518355213428, 51.284736552489164], [128.2451820782223, 51.284826465277646], [128.24503869911814, 51.28482554089988]]], [[[128.20790948654042, 51.29258334897354], [128.209192381804, 51.29304163166083], [128.20962567985578, 51.29286471245456], [128.20990785604346, 51.29313638371546], [128.21105508667253, 51.293144118835734], [128.21105200464007, 51.293323942707005], [128.21191550997855, 51.293149912800864], [128.2117767248629, 51.292879211715146], [128.21120311268587, 51.29287534910875], [128.2110643325789, 51.292604647187794], [128.21034732177688, 51.29259981414727], [128.21035194882296, 51.29233007835043], [128.20964111730405, 51.29196559327925], [128.20892411670104, 51.291960751567345], [128.2090706064398, 51.29178189643354], [128.2082102092918, 51.29177608167551], [128.20762887320703, 51.292221761061285], [128.20790948654042, 51.29258334897354]], [[128.20777227407987, 51.29222273134445], [128.20805752903644, 51.29231458326961], [128.20777072670677, 51.29231264322386], [128.20777227407987, 51.29222273134445]], [[128.21148529828974, 51.293147016608486], [128.21163024206223, 51.29305807023143], [128.21162870217807, 51.293147982181544], [128.21148529828974, 51.293147016608486]]], [[[128.21191550997855, 51.293149912800864], [128.21205583577876, 51.2933307017616], [128.21205891389073, 51.29315087784713], [128.21191550997855, 51.293149912800864]]], [[[128.18316309088615, 51.29699938238104], [128.18359174073098, 51.29709229405356], [128.18359333559923, 51.297002382781166], [128.18316309088615, 51.29699938238104]]], [[[128.19802584961712, 51.30834239434165], [128.19816773336322, 51.30843328802359], [128.19816930039343, 51.30834337660295], [128.19802584961712, 51.30834239434165]]], [[[128.19651703297387, 51.32901411270595], [128.19709266416166, 51.32892813813233], [128.19710679639044, 51.32811893835583], [128.19624572192572, 51.328113032731316], [128.1954982659725, 51.329816416389065], [128.1957868742302, 51.329728476473605], [128.19578215554537, 51.32999820958346], [128.19621271034637, 51.33000116496755], [128.1962284305928, 51.32910205445711], [128.19665897704843, 51.32910500816436], [128.19651703297387, 51.32901411270595]]], [[[128.1949210461629, 51.329992294068], [128.19491632235372, 51.33026202710834], [128.19577743678744, 51.33026794268052], [128.19578215554537, 51.32999820958346], [128.1949210461629, 51.329992294068]]], [[[128.1869607688816, 51.333714027644206], [128.1868156486872, 51.33380294208315], [128.18695917850735, 51.33380393842503], [128.1869607688816, 51.333714027644206]]], [[[128.3055799934794, 51.42538701214763], [128.30673055739797, 51.42539382237637], [128.30673463902545, 51.42512408684973], [128.30745101921457, 51.425308161180794], [128.30803037434202, 51.425041822916874], [128.30788927141364, 51.42486115011679], [128.30831801326121, 51.42504352051216], [128.30889600375392, 51.42486708980973], [128.3089041412955, 51.42432761844841], [128.30948212050092, 51.424151184791995], [128.3094875408173, 51.42379153713484], [128.30977517197587, 51.42379323112561], [128.30978329885403, 51.423253759565], [128.3106556515283, 51.4226294535403], [128.31080622557718, 51.42218073936046], [128.31109384670418, 51.42218243007823], [128.31110601293798, 51.42137322227023], [128.31068135188147, 51.42092112609976], [128.31038967922098, 51.42118917032858], [128.30967199672457, 51.421095025988095], [128.30953360897578, 51.42073453113652], [128.30924599703116, 51.42073283662433], [128.3090967683213, 51.42109163692038], [128.30911032498088, 51.42019251733614], [128.3088227164637, 51.420190821798066], [128.30882542883987, 51.42001099787511], [128.30853646473042, 51.42009921359904], [128.30852968088118, 51.42054877336164], [128.30881729162718, 51.42055046962703], [128.30895567319033, 51.420910965312316], [128.30880644161715, 51.42126976521712], [128.30822985371393, 51.42135628382546], [128.30809419188196, 51.420815963456704], [128.30723543287195, 51.42054113143536], [128.3073846742993, 51.420182333523535], [128.30681217790558, 51.419999109427565], [128.3068244187956, 51.41918990204655], [128.3059616126222, 51.4191847965605], [128.3059738681748, 51.418375589212], [128.30554247279957, 51.41837303416117], [128.3051165309867, 51.41801082984105], [128.30514379678755, 51.41621259109303], [128.30600654685736, 51.41621770238983], [128.30602288467654, 51.41513875867355], [128.30645424965326, 51.41514131184287], [128.30646105254806, 51.41469175186021], [128.30674590640544, 51.41487327707221], [128.30674862641416, 51.41469345306402], [128.3077605672036, 51.41433975361237], [128.3103487138432, 51.41435501028293], [128.31163738643593, 51.41472226559168], [128.31163468560482, 51.41490208978417], [128.31249741218622, 51.41490715321606], [128.31249336596366, 51.41517688954277], [128.31292338397813, 51.415269331016184], [128.3129126004572, 51.41598862787872], [128.31377400144268, 51.41608359409824], [128.3137632309579, 51.41680289098839], [128.31462464905465, 51.4168978510071], [128.3146179257022, 51.41734741159121], [128.31490551672476, 51.41734909284496], [128.3148961076881, 51.41797847764104], [128.31460985744968, 51.41788688424554], [128.31460447847542, 51.418246532653505], [128.31431553651413, 51.4183347627335], [128.31245020234698, 51.41805407623685], [128.31101087433404, 51.41813554474504], [128.31071922147962, 51.41840358999477], [128.3124448063922, 51.41841372447191], [128.31244075935282, 51.418683460633375], [128.3133022099293, 51.4187784304625], [128.31329816788377, 51.41904816665555], [128.31372957031854, 51.41905069318753], [128.31372687727924, 51.41923051732533], [128.31444588429747, 51.41923472471098], [128.31457758193372, 51.4200447743544], [128.3150089938659, 51.42004729621243], [128.3150036176088, 51.420406944517076], [128.31529257136577, 51.420318712815835], [128.3154162270618, 51.42166823382093], [128.3161352725833, 51.42167243098519], [128.3162468804357, 51.42383115934779], [128.31667296428628, 51.42419332338955], [128.31666625927807, 51.424642883603134], [128.31709771469158, 51.42464539793316], [128.31709369414304, 51.42491513406847], [128.31751979471647, 51.42527729502755], [128.3175090794993, 51.42599659134539], [128.3183706782959, 51.42609152435637], [128.31836398949156, 51.426541084582375], [128.31922693643722, 51.42654609928831], [128.3192189198034, 51.42708557160916], [128.3196503984496, 51.42708807662822], [128.3196463925794, 51.427357812793616], [128.32007787382784, 51.42736031624868], [128.3203601924156, 51.42772163259063], [128.32179581291706, 51.42790978672114], [128.32179181956104, 51.42817952296839], [128.32236713848062, 51.42818285006442], [128.3235084822872, 51.428818880537484], [128.32349785974574, 51.42953817731086], [128.3243608640646, 51.42954315443028], [128.32435290703154, 51.43008262704654], [128.32478441436453, 51.43008511327172], [128.32478043829582, 51.43035484958466], [128.3243489284223, 51.43035236333563], [128.32434494975132, 51.430622099612016], [128.32477646216537, 51.430624585884885], [128.32476453340342, 51.43143379470939], [128.3254837336005, 51.43143793508733], [128.32561168810605, 51.43251770774568], [128.32647474893585, 51.43252266950715], [128.32648664794954, 51.43171346054923], [128.32691817083452, 51.43171593897611], [128.32691420709898, 51.43198567533191], [128.32720057005608, 51.432077238871024], [128.3269128858401, 51.43207558744769], [128.32676507907783, 51.432344497802234], [128.32705276497398, 51.43234614959437], [128.32690363683656, 51.4327049722186], [128.3271886835002, 51.43288644789704], [128.32689967287527, 51.432974708527816], [128.3274737324224, 51.43306792288502], [128.32703691247568, 51.43342509485448], [128.32732196412545, 51.43360657020492], [128.32717415473527, 51.43387548099581], [128.32760437805908, 51.433967869064965], [128.3278854769678, 51.43441907933625], [128.32845955664277, 51.434512288916515], [128.3285889073856, 51.43550214595588], [128.3293081720305, 51.4355062631023], [128.32942437824357, 51.43739523997805], [128.3302862167713, 51.43749008609603], [128.33026386256807, 51.4390185914842], [128.33069545461987, 51.43902105625501], [128.33068756951496, 51.43956052869491], [128.33155076396966, 51.43956545356493], [128.33154682640912, 51.43983518981309], [128.33241002619226, 51.43984010837536], [128.33241395866898, 51.43957037207999], [128.3328455561103, 51.43957282895441], [128.33284162617548, 51.43984256527335], [128.33370482632503, 51.439847474303086], [128.33369697644014, 51.44038694699711], [128.33455626705157, 51.44066158614094], [128.3345484269692, 51.441201058852904], [128.33541165302645, 51.44120595540752], [128.33540773797824, 51.44147569179145], [128.33583935364024, 51.441478137709], [128.33582761575735, 51.44228734685501], [128.33669086251706, 51.44229223406425], [128.33667132358713, 51.443640915954916], [128.33811011109927, 51.4436490475703], [128.33825009124197, 51.443919596186696], [128.33839786868253, 51.44365067177475], [128.33969277814, 51.44365797195538], [128.33968499773854, 51.44419744495017], [128.34097992299516, 51.44420473096986], [128.34097215760764, 51.44474420405374], [128.34269487318815, 51.44502363330249], [128.3426910005145, 51.44529336990573], [128.34312265279888, 51.44529578913777], [128.34311878260783, 51.445565525751526], [128.34398209244253, 51.44557035949478], [128.3439743620513, 51.44610983277704], [128.3444060221444, 51.44611224731137], [128.34440988482717, 51.44584251065342], [128.34469765656067, 51.44584411944469], [128.34483768229748, 51.4461146602566], [128.34526934251056, 51.44611707161269], [128.34526548485354, 51.446386808304254], [128.34698828893102, 51.44666617470115], [128.34698444132601, 51.446935911459754], [128.34741610946713, 51.44693831493944], [128.3474122643454, 51.44720805170843], [128.3482756058928, 51.4472128539464], [128.34827176579742, 51.44748259074878], [128.3491351126696, 51.44748738667602], [128.34913127760072, 51.44775712351176], [128.35114194316938, 51.44803802632512], [128.35170987511768, 51.44858068413461], [128.35257324328657, 51.44858545481775], [128.35256942832547, 51.44885519178625], [128.353864488653, 51.44886233596004], [128.35386068126255, 51.44913207298442], [128.35558743936707, 51.44914157639069], [128.3555836420909, 51.449411313493606], [128.35601533430795, 51.449413685394696], [128.35601153951615, 51.44968342250768], [128.35773453447018, 51.44996263150097], [128.35773074973434, 51.45023236867951], [128.35902585033594, 51.450239455979094], [128.35902207317187, 51.45050919321299], [128.36117682356033, 51.450790711038955], [128.3611730589969, 51.45106044836057], [128.36246818389662, 51.45106749771831], [128.3626083305526, 51.45133801748135], [128.3633278488847, 51.451341926764655], [128.36332409692272, 51.45161166417359], [128.3641875242223, 51.45161634953061], [128.3641837772895, 51.45188608697184], [128.36547892630662, 51.451893103153836], [128.36547518694692, 51.45216284064971], [128.3663386250031, 51.45216751020188], [128.36633489067293, 51.45243724772992], [128.36763254029594, 51.452264415142146], [128.3676263290671, 51.45271397778664], [128.3697849515286, 51.45272560023197], [128.3697886655659, 51.45245586253795], [128.37151555439857, 51.45246513179398], [128.37151925820282, 51.45219539399831], [128.37281441780024, 51.452202329184], [128.3728181139156, 51.45193259130911], [128.37929388147688, 51.45196705232551], [128.37929022351855, 51.45223679053116], [128.381448828273, 51.45224819817216], [128.3814524735122, 51.451978459857024], [128.3827476294134, 51.451985285302136], [128.38274399180563, 51.45225502368278], [128.38706120724876, 51.45227767206728], [128.38705759502318, 51.45254741065264], [128.38921621757123, 51.452558675346616], [128.38921261800908, 51.45282841402743], [128.39036389072388, 51.45283440567327], [128.39042496036484, 51.448248845399974], [128.38898601367106, 51.44824135529873], [128.3881274531319, 51.44787720097441], [128.3838130723253, 51.44767476746515], [128.38280218674817, 51.44793920807266], [128.3804998912009, 51.44792706580611], [128.37978895126506, 51.447293872386894], [128.37805859017507, 51.44755446399007], [128.37647700118598, 51.447456144287464], [128.3763306594885, 51.44763520447273], [128.37604532572007, 51.44745384778357], [128.3744600589514, 51.447625239118864], [128.3744625161674, 51.447445413672625], [128.37403207041456, 51.44735319703452], [128.37388571951303, 51.44753225413977], [128.3737442875455, 51.447351660209705], [128.37072256896107, 51.447335480905146], [128.37043107683547, 51.44760367392215], [128.36899587389354, 51.44732620062558], [128.36856171989706, 51.44750370182937], [128.36856420027095, 51.44732387658267], [128.36396468207317, 51.446939337715754], [128.36195649032996, 51.44647882960588], [128.36181636215403, 51.44620830890449], [128.36037748744113, 51.44620046792639], [128.36009473961934, 51.44583924762301], [128.35923519726236, 51.445564795041015], [128.35808159281927, 51.44573832332116], [128.35722206455236, 51.44546385602414], [128.35678535654475, 51.445821138474216], [128.35635369813758, 51.44581876952516], [128.35649126512914, 51.44626912151907], [128.3562034900519, 51.44626754166474], [128.35620096122085, 51.44644736651183], [128.3554815208169, 51.44644341376069], [128.3534759769307, 51.4458029359208], [128.3526215609975, 51.44516878545222], [128.35262918924064, 51.44462931115585], [128.35306210662057, 51.44454178138282], [128.35292203692214, 51.444271250167816], [128.35320852906517, 51.44436275043471], [128.35307354085384, 51.44373256976185], [128.3526431737375, 51.443640274814044], [128.35264571628773, 51.443460450006306], [128.35178244474787, 51.44345568019302], [128.35178626360877, 51.44318594301662], [128.35121075277064, 51.443182759640585], [128.3509268212776, 51.44291142975003], [128.35006356038244, 51.44290664731673], [128.35006611299693, 51.44272682257811], [128.34963576147828, 51.442634516629596], [128.34963959287296, 51.44236477952984], [128.3490640926007, 51.442361585652705], [128.3482085219503, 51.44181731545645], [128.348069769337, 51.44145686609445], [128.34749684322685, 51.44127383986003], [128.3475006870347, 51.44100410281194], [128.34692648649408, 51.440910986153874], [128.3466490090025, 51.44019008419653], [128.3459322368703, 51.440006248504666], [128.34593865825326, 51.43955668679315], [128.34551348527833, 51.439104716410206], [128.3452257558505, 51.43910310977012], [128.3450908924324, 51.43847291978852], [128.34307552512243, 51.43855156362874], [128.34322196713066, 51.43837254504172], [128.34279038009703, 51.43837012640553], [128.34293811271755, 51.438101195857406], [128.3422200968241, 51.438007249885835], [128.34236912278075, 51.437648407737164], [128.34151501252964, 51.43701417654177], [128.34154474580265, 51.434946193143475], [128.34183244890335, 51.4349478087251], [128.34183890936632, 51.434498246992206], [128.34155379435688, 51.434316806743745], [128.3419892183989, 51.434049492724306], [128.34185053777819, 51.433689035784184], [128.34243754595448, 51.43288305326963], [128.34286908125432, 51.43288547302229], [128.34287682100924, 51.4323459986356], [128.34373988162568, 51.43235083328302], [128.3437437463313, 51.43208109602424], [128.3433122185339, 51.432078679517886], [128.34288327062134, 51.43189643660791], [128.34317353331252, 51.43171822400591], [128.34201763550215, 51.432071420468866], [128.3420111773538, 51.43252098240504], [128.34157835306544, 51.432608471881885], [128.3415667202941, 51.4334176831957], [128.34113129984095, 51.43368499568735], [128.34141511637762, 51.43395634931433], [128.3411235391563, 51.43422446976118], [128.34069199139216, 51.434222043538625], [128.34052095413762, 51.43610939308605], [128.3400945709507, 51.43574731539645], [128.33993905410122, 51.43655571616602], [128.33936103387038, 51.43673229947675], [128.33907851008286, 51.43637102871655], [128.33836052941905, 51.436277059204755], [128.3383657253124, 51.43591741015456], [128.33722009433254, 51.43555126048617], [128.33722529904634, 51.43519161147401], [128.33665379719594, 51.43491862023909], [128.3366642151737, 51.434199322196505], [128.33638042539874, 51.43392795717508], [128.33594888084124, 51.43392551350312], [128.33610185216077, 51.43329694241893], [128.33553038059438, 51.4330239457287], [128.33539305854893, 51.43257356901813], [128.33510537073494, 51.43257193768738], [128.33510928631776, 51.43230220090798], [128.33439660402976, 51.431848558269884], [128.3342619101688, 51.43121835567059], [128.33354663672253, 51.43094453240019], [128.33341849913737, 51.42986476745363], [128.3331321374007, 51.42977321907425], [128.3331347552807, 51.429593394541776], [128.3334224242739, 51.42959503064134], [128.33344204904222, 51.42824634638938], [128.33430503078097, 51.428251250217635], [128.33430895047132, 51.42798151328209], [128.3350294030113, 51.42789568258621], [128.33546610778689, 51.42753848008375], [128.33560732792424, 51.42771912002453], [128.3364703001103, 51.42772400787795], [128.33647420697827, 51.427454270799636], [128.33776865809193, 51.42746159059899], [128.3377725572789, 51.42719185343775], [128.33863551991067, 51.427196725316925], [128.33863941395694, 51.42692698809624], [128.3390708928235, 51.426929421630405], [128.338938743224, 51.426119398843845], [128.33835695563832, 51.42656571523132], [128.33547523745267, 51.426909093655865], [128.33403174828402, 51.427260580879135], [128.33402651997523, 51.427620230147944], [128.33316355017192, 51.42761532431207], [128.3328719655486, 51.42788342449584], [128.33200767992446, 51.42796842241593], [128.3318704072453, 51.42751804137196], [128.33115258037063, 51.427424028131654], [128.33101400471537, 51.427063558349644], [128.33130297010814, 51.42697528732232], [128.33044658334222, 51.426520800169925], [128.32974456021898, 51.42534783111212], [128.32931441329512, 51.425255451041146], [128.32918244084968, 51.42444541767443], [128.32861112075418, 51.424172387395835], [128.32832875851926, 51.423811090549684], [128.32833534890202, 51.42336152918876], [128.3279052234786, 51.42326914399398], [128.3279118178891, 51.422819582630275], [128.32748301811284, 51.42263728362414], [128.32748829684957, 51.42227763452815], [128.32664392723788, 51.42101390913464], [128.32750809113892, 51.42092895021703], [128.32751204981236, 51.4206592133167], [128.326936824746, 51.420655911811465], [128.32751336935652, 51.420569301013785], [128.32737352279966, 51.42029873899536], [128.32665449716038, 51.42029461084356], [128.32694871055375, 51.419846701129295], [128.3275239254639, 51.419850002539505], [128.3275318422576, 51.419310528624536], [128.32724555818004, 51.41921896598508], [128.32711099825542, 51.418588754309994], [128.32668356219057, 51.41831654007736], [128.32669809346459, 51.41732750443809], [128.3264118234229, 51.417235939782906], [128.32642107406758, 51.4166065534052], [128.32613480907565, 51.41651498808077], [128.3261784331322, 51.41354788006785], [128.32675621028866, 51.413371360173116], [128.3267720580349, 51.412292411262975], [128.32720339809003, 51.412294887978156], [128.3272139559399, 51.411575588528436], [128.3280779407081, 51.4114906246172], [128.32808584861675, 51.41095114986721], [128.32894850377915, 51.410956091950126], [128.32895245256603, 51.41068635450865], [128.32967264266478, 51.410600555525605], [128.32938772388948, 51.410419085667876], [128.3295393886028, 51.40988043317672], [128.33025825131077, 51.40988454304495], [128.33026613310787, 51.40934506790567], [128.33069744573922, 51.409347531663244], [128.33070138400856, 51.409077794050916], [128.33156400437977, 51.40908271675776], [128.33171563897955, 51.408544061218755], [128.3331546312021, 51.40846233710955], [128.3331507074537, 51.40873207488519], [128.33459100828273, 51.40856042055375], [128.33459492353268, 51.40829068269126], [128.3350262266241, 51.40829313048456], [128.33502883506546, 51.40811330522019], [128.33863728417487, 51.407144601881576], [128.3387862355757, 51.406785762139755], [128.34022516076925, 51.40670395095376], [128.3402290426119, 51.40643421269829], [128.34066032872954, 51.40643663969788], [128.34080796918178, 51.40616771004587], [128.34152677531674, 51.406171750598446], [128.34239321193624, 51.405906855045885], [128.3425408405091, 51.40563792314422], [128.3436909175154, 51.40564436886228], [128.3436947788216, 51.40537463037018], [128.34930137733753, 51.40540589135316], [128.34930520560414, 51.40513615254843], [128.35016775504178, 51.40514093808217], [128.3501715781752, 51.40487119921883], [128.35146539516612, 51.40487836554962], [128.35146921062972, 51.40460862660485], [128.35190048054167, 51.4046110121853], [128.35190429340926, 51.40434127320494], [128.3532019010879, 51.40407868129541], [128.35320570622696, 51.40380894222111], [128.3537807229577, 51.403812114088275], [128.3545096204742, 51.40309677051276], [128.3558046517441, 51.40301397569984], [128.35580086200184, 51.40328371494893], [128.35666337769757, 51.40328845256008], [128.3566368833693, 51.40517662726668], [128.35721065706122, 51.40526969543583], [128.3574868343692, 51.406080489594274], [128.35742760354015, 51.41030640221034], [128.3578589275593, 51.41030876605202], [128.35826759412765, 51.411929562373125], [128.35884271329147, 51.41193270975825], [128.35911770141493, 51.41283341238328], [128.35955030568806, 51.412745857087394], [128.3595540746481, 51.41247611807817], [128.36041425468628, 51.41266065470258], [128.36042429152866, 51.41194135051797], [128.35971418399805, 51.41130803439759], [128.3595842242221, 51.410318205547675], [128.35929918813653, 51.41013680799106], [128.3593079849133, 51.409507416698894], [128.3590279837297, 51.40896636627772], [128.35961813801717, 51.407890552980646], [128.35919186384695, 51.40752854340158], [128.35962692970907, 51.407261161406666], [128.3600557150755, 51.40744334324274], [128.36006199049677, 51.406993777766914], [128.36049955460277, 51.40654656625866], [128.36052212896857, 51.40492812999162], [128.3608121517567, 51.40474987206481], [128.36038589709963, 51.404387866703416], [128.3606759169782, 51.40420960908724], [128.36024590468006, 51.4041173426635], [128.36039342287853, 51.4038483878106], [128.36010716873722, 51.40375690530093], [128.36012097152104, 51.40276786057203], [128.3591197408659, 51.40240270986547], [128.35884104177723, 51.40177174534132], [128.35886367082412, 51.40015330827235], [128.35929615572397, 51.400065753308894], [128.35931876733014, 51.39844731562218], [128.35975123525802, 51.39835975889468], [128.359617542355, 51.397639667737465], [128.36019248245591, 51.39764280788204], [128.36021129761806, 51.3962941090447], [128.3606424900833, 51.39629646218946], [128.36065377087303, 51.39548724266713], [128.36094498593405, 51.3952190706227], [128.3608050177166, 51.39494854691362], [128.36109247095376, 51.3949501143678], [128.3611187721899, 51.393061934702956], [128.36069262290636, 51.39269993010533], [128.36070264822612, 51.391980623417915], [128.35998907989534, 51.39161704790343], [128.36014032137103, 51.39107835263489], [128.35985916618876, 51.39062721620845], [128.35942802707956, 51.39062486036572], [128.35929184908858, 51.39008459468134], [128.35886448509004, 51.38981249674727], [128.35844467086392, 51.38900091719782], [128.3577299078741, 51.38872724131533], [128.35773746067412, 51.38818776125276], [128.3571638992507, 51.388094696136854], [128.35688027055085, 51.38782337918683], [128.35688657268938, 51.38737381247666], [128.35617058253993, 51.38719004047318], [128.3558920146283, 51.38655906776644], [128.35560461425854, 51.38655748773979], [128.35561219146246, 51.386018007701246], [128.35518109602512, 51.38601563638529], [128.35433029349838, 51.38520166904808], [128.3538992058398, 51.385199293043286], [128.35390427045775, 51.38483963972675], [128.35347191924743, 51.38492717549033], [128.35361941436636, 51.384658228206305], [128.352908552055, 51.38411478306124], [128.35204893694618, 51.38393019245423], [128.35233885899075, 51.38375195450422], [128.35105199594543, 51.383295233391145], [128.3507709773285, 51.38284407504851], [128.34948670479525, 51.382207510207444], [128.34949052879998, 51.38193777031897], [128.348915786702, 51.3819345783662], [128.34792021011194, 51.3812096794598], [128.34748660339616, 51.38138710655213], [128.34749171758196, 51.38102745345695], [128.3469157074511, 51.381114165006906], [128.34706322846287, 51.380845225893694], [128.34663218235013, 51.380842823301066], [128.3459214618731, 51.38029933592384], [128.34448979665996, 51.37993165422992], [128.34333907734546, 51.380015131850286], [128.34334293718473, 51.379745392190806], [128.34276564777753, 51.37992199660516], [128.3429131891669, 51.379653062735535], [128.3426271207889, 51.37956153782184], [128.34090427782704, 51.3794619396594], [128.33947526773989, 51.37891437052715], [128.33904165043117, 51.37909176639991], [128.33875818444974, 51.378820405762525], [128.33803980718815, 51.37881634975988], [128.338042401075, 51.37863652347623], [128.3350304415645, 51.37825978792076], [128.33172725970783, 51.378151075837046], [128.33172464112158, 51.378330901905336], [128.3294258622806, 51.37831776930787], [128.32942323466125, 51.378497595286554], [128.32511168987827, 51.37856276287817], [128.325107723048, 51.37883250159399], [128.32424567252676, 51.378827533443726], [128.3242417005689, 51.379097272099195], [128.3229446380317, 51.3793595464836], [128.32265330328963, 51.3796276243644], [128.32179256708798, 51.379532725273755], [128.32135621682173, 51.37988988105368], [128.32063649427732, 51.37997563111353], [128.32077751118095, 51.38015628962467], [128.31948439934945, 51.3801487871025], [128.31948039921818, 51.38041852543122], [128.3186183199077, 51.38041351577484], [128.31861164444018, 51.38086307954768], [128.31645106875487, 51.38121017829413], [128.31644705064187, 51.38147991640352], [128.316016001258, 51.381477401173825], [128.31601198054926, 51.381747139246386], [128.31428374259977, 51.38200680033966], [128.31370093500936, 51.382542911537236], [128.31298250317448, 51.382538701710175], [128.31283477729082, 51.38280759706056], [128.30865972355298, 51.3833225630497], [128.30865565933544, 51.38359230062075], [128.30822459081259, 51.383589756657905], [128.30822052399833, 51.383859494191825], [128.30778945300492, 51.38385694861901], [128.3077867400712, 51.38403677361829], [128.30692323672903, 51.384121590164575], [128.30648672727673, 51.38447868968871], [128.30547815981137, 51.38465255751286], [128.30504027216855, 51.38509956399018], [128.30374429640113, 51.38527171209612], [128.30345281207198, 51.38553974139749], [128.30388389847963, 51.385542302981605], [128.3037374740362, 51.38572127408956], [128.3030203598401, 51.385627090611315], [128.30301762804336, 51.3858069153743], [128.3018625853248, 51.386159721858604], [128.3015697155817, 51.3865176587175], [128.3009935518757, 51.38660414385303], [128.3005556018896, 51.38705113318556], [128.29998080153186, 51.38704770099215], [128.2999766857478, 51.3873174378941], [128.29954558301984, 51.3873148618743], [128.29953734619164, 51.38785433559064], [128.2986751307906, 51.38784917869482], [128.29866275986305, 51.38865838902548], [128.29823164465554, 51.388655808124604], [128.29822751835064, 51.38892554485129], [128.297365283059, 51.3889203782425], [128.29735977446106, 51.38928002712553], [128.29706960503316, 51.38945812791292], [128.29649477494632, 51.389454678507136], [128.29648925941868, 51.38981432729007], [128.29605675380452, 51.389901650536345], [128.2959020044473, 51.3906200846003], [128.2951806858325, 51.39079558948249], [128.2951668703819, 51.39169471093676], [128.29487944142846, 51.39169298186665], [128.2948711484352, 51.392232454638176], [128.2951571991412, 51.39232409587062], [128.29472466732773, 51.39241141406251], [128.29486285518456, 51.39277192735878], [128.29442340309038, 51.39330880495229], [128.2945629740713, 51.3935794064531], [128.29427691676273, 51.39348776376422], [128.2941290455735, 51.39375663447036], [128.29384160376378, 51.39375490280577], [128.29383329795303, 51.394294375265936], [128.29354862255073, 51.394112818726526], [128.29324870933337, 51.39492029415039], [128.29281476306772, 51.39509751719227], [128.292955715974, 51.39527820847129], [128.29266826470143, 51.39527647389266], [128.29295155766488, 51.39554794458573], [128.2933882781802, 51.39519089696813], [128.294390206202, 51.395466694922916], [128.29438743960856, 51.39564651905037], [128.29381253229818, 51.395643056193606], [128.293795918614, 51.39672200070666], [128.29336472806455, 51.396719401613765], [128.29336057194678, 51.39698913768528], [128.29249818597035, 51.39698393469071], [128.2924940247169, 51.39725367069959], [128.2916316339276, 51.39724846130985], [128.29193575564454, 51.39617125449951], [128.29107616495023, 51.395986217096784], [128.291237956043, 51.39481823037233], [128.2908081739072, 51.39472570993053], [128.2909435576691, 51.39526605161628], [128.29065610659765, 51.39526431210279], [128.2906422002427, 51.39616343199039], [128.29035474356587, 51.396161691716266], [128.29033804822882, 51.39724063532791], [128.28989849999687, 51.39777749517397], [128.28989293110047, 51.39813714293191], [128.28945894142774, 51.39831435328253], [128.28945336897738, 51.39867400097308], [128.28887145296815, 51.39912007329325], [128.28900264416126, 51.399930152455035], [128.28814159945287, 51.3998350053065], [128.28812764152485, 51.40073412399896], [128.28769641377986, 51.4007315039074], [128.2876922237245, 51.401001239462424], [128.28682976335728, 51.400995994469476], [128.2868213729067, 51.40153546544068], [128.2856728133103, 51.40143855030809], [128.28551926169862, 51.40206705667027], [128.28465678169346, 51.402061795610244], [128.28465257355862, 51.40233153092522], [128.28422133111766, 51.402328897990074], [128.28421712038113, 51.40259863326706], [128.28364353189312, 51.40250520843879], [128.28306572824673, 51.40268151601628], [128.28306291652905, 51.4028613394794], [128.28205667299198, 51.402855179803716], [128.28205244944257, 51.40312491492869], [128.27816695844817, 51.403370809916886], [128.27816271193913, 51.40364054478768], [128.27557092630425, 51.40389431452433], [128.27556666444397, 51.40416404921648], [128.2734103710302, 51.40415070118711], [128.2734060964207, 51.40442043573846], [128.26823096856603, 51.404388238317516], [128.2682352736146, 51.40411850407508], [128.26694150076167, 51.40411041909682], [128.26694581335303, 51.40384068491918], [128.2652251166364, 51.403560148751616], [128.2652294392397, 51.40329041465214], [128.26479818963355, 51.40328771021717], [128.2648025147062, 51.40301797613089], [128.26422751871763, 51.40301436778414], [128.26408809897194, 51.40274373120099], [128.26336935841886, 51.4027392159629], [128.2630847523132, 51.402557585963166], [128.26337658070284, 51.40228965924718], [128.2620973302294, 51.40138240756523], [128.26224830702574, 51.400933755802335], [128.26182286951402, 51.40057139513099], [128.26184023772333, 51.399492458927675], [128.26140902416145, 51.39948974216465], [128.26141771293342, 51.39895027403862], [128.26113024064406, 51.39894846201669], [128.26113458661942, 51.39867872795194], [128.2615672403271, 51.39859153432791], [128.26099809588231, 51.39822826489685], [128.26101693083808, 51.397059417081195], [128.2601545496941, 51.39705397609289], [128.26016470290085, 51.396424596522486], [128.2604521593081, 51.39642641084964], [128.26031423164122, 51.39606585826261], [128.2606016858098, 51.39606767221407], [128.2606045849082, 51.39588784943818], [128.26017920684407, 51.395525482730044], [128.25974803074067, 51.3955227600045], [128.25947074221565, 51.39489156433554], [128.25890020728167, 51.39461819612212], [128.25862002911506, 51.39416682117335], [128.25790287860076, 51.39407236157927], [128.25790724279756, 51.39380262748541], [128.257476083111, 51.393799896466156], [128.25762416881807, 51.39353107289296], [128.25677059624778, 51.39298613909433], [128.25677788068612, 51.392536582295584], [128.2563496484225, 51.392354024457305], [128.2564962785627, 51.392175113613064], [128.25606513431165, 51.39217237746437], [128.2562117649699, 51.39199346697273], [128.255783540029, 51.39181090707862], [128.25578937508863, 51.39145126165045], [128.255501950162, 51.39144943601203], [128.25579375130408, 51.391181527564434], [128.25536115688433, 51.39126870022342], [128.25507811352415, 51.390997139488675], [128.25508979424404, 51.39027784862439], [128.2548082191467, 51.389916375857], [128.25438001914938, 51.38973381087122], [128.2542333886853, 51.38991271914002], [128.25409406705722, 51.38964207046715], [128.25366294684767, 51.389639325576965], [128.25366733528242, 51.38936959153743], [128.2530910478911, 51.38945584058831], [128.2529546627475, 51.38900536789293], [128.25237984394354, 51.38900170213043], [128.2505322484337, 51.38773101073617], [128.24967004470028, 51.38772549330972], [128.24996185583473, 51.38745759925664], [128.24881520233262, 51.387270413151], [128.24910554389695, 51.387092432505334], [128.24824629905126, 51.386907082083304], [128.24796479845998, 51.386545592971885], [128.24724631431653, 51.38654097989144], [128.2475366572805, 51.38636300311689], [128.24667890885203, 51.38608772999547], [128.24624486842077, 51.38626478045373], [128.24582117076523, 51.38581245062509], [128.24510269845635, 51.38580782444912], [128.24496492267247, 51.385447253776555], [128.2433872622136, 51.385257236480285], [128.2432480185558, 51.38498657502187], [128.2428169431625, 51.384983790411255], [128.2426687990019, 51.38525259541806], [128.24267621959382, 51.38480303947313], [128.24181407243884, 51.38479746447378], [128.2418185297692, 51.38452773094329], [128.2370782482923, 51.38440704429339], [128.2366456830642, 51.38449414808243], [128.23664119532998, 51.384763881290795], [128.2362101226893, 51.384761072386105], [128.23620563235175, 51.38503080555474], [128.2344768318093, 51.38528928702046], [128.23447233119734, 51.38555902005563], [128.23404125130426, 51.385556203142116], [128.23403674808867, 51.3858259361375], [128.23317458344462, 51.3858202974996], [128.23302638016673, 51.386089090029486], [128.23245460893742, 51.38590550475231], [128.23187682104873, 51.38608156049795], [128.2318738103734, 51.38626138238903], [128.2307212320379, 51.38643366337092], [128.2307182167955, 51.38661348520243], [128.2294234385749, 51.38669489904014], [128.22970328384847, 51.38714634295371], [128.228984793345, 51.38714161787585], [128.228698908812, 51.38704981574713], [128.22899083750028, 51.38678197438614], [128.22841604974303, 51.386778191200875], [128.22812109225117, 51.38722585281896], [128.22739957243564, 51.387400939702594], [128.22552997034194, 51.38747851936524], [128.22610173303272, 51.3876621383462], [128.22523953549066, 51.38765644118694], [128.22537868060476, 51.38792712350348], [128.22322317519902, 51.38791285536146], [128.22321404073242, 51.388452319748495], [128.22235182892948, 51.38844660128195], [128.22234725652146, 51.38871633340143], [128.2219161481922, 51.388713471762095], [128.22190242293965, 51.38952266796153], [128.22104019128858, 51.38951693976072], [128.22103103062776, 51.39005640371988], [128.2205999098401, 51.39005353718577], [128.22059532686865, 51.39032326911869], [128.21887083429195, 51.39031178701376], [128.21886624111156, 51.39058151882374], [128.2145549893205, 51.39055270227571], [128.21455960784536, 51.390282970742156], [128.21326624130722, 51.39027429493675], [128.2135567389568, 51.39009640314061], [128.2124086284325, 51.38999877172971], [128.2124132594858, 51.38972904030937], [128.2119821426624, 51.38972614208649], [128.21198677617815, 51.389456410681156], [128.21112454781573, 51.3894506095336], [128.21113846313688, 51.38864141540785], [128.21027625026773, 51.38863560808426], [128.21028553692514, 51.38809614538125], [128.20942333448076, 51.388090331826206], [128.2094279827695, 51.3878206005113], [128.20971693071328, 51.38773262860179], [128.20899688418956, 51.38781769138311], [128.20900618561865, 51.38727822877072], [128.20814399881138, 51.38727240586899], [128.2081579656172, 51.38646321202206], [128.2072957943023, 51.38645738294542], [128.20730977566066, 51.38564818915113], [128.20644761983772, 51.38564235389993], [128.20645695051644, 51.38510289141841], [128.20602587778092, 51.38509997147048], [128.20618201364343, 51.384381661624126], [128.20590086088626, 51.38402007283501], [128.20561504255252, 51.383928214627666], [128.20575250414055, 51.38428883027952], [128.20518086588874, 51.3841051124439], [128.20519644082603, 51.38320600831825], [128.20490907096223, 51.383204058822294], [128.20505898676538, 51.38284539198076], [128.20477161916958, 51.38284344215742], [128.20491218697896, 51.38302423799257], [128.20419532467906, 51.38292945079968], [128.20406099858553, 51.382389012496496], [128.20377207371766, 51.382476970638756], [128.20348783003604, 51.382295196879504], [128.20306615341144, 51.38175280377523], [128.20307239953274, 51.38139316218143], [128.2026429243549, 51.381300319540976], [128.2020854066339, 51.380307393148485], [128.20165750785046, 51.380124636537225], [128.2018058747887, 51.379855884132944], [128.2013748518282, 51.379852947288796], [128.2013873696016, 51.379133664139836], [128.20081737884828, 51.37886001481521], [128.20083147063647, 51.378050821238226], [128.2005425670733, 51.37813877157456], [128.20055822955533, 51.377239667541964], [128.19927307859555, 51.37678128687684], [128.19928092199223, 51.376331734912824], [128.20000550709685, 51.375976999711305], [128.19972288617024, 51.37570530644076], [128.19929190240686, 51.37570236210348], [128.1993122935509, 51.37453352670129], [128.1997432663415, 51.37453647091619], [128.1997526721123, 51.37399700828534], [128.20061460778422, 51.374002891847454], [128.20061930549616, 51.373733160456396], [128.201053400989, 51.373556278878624], [128.20105966105092, 51.37319663695503], [128.19976207759126, 51.37345754560332], [128.19975737488824, 51.373727276950724], [128.19846447952366, 51.373718439805536], [128.19846133928382, 51.3738982606402], [128.19716214880782, 51.37424905071342], [128.19716686684887, 51.37397931956127], [128.1945873750838, 51.37360193245148], [128.19388015621422, 51.37296762073513], [128.19344919877244, 51.37296465502068], [128.1933118669398, 51.37260402481899], [128.19259361036737, 51.3725990776225], [128.19202217058697, 51.37241529610508], [128.19202533588455, 51.37223547550882], [128.1915928020245, 51.37232241329209], [128.19159755246577, 51.3720526824198], [128.1910229543356, 51.37204871663849], [128.18988010577797, 51.371681135592944], [128.1898832793834, 51.37150131506905], [128.1860095759148, 51.37120470429473], [128.18601435897156, 51.37093497374323], [128.18472633720575, 51.37065625483348], [128.1847311277085, 51.37038652434257], [128.18415335549983, 51.370562345285826], [128.18415655141027, 51.37038252498271], [128.1830073992105, 51.37037451781131], [128.18272491348503, 51.37010278388835], [128.18100119650308, 51.37009074789172], [128.180431440109, 51.36981700003031], [128.17655310495127, 51.369789807579785], [128.17397725860604, 51.36923214834631], [128.17282813813316, 51.3692240414751], [128.17182752422772, 51.36894720903386], [128.1716887519455, 51.36867646397146], [128.17125783717003, 51.368673416822475], [128.17054939299186, 51.3681288754601], [128.1696892001931, 51.368032861381515], [128.1696940785898, 51.36776313178685], [128.1691179100436, 51.36784896869333], [128.1692664265139, 51.367580257623445], [128.1688371500772, 51.367487291761385], [128.16884203338452, 51.36721756219967], [128.1681254946312, 51.36712255555158], [128.16827890100137, 51.36658411616973], [128.1678496358974, 51.36649114672521], [128.16799815528756, 51.3662224372148], [128.1675705243193, 51.366039556909456], [128.16758030523462, 51.36550009781247], [128.167293048882, 51.3654980565726], [128.1671559445342, 51.36513739630128], [128.16717551517223, 51.36405847800253], [128.16803725728775, 51.36406460035273], [128.16804703202968, 51.36352514100898], [128.16847789814025, 51.36352819974894], [128.168641055273, 51.36245029997906], [128.16935914879892, 51.362455393282794], [128.16938191851366, 51.3611966539648], [128.1698143884245, 51.36110979772632], [128.1698192648794, 51.360840067802584], [128.17068094717757, 51.36084617043863], [128.1708440423738, 51.35976826683228], [128.17156209436214, 51.35977334644695], [128.1715669603195, 51.359503616342124], [128.1719977890833, 51.35950666196961], [128.17201724203906, 51.35842774130522], [128.1728788795549, 51.35843382757454], [128.17288859546167, 51.35789436704868], [128.17331940927335, 51.35789740774902], [128.17332911981964, 51.35735794711358], [128.17419073755062, 51.35736402364577], [128.17420043767777, 51.3568245628425], [128.17506204559172, 51.356830632922495], [128.1750668904836, 51.35656090244342], [128.17549769202387, 51.356563935078476], [128.17550737652348, 51.3560244740237], [128.17636896971177, 51.356030534425834], [128.17637864379384, 51.35549107320356], [128.17680943544192, 51.35549410097076], [128.1768142698412, 51.35522437031136], [128.1776758483038, 51.35523042103621], [128.1776806775697, 51.35496069030597], [128.17897303823761, 51.354969754427614], [128.1791214546694, 51.3547010298327], [128.17983942893534, 51.354706058368436], [128.1798442454058, 51.354436327467766], [128.18070580974057, 51.35444235584557], [128.18071062107813, 51.35417262487428], [128.18114140082835, 51.354175636658624], [128.1811686493344, 51.35264716074889], [128.18203178148974, 51.352563268859505], [128.1820493929646, 51.35157425458905], [128.18248174864306, 51.35148735093694], [128.18263333277878, 51.351038800764], [128.18249614962636, 51.35067815721549], [128.1827881128936, 51.35041042948917], [128.1833624391696, 51.35041443445736], [128.18338481542133, 51.349155688110564], [128.1838171458146, 51.349068779381255], [128.1838219379619, 51.348799047951886], [128.18468339743126, 51.348805046613336], [128.1846929713899, 51.34826558360108], [128.18555442104307, 51.34827157581372], [128.18556398459202, 51.3477321126353], [128.18599470447347, 51.34773510630904], [128.18601700647002, 51.346476358559485], [128.18688001411266, 51.34639243030566], [128.18690229078672, 51.345133681989516], [128.18733457674008, 51.34504676002171], [128.18753219700793, 51.34199079404307], [128.189690285626, 51.34173597706971], [128.1898433514053, 51.34119750564258], [128.19042073158883, 51.341021654032204], [128.19043498740157, 51.34021245726316], [128.1908656373227, 51.34021543272029], [128.1908846339336, 51.33913650340149], [128.19132160239297, 51.33877983397173], [128.19118596881458, 51.33832928890347], [128.19219551892533, 51.33806649006719], [128.1922034207077, 51.337616935896], [128.1930662510063, 51.33753296115555], [128.19307414412145, 51.33708340684682], [128.1937981543635, 51.33672870514397], [128.1943723112276, 51.336732655394144], [128.1943628548204, 51.33727212076504], [128.19508055950584, 51.33727705471539], [128.19536291901903, 51.337548759796896], [128.19537551197092, 51.336829472481874], [128.19624303908068, 51.33647574144639], [128.19739134730776, 51.33648361513945], [128.19754273498629, 51.33603504367708], [128.19797334651884, 51.336037992835465], [128.19797962229507, 51.33567834886607], [128.19826512607443, 51.33577022506798], [128.19899847729891, 51.3348760247804], [128.1992855445094, 51.33487798746304], [128.19915141040997, 51.33433753998541], [128.19958200620957, 51.33434048316157], [128.19958983470147, 51.33389092788856], [128.20031218029985, 51.33362609635889], [128.20033251487294, 51.332457252223534], [128.200909745333, 51.33228134799538], [128.2007724728589, 51.33192072432053], [128.20106264710978, 51.33174286033168], [128.2007755993526, 51.33174090208867], [128.20093162663372, 51.331022592288754], [128.2006461468338, 51.33093072261783], [128.20065083713757, 51.33066098923037], [128.2005010617698, 51.3310196542081], [128.20006893239724, 51.331106625657306], [128.19999425681667, 51.32714955526333], [128.20056985830797, 51.32706356344285], [128.20059799783857, 51.32544516188164], [128.2008850062793, 51.32544712038979], [128.2005995610691, 51.32535525067029], [128.2006089402826, 51.32481578337229], [128.2014730768921, 51.32464183417415], [128.20134363066617, 51.323831654529904], [128.20191762754257, 51.32383556710197], [128.20193323278403, 51.32293645438694], [128.20279732909484, 51.32276249518647], [128.2028113578307, 51.321953293427086], [128.20324183804553, 51.3219562226496], [128.20325585855588, 51.321147020690766], [128.20282538591425, 51.32114409155252], [128.20283162040866, 51.32078444623796], [128.20240271065012, 51.32069160423241], [128.20241986401228, 51.31970257958742], [128.20199096516777, 51.319609736104695], [128.20227949690883, 51.31952177970413], [128.20199720584554, 51.31925009076837], [128.20242766067284, 51.31925302287372], [128.20244169415434, 51.318443820699464], [128.20201124689905, 51.31844088867847], [128.20202528729973, 51.317631686473355], [128.2015948476886, 51.31762875295494], [128.20160265183543, 51.31717919617142], [128.2020346472042, 51.31709221827261], [128.20175237234633, 51.31682052870608], [128.20232784115203, 51.31673452751472], [128.20204244690294, 51.31664266139955], [128.202195281395, 51.316104170539795], [128.20177577888762, 51.315471858009964], [128.201933292559, 51.314663633175044], [128.20164635133276, 51.3146616775266], [128.20193797259083, 51.314393898949625], [128.20165259360212, 51.31430203191489], [128.20168380301422, 51.31250380351497], [128.20096648373286, 51.312498911693815], [128.20084176418442, 51.31141899571454], [128.2001244619651, 51.31141409880969], [128.19999194694773, 51.310783738970514], [128.19956470049095, 51.3106009754263], [128.1995787799924, 51.309791772614325], [128.19886150336458, 51.30978686808467], [128.1990112205048, 51.30942820366096], [128.1987258781345, 51.30933632957814], [128.19873683989454, 51.30870694961549], [128.19816303222407, 51.308703022276994], [128.1978808312582, 51.308431323319034], [128.19789023668122, 51.307891854811494], [128.19760333797188, 51.307889889441846], [128.1970389558713, 51.30734648814864], [128.19704837080056, 51.30680701965178], [128.19661803298376, 51.30680406828458], [128.1966227428612, 51.30653433404522], [128.19576207249108, 51.30652842662409], [128.19578093144796, 51.30544948976516], [128.19492028154698, 51.305443576246375], [128.19492972067513, 51.30490410785345], [128.19421252105442, 51.30489917518473], [128.19450254887067, 51.30472132598911], [128.19379165366544, 51.30435674518269], [128.1939382420041, 51.30417790979389], [128.1932226303336, 51.30408305972571], [128.1932273596559, 51.30381332558517], [128.19280335925095, 51.30345071479786], [128.1916590357386, 51.30326297703511], [128.19110426335277, 51.30218007909433], [128.19067238810416, 51.30226701742632], [128.19082372484615, 51.301818451829696], [128.18953602059293, 51.30162970231909], [128.1895439380779, 51.301180145630354], [128.1892634178822, 51.30081851464806], [128.18840602732288, 51.30063273096951], [128.18784025562965, 51.300179196883924], [128.18813503641792, 51.29973162931408], [128.18770635268956, 51.299638734163736], [128.18799478567712, 51.29955081221961], [128.1881477253321, 51.29901233860984], [128.18771587441748, 51.29909926619277], [128.18757880159936, 51.298738625925054], [128.18600912813045, 51.298278113636684], [128.18601230854927, 51.29809829101905], [128.1857254717303, 51.29809629682245], [128.18587366154264, 51.29782756008098], [128.18445063886404, 51.29718820142145], [128.18301648401277, 51.297178204414195], [128.18287626111862, 51.29699738123618], [128.18316309088615, 51.29699938238104], [128.1831662822785, 51.29681955985118], [128.1825910282047, 51.29690546813743], [128.18259581861716, 51.29663573437461], [128.1818771518305, 51.29672063798671], [128.18173853326152, 51.29644990221737], [128.18087805463594, 51.29644388625371], [128.18088285500744, 51.29617415258481], [128.17959214518902, 51.296165116872025], [128.17959695304805, 51.29589538327691], [128.17788083561592, 51.29561358015622], [128.17788565340823, 51.29534384665116], [128.1774554248111, 51.29534082535074], [128.1774602450493, 51.29507109186182], [128.17674320175422, 51.29506605289731], [128.1768898260877, 51.294887238734105], [128.17646121053892, 51.29479430264816], [128.17660944345428, 51.29452557767721], [128.1761808318428, 51.294432640577064], [128.17575866202256, 51.293980057351654], [128.1749014541878, 51.29379417540505], [128.17475482568952, 51.29397298709243], [128.17461786940493, 51.293612331870726], [128.1737590592352, 51.29351635271944], [128.17233310588742, 51.293056669910015], [128.1723363391345, 51.29287684774671], [128.17147592932912, 51.29287076299861], [128.1701917983801, 51.29250197987497], [128.1701950399273, 51.29232215779185], [128.16933464095504, 51.292316057357574], [128.16933950825324, 51.29204632428068], [128.16862251354016, 51.2920412358056], [128.16848398688552, 51.29177048455265], [128.16805541761426, 51.29167751785964], [128.16748020057815, 51.291763352152266], [128.1674834526314, 51.291583530169916], [128.1666295787809, 51.29121776597168], [128.16505711235936, 51.29093679632325], [128.1650620044791, 51.2906670634755], [128.16149843362132, 51.28947260531899], [128.16121984292732, 51.28902099689981], [128.16064628601717, 51.28901688687111], [128.1605078152754, 51.288746126301916], [128.16007929053768, 51.288653130572456], [128.15994410531326, 51.28820254759547], [128.15894039897947, 51.28819534234843], [128.1576581450295, 51.28773651170493], [128.15624736241165, 51.28646743668934], [128.15496188327393, 51.286188398346965], [128.15496518356662, 51.286008576768246], [128.15424993703954, 51.285913489940114], [128.15425324008015, 51.285733668385916], [128.15339296772757, 51.285727451388695], [128.1531095178298, 51.28554555614502], [128.15311613269697, 51.28518591311404], [128.15282937870725, 51.285183838714886], [128.1519840200463, 51.28436841463998], [128.15127046257805, 51.2841833989898], [128.15126714807266, 51.28436322045331], [128.1509803993431, 51.28436114154988], [128.15099200388048, 51.28373176644916], [128.15042017323668, 51.28363769590785], [128.15042349096353, 51.28345787446139], [128.14999171673344, 51.28354466349705], [128.14999835547692, 51.2831850206326], [128.14956990404542, 51.28309198669476], [128.1492898075268, 51.28273026084523], [128.14885803804867, 51.28281704573289], [128.14886302362987, 51.2825473136323], [128.1481478438272, 51.28245218978356], [128.147012555768, 51.281814464965294], [128.14643742417599, 51.28190019642245], [128.14644409028577, 51.28154055378845], [128.14558056160772, 51.28171410106399], [128.14558389800337, 51.28153427978424], [128.1450121059582, 51.281440182975786], [128.14501711381914, 51.28117045108127], [128.14358514431007, 51.28107006287865], [128.1430217279822, 51.28052640338212], [128.14259164165713, 51.280523254643334], [128.14217160411397, 51.27998064083946], [128.14117311170267, 51.27970355240326], [128.1411781417359, 51.279433820698884], [128.14074638831255, 51.27952057579568], [128.14089645608473, 51.27916198553555], [128.1404663827399, 51.27915882905011], [128.14032973817643, 51.27879813430834], [128.13947631826446, 51.27843217345563], [128.13948303790258, 51.27807253126172], [128.13876626625807, 51.278067261002164], [128.13891466356438, 51.27779858378506], [128.13863131970075, 51.27761665375029], [128.13863804574095, 51.27725701158581], [128.13806632129516, 51.27716288110742], [128.1377914003051, 51.276531396376384], [128.13782674352555, 51.274643274822694], [128.13797850023533, 51.274194777465326], [128.1384102087061, 51.27410803228505], [128.13841525391197, 51.27383830051694], [128.13999872141895, 51.27349025082155], [128.14015213136472, 51.272951839797486], [128.14043880826335, 51.272953944885536], [128.14015716616336, 51.27268210785249], [128.1407305166391, 51.27268631728639], [128.14088726884117, 51.271968083822244], [128.14131895104478, 51.27188132775883], [128.14133403413553, 51.27107213148906], [128.14162069942634, 51.27107423362869], [128.14162572528963, 51.270804501492925], [128.14206074404242, 51.27053792117742], [128.14263406811983, 51.27054212116534], [128.14263908795485, 51.27027238893343], [128.14392906008365, 51.27028182855209], [128.14391903543705, 51.27082129318404], [128.14434736137, 51.270914347402844], [128.14433901141246, 51.27136390126661], [128.1447690124225, 51.27136704318958], [128.14478737281598, 51.27037802453178], [128.14564902400843, 51.270294392604114], [128.1456540261481, 51.27002466014846], [128.14608401480623, 51.27002779718387], [128.14608901435165, 51.2697580646853], [128.1469489868666, 51.269764333959024], [128.1469439923547, 51.27003406651768], [128.1490939375786, 51.27004971221963], [128.1490989195066, 51.26977997951103], [128.14995889310288, 51.2697862266789], [128.14996884666053, 51.269246761103425], [128.15125879253245, 51.26925611983341], [128.15141205636604, 51.268717692988936], [128.15255866214642, 51.26872599836737], [128.15256362355598, 51.26845626535543], [128.1534235732166, 51.26846248696126], [128.15342852951622, 51.268192753876846], [128.15772825725207, 51.26822376687333], [128.1577331883096, 51.267954033478865], [128.15859312974118, 51.267960217071966], [128.15859805568937, 51.26769048360539], [128.15988796085915, 51.26769974706451], [128.15989287918165, 51.26743001349634], [128.16075281130944, 51.2674361811822], [128.16075772452288, 51.267166447542074], [128.1647707216509, 51.26719514629618], [128.16548570047337, 51.267290167923605], [128.16548244344327, 51.26746999056495], [128.16720231194589, 51.267482237519594], [128.16720718741266, 51.26721250343808], [128.16634725804312, 51.26720638317718], [128.16635376525846, 51.266846737793415], [128.16764527362685, 51.26676600432037], [128.1676420250855, 51.26694582707659], [128.16850194987506, 51.26695193780573], [128.16849708203304, 51.26722167198795], [128.1693553912038, 51.267317687870886], [128.16935214927247, 51.26749751068805], [128.1727918929084, 51.26752186565548], [128.17278705008073, 51.26779160010394], [128.17364699177338, 51.267797673115105], [128.17364215390384, 51.26806740760894], [128.17794028776993, 51.26818758981211], [128.17923181491125, 51.268106728614654], [128.1792350183556, 51.26792690536897], [128.18009176387673, 51.26811275431622], [128.18654139057307, 51.268157745763794], [128.1865461529451, 51.26788801040419], [128.18740609939456, 51.267893982364676], [128.18741085665977, 51.26762424693502], [128.1887007693366, 51.26763319294805], [128.18870551897854, 51.26736345741985], [128.1895654560978, 51.26736941347688], [128.1895702006332, 51.267099677878775], [128.19086009931348, 51.26710860003706], [128.19086483622607, 51.266838864340635], [128.19172476401346, 51.2668448044948], [128.1917294958198, 51.266575068728635], [128.192159457307, 51.266578036408966], [128.1921641865237, 51.26630830060154], [128.19302410468492, 51.26631423116879], [128.19302882879572, 51.26604449529173], [128.1938887422168, 51.26605041948682], [128.19389346122182, 51.26578068354016], [128.19432341552567, 51.2657836432411], [128.1943281319413, 51.265513907253265], [128.19605264609913, 51.26525599404158], [128.19620537329558, 51.26471750584858], [128.1973518924653, 51.264725372120054], [128.19735659097594, 51.26445563588287], [128.19821647566047, 51.26446152816246], [128.19822116906616, 51.26419179185599], [128.19865110900136, 51.26419473559947], [128.1986557998183, 51.26392499925198], [128.19951567487442, 51.26393088194634], [128.1995234843546, 51.26348132124478], [128.20096906850026, 51.26277181409926], [128.20082887809932, 51.26259101151385], [128.2016887287208, 51.26259687813989], [128.20169340149118, 51.26232714151851], [128.2029925006474, 51.26179645608394], [128.20299716565358, 51.26152671933995], [128.20342708122652, 51.261529645436894], [128.2045874900202, 51.260728230027475], [128.2051607010902, 51.2607321233098], [128.20516845461586, 51.26028256174391], [128.20603445904413, 51.25992874695951], [128.20603910593655, 51.25965900992993], [128.2066138517405, 51.259572983689054], [128.20734117279554, 51.258948450716794], [128.20820250151172, 51.25886435681731], [128.20820713553982, 51.25859461959701], [128.20863702430583, 51.25859752644441], [128.20864319954467, 51.25823787676029], [128.2103704440116, 51.25779992589464], [128.21037506517695, 51.257530188484004], [128.21080494424012, 51.25753308732814], [128.21095747268615, 51.256994578325035], [128.21167392960635, 51.25699940525505], [128.2116816185759, 51.25654984269407], [128.21211456248716, 51.256372911648555], [128.2121191732111, 51.25610317405866], [128.2129819755762, 51.255929132141986], [128.2129881163273, 51.255569481916936], [128.21327469035148, 51.255571408206194], [128.2132838978873, 51.25503193278903], [128.2138601062044, 51.254855958014375], [128.21387390677222, 51.254046744656364], [128.21430375371256, 51.254049630513975], [128.21445776155048, 51.253421203782814], [128.21517722510225, 51.25324618377274], [128.2153358095263, 51.25234801777138], [128.2156223636864, 51.25234993822818], [128.2157702294785, 51.252081160181206], [128.21563307249866, 51.251720549534234], [128.21592115201912, 51.25163255656437], [128.21607207157672, 51.25118395270598], [128.21650342012688, 51.251096917675355], [128.2165492587176, 51.24839953591921], [128.2156896697956, 51.24839377956611], [128.21569425829213, 51.248124041375284], [128.21483620584078, 51.24802836605123], [128.21485764123605, 51.24676958789596], [128.21443092585477, 51.24658687890759], [128.21457877972415, 51.246318102052015], [128.21415513437273, 51.24595556659324], [128.21430605189857, 51.24550696457227], [128.21402107295918, 51.245415128338095], [128.2140578531178, 51.243257222210964], [128.21362810680367, 51.2432543358817], [128.21363270651636, 51.24298459758589], [128.21320449684595, 51.24289179694782], [128.21322137097732, 51.24190275650616], [128.21279163737063, 51.24189986716018], [128.21279624175315, 51.241630128855725], [128.21194138911625, 51.24135460722485], [128.21195521669907, 51.240545392362534], [128.21109885117204, 51.24035977740186], [128.21110961712947, 51.239730388094394], [128.21067990398134, 51.239727491083], [128.21054282254906, 51.23936687404724], [128.21025634940594, 51.23936494150417], [128.21026866602725, 51.23864563945572], [128.20941542500816, 51.238280186784216], [128.2094200485395, 51.23801044853111], [128.2089965195365, 51.23764789439944], [128.20901656448495, 51.23647902853458], [128.20858688184254, 51.23647612397033], [128.2084621695448, 51.2353962022608], [128.2087624985666, 51.23458892402018], [128.20904740024258, 51.2346807728885], [128.20893193275487, 51.23306137442517], [128.20950480060174, 51.23306524495531], [128.20952482939433, 51.231896378026875], [128.20881184676847, 51.2317117139553], [128.20867480308917, 51.23135109440771], [128.2078186213003, 51.231165455960415], [128.20782479687495, 51.23080580465238], [128.2073951671931, 51.23080289594185], [128.20739980130173, 51.23053315747376], [128.20682696518583, 51.230529276777325], [128.2056936773954, 51.22980220462807], [128.20526095963942, 51.22997911371222], [128.20483908614943, 51.22952663171893], [128.20412615911417, 51.229341939271805], [128.2034085806403, 51.22942698077254], [128.20312372267185, 51.22933511828849], [128.20341323782705, 51.22915724250123], [128.20284197284258, 51.22906342962113], [128.20270342979725, 51.228792715911425], [128.20213061594148, 51.22878881232474], [128.20184887528717, 51.22851712128186], [128.2014161550557, 51.2286940161775], [128.20127762148027, 51.228423300804785], [128.2005616101617, 51.22841841218617], [128.20013823834805, 51.22805582610579], [128.1997055159752, 51.22823271468064], [128.19956699381424, 51.22796199731238], [128.19856927372322, 51.22768539939222], [128.1975668746269, 51.227678530974764], [128.19771320128683, 51.22749968738586], [128.19742836666984, 51.22740781111277], [128.19656760720258, 51.22749182870636], [128.19657073844715, 51.227312003433916], [128.19571781565827, 51.22694645161758], [128.19443060819466, 51.22684767531435], [128.19443374769511, 51.22666785011628], [128.19386410307465, 51.22648408099572], [128.19343137171984, 51.2266609463784], [128.19329289106935, 51.226390221697216], [128.19172088893987, 51.22619952870808], [128.191436074417, 51.226107637920116], [128.1915824197022, 51.225928802032755], [128.19100964295762, 51.22592484417748], [128.19029998321236, 51.22556024282418], [128.18986882563343, 51.22564718251954], [128.18973036890773, 51.225376453683616], [128.1884416374307, 51.225367524243374], [128.1881615802912, 51.22500588805959], [128.18773042396472, 51.225092819890286], [128.18759039846734, 51.22491200103933], [128.18573209056967, 51.22471923958082], [128.1853072821149, 51.22444651273996], [128.18344741188085, 51.22434362753403], [128.18316421704014, 51.224161804321106], [128.18216508530048, 51.22397497957741], [128.1793029299042, 51.22386502008133], [128.17773748206776, 51.223314490644505], [128.1777406862169, 51.223134666082316], [128.17745431615361, 51.223132653714], [128.17746072658397, 51.22277300459825], [128.1766016232861, 51.22276696336672], [128.17661124872376, 51.22222748976609], [128.17575215576377, 51.22222144234488], [128.17576660842136, 51.22141223202154], [128.17533706958287, 51.221409206033385], [128.17534188949617, 51.221139469262276], [128.17234964928312, 51.22030903363155], [128.16934295344453, 51.22028773115516], [128.16919492188185, 51.220556451217455], [128.16804788748337, 51.22063822629527], [128.16789822613717, 51.22099685675652], [128.16573592824787, 51.221790775087086], [128.16573267747822, 51.22197059914552], [128.16515995356866, 51.22196651501254], [128.16371999778954, 51.22240585231245], [128.1634287435345, 51.22267354155832], [128.16285601123803, 51.222669446111276], [128.1627079341962, 51.22293815764864], [128.16099136286036, 51.222835940368284], [128.15942780884012, 51.222195255198116], [128.1592911791884, 51.22183457919476], [128.1588632769832, 51.221741580849915], [128.1585883919694, 51.22111013922897], [128.15801896051937, 51.22092619645448], [128.15774081007305, 51.22047457657655], [128.15716810589805, 51.2204704534213], [128.157176315744, 51.22002089413321], [128.1568965364509, 51.21965918410789], [128.15775557760486, 51.2196653697138], [128.15776542224535, 51.21912589840776], [128.15747907850616, 51.21912383727914], [128.1569195302265, 51.218400417923746], [128.15693102649183, 51.21777103472677], [128.15664469121887, 51.21776897159545], [128.15636985963667, 51.217137524588985], [128.156081884423, 51.217225371982614], [128.15623326842845, 51.21677684488688], [128.14792973965558, 51.21671668101175], [128.14834927809548, 51.217259277601634], [128.14833600598448, 51.217978571146304], [128.14876550993498, 51.21798169608142], [128.14875721876973, 51.21843125455032], [128.14918175468705, 51.21870411305337], [128.1491602071979, 51.219872964979444], [128.14958972886828, 51.21987608697174], [128.1495797884053, 51.220415557069906], [128.15043718691447, 51.2205117081434], [128.15041898024418, 51.221500736726675], [128.15127640070926, 51.22159688173691], [128.1512582113181, 51.2225859103507], [128.15211730569908, 51.222592137593686], [128.15210243776258, 51.22340134287364], [128.1529615475104, 51.22340756399004], [128.1529565963984, 51.22367729911727], [128.15338615389734, 51.22368040734064], [128.15337130763234, 51.22448961273457], [128.15408724951828, 51.22449478975252], [128.15422055006925, 51.22503529494805], [128.1549348539674, 51.22513037854132], [128.155064873416, 51.22585070621532], [128.1559240294197, 51.22585690579667], [128.15590922650594, 51.2266661114174], [128.15633881215385, 51.2266692089323], [128.15633388020714, 51.2269389441432], [128.15719305675302, 51.22694513450256], [128.15717827551904, 51.22775434023612], [128.15789426876017, 51.22775949419965], [128.15802270057836, 51.22856973026254], [128.15888190786248, 51.22857590836423], [128.15887207295495, 51.229115378948876], [128.1593016817329, 51.22911846569383], [128.1592967666759, 51.229388200996475], [128.16101030750264, 51.229670267735116], [128.16100049709675, 51.23020973851249], [128.16228935492992, 51.2302189707201], [128.1622795592872, 51.23075844162302], [128.16313880826615, 51.230764588661934], [128.16312902236513, 51.23130405963129], [128.16398828169176, 51.2313102004806], [128.1639833936502, 51.23157993600484], [128.16441302593827, 51.23158300409362], [128.1644081403324, 51.231852739634434], [128.1661218046494, 51.23213473198369], [128.16611692893792, 51.232404467616256], [128.1669762094128, 51.23241058662413], [128.1673961131827, 51.232953115165174], [128.1682537830371, 51.23304913674356], [128.16824567731967, 51.23349869629684], [128.16952977341649, 51.23377758494284], [128.16952491734534, 51.23404732073256], [128.17037937803988, 51.23432315069533], [128.1703745268419, 51.23459288651778], [128.17109062862485, 51.23459796023595], [128.1712290027569, 51.23486871032185], [128.17251799410138, 51.234877830485566], [128.17251315531226, 51.23514756642806], [128.1740885993028, 51.23515869412626], [128.17422699271697, 51.23542944072978], [128.17522955442604, 51.23543650979384], [128.1755111793476, 51.235708264069544], [128.1790869810424, 51.236003168461785], [128.17936863221848, 51.23627491354813], [128.18037121359572, 51.23628193865538], [128.18150744848202, 51.23682942979476], [128.18365586461428, 51.23684443394049], [128.18365109061554, 51.23711417054485], [128.1840807765759, 51.237117166671155], [128.1840760050154, 51.23738690329141], [128.18665413739987, 51.23740484709999], [128.1866588938874, 51.2371351103078], [128.19310419874105, 51.23717972098973], [128.19309947993625, 51.23744945820936], [128.19567291775434, 51.23773694066476], [128.1956682138771, 51.23800667802879], [128.19738699651327, 51.23801847676267], [128.19738230261248, 51.23828821422693], [128.19824169939125, 51.23829410418672], [128.19823701044254, 51.238563841694614], [128.1995261136919, 51.23857266488924], [128.19952143220783, 51.23884240246886], [128.20038083976118, 51.238848276768415], [128.20037616322958, 51.23911801439151], [128.2008058696273, 51.239120949203425], [128.2008011955358, 51.23939068684184], [128.2016590572016, 51.23948646435193], [128.20165127522336, 51.23993602714069], [128.20251070359996, 51.23994188589165], [128.20250137501162, 51.24048136130347], [128.2035040535415, 51.24048818866924], [128.20378742862536, 51.240669962949724], [128.2037812193928, 51.241029613296554], [128.20449277421827, 51.241304220860854], [128.20462206022816, 51.24211440762557], [128.20505179498713, 51.242117326971865], [128.20547533347528, 51.242479895145664], [128.20546294040605, 51.24319919588737], [128.20631778788098, 51.243474764726486], [128.20602819335184, 51.243652646920324], [128.2063038599299, 51.2442839780813], [128.2062899313321, 51.24509319132088], [128.20685830861095, 51.24536681318622], [128.20669803775925, 51.246354880715934], [128.2069783685224, 51.246716472429235], [128.20682737571897, 51.247165064579974], [128.2071108047347, 51.24734683084487], [128.206790252035, 51.2493229655014], [128.2070721476975, 51.249594644370795], [128.2067840643074, 51.2496826155753], [128.20677787645207, 51.250042265626455], [128.20706286926657, 51.250134119484734], [128.20705049757848, 51.250853419556975], [128.20661603915985, 51.251120244671725], [128.20675467085718, 51.251390953115575], [128.20617847926283, 51.251566893089404], [128.20617383452804, 51.25183663050305], [128.20660366006484, 51.25183954454439], [128.2064526462872, 51.252288135731284], [128.20573471434915, 51.252373189616684], [128.20556974483736, 51.25363099150866], [128.20485179038886, 51.2537160398608], [128.20484248460912, 51.254255514302706], [128.20441263672978, 51.25425259369731], [128.20440487750207, 51.254702155646484], [128.20353895934505, 51.25505595906681], [128.20353429858662, 51.255325696146144], [128.20324617260295, 51.25541365837082], [128.20338635100248, 51.255594458228], [128.202235388815, 51.255856389007164], [128.2022276079089, 51.25630595059467], [128.20136631664624, 51.2563900007314], [128.20136164295215, 51.25665973760638], [128.20020596226726, 51.25719138503707], [128.19689615761652, 51.25797803155741], [128.1957513753425, 51.25788024941161], [128.1951719208316, 51.258235958743484], [128.194598742202, 51.25823201669112], [128.1947451786518, 51.25805317822508], [128.1931657961958, 51.25822214928384], [128.18930159059403, 51.25792568367826], [128.18929684604035, 51.25819541968354], [128.18843708014612, 51.258189462410094], [128.18830011973918, 51.25782882099631], [128.18715218898586, 51.257910778799626], [128.18701523945336, 51.25755013591425], [128.18629877828963, 51.257545158039385], [128.18630354027744, 51.25727542220428], [128.18572878640842, 51.257361348719634], [128.18544379218142, 51.257269443024484], [128.1854485591256, 51.25699970723386], [128.1851619781692, 51.256997712790074], [128.18501550807204, 51.25717653914788], [128.18529891158357, 51.257358357804904], [128.185012328408, 51.257356362984886], [128.18500755885032, 51.25762609872975], [128.1854374361411, 51.25762909072538], [128.18543266902475, 51.257898826486084], [128.18629242885783, 51.25790480579958], [128.186287666698, 51.25817454160478], [128.18800719730928, 51.258186481405794], [128.1880024451365, 51.25845621731259], [128.18828745184805, 51.25854811681564], [128.18756780509648, 51.25872297056672], [128.1869866911303, 51.259168550941915], [128.1855584853258, 51.25888885452474], [128.18368289307364, 51.259595174378596], [128.1816783114554, 51.259491255973174], [128.18139011824806, 51.2595791640334], [128.18153022309036, 51.25975998960217], [128.1811003263436, 51.25975698317094], [128.18110511913045, 51.2594872477874], [128.1806752249733, 51.259484239806525], [128.1806800202013, 51.25921450443898], [128.1802501286337, 51.25921149490851], [128.17982663736967, 51.258848836699855], [128.17939514842104, 51.25893573581846], [128.17939995104635, 51.258666000511845], [128.17897006473225, 51.25866298630385], [128.1785449860739, 51.25839023525578], [128.17854979358083, 51.25812049998129], [128.17797982594985, 51.25793665305683], [128.17799105088554, 51.25730727076984], [128.17770607263841, 51.257215346307554], [128.17771409295443, 51.256765787513395], [128.17699925108036, 51.25667084102457], [128.17714896078795, 51.25631220130523], [128.175717688588, 51.25621220885869], [128.17557922541772, 51.25594146465091], [128.17429447614853, 51.25566264044592], [128.1710005190222, 51.25554943679566], [128.17027923639753, 51.25581409588634], [128.16913618805071, 51.25562614233454], [128.16912808440404, 51.256075700244665], [128.1704144315015, 51.256264669437094], [128.17040310353215, 51.25689405063593], [128.1691118764834, 51.25697481595798], [128.1691070139441, 51.257244550644174], [128.16480829791317, 51.257213960188345], [128.16480503941176, 51.25739378310991], [128.16437353644588, 51.257480626812914], [128.16308391579255, 51.257471414076015], [128.16293572591204, 51.25774012380162], [128.16164446302702, 51.25782080657409], [128.1617844848543, 51.258001655444], [128.16063978056937, 51.25790353028038], [128.16063486829017, 51.25817326434155], [128.16049485047657, 51.25799241412031], [128.15963181583135, 51.258166068006176], [128.15963509460497, 51.25798624534614], [128.15892027238266, 51.25789118856254], [128.15705418440595, 51.258057612414945], [128.1563393665879, 51.2579625398922], [128.15648595005277, 51.257783749972276], [128.1560593671458, 51.25760082915617], [128.1551963235261, 51.25777445030944], [128.15505797660555, 51.25750368244369], [128.15490314554577, 51.258132026679476], [128.15361185866425, 51.25821262072541], [128.15360855636533, 51.2583924430999], [128.1521789280738, 51.258202251650395], [128.15016785309925, 51.25845743880377], [128.1494530437971, 51.25836232427507], [128.14874155877985, 51.25808738324222], [128.1487448800304, 51.25790756108486], [128.1483150041506, 51.25790443434584], [128.14831168122333, 51.25808425648322], [128.14759854452245, 51.257899219606735], [128.14687709232157, 51.25816373358736], [128.14688042085498, 51.25798391151949], [128.14544583282063, 51.25806337108803], [128.14444779370544, 51.25778631168937], [128.14401124004888, 51.25814281305133], [128.14229173033902, 51.25813022705861], [128.14242163898453, 51.25885056424084], [128.1412719314107, 51.25902198251591], [128.14070545629107, 51.25865813301993], [128.1402738971265, 51.25874488759743], [128.14030073106954, 51.25730631351899], [128.13944434993755, 51.25712017475803], [128.13945610070581, 51.25649079860499], [128.1388829518903, 51.256486583875], [128.13903127750962, 51.256217905192386], [128.13860477906326, 51.256034921120964], [128.13861150013014, 51.25567527762574], [128.13818332728908, 51.25558220290852], [128.13776692934064, 51.25485975058177], [128.13733708311645, 51.25485658366647], [128.13734381379066, 51.25449694021831], [128.13677405760373, 51.254312893558016], [128.13692407177717, 51.25395430661097], [128.13649591836204, 51.25386122578671], [128.13650265535935, 51.25350158235666], [128.13607282194207, 51.25349841085892], [128.13607787711314, 51.253228678301774], [128.1352249623533, 51.252862687284484], [128.13523170902525, 51.2525030439132], [128.13452377592466, 51.252048195340926], [128.13452883989694, 51.25177846282677], [128.13410408917676, 51.25150555166108], [128.1341209766371, 51.250606443246326], [128.1344092022572, 51.250518651590305], [128.1339793968873, 51.250515472537366], [128.1342693106033, 51.250337770371594], [128.13413110869507, 51.25006697812889], [128.1348491313315, 51.24998236383784], [128.1348744390254, 51.248633700544], [128.13530928574548, 51.24836714350036], [128.13533120626445, 51.24719830153142], [128.13578120383374, 51.24612254409134], [128.1362143371582, 51.245945894398545], [128.13622107444831, 51.245586250506115], [128.13694407218944, 51.245231889990954], [128.1370940546438, 51.24487330212598], [128.13752380777714, 51.24487646949623], [128.13798885765704, 51.24299150338869], [128.13841859335554, 51.24299466739156], [128.13842363291172, 51.2427249341812], [128.13799558039844, 51.24263185914578], [128.13886344002816, 51.24218863005643], [128.1390133974034, 51.24183003942877], [128.1397329602282, 51.24165548330071], [128.13974134623206, 51.241205927684426], [128.14017274182794, 51.24111917403807], [128.14020123823852, 51.23959068447985], [128.14049608576764, 51.239143232612165], [128.14035620411943, 51.23896235836902], [128.1410723682047, 51.23896761605303], [128.14107906593784, 51.23860797127051], [128.1415137818399, 51.238341390105525], [128.14153721073157, 51.23708263298576], [128.14110752976185, 51.2370794806898], [128.14111757522147, 51.23654001332747], [128.14054634941084, 51.236445896674795], [128.1405564012061, 51.235906429333056], [128.13970544610862, 51.23545056000951], [128.1394173249254, 51.23553836542641], [128.13943409920708, 51.23463925328765], [128.13886122192557, 51.23463503972492], [128.13858989452015, 51.23382373102689], [128.13759746276637, 51.23327688113874], [128.13616531280869, 51.2332663197022], [128.13573735249682, 51.23317323669903], [128.13574240596304, 51.232903503223845], [128.13516786519588, 51.23298918284102], [128.1350297087456, 51.23271839108425], [128.13359757709495, 51.23270779831214], [128.1334594307076, 51.23243700473698], [128.13231204164725, 51.23251842766952], [128.13074348159952, 51.23214709390997], [128.13003759859228, 51.23160230729014], [128.1300477715251, 51.23106284099438], [128.130477395207, 51.231066033622966], [128.13048756280287, 51.23052656721456], [128.13005794414315, 51.230523374647156], [128.1300630303341, 51.230253641454254], [128.12934700359452, 51.23024831705565], [128.12892417804926, 51.22988547614579], [128.12849286711506, 51.22997218890243], [128.12864116595935, 51.2297035220569], [128.1283547587603, 51.229701389360024], [128.12821665200937, 51.22943058965002], [128.12735743569692, 51.22942418636499], [128.12750573933513, 51.22915552095659], [128.12679313349707, 51.22897035898174], [128.12664652830753, 51.22914911247729], [128.12665163419166, 51.228879379465276], [128.12593733276674, 51.228784123309616], [128.12579924291967, 51.228513320786604], [128.12508494897654, 51.2284180594585], [128.12508153901297, 51.228597881407076], [128.12479513894834, 51.22859574003273], [128.12494345474536, 51.22832707789273], [128.1243757770717, 51.22805306089699], [128.1239427677847, 51.22822966791181], [128.12366149328827, 51.22795779092236], [128.1229455033968, 51.2279524275333], [128.12265739782615, 51.22804019187538], [128.12265226874584, 51.22830992463868], [128.1220777617715, 51.228395540222415], [128.12179649732093, 51.22812365880681], [128.11836832739831, 51.22764826566597], [128.11765922088895, 51.227283226674466], [128.11766609830985, 51.22692358340556], [128.11653087136287, 51.22637547654367], [128.11624448574855, 51.226373314313065], [128.11623587526938, 51.22682286826601], [128.11537498647536, 51.226906288032076], [128.1155216279239, 51.226727548767236], [128.1152352402025, 51.22672538405663], [128.1152317920612, 51.22690520558226], [128.11494540325958, 51.22690304015714], [128.1149505771318, 51.226633307887276], [128.11452099650657, 51.22663005846692], [128.11438988284993, 51.22599959972687], [128.11310461543906, 51.225810019197816], [128.1129683381858, 51.22544929108267], [128.11225757861905, 51.225174130328554], [128.11169866978045, 51.22445049866521], [128.11112592322763, 51.22444614997208], [128.1108430149579, 51.22426415318651], [128.11084994475686, 51.223904510393204], [128.11013575404502, 51.22380915825396], [128.1100012398136, 51.223358516014315], [128.10957169024752, 51.22335524857679], [128.10957689487194, 51.22308551653488], [128.1088609832906, 51.22308006735489], [128.1087230105649, 51.22280924500132], [128.1080071034354, 51.22280379061917], [128.1078691365392, 51.22253296727499], [128.10744133389207, 51.222439781410046], [128.10701005335306, 51.222526415248495], [128.10701527279488, 51.222256683356065], [128.1067289134778, 51.22225449796702], [128.10659095570355, 51.22198367313589], [128.10530757615058, 51.221704096941224], [128.1051678849941, 51.221523181058394], [128.10459692025125, 51.221428889998535], [128.10445897742747, 51.22115806269035], [128.10359992063246, 51.221151485758234], [128.10245975788416, 51.2208729750868], [128.10232182925446, 51.22060214530448], [128.1014627833089, 51.22059555273657], [128.10146803480944, 51.220325821163385], [128.10075216761894, 51.220320322593366], [128.10061425064617, 51.22004949083114], [128.0993256978823, 51.22003958089075], [128.09933096176758, 51.21976984944993], [128.09632435907, 51.21974667131269], [128.09617590532494, 51.22001529687368], [128.09345033520788, 51.22026398709533], [128.0927256329663, 51.22070799102828], [128.09114894558854, 51.220785680953185], [128.0908572830808, 51.22105318755295], [128.0904295292614, 51.220959939719535], [128.09014140670362, 51.221047624025594], [128.09028103730705, 51.22122855755473], [128.08985150988997, 51.22122521784079], [128.08977525501604, 51.225091356173635], [128.08905576627328, 51.225265606003695], [128.08918830621047, 51.22580618130206], [128.08890015095506, 51.2258938623158], [128.08918475668287, 51.22598600157375], [128.08917943232282, 51.226255731970525], [128.0890309156753, 51.22652434785565], [128.0887445312925, 51.22652211833267], [128.08887884643622, 51.22697278375727], [128.08930842723564, 51.2269761273069], [128.08926760913667, 51.22904405973839], [128.08883800908953, 51.229040715943185], [128.0888220279395, 51.229849906592136], [128.08796103562477, 51.229933124123015], [128.08794681607054, 51.23065240441994], [128.08709114471503, 51.230465885385144], [128.08664551155567, 51.23127172349678], [128.0845009784668, 51.23107512024127], [128.08449205723767, 51.23152466991594], [128.08406243466436, 51.2315213084772], [128.0839263686241, 51.231160547967605], [128.082639299383, 51.231060542851715], [128.0826428750642, 51.23088072306491], [128.0822132587093, 51.230877354868795], [128.0823618292783, 51.23060874810659], [128.08193937221057, 51.230245739355325], [128.08150976185289, 51.23024236860669], [128.0816583344139, 51.229973762719], [128.08123051714682, 51.22988048107752], [128.08095127679363, 51.229518592882116], [128.08095664987434, 51.2292488632558], [128.08124305055887, 51.22925111191927], [128.0812627450064, 51.228262103100036], [128.0809799322635, 51.22808003472597], [128.08155629869935, 51.22790471134143], [128.08156345766034, 51.22754507167612], [128.08185163697763, 51.227457408874685], [128.08171381043226, 51.22718655562392], [128.08228837464463, 51.227101138472875], [128.0822973159341, 51.22665158873344], [128.08287008531408, 51.226656078637234], [128.08288080786292, 51.22611661881657], [128.083310379974, 51.226119984340684], [128.08331573861372, 51.22585025437875], [128.0841748780641, 51.22585698063315], [128.08419093842468, 51.22504779047659], [128.08505006314516, 51.22505451023204], [128.08506075959772, 51.22451504993439], [128.08463298576288, 51.22442178086533], [128.0850714557193, 51.22397558958513], [128.08550100816345, 51.22397894696958], [128.08555267715755, 51.221371554242964], [128.08584793420326, 51.22092424078864], [128.08571010316197, 51.22065339192428], [128.08599823152835, 51.22056571855253], [128.08615386740823, 51.21993746564012], [128.08686972577343, 51.21994305347183], [128.08691241672773, 51.21778520898189], [128.08720230298124, 51.21760762229179], [128.08692131001155, 51.217335657942535], [128.08707692188756, 51.21670740333981], [128.0866563324447, 51.21625450098713], [128.0843657696664, 51.21623660125431], [128.0849277154162, 51.216780541436144], [128.08463604265668, 51.217048032657914], [128.08520334734376, 51.217322241033706], [128.08518909121602, 51.218041522336705], [128.08475959406485, 51.218038164083765], [128.08471323584072, 51.220375827405924], [128.084425106264, 51.22046349761037], [128.0842712290472, 51.22100183795171], [128.08384170445882, 51.22099847619251], [128.08382742523983, 51.2217177567677], [128.0833961082617, 51.2218043034011], [128.08321184903153, 51.22387111268689], [128.0829219078932, 51.22404868902578], [128.08291476041205, 51.224408329043875], [128.08248341655155, 51.22449487213778], [128.0824726899779, 51.225034332048814], [128.08204133944227, 51.22512087347024], [128.08203418482498, 51.22548051333348], [128.08145606076343, 51.22574574925159], [128.0814506912736, 51.226015479077994], [128.0810229110349, 51.225922196803374], [128.08101574827575, 51.2262818365145], [128.0804447756578, 51.226187427648284], [128.08072757476793, 51.226369497304375], [128.08057900867993, 51.22663810220611], [128.08000982526767, 51.226453781300776], [128.0797019225337, 51.22753044828017], [128.07898235839704, 51.22770463572056], [128.0789572308322, 51.22896337350297], [128.07867083211744, 51.228961119255295], [128.07966784725144, 51.22923873559872], [128.07966067308232, 51.22959837496823], [128.0806505413868, 51.23023562237932], [128.08064337462233, 51.23059526178636], [128.08149007130837, 51.23123137715783], [128.0820628974128, 51.23123587129686], [128.0827717798202, 51.23160112458802], [128.08276284157424, 51.23205067400481], [128.084481351459, 51.23206412947823], [128.08447599844544, 51.23233385924003], [128.08791304227768, 51.2323606947575], [128.08791837520184, 51.2320909647386], [128.08877763196355, 51.232097657785644], [128.08878828751986, 51.231558197580895], [128.08921791100212, 51.23156154167513], [128.08922323614556, 51.231291811521366], [128.09008247833512, 51.23129849491546], [128.09009311833074, 51.23075903444119], [128.09095235080554, 51.230765711400295], [128.09096298042815, 51.230226250746476], [128.09139259176703, 51.230229586797], [128.09141915183048, 51.22888093477694], [128.09170732110596, 51.22879324767495], [128.09142623416702, 51.22852129418381], [128.09150413022692, 51.224565246145964], [128.09193368892758, 51.22456857994898], [128.09195492019995, 51.22348965714756], [128.09281401776755, 51.223496319769104], [128.09282462287146, 51.22295685816335], [128.09325416675853, 51.22296018704584], [128.09325946667758, 51.22269045619174], [128.094118549678, 51.22269710916409], [128.09413443388462, 51.221887916333166], [128.09499879170642, 51.221624831776225], [128.0950093705656, 51.221085369671336], [128.09744511481256, 51.22101425615818], [128.09844207381653, 51.221291712640685], [128.0984385609149, 51.22147153351171], [128.09901126857028, 51.22147594410933], [128.09900775786323, 51.221655765002794], [128.09972539938846, 51.22157136388084], [128.09972013747, 51.221841095267365], [128.10072063230092, 51.22193871152304], [128.10086731425125, 51.221759990674244], [128.10114841643448, 51.22203192187313], [128.10386532228353, 51.22223260554538], [128.1037169041346, 51.22250124073655], [128.10471916643672, 51.222508912352566], [128.10499855217722, 51.22287074497416], [128.10728076058913, 51.22333779562065], [128.10784827804383, 51.223611894966915], [128.1078430632183, 51.22388162685769], [128.10912651887546, 51.22416117551737], [128.1095508709446, 51.22443417661557], [128.10954566591755, 51.22470390859306], [128.10997522803393, 51.22470717618711], [128.10997002543655, 51.22497690818301], [128.11082915493114, 51.22498343870441], [128.11096541409935, 51.22534416925007], [128.11153817177285, 51.22534851878273], [128.11138978792343, 51.225617163732416], [128.11167443753683, 51.225709248513034], [128.1116623207589, 51.22633862333175], [128.11252147599956, 51.226345141553885], [128.11250591170503, 51.227154337833674], [128.11335989909188, 51.227430582066816], [128.11334953237602, 51.22797004628797], [128.1137791253403, 51.22797330006827], [128.11376876332497, 51.228512764300255], [128.11548198498386, 51.22879549612568], [128.1154768138189, 51.229065228334015], [128.1159064172265, 51.22906847435567], [128.11590124849235, 51.22933820658224], [128.11890849215854, 51.22936088480426], [128.1189136433169, 51.22909115236041], [128.12392569547302, 51.22912877735247], [128.12406377609375, 51.22939958201347], [128.12492299119407, 51.229406009474594], [128.12491787510837, 51.229675742337875], [128.1253474852882, 51.22967895373415], [128.12534237163425, 51.229948686615344], [128.12620159725313, 51.22995510473925], [128.12619137975184, 51.230494570586], [128.1270506157309, 51.23050098252583], [128.12703530395262, 51.23131018138376], [128.12746492959394, 51.23131338508061], [128.12788775654772, 51.231676231182156], [128.127874158594, 51.23239551907656], [128.12872833600642, 51.23267165182961], [128.12873343036105, 51.232401918831485], [128.12916306636282, 51.23240511634362], [128.12915288259742, 51.23294458238829], [128.13001046923216, 51.233040883827265], [128.12999690371248, 51.23376017195861], [128.13085450732646, 51.23385646728099], [128.130835872145, 51.23484548852078], [128.13126553114387, 51.23484867842361], [128.13126045114987, 51.23511841148956], [128.13211469935754, 51.23539451973942], [128.13283080649782, 51.23539982758466], [128.13295881740424, 51.23621008807641], [128.13381816138346, 51.23621645083972], [128.1338080306736, 51.23675591719626], [128.13709549570942, 51.23713989433512], [128.13880246908013, 51.237781931114604], [128.13864412791162, 51.238590077497975], [128.13835094583104, 51.23894761354555], [128.13806448049982, 51.23894550433818], [128.13805607882864, 51.239395059931105], [128.1376196518668, 51.23975153916332], [128.137189946476, 51.23974837236965], [128.13718490024044, 51.24001810563043], [128.13675519241534, 51.2400149372291], [128.13674172870532, 51.24073422578072], [128.13630527884493, 51.241090699922104], [128.13629012365644, 51.241899899290836], [128.13586039839964, 51.24189672752215], [128.13584523496922, 51.242705926683975], [128.13541550225239, 51.24270275324666], [128.13539021573914, 51.24405141810714], [128.13509528686347, 51.24449885635277], [128.13452060020575, 51.244584531928304], [128.13450034885463, 51.245663463238905], [128.1340705887294, 51.245660284734214], [128.1338817350863, 51.248086819213064], [128.1331654307275, 51.248081516865746], [128.1331451451371, 51.249160447141925], [128.1327153525718, 51.24915726350783], [128.1326290820597, 51.25374271436732], [128.13305891736428, 51.25374589852006], [128.13334040302527, 51.25401775275045], [128.1343433583636, 51.25402517391958], [128.13433829289988, 51.254294906316424], [128.1347681335472, 51.25429808421778], [128.13475800741355, 51.25483754903381], [128.1354727307259, 51.254932752945194], [128.1351827924985, 51.2551104578371], [128.13531932870836, 51.25547115951032], [128.13560589651743, 51.255473275919634], [128.1355839764875, 51.25664211631164], [128.1348658512539, 51.25672673452597], [128.13471074797758, 51.25735505082855], [128.1342775012183, 51.257531694075645], [128.1342487901094, 51.25906017654049], [128.13381721530624, 51.259146907232925], [128.13379186717597, 51.260495567714614], [128.13350019673948, 51.260763178754935], [128.1329269956943, 51.26075893461541], [128.1329100788191, 51.26165804117841], [128.13247170678434, 51.26210440930753], [128.13246155094694, 51.26264387307284], [128.13160171458063, 51.26263749801743], [128.13158815955762, 51.26335678279491], [128.13130154303303, 51.26335465631892], [128.13143807245146, 51.26371536198546], [128.13115145370807, 51.2637132351315], [128.1312896780153, 51.263984030376626], [128.13157629845338, 51.26398615690016], [128.1315661314516, 51.26452562036323], [128.1322793048112, 51.26471075488118], [128.13227253215626, 51.26507039721777], [128.13141604025657, 51.26488419943533], [128.13141095569395, 51.265153931120246], [128.13226406614098, 51.265519950106366], [128.13254223276823, 51.26597162717638], [128.1323548956651, 51.268308239502836], [128.1319249246046, 51.26830505212302], [128.13182326556014, 51.27369968093482], [128.13139324424048, 51.2736964913648], [128.1313779851161, 51.2745056851512], [128.13180801398778, 51.274508874812916], [128.1317927617069, 51.27531806857529], [128.13236614372812, 51.2753223191232], [128.1326477555752, 51.275594174633795], [128.13263251745516, 51.27640336842516], [128.13349091950522, 51.276499647555646], [128.1334723125423, 51.27748866224045], [128.13432735676454, 51.277764756171685], [128.13430707688374, 51.278843681277735], [128.13488050317528, 51.278847919719425], [128.13515877444578, 51.27929959005562], [128.13514188993696, 51.28019869428519], [128.1355719723901, 51.28020187037295], [128.13556690938574, 51.28047160164439], [128.13628371784566, 51.28047689166455], [128.13641190519013, 51.28128714306179], [128.13712872650288, 51.28129242796865], [128.13725693082355, 51.28210267840986], [128.13811376622934, 51.28228883454585], [128.1380969376111, 51.28318793901333], [128.1389554778673, 51.28328417862175], [128.13894875285854, 51.28364382044392], [128.13937550703966, 51.283826803622226], [128.13936206318346, 51.284546087256004], [128.14021727377505, 51.28482213862947], [128.14020216365267, 51.2856313327514], [128.1410590767178, 51.28581746758863], [128.14103727135307, 51.28698630356346], [128.14189756446285, 51.286992611442884], [128.14187745528926, 51.288071536985775], [128.14230761203822, 51.288074688676396], [128.1425742896243, 51.28915571446436], [128.1418573448697, 51.28915046232308], [128.1418523170701, 51.289420193625276], [128.14271265584074, 51.28942649572853], [128.14268754087138, 51.29077515234882], [128.1435428869624, 51.29105117977932], [128.14353786869694, 51.29132091111234], [128.1439680559926, 51.29132405684472], [128.1439580242683, 51.291863519532505], [128.14481840917225, 51.29186980637721], [128.1448083872171, 51.292409269134126], [128.14566878251148, 51.29241554977834], [128.1456587703261, 51.29295501260427], [128.14608897312976, 51.292958150616144], [128.14608396944087, 51.29322788203992], [128.147799797825, 51.293510149935805], [128.1477948040619, 51.29377988145405], [128.14865522564193, 51.29378614027459], [128.14865023684197, 51.29405587184], [128.14994087735226, 51.29406524830815], [128.14993589603594, 51.29433497995058], [128.15079632846928, 51.29434122308741], [128.1507913521164, 51.29461095477686], [128.1512215709691, 51.294614074004606], [128.15121659705957, 51.29488380571111], [128.1529374833219, 51.29489626693771], [128.152932519417, 51.29516599875081], [128.15336274369534, 51.29516911013628], [128.153357782234, 51.295438841966366], [128.1542182360622, 51.29544506005563], [128.154213279565, 51.29571479193248], [128.15593419822451, 51.295727209264776], [128.15592925173272, 51.295996941247815], [128.1567897165635, 51.29600314049067], [128.1567946580142, 51.2957334084482], [128.1572248880239, 51.29573650566923], [128.1572199490938, 51.296006237741366], [128.15908429094185, 51.296019640897896], [128.15908100556098, 51.29619946235785], [128.16023157894574, 51.29602787424311], [128.1606568932452, 51.29630069114631], [128.161804188716, 51.29630890911674], [128.1623680189075, 51.29685247867765], [128.16323013578304, 51.29676871986862], [128.1632334050213, 51.296588898235385], [128.16366364373644, 51.29659197183788], [128.1636685450099, 51.29632223934785], [128.16452901762662, 51.2963283817524], [128.1645241213945, 51.2965981143013], [128.16581483845036, 51.296607316142584], [128.1658050608829, 51.29714678137829], [128.16752115936913, 51.29742876132358], [128.16751628047933, 51.297698494026754], [128.16794653003512, 51.29770155194132], [128.16794165359062, 51.297971284660996], [128.16880215797056, 51.29797739580698], [128.16879241493862, 51.29851686132499], [128.16950951055563, 51.298521949214596], [128.16964806311697, 51.29879269906393], [128.17007832313385, 51.29879574919254], [128.17007345899228, 51.299065482007244], [128.1717896557645, 51.29934739975076], [128.17178480155667, 51.2996171326566], [128.1730756056517, 51.29962625485318], [128.17306591213747, 51.3001657208013], [128.17478216869998, 51.30044759490432], [128.17477733184026, 51.30071732796271], [128.17520761040703, 51.30072035932697], [128.1751979415055, 51.30125982546339], [128.17691425221452, 51.301541668510076], [128.17690942766225, 51.30181140166232], [128.1781954779032, 51.302090200875384], [128.17819066076603, 51.302359934088905], [128.1790512494276, 51.30236597029167], [128.17904643725896, 51.30263570355023], [128.1799070312619, 51.30264173348739], [128.17990222406192, 51.302911466790924], [128.18033252369676, 51.302914479417076], [128.1803229141167, 51.303453946043476], [128.18118352369638, 51.30345996666856], [128.1811739239055, 51.30399943335912], [128.18203454386972, 51.30400544777583], [128.1820249538687, 51.30454491453043], [128.18288558421747, 51.30455092273855], [128.1828760040069, 51.30509038955707], [128.18330632433648, 51.30509339134721], [128.18329674887306, 51.30563285817203], [128.18415421131834, 51.305818679426174], [128.1841382682026, 51.306717790850186], [128.18499893964557, 51.306723783708065], [128.18498460527087, 51.30753298404028], [128.18584529214357, 51.3075389707459], [128.18583574561296, 51.308078437684784], [128.18626609420502, 51.30808142872321], [128.18625178142176, 51.308890629121436], [128.18696745290276, 51.30898552197918], [128.1870886630711, 51.310245273987306], [128.18664716654985, 51.31087166380727], [128.18663444879897, 51.3115909527792], [128.18577368595194, 51.31158497153812], [128.18576891161405, 51.31185470482177], [128.1866296795069, 51.311860686120184], [128.18662491014092, 51.312130419448344], [128.18705529672118, 51.31213340775412], [128.18704099574893, 51.3129426077477], [128.1878970221771, 51.313218313149584], [128.18760691506483, 51.31339614537575], [128.1875926231512, 51.3142053453045], [128.18787321060884, 51.314566979771556], [128.18744280117235, 51.31456399437103], [128.18742374049557, 51.31564292732353], [128.18827981932296, 51.31591863003526], [128.18826553795995, 51.31672782974837], [128.18869596773206, 51.31673081221452], [128.1885382141536, 51.3175390178899], [128.18825125593298, 51.31753702934619], [128.188192533956, 51.320863737592575], [128.18790396721795, 51.32095165911093], [128.18818935947527, 51.32104355960444], [128.18790237941252, 51.32104157010979], [128.1878976159471, 51.32131130309784], [128.18818777222265, 51.32113347060824], [128.1881830104155, 51.32140320361108], [128.18731888564926, 51.32157705489823], [128.18730935161753, 51.322116520733914], [128.18759474987323, 51.32220842268505], [128.18687410193485, 51.32238326581988], [128.1868597925378, 51.32319246435295], [128.18599881250046, 51.32318648380963], [128.185979712072, 51.32426541477835], [128.18554921206564, 51.32426242201887], [128.18552850765747, 51.32543126354599], [128.18524150040042, 51.32542926741112], [128.18537703901785, 51.32587981991995], [128.18465951396442, 51.32587482730557], [128.18464038027443, 51.32695375741728], [128.18420985524102, 51.326950759624104], [128.18420028290078, 51.3274902245456], [128.18333922295588, 51.32748422409746], [128.18331047385064, 51.32910261820923], [128.18287992883765, 51.32909961543902], [128.1828703401574, 51.32963907998285], [128.1825897015541, 51.329277434220614], [128.1818689238189, 51.329452245766824], [128.1818561228671, 51.33017153158901], [128.18113853146315, 51.33016651710968], [128.18113372676046, 51.33043624922143], [128.18070316949175, 51.330433238395074], [128.1806935548116, 51.33097270252238], [128.17983243039518, 51.3309666760068], [128.17981157567527, 51.332135514523046], [128.17952292214414, 51.33222341483307], [128.17966163307847, 51.33249415200573], [128.1789327637478, 51.333118498232935], [128.17850218159396, 51.33311547920495], [128.17848771933487, 51.333924674558446], [128.17820065955502, 51.333922660936], [128.17804748274546, 51.334461117308], [128.17761688811058, 51.33445809496995], [128.17774755211468, 51.33517838705656], [128.17717180743395, 51.335264265949704], [128.1771589303203, 51.33598355020881], [128.1768654167758, 51.33634117534242], [128.1762912672996, 51.33633713930855], [128.17628159880925, 51.33687660229279], [128.17585098173652, 51.33687357336275], [128.17583647085908, 51.33768276765586], [128.17497522177894, 51.33767670487298], [128.1749558526785, 51.338755630185126], [128.17452521814403, 51.338752596303074], [128.17451714311954, 51.339202148407445], [128.17365424913868, 51.33928598619479], [128.17362838056988, 51.340724552356136], [128.17333966125, 51.340812437002235], [128.1736235299751, 51.340994283470785], [128.17360574381738, 51.34198329744817], [128.1728895878391, 51.34188832126307], [128.17317507918378, 51.341980258467764], [128.17316537216234, 51.34251972050631], [128.17287664065086, 51.3426076039293], [128.17316051853874, 51.34278945150636], [128.17313139521673, 51.344407837237405], [128.17227002068105, 51.344401754002384], [128.1722651614753, 51.34467148485436], [128.17312654106627, 51.344677568147716], [128.1731216868406, 51.344947299045195], [128.1726893755452, 51.34503416844757], [128.17268451869143, 51.345303899298806], [128.17311359629716, 51.345396850512515], [128.17309417813982, 51.346475773888805], [128.17237633370635, 51.34647070459339], [128.17222790506133, 51.34673942096021], [128.17221656527357, 51.347368792668945], [128.1726440419808, 51.34755165589385], [128.17262784983197, 51.34845075828258], [128.17392002573115, 51.34845987732226], [128.17393295929176, 51.34774059518948], [128.17422010508903, 51.347742619655655], [128.1742265694216, 51.3473829785292], [128.17393942587154, 51.347380954088905], [128.17394912549048, 51.3468414923953], [128.17423464964932, 51.34693342708907], [128.1739572082765, 51.3463919409448], [128.17424919353303, 51.34612423440712], [128.1739636743549, 51.34603229975876], [128.17439437705264, 51.34603533600972], [128.17440407086391, 51.345495874129696], [128.17526546637342, 51.34550194176533], [128.17531388036866, 51.34280463101429], [128.17574455296, 51.342807662166514], [128.17574939141926, 51.34253793099184], [128.17531872135532, 51.34253489986868], [128.17533324386497, 51.34172570635496], [128.175763906347, 51.3417287373909], [128.1758219593067, 51.3384919618336], [128.17668322384716, 51.33849801845934], [128.17669288818342, 51.33795855557085], [128.17712351551256, 51.337961581451374], [128.17708970671245, 51.339849701539904], [128.17795099697125, 51.33985574895827], [128.17790274286347, 51.34255306286093], [128.17747207242482, 51.34255003965333], [128.17746724407513, 51.34281977094412], [128.17789791704118, 51.342822794180705], [128.17788826517213, 51.3433622567818], [128.17745758715117, 51.343359233487234], [128.17745275857686, 51.34362896473956], [128.17830929615462, 51.34390474110101], [128.17842552688367, 51.34543422517069], [128.1781319619454, 51.345791852676406], [128.17740929803895, 51.34605654543383], [128.1773883704315, 51.34722538021266], [128.17695121333642, 51.34758199630246], [128.17693993791022, 51.34821136866842], [128.1773706613576, 51.34821439406832], [128.1773658314354, 51.34848412508997], [128.17693510545982, 51.34848109966106], [128.1769157749088, 51.34956002350339], [128.17605430295598, 51.349553967662956], [128.17604301444808, 51.3501833396741], [128.17560904563584, 51.35036012985324], [128.17560259143843, 51.350719770921], [128.1751702302798, 51.35080664916971], [128.17545093984236, 51.35116831171514], [128.1747330216593, 51.35116325653319], [128.17472656041858, 51.35152289747213], [128.17428772528407, 51.351969413305795], [128.17385696696357, 51.3519663764142], [128.17370367671037, 51.35250482495214], [128.17298573795597, 51.35249975897], [128.1728372929781, 51.35276847576167], [128.17255011586576, 51.352766447765696], [128.17252582004556, 51.35411510005614], [128.17151742739267, 51.35428781642249], [128.171073666476, 51.35500405005608], [128.17064125652132, 51.355090911304664], [128.17034269620166, 51.355718248369385], [128.16990702813558, 51.35598492698275], [128.1699005279938, 51.356344567185936], [128.16903567682743, 51.35651827924373], [128.16902591614422, 51.35705773937153], [128.16815941977006, 51.35732135486948], [128.1682981376555, 51.35759210438356], [128.16772372380478, 51.357588025164084], [128.1676927639547, 51.35929631451072], [128.1671166982028, 51.35938214216571], [128.16711180612904, 51.3596518719721], [128.1663921247364, 51.35973667500882], [128.166379067524, 51.36045595428784], [128.1655157596121, 51.36053972993148], [128.1655010543465, 51.36134891882206], [128.16507020900926, 51.36134584922767], [128.16491514814035, 51.361974194643224], [128.16504732098403, 51.362604587135095], [128.16418397031373, 51.36268835273905], [128.16416269362426, 51.36385718027199], [128.16372854974887, 51.36403392522934], [128.1635701851673, 51.36484208800402], [128.16370070960008, 51.36556239142423], [128.1632665477651, 51.36573913453659], [128.16354889121575, 51.366010914921944], [128.16282746421356, 51.36618560522915], [128.16280778991216, 51.36726452193941], [128.1623768893609, 51.36726144219032], [128.16237196806387, 51.36753117130628], [128.16280287114608, 51.367534251084905], [128.16279303338501, 51.36807370933742], [128.16336757769605, 51.368077813322856], [128.16321902514164, 51.368346516727144], [128.1636433839405, 51.368709232293405], [128.16363519371365, 51.36915878084649], [128.16435339125198, 51.36916390530293], [128.16448230303067, 51.36997411714876], [128.16519724336447, 51.37015905592816], [128.16532944234288, 51.37078944735069], [128.16576037633308, 51.37079251639098], [128.16575547429522, 51.37106224557612], [128.1666173475666, 51.37106837896146], [128.16660755338896, 51.37160783741091], [128.16832643401898, 51.37188981472303], [128.1683215468668, 51.372159544033174], [128.16875249404626, 51.372162602127275], [128.16874760934994, 51.37243233145395], [128.1704665343068, 51.372714277530825], [128.17046165958595, 51.37298400694901], [128.17089261473913, 51.37298705720703], [128.17088774247443, 51.37325678664167], [128.17174965807115, 51.373262882461695], [128.1717447907946, 51.373532611941975], [128.1726034702399, 51.37371852116642], [128.17259698710504, 51.37407816051999], [128.17331526324398, 51.37408323039055], [128.1734540611217, 51.37435397339496], [128.17388502946264, 51.37435701270498], [128.1738801745441, 51.374626742279894], [128.17459845949972, 51.37463180432314], [128.17473241658118, 51.37517227543141], [128.17559436898233, 51.37517834313172], [128.17559921392314, 51.374908613465976], [128.17603018770438, 51.374911644909645], [128.17603503003795, 51.37464191520199], [128.17660965848705, 51.37464595462269], [128.17646116156075, 51.37491467476836], [128.17760881451161, 51.375012656578264], [128.17761203656949, 51.37483283670646], [128.17905665541775, 51.374393360802806], [128.17906147987713, 51.374123630866436], [128.17992341352206, 51.374129666636165], [128.17991859412663, 51.37439939663044], [128.18207344220667, 51.37441445846359], [128.18207824894205, 51.37414472832486], [128.18337115108926, 51.37415374631932], [128.1833663519499, 51.37442347654454], [128.18379732201328, 51.374426479401706], [128.1838021186206, 51.374156749147666], [128.18538233353863, 51.37416774595861], [128.18552120301052, 51.37443847498118], [128.18681411453832, 51.37444745502416], [128.18680933558093, 51.37471718546658], [128.1876712820344, 51.37472316429464], [128.18766173402568, 51.37526262525575], [128.18852369090388, 51.375268597858664], [128.1885189218528, 51.37553832837728], [128.1889499029351, 51.37554131232991], [128.18894513634223, 51.375811042864356], [128.19066272947273, 51.376182603784464], [128.19051430955548, 51.37645134201018], [128.19108579328568, 51.376635130950746], [128.19108103905896, 51.37690486157685], [128.19194302750665, 51.376910809162524], [128.191938278271, 51.37718053983287], [128.19251294077648, 51.37718450140564], [128.19279078351596, 51.37772594255158], [128.19365278774765, 51.37773187762752], [128.19364804842118, 51.37800160837338], [128.1940790531799, 51.37800457356213], [128.1940695793716, 51.37854403507236], [128.19492686729092, 51.37881969160089], [128.19491267100327, 51.37962888390235], [128.1956294620039, 51.379723727625624], [128.19576052967605, 51.38044399588122], [128.19633523358655, 51.38044793888682], [128.19603527956284, 51.38116524978479], [128.19660369582633, 51.381528832522605], [128.19656748716744, 51.383596768064095], [128.19641750258634, 51.38395542369329], [128.19569906779196, 51.38395049476205], [128.19569118716655, 51.38440004574419], [128.19525854517124, 51.38448699640688], [128.19525066007867, 51.38493654729905], [128.1943869414301, 51.38502053354412], [128.19437431127974, 51.38573981473472], [128.19351057596066, 51.38582379443532], [128.19350583442755, 51.38609352479716], [128.1939353354985, 51.38618640096657], [128.19307000960694, 51.38636028749002], [128.19305735820578, 51.387079568282324], [128.19262152136423, 51.38734632920974], [128.1927620547257, 51.38752713933067], [128.19218409625444, 51.38770299854682], [128.1921793466042, 51.38797272873362], [128.19246516277278, 51.388064619641156], [128.1921761801298, 51.388152548851046], [128.19216984708268, 51.38851218906881], [128.19173874381812, 51.388509216427714], [128.19172448638048, 51.38931840674894], [128.19143390964084, 51.38949624409325], [128.1914259856575, 51.389945794176], [128.1917133968034, 51.38994777691913], [128.19167695679414, 51.39201570698763], [128.19196438092675, 51.39201768917173], [128.19252973262647, 51.39256111143356], [128.19250124086633, 51.394179491150865], [128.19278867861604, 51.39418147137238], [128.19278393142136, 51.39445120129947], [128.19335248519812, 51.394814799599246], [128.19333034596437, 51.396073539187284], [128.19376152049404, 51.39607650628238], [128.19375519808446, 51.396436146151416], [128.1940426500653, 51.39643812335891], [128.19389102228337, 51.39688668466342], [128.1941753174522, 51.39706848148078], [128.19416425843585, 51.39769785119357], [128.19644818447821, 51.39861274133564], [128.19716684907263, 51.39861766666768], [128.19716370094943, 51.39879748667686], [128.19759490149423, 51.39880043977991], [128.197590181784, 51.39907016981137], [128.199602463794, 51.399083930116454], [128.199736784001, 51.39962437198082], [128.20275680881946, 51.39955503424344], [128.20275055616787, 51.39991467468875], [128.20361297951445, 51.39992053828954], [128.20360829501246, 51.40019026866485], [128.20403950933064, 51.4001931981138], [128.20404419129682, 51.39992346771038], [128.20490661507955, 51.399929321792904], [128.204901938185, 51.40019905225249], [128.20576436732975, 51.40020490004562], [128.20575502346645, 51.40074436103863], [128.20618624321938, 51.400747282611675], [128.20620025129796, 51.39993809101889], [128.20706267580604, 51.399943929237665], [128.20706733994905, 51.39967419862515], [128.21137944146884, 51.399703294257044], [128.2113748026838, 51.3999730251487], [128.21266844215296, 51.399981722987526], [128.21266381090345, 51.40025145394982], [128.21352624264742, 51.40025724463268], [128.21351699007639, 51.40079670663004], [128.21437943225123, 51.40080249107825], [128.21437481092994, 51.40107222211325], [128.21480603466097, 51.401075111985435], [128.21480141580395, 51.40134484303538], [128.21552012640828, 51.40134965600974], [128.21565464076824, 51.401890080248144], [128.2165171039481, 51.40189584905337], [128.2165032769508, 51.40270504238207], [128.2173657556339, 51.40271080500715], [128.2173611515642, 51.402980536146444], [128.2177893258206, 51.40316323587762], [128.21735654742307, 51.40325026727296], [128.21735194321045, 51.40351999838669], [128.2186395556819, 51.40388827224918], [128.21862270050943, 51.4048772864647], [128.21905396046353, 51.40488016085838], [128.21905855488737, 51.40461042969817], [128.21934605987207, 51.40461234506076], [128.21947603650057, 51.405422496002636], [128.22033550890103, 51.405608057771275], [128.22032021837316, 51.40650716170828], [128.22074996558172, 51.406599940315445], [128.22072856924152, 51.407858685697285], [128.22115985745646, 51.40786155246015], [128.22128987475014, 51.40867170111795], [128.22157893209743, 51.40858370073321], [128.2212852927877, 51.40894143223334], [128.22157129831243, 51.40903325262273], [128.22154534196605, 51.4105617287816], [128.22197665569524, 51.410564592645535], [128.22196902527017, 51.41101414442469], [128.2222550450703, 51.411105963173846], [128.22208990970816, 51.41236375387889], [128.22237441275698, 51.41254548268668], [128.2219400278543, 51.4127224408618], [128.22188049790904, 51.41622894246926], [128.22245565405052, 51.416232759254804], [128.22230423632044, 51.41668135670074], [128.22272035821948, 51.41758332075348], [128.22269748249445, 51.418931974598195], [128.2234164702349, 51.418936740305405], [128.22355569752582, 51.419207423703185], [128.22353284505712, 51.420556077439], [128.22396425305212, 51.420558934382015], [128.22395968488436, 51.42082866511827], [128.22467261723983, 51.42119306423038], [128.2247951261369, 51.42245275877437], [128.22551112991587, 51.42263733234509], [128.2256443024337, 51.42326765416124], [128.22650413423113, 51.42345317164726], [128.22649806263058, 51.42381281266333], [128.22692950159058, 51.42381565882111], [128.22692495034704, 51.42408538959557], [128.22778328732227, 51.424360808018726], [128.22777874101627, 51.42463053882223], [128.228640120909, 51.424726130470255], [128.22863255200124, 51.4251756818648], [128.22949545609217, 51.425181356987395], [128.22949091973257, 51.42545108786154], [128.22992086313434, 51.425543833365936], [128.22991784053292, 51.4257236539569], [128.2304931169495, 51.42572743179886], [128.23120315989217, 51.42627161203358], [128.23422339950355, 51.42629138124561], [128.23421889079927, 51.426561112367125], [128.23594325417537, 51.426662284641125], [128.23594025509087, 51.42684210545092], [128.23637172353205, 51.426844916974865], [128.23636722738692, 51.42711464820589], [128.24024599599747, 51.42740961216706], [128.2402415225719, 51.427679343614685], [128.24153595305208, 51.42768772602609], [128.24153148717693, 51.427957457541396], [128.24239444625712, 51.42796303792931], [128.24240336777834, 51.42742357477886], [128.2418355085007, 51.42697030269253], [128.2395462748408, 51.426236112914495], [128.23853952788792, 51.42622957753942], [128.2385425167049, 51.42604975660201], [128.23811404601346, 51.42586713217328], [128.23854699987243, 51.42578002518528], [128.23855596599861, 51.42524056231351], [128.24028178090134, 51.42525176012667], [128.24027730803147, 51.425521491676385], [128.2407087644705, 51.42552428718688], [128.24070429407084, 51.425794018750665], [128.2424301306794, 51.42580518502126], [128.24242567036904, 51.426074916679426], [128.24285713223415, 51.42607770430414], [128.24285267439427, 51.4263474359763], [128.24457408495545, 51.426628302469304], [128.24456963713635, 51.42689803422279], [128.24500110696653, 51.426900813988055], [128.24499666161822, 51.42717054575545], [128.24542813405728, 51.427173323959444], [128.2452798661792, 51.42744212984031], [128.24801254250113, 51.4274596917772], [128.24800811479435, 51.42772942370537], [128.24915282826495, 51.42809644186564], [128.24886075113534, 51.428364330973515], [128.24914840717116, 51.428366173834824], [128.24914545973715, 51.42854599514053], [128.24972077415816, 51.42854967876936], [128.24985871346763, 51.428910241888744], [128.25086552195373, 51.42891668029313], [128.25100053111464, 51.429457063438036], [128.2521526513196, 51.42937449905706], [128.25229207982758, 51.42964514865368], [128.25315507283057, 51.42965064995811], [128.2531492091172, 51.43001029281366], [128.25372600726442, 51.42992404614423], [128.2537230776354, 51.430103867589764], [128.2544451726944, 51.429928622226846], [128.25444078247338, 51.43019835443694], [128.2565982926006, 51.43021205634757], [128.25660267011995, 51.42994232400599], [128.25746566956633, 51.42994779360078], [128.25747004193715, 51.429678061193954], [128.25876307908595, 51.42977616442649], [128.25962898224736, 51.42960179640904], [128.2594880569615, 51.42942106621361], [128.26049487887548, 51.42942742196377], [128.26049923332894, 51.42915768934822], [128.2617937115672, 51.429165848243926], [128.2617980583325, 51.428896115537334], [128.2626610390819, 51.4289015468086], [128.26309976131583, 51.428454705392575], [128.26324069796195, 51.4286354313209], [128.26381746027724, 51.42854913483166], [128.26396851250072, 51.4281004832182], [128.26439999555825, 51.42810319162954], [128.26440288306912, 51.427923369688465], [128.26613457058338, 51.4275745433468], [128.26614753326413, 51.42676534417951], [128.2647092981035, 51.426756331572186], [128.2644303129312, 51.426215060965816], [128.26529324368917, 51.426220472660894], [128.26530477875247, 51.42550118448626], [128.26674009662665, 51.4256900117425], [128.2666135478365, 51.424610179307074], [128.26747644878952, 51.42461557481227], [128.26748507393063, 51.42407610827779], [128.26791651942858, 51.424078803596906], [128.26792082935924, 51.423809070284676], [128.26878371547699, 51.42381445610783], [128.26879662963103, 51.42300525593968], [128.2696595007799, 51.423010635256816], [128.26966380028563, 51.42274090179033], [128.27009523342088, 51.422743589041495], [128.27010382715355, 51.42220412201874], [128.26924097110674, 51.42219874603185], [128.26923666919532, 51.422468479498015], [128.26794237800854, 51.42246040353244], [128.26794668753763, 51.42219067014376], [128.26880954318352, 51.42219605565686], [128.26881384756734, 51.42192632220376], [128.26924527295137, 51.42192901255294], [128.2692495747292, 51.421659279061295], [128.2701124206193, 51.42166465494502], [128.27011671725214, 51.421394921389044], [128.27083002824986, 51.421759041193724], [128.27170145094507, 51.42122493814668], [128.2740080515662, 51.420879566431836], [128.2744380438972, 51.42097214890715], [128.2744351964838, 51.42115197146471], [128.2773070676998, 51.42143947302138], [128.2774466214288, 51.42171009354762], [128.27787804560217, 51.421712752117514], [128.27787379460756, 51.42198248612226], [128.27959526121364, 51.42226283872082], [128.27958677920856, 51.422802306870416], [128.28001821386854, 51.42280495760364], [128.28001397530656, 51.42307469168479], [128.2808768499026, 51.42307998843883], [128.28087261635355, 51.423349722558044], [128.2817354962913, 51.42335501301182], [128.28172703915376, 51.423894481313596], [128.28302137478946, 51.42390240523802], [128.28302559577267, 51.423632671017465], [128.2838884814453, 51.423637945644074], [128.28388426554105, 51.423907679915246], [128.28517860215936, 51.42391558002252], [128.28517018539156, 51.42445504867829], [128.28603308695537, 51.42446030757836], [128.28602468008464, 51.42499977628412], [128.28659855466947, 51.425093190213374], [128.28658875417415, 51.42572257037427], [128.28715984101217, 51.425995804480024], [128.2872896753893, 51.42689579347485], [128.28901138530225, 51.42717600849262], [128.28900719902668, 51.42744574290075], [128.28987015763857, 51.427450973771705], [128.28986597637805, 51.4277207082173], [128.2920233867437, 51.42773375772964], [128.29201921811864, 51.428003492287715], [128.29245070292623, 51.42800609745109], [128.29245486901118, 51.42773636286801], [128.29418079872775, 51.42774676754115], [128.29418495458782, 51.427477032845495], [128.29461643463836, 51.427479630018766], [128.2946205878939, 51.427209895285486], [128.29548354310836, 51.427215084818165], [128.29548769121945, 51.42694535002234], [128.29764506768248, 51.4269582959397], [128.29764920302938, 51.426688561006934], [128.29894362205835, 51.426696309427065], [128.29893949433122, 51.42696604443418], [128.30109687336073, 51.42697892683171], [128.30110098838807, 51.42670919170098], [128.30282688260237, 51.42671946893639], [128.3026871636959, 51.4264488782367], [128.3032624585792, 51.42645229900861], [128.30326656077935, 51.4261825637292], [128.3041294982369, 51.42618768954465], [128.3041322296151, 51.4260078659852], [128.3047088836869, 51.4259213678521], [128.30456915603128, 51.42565077932597], [128.30514307744104, 51.42574410262992], [128.3055799934794, 51.42538701214763]], [[128.34222138831032, 51.43791733758228], [128.34207881917987, 51.43782661802163], [128.34222267978987, 51.43782742527732], [128.34222138831032, 51.43791733758228]], [[128.34141770212975, 51.43377652460989], [128.34156284258322, 51.43368742027492], [128.34156154999954, 51.43377733263184], [128.34141770212975, 51.43377652460989]], [[128.3337270904192, 51.408645432761524], [128.3335846287187, 51.4085547028096], [128.33372839720758, 51.40855552015919], [128.3337270904192, 51.408645432761524]], [[128.35902672654197, 51.40905627932711], [128.3588791833095, 51.409325232134385], [128.35888295575762, 51.4090554930022], [128.35902672654197, 51.40905627932711]], [[128.35518109602512, 51.38601563638529], [128.35503613358185, 51.386104758927424], [128.3550373975591, 51.386014845594254], [128.35518109602512, 51.38601563638529]], [[128.33316268526002, 51.37824917382064], [128.3333050525807, 51.378339904408946], [128.3331613787779, 51.378339086880246], [128.33316268526002, 51.37824917382064]], [[128.30692187855544, 51.384211502644376], [128.3072079037612, 51.38430311448876], [128.3069205203749, 51.38430141512277], [128.30692187855544, 51.384211502644376]], [[128.2933882781802, 51.39519089696813], [128.29324732382958, 51.39501020620115], [128.29339104864584, 51.3950110728653], [128.2933882781802, 51.39519089696813]], [[128.25663125047055, 51.39271549348094], [128.25648899145864, 51.39262467041098], [128.2566327076323, 51.39262558212268], [128.25663125047055, 51.39271549348094]], [[128.2543770962893, 51.38991363358357], [128.25451788157378, 51.390094370563446], [128.254374173399, 51.39009345629026], [128.2543770962893, 51.38991363358357]], [[128.24638856433612, 51.38626570464662], [128.246530783635, 51.38635653991242], [128.24638708743043, 51.38635561589277], [128.24638856433612, 51.38626570464662]], [[128.20076452623232, 51.37364422995467], [128.20062400313526, 51.37346342905256], [128.20076765742095, 51.37346440901109], [128.20076452623232, 51.37364422995467]], [[128.19841336668716, 51.33550147439193], [128.19827139950766, 51.33541058105639], [128.1984149347526, 51.335411563383744], [128.19841336668716, 51.33550147439193]], [[128.20075400542854, 51.324726851467894], [128.2006120666225, 51.324635960928234], [128.20075556831392, 51.32463694024203], [128.20075400542854, 51.324726851467894]], [[128.18897656387847, 51.300816528339794], [128.18868812477862, 51.30090445265621], [128.18868970990746, 51.30081454132897], [128.18897656387847, 51.300816528339794]], [[128.152405868115, 51.28482108281207], [128.1521174608208, 51.28490891742644], [128.15211911644982, 51.284819006684046], [128.152405868115, 51.28482108281207]], [[128.14942819447253, 51.283001034563185], [128.14927984122158, 51.28326972507636], [128.14928482441277, 51.28299999296722], [128.14942819447253, 51.283001034563185]], [[128.20483753651993, 51.22961654450288], [128.2046912305719, 51.229795397026315], [128.20469433041288, 51.22961557146895], [128.20483753651993, 51.22961654450288]], [[128.20383819709548, 51.22942990406044], [128.203979851301, 51.229520790906044], [128.2038366455209, 51.22951981682403], [128.20383819709548, 51.22942990406044]], [[128.1999919192661, 51.228234672743454], [128.20013356219934, 51.2283255642131], [128.19999036026283, 51.228324585441335], [128.1999919192661, 51.228234672743454]], [[128.1987093506866, 51.22786620524908], [128.1985645884646, 51.22795513741336], [128.1985661502255, 51.22786522474107], [128.1987093506866, 51.22786620524908]], [[128.1831626254777, 51.22425171670892], [128.1830178449325, 51.22434062961319], [128.18301943678205, 51.22425071722999], [128.1831626254777, 51.22425171670892]], [[128.16357355626903, 51.222584653014074], [128.16371510973315, 51.222675588230935], [128.1635719266296, 51.222674564982206], [128.16357355626903, 51.222584653014074]], [[128.20107194603332, 51.25683760668958], [128.2013569691857, 51.25692947446856], [128.20107038754426, 51.25692751896932], [128.20107194603332, 51.25683760668958]], [[128.13802206774685, 51.23354977977295], [128.1378771714938, 51.23363863613372], [128.13787885184888, 51.23354872493331], [128.13802206774685, 51.23354977977295]], [[128.11723823483766, 51.226830433128434], [128.11709332013817, 51.22691926376633], [128.117095040587, 51.22682935295932], [128.11723823483766, 51.226830433128434]], [[128.1121178497761, 51.22499322266323], [128.11197120079083, 51.22517195767804], [128.11197466142428, 51.22499213625733], [128.1121178497761, 51.22499322266323]], [[128.10516614163578, 51.221613091656685], [128.1048780425313, 51.221700812352765], [128.1048797864563, 51.2216109017629], [128.10516614163578, 51.221613091656685]], [[128.08207542007668, 51.230606502138464], [128.08193042628642, 51.2306952887721], [128.08178722142966, 51.23069416534647], [128.08179080038502, 51.23051434559124], [128.08207542007668, 51.230606502138464]], [[128.0849264886468, 51.2240643801649], [128.0846419033579, 51.22397223062433], [128.0849282715896, 51.22397447010668], [128.0849264886468, 51.2240643801649]], [[128.07941194482254, 51.22770801562711], [128.07926516091288, 51.22788670888158], [128.07912196487982, 51.22788558223886], [128.07912555386295, 51.227705762531244], [128.07941194482254, 51.22770801562711]], [[128.17297164917048, 51.34530592675679], [128.17311683253962, 51.34521702992988], [128.17311521442255, 51.34530694022191], [128.17297164917048, 51.34530592675679]], [[128.24111937037188, 51.4267858284231], [128.24097405790826, 51.42687480775907], [128.24097554757734, 51.42678489725029], [128.24111937037188, 51.4267858284231]], [[128.23825637087802, 51.4259579773112], [128.23811105553426, 51.426046953098414], [128.2381125507777, 51.42595704263656], [128.23825637087802, 51.4259579773112]], [[128.27112193497464, 51.42149109637351], [128.27083575146594, 51.421399396398], [128.27112336520332, 51.42140118516674], [128.27112193497464, 51.42149109637351]], [[128.3041376922867, 51.42564821884934], [128.30413359529362, 51.42591795420334], [128.30298165091028, 51.426001030196815], [128.3031227378945, 51.42618170880909], [128.3022598007343, 51.42617657558318], [128.30212145643063, 51.42581607245657], [128.30241183794502, 51.42563796106347], [128.30198174440216, 51.425545480900716], [128.30068461219378, 51.42571758959121], [128.3011147046843, 51.42581007450667], [128.301109218251, 51.42616972140135], [128.29550290040885, 51.42595632232886], [128.29520972377222, 51.42631423969951], [128.29449337781347, 51.42613009071863], [128.29362905691855, 51.426214805551474], [128.29377010755653, 51.42639549527413], [128.29247708703832, 51.42629777820999], [128.2924743098856, 51.42647760131205], [128.29002791834313, 51.42655273002757], [128.28902952507863, 51.42600715924372], [128.28859805941636, 51.42600454156019], [128.28860364402678, 51.42564489562287], [128.28817357879709, 51.425552364905414], [128.28832158929802, 51.42528350370305], [128.2879027079056, 51.42447168007307], [128.28819034200652, 51.42447342704123], [128.28819592951163, 51.42411378104124], [128.29035177662644, 51.42421677218459], [128.2903475986846, 51.42448650680797], [128.2955250213203, 51.42451773628751], [128.29552916878723, 51.424248001364475], [128.29812200051498, 51.42399379512636], [128.29812613261606, 51.42372406002887], [128.29898902282585, 51.42372922350925], [128.29899314978383, 51.42345948834949], [128.30028747796067, 51.423467221587266], [128.30029571644778, 51.422927751081176], [128.3015900299638, 51.42293546988061], [128.30159414149333, 51.42266573453441], [128.30260082425568, 51.42267172810812], [128.30274874080138, 51.42240284820263], [128.30318017385912, 51.42240541367695], [128.3033157822121, 51.4229457393844], [128.3030267890641, 51.42303394137124], [128.3030226859142, 51.42330367678261], [128.30330621209632, 51.42357512203931], [128.30329117264228, 51.42456415178572], [128.30242826591646, 51.42455901991392], [128.3025570278556, 51.42554890509192], [128.30327886699746, 51.42537335781469], [128.3034336234713, 51.42465491826957], [128.30415817629785, 51.42429954188846], [128.30416500394813, 51.42384998283086], [128.30373628990185, 51.42366759731362], [128.3035993079432, 51.42321718394691], [128.30460463862977, 51.42331307217882], [128.3046155553917, 51.42259377747983], [128.305056536289, 51.42196695309721], [128.30678361361132, 51.4218872595382], [128.30677545181408, 51.42242673088394], [128.30763831917895, 51.42243183060691], [128.30762065642355, 51.423600685226916], [128.30675504621195, 51.42377540902577], [128.30674280209018, 51.424584615758306], [128.30544435145111, 51.42484668915613], [128.30544026226798, 51.42511642462197], [128.30457734474712, 51.42511130853064], [128.30456915603128, 51.42565077932597], [128.3041376922867, 51.42564821884934]], [[128.34465544409562, 51.4387402450414], [128.34451286756902, 51.438649528427234], [128.34465673083417, 51.43865033270529], [128.34465544409562, 51.4387402450414]], [[128.33864564383822, 51.43645850715722], [128.33893076051643, 51.43663995441877], [128.33864304695382, 51.43663833167861], [128.33864564383822, 51.43645850715722]], [[128.25919748553812, 51.429599070381215], [128.2590551076463, 51.42950825051382], [128.25919893958542, 51.42950915953976], [128.25919748553812, 51.429599070381215]], [[128.2500054873367, 51.428731340860445], [128.2498631304652, 51.42864050990087], [128.25000695937936, 51.42864143019346], [128.2500054873367, 51.428731340860445]], [[128.25403270792444, 51.4287570374963], [128.25231115807242, 51.42847630944532], [128.2523170280433, 51.4281166665638], [128.25318145803834, 51.42803225682758], [128.25318585533392, 51.427762524594534], [128.254189711789, 51.42794875585484], [128.2536202639562, 51.42758545116662], [128.25362758832136, 51.42713589735842], [128.2531975811217, 51.427043238577376], [128.25320344383348, 51.4266835955348], [128.25148197697612, 51.42640285554431], [128.25147756986274, 51.426672587735496], [128.25104610154105, 51.426669831815836], [128.25105051119422, 51.4264000996511], [128.25047522359156, 51.426396422656715], [128.2503372867849, 51.42603586011969], [128.24976200384967, 51.42603217964369], [128.24947878123342, 51.42576060624968], [128.24963143680634, 51.42522206272661], [128.2493467467842, 51.425040399713694], [128.2487685279159, 51.42521653582014], [128.24691219423474, 51.42439534309997], [128.24633693234932, 51.424391645899306], [128.24633397429994, 51.424571467211656], [128.2460463422745, 51.42456961754096], [128.24604930145256, 51.42438979624043], [128.24374677128236, 51.4244648841683], [128.2426007057753, 51.42418772412656], [128.2410187446271, 51.42417749187874], [128.2408793991602, 51.42390682896658], [128.23987270307626, 51.42390030524933], [128.23915811390123, 51.42362590860406], [128.23484523448386, 51.42350791527926], [128.23484823750834, 51.42332809441251], [128.2355672962817, 51.42333278587577], [128.2355702964537, 51.42315296497335], [128.23441680233762, 51.4233252774176], [128.23312400213175, 51.42322690650705], [128.23298470623448, 51.42295623437342], [128.2292441232478, 51.42302161867779], [128.22925168557268, 51.422572067052464], [128.228104241821, 51.42238467607873], [128.22782874649982, 51.421663499281415], [128.22697652696922, 51.42102844007053], [128.2269841110011, 51.420578888531416], [128.2265527025104, 51.420576042701335], [128.22684485933416, 51.42030820916639], [128.22627724221556, 51.41985486218432], [128.22628483278916, 51.41940531062884], [128.2259957158705, 51.41949332220805], [128.22599875318897, 51.41931350159089], [128.22628635088032, 51.41931540031349], [128.22615773533076, 51.41841534783916], [128.2258701432965, 51.418413448824516], [128.22574153826704, 51.41751339580059], [128.22545547153945, 51.4174215854615], [128.2257673611217, 51.41598491994642], [128.22577647452798, 51.41544545778231], [128.22548890115533, 51.41544355790991], [128.22549194002258, 51.415263737189335], [128.22592329840126, 51.41526658671516], [128.22592785410507, 51.41499685559633], [128.22564180265306, 51.41490504573732], [128.22593240973816, 51.41472712446471], [128.2259673339089, 51.41265918536467], [128.22567977800392, 51.412657286033316], [128.22597037059683, 51.41247936453787], [128.2259840353037, 51.411670170747065], [128.2256964856019, 51.411668271482526], [128.22598859006456, 51.411400439457914], [128.22570104205445, 51.41139854021161], [128.22585089008783, 51.41103984819633], [128.2254286873789, 51.41049753599202], [128.22571622971876, 51.410499435882926], [128.22601136280824, 51.41005178282055], [128.22974937984006, 51.41007640765405], [128.2297524014122, 51.40989658658744], [128.23032747916992, 51.40990036441938], [128.23047577669965, 51.40963157678067], [128.23119763573834, 51.40945647303509], [128.23120065156274, 51.40927665188824], [128.23019427905479, 51.4092700463846], [128.230198808653, 51.409000314717055], [128.22890490931704, 51.40899180931284], [128.22890944645644, 51.408722077714124], [128.2300610825114, 51.408639728146255], [128.23021692634282, 51.40792138791916], [128.23151079586634, 51.407929878715294], [128.23151381029788, 51.40775005750814], [128.23194660494653, 51.40766297396697], [128.23181188213528, 51.40712256808823], [128.23239445258727, 51.40667678248941], [128.2329965663742, 51.40506215522382], [128.23286785598933, 51.404162107549126], [128.23344737190294, 51.40389613769021], [128.23345488785023, 51.403446584146764], [128.23389514966436, 51.40290993955808], [128.2337604172303, 51.40236953544482], [128.23404790916132, 51.40237141468675], [128.23376191973944, 51.40227962470884], [128.23391618079333, 51.40165118920229], [128.2336377096427, 51.40110984516865], [128.2330642454947, 51.40101617329185], [128.23250131799986, 51.40029312346623], [128.23164038825712, 51.40019756168261], [128.23165997278778, 51.39902872214832], [128.2313740089841, 51.398936926398534], [128.23138455784482, 51.39830755119763], [128.2309593895724, 51.39794507946235], [128.23110915144966, 51.39758637954756], [128.23082319772612, 51.39749458247357], [128.23083375360176, 51.39686520719817], [128.23025883923637, 51.39686143252762], [128.22998496859105, 51.39605034741301], [128.2291256350977, 51.395864856694836], [128.22913168003305, 51.39550521373162], [128.2288442314733, 51.395503322609606], [128.22870504335975, 51.39523264457414], [128.22727235409405, 51.39495344458613], [128.22698945527233, 51.39468181679163], [128.2269985473692, 51.394142352500054], [128.22786086718077, 51.39414803722517], [128.2278654080534, 51.39387830500569], [128.2291588806942, 51.39388682011614], [128.22916341389146, 51.393617087802184], [128.23045687956065, 51.39362558855655], [128.2304659305347, 51.39308612372724], [128.23132823119244, 51.39309178285801], [128.23133727174624, 51.392552317869026], [128.23219956254528, 51.39255797054727], [128.23220407764742, 51.3922882379794], [128.23263522061728, 51.39229106191245], [128.23265778240363, 51.39094239874608], [128.23352004320685, 51.39094804158359], [128.23353807109962, 51.3898691106041], [128.23396919146825, 51.38987192953584], [128.23398270405042, 51.389062731086014], [128.23484492979122, 51.38906836402986], [128.23485392769285, 51.38852889822474], [128.2352850355995, 51.388531712263976], [128.2352895319114, 51.38826197931527], [128.23615174286562, 51.38826760258251], [128.23616521617794, 51.387458403497945], [128.23702741220623, 51.387464020260545], [128.23703189810288, 51.387194287152944], [128.23832518506515, 51.38720270032334], [128.23832070677065, 51.387472433511654], [128.23918290349448, 51.387478034417185], [128.2391694833987, 51.3882872340667], [128.23960058946713, 51.38829003222143], [128.23959611849725, 51.38855976543926], [128.24175612084932, 51.38830399920874], [128.24175166255046, 51.388573732560545], [128.24476942712974, 51.38859321992785], [128.2447649865015, 51.388862953453824], [128.24562721064206, 51.38886850705435], [128.24562277501352, 51.389138240620845], [128.24691611934344, 51.38914655920796], [128.2469116912491, 51.38941629284148], [128.2477739262147, 51.389421830690296], [128.24776507995756, 51.389961298025334], [128.2486273253354, 51.389966829636975], [128.2486229071728, 51.390236563338405], [128.24905403249906, 51.39023932679195], [128.2490496168024, 51.39050906050714], [128.24991187272948, 51.39051458270957], [128.2499030512689, 51.39105405020762], [128.25076531760809, 51.391059566172316], [128.25075650601232, 51.39159903372518], [128.25118764435382, 51.391601789381504], [128.25118324098807, 51.391871523165236], [128.25204405683152, 51.39196694104888], [128.25202792907766, 51.392955964991515], [128.25289023158663, 51.39296146546633], [128.25286826306586, 51.39431013446647], [128.25372766531285, 51.39449545140509], [128.25368669974722, 51.39701296643146], [128.25440388722973, 51.39710745193069], [128.25424846050237, 51.397825827315174], [128.25453300221278, 51.3980074786572], [128.25451400136228, 51.39917632456729], [128.25537642131508, 51.39918180721931], [128.25534576043694, 51.401069942782534], [128.255776988267, 51.40107268191292], [128.25576385447923, 51.40188188275613], [128.2563388351696, 51.40188553256714], [128.25662195256737, 51.40215709005636], [128.2566132063783, 51.40269655730092], [128.25747569294828, 51.40270202477094], [128.2574625883739, 51.403511225699525], [128.2596115845852, 51.40397442324187], [128.25960142104609, 51.40460380191833], [128.26032019021778, 51.404608340378644], [128.26017353468725, 51.40478725552864], [128.26089085738496, 51.40488170174909], [128.2608865090122, 51.40515143551192], [128.2617490425925, 51.405156871719534], [128.26174469922566, 51.40542660552178], [128.26260289978836, 51.40570176927616], [128.26259856136028, 51.40597150310501], [128.2638923854711, 51.40597963622966], [128.26388372363408, 51.406519104005156], [128.26474628352497, 51.406524518258266], [128.26474195757945, 51.406794252178855], [128.26574828371113, 51.40680056084579], [128.26603148712837, 51.40707209572088], [128.26775662881553, 51.4070828863507], [128.26775232049476, 51.40735262042712], [128.26818360862086, 51.40735531414332], [128.26817930277028, 51.40762504823283], [128.26990446609096, 51.40763580733223], [128.26990017032193, 51.40790554151224], [128.27378181452482, 51.407929656884896], [128.27421026168852, 51.40811215138718], [128.27450063811585, 51.407934108588904], [128.27636958031354, 51.40794566238964], [128.27637383802596, 51.407675927824705], [128.27781147825803, 51.40768479500159], [128.27810750132244, 51.40714709694891], [128.27897007575322, 51.40715240657391], [128.2789743180453, 51.406882671817755], [128.27983688766548, 51.40688797504445], [128.27984112481775, 51.40661824022467], [128.28113497213033, 51.40662618308716], [128.281139201606, 51.40635644817844], [128.28142672162002, 51.406358211302624], [128.28114061141667, 51.40626653653938], [128.28128719017377, 51.406087594898786], [128.2832998191471, 51.40609991937112], [128.28330403580716, 51.405830184310226], [128.28416658644431, 51.40583545559769], [128.2841707979653, 51.4055657204735], [128.28460207084512, 51.40556835371178], [128.2846062797639, 51.40529861854959], [128.28633556049547, 51.40503940025825], [128.28634395771283, 51.404499929668404], [128.28763774708574, 51.40450780051921], [128.28764612882264, 51.40396832972744], [128.2889399035613, 51.40397618614704], [128.28894408672247, 51.403706450656685], [128.29067328342012, 51.40344716796552], [128.29067745630545, 51.40317743234941], [128.29110870733132, 51.4031800415607], [128.29111287761543, 51.40291030590684], [128.29197537478845, 51.40291551951949], [128.29197953993497, 51.40264578380287], [128.2932732785701, 51.40265359224716], [128.2932774360428, 51.402383856442924], [128.2941399237162, 51.4023890540895], [128.2942878231769, 51.40212018387176], [128.29543780043602, 51.4021271027183], [128.2954460896959, 51.40158763079707], [128.29630856279536, 51.40159281242846], [128.29631684165304, 51.40105334035691], [128.29674807322672, 51.401055928743084], [128.29675358894087, 51.400696280633994], [128.29761879995056, 51.40052162848451], [128.29777080361134, 51.39998301751434], [128.29848950638558, 51.39998732163068], [128.29850188537975, 51.39917811290321], [128.29807067130176, 51.39917553103655], [128.29809131435687, 51.39782684969346], [128.29895371721878, 51.397832011592754], [128.29896608706898, 51.39702280248566], [128.299828474973, 51.39702795789116], [128.29983259305723, 51.39675822144722], [128.30026378456955, 51.396760796745816], [128.3002761308323, 51.39595158726355], [128.3011384988355, 51.39595673295374], [128.3011508293111, 51.3951475232089], [128.30158200580223, 51.395150093600634], [128.30158611329787, 51.394880356968926], [128.30244846140076, 51.394885492944525], [128.30246487046415, 51.393806546093344], [128.30332719854002, 51.39381167552737], [128.30333539254934, 51.39327220192705], [128.30376655161248, 51.393274764215704], [128.30378702284824, 51.39192607986937], [128.3046493158155, 51.39193119944281], [128.3046697601151, 51.39058251453291], [128.30510089402011, 51.39058507181792], [128.30510906622652, 51.39004559771585], [128.30597132408823, 51.390050707430014], [128.30598764746398, 51.388971758877176], [128.3068498853029, 51.38897686205184], [128.30685396091968, 51.38870712483288], [128.3072850773996, 51.38870967401696], [128.307301369097, 51.38763072491612], [128.30816358197183, 51.387635818331326], [128.30817171730448, 51.38709634360686], [128.30860281876818, 51.38709888788697], [128.30860688380565, 51.38682915048126], [128.30946908185402, 51.38683423423544], [128.30947720160339, 51.386294759288326], [128.31033938976736, 51.38629983660213], [128.31034344447949, 51.38603009906079], [128.31077453612184, 51.38603263531479], [128.31077858823704, 51.38576289773642], [128.31164076664234, 51.385767965438724], [128.3116488605483, 51.38522849014658], [128.3129421134236, 51.3852360796618], [128.3129461526807, 51.384966341923864], [128.3138083165099, 51.38497139362395], [128.31381235063665, 51.38470165582483], [128.31611546244108, 51.38444535794729], [128.31568572624366, 51.3843529287534], [128.31612082307802, 51.384085707339835], [128.31741136971502, 51.384273072741074], [128.31856758202443, 51.383830199562844], [128.31856491133325, 51.38401002496888], [128.32244590194927, 51.383942608585656], [128.3224419186852, 51.38421234690414], [128.32430858950926, 51.38431304556725], [128.32589052561877, 51.384232236002916], [128.32618187101264, 51.38396415032203], [128.33106737598112, 51.38399214058427], [128.33106999767298, 51.383812314714795], [128.33150107032878, 51.383814774650226], [128.33149845032608, 51.38399460053544], [128.33322274831536, 51.38400442448408], [128.33321882839562, 51.38427416339555], [128.33451206012776, 51.38428151477872], [128.3345081477487, 51.38455125374802], [128.33623246771, 51.38456103348739], [128.33622856540572, 51.38483077253778], [128.33881506236676, 51.38484539471799], [128.33881117520542, 51.385115133895965], [128.34053551785544, 51.38512485039621], [128.34053164076963, 51.385394589654695], [128.3409627291166, 51.38539701483884], [128.34095885450466, 51.38566675410789], [128.341821036447, 51.3856715997656], [128.341817166843, 51.38594133906844], [128.34483482326888, 51.38595824908292], [128.3448309713435, 51.38622798853527], [128.34741371475027, 51.386512160706765], [128.34740987791042, 51.38678190027218], [128.34913428616645, 51.386791490470266], [128.34913045940397, 51.387061230115], [128.34956156415075, 51.38706362372305], [128.34955773986314, 51.38733336337804], [128.35041995460327, 51.387338145882644], [128.3504123159873, 51.38787762524632], [128.35213295719382, 51.38815691116339], [128.3521291478754, 51.38842665090508], [128.35255899676744, 51.388518946778895], [128.35255265196332, 51.388968513017886], [128.35327119026485, 51.38897248060617], [128.3534034920914, 51.38978249287357], [128.35412204326258, 51.389786455289546], [128.3542543623403, 51.390596466545105], [128.3546855007454, 51.3905988414198], [128.35467032182487, 51.391677800401304], [128.35553261909052, 51.391682545574795], [128.35524392281656, 51.39177087780462], [128.3552401312995, 51.3920406175444], [128.3555048258032, 51.39366063684748], [128.35507113004087, 51.39383809131724], [128.35505975142433, 51.394647310183956], [128.35549092797325, 51.39464968222797], [128.35547576580214, 51.39572864063034], [128.35504457911148, 51.39572626849531], [128.35504078588608, 51.395996008041415], [128.3554719751123, 51.39599838019921], [128.35560938832893, 51.39644873649854], [128.35503319925863, 51.39653548709558], [128.35501043796327, 51.39815392395362], [128.35471537403723, 51.39869182033318], [128.3541404214028, 51.398688653274675], [128.35413282345374, 51.399228131983975], [128.3537016039747, 51.39922575479362], [128.35369146624618, 51.399945059599595], [128.3533989108417, 51.400303126232934], [128.3528239381547, 51.40029995264595], [128.3528188622649, 51.40065960493168], [128.35180629755186, 51.401103609532974], [128.35165873805798, 51.40137255355603], [128.35108375215972, 51.40136937138539], [128.35007115504584, 51.40181336082703], [128.34964246213124, 51.40163114261629], [128.34819859958915, 51.4020727219843], [128.34589477520782, 51.40232964711981], [128.34574717709765, 51.402598583505736], [128.34503099505392, 51.40241474323067], [128.34488339160882, 51.402683678505824], [128.34186205346035, 51.402846591515214], [128.34171443005155, 51.40311552270781], [128.33984048075163, 51.40346466271994], [128.33983659703517, 51.40373440109178], [128.33868656882655, 51.40372791772523], [128.33579456745372, 51.40488052512998], [128.33507578239337, 51.40487644949642], [128.33421062920573, 51.40505137825258], [128.3342080178408, 51.40523120358157], [128.3313276121893, 51.4055744860353], [128.33132498946807, 51.405754311242674], [128.32959593002013, 51.40601419412103], [128.32988082241118, 51.40619566351194], [128.3293057785475, 51.40619237428528], [128.32814383244482, 51.406995000147965], [128.32785894203118, 51.4068135265666], [128.3278563055887, 51.40699335160822], [128.32713484927908, 51.40716905218282], [128.32641602960996, 51.407164923313395], [128.32641206639698, 51.40743466077757], [128.32511421292577, 51.407696955012916], [128.32496647558912, 51.40796586446669], [128.3229497631685, 51.40822399239742], [128.3226582434628, 51.40849206829485], [128.3216518678608, 51.40848624810222], [128.3216478764294, 51.408755985240354], [128.32078526396435, 51.408750989579005], [128.3207799351931, 51.40911063901285], [128.32034862567045, 51.40910813876971], [128.32034595955184, 51.40928796346217], [128.31948333730963, 51.40928295818285], [128.31947532863833, 51.409822432130284], [128.31861269649494, 51.40981742040672], [128.3186046774248, 51.41035689420716], [128.31817335637135, 51.410354385916676], [128.31816800680278, 51.410714035056635], [128.3178777812591, 51.41089218651067], [128.31730267990648, 51.410888838179595], [128.31729464511216, 51.41142831173386], [128.31642796057412, 51.41169302056026], [128.3162801592826, 51.41196191864348], [128.3155612660724, 51.411957722928776], [128.3145467484305, 51.41249131466805], [128.31353894015425, 51.412575336673775], [128.3136786817485, 51.41284591515877], [128.31454136999838, 51.41285096340423], [128.315117839128, 51.412764413181385], [128.31526564985697, 51.412495516635694], [128.3164158925007, 51.41250223061347], [128.31640382386516, 51.41331144055229], [128.31597247520784, 51.413308924060864], [128.31595771458356, 51.41429795818666], [128.3153812276846, 51.41438451245162], [128.31595368881293, 51.414567694736775], [128.31523475478215, 51.414563496869214], [128.31466632995648, 51.41411057459753], [128.31294764526785, 51.41365091274496], [128.3129570796035, 51.41302152773812], [128.31324464338388, 51.41302321296638], [128.31339381279614, 51.41266440667724], [128.3109481889485, 51.41273997504888], [128.31080846382133, 51.412469393365384], [128.3095144433265, 51.41246177744634], [128.30951173438518, 51.412641601628316], [128.30879147564454, 51.412727276438], [128.30649098319404, 51.41271368751684], [128.30648690194298, 51.41298342360393], [128.30519286811747, 51.41297575992227], [128.30518605320168, 51.41342531991661], [128.3043219911458, 51.41351011475588], [128.30431516755826, 51.41395967462599], [128.30301563761793, 51.414311634638], [128.30286501398663, 51.41476033921956], [128.30214060274452, 51.415115708719725], [128.3019885984597, 51.41565432397336], [128.3017010188552, 51.41565261106903], [128.30169005906012, 51.416371906179144], [128.30140110440098, 51.41646010440239], [128.30124908682154, 51.416998718523665], [128.30081770483977, 51.416996146133584], [128.30080810245275, 51.417625529096355], [128.3003712239922, 51.41798260240448], [128.30035749694653, 51.4188817206637], [128.29949469776147, 51.4188765676003], [128.2994795785723, 51.41986559734088], [128.29890299120282, 51.41995207009156], [128.29889886423155, 51.42022180540843], [128.29573103129394, 51.42047257520322], [128.29558307999696, 51.42074144620714], [128.29501062439775, 51.42055816464373], [128.2950064744255, 51.42082789970747], [128.293853256834, 51.421000798169985], [128.29227138758577, 51.4209912579895], [128.29169338292994, 51.42116760677632], [128.29168921334067, 51.42143734161904], [128.29140020763805, 51.4215255149143], [128.29082497607413, 51.421522036165086], [128.29038798273822, 51.42187907158224], [128.2888032932367, 51.422049307619865], [128.2885114858881, 51.42231729683031], [128.28592290165383, 51.42230155627106], [128.28534906338808, 51.422208139130966], [128.28549567737733, 51.42202919284729], [128.2843452031948, 51.42202217452961], [128.2843494161016, 51.42175244014405], [128.28363880828692, 51.421208579279224], [128.28263356941716, 51.42111251155303], [128.2826377922622, 51.42084277722624], [128.28150144683016, 51.4199366166865], [128.281213841626, 51.41993485341624], [128.28107709211523, 51.419484414361136], [128.28064851149065, 51.41930194479076], [128.2784858407475, 51.41964833302093], [128.27848300935256, 51.41982815577993], [128.2776258659729, 51.419463196187564], [128.27575503253664, 51.419541571916405], [128.27575219043675, 51.419721394570445], [128.27517556129763, 51.41980775043697], [128.27129290985536, 51.419783677271035], [128.2701367673231, 51.42013616462605], [128.26956298910443, 51.42004267040751], [128.26797254330697, 51.42057226954414], [128.26796967056265, 51.420752091855654], [128.26638781889403, 51.420742202426695], [128.2666711114321, 51.42101373547131], [128.26580251586756, 51.42136797872227], [128.2656543863999, 51.421636811187895], [128.26479298455055, 51.42154149141486], [128.2649223675834, 51.42244150404289], [128.26449093779115, 51.42243879776496], [128.26448372123704, 51.42288835303891], [128.26361507324074, 51.42324257975768], [128.26360929297175, 51.42360222385936], [128.26273917788157, 51.42404635497258], [128.261594455073, 51.42367946920558], [128.26172233200802, 51.42466939577692], [128.26128798215973, 51.42484649955423], [128.26127638430572, 51.42556578716056], [128.26084782664967, 51.425383245471615], [128.26040911225945, 51.42583007872297], [128.26054857907567, 51.42610071881456], [128.25967838684568, 51.42654482670852], [128.25967548093354, 51.42672464850095], [128.25996167497843, 51.426816375684524], [128.25938347389794, 51.42699256417207], [128.2595229381107, 51.42726320542026], [128.2589476385624, 51.42725956996009], [128.25894327526916, 51.427529302569006], [128.25851179814705, 51.427526574095076], [128.25850743224603, 51.42779630666504], [128.25807595265175, 51.42779357657692], [128.25778392942442, 51.42806148814949], [128.25706333459982, 51.42814684348602], [128.2572042464211, 51.428327576581076], [128.25605362131688, 51.42832027997313], [128.25403270792444, 51.4287570374963]], [[128.24719687055995, 51.424577011989584], [128.24690776053518, 51.42466507510184], [128.24690923844267, 51.424575164435964], [128.24719687055995, 51.424577011989584]], [[128.2337514020119, 51.40290899983094], [128.23360915720482, 51.402818149203036], [128.23375290456772, 51.40281908910346], [128.2337514020119, 51.40290899983094]], [[128.2691272792257, 51.420309714856906], [128.26926964880917, 51.42040052259846], [128.2691258451364, 51.42039962604058], [128.2691272792257, 51.420309714856906]], [[128.2608376723125, 51.42601262201173], [128.26069530222165, 51.425921804112804], [128.26084057358923, 51.42583280015021], [128.2608376723125, 51.42601262201173]], [[128.25807449648968, 51.42788348742201], [128.2585045216077, 51.42797612837126], [128.25807304032006, 51.42797339826568], [128.25807449648968, 51.42788348742201]], [[128.25633981795355, 51.42841201598541], [128.25619306977688, 51.42859092505852], [128.2560492408186, 51.428590012356196], [128.25605216115835, 51.4284101907689], [128.25633981795355, 51.42841201598541]], [[128.26223244478606, 51.42871901013816], [128.2623748265799, 51.428809826174046], [128.2622309967335, 51.42880892105329], [128.26223244478606, 51.42871901013816]], [[128.2623762743502, 51.42871991525601], [128.26252155140244, 51.42863090927509], [128.26252010392187, 51.428720820197434], [128.2623762743502, 51.42871991525601]], [[128.24972224675005, 51.42845976810543], [128.2492922352005, 51.42836709500081], [128.2497237193343, 51.42836985744007], [128.24972224675005, 51.42845976810543]], [[128.25749190277264, 51.42832939896858], [128.25734953220402, 51.42823857703962], [128.25749336010134, 51.428239488142225], [128.25749190277264, 51.42832939896858]], [[128.23939797562028, 51.42650491126802], [128.2392556467896, 51.42641406750824], [128.23939946836268, 51.42641500078635], [128.23939797562028, 51.42650491126802]], [[128.26010840272974, 51.42663746175761], [128.25996603216467, 51.4265466429806], [128.26010985483546, 51.42654755085198], [128.26010840272974, 51.42663746175761]], [[128.33633558930228, 51.42709380715928], [128.33590541250382, 51.427001451194485], [128.33633689183335, 51.427003894793984], [128.33633558930228, 51.42709380715928]], [[128.3367683712236, 51.42700633680545], [128.33662584671333, 51.42691561060616], [128.33676967290128, 51.42691642443093], [128.3367683712236, 51.42700633680545]], [[128.32269069023292, 51.425756885440165], [128.3226986656075, 51.4252174126085], [128.32198488589532, 51.42485360697121], [128.32184772090207, 51.42440321435069], [128.3214162673436, 51.424400717511354], [128.32056269389864, 51.423766334225164], [128.3204242124735, 51.423405852049974], [128.31999543728398, 51.42322352576199], [128.32014191965092, 51.42304453569305], [128.3195653302606, 51.423131110029985], [128.31971448391357, 51.42277229625361], [128.31928438169382, 51.422679879501416], [128.31914457749747, 51.42240930791947], [128.3191512576557, 51.421959747301884], [128.31972649816552, 51.42196308707123], [128.31989833346367, 51.420075766312834], [128.32104876747272, 51.42008243552433], [128.32104077413842, 51.42062190864718], [128.32190227953728, 51.42071681544089], [128.32189163485913, 51.4214361129755], [128.32318192785493, 51.42171332980063], [128.32316997473293, 51.42252253959628], [128.32403284685407, 51.42252751864964], [128.32401294914126, 51.42387620162717], [128.32487187225559, 51.42415091117315], [128.3245815870185, 51.424329078601765], [128.3245789360622, 51.42450890298187], [128.32486657262785, 51.424510559960204], [128.32470817669545, 51.42549876557807], [128.3242753864372, 51.42558619139624], [128.32427140801101, 51.42585592788909], [128.32355096805415, 51.425941692540576], [128.32326863506552, 51.4255803837215], [128.32269069023292, 51.425756885440165]], [[128.30774409399697, 51.42495021275039], [128.30760163366537, 51.42485945147377], [128.307745452536, 51.424860300883495], [128.30774409399697, 51.42495021275039]], [[128.2374233818537, 51.42415415738099], [128.2371372500967, 51.42406237538712], [128.2374248783454, 51.424064246904294], [128.2374233818537, 51.42415415738099]], [[128.2404449768254, 51.42408385522933], [128.24030265337564, 51.423993012725916], [128.2404464673841, 51.42399394468851], [128.2404449768254, 51.42408385522933]], [[128.23067317136537, 51.42357052798956], [128.2302432448861, 51.42347778528458], [128.23067468107152, 51.423480617645644], [128.23067317136537, 51.42357052798956]], [[128.2958209476671, 51.42397999466236], [128.29567851409587, 51.42388921898291], [128.29582232955596, 51.42389008300876], [128.2958209476671, 51.42397999466236]], [[128.29381861444003, 51.42324858924859], [128.29382554327745, 51.422799031103565], [128.2925340123343, 51.422611403371754], [128.29254650651404, 51.421802198820856], [128.2938407860886, 51.421810003060074], [128.2938449430683, 51.42154026810944], [128.29542406669884, 51.4217296104902], [128.29557063991447, 51.421550651434295], [128.29815918711475, 51.42156617879095], [128.298155055527, 51.42183591399021], [128.29844267371809, 51.42183763574039], [128.29829473381344, 51.42210651014832], [128.2987261636714, 51.42210909200449], [128.298293356864, 51.422196421877096], [128.2981343966257, 51.42318458979572], [128.2972728958333, 51.42308950836936], [128.29712356565804, 51.42344829288881], [128.29654830924656, 51.42344484213333], [128.29654416789822, 51.423714577152545], [128.2941020855353, 51.42352005655877], [128.29381861444003, 51.42324858924859]], [[128.2935614856355, 51.42126880013883], [128.29385187122432, 51.4210907098301], [128.29384909998342, 51.42127053314607], [128.2935614856355, 51.42126880013883]], [[128.29688008976183, 51.42056939335732], [128.29673766461534, 51.42047861894464], [128.29688146940413, 51.42047948163066], [128.29688008976183, 51.42056939335732]], [[128.27877202885165, 51.41974001436319], [128.2800648337067, 51.41983788187076], [128.2802015742751, 51.42028832204484], [128.27876212273924, 51.42036939402464], [128.27877202885165, 51.41974001436319]], [[128.3216279183429, 51.41010467074043], [128.32492940254323, 51.410483412541986], [128.32492013344242, 51.41111279938787], [128.32448747968226, 51.411200226703954], [128.32448350454936, 51.41146996387437], [128.3241946242196, 51.41155821863553], [128.3243357511515, 51.411738872301875], [128.32376063840698, 51.41173555561753], [128.32373941376764, 51.41317415336528], [128.32344521253265, 51.41362205557561], [128.32287007626553, 51.41361873443578], [128.3228660912708, 51.413888471404285], [128.32329744599895, 51.4138909625476], [128.32326691177727, 51.41595894573396], [128.3229740160515, 51.416316934178276], [128.32311249666708, 51.41667741377145], [128.32267580032703, 51.41703457093788], [128.32224441606752, 51.41703207739908], [128.32252801809608, 51.41730347672629], [128.32223776742762, 51.4174816386848], [128.3220966313186, 51.417300982634394], [128.32109006241214, 51.41729515691317], [128.32095292814554, 51.41684476278167], [128.32037908509412, 51.416751517035806], [128.32067067106934, 51.416483447428156], [128.31952299753564, 51.416296950396855], [128.31981325114756, 51.416118795136136], [128.31923941954392, 51.41602554384151], [128.31896118925246, 51.4153944877122], [128.31897187762107, 51.414675189868795], [128.3183980658152, 51.41458193450563], [128.31854452646132, 51.41440294609002], [128.31812386863646, 51.413681139599184], [128.31814928244071, 51.41197280686855], [128.31858061872038, 51.41197531530342], [128.31859532152825, 51.41098628024341], [128.32075728668457, 51.41063914885464], [128.32076128362496, 51.41036941185339], [128.3216239265397, 51.41037440780234], [128.3216279183429, 51.41010467074043]], [[128.31989330492382, 51.41072405882432], [128.31946331516517, 51.41063164295611], [128.31989463894286, 51.41063414650938], [128.31989330492382, 51.41072405882432]], [[128.22273713262246, 51.41659430773102], [128.22259486761178, 51.41650344385949], [128.22273865752086, 51.41650439744774], [128.22273713262246, 51.41659430773102]], [[128.3149780892655, 51.41249383637771], [128.3148356530069, 51.41240308379123], [128.3149794330102, 51.412403924182065], [128.3149780892655, 51.41249383637771]], [[128.35929667471322, 51.41031663406185], [128.35915415696542, 51.410225935022254], [128.35929793142813, 51.41022672102717], [128.35929667471322, 51.41031663406185]], [[128.35901918327886, 51.40959575759388], [128.35887666831158, 51.40950505821545], [128.35902044050562, 51.40950584455294], [128.35901918327886, 51.40959575759388]], [[128.19518283986366, 51.38880268350401], [128.19548128169984, 51.38817528612759], [128.19534546669493, 51.38772474883647], [128.19606868729878, 51.387459949736005], [128.19608601816395, 51.38647093795618], [128.19637655770532, 51.386293088821965], [128.19623601377558, 51.38611228295203], [128.19652340124665, 51.38611425379496], [128.19653914695135, 51.3852151518762], [128.19740443833365, 51.38504123954921], [128.19755599136465, 51.38459267247447], [128.19956920692616, 51.38451652035426], [128.19955508962047, 51.38532571278419], [128.19998616379903, 51.38532865654341], [128.1999767569642, 51.38586811815585], [128.20069522253627, 51.385873020991816], [128.20082482007814, 51.38668319352249], [128.20168386521792, 51.38686889079965], [128.20166352550328, 51.38803772440325], [128.2025257253395, 51.38804359504375], [128.20251634745398, 51.388583056738554], [128.20294745254947, 51.38858598973653], [128.2029427660317, 51.38885572059287], [128.20380498150914, 51.38886158188783], [128.20379093672497, 51.389670774548804], [128.20465316769847, 51.38967662966927], [128.2046391374666, 51.3904858223836], [128.2055013839366, 51.390491671329194], [128.20549204022365, 51.39103113318701], [128.20592316863633, 51.39103405533711], [128.20591382970247, 51.391573517199845], [128.20677609688343, 51.39157935685445], [128.20676676779817, 51.39211881877806], [128.20848666879303, 51.392400210334564], [128.20848201420836, 51.39266994137626], [128.2089131583353, 51.392672852592774], [128.20890850621313, 51.39294258364961], [128.20977079975313, 51.392948401380536], [128.20976150543152, 51.393487863567444], [128.21105496149136, 51.39349657843615], [128.21105032182706, 51.39376630959402], [128.2127749410543, 51.39377790732594], [128.21277031145777, 51.39404763858229], [128.21406378423762, 51.39405632031113], [128.2140591621742, 51.39432605163797], [128.2149214827895, 51.394331831582384], [128.21491686572438, 51.394601562951905], [128.2174992425726, 51.3948885964081], [128.21749464057484, 51.39515832791803], [128.2200816523418, 51.39517557308317], [128.2200770654836, 51.39544530474577], [128.22050823689597, 51.39544817341606], [128.22051282121902, 51.39517844172594], [128.22266866667158, 51.39519276114787], [128.22266409502438, 51.39546249297535], [128.22481995492663, 51.395476772881096], [128.22481539588455, 51.3957465048328], [128.22567774541147, 51.39575220574677], [128.2256731913692, 51.39602193774039], [128.22696520830087, 51.396120387986066], [128.22695763071067, 51.39656994140981], [128.22781696844518, 51.39675544802169], [128.2278063712119, 51.397384822862726], [128.22866572768064, 51.39757032330399], [128.22863699364737, 51.399278626384486], [128.22935416324077, 51.39937326507327], [128.229396664601, 51.405398223305326], [128.2289638866359, 51.40548529753336], [128.22895935034163, 51.40575502928533], [128.22852354224568, 51.4060219230155], [128.22809227058494, 51.406019083419714], [128.2282254328072, 51.40664940403051], [128.22765039611227, 51.40664561605495], [128.22735530127053, 51.407093273663435], [128.22677570972482, 51.40735921293487], [128.22677116025275, 51.40762894446115], [128.22590403250734, 51.407892982120025], [128.22589644132242, 51.408342534523086], [128.22416670389853, 51.408600858904634], [128.222878914416, 51.408232645312886], [128.223027250017, 51.40796386718498], [128.22246439721357, 51.40724077031506], [128.22247659638083, 51.40652148690117], [128.2220453206371, 51.406518625036114], [128.22219365545914, 51.406249847882115], [128.22176848723635, 51.40588734328966], [128.22163694240902, 51.40516710521302], [128.22120567949094, 51.405164240311876], [128.22092428224036, 51.40480268780442], [128.2207927536124, 51.40408244871696], [128.22022080842729, 51.40389880356518], [128.22008470517198, 51.403448294928225], [128.21965345857927, 51.40344542438365], [128.21952195359157, 51.402725183805316], [128.21909071385733, 51.402722311218774], [128.2185279867906, 51.40199919533853], [128.21781233301152, 51.401814579957886], [128.21810441991428, 51.40154676706291], [128.21725424157117, 51.40082172674193], [128.2169652251355, 51.40090971675023], [128.21697136652998, 51.40055007513453], [128.2165401475128, 51.40054719324991], [128.2161150765969, 51.40018466821421], [128.21569616354398, 51.399462500069916], [128.21469154985903, 51.399365851983], [128.21369773221758, 51.39863982277511], [128.21269314093627, 51.39854315763931], [128.21283996082775, 51.39836430243484], [128.21241185108886, 51.39818158474975], [128.211402634314, 51.398354639607035], [128.21140727266706, 51.398084908638666], [128.20896538468955, 51.39797853126589], [128.20852953544806, 51.39824535081556], [128.20924819639538, 51.39825020204261], [128.20924199494064, 51.39860984313372], [128.20694537234408, 51.39841448305472], [128.2062251529383, 51.398499527903084], [128.20636577379943, 51.39868032174599], [128.20578772571903, 51.39885624733928], [128.20463785406716, 51.39884844924572], [128.2042082125914, 51.39875561189489], [128.20435506614726, 51.39857676747364], [128.20406916055575, 51.39848490534274], [128.20076957700988, 51.398102766699274], [128.20019151507373, 51.39827866464516], [128.1993354024366, 51.39791313575456], [128.1991963817293, 51.39764242351897], [128.19862146197772, 51.39763849361437], [128.19834028892623, 51.39727688740589], [128.19790910262725, 51.39727393710708], [128.19777009225396, 51.39700322319545], [128.197481063121, 51.39709116515192], [128.19734205582205, 51.39682045073764], [128.1969092994615, 51.396907406812325], [128.19648599322167, 51.396454901159736], [128.19605166260675, 51.396631764099446], [128.19605954314437, 51.39618221402121], [128.19563152122572, 51.39599943535379], [128.1954956824358, 51.395548898727654], [128.19520823592532, 51.39554692510808], [128.1952161244241, 51.39509737503916], [128.19493025900167, 51.39500549073448], [128.1949397282619, 51.3944660306342], [128.19522874559766, 51.39437809485495], [128.1952334784031, 51.3941083647624], [128.19480547907156, 51.39392558311294], [128.1949539316011, 51.39365684038778], [128.19467754751344, 51.39302549526388], [128.19469017619772, 51.392306214919024], [128.19426377516658, 51.39203352126991], [128.1942700925942, 51.39167388108419], [128.1939826704527, 51.391671904564184], [128.19427798919492, 51.39122433082005], [128.19428588559134, 51.390774780520346], [128.19400004890008, 51.39068289400566], [128.1947327941488, 51.38987864308322], [128.1947469988098, 51.389069452240896], [128.19518283986366, 51.38880268350401]], [[128.21909071385733, 51.402722311218774], [128.218945435713, 51.402811263752284], [128.2189469672951, 51.40272135333736], [128.21909071385733, 51.402722311218774]], [[128.20708755039885, 51.398505365823134], [128.2070813319437, 51.39886500671087], [128.20665012979637, 51.39886208850665], [128.2067985293813, 51.39859333077264], [128.20708755039885, 51.398505365823134]], [[128.1947469988098, 51.389069452240896], [128.19460487441322, 51.388978554591674], [128.19474857706464, 51.38897954214019], [128.1947469988098, 51.389069452240896]], [[128.35903552671957, 51.40842688795176], [128.35889301533294, 51.408336188587704], [128.3590367838618, 51.4083369748925], [128.35903552671957, 51.40842688795176]], [[128.36021202869821, 51.40654499709978], [128.36007077581377, 51.40636438604157], [128.3602145381925, 51.40636517088047], [128.36021202869821, 51.40654499709978]], [[128.33175626841268, 51.40575677098249], [128.33147006019163, 51.405665218726654], [128.33175757893105, 51.405666858371646], [128.33175626841268, 51.40575677098249]], [[128.35935950249277, 51.40582098060089], [128.3580656568915, 51.40581390131774], [128.35793071062557, 51.40518372225956], [128.35750195482566, 51.40500153268273], [128.35752085407594, 51.403652836257905], [128.35795337456383, 51.40356528642639], [128.35795715168166, 51.403295547076475], [128.3588196679643, 51.40330026882051], [128.35880835165509, 51.40410948696813], [128.35938337278708, 51.40411263136196], [128.35966711624545, 51.40438394190345], [128.35965958177673, 51.404923420670215], [128.3599420766273, 51.40528464365236], [128.35935950249277, 51.40582098060089]], [[128.3599420766273, 51.40528464365236], [128.360084580669, 51.40537534176221], [128.35994082139754, 51.4053745567746], [128.3599420766273, 51.40528464365236]], [[128.36008960042153, 51.405015689254725], [128.35994709748138, 51.40492499114926], [128.36009085534346, 51.40492577612432], [128.36008960042153, 51.405015689254725]], [[128.35104684921419, 51.40397684857056], [128.3494591699927, 51.40441764701643], [128.34932179407275, 51.403967284247955], [128.35018687011558, 51.40379224363861], [128.35019069295228, 51.40352250471183], [128.35105193960487, 51.403617196615514], [128.35104684921419, 51.40397684857056]], [[128.35104684921419, 51.40397684857056], [128.35133308644626, 51.40406835314639], [128.35104557660006, 51.40406676155581], [128.35104684921419, 51.40397684857056]], [[128.3506461463961, 51.40181654798472], [128.35050367212543, 51.40172583844943], [128.3506474196911, 51.401726634971865], [128.3506461463961, 51.40181654798472]], [[128.2149759432994, 51.39954759868014], [128.21483374629744, 51.399456725417316], [128.21497748248532, 51.39945768830008], [128.2149759432994, 51.39954759868014]], [[128.19904951115984, 51.39782126142943], [128.19890735124991, 51.397730368977854], [128.1990510814736, 51.397731351369025], [128.19904951115984, 51.39782126142943]], [[128.29018179180179, 51.39804897244309], [128.29003944951094, 51.397958189865385], [128.29018318346598, 51.39795906049875], [128.29018179180179, 51.39804897244309]], [[128.19478811597722, 51.39491459331683], [128.19464913106282, 51.394643875707025], [128.19479285146457, 51.39464486327828], [128.19478811597722, 51.39491459331683]], [[128.25875503168848, 51.39470719853682], [128.2586127623076, 51.39461637803378], [128.25875648479087, 51.394617287166064], [128.25875503168848, 51.39470719853682]], [[128.2270349129346, 51.39198449482272], [128.22703945831282, 51.39171476255558], [128.22833286969532, 51.39172328652819], [128.2283374073991, 51.3914535541665], [128.229199676937, 51.391459228830776], [128.22920420950115, 51.391189496401864], [128.23049760673163, 51.39119799642233], [128.23047045591636, 51.39281639129342], [128.2291770130612, 51.392807890783715], [128.2291679470184, 51.39334735547546], [128.22830564199384, 51.3933416804301], [128.2283011037971, 51.39361141270239], [128.22614532979435, 51.39359719719713], [128.22614988066567, 51.39332746506122], [128.22571872861178, 51.39332461722936], [128.22572328194735, 51.393054885108015], [128.22486098312132, 51.39304918474091], [128.22487465791272, 51.39223998846422], [128.2261680834447, 51.39224853638984], [128.22617263396288, 51.39197880419006], [128.2270349129346, 51.39198449482272]], [[128.25733527491076, 51.39361916306089], [128.25719301171168, 51.39352834084253], [128.2573367307396, 51.39352925170223], [128.25733527491076, 51.39361916306089]], [[128.29441648741187, 51.393758365429996], [128.2942741499208, 51.39366758794835], [128.29441787056192, 51.39366845333729], [128.29441648741187, 51.393758365429996]], [[128.1943000985903, 51.389965589891304], [128.1941579723288, 51.389874691705586], [128.19430167777153, 51.3898756798143], [128.1943000985903, 51.389965589891304]], [[128.2961949447789, 51.39026216242709], [128.29619908323207, 51.38999242587979], [128.29648788051895, 51.389904239482256], [128.2964837437769, 51.39017397605036], [128.2961949447789, 51.39026216242709]], [[128.22492023595294, 51.38954266671144], [128.22492479336793, 51.389272934465886], [128.2253559072616, 51.38927578505958], [128.2253513523809, 51.38954551733248], [128.22492023595294, 51.38954266671144]], [[128.25266432383302, 51.389183358028866], [128.25237837863548, 51.38909161345767], [128.25266578858546, 51.38909344669719], [128.25266432383302, 51.389183358028866]], [[128.19533915858867, 51.388084389360884], [128.19519703604064, 51.38799349242287], [128.19534073562747, 51.387994479231914], [128.19533915858867, 51.388084389360884]], [[128.30200217893437, 51.386430314912836], [128.3018598489383, 51.386339546560855], [128.3020035468567, 51.38634040256108], [128.30200217893437, 51.386430314912836]], [[128.24410276295714, 51.38544169556546], [128.24396055131336, 51.38535085737032], [128.24410424429092, 51.385351784352494], [128.24410276295714, 51.38544169556546]], [[128.31525464993902, 51.38435041062366], [128.31511364211124, 51.384169745628554], [128.31525733363586, 51.38417058535212], [128.31525464993902, 51.38435041062366]], [[128.31612216321992, 51.38399579468445], [128.31597981263326, 51.383905043369175], [128.3161235033549, 51.38390588202764], [128.31612216321992, 51.38399579468445]], [[128.3237629741668, 51.38233164821031], [128.32506408385257, 51.38179962662933], [128.32534748677796, 51.38207102002407], [128.3259222278487, 51.382074327572894], [128.32591694441703, 51.382433979034374], [128.3243363943498, 51.38242487637634], [128.32404637262331, 51.38260304471089], [128.32405034622695, 51.38233330622859], [128.3237629741668, 51.38233164821031]], [[128.32938250308507, 51.381284897233925], [128.32937461879982, 51.3818243748735], [128.3277967229219, 51.381635493110124], [128.32621091870294, 51.38198606741612], [128.32592751117113, 51.381714676088826], [128.32593015279133, 51.38153485033832], [128.3272233053994, 51.381542281874914], [128.32722726017838, 51.38127254316728], [128.32938250308507, 51.381284897233925]], [[128.3480575061433, 51.381660045327465], [128.3479150992511, 51.381569332574394], [128.34805878359353, 51.381570132049774], [128.3480575061433, 51.381660045327465]], [[128.34491569989592, 51.38029371765098], [128.34520434340823, 51.38020541050498], [128.34520306042765, 51.38029532375258], [128.34491569989592, 51.38029371765098]], [[128.34491698343945, 51.380203804408524], [128.344630907597, 51.380112284368685], [128.3449182669763, 51.38011389116464], [128.34491698343945, 51.380203804408524]], [[128.17525871257524, 51.369870624867445], [128.17597369547076, 51.37005549808077], [128.17525548187072, 51.37005044478614], [128.17525871257524, 51.369870624867445]], [[128.16696167224893, 51.360010490657075], [128.16681969255592, 51.35991955952228], [128.16696330326343, 51.35992058073198], [128.16696167224893, 51.360010490657075]], [[128.17341326527168, 51.35268261945851], [128.17327129519992, 51.35259169607388], [128.17341488323177, 51.35259270927355], [128.17341326527168, 51.35268261945851]], [[128.174079764931, 51.34756178695662], [128.17393780923913, 51.34747086436618], [128.17408138129088, 51.347471876677524], [128.174079764931, 51.34756178695662]], [[128.1731184506483, 51.3451271196364], [128.17297650433915, 51.345036195886124], [128.17312006874863, 51.34503720934151], [128.1731184506483, 51.3451271196364]], [[128.18816677956627, 51.33857816845411], [128.187908287976, 51.33695778510671], [128.18876952636293, 51.33696375274718], [128.18877904831422, 51.33642428809161], [128.1892096625653, 51.33642726948045], [128.18921917916842, 51.33588780471647], [128.1909416166982, 51.335899714215635], [128.1909447820965, 51.335719892540126], [128.19152050751993, 51.33563394586771], [128.19223502579538, 51.33581871885556], [128.19208042612254, 51.33644710495721], [128.1913627349265, 51.33644215268295], [128.19135324329392, 51.33698161768112], [128.19092262362125, 51.336978644149156], [128.19091154378242, 51.337608019849085], [128.19004712375613, 51.33778188948126], [128.19004237002852, 51.33805162183713], [128.18816677956627, 51.33857816845411]], [[128.18692259763182, 51.335871885991374], [128.186775879643, 51.33605071106179], [128.18663234281354, 51.33604971446442], [128.18663552508758, 51.335869892985244], [128.18692259763182, 51.335871885991374]], [[128.18725577692632, 51.333266465836715], [128.18713768849568, 51.331826897013904], [128.1879988305907, 51.33183286989734], [128.18800835984095, 51.33129340486946], [128.1884389259476, 51.33129638888019], [128.18846749677178, 51.32967799331745], [128.18932859889873, 51.32968395624836], [128.18933811181427, 51.32914449084396], [128.18976865793738, 51.32914746987868], [128.18979242630914, 51.32779880600073], [128.19022454352995, 51.32771187236425], [128.18994544264038, 51.3272603329532], [128.19066299025468, 51.327265293282665], [128.19068198283543, 51.32618636161897], [128.19269422756705, 51.32602040457479], [128.19440999542482, 51.32639190561778], [128.19599171695086, 51.32622293005189], [128.19584506532897, 51.32640176706592], [128.19613207940733, 51.32640373724591], [128.19641123611768, 51.32685526222483], [128.19756087336035, 51.326773222102915], [128.19755145772808, 51.32731268881798], [128.19798041910846, 51.32740554871325], [128.19789100356536, 51.332530480408664], [128.1964384520884, 51.33350966422146], [128.1957208059859, 51.33350473884652], [128.19571451302428, 51.33386438275116], [128.1954243047424, 51.33404223327623], [128.1944195888656, 51.33403532777147], [128.19441328560399, 51.33439497152848], [128.1931183417975, 51.33456590206059], [128.1931136066381, 51.334835634769604], [128.1893769874092, 51.33507960087137], [128.1890819881218, 51.33552716792337], [128.18793211756568, 51.335609123657825], [128.1879273517955, 51.335878855973235], [128.18721285020442, 51.33569405678371], [128.1870661339163, 51.335872882230646], [128.18708521676447, 51.33479395312133], [128.1866546180412, 51.33479096399058], [128.1866498449138, 51.33506069625845], [128.1857886426367, 51.33505471319151], [128.18577908605448, 51.33559417757411], [128.18491787396832, 51.3355881880615], [128.18492265734918, 51.33531845593403], [128.18449205394364, 51.335315458832376], [128.18449683977673, 51.33504572672086], [128.183635638241, 51.335039727826924], [128.1837999278071, 51.333871888991894], [128.1840901796551, 51.33369406745916], [128.18381110353587, 51.33324251399745], [128.18409975540888, 51.33315460312704], [128.18425604807243, 51.33243631690623], [128.18412848088886, 51.33153620982319], [128.18498961689568, 51.3315422048044], [128.18501352749774, 51.33019354307811], [128.18544408298388, 51.330196538051375], [128.1854488623563, 51.32992680563897], [128.1863099684996, 51.32993279078082], [128.1863195169201, 51.329393325802805], [128.1871806132573, 51.32939930450037], [128.18718538230561, 51.329129571934814], [128.18761592805964, 51.329132558881376], [128.1876016282695, 51.32994175662553], [128.18717107493893, 51.32993876959305], [128.18715676690687, 51.33074796713599], [128.18686813595926, 51.33083588566919], [128.18686177434236, 51.33119552895344], [128.18628609615314, 51.33128145300171], [128.1862717718571, 51.332090650180504], [128.18598313078166, 51.33217856646768], [128.18597676193585, 51.332538209590034], [128.18568652468272, 51.33271603589773], [128.1858236809031, 51.333076676683596], [128.18553503277, 51.333164591820356], [128.18567378197383, 51.33343532200036], [128.18639142521442, 51.33344030892149], [128.18638665077293, 51.33371004123431], [128.18667848256825, 51.33344230245901], [128.1868172393421, 51.33371303130551], [128.18725577692632, 51.333266465836715]], [[128.18714722784918, 51.33128743210057], [128.1870100664065, 51.330926792732384], [128.18715358725382, 51.33092778879654], [128.18714722784918, 51.33128743210057]], [[128.1949522885756, 51.320011176389286], [128.19567129652816, 51.31992619436843], [128.1956760141659, 51.319656460799436], [128.1952471296438, 51.3195635926819], [128.19539690760067, 51.31920493374028], [128.19510836488183, 51.31929287314045], [128.19525656969932, 51.31902412555368], [128.195687021703, 51.319027082422025], [128.195698028842, 51.31839770397488], [128.1959849929589, 51.31839967429758], [128.19627824223633, 51.31804199900866], [128.19713912814885, 51.31804790357417], [128.19714697596353, 51.317598347312064], [128.19643114896755, 51.31750351611782], [128.19614104739927, 51.3176813693805], [128.19600385468377, 51.31732073957901], [128.19686472703856, 51.31732664610253], [128.19686943723957, 51.31705691233425], [128.19729987100274, 51.317059863195134], [128.19759310143164, 51.31670218444986], [128.19760094443214, 51.31625262803393], [128.19817484619995, 51.316256558535684], [128.19816700880756, 51.31670611501442], [128.19787535088832, 51.31697388393496], [128.19816073874787, 51.31706576017182], [128.1981497658317, 51.31769513914248], [128.1977177576007, 51.31778210264546], [128.19785653329893, 51.31805281921229], [128.1975695712146, 51.318050853484294], [128.1976926615687, 51.31922068271461], [128.19683175358725, 51.31921478212196], [128.19681291000887, 51.32029371670854], [128.19595198212656, 51.32028780956209], [128.1959441218767, 51.32073736548497], [128.1955136538381, 51.32073440949169], [128.19551050799848, 51.320914231831985], [128.19522982211538, 51.320552615617274], [128.19479935588154, 51.320549657006396], [128.1949522885756, 51.320011176389286]], [[128.19379020613408, 51.32081248083255], [128.19379335868882, 51.32063265856508], [128.19408033661693, 51.32063463361513], [128.19407718518409, 51.32081445589522], [128.19379020613408, 51.32081248083255]], [[128.19522510170964, 51.320822349115225], [128.1949396965671, 51.320730465706575], [128.19522667518635, 51.32073243795066], [128.19522510170964, 51.320822349115225]], [[128.19436573942622, 51.320726519109186], [128.19422540101695, 51.32054570973117], [128.1943688897209, 51.32054669681362], [128.19436573942622, 51.320726519109186]], [[128.1969987868542, 51.31786709742501], [128.1968568765413, 51.31777620235453], [128.1970003566976, 51.317777186175725], [128.1969987868542, 51.31786709742501]], [[128.1935773299034, 51.316584680573314], [128.19357417695983, 51.31676450295622], [128.19386113073756, 51.31676647843784], [128.19372238240655, 51.31649575719896], [128.1940140613243, 51.316227998692455], [128.19458796228028, 51.31623194676813], [128.19473930837728, 51.315783377210884], [128.19517130330007, 51.31569642460681], [128.19513983571667, 51.31749464915819], [128.19299080374608, 51.31730001692282], [128.1930018470996, 51.31667063870595], [128.1935773299034, 51.316584680573314]], [[128.19261876680275, 51.31397033634552], [128.19290728070771, 51.31388240287255], [128.19290570308252, 51.3139723140916], [128.19261876680275, 51.31397033634552]], [[128.19218994147133, 51.31387745720522], [128.1921962574979, 51.31351781237796], [128.19262665765098, 51.31352078026759], [128.19263139206208, 51.31325104660376], [128.1929183238561, 51.313253024299264], [128.19305232591617, 51.313793480255185], [128.19218994147133, 51.31387745720522]], [[128.19179773287468, 51.303533701096626], [128.1916558767987, 51.303442799744445], [128.19179931207668, 51.30344378974092], [128.19179773287468, 51.303533701096626]], [[128.18811758830495, 51.300720653883644], [128.1879757481578, 51.300629748101166], [128.18811917453797, 51.300630742566256], [128.18811758830495, 51.300720653883644]], [[128.15196179351847, 51.29336052083972], [128.15124809718543, 51.29317550468641], [128.15153821533866, 51.29299776198358], [128.15096626867097, 51.29290369371523], [128.1509695853626, 51.29272387252949], [128.15054104337585, 51.29263084187247], [128.15054602084345, 51.292361110108786], [128.14753796843596, 51.292159404593676], [128.14754296341488, 51.29188967301835], [128.14626405699124, 51.291250896889885], [128.14612899985056, 51.29080029876347], [128.1455604293601, 51.29052638321803], [128.14571049661183, 51.290167787450486], [128.14500689408308, 51.28944327043774], [128.14487853438317, 51.288633028756536], [128.14445004295396, 51.288539975979916], [128.14460011217764, 51.28818138152473], [128.14432002436232, 51.287819644137265], [128.1461840284932, 51.287833251123594], [128.14617402398284, 51.28837271444646], [128.14703434415023, 51.28837898470753], [128.14702934681776, 51.28864871640979], [128.15047065073628, 51.288673734492484], [128.1504656734825, 51.288943466421706], [128.15132600527292, 51.28894970520167], [128.15132103298114, 51.28921943717784], [128.152611538803, 51.28922878358684], [128.1525949891373, 51.29012789037999], [128.15302516629725, 51.29013100278892], [128.153161943075, 51.290491682637764], [128.15344873014786, 51.29049375637456], [128.15331029749956, 51.2902229875384], [128.15416569797944, 51.290498937644024], [128.15416074204975, 51.29076866974634], [128.1538723006581, 51.29085650843671], [128.15472936718163, 51.29104254377047], [128.1547178107077, 51.29167191868863], [128.15557819443038, 51.29167812646214], [128.15557324656788, 51.291947858608026], [128.15614683924665, 51.29195199365172], [128.1555666492987, 51.29230750144923], [128.15540180432413, 51.29347530626948], [128.15453973564212, 51.293559007710755], [128.15454468984495, 51.293289275711324], [128.15196179351847, 51.29336052083972]], [[128.15713910301184, 51.29258859842957], [128.15699734936535, 51.29249765540112], [128.15714074928738, 51.29249868768938], [128.15713910301184, 51.29258859842957]], [[128.16662469574933, 51.291487498901496], [128.166482926595, 51.291396567269196], [128.1666263234349, 51.29139758792631], [128.16662469574933, 51.291487498901496]], [[128.1613534050967, 51.289561489293995], [128.1612116523159, 51.28947055132522], [128.1613550429644, 51.28947157840989], [128.1613534050967, 51.289561489293995]], [[128.15708789682844, 51.28755256267514], [128.15694615867258, 51.28746161957922], [128.15708954290795, 51.28746265185835], [128.15708789682844, 51.28755256267514]], [[128.15257850732368, 51.26764706624257], [128.1508437251569, 51.26844380319674], [128.14955214249906, 51.26852435093477], [128.14912548848642, 51.268341404848215], [128.14913379084265, 51.267891850191155], [128.1504236985035, 51.26790121794601], [128.15042867226498, 51.26763148504487], [128.15257850732368, 51.26764706624257]], [[128.18009496396564, 51.26793293103202], [128.17995323998832, 51.26784201555242], [128.18009656399772, 51.2678430193878], [128.18009496396564, 51.26793293103202]], [[128.17022180035826, 51.26696414031775], [128.16936511679702, 51.26677821938518], [128.1693716003585, 51.26641857369954], [128.1702363732359, 51.266154937343316], [128.17625575370073, 51.266197445977014], [128.1771108491034, 51.266473228180864], [128.17710603173936, 51.266742962971016], [128.17882427569987, 51.2668449506908], [128.1788210707763, 51.26702477395143], [128.17925103508136, 51.26702778905502], [128.17924623015045, 51.26729752396417], [128.17967619704638, 51.26730053751777], [128.17967139455757, 51.26757027244297], [128.17794830894306, 51.26773803183888], [128.17795151735436, 51.26755820863961], [128.17365182956803, 51.26752793860844], [128.17365666728776, 51.267258204088954], [128.17036026434872, 51.26723489036235], [128.17022180035826, 51.26696414031775]], [[128.1755358020886, 51.258369080758584], [128.17568392075594, 51.25810035478791], [128.177545133265, 51.258203368880224], [128.17767559355013, 51.25892366940046], [128.17853537083673, 51.25892970576628], [128.17852094742273, 51.259738911435896], [128.18109553348253, 51.26002671854169], [128.18109074054726, 51.260296453899606], [128.1815206423249, 51.260299460388445], [128.1815158518309, 51.26056919576236], [128.1828055651551, 51.260578205844254], [128.18280078213357, 51.26084794129169], [128.18366059641775, 51.260853940177896], [128.18365263293595, 51.26130349932427], [128.18279121586835, 51.2613874121481], [128.18278483819367, 51.261747059357205], [128.17948081747258, 51.26217356300828], [128.17288873371675, 51.26212717399253], [128.17288550617292, 51.262306997130636], [128.17245397197755, 51.26239387040601], [128.16958783782306, 51.26237357478704], [128.1690162327248, 51.26227959576466], [128.16901947536297, 51.26209977280163], [128.1677297239325, 51.26209061065682], [128.16700831994336, 51.26235524874322], [128.16557525562837, 51.262345043051845], [128.16556711530106, 51.26279460003661], [128.16255601966478, 51.26286302197312], [128.1622645002914, 51.26313070526786], [128.16025654068827, 51.2632062422071], [128.15982989271063, 51.26302333499819], [128.1596833052641, 51.263202128928974], [128.15523743879686, 51.263349978163944], [128.15309441251983, 51.26297480231324], [128.1507998304758, 51.263048103194976], [128.14475586992606, 51.26435295119596], [128.1447525323453, 51.26453277296758], [128.1441776127967, 51.26461849457174], [128.14446089940142, 51.26480041131199], [128.1431694086373, 51.26488088911128], [128.14316272093384, 51.26524053246726], [128.14287441931322, 51.26532834510109], [128.14273445005324, 51.265147474085005], [128.14187456464757, 51.26514117425806], [128.1417212019071, 51.265679588471436], [128.14100462262954, 51.26567433281398], [128.1410012702525, 51.26585415436847], [128.14028804356823, 51.26566907277109], [128.13999302121172, 51.2661165212839], [128.13783821745866, 51.26637044141375], [128.13712162816805, 51.26636516194012], [128.13713678199636, 51.265555965795194], [128.13656352078502, 51.26555173918026], [128.13671188971057, 51.265283064053484], [128.13599531754207, 51.26527777776568], [128.13614537449067, 51.264919192683244], [128.1354355560716, 51.26455426030868], [128.1355822415974, 51.26437549725331], [128.13515399438174, 51.26428241123719], [128.13461114323783, 51.26265978308633], [128.1346263391415, 51.26185058696168], [128.1350562502882, 51.261853764137314], [128.1350731254128, 51.26095465709495], [128.13535972729744, 51.26095677426744], [128.1353631010999, 51.260776952828294], [128.136801157709, 51.26051779582923], [128.13680620988444, 51.260248063545596], [128.13752606928222, 51.26007352293996], [128.1393906267338, 51.25999732199496], [128.13939566366105, 51.25972758950363], [128.14240490847888, 51.259749673343535], [128.14241160078475, 51.259390029719604], [128.14284483428332, 51.25921335635931], [128.14284985085504, 51.25894362358761], [128.14370460931121, 51.25921964854464], [128.14369458599577, 51.25975911417005], [128.1479985026331, 51.25952074788733], [128.14799351608949, 51.259790480994205], [128.15100277175085, 51.25981234385459], [128.15099780273746, 51.26008207715813], [128.1518575957929, 51.2600883095435], [128.15186255977562, 51.25981857618024], [128.16046537047814, 51.259610818210014], [128.16047028400138, 51.25934108422717], [128.16175995610698, 51.25935032599365], [128.16176486200834, 51.259080591909395], [128.1621947503469, 51.25908366931189], [128.1621996536571, 51.2588139351853], [128.16262953955632, 51.25881701097992], [128.1627777347536, 51.25854830171532], [128.16493204016638, 51.25829391989609], [128.16908270011848, 51.2585932238827], [128.16908594207064, 51.258413400802766], [128.16966073915503, 51.25832755621899], [128.1755358020886, 51.258369080758584]], [[128.1666499403004, 51.25839608487018], [128.16679485989008, 51.25830719336739], [128.16679323445516, 51.25839710485745], [128.1666499403004, 51.25839608487018]], [[128.13268893405416, 51.26579286786462], [128.1325473108573, 51.265701895448586], [128.1326906264622, 51.26570295728385], [128.13268893405416, 51.26579286786462]], [[128.14719716492198, 51.2641009913142], [128.14691220715267, 51.264008992086936], [128.1471988289213, 51.2640110803652], [128.14719716492198, 51.2641009913142]], [[128.1513697510676, 51.26323208208072], [128.1510847901998, 51.263140092982724], [128.15137140687455, 51.26314217102097], [128.1513697510676, 51.26323208208072]], [[128.13682810174095, 51.25907922350129], [128.1366982799938, 51.25835888055339], [128.13727145176153, 51.25836310608836], [128.13728323272093, 51.257733730429045], [128.13943595627174, 51.257569729110216], [128.13940573728155, 51.25918812448241], [128.1385459638101, 51.259181800729316], [128.13854092200836, 51.25945153318575], [128.13811103287446, 51.25944836891129], [128.13810598847942, 51.259718101324566], [128.1376760969084, 51.25971493544138], [128.13768282610474, 51.25935529226128], [128.13682810174095, 51.25907922350129]], [[128.18468916391404, 51.259422341033115], [128.1845474567905, 51.25933143106052], [128.18469075449786, 51.25933242915445], [128.18468916391404, 51.259422341033115]], [[128.17783974054672, 51.25775582327113], [128.17769805211546, 51.25766490506607], [128.1778413443967, 51.25766591152049], [128.17783974054672, 51.25775582327113]], [[128.1695595654316, 51.25598883889397], [128.1694178988416, 51.255897910739414], [128.16956118533105, 51.25589892730363], [128.1695595654316, 51.25598883889397]], [[128.2070458580638, 51.25112315706059], [128.20690413188007, 51.25103227394296], [128.20704740457668, 51.25103324456082], [128.2070458580638, 51.25112315706059]], [[128.20463911793905, 51.24112536909952], [128.20435418549363, 51.24103350946506], [128.20464066859205, 51.241035456497684], [128.20463911793905, 51.24112536909952]], [[128.13894737667678, 51.23769307372426], [128.13880582667133, 51.237602108796615], [128.13894905518893, 51.23760316256119], [128.13894737667678, 51.23769307372426]], [[128.18151223496727, 51.236559693321325], [128.18166024738835, 51.23629095831895], [128.180657665492, 51.23628394425173], [128.18066245685307, 51.23601420781026], [128.18008955644285, 51.23601019595503], [128.17980790259804, 51.235738452579376], [128.17851888484182, 51.235729412586124], [128.1785284923122, 51.235189939927636], [128.18368450705546, 51.235226014045], [128.18367973349993, 51.2354957507263], [128.18453907535024, 51.23550174105732], [128.1845343067447, 51.235771477783196], [128.1849639802925, 51.23577447061172], [128.18495921412514, 51.236044207353466], [128.18581856646588, 51.236050188336456], [128.18581380524878, 51.236319925122665], [128.18624348404168, 51.23632291327708], [128.18494491518052, 51.23685341750173], [128.18437200373572, 51.23684942656026], [128.18409031947533, 51.23657769339218], [128.18151223496727, 51.236559693321325]], [[128.13684437546166, 51.23524964826502], [128.1374071718001, 51.23579333869222], [128.13697077426843, 51.236149815861474], [128.13510717794009, 51.236225983156494], [128.13511223564183, 51.235956249867606], [128.13425289621614, 51.23594989662773], [128.1342579588633, 51.23568016338684], [128.13297233792605, 51.23549079968357], [128.1329790979777, 51.23513115545284], [128.13226299498007, 51.23512584853459], [128.13212992426944, 51.234585320358356], [128.13170026762506, 51.234582133640075], [128.13170534495026, 51.23431240051785], [128.13127738415756, 51.23421930121972], [128.13129431629184, 51.23332019080695], [128.13558234417513, 51.233801557104535], [128.135577289611, 51.23407129052672], [128.13643491114453, 51.23416754503681], [128.1364214452504, 51.2348868342504], [128.1369943252914, 51.23489105976878], [128.13684437546166, 51.23524964826502]], [[128.1369926431319, 51.234980970927545], [128.1371341815538, 51.235071938033165], [128.1369909609637, 51.23507088208488], [128.1369926431319, 51.234980970927545]], [[128.1314155229144, 51.234490097252596], [128.13127569089608, 51.23430921225314], [128.1314189089054, 51.23431027518326], [128.1314155229144, 51.234490097252596]], [[128.2054714993219, 51.23438678337997], [128.20519125427217, 51.23402518767985], [128.20520519663998, 51.23321597311682], [128.20449066076387, 51.23312119548095], [128.204495312238, 51.232851457310005], [128.20392399933183, 51.232757649559666], [128.20392865405873, 51.23248791140897], [128.2030755771374, 51.2321224128598], [128.20308489622875, 51.23158293659788], [128.2035145327258, 51.23158586116113], [128.20352384650602, 51.231046384791945], [128.2048127413611, 51.23105514885229], [128.20481739060926, 51.230785410564515], [128.2056766491832, 51.2307912453311], [128.20567200495765, 51.23106098367477], [128.20638805817435, 51.23106584120859], [128.2065266295669, 51.23133655057644], [128.20767232188908, 51.23134431219236], [128.20780626976878, 51.23188475850822], [128.20851925096818, 51.23206942869426], [128.20836986556418, 51.23242811140992], [128.20779700578566, 51.232424235359325], [128.2077923736866, 51.23269397376568], [128.20822202102008, 51.2326968810943], [128.2082127616301, 51.233236357924305], [128.20792169524077, 51.233504158220526], [128.20734882216263, 51.233500279918694], [128.20733182718783, 51.2344893203894], [128.20632463709717, 51.234752264591584], [128.2054714993219, 51.23438678337997]], [[128.16291764582698, 51.227166066170035], [128.1630641046279, 51.22698726650744], [128.1626328835533, 51.227074105541604], [128.16221308868788, 51.2265315598765], [128.16149711370716, 51.22652643241969], [128.1615036492812, 51.226166784967184], [128.15951695116732, 51.225163374866526], [128.15909557170988, 51.224710729933456], [128.15880591512132, 51.22488849555006], [128.15881083225804, 51.224618760072815], [128.1585244543608, 51.224616701345276], [128.1585310126561, 51.224257054048614], [128.15810308961002, 51.22416405286517], [128.15796810530878, 51.22371346363532], [128.15854084984537, 51.22371758306082], [128.15853593128878, 51.22398731856112], [128.1593950533676, 51.2239934925038], [128.15939013975532, 51.224263228050425], [128.16024926715866, 51.22426939574643], [128.16024435849084, 51.224539131339306], [128.1606739248167, 51.22454221285216], [128.16066901858323, 51.22481194846171], [128.1623872946865, 51.22482425886635], [128.16238239841843, 51.225093994581016], [128.16281197014405, 51.225097068270415], [128.1628070763106, 51.22536680400167], [128.16366622500973, 51.225372946709804], [128.16366133612138, 51.22564268248708], [128.16495006726853, 51.22565188481356], [128.16494518583593, 51.22592162066615], [128.16580434533262, 51.225927747726494], [128.16579946884548, 51.226197483624965], [128.16694502200517, 51.22620564330727], [128.16893354719136, 51.22711901605907], [128.17065352891652, 51.22704129346057], [128.1709350760847, 51.22731305877672], [128.1746566123345, 51.22742928594545], [128.17652942300919, 51.226813013735814], [128.17738860161742, 51.22681905583559], [128.1773934104693, 51.22654931917623], [128.1782525843539, 51.22655535491171], [128.17854377779747, 51.22628762867285], [128.18384199295545, 51.226324696369204], [128.18383722183685, 51.22659443347362], [128.1859851626569, 51.22660939274242], [128.1859804040177, 51.22687912997733], [128.1881283592317, 51.22689404997377], [128.18812361307232, 51.22716378733881], [128.19070117681625, 51.22718163947676], [128.19069644564786, 51.227451377000015], [128.19198523604084, 51.22746028186957], [128.1919805123316, 51.22773001946531], [128.192839711314, 51.22773594821849], [128.19283027371966, 51.22827542348516], [128.1932598783421, 51.22827838555347], [128.19325516194633, 51.22854812319596], [128.1941143764319, 51.22855404265918], [128.19410495346526, 51.22909351801914], [128.19467776998027, 51.229097460899645], [128.1949594717157, 51.22936916900615], [128.1949469205047, 51.23008846952329], [128.19465893656462, 51.230176411616924], [128.19465422802855, 51.23044614926422], [128.19494064470499, 51.230448119747685], [128.19493593777023, 51.23071785740104], [128.19622482074823, 51.23072671598895], [128.19579676032834, 51.23063385213461], [128.19580929853478, 51.22991455153488], [128.19623891873331, 51.22991750273584], [128.19625301606396, 51.22910828936741], [128.19796677845858, 51.22938981597953], [128.19796208939266, 51.22965955388195], [128.19839170744325, 51.22966249717067], [128.19838702081591, 51.22993223508848], [128.19924626215686, 51.22993811699187], [128.19924158047928, 51.23020785495321], [128.20010082713233, 51.23021373060564], [128.20009147360477, 51.2307532066025], [128.20080752107415, 51.23075809825517], [128.20080129080895, 51.23111774895378], [128.20137257692338, 51.231211571855724], [128.20136790746446, 51.23148130989793], [128.20165433103728, 51.23148326398082], [128.20150645055284, 51.23175202506573], [128.2019345330493, 51.23184486811579], [128.2017866530106, 51.232113629540294], [128.20221162963725, 51.232386296946075], [128.20219297020822, 51.23346524904063], [128.20305227814723, 51.233471103290476], [128.20303519107534, 51.23446014273616], [128.2021727545234, 51.23463411357851], [128.2016060930327, 51.234270556527115], [128.20089154848657, 51.23417575689615], [128.20090089380076, 51.233636281111295], [128.199615048125, 51.23344764844283], [128.19962596809478, 51.232818260139375], [128.19876198807154, 51.23308211858533], [128.19862501913502, 51.232721487685204], [128.1980537200955, 51.23262765133795], [128.1979042516135, 51.23298632029184], [128.1971881700685, 51.23298141072655], [128.19690956383525, 51.23252988286919], [128.19662313409663, 51.23252791714705], [128.19663096301358, 51.232078354338135], [128.19634766872423, 51.23189656282556], [128.196061242957, 51.23189459574565], [128.19605810921433, 51.232074420854055], [128.19520039730764, 51.231978602836875], [128.1951941230605, 51.232338252966855], [128.19576541254855, 51.23243210323532], [128.19576227759273, 51.232611928314064], [128.1949029871875, 51.23260602061574], [128.19489827967, 51.232875758166585], [128.19646895646306, 51.233156321873864], [128.19659651426866, 51.23405643043114], [128.19516118113918, 51.23422641577553], [128.19359204792548, 51.233855921971994], [128.19345354520908, 51.233585197711875], [128.19273902858205, 51.23349034842027], [128.1927437488276, 51.233220611041105], [128.1925958108738, 51.23348936053081], [128.1911620577365, 51.23356938442113], [128.1887368419281, 51.23301305941834], [128.18758953003854, 51.23309502462361], [128.18702300305648, 51.232731397475256], [128.18573247996096, 51.232812349624076], [128.1853075975274, 51.23253962282454], [128.18301616661273, 51.23252365029195], [128.18287773001626, 51.232252913754444], [128.18087274152575, 51.232238898674424], [128.17987504315738, 51.23196214168004], [128.1777284590108, 51.23185715701418], [128.1777316641722, 51.23167733271639], [128.17558349184924, 51.23166222091954], [128.1755883120859, 51.2313924846069], [128.17472904870118, 51.231386428907996], [128.1747338738858, 51.231116692640555], [128.17373140617408, 51.23110961975433], [128.17344981954625, 51.23083786115971], [128.17259056695372, 51.23083178980849], [128.17259540454498, 51.230562053660705], [128.17173615727424, 51.230555976060366], [128.17174099981293, 51.23028623995798], [128.17045375367636, 51.23018719981098], [128.16988901591853, 51.22973357832233], [128.16874823420446, 51.22945571112003], [128.1687530940203, 51.22918597517059], [128.1677506697724, 51.22917885125181], [128.16747399739134, 51.228637342507874], [128.16590202960805, 51.22844630293456], [128.16548055763838, 51.22799368081732], [128.1650493315794, 51.22808052871781], [128.1644846728065, 51.22762688135351], [128.16391350814152, 51.22753287889342], [128.16363363099197, 51.227171184982495], [128.16291764582698, 51.227166066170035]], [[128.1637719394944, 51.22744194392093], [128.16362711178496, 51.227530832568554], [128.16362874159933, 51.227440920674184], [128.1637719394944, 51.22744194392093]], [[128.1958741469328, 51.23441116285439], [128.19558927350909, 51.23431928204015], [128.1958757142974, 51.23432125034105], [128.1958741469328, 51.23441116285439]], [[128.18901853215885, 51.233284781593426], [128.1888768961621, 51.23319387677877], [128.18902011282165, 51.2331948692145], [128.18901853215885, 51.233284781593426]], [[128.08179258984882, 51.23042443571146], [128.08165117557186, 51.230333402243794], [128.08179437930343, 51.23033452583026], [128.08179258984882, 51.23042443571146]], [[128.1282115551739, 51.229700322748805], [128.1279268475393, 51.22960827797608], [128.12821325412781, 51.229610411717296], [128.1282115551739, 51.229700322748805]], [[128.16888657948482, 51.22972646407804], [128.16874499428542, 51.22963553507919], [128.16888819917784, 51.22963655209735], [128.16888657948482, 51.22972646407804]], [[128.11822341226915, 51.22773709768893], [128.11808193374287, 51.22764610789329], [128.11822513056617, 51.22764718686722], [128.11822341226915, 51.22773709768893]], [[128.16093087391147, 51.226162679901016], [128.1607893153573, 51.22607174134624], [128.1609325088997, 51.22607276804743], [128.16093087391147, 51.226162679901016]], [[128.17196489083258, 51.22579164956244], [128.1705297279508, 51.22596133383478], [128.1701049986439, 51.2256885522311], [128.16796197303754, 51.22540356565927], [128.1679668367464, 51.22513382957581], [128.16653492826705, 51.22512364087385], [128.16568716318233, 51.224488135364574], [128.16497121927048, 51.224483029303926], [128.16454979221552, 51.22403040373896], [128.16497935427824, 51.224033469428356], [128.1651323017082, 51.22349501905717], [128.16584823032187, 51.22350012406266], [128.16585310605458, 51.22323038803583], [128.16671221564732, 51.223236508203605], [128.16671708628445, 51.2229667721053], [128.16714663868382, 51.222969829795275], [128.1671661104389, 51.22189088515656], [128.16759565287362, 51.221893941153034], [128.16760051811423, 51.221624204931985], [128.16803005811434, 51.221627259322894], [128.16832127913847, 51.22135955842511], [128.16932353369188, 51.22136667668685], [128.1693283887427, 51.221096940323186], [128.17018584271133, 51.22119294694349], [128.17018260934887, 51.22137277122342], [128.17090012125004, 51.22128793303197], [128.17090335180717, 51.22110810871676], [128.17333255599002, 51.22139506391296], [128.17361730497433, 51.22148699853311], [128.17360925484573, 51.22193655958913], [128.1744667336625, 51.2220325349421], [128.1741771527784, 51.222210339029424], [128.17446190848074, 51.22230227161242], [128.17444904096436, 51.223021569337234], [128.17573770243544, 51.22303065255276], [128.17573288451024, 51.22330038926307], [128.1764488120232, 51.22330542941177], [128.17643757966965, 51.223934815131905], [128.17528886634844, 51.22410657303892], [128.1752792248066, 51.224646046286075], [128.17484804813225, 51.22473293056672], [128.17484483252852, 51.224912754948846], [128.17513282069856, 51.224824861554914], [128.17512960619396, 51.2250046859471], [128.1748432247142, 51.225002667137765], [128.17498320035435, 51.225183501010044], [128.17441043522973, 51.225179461964245], [128.17411600646497, 51.22562700221869], [128.17282243763512, 51.225887637212615], [128.17310560194716, 51.22606948525887], [128.17281760217793, 51.22615737359249], [128.17196489083258, 51.22579164956244]], [[128.16710282282872, 51.22539745448155], [128.16696125435374, 51.22530652333522], [128.16710444574696, 51.22530754247467], [128.16710282282872, 51.22539745448155]], [[128.18958401824693, 51.22555528724754], [128.18929921200066, 51.2254633912861], [128.18958559737194, 51.22546537473662], [128.18958401824693, 51.22555528724754]], [[128.15908901770823, 51.22507037725417], [128.15894746613586, 51.22497943648711], [128.1590906562213, 51.22498046542612], [128.15908901770823, 51.22507037725417]], [[128.18744404103697, 51.22509083191067], [128.18730243313257, 51.22499992519081], [128.18744562430527, 51.22500091944019], [128.18744404103697, 51.22509083191067]], [[128.1655407225527, 51.224666938469106], [128.16539915940245, 51.22457600544644], [128.16554234847212, 51.22457702648666], [128.1655407225527, 51.224666938469106]], [[128.0925488684478, 51.22241517641784], [128.09282992530035, 51.22268712734114], [128.09111176061208, 51.22267379617588], [128.09111707299814, 51.22240406546848], [128.09284052991202, 51.22214766565799], [128.0925488684478, 51.22241517641784]], [[128.16544306358796, 51.222148381469005], [128.16530150829942, 51.2220574483258], [128.1654446895515, 51.22205846944988], [128.16544306358796, 51.222148381469005]], [[128.08493306281972, 51.2165108109195], [128.08479168457933, 51.21641978121601], [128.08493484526917, 51.21642090074442], [128.08493306281972, 51.2165108109195]]], [[[128.19521937720717, 51.33754777370087], [128.1947903270908, 51.33745490346071], [128.1949212684521, 51.338175177240906], [128.19535189975903, 51.338178136122856], [128.19507111122775, 51.33781652012969], [128.19521937720717, 51.33754777370087]]], [[[128.17273308384074, 51.34260659020956], [128.1728750222147, 51.34269751425618], [128.17287664065086, 51.3426076039293], [128.17273308384074, 51.34260659020956]]], [[[128.17663184052336, 51.349378184980445], [128.17677380743515, 51.34946910432737], [128.17677541863281, 51.34937919401682], [128.17663184052336, 51.349378184980445]]], [[[128.1685563945093, 51.36712561415455], [128.1684176469454, 51.3668548652468], [128.16826912791547, 51.36712357526196], [128.1685563945093, 51.36712561415455]]], [[[128.20627783344645, 51.370534466641615], [128.20713970547092, 51.370540301928685], [128.20714436426317, 51.37027056995006], [128.20757529785234, 51.37027348518853], [128.20757995404088, 51.370003753169144], [128.20671809199771, 51.369997921163396], [128.20671343074628, 51.370267653126845], [128.2062824973017, 51.370264734718944], [128.20627783344645, 51.370534466641615]]], [[[128.2062685055189, 51.37107393044858], [128.20627783344645, 51.370534466641615], [128.20541596171134, 51.37052862501566], [128.20540662365755, 51.37106808871058], [128.2062685055189, 51.37107393044858]]], [[[128.2030895424589, 51.37213140638937], [128.20280224207633, 51.37212945202507], [128.20265390643735, 51.37239820617803], [128.2019356514431, 51.37239331625836], [128.20192783514904, 51.372842868817195], [128.20106435601235, 51.372926905497394], [128.20105966105092, 51.37319663695503], [128.20192158196826, 51.37320251083865], [128.20207305053196, 51.37275393665689], [128.20279287277185, 51.37266891522953], [128.20323007128093, 51.372312204399975], [128.20409041703144, 51.37240797281054], [128.20409509405204, 51.372138241117604], [128.20495699573203, 51.3721440925886], [128.2049616676166, 51.371874360826745], [128.2053926160336, 51.371877284156994], [128.205397285314, 51.371607552354305], [128.20410444787558, 51.37159877769336], [128.20395144380024, 51.37213726525612], [128.20366414332085, 51.372135313004904], [128.20366882280064, 51.371865581327256], [128.2032378746738, 51.371862651657835], [128.2030895424589, 51.37213140638937]], [[128.20366414332085, 51.372135313004904], [128.20351893296925, 51.3722242471684], [128.20352049309327, 51.37213433661515], [128.20366414332085, 51.372135313004904]]], [[[128.203775194109, 51.3822971498362], [128.2039173162474, 51.38238803645542], [128.2039188761576, 51.382298126050316], [128.203775194109, 51.3822971498362]]], [[[128.19548916544525, 51.38772573545986], [128.1956312877525, 51.38781663204661], [128.1956328642037, 51.38772672190705], [128.19548916544525, 51.38772573545986]]], [[[128.21355828040444, 51.390006492645306], [128.2139878594227, 51.39009929558586], [128.21398940002553, 51.39000938508132], [128.21355828040444, 51.390006492645306]]], [[[128.16925023802537, 51.400221519940665], [128.16839270804178, 51.399945675448436], [128.1682554952035, 51.399585018067036], [128.16739145325806, 51.399668803647856], [128.16725261637026, 51.39939805444069], [128.16682141346976, 51.399394989680985], [128.1665290424111, 51.39966267354086], [128.16596718419683, 51.39893930891575], [128.16567971855756, 51.39893726277897], [128.16581854477323, 51.3992080138221], [128.16538734381683, 51.39920494379435], [128.16638530729952, 51.39966165123946], [128.16638203836004, 51.39984146983532], [128.16695534775556, 51.3999354673184], [128.1669504476385, 51.40020519523648], [128.16738165817142, 51.4002082595556], [128.16737676051412, 51.40047798749024], [128.16924372244986, 51.40058115735363], [128.16925023802537, 51.400221519940665]]], [[[128.23120065156274, 51.40927665188824], [128.2313459267137, 51.40918768424774], [128.23120215946324, 51.40918674131267], [128.23120065156274, 51.40927665188824]]], [[[128.17677959249775, 51.41322324041818], [128.17605908628667, 51.413308098369754], [128.1757634454672, 51.4137556230789], [128.17662612346098, 51.413761686411696], [128.17648880562487, 51.413401039040785], [128.17677959249775, 51.41322324041818]]], [[[128.17533372431416, 51.41366267974572], [128.1756212829978, 51.41366470261366], [128.1756229001564, 51.41357479331969], [128.1753353420367, 51.41357277045823], [128.17533372431416, 51.41366267974572]]], [[[128.17533210658326, 51.4137525890318], [128.17504616566399, 51.413660656172404], [128.17489914918943, 51.413839462672534], [128.17518670895075, 51.41384148661149], [128.17533210658326, 51.4137525890318]]], [[[128.17575859476196, 51.414025350957694], [128.1757634454672, 51.4137556230789], [128.17533210658326, 51.4137525890318], [128.17532725334024, 51.41402231688149], [128.17575859476196, 51.414025350957694]]], [[[128.17431917057777, 51.414105140455874], [128.17431593107614, 51.41428495896703], [128.1753224000219, 51.41429204471836], [128.17532725334024, 51.41402231688149], [128.17431917057777, 51.414105140455874]]], [[[128.16800766502243, 51.421164240215525], [128.16771842672927, 51.421252107456596], [128.16771352736907, 51.4215218344404], [128.16742591995617, 51.42151979195231], [128.16713014116567, 51.421967293637856], [128.16828384624526, 51.421795644309945], [128.16828874229637, 51.4215259172998], [128.16800113481582, 51.421523876222885], [128.16800766502243, 51.421164240215525]]], [[[128.20421183172138, 51.42339387164619], [128.20378508645356, 51.423121212583176], [128.20320984642856, 51.423117303817385], [128.2036334626923, 51.42356978448837], [128.20406489700375, 51.423572714786516], [128.20448852590712, 51.424025192387155], [128.20491996459623, 51.42402811955669], [128.2042071468128, 51.42366360097438], [128.20421183172138, 51.42339387164619]]], [[[128.2193439950175, 51.430059804311426], [128.21963012798162, 51.430151629651704], [128.2196377865808, 51.429702079598464], [128.21935012413897, 51.42970016429049], [128.21935318865212, 51.429520344271495], [128.21964084996497, 51.429522259567214], [128.2196439133174, 51.429342439530295], [128.2193547208968, 51.42943043425988], [128.2193654463874, 51.428801064138774], [128.21878859957027, 51.42888714153729], [128.21878399956844, 51.429156871556685], [128.21849787451504, 51.429065044169164], [128.21847486508614, 51.43041369400373], [128.21919403230214, 51.43041848636647], [128.2193439950175, 51.430059804311426]]], [[[128.21871805835804, 51.433023000430474], [128.2193026201278, 51.432487373858656], [128.21931181504752, 51.43194791404871], [128.2190210724537, 51.432125817811766], [128.21902873757077, 51.431676267975945], [128.2188803002747, 51.4319450395335], [128.21859722538605, 51.43167339242954], [128.21859108992095, 51.43203303226425], [128.21887570030998, 51.43221476941728], [128.21844571724438, 51.432121983335634], [128.21828499898, 51.43311003362064], [128.21871805835804, 51.433023000430474]]], [[[128.22122923970497, 51.43762563560836], [128.22108232494227, 51.437804499734085], [128.2212261816701, 51.43780545545752], [128.22122923970497, 51.43762563560836]]], [[[128.22036610284553, 51.437619898656955], [128.22050383722004, 51.43798049488826], [128.22021459170028, 51.43806849138583], [128.22049159334176, 51.43869977408309], [128.22020234324046, 51.43878777052034], [128.22077319251935, 51.43906132641448], [128.22135322175401, 51.438795420106985], [128.2213593370109, 51.438435780453204], [128.22078390220898, 51.43843195712088], [128.220786962049, 51.43825213730994], [128.22107467830463, 51.43825404931688], [128.22079002185737, 51.43807231749331], [128.22108691282986, 51.43753476996739], [128.22036610284553, 51.437619898656955]]], [[[128.22034314139745, 51.43896854711201], [128.22048547121244, 51.43905941364644], [128.22048700175665, 51.43896950375773], [128.22034314139745, 51.43896854711201]]], [[[128.27145495642125, 51.21934933564307], [128.27131319952525, 51.21925852991188], [128.27131177995523, 51.219348444243195], [128.27145495642125, 51.21934933564307]]], [[[128.2711657637768, 51.21952738132086], [128.2708765689014, 51.21970542626961], [128.2708694666119, 51.22015499783384], [128.271155824527, 51.22015678156057], [128.27100838494084, 51.22042563271485], [128.2727251261216, 51.22052623690822], [128.2731603307521, 51.22016924803098], [128.27302706556085, 51.219538958208766], [128.27216942095689, 51.21944370436223], [128.27217509252964, 51.21908404696586], [128.27174556555357, 51.21908137489357], [128.27174272810865, 51.21926120357753], [128.2713103603779, 51.219438358573086], [128.2713061016019, 51.21970810155426], [128.2711657637768, 51.21952738132086]], [[128.27273646092797, 51.21980692213792], [128.27288247193223, 51.21962798308814], [128.27287963886144, 51.219807811800564], [128.27273646092797, 51.21980692213792]]], [[[128.27652931240377, 51.27926932740325], [128.27567762011972, 51.27872452823486], [128.27540080011727, 51.27809335963646], [128.27496647651054, 51.27836043771069], [128.27524470703923, 51.27890169380155], [128.2756747919793, 51.278904355232804], [128.27538382473426, 51.279172321590096], [128.27567054971388, 51.27917409571908], [128.27566772150044, 51.27935392270287], [128.27723907136428, 51.279723322000216], [128.27710135243285, 51.27936278287343], [128.27652931240377, 51.27926932740325]], [[128.27609922397446, 51.2792666690973], [128.2759572747227, 51.27917586914601], [128.27610063723805, 51.2791767555962], [128.27609922397446, 51.2792666690973]]], [[[128.27696081248337, 51.27918207061146], [128.27710276374495, 51.27927286935395], [128.27710417504974, 51.279182955833036], [128.27696081248337, 51.27918207061146]]], [[[128.2675253340496, 51.2954892551483], [128.26667774824065, 51.29467465199327], [128.26624608354254, 51.29476186999269], [128.2668111333703, 51.295304941502195], [128.2675253340496, 51.2954892551483]]], [[[128.2681923646815, 51.298640695659806], [128.268770341964, 51.2983745402278], [128.26834007577236, 51.29837185271279], [128.2681923646815, 51.298640695659806]]], [[[128.26861977565503, 51.298823209828655], [128.27190287027875, 51.29983281014086], [128.27205198583658, 51.299474049389715], [128.2724822626875, 51.29947672330762], [128.27248652671526, 51.29920698395226], [128.27119570392486, 51.29919895753311], [128.27119997545043, 51.298929218241945], [128.27048285613748, 51.298924753015555], [128.2703479852345, 51.29838438092549], [128.27120851830304, 51.298389739621335], [128.27121278963008, 51.29812000029192], [128.26992199769015, 51.298111959954134], [128.26991771879958, 51.29838169920649], [128.26920346362442, 51.29819740002386], [128.26905575813626, 51.29846624409042], [128.26862406221977, 51.29855347067477], [128.26861977565503, 51.298823209828655]], [[128.26933689308848, 51.2988276864573], [128.26948174377878, 51.29873866818907], [128.2694803165973, 51.298828581256124], [128.26933689308848, 51.2988276864573]]], [[[128.27532953963228, 51.30084320646716], [128.27532670789716, 51.30102303276816], [128.27589760058189, 51.30120640799235], [128.27632930792004, 51.301119154677835], [128.275910333205, 51.30039718951668], [128.27534228207836, 51.300033988042564], [128.27462231048744, 51.30020937441182], [128.2740542718928, 51.299846166727896], [128.2740627815683, 51.2993066878507], [128.2724822626875, 51.29947672330762], [128.27275916822535, 51.300107896860794], [128.27432978340434, 51.300567249755915], [128.27504692892188, 51.3005716915264], [128.27489924973435, 51.30084054296019], [128.27532953963228, 51.30084320646716]], [[128.27404859862926, 51.30020581928436], [128.27433545454372, 51.30020759719939], [128.27433261898867, 51.30038742348048], [128.27404576195354, 51.300385645554094], [128.27404859862926, 51.30020581928436]], [[128.27476148764822, 51.30048000219963], [128.27462089327392, 51.300299287558744], [128.27476432153694, 51.300300175904326], [128.27476148764822, 51.30048000219963]]], [[[128.254819128399, 51.30071448770195], [128.2552494151823, 51.30071722498214], [128.25526687564985, 51.29963827188784], [128.2548365989522, 51.29963553471262], [128.254819128399, 51.30071448770195]]], [[[128.25466696212263, 51.30125305132453], [128.25466987460726, 51.30107322586332], [128.25452644458136, 51.301072312897986], [128.2545235315364, 51.30125213835336], [128.25466696212263, 51.30125305132453]]], [[[128.2543786441437, 51.30134113792915], [128.2545235315364, 51.30125213835336], [128.2543801009577, 51.30125122520653], [128.2543786441437, 51.30134113792915]]], [[[128.25481476059153, 51.30098422591739], [128.25466259333928, 51.301522789505675], [128.25437573049325, 51.301520963370166], [128.2543655324796, 51.30215035236904], [128.254513335642, 51.301881527402415], [128.25494363330705, 51.30188426585025], [128.25481476059153, 51.30098422591739]]], [[[128.25508124396924, 51.302244829215525], [128.2543640755904, 51.302240265077494], [128.25435533409726, 51.30277974129842], [128.2550710553411, 51.30287421823708], [128.25508124396924, 51.302244829215525]]], [[[128.2684725633057, 51.30808424637664], [128.27062434908984, 51.30809766750634], [128.27062862532267, 51.307827928661645], [128.26876375514505, 51.30781629941144], [128.26862316227752, 51.30763557780037], [128.2684725633057, 51.30808424637664]]], [[[128.26932042562026, 51.30889883579849], [128.27147224990753, 51.308912241501034], [128.27147652129375, 51.308642502643224], [128.2727676090926, 51.30865052701202], [128.27277187284463, 51.30838078806452], [128.27449331407723, 51.308391464982286], [128.2746481080933, 51.30767304936541], [128.27392943301732, 51.307758517734534], [128.27392659511065, 51.307938343766295], [128.2734976587937, 51.3078457618364], [128.27349481919063, 51.30802558784826], [128.2727761365306, 51.308111049104276], [128.27248496607524, 51.30837900611844], [128.27033316624198, 51.30836561912127], [128.26989852590424, 51.30863267575434], [128.26846398541488, 51.308623723770474], [128.26846112605887, 51.30880354955708], [128.26745837587524, 51.30870735980159], [128.2670251482099, 51.308884492808424], [128.26616872216852, 51.308609364050746], [128.2650167820295, 51.30887190579483], [128.26459072978636, 51.30859946565205], [128.2637300070473, 51.30859405756483], [128.2635822356479, 51.30886289398673], [128.2615753151064, 51.30876033518457], [128.26113917650827, 51.30911727181434], [128.2587033347629, 51.308922035108836], [128.2582700716954, 51.309099135575906], [128.25841642552246, 51.30892021868538], [128.2564153278116, 51.30845792079229], [128.2561269678417, 51.30854601142263], [128.25611824505063, 51.309085487275375], [128.25640370190823, 51.30917722197589], [128.25639643547467, 51.30962678516955], [128.2576875465306, 51.30963497588823], [128.25768319414885, 51.30990471386594], [128.25983505987128, 51.309918333567396], [128.25983939963893, 51.30964859545912], [128.26371273946734, 51.30967301106178], [128.26371705646267, 51.30940327270668], [128.26802074850912, 51.30943025066692], [128.26802504020992, 51.30916051204043], [128.26931614155419, 51.30916857451503], [128.26932042562026, 51.30889883579849]], [[128.25727024042, 51.3088230332988], [128.25712823798395, 51.30873221075762], [128.2572716919724, 51.308733120632695], [128.25727024042, 51.3088230332988]]], [[[128.2817771667697, 51.31050456199294], [128.28149305478885, 51.31032297580349], [128.28149024618645, 51.31050280205563], [128.2817771667697, 51.31050456199294]]], [[[128.2776168211572, 51.31047897411046], [128.27732283871455, 51.310926769178394], [128.2780429683121, 51.31075136715019], [128.278047201454, 51.31048162798558], [128.2776168211572, 51.31047897411046]]], [[[128.26354481333712, 51.31120062612007], [128.2622522146917, 51.31128241252444], [128.26354049505474, 51.311470364381485], [128.26354481333712, 51.31120062612007]]], [[[128.27659280624906, 51.31173155784832], [128.27644792806515, 51.31182058460755], [128.2765913923035, 51.311821470856486], [128.27659280624906, 51.31173155784832]]], [[[128.27542385119617, 51.31307315759308], [128.27470792843744, 51.31297880441225], [128.27470367533758, 51.31324854326243], [128.2742746880208, 51.31315596405892], [128.27441531981145, 51.313336678870805], [128.27340535667682, 51.31369010432167], [128.2732533632716, 51.31422869159625], [128.2743982999358, 51.31441563405889], [128.27411844997135, 51.3139642913404], [128.27469233341571, 51.3139678468006], [128.27469658669133, 51.31369810798441], [128.27527471673343, 51.31343192173581], [128.27513408126865, 51.313251207944255], [128.27629031836958, 51.312718828130045], [128.27630587834037, 51.31172978518041], [128.27659422018732, 51.31164164483874], [128.27645358492498, 51.311460932577724], [128.27688397429773, 51.311463590763374], [128.27688962767658, 51.311103938676894], [128.27732283871455, 51.310926769178394], [128.2758811478483, 51.31136747287046], [128.27587265583023, 51.311906950847224], [128.2754408462027, 51.3119942019116], [128.27572069738463, 51.31244554162561], [128.27528463278273, 51.31280253100593], [128.27542385119617, 51.31307315759308]], [[128.27572069738463, 51.31244554162561], [128.27586274814314, 51.312536341755646], [128.27571928169849, 51.31253545460544], [128.27572069738463, 51.31244554162561]]], [[[128.27274475825578, 51.3191712270713], [128.27274049270125, 51.319440965517394], [128.27331160281014, 51.31962435364485], [128.27345793222568, 51.319445418179264], [128.27474648794538, 51.319633247600535], [128.27532327584737, 51.3194569745353], [128.27546393078782, 51.31963768798704], [128.27546676386953, 51.31945786225539], [128.2760421314394, 51.319371498498775], [128.27561166814846, 51.31936883692892], [128.27490131762553, 51.318914833159624], [128.27619410982928, 51.318832908014706], [128.27590996891288, 51.31865130842197], [128.2763418402978, 51.31856405597148], [128.27763179572202, 51.3186619407196], [128.27835486724493, 51.31830671161592], [128.27720840434066, 51.31820972043039], [128.27692850402266, 51.317758384517404], [128.27649947017264, 51.31766581334962], [128.27650371341198, 51.31739607459703], [128.2760732685653, 51.31739341479611], [128.27605628511716, 51.31847236962799], [128.27462569015765, 51.31819375325665], [128.27432595369217, 51.31900119133286], [128.27375484720164, 51.31881780814686], [128.27360710081265, 51.31908665685176], [128.27274475825578, 51.3191712270713]], [[128.27692426321963, 51.318028123278495], [128.2767793657157, 51.3181171502761], [128.27678077961173, 51.318027237361385], [128.27692426321963, 51.318028123278495]], [[128.2737534273501, 51.31890772098922], [128.27403898057705, 51.31899941293304], [128.27375200749123, 51.318997633830165], [128.2737534273501, 51.31890772098922]], [[128.27446944026073, 51.319002080269115], [128.27489564712099, 51.31927448460583], [128.27446518484712, 51.31927181882609], [128.27446944026073, 51.319002080269115]]], [[[128.27635657606223, 51.326747010582416], [128.2767871084956, 51.32674966968521], [128.27679135142444, 51.32647993133622], [128.27793943150067, 51.3264870144733], [128.2780857650752, 51.32630807345028], [128.27765382404928, 51.3263953319411], [128.27765664925036, 51.32621550633122], [128.27851770447597, 51.32622081335877], [128.27852193717237, 51.325951074882475], [128.2798135129271, 51.32595902348036], [128.28010756875813, 51.325511223590816], [128.27982196297205, 51.32541954633708], [128.2798261878963, 51.32514980774632], [128.27896515247852, 51.32514451041573], [128.27896092250404, 51.325414248955695], [128.27853040236838, 51.32541159789162], [128.27852616980317, 51.325681336393416], [128.27679983708484, 51.325940454600016], [128.2767955942875, 51.326210192974486], [128.2755040123366, 51.326202211072165], [128.27549976189775, 51.32647194935737], [128.27463870254266, 51.32646662012658], [128.2746344469873, 51.326736358347944], [128.2742039148834, 51.32673369133353], [128.27419965673673, 51.327003429516566], [128.2733385876763, 51.32699809068956], [128.2733343244129, 51.32726782880866], [128.2729037874564, 51.327265156996035], [128.27289525568054, 51.327804633144765], [128.27332579768787, 51.327807305008626], [128.27333006108344, 51.32753756691501], [128.27419114024542, 51.3275429058444], [128.2741939791052, 51.32736308040746], [128.27462167992545, 51.32754557293555], [128.27491296048512, 51.327277611917054], [128.27548701018583, 51.3272811641365], [128.27563477242404, 51.32701231349635], [128.27635233054227, 51.32701674889315], [128.27635657606223, 51.326747010582416]], [[128.27476802978177, 51.32736663615461], [128.2746259356787, 51.32727583475243], [128.27476944807825, 51.32727672342265], [128.27476802978177, 51.32736663615461]]], [[[128.27980083736844, 51.32676823909969], [128.28109243644005, 51.32677617368525], [128.28109665411583, 51.32650643508214], [128.27980506262017, 51.32649850057266], [128.27980083736844, 51.32676823909969]]], [[[128.27994153203764, 51.32694894710682], [128.27980083736844, 51.32676823909969], [128.27937030447552, 51.32676559107318], [128.27936607663298, 51.32703532956209], [128.27994153203764, 51.32694894710682]]], [[[128.2785007730342, 51.32729976713659], [128.27936184872488, 51.32730506803825], [128.27936607663298, 51.32703532956209], [128.27764393561563, 51.32702472153104], [128.27763545953067, 51.32756419826719], [128.27835161527494, 51.327658534240264], [128.2786400534484, 51.3275703894808], [128.2785007730342, 51.32729976713659]]], [[[128.2658630789499, 51.32776076870722], [128.26600802803333, 51.3276717555689], [128.26586451468057, 51.327670856159514], [128.2658630789499, 51.32776076870722]]], [[[128.2806450218922, 51.32785248458939], [128.27978393570663, 51.327847193080416], [128.2797797101274, 51.32811693154374], [128.2784880737639, 51.32810898233612], [128.27848384054255, 51.32837872071049], [128.2797754844827, 51.328386669994316], [128.28006392454378, 51.32829852174668], [128.27992322531534, 51.328117813909905], [128.280640801364, 51.328122223103456], [128.2806450218922, 51.32785248458939]]], [[[128.2750352061008, 51.32862719115156], [128.2754657560148, 51.328629855180154], [128.27547000698078, 51.32836011699691], [128.27633110195526, 51.32836544025573], [128.2763353478043, 51.328095702008696], [128.27719643799094, 51.32810101888688], [128.27720067872318, 51.327831280576135], [128.27763122138964, 51.32783393661615], [128.27763545953067, 51.32756419826719], [128.2763438393049, 51.327556225476414], [128.2763395935875, 51.32782596374893], [128.27547850871508, 51.3278206405922], [128.2754742578809, 51.32809037880092], [128.275043713018, 51.32808771482344], [128.27503945959236, 51.32835745299386], [128.27331300710463, 51.32861651921297], [128.27330874344472, 51.32888625725559], [128.27373787522754, 51.32897884032606], [128.27330732221003, 51.328976169933625], [128.2733044797187, 51.32915599528546], [128.27503095254332, 51.32889692929652], [128.2750352061008, 51.32862719115156]]], [[[128.27718230174207, 51.32900014649733], [128.27847537390298, 51.328918197420975], [128.27848384054255, 51.32837872071049], [128.27762274491047, 51.32837341327584], [128.27761850657237, 51.32864315158657], [128.2771879563293, 51.32864049547015], [128.27718371539987, 51.32891023374266], [128.2763226100597, 51.328904916711544], [128.27631836401324, 51.32917465492033], [128.27732299282883, 51.32918085756737], [128.27718230174207, 51.32900014649733]]], [[[128.2685583685985, 51.32975590436612], [128.26799431051666, 51.32912293012192], [128.26770727463145, 51.32912113595849], [128.2677130033623, 51.32876148569481], [128.267281019944, 51.32884870572482], [128.2674288351952, 51.32857986572216], [128.26714180273663, 51.32857807018653], [128.26686193939926, 51.328126711158056], [128.26643139502067, 51.328124015524075], [128.26615010622405, 51.32776256735595], [128.26600228618852, 51.32803140576278], [128.26557174278526, 51.328028706972624], [128.26556743379825, 51.32829844457728], [128.26642709106247, 51.32839375317621], [128.2664199176505, 51.328843315901445], [128.2675637566999, 51.32912023861302], [128.26784506484356, 51.3294816833806], [128.2685583685985, 51.32975590436612]], [[128.2665720410693, 51.32830473935314], [128.26671699051488, 51.328215725347086], [128.26671555642338, 51.32830563790356], [128.2665720410693, 51.32830473935314]]], [[[128.27071830027717, 51.32931976484038], [128.26985433247995, 51.32949422545383], [128.26986432842256, 51.32886483721653], [128.27072543178042, 51.328870201720925], [128.27072971059397, 51.32860046383226], [128.2711602598468, 51.32860314368511], [128.27116453606845, 51.32833340575798], [128.27288672364014, 51.328344109242494], [128.2730373479679, 51.32789543663121], [128.27203417186428, 51.327799284669894], [128.27202990082617, 51.32806902267385], [128.2698771798175, 51.32805562366656], [128.2698728960856, 51.3283253615293], [128.26858125670034, 51.32831730305895], [128.2690075142462, 51.32858972859663], [128.2689903581837, 51.329668679663094], [128.26985147642998, 51.32967405065174], [128.2698471922996, 51.32994378843799], [128.27113887774425, 51.32995183312947], [128.2711445798003, 51.32959218264214], [128.27071259494187, 51.32967941531045], [128.27071830027717, 51.32931976484038]]], [[[128.2750224452305, 51.32943640554816], [128.27631411790094, 51.32944439311636], [128.27631836401324, 51.32917465492033], [128.27502669891985, 51.3291666674287], [128.2750224452305, 51.32943640554816]]], [[[128.2651136726926, 51.33872648808687], [128.2654007683965, 51.338728288844194], [128.26540507996725, 51.338458551732614], [128.26468302919247, 51.33872378563173], [128.26496868680434, 51.33881549980344], [128.26496437261738, 51.339085236872094], [128.2646743974268, 51.33926325973024], [128.26525147055267, 51.339087038004216], [128.2651136726926, 51.33872648808687]]], [[[128.26453228685057, 51.33917244619948], [128.26468159058345, 51.33881369798502], [128.2642495068491, 51.338900906281474], [128.26453516468226, 51.33899262150857], [128.26453228685057, 51.33917244619948]]], [[[128.2645308479236, 51.339262358542804], [128.2646729587732, 51.33935317207504], [128.2646743974268, 51.33926325973024], [128.2645308479236, 51.339262358542804]]], [[[128.2613325899142, 51.37745870265675], [128.26147915249447, 51.37727978485419], [128.2613354842216, 51.37727887927696], [128.2613325899142, 51.37745870265675]]], [[[128.26190292716134, 51.37773205902586], [128.26176504275688, 51.377371507179554], [128.26147336497527, 51.377639431619684], [128.26190292716134, 51.37773205902586]]], [[[128.26219171207993, 51.3776439569218], [128.2620465968712, 51.37773296391304], [128.26190292716134, 51.37773205902586], [128.26189858895367, 51.3780017941069], [128.262612607745, 51.378276051936574], [128.26261694179874, 51.37800631682489], [128.26232815539834, 51.37809441996562], [128.26219171207993, 51.3776439569218]]], [[[128.2462478227723, 51.38608495796308], [128.24639299500734, 51.38599597089965], [128.24624929993664, 51.385995046715635], [128.2462478227723, 51.38608495796308]]], [[[128.2580480538145, 51.39398336020917], [128.25819322846488, 51.3938943586556], [128.2580495082651, 51.39389344884164], [128.2580480538145, 51.39398336020917]]], [[[128.27450057853736, 51.39885215192887], [128.27378332116393, 51.398757789172045], [128.27293230973362, 51.39803314920771], [128.2724996824905, 51.39812038490301], [128.27249540344593, 51.39839011967901], [128.2729251822189, 51.398482707210505], [128.27291805451978, 51.39893226517788], [128.2734887271124, 51.39920556548798], [128.27348445371922, 51.3994753002729], [128.27405940651894, 51.399478863033444], [128.27450057853736, 51.39885215192887]]], [[[128.26224396725115, 51.40120348983035], [128.26238481783943, 51.401384217275705], [128.26238771049634, 51.40120439459166], [128.26224396725115, 51.40120348983035]]], [[[128.26337369181164, 51.40246948193772], [128.26351455070446, 51.40265020801989], [128.26351743906187, 51.402470385329245], [128.26337369181164, 51.40246948193772]]], [[[128.25953020447136, 51.42681365098563], [128.25967548093354, 51.42672464850095], [128.2595316577209, 51.426723740094445], [128.25953020447136, 51.42681365098563]]], [[[128.25057492046741, 51.42909466297886], [128.25071580948415, 51.429275403751674], [128.2508596404197, 51.42927632300614], [128.25086258120191, 51.42909650165247], [128.25057492046741, 51.42909466297886]]], [[[128.25157291920064, 51.42964055938078], [128.25143202568324, 51.429459819630985], [128.2511443626299, 51.429457982345475], [128.25128525500313, 51.42963872243644], [128.25157291920064, 51.42964055938078]]], [[[128.25171675131082, 51.42964147758827], [128.25157145017894, 51.42973047006452], [128.25171528257135, 51.42973138827494], [128.25171675131082, 51.42964147758827]]], [[[128.2750434644267, 51.446333305901106], [128.27605350535205, 51.44615970765681], [128.27605634895585, 51.445979885806416], [128.2740348417128, 51.44641698452946], [128.2748953068429, 51.446602148797304], [128.2750434644267, 51.446333305901106]]], [[[128.26318122073275, 51.450215824513016], [128.2631739841464, 51.4506653775126], [128.26345888767986, 51.450847007008136], [128.26447051607673, 51.45058359865008], [128.26447485039859, 51.450313866772284], [128.26318122073275, 51.450215824513016]]], [[[128.27285934220697, 51.48417585922603], [128.2730047762428, 51.48408684170785], [128.27286077222803, 51.4840859489513], [128.27285934220697, 51.48417585922603]]], [[[128.27312733766541, 51.485436388345626], [128.27428796773583, 51.48490406123934], [128.27429653111773, 51.48436459946641], [128.2738630882862, 51.484451835704746], [128.2738673724478, 51.48418210482911], [128.27271390760484, 51.48426487656027], [128.2728622022417, 51.48399603867516], [128.27243591446953, 51.48363371826886], [128.27200390678354, 51.483631037390076], [128.27186420008977, 51.48336041261638], [128.2712867602967, 51.48344674521791], [128.2709887207111, 51.48407432702723], [128.27055670900077, 51.48407164080155], [128.27083898081534, 51.48443307272566], [128.27141356815153, 51.48452656287818], [128.27154897775765, 51.485066918847316], [128.27226471941722, 51.48534111971439], [128.27312733766541, 51.485436388345626]], [[128.27385451976318, 51.48499129741784], [128.27371194126133, 51.48490049541442], [128.27385594786884, 51.48490138713587], [128.27385451976318, 51.48499129741784]], [[128.27141643390854, 51.48434674239584], [128.27127386227642, 51.484255937445475], [128.27141786677586, 51.48425683215255], [128.27141643390854, 51.48434674239584]]], [[[128.28379552426927, 51.22688912215408], [128.28364813625947, 51.22715798912889], [128.28393174767675, 51.22733957067667], [128.2849327659946, 51.2274356138807], [128.28493694628781, 51.227165870448545], [128.2845129198519, 51.22680358702291], [128.28379552426927, 51.22688912215408]]], [[[128.28493833970452, 51.22707595596833], [128.28508014743804, 51.22716674527476], [128.28508154057576, 51.227076830791745], [128.28493833970452, 51.22707595596833]]], [[[128.28823065472582, 51.27358602252999], [128.28751809938495, 51.27331192167359], [128.2875222713917, 51.27304218021559], [128.28723697504788, 51.2729505214396], [128.28738449130327, 51.27268165253762], [128.28680694460417, 51.272947902692785], [128.28693915368922, 51.27366808623234], [128.28736362685808, 51.27403035974335], [128.2886509718404, 51.27421803288288], [128.28823065472582, 51.27358602252999]]], [[[128.28869107384338, 51.30874832405737], [128.2888359187502, 51.30865928197614], [128.288692463988, 51.30865841076376], [128.28869107384338, 51.30874832405737]]], [[[128.28868273282467, 51.30928780378929], [128.2904014403207, 51.30947807360766], [128.29026075718693, 51.30929737767585], [128.29054905734424, 51.30920920277704], [128.29041114803843, 51.30884868036835], [128.28883452888584, 51.30874919527252], [128.28868829353252, 51.308928150640334], [128.28868273282467, 51.30928780378929]]], [[[128.29054767080055, 51.309299116098316], [128.2906911276181, 51.30929998504598], [128.29069251388145, 51.30921007172195], [128.29054905734424, 51.30920920277704], [128.29054767080055, 51.309299116098316]]], [[[128.290402827159, 51.309388160291995], [128.29054767080055, 51.309299116098316], [128.29040421399014, 51.30929824697493], [128.290402827159, 51.309388160291995]]], [[[128.28391507627808, 51.311416870772455], [128.28262811405534, 51.311139229583056], [128.282778585454, 51.31069054253561], [128.28249587069723, 51.31041904561618], [128.28148884187436, 51.31059271517958], [128.28177295549372, 51.31077430137742], [128.28176312892924, 51.31140369322499], [128.2814719895636, 51.311671672556564], [128.2827659689611, 51.31149976080235], [128.28347348279723, 51.312133543579186], [128.2843342755193, 51.31213880682539], [128.2839080781121, 51.31186643654594], [128.28391507627808, 51.311416870772455]]], [[[128.2907763666894, 51.31307721226635], [128.29091706326744, 51.31325790751527], [128.2909198352957, 51.3130780809792], [128.2907763666894, 51.31307721226635]]], [[[128.2896077893346, 51.31441895474468], [128.29004792202207, 51.31379217204312], [128.2893347354752, 51.3135180816494], [128.28905335431722, 51.313156687237814], [128.2886229479583, 51.31315407371025], [128.28892239468752, 51.312346597118335], [128.28791534730848, 51.3125203218144], [128.28805046453172, 51.3130606733335], [128.28747519798407, 51.31314709657129], [128.2876117043019, 51.31359753533121], [128.28818558486782, 51.31360102465936], [128.28818280209904, 51.313780851072764], [128.28890293573696, 51.31360538236557], [128.288900155772, 51.313785208806806], [128.28932917890987, 51.31387773456528], [128.28889598577072, 51.31405494845807], [128.28888903562495, 51.31450451451519], [128.2896077893346, 51.31441895474468]], [[128.28932501141054, 51.31414747423734], [128.2891829289725, 51.314056690338255], [128.28932640058417, 51.31405756101474], [128.28932501141054, 51.31414747423734]]], [[[128.29634826560485, 51.314639489013935], [128.29693315483985, 51.31392362864704], [128.2957922662072, 51.31346716609933], [128.29594399339052, 51.31292854848356], [128.29565981027358, 51.3127469964643], [128.29450655277677, 51.31309974168815], [128.29535634688503, 51.31382423071195], [128.29534670510475, 51.314453624084685], [128.29634826560485, 51.314639489013935]]], [[[128.2931973735936, 51.31426082944523], [128.29305113742532, 51.31443979009052], [128.29391335531375, 51.3143550698034], [128.29406372760621, 51.31390636811833], [128.29392301667156, 51.31372567661406], [128.29349122352212, 51.31381299426997], [128.29349398554248, 51.31363316765114], [128.29220275204426, 51.313625371227985], [128.29220828609306, 51.31326571807299], [128.29192411574033, 51.31308415704872], [128.29091706326744, 51.31325790751527], [128.29090736094292, 51.31388730034691], [128.29205236256755, 51.31407407047813], [128.2927724862806, 51.3138985779469], [128.2931973735936, 51.31426082944523]], [[128.29262901505788, 51.313897711493624], [128.29248692682592, 51.313806931576686], [128.2926303977611, 51.31380779820293], [128.29262901505788, 51.313897711493624]], [[128.29377402409787, 51.314084464820674], [128.29391611573735, 51.31417524318494], [128.29362917150254, 51.31417351289783], [128.29377402409787, 51.314084464820674]]], [[[128.2881438403169, 51.31629842026584], [128.28814801506311, 51.31602868076251], [128.28771758191533, 51.31602606380419], [128.28772175912064, 51.31575632431322], [128.2868608980669, 51.31575108570162], [128.28686508025493, 51.31548134624813], [128.28514336902043, 51.315470850144955], [128.28513498438963, 51.31601032883792], [128.28470455169585, 51.31600770080748], [128.28470035675917, 51.316277440109666], [128.28383948651913, 51.31627217925317], [128.28385208627665, 51.31546296145971], [128.28471294137415, 51.3154682221649], [128.28472552540404, 51.314659004105486], [128.28386468544838, 51.3146537435516], [128.28386888504212, 51.31438400422342], [128.28516013750243, 51.31439189260612], [128.2851643294605, 51.314122153189565], [128.2860251597119, 51.314127404152835], [128.28604190670717, 51.31304844615784], [128.2869027170306, 51.313053690593485], [128.28676482511904, 51.312693164194044], [128.28691386765976, 51.31233438501618], [128.287200800006, 51.31233613171089], [128.28677179557405, 51.31224359820449], [128.28676761332264, 51.31251333780247], [128.28618956082187, 51.3127795811308], [128.28563523907403, 51.31151729753509], [128.2852048483729, 51.31151467150603], [128.2849053420432, 51.31232213847193], [128.28504601320827, 51.312502840697455], [128.28404174695478, 51.31249670570042], [128.28390247944918, 51.31222608913926], [128.28304168517514, 51.3122208227132], [128.28304588922958, 51.311951083320835], [128.28218510026255, 51.31194581061928], [128.2821766819956, 51.312485289290166], [128.28303047404472, 51.31294012769722], [128.28302486830577, 51.31329978015524], [128.28259446117323, 51.31329714446886], [128.28258744963097, 51.31374670996744], [128.2811555558876, 51.31355808664421], [128.28100786986786, 51.31382694516274], [128.28058167673794, 51.31355456287248], [128.28058589541743, 51.31328482368721], [128.2810191129798, 51.31310764060678], [128.28073498803562, 51.31292605260719], [128.28088970063087, 51.31220762897158], [128.27959851068815, 51.31219969374846], [128.27946208694084, 51.31174924586906], [128.27860130242723, 51.31174394684311], [128.2786055324455, 51.311474207691326], [128.2778839821995, 51.31173952615581], [128.27816808853802, 51.31192112103504], [128.2774521778869, 51.31182678465994], [128.27743805485102, 51.31272591483356], [128.27786845615194, 51.31272856944788], [128.2778599870269, 51.313268047534976], [128.2765687681811, 51.31326007879456], [128.2765602836531, 51.313799556677886], [128.27612987245578, 51.31379689721695], [128.27612138261784, 51.3143363749983], [128.27655179886213, 51.31433903451022], [128.276547556368, 51.31460877340725], [128.2761171376002, 51.314606113869836], [128.2761001568717, 51.31568506922856], [128.27581320433336, 51.31568329525689], [128.2760916661127, 51.316224546831435], [128.27652210002256, 51.31622720652185], [128.276513614048, 51.31676668412475], [128.27708470628718, 51.316950053865064], [128.27694405307133, 51.3167693422844], [128.27737449216033, 51.316771998862286], [128.27736601601842, 51.31731147651611], [128.2782269044891, 51.317316785028375], [128.27823113754502, 51.317047046156944], [128.28038334724945, 51.31706028962918], [128.28038756762024, 51.316790550618016], [128.2816788866564, 51.31679847764396], [128.2816746738573, 51.31706821673111], [128.28124423158934, 51.31706557594559], [128.281240016201, 51.31733531499467], [128.2803791268132, 51.31733002862758], [128.28037490631155, 51.31759976761325], [128.2812358007473, 51.31760505403103], [128.2812315852283, 51.317874793054635], [128.28252293494393, 51.31788271089359], [128.28252714289087, 51.31761297179408], [128.28324455544654, 51.31761736439981], [128.2833838350805, 51.317887981543734], [128.28381428524654, 51.31789061449606], [128.28381848562137, 51.31762087532077], [128.2846793811006, 51.31762613642946], [128.28468357636234, 51.31735639719098], [128.28568515595308, 51.317542353294954], [128.2856879488608, 51.31736252709537], [128.2868358035776, 51.31736952215501], [128.28684416866665, 51.31683004338818], [128.287705049911, 51.31683528220068], [128.2877134046453, 51.31629580328243], [128.2881438403169, 51.31629842026584]], [[128.2838226859311, 51.31735113613272], [128.28383528646975, 51.31654191849216], [128.2855570373053, 51.316552433979], [128.28554865720247, 51.31709191262042], [128.2838226859311, 51.31735113613272]], [[128.27953936445275, 51.31597604106753], [128.28040022834028, 51.315981333508105], [128.28039600816567, 51.3162510725575], [128.2795351392306, 51.31624578006617], [128.27953936445275, 51.31597604106753]], [[128.28215423200803, 51.31392389883002], [128.28258464496335, 51.31392653615696], [128.28272250766236, 51.31428706728776], [128.28301225496963, 51.314108998102995], [128.28300805039393, 51.314378737393426], [128.2821430063184, 51.31464320346403], [128.2821387965652, 51.31491294267842], [128.2817083744221, 51.314910303677095], [128.28142844959203, 51.31445897817008], [128.2821472160064, 51.31437346423689], [128.28215423200803, 51.31392389883002]], [[128.2809952208115, 51.31463616267986], [128.2811400991738, 51.31454713033836], [128.28113869397447, 51.31463704339296], [128.2809952208115, 51.31463616267986]], [[128.27956893917454, 51.31408786772022], [128.27985165891621, 51.3143593715564], [128.27956471441072, 51.314357606808066], [128.27956893917454, 51.31408786772022]], [[128.28186448257358, 51.31410196588913], [128.2815789438617, 51.314010293006774], [128.28158315676208, 51.31374055378364], [128.28186729007405, 51.31392213973338], [128.28186448257358, 51.31410196588913]], [[128.27872925895068, 51.31273387393194], [128.2794339187874, 51.31354750689391], [128.27871657030474, 51.31354309119602], [128.27872925895068, 51.31273387393194]]], [[[128.28686508025493, 51.31548134624813], [128.2872955082257, 51.31548396631967], [128.2872996878252, 51.31521422682832], [128.28686926237813, 51.3152116067819], [128.28686508025493, 51.31548134624813]]], [[[128.28902833929178, 51.31477512518271], [128.28860208964795, 51.31450277190422], [128.28802541430682, 51.31467911095292], [128.28873165899873, 51.315402775277825], [128.28886123324662, 51.31630277838984], [128.2892930584365, 51.316215477966615], [128.28930556222633, 51.31540625920519], [128.28901583090678, 51.315584343983204], [128.28902833929178, 51.31477512518271]]], [[[128.29975330758805, 51.31717770136364], [128.30061419773207, 51.31718284531828], [128.30061829947795, 51.316913105132116], [128.29846608721516, 51.31690023350534], [128.2984702015171, 51.316630493429855], [128.29545712469584, 51.31661240689051], [128.2954529927265, 51.3168821467926], [128.29459210916264, 51.31687696492427], [128.29458383493596, 51.31741644459086], [128.29415338820226, 51.31741385123428], [128.2941409688092, 51.31822307056407], [128.2962932409795, 51.31823602190124], [128.29628911367422, 51.318505761776535], [128.2971500280387, 51.318510931287925], [128.29715415029568, 51.31824119136306], [128.29758460504962, 51.31824377372117], [128.29758872471862, 51.31797403375881], [128.2984496293698, 51.31797919367996], [128.29845785842002, 51.31743971361811], [128.2997492007306, 51.31744744148773], [128.29975330758805, 51.31717770136364]], [[128.29543646420876, 51.31796110627355], [128.29544059643425, 51.31769136642241], [128.2963014953982, 51.31769654211245], [128.29629736822082, 51.3179662820132], [128.29543646420876, 51.31796110627355]], [[128.29673194497613, 51.31769912758471], [128.2967360695655, 51.31742938764642], [128.2975969638651, 51.31743455379591], [128.29730587784616, 51.31770257242043], [128.29673194497613, 51.31769912758471]]], [[[128.2914147596968, 51.31820660876569], [128.29170865252826, 51.317758778529665], [128.29199561901112, 51.31776051360773], [128.2918479824853, 51.31802938579606], [128.29213633453833, 51.31794120732194], [128.29228535265796, 51.317582421532734], [128.29113610546332, 51.317665393062306], [128.29070011005211, 51.318022439792905], [128.29026965800782, 51.318019832141665], [128.29012062273756, 51.31837861527264], [128.29040759298925, 51.318380354256306], [128.29054691712236, 51.318650963019344], [128.2906945632696, 51.318382092536936], [128.29155685930613, 51.318297389959945], [128.2914147596968, 51.31820660876569]]], [[[128.29598287281908, 51.319762823039184], [128.29612773859668, 51.31967377218615], [128.29598424925513, 51.319672909774155], [128.29598287281908, 51.319762823039184]]], [[[128.29555240399557, 51.31976023474028], [128.29454797698986, 51.31975418922415], [128.29440034883936, 51.320023064571444], [128.29454108067875, 51.32020375539013], [128.295403404099, 51.3201190246243], [128.29540615926473, 51.31993919812621], [128.295693139581, 51.31994092419716], [128.29555240399557, 51.31976023474028]]], [[[128.29841671061794, 51.32013711341809], [128.29712529315495, 51.32012937056973], [128.29712117045068, 51.32039911040548], [128.29626022074592, 51.32039394054714], [128.29625609292881, 51.32066368032058], [128.29496466127824, 51.320655913593704], [128.29496052582368, 51.32092565327995], [128.29582148524236, 51.32093083272953], [128.2958173547728, 51.321200572452696], [128.29624783710273, 51.321203159829274], [128.29639958537, 51.32066454241134], [128.29754752515524, 51.32067143280944], [128.29755164539893, 51.32040169296167], [128.29841259548698, 51.32040685332808], [128.29841671061794, 51.32013711341809]]], [[[128.29409542609366, 51.3211902071261], [128.29495639030503, 51.32119539295346], [128.29496052582368, 51.32092565327995], [128.2940995666614, 51.32092046750232], [128.29409542609366, 51.3211902071261]]], [[[128.29409542609366, 51.3211902071261], [128.29280398025804, 51.32118241651984], [128.29279983205245, 51.321452156056196], [128.29365941986134, 51.32154726461812], [128.29409128546175, 51.32145994673716], [128.29409542609366, 51.3211902071261]]], [[[128.2863342013643, 51.32195246735937], [128.2867646898505, 51.32195508961593], [128.28676887352964, 51.32168535045543], [128.28633838756804, 51.321682728224005], [128.2863342013643, 51.32195246735937]]], [[[128.29063908913966, 51.32197861873201], [128.29135379986138, 51.32216278819097], [128.29193055673167, 51.32198643329345], [128.29193471011519, 51.32171669383244], [128.29064325009708, 51.32170887934592], [128.29063908913966, 51.32197861873201]]], [[[128.28762984564725, 51.321690590172125], [128.28719935955604, 51.3216879711048], [128.28647351209207, 51.32222308075168], [128.28762566701738, 51.321960329382875], [128.28762984564725, 51.321690590172125]]], [[[128.28633001509564, 51.32222220648199], [128.2863342013643, 51.32195246735937], [128.2854732245866, 51.321947218100036], [128.28546903326864, 51.32221695717233], [128.28633001509564, 51.32222220648199]]], [[[128.28460805170147, 51.32221170153435], [128.28460385526913, 51.32248144054351], [128.2854648418857, 51.32248669623187], [128.28546903326864, 51.32221695717233], [128.28460805170147, 51.32221170153435]]], [[[128.28330817176064, 51.32274328406598], [128.28331237583222, 51.32247354514527], [128.2824513898667, 51.32246827363598], [128.28244718074563, 51.32273801250616], [128.28330817176064, 51.32274328406598]]], [[[128.28330817176064, 51.32274328406598], [128.28344606588047, 51.32310381392972], [128.28416496394908, 51.32301828825584], [128.2841691630363, 51.322748549297394], [128.28330817176064, 51.32274328406598]]], [[[128.30186458819486, 51.319887951286795], [128.3014341176586, 51.31988538459973], [128.30143002026216, 51.32015512469514], [128.300999547265, 51.32015255640149], [128.30100228055264, 51.31997272968906], [128.30042558336766, 51.32014912954911], [128.30056497182258, 51.320419726559265], [128.2997040210973, 51.320414582012766], [128.29969991347596, 51.32068432198411], [128.2992694356843, 51.32068174731319], [128.29926532547478, 51.320951487247136], [128.29753928447627, 51.32121091246678], [128.29753516404097, 51.321480652276364], [128.29710467899463, 51.32147806962113], [128.29710055597084, 51.321747809393216], [128.2962395810207, 51.321742639287024], [128.29623545288368, 51.32201237899682], [128.2958049629799, 51.32200979154582], [128.29580909364157, 51.32174005186084], [128.29494811907543, 51.32173487226229], [128.29494398336448, 51.322004611897604], [128.29408300400544, 51.32199942592108], [128.294078863181, 51.322269165493935], [128.29364837107303, 51.32226657010767], [128.29364422765966, 51.32253630964291], [128.29192224977155, 51.32252591217729], [128.29191809619493, 51.32279565160012], [128.29148759935902, 51.32279304825348], [128.2914834431932, 51.3230627876386], [128.28975728006526, 51.32332209760333], [128.2897531136711, 51.32359183686298], [128.2884616016012, 51.32358399811955], [128.2883139254209, 51.32385286543247], [128.28759641479473, 51.32384850350137], [128.28759223564668, 51.32411824261021], [128.28716172683238, 51.324115623316864], [128.28715754509457, 51.32438536238785], [128.28500079494353, 51.32464198099501], [128.28499240589306, 51.32518145882168], [128.28283560667097, 51.325438037330905], [128.28283139935732, 51.32570777608621], [128.2819703529235, 51.32570250080581], [128.2819577154399, 51.32651171684354], [128.28281877702514, 51.32651699227567], [128.28282298453442, 51.32624725355859], [128.28556223943815, 51.32545470047127], [128.28556643069408, 51.32518496154346], [128.28613905965483, 51.32527837444088], [128.2878722789737, 51.32456955310776], [128.28931010243838, 51.324398443158074], [128.28931427155126, 51.32412870396168], [128.29060579915836, 51.32413653336228], [128.29060163762045, 51.32440627263375], [128.29146266139776, 51.32441148437315], [128.2914668178857, 51.32414174505172], [128.29189732734602, 51.324144348523156], [128.2919014812446, 51.323874609163994], [128.29276249530844, 51.323879811310405], [128.29276664409275, 51.323610071888666], [128.294058158096, 51.323617863167215], [128.29405401688643, 51.323887602663675], [128.29362350962953, 51.32388500712809], [128.2936193658308, 51.32415474658693], [128.2927583464598, 51.32414955071943], [128.29275419754686, 51.32441929011571], [128.2918931733831, 51.32441408786955], [128.29188901935575, 51.32468382720323], [128.2914585048454, 51.324681223681864], [128.2914501915474, 51.32522070226108], [128.29058915261965, 51.32521549037175], [128.2905849908237, 51.32548522959228], [128.29087061873588, 51.32557688068485], [128.29273621818092, 51.3255881606858], [128.29317227017577, 51.32523110705269], [128.29360278999363, 51.325233704294945], [128.2936110780407, 51.3246942254664], [128.29519101096813, 51.32461382179517], [128.29490538030413, 51.32452218121319], [128.29491089536896, 51.324162528521725], [128.29576778414375, 51.324437448137644], [128.2957719153817, 51.32416770856726], [128.29706344588098, 51.32417546676907], [128.297071693015, 51.32363598744134], [128.29793270356768, 51.32364115156586], [128.29793682198903, 51.32337141183337], [128.29836732483625, 51.32337399149764], [128.29837144066892, 51.32310425172769], [128.29923244150498, 51.32310940626033], [128.29923655222422, 51.322839666428244], [128.3000975482655, 51.32284481458295], [128.30010165387142, 51.32257507468876], [128.30053214946275, 51.322577646368266], [128.30053625248033, 51.32230790643669], [128.30226231823735, 51.322048437192336], [128.30227459642205, 51.32123921698762], [128.3027050797076, 51.32124178063365], [128.30270916978444, 51.32097204051539], [128.30357013149654, 51.32097716301221], [128.30358647097415, 51.3198982022154], [128.30186868300342, 51.319618211154065], [128.30186458819486, 51.319887951286795]], [[128.29406229924135, 51.323348123658036], [128.2949233038481, 51.323353309883174], [128.2949191677525, 51.323623049442084], [128.294058158096, 51.323617863167215], [128.29406229924135, 51.323348123658036]], [[128.29493157584696, 51.32281383072714], [128.2970840632367, 51.322826768354254], [128.2970799398934, 51.323096508062676], [128.29621893969585, 51.323091337708625], [128.29621481123888, 51.32336107735475], [128.2949233038481, 51.323353309883174], [128.29493157584696, 51.32281383072714]], [[128.30184820832585, 51.320966911690455], [128.30184411319996, 51.321236651759556], [128.30141363004128, 51.321234084949445], [128.3014095323273, 51.32150382498121], [128.3005485611514, 51.321498686565604], [128.3005403554343, 51.3220381664924], [128.29924888399958, 51.32203044685557], [128.29924477347151, 51.32230018672586], [128.29838378778413, 51.32229503234148], [128.29837555643778, 51.322834511945025], [128.29708543767026, 51.322736855115274], [128.2970923097316, 51.3222872888992], [128.2979532950361, 51.322292452776146], [128.2979574131383, 51.322022712980015], [128.29838790336163, 51.32202529252061], [128.29839201887532, 51.321755552687016], [128.29925299446396, 51.32176070697255], [128.2992571048646, 51.32149096707681], [128.29968759022987, 51.32149354182179], [128.29969169804224, 51.32122380188863], [128.30055266391457, 51.32122894658311], [128.30055676661416, 51.3209592065879], [128.30141772769178, 51.320964344904965], [128.30142182527877, 51.320694604847745], [128.30271325979783, 51.32070230038438], [128.30270916978444, 51.32097204051539], [128.30184820832585, 51.320966911690455]], [[128.28339982509448, 51.32607094112247], [128.28325771781843, 51.32598015012083], [128.28340122644624, 51.32598102819989], [128.28339982509448, 51.32607094112247]], [[128.28426507767998, 51.32580646709919], [128.28412296949708, 51.32571567713975], [128.28426647732658, 51.325716554155534], [128.28426507767998, 51.32580646709919]], [[128.28830418379403, 51.3244822567642], [128.28816207165363, 51.3243914716697], [128.28830557547658, 51.32439234372104], [128.28830418379403, 51.3244822567642]]], [[[128.2828692628323, 51.3232801268298], [128.28344606588047, 51.32310381392972], [128.28287346955904, 51.32301038795983], [128.2828692628323, 51.3232801268298]]], [[[128.2893351161464, 51.32278000778862], [128.28933928487157, 51.322510268515785], [128.28976977886026, 51.322512879747954], [128.2897739449961, 51.322243140437365], [128.29005816304667, 51.32242470658279], [128.29063492811773, 51.32224835810538], [128.29063908913966, 51.32197861873201], [128.2889171332534, 51.32196817716777], [128.28891296213277, 51.32223791644102], [128.28848247079804, 51.322235302069714], [128.2884782970881, 51.322505041305156], [128.28761730956333, 51.322499807766135], [128.28761313073917, 51.32276954693866], [128.2871826345492, 51.322766927770886], [128.28717845313545, 51.32303666690555], [128.28545226734713, 51.32329591333409], [128.2854480757043, 51.32356565234269], [128.28415656557942, 51.32355776613455], [128.28400886436648, 51.323826627922045], [128.28329135482264, 51.32382223962145], [128.28328715042522, 51.32409197847846], [128.28285664226087, 51.324089343363276], [128.2828524352733, 51.324359082182276], [128.28112617601573, 51.32461826450355], [128.28112195879757, 51.32488800319586], [128.28069144338463, 51.32488536009374], [128.28068722357602, 51.32515509874796], [128.28197877758612, 51.325163023383624], [128.28198298981945, 51.32489328465341], [128.28284402110256, 51.32489855978206], [128.28284822822056, 51.32462882098854], [128.28327874143488, 51.324631456154265], [128.2832829459626, 51.32436171732274], [128.28500498937126, 51.324372242062566], [128.28500918373393, 51.32410250311738], [128.28543969222378, 51.32410513032165], [128.28544388399652, 51.32383539133853], [128.28630489612115, 51.32384064095019], [128.28630908277916, 51.323570901904], [128.28717009011356, 51.32357614513669], [128.2876047728965, 51.32330902524549], [128.28760895185022, 51.32303928609844], [128.28846855817986, 51.323134432804984], [128.2884741233134, 51.32277478052786], [128.2893351161464, 51.32278000778862]], [[128.28731637850285, 51.323397192316556], [128.2871742716569, 51.32330640602749], [128.28731777206292, 51.32330727927595], [128.28731637850285, 51.323397192316556]]], [[[128.2884365564299, 51.325202432959024], [128.28929759471194, 51.32520766067086], [128.28930176401872, 51.324937921512664], [128.28844073078687, 51.32493269385095], [128.2884365564299, 51.325202432959024]]], [[[128.28713663543317, 51.32573405755169], [128.28886429428144, 51.32538487368775], [128.28757551840667, 51.32519719891817], [128.28757133893473, 51.32546693796332], [128.28714081749513, 51.32546431854441], [128.28713663543317, 51.32573405755169]]], [[[128.2892809168386, 51.32628661717628], [128.29057250504877, 51.32629444717745], [128.29058082896324, 51.32575496880007], [128.28928925590455, 51.32574713894905], [128.2892809168386, 51.32628661717628]]], [[[128.2849672371811, 51.326799891995975], [128.28511494252712, 51.326531029151575], [128.28583249462596, 51.326535406445096], [128.28583668445825, 51.326265667551446], [128.28612230762243, 51.32635733019295], [128.28742225792863, 51.32582571702871], [128.28627558769816, 51.32572881391681], [128.286271400521, 51.325998552861094], [128.28541034799514, 51.32599330284676], [128.28540615570256, 51.326263041727955], [128.28497562701185, 51.326260414322164], [128.2848279217381, 51.32652927700349], [128.2841103698921, 51.32652489355649], [128.28410616989356, 51.3267946323366], [128.2849672371811, 51.326799891995975]], [[128.286271400521, 51.325998552861094], [128.28641351384098, 51.32608934022954], [128.28627000478082, 51.326088465839696], [128.286271400521, 51.325998552861094]]], [[[128.2892767472087, 51.326556356270785], [128.2892809168386, 51.32628661717628], [128.28841985835493, 51.32628138926393], [128.28841568367443, 51.32655112830831], [128.2892767472087, 51.326556356270785]]], [[[128.28281036181093, 51.32705646967161], [128.28410196982992, 51.32706437110396], [128.28410616989356, 51.3267946323366], [128.28281456945064, 51.32678673098002], [128.28281036181093, 51.32705646967161]]], [[[128.2849546519473, 51.32760910841113], [128.28624627609486, 51.32761698625928], [128.28625046366147, 51.32734724739142], [128.28495884709025, 51.32733936961882], [128.2849546519473, 51.32760910841113]]], [[[128.28309458175744, 51.32723805257475], [128.2819492901243, 51.32705119413831], [128.28194507736856, 51.3273209327666], [128.2815145390978, 51.327318292601106], [128.28151032375132, 51.327588031191326], [128.28064924235497, 51.32758274606259], [128.2806450218922, 51.32785248458939], [128.28193665166117, 51.32786040998492], [128.2819408645475, 51.327590671382126], [128.28280194633578, 51.3275959470166], [128.28309458175744, 51.32723805257475]]], [[[128.2849546519473, 51.32760910841113], [128.28409356950732, 51.327603848600454], [128.28408936924833, 51.3278735873296], [128.28365882560055, 51.32787095502546], [128.28365462275093, 51.32814069371662], [128.28494626146625, 51.328148585957535], [128.2849546519473, 51.32760910841113]]], [[[128.2827893226339, 51.328405162938516], [128.28365041983622, 51.328410432395046], [128.28365462275093, 51.32814069371662], [128.28279353059975, 51.32813542431061], [128.2827893226339, 51.328405162938516]]], [[[128.28192401261026, 51.32866962571686], [128.28278511460283, 51.32867490155368], [128.2827893226339, 51.328405162938516], [128.2814976773198, 51.32839724688554], [128.28149346171193, 51.328666985424796], [128.28063236011135, 51.328661700093356], [128.280623918597, 51.329201177032274], [128.28148503030016, 51.32920646246508], [128.28148924603872, 51.328936723951315], [128.28191979946268, 51.32893936426869], [128.28192401261026, 51.32866962571686]]], [[[128.29551131163404, 51.33180946166225], [128.2947922963517, 51.33189505639988], [128.2947853994387, 51.33234462165233], [128.29564657266997, 51.33234980320471], [128.29551131163404, 51.33180946166225]]], [[[128.29719377258573, 51.33442728705925], [128.2973386825248, 51.33433823510001], [128.29719514737434, 51.33433737399724], [128.29719377258573, 51.33442728705925]]], [[[128.2910047122976, 51.39130992218592], [128.29086933903062, 51.390769580249135], [128.29058191614016, 51.390767840661326], [128.2905874781686, 51.39040819239494], [128.28972382424283, 51.39049288152115], [128.28914201542966, 51.390938956218314], [128.2891364419632, 51.39129860433936], [128.28956618862338, 51.391391130828474], [128.28955504804625, 51.39211042705824], [128.29084848884813, 51.392118261129966], [128.29084431861747, 51.39238799726793], [128.29170661787882, 51.39239321210233], [128.29186143914637, 51.391674784072755], [128.29157956495277, 51.39131339860878], [128.2910047122976, 51.39130992218592]]], [[[128.28770200041913, 51.400371856480916], [128.28784713822643, 51.400282818146906], [128.28770339706088, 51.40028194462075], [128.28770200041913, 51.400371856480916]]], [[[128.28798669114292, 51.400553427089804], [128.28770060377013, 51.40046176833965], [128.28769781045048, 51.40064159205291], [128.28798669114292, 51.400553427089804]]], [[[128.29039494489342, 51.421429513664506], [128.29082497607413, 51.421522036165086], [128.29082636764434, 51.421432124570366], [128.29039494489342, 51.421429513664506]]], [[[128.29492346144642, 51.42622259831034], [128.29521249017242, 51.4261344164865], [128.29492484520736, 51.42613268670866], [128.29492346144642, 51.42622259831034]]], [[[128.29568968130397, 51.44187325000267], [128.29583770146482, 51.441604380090624], [128.29511834608718, 51.44160005723816], [128.2943948341913, 51.441865464027074], [128.29439206302388, 51.442045286723165], [128.29396044575398, 51.442042688203664], [128.29366715287298, 51.44240060029447], [128.29568968130397, 51.44187325000267]]], [[[128.35245168518574, 51.23304417150164], [128.35216650507857, 51.23295267075664], [128.35217534367092, 51.232323261198076], [128.35146430403833, 51.23195963289888], [128.3501778752606, 51.23177265241008], [128.34917027982223, 51.232126744552026], [128.34930462071134, 51.232756950067], [128.35015634379388, 51.23330121790138], [128.35158603780573, 51.233488992256554], [128.3523046765398, 51.23331312597541], [128.35245168518574, 51.23304417150164]]], [[[128.31460566335303, 51.244878309194924], [128.3128932781835, 51.24441865699702], [128.31260408638406, 51.24459680431285], [128.3124527864165, 51.245135451370366], [128.3130191197929, 51.24558838949021], [128.31388135096532, 51.245413601450124], [128.31387733726086, 51.24568334570463], [128.31430711588015, 51.245685864078126], [128.31474223945057, 51.24532872180066], [128.31460566335303, 51.244878309194924]]], [[[128.3002849727206, 51.31052667976565], [128.30042980095976, 51.310437623307685], [128.3002863402947, 51.31043676627523], [128.3002849727206, 51.31052667976565]]], [[[128.30084515162847, 51.31142924178808], [128.301416275954, 51.31161249316467], [128.3014203721811, 51.311342752674385], [128.30099134788452, 51.31125027116645], [128.30099817895854, 51.310800703688315], [128.30056916057035, 51.31070822064788], [128.30100227751825, 51.31053096318446], [128.3002822375511, 51.31070650674225], [128.29999941898572, 51.310435051683164], [128.29942557645262, 51.310431620390496], [128.29898834407055, 51.31087861239058], [128.29912084705805, 51.31159877866994], [128.30084515162847, 51.31142924178808]]], [[[128.3028563703393, 51.31126138778089], [128.30257489626842, 51.31090002536549], [128.30171548813772, 51.31080498275528], [128.30185212733102, 51.31125540560169], [128.30155974032002, 51.31161334882696], [128.30227024348028, 51.31206719204006], [128.3028563703393, 51.31126138778089]]], [[[128.3011266152684, 51.31179060828844], [128.30141491053087, 51.3117024066586], [128.3011279812593, 51.311700694801395], [128.3011266152684, 51.31179060828844]]], [[[128.30170047496117, 51.3117940313109], [128.30141217966343, 51.311882233642216], [128.30169911008463, 51.31188394480747], [128.30170047496117, 51.3117940313109]]], [[[128.2988106196289, 51.31312558956116], [128.30082328629433, 51.31286785739143], [128.30039288154805, 51.312865287126584], [128.29996795009723, 51.312503061479006], [128.30011415320902, 51.31232409201138], [128.29982722013955, 51.31232237695281], [128.29983132578786, 51.31205263658682], [128.298827066155, 51.312046628404026], [128.2988106196289, 51.31312558956116]]], [[[128.30412033772706, 51.313067337262545], [128.30454938533722, 51.31315980736811], [128.30455074470493, 51.31306989383678], [128.30412033772706, 51.313067337262545]]], [[[128.30512462077374, 51.31307330014219], [128.30526673184266, 51.31316406482416], [128.3052680898085, 51.31307415127923], [128.30512462077374, 51.31307330014219]]], [[[128.30469285462428, 51.31316065921079], [128.30425972690622, 51.313337930203105], [128.3041094558597, 51.31378664540825], [128.30382251342346, 51.31378494010316], [128.30381707007803, 51.314144594120286], [128.30468334081652, 51.313790053909585], [128.30539933942896, 51.31388422411854], [128.3055346660871, 51.31442455613327], [128.30639279409928, 51.31460948449034], [128.30667432066912, 51.31497083770159], [128.30739304963953, 51.31488516869162], [128.30739846516957, 51.3145255144479], [128.30768676574687, 51.314437297439675], [128.30683134557043, 51.3140725514335], [128.3062547446607, 51.314248980539155], [128.30569578269845, 51.31325653074069], [128.305404770353, 51.31352456996468], [128.30512326252756, 51.31316321368441], [128.30483632391838, 51.31316151087772], [128.30497435904306, 51.31352201651279], [128.30468605908243, 51.31361022685986], [128.30469285462428, 51.31316065921079]]], [[[128.34842710887483, 51.31512064275561], [128.34756497345583, 51.31520576466216], [128.34756114726466, 51.31547550753754], [128.3487051501508, 51.31575163898789], [128.34842710887483, 51.31512064275561]]], [[[128.30319278302323, 51.317467979539764], [128.30405367923055, 51.317473098234494], [128.30404551580602, 51.3180125789365], [128.3049064223627, 51.31801769140195], [128.30487788372355, 51.319905873801204], [128.3057388258725, 51.31991098028192], [128.3057347537201, 51.32018072062273], [128.30616522741366, 51.32018327151458], [128.3061570879685, 51.320722752206926], [128.30701398087456, 51.320997589718395], [128.30699365608876, 51.322346291407314], [128.30871563278413, 51.322356467279505], [128.3087196877684, 51.32208672686959], [128.30915017957471, 51.32208926685802], [128.30944122486076, 51.321821218841485], [128.31087618972572, 51.321829670446526], [128.310880231961, 51.32155992988956], [128.3091582843053, 51.32154978595135], [128.3091623365764, 51.321280045478915], [128.31002330522955, 51.321285120563495], [128.31003139948504, 51.320745639483164], [128.31089235829086, 51.32075070814235], [128.31089640027548, 51.32048096753451], [128.3113268772479, 51.32048349946679], [128.3113430344624, 51.31940453681106], [128.3100516340261, 51.31939693655967], [128.31007186699915, 51.31804823331811], [128.31050232112744, 51.31805076819566], [128.31051040882946, 51.31751128676137], [128.31007995974937, 51.31750875193243], [128.3100840060304, 51.31723901122051], [128.31051445258646, 51.317241546025144], [128.31051849628076, 51.3169718052762], [128.30836627674793, 51.316959115556415], [128.30837033299935, 51.31668937491641], [128.30923121557626, 51.31669445550102], [128.309235266717, 51.31642471479958], [128.3083743891879, 51.316419634263674], [128.3083784453136, 51.31614989359821], [128.306226265211, 51.316137164699434], [128.3062344025119, 51.31559768357441], [128.3053735410072, 51.31559258104045], [128.3053653936111, 51.316132062067624], [128.30493495790583, 51.3161295083791], [128.3049268052094, 51.3166689893064], [128.3040659238929, 51.31666387708603], [128.30407408668484, 51.31612439625675], [128.30306973724683, 51.31611842411738], [128.3037925736315, 51.315763036917296], [128.30322547457308, 51.31531005661524], [128.30451947747136, 51.31513790469968], [128.3048091463056, 51.31495978131632], [128.30481458205276, 51.31460012727385], [128.30352604116146, 51.314412628572086], [128.30251763899832, 51.314676392286216], [128.3028004983179, 51.3149478412244], [128.30236598274354, 51.31521501852977], [128.302505367967, 51.31548561344466], [128.30193009751693, 51.3155721076356], [128.3020667525204, 51.31602252992793], [128.30277869139195, 51.31638645655746], [128.30277051333002, 51.31692593721401], [128.3032009562907, 51.316928498885], [128.30319278302323, 51.317467979539764]], [[128.30929637790118, 51.321910286200605], [128.30915423197143, 51.32181952641105], [128.3092977284126, 51.321820372714164], [128.30929637790118, 51.321910286200605]], [[128.30917044093016, 51.3207405644959], [128.30917449301282, 51.32047082398532], [128.3100354465187, 51.32047589892391], [128.31003139948504, 51.320745639483164], [128.30917044093016, 51.3207405644959]], [[128.30250945837417, 51.31521587307123], [128.30265157083025, 51.3153066408989], [128.30250809491216, 51.31530578653045], [128.30250945837417, 51.31521587307123]], [[128.3022102306607, 51.31602338484548], [128.30235507260684, 51.315934326142084], [128.30235370880808, 51.31602423958727], [128.3022102306607, 51.31602338484548]]], [[[128.2997286654885, 51.31879614191733], [128.2997327726642, 51.31852640185688], [128.30059368804908, 51.31853154605812], [128.30059779011285, 51.31826180593562], [128.30188915609435, 51.31826951029946], [128.3018973448865, 51.31773002986852], [128.3006059940496, 51.317722325652404], [128.300601892113, 51.31799206580037], [128.29974098682473, 51.317986921697766], [128.2997368797763, 51.31825666178369], [128.2993064247035, 51.31825408733492], [128.29930231506728, 51.31852382738343], [128.2975763655201, 51.31878325360767], [128.29757224565952, 51.319052993531834], [128.29714178333302, 51.319050411099454], [128.29713766088435, 51.31932015098611], [128.29541580212054, 51.31930980533826], [128.29541166951077, 51.319579545113015], [128.29612911474513, 51.31958385891695], [128.29626847618815, 51.319854460962055], [128.2971294157953, 51.319859630721254], [128.29713353837178, 51.31958989086005], [128.29756400574686, 51.31959247334196], [128.29756812573513, 51.31932273344326], [128.29842905562822, 51.319327893611764], [128.2984331705041, 51.31905815365087], [128.29929409560373, 51.31906330744225], [128.29929820536736, 51.31879356741919], [128.2997286654885, 51.31879614191733]]], [[[128.30260385503732, 51.31845361117619], [128.30217476212763, 51.31836113385259], [128.30174021049945, 51.3186283085435], [128.30188096704836, 51.318808990679486], [128.3014505066093, 51.31880642409086], [128.3014464094669, 51.31907616423717], [128.2997204509461, 51.31933562200007], [128.29971634357938, 51.31960536202233], [128.3005772791583, 51.31961050642087], [128.30058138147635, 51.319340766349264], [128.30187277774854, 51.3193484710086], [128.3018768724302, 51.319078730850414], [128.30273779854713, 51.31908385933112], [128.30260385503732, 51.31845361117619]]], [[[128.29971634357938, 51.31960536202233], [128.2992858758854, 51.31960278745015], [128.2992817659307, 51.319872527435], [128.29971223614902, 51.31987510203187], [128.29971634357938, 51.31960536202233]]], [[[128.29841671061794, 51.32013711341809], [128.29927765591225, 51.32014226740713], [128.2992817659307, 51.319872527435], [128.29842082568516, 51.31986737349539], [128.29841671061794, 51.32013711341809]]], [[[128.31218379696932, 51.320758299265975], [128.31218783138047, 51.320488558585346], [128.3113268772479, 51.32048349946679], [128.31132283778774, 51.32075324009892], [128.31218379696932, 51.320758299265975]]], [[[128.3086872461344, 51.32424464979254], [128.30869941221857, 51.32343542879187], [128.30783840354638, 51.323430343824974], [128.3078262223124, 51.32423956467938], [128.3086872461344, 51.32424464979254]]], [[[128.30506703453622, 51.326381340548316], [128.30492624253887, 51.32620066233848], [128.30492352398971, 51.32638048900862], [128.30506703453622, 51.326381340548316]]], [[[128.29821773963755, 51.33317452783843], [128.29849656962057, 51.333715725944195], [128.29792243669402, 51.33371228618253], [128.29806871600297, 51.333533320205674], [128.2974959595634, 51.33343996527405], [128.29763537027335, 51.33371056524654], [128.29734830388105, 51.33370884360712], [128.2972006464577, 51.333977721735096], [128.29748084345525, 51.33442900909443], [128.29718964817735, 51.33469702623676], [128.2976216309865, 51.33460969598449], [128.29761613507293, 51.33496934824007], [128.29732906082054, 51.3349676265236], [128.29746710079309, 51.33532813969171], [128.29775829849436, 51.33506012189762], [128.29818616502197, 51.335242528772426], [128.29803988066405, 51.33542149482465], [128.29947526660126, 51.335430087716254], [128.29962291549546, 51.33516120675439], [128.30120046466584, 51.33526054972321], [128.3013399026457, 51.33553114530727], [128.30104872273193, 51.33579917205205], [128.30133033532064, 51.336160537140046], [128.30276847328582, 51.335989263514506], [128.30247729873992, 51.336257293810235], [128.30362699169646, 51.33617421295403], [128.30405489205128, 51.33635659848568], [128.30407667459514, 51.334917987695384], [128.3047943605362, 51.33492224932495], [128.30507599735523, 51.33528360555345], [128.3053630740548, 51.335285308292505], [128.305215458265, 51.33555419661006], [128.30607805101153, 51.33546938849586], [128.3062297329452, 51.33493075939395], [128.30666034480475, 51.33493330898523], [128.30736990187597, 51.335477034250694], [128.3069325058698, 51.33592405338904], [128.3060699060978, 51.33600886776238], [128.30635563043884, 51.33610048129429], [128.3063515595507, 51.33637022092053], [128.30764343580847, 51.33637786375393], [128.30807270774613, 51.33647032143776], [128.30821218986657, 51.33674090895225], [128.30892990489872, 51.33674514535171], [128.30893801645857, 51.33620566582759], [128.3095148834233, 51.33602922517538], [128.30894207214416, 51.335935926046425], [128.30894883148045, 51.335486359716235], [128.3082379022808, 51.33503255720851], [128.30824196190488, 51.33476281741284], [128.30867392472598, 51.334675446325214], [128.3085412089857, 51.33395529286899], [128.3089718119174, 51.33395783392923], [128.30897992217783, 51.333418354142175], [128.30941457262912, 51.33315115363399], [128.30942267745982, 51.33261167372189], [128.30913696855302, 51.332520067675695], [128.31014572567116, 51.3322562491073], [128.3107306275186, 51.33154032202429], [128.31044492261282, 51.33144871916698], [128.31045031747192, 51.3310890657148], [128.30988701425792, 51.33036637777732], [128.3086047722056, 51.32972936688999], [128.30831637719396, 51.329817585570915], [128.30861018112856, 51.32936971347099], [128.30817962120352, 51.329367171242424], [128.30819585740434, 51.3282882109472], [128.3086264072266, 51.32829075307828], [128.30864263231854, 51.32721179248199], [128.30950371194731, 51.32721687180198], [128.3095158649537, 51.32640765107507], [128.31052448547769, 51.326143828453866], [128.31038906697077, 51.325603502932275], [128.31067608355184, 51.32560519242534], [128.3106787795283, 51.32542536551292], [128.30780591899702, 51.325588265848914], [128.307814040512, 51.32504878541926], [128.30738352112013, 51.325046240416164], [128.30737945786896, 51.32531598061294], [128.30651841422392, 51.325310885811106], [128.30651434585937, 51.325580625946316], [128.30579952052835, 51.32539654867441], [128.30565058177112, 51.32575535148359], [128.30507247048413, 51.32602168719153], [128.30520646889684, 51.32665193192313], [128.30348024625926, 51.326911443754724], [128.3034761598383, 51.32718118364211], [128.30304562087576, 51.327178622619996], [128.30303744279283, 51.327718102307486], [128.30217635495606, 51.327712975417825], [128.30216816651736, 51.32825245495609], [128.30173761764303, 51.32824988908845], [128.30173352080286, 51.328519628813886], [128.30087241819353, 51.32851449228206], [128.30086421421998, 51.32905397159625], [128.30000310176234, 51.329048828636004], [128.2999948874315, 51.329588307800655], [128.29956432624667, 51.32958573389745], [128.2995602164599, 51.32985547343601], [128.2986990892298, 51.32985032083268], [128.29868674433203, 51.33065953922375], [128.29782560220184, 51.33065438014193], [128.2978214820564, 51.33092411953069], [128.29739090856117, 51.33092153759117], [128.29724326049967, 51.33119041593601], [128.2972377622972, 51.331550068373566], [128.29752344119507, 51.331641703343976], [128.2973689199011, 51.33236014731752], [128.2979430358722, 51.3323635897279], [128.29823283921405, 51.332185483648985], [128.29809617532135, 51.331735058083886], [128.29867028357523, 51.331738496900286], [128.2986538217977, 51.33281745437314], [128.29779126570497, 51.332902207992625], [128.29778714502726, 51.33317194727531], [128.29821773963755, 51.33317452783843]], [[128.30535813093823, 51.326113303068496], [128.30564922393808, 51.32584526484004], [128.30564515039686, 51.326115004900885], [128.30535813093823, 51.326113303068496]], [[128.29951500460058, 51.33282260751997], [128.2995108940492, 51.333092346905794], [128.2986524499368, 51.3329073674867], [128.2986538217977, 51.33281745437314], [128.29951500460058, 51.33282260751997]], [[128.30750666752252, 51.33592744909436], [128.30736448206827, 51.33583668719844], [128.3075080222112, 51.33583753585824], [128.30750666752252, 51.33592744909436]], [[128.30035155371078, 51.33444619075608], [128.3015039376856, 51.33418330428669], [128.30165430274198, 51.333734594337386], [128.3013467362374, 51.335081579670025], [128.30034197322342, 51.33507558257346], [128.30035155371078, 51.33444619075608]], [[128.30249503724858, 51.33508842294254], [128.3026426673973, 51.33481953808706], [128.30292837745534, 51.33491115994297], [128.30292565024413, 51.3350909862679], [128.30249503724858, 51.33508842294254]], [[128.30666170110084, 51.334843395749836], [128.3062324472147, 51.33475093293806], [128.30666305738987, 51.334753482513044], [128.30666170110084, 51.334843395749836]], [[128.29949171063362, 51.33435113053791], [128.2993509165111, 51.3341704458624], [128.29949445120653, 51.33417130432172], [128.29949171063362, 51.33435113053791]], [[128.3013740688386, 51.33328331676744], [128.30195092768952, 51.33310691324859], [128.3019550239253, 51.332837173723114], [128.30166796272232, 51.33283546268998], [128.30168162199675, 51.331936330901144], [128.30325906527844, 51.332035645793404], [128.3035542949594, 51.331497873562896], [128.3042719274264, 51.3315021381918], [128.3047065868475, 51.331234955101635], [128.30542285684382, 51.331329125923325], [128.3055718158555, 51.33097032382009], [128.30600239055764, 51.33097287569048], [128.30599696092335, 51.33133252881237], [128.3045548997007, 51.331773582548905], [128.3041161508655, 51.332310504715366], [128.30425015365066, 51.33294074988539], [128.30497324674718, 51.33258535739208], [128.305539216157, 51.33312824201635], [128.30381275179178, 51.33338775754388], [128.30380049535606, 51.334196976325224], [128.3029392860182, 51.33419185458667], [128.30294337661294, 51.33392211505473], [128.30251277456557, 51.333919551835876], [128.30251686762335, 51.33364981231578], [128.30165566877176, 51.33364468117902], [128.3013740688386, 51.33328331676744]], [[128.3081065458395, 51.334222490051694], [128.30811060611694, 51.33395275022599], [128.30839767468913, 51.33395444549719], [128.308393616096, 51.334224185339146], [128.3081065458395, 51.334222490051694]], [[128.30597524126387, 51.33277114107371], [128.30670103063784, 51.33223591130873], [128.30656021449155, 51.33205523515074], [128.3072778561161, 51.33205948139716], [128.30728598570542, 51.33152000162708], [128.3064248258815, 51.33151490570153], [128.30642889563376, 51.33124516584626], [128.30729005040556, 51.33125026172294], [128.3072941150427, 51.33098052180609], [128.30758116500533, 51.33098221900862], [128.3075743933818, 51.33143178555676], [128.30786279995647, 51.33134356877079], [128.30785873860344, 51.33161330870323], [128.3082879665796, 51.33170576550614], [128.30842608307935, 51.33206626624724], [128.30813496645973, 51.33233431100459], [128.30812684659725, 51.332873790795944], [128.30726566125946, 51.332868700956865], [128.3072615961812, 51.33313844078466], [128.30683100108052, 51.333135893466654], [128.30683506868507, 51.33286615366329], [128.3065493634194, 51.332774541323104], [128.30597524126387, 51.33277114107371]], [[128.31000354626113, 51.332165490381215], [128.30986271730922, 51.331984818143056], [128.31000624550023, 51.331985663696784], [128.31000354626113, 51.332165490381215]], [[128.30815661819557, 51.330895697978825], [128.30816338399592, 51.330446131334064], [128.30873612535765, 51.330539434093104], [128.30858719243392, 51.33089824034553], [128.30815661819557, 51.330895697978825]], [[128.30859530632142, 51.33035876031882], [128.3085980108947, 51.330178933631935], [128.3088850559313, 51.33018062762054], [128.30888235248065, 51.33036045431825], [128.30859530632142, 51.33035876031882]], [[128.30730630857605, 51.330171301979185], [128.30745254006368, 51.32999232399479], [128.30817014962145, 51.329996564653946], [128.30816744339222, 51.33017639133024], [128.30730630857605, 51.330171301979185]], [[128.30603496600668, 51.328814956484095], [128.30603903765373, 51.32854521652604], [128.3051779337774, 51.32854011164322], [128.3051860869846, 51.32800063178683], [128.30561663384003, 51.32800318497049], [128.3056207078233, 51.32773344499873], [128.30648179667241, 51.327738546569876], [128.3064655205652, 51.32881750657627], [128.30603496600668, 51.328814956484095]], [[128.3056302135387, 51.32710405168178], [128.30563700312493, 51.326654484984395], [128.30649807177045, 51.32665958635989], [128.30648993434758, 51.327199066490344], [128.3056302135387, 51.32710405168178]]], [[[128.30325906527844, 51.332035645793404], [128.30340123089323, 51.33212641265554], [128.30340259342776, 51.332036499438935], [128.30325906527844, 51.332035645793404]]], [[[128.29735242721293, 51.333439104374655], [128.29749870785437, 51.33326013910649], [128.2973551760653, 51.333259278212616], [128.29735242721293, 51.333439104374655]]], [[[128.30706655735983, 51.336554295135436], [128.30735499713518, 51.33646607980257], [128.3070679129398, 51.336464381917345], [128.30706655735983, 51.336554295135436]]], [[[128.32254609296217, 51.35768635765798], [128.32369893628425, 51.35742325557248], [128.3235460578325, 51.35805181890426], [128.32383327793355, 51.35805347689999], [128.3238359255212, 51.357873650496714], [128.32426807697772, 51.3577862229426], [128.32383857308145, 51.357693824087775], [128.3239848289885, 51.357514826391146], [128.32499008779925, 51.35752062248848], [128.3249953737878, 51.35716096955766], [128.32542619572178, 51.35716345092747], [128.32528523023254, 51.35698279749575], [128.3258609770772, 51.35689619095268], [128.3260098615062, 51.356537364143605], [128.32644067768064, 51.35653984176179], [128.32673184265494, 51.35627175278951], [128.3270309088573, 51.35546418329826], [128.3257371706771, 51.35554666558773], [128.32558564686448, 51.356085318643785], [128.3250112310976, 51.356082010629635], [128.3252971181246, 51.35617357824577], [128.32515087163708, 51.35635257765618], [128.32443152528217, 51.35643835275569], [128.3244341703748, 51.3562585262804], [128.3241469614627, 51.356256869798685], [128.32385313417353, 51.35670477873769], [128.32428527457841, 51.356617351061914], [128.32428262886893, 51.35679717752064], [128.32270296171515, 51.3567880560481], [128.3225500718409, 51.35741661810561], [128.32139855075985, 51.35758979570122], [128.32125095571834, 51.35785870328457], [128.32182672097926, 51.35777211664903], [128.32182406553437, 51.35795194298083], [128.32239717770221, 51.35804517988073], [128.32254609296217, 51.35768635765798]], [[128.32602173644256, 51.35572814471118], [128.32587945327873, 51.35563740523552], [128.3260230558458, 51.35563823143385], [128.32602173644256, 51.35572814471118]]], [[[128.32168178386445, 51.35786119844689], [128.32153684618748, 51.357950280062006], [128.3216804558575, 51.35795111160943], [128.32168178386445, 51.35786119844689]]], [[[128.31611814277343, 51.38426553264639], [128.31640418689008, 51.38435712211275], [128.31640552648972, 51.38426720945623], [128.31611814277343, 51.38426553264639]]], [[[128.32767036760288, 51.41967100281309], [128.32795929260686, 51.41958273977006], [128.3276730059699, 51.41949117816949], [128.32767036760288, 51.41967100281309]]], [[[128.32824426232742, 51.4197642130044], [128.3275239254639, 51.419850002539505], [128.32751996697488, 51.42011973947795], [128.3285279167833, 51.420035597879824], [128.32824426232742, 51.4197642130044]]], [[[128.32881420853917, 51.420127157402554], [128.328955379807, 51.42030780540566], [128.32895801319154, 51.42012798073438], [128.32881420853917, 51.420127157402554]]], [[[128.32967572127723, 51.42022200709696], [128.3289540631045, 51.4203977177392], [128.3283788411506, 51.42039442332185], [128.32837488761677, 51.42066416028236], [128.32880630661109, 51.42066663138368], [128.328802355555, 51.42093636835518], [128.3283709340216, 51.42093389723015], [128.328366980365, 51.421203634165245], [128.33095552572019, 51.42121843724223], [128.33095158723748, 51.42148817430668], [128.3326772955215, 51.421498011365045], [128.33267336713465, 51.42176774851117], [128.33353622672135, 51.42177265756115], [128.33353230335211, 51.42204239474169], [128.33396373577617, 51.422044846908605], [128.33395981488536, 51.42231458409997], [128.33568164455326, 51.422594114256746], [128.33567773369836, 51.42286385151668], [128.3361091740446, 51.42286629581521], [128.33610135723163, 51.42340577034392], [128.33768592373332, 51.42323489446456], [128.33640461416016, 51.42232844985469], [128.33611568786998, 51.42241673366915], [128.3361195960843, 51.422146996364596], [128.3354083648714, 51.421603447186875], [128.3354122771357, 51.421333709883335], [128.33498085128025, 51.42133126307152], [128.33498476602304, 51.421061525778754], [128.33139088604273, 51.420951161764016], [128.32967572127723, 51.42022200709696]], [[128.32996070178623, 51.42040347617791], [128.32981426619986, 51.42058247876742], [128.32981689623983, 51.42040265407302], [128.32996070178623, 51.42040347617791]]], [[[128.3382585852673, 51.42341796825363], [128.33696424826408, 51.42341065427129], [128.3369564413666, 51.42395012884295], [128.3378193427998, 51.42395500651261], [128.33781154581843, 51.42449448112708], [128.3382430017052, 51.42449691762688], [128.3382585852673, 51.42341796825363]]], [[[128.33823910566338, 51.42476665493845], [128.33910202269774, 51.42477152322109], [128.3392510290346, 51.424412684159755], [128.3382430017052, 51.42449691762688], [128.33823910566338, 51.42476665493845]]], [[[128.33924584222697, 51.42477233398401], [128.33923935856643, 51.42522189623257], [128.33967082142735, 51.4252243275016], [128.33967470910406, 51.424954590133375], [128.33924584222697, 51.42477233398401]]], [[[128.33923287473806, 51.42567145844588], [128.33952051946065, 51.425673079494274], [128.3395244080846, 51.425403342154965], [128.33923806181417, 51.42531180867806], [128.33923287473806, 51.42567145844588]]], [[[128.338938743224, 51.426119398843845], [128.3393676214298, 51.42630165611584], [128.33937410408208, 51.42585209393894], [128.3390877553188, 51.42576056009287], [128.338938743224, 51.426119398843845]]], [[[128.29722876419896, 51.42596668187422], [128.29737396516995, 51.42587763236995], [128.2972301434232, 51.4258767702241], [128.29722876419896, 51.42596668187422]]], [[[128.34432555221773, 51.431634753384316], [128.34504732971124, 51.43145894886472], [128.3438966043807, 51.43145251416886], [128.34389402857494, 51.431632339034344], [128.34346250499212, 51.431629923096075], [128.34374761097695, 51.43181135875277], [128.3433135076027, 51.431988767103206], [128.34417784893196, 51.43190368608058], [128.34432555221773, 51.431634753384316]]], [[[128.34946680772876, 51.434271064512316], [128.34990090918606, 51.434093633437335], [128.34990473784956, 51.433823895928185], [128.34875011655083, 51.43408724615077], [128.34874628105152, 51.43435698358592], [128.34932551281554, 51.434090441206], [128.34946680772876, 51.434271064512316]]], [[[128.34024231076864, 51.435478388151736], [128.340382279, 51.43574893455465], [128.34038616394955, 51.43547919763482], [128.34024231076864, 51.435478388151736]]], [[[128.34699187936835, 51.43632545484575], [128.34627388274137, 51.436231533743], [128.34554946474228, 51.436587170192674], [128.34612232451866, 51.43677020585394], [128.34699187936835, 51.43632545484575]]], [[[128.34482246284173, 51.43712262683382], [128.34540560793243, 51.436586367032845], [128.3448288944565, 51.43667306499951], [128.34482632183057, 51.43685288973746], [128.343963176188, 51.436848062789224], [128.3431038998804, 51.43657349247025], [128.3429561732418, 51.436842423318375], [128.34353031459227, 51.436935559275895], [128.34367030665882, 51.43720610177101], [128.3439593121161, 51.43711779983926], [128.34395158379223, 51.437657273901266], [128.34438058974138, 51.4378395129307], [128.34482246284173, 51.43712262683382]], [[128.34424059156873, 51.43756897129111], [128.34438573864847, 51.437479863542045], [128.3443844514317, 51.43756977589133], [128.34424059156873, 51.43756897129111]]], [[[128.3423639580056, 51.438008056970176], [128.34250911011517, 51.43791895156928], [128.3423652492094, 51.43791814466404], [128.3423639580056, 51.438008056970176]]], [[[128.34293682263, 51.43819110817105], [128.34307939459794, 51.43828182669277], [128.34308068440976, 51.43819191437795], [128.34293682263, 51.43819110817105]]], [[[128.34252387404192, 51.44691098244837], [128.34209091442543, 51.446998473120686], [128.34209479087076, 51.446728736628806], [128.34166183217556, 51.44681622572252], [128.3413805222123, 51.446365048682225], [128.340517197843, 51.44636019573021], [128.33894612180293, 51.44554207305231], [128.33778854123278, 51.445985137726254], [128.33821889989704, 51.44607748713684], [128.3383549895733, 51.44661777184712], [128.3387866539685, 51.44662020708672], [128.33878275804724, 51.44688994340415], [128.3405055405947, 51.4471694049625], [128.3405016547245, 51.44743914134789], [128.34266001695923, 51.447451262274754], [128.34281036164055, 51.44700250806779], [128.34252129142027, 51.44709080678756], [128.34252387404192, 51.44691098244837]]], [[[128.34306137884082, 51.459592618648855], [128.34262959171542, 51.45959019871583], [128.34262830003013, 51.45968011069249], [128.34305879716013, 51.45977244261624], [128.34306137884082, 51.459592618648855]]], [[[128.29832374592098, 51.467156418356815], [128.29818255317957, 51.46697573481996], [128.2970295642429, 51.4670587477629], [128.29688008530363, 51.4674175287312], [128.29702127423178, 51.46759821380833], [128.2978849915395, 51.46760338853658], [128.29832374592098, 51.467156418356815]]], [[[128.33964708133706, 51.47674798812176], [128.33921513255322, 51.47674555504312], [128.3393630121576, 51.476476631278594], [128.3390737485664, 51.47656492036352], [128.33893366541483, 51.47629437385964], [128.33892716673094, 51.47674393210689], [128.33935651765196, 51.476926189550696], [128.33920733730685, 51.477285024924456], [128.33992855828086, 51.477199167593206], [128.33964708133706, 51.47674798812176]]], [[[128.34437491570986, 51.48846396700191], [128.34451764638314, 51.488554683564956], [128.34451893568675, 51.48846477199954], [128.34437491570986, 51.48846396700191]]], [[[128.3440701032615, 51.48963120661626], [128.34449572719927, 51.490083179961516], [128.34448541162095, 51.49080247224247], [128.34505636763618, 51.49116533688024], [128.34504606048128, 51.491884629108306], [128.34533025844271, 51.49215597193164], [128.34562089632664, 51.49197775642457], [128.34576106634685, 51.492248294527585], [128.34576621441872, 51.49188864839592], [128.34547815282374, 51.49188704121144], [128.34577264935854, 51.49143909069963], [128.3454871656587, 51.491257660462786], [128.3453598777913, 51.49008800651172], [128.3447850662206, 51.489994877972336], [128.34507440412895, 51.489906575264094], [128.34478764390195, 51.48981505487489], [128.34494068783917, 51.4891864784771], [128.3446526433202, 51.489184869324845], [128.34480568692345, 51.48855629303485], [128.34451635707285, 51.48864459512898], [128.34408558562282, 51.488552268033864], [128.3440701032615, 51.48963120661626]], [[128.34451635707285, 51.48864459512898], [128.34465651050158, 51.48891513464622], [128.34451248910185, 51.48891432981256], [128.34451635707285, 51.48864459512898]], [[128.34548201550734, 51.49161730661333], [128.3453405612253, 51.491436679696214], [128.34548459059636, 51.49143748354088], [128.34548201550734, 51.49161730661333]]], [[[128.34560544831112, 51.49305669470414], [128.34589995124205, 51.49260874398421], [128.34517720954378, 51.49278454850352], [128.34502029072428, 51.49368285928385], [128.34545368776617, 51.493595360038285], [128.34560544831112, 51.49305669470414]]], [[[128.37182092982604, 51.22011094388582], [128.37182460123168, 51.219841195313926], [128.37153823930782, 51.21983965790523], [128.37167897211134, 51.22002025907493], [128.36953125002654, 51.22000870873082], [128.36966583537986, 51.22063889301668], [128.36937946862548, 51.22063735030895], [128.36922891192634, 51.22117607548167], [128.37051635112434, 51.22127293000706], [128.37095080949152, 51.22091557502059], [128.3718111391334, 51.22083027334886], [128.37225047526923, 51.22011324870727], [128.37182092982604, 51.22011094388582]], [[128.37152477107367, 51.220828735886165], [128.37138281174867, 51.22073805072148], [128.37152599549017, 51.22073881971313], [128.37152477107367, 51.220828735886165]]], [[[128.38232734881115, 51.22682114342302], [128.38232012690824, 51.227360640983434], [128.38203251352056, 51.22744904534765], [128.38188087693328, 51.228077702835144], [128.38130081564518, 51.2286141735229], [128.38129599275823, 51.228973838388406], [128.38272327688432, 51.22934106494513], [128.382725682809, 51.22916123247817], [128.3840217772748, 51.22862852543131], [128.38416978630818, 51.22826961396178], [128.38388577272028, 51.22808827404352], [128.38375577567655, 51.227098441055404], [128.38347056948444, 51.22700701640779], [128.38348018058352, 51.226287686116535], [128.38305057675217, 51.226285422316266], [128.3830433634429, 51.22682491999979], [128.38275936314886, 51.22664357734879], [128.38232734881115, 51.22682114342302]], [[128.38290016050414, 51.22682416503483], [128.38275575477368, 51.22691332616551], [128.3827569575716, 51.226823409894685], [128.38290016050414, 51.22682416503483]]], [[[128.37826147872545, 51.27346927604917], [128.37740260752062, 51.27337479011498], [128.37696770082647, 51.27373216432161], [128.3779687124714, 51.27391733059113], [128.37826147872545, 51.27346927604917]]], [[[128.38889567476295, 51.28233760137965], [128.3878980210575, 51.281882781517766], [128.3883173949019, 51.282694268829495], [128.3887451381535, 51.28287634606507], [128.38889567476295, 51.28233760137965]], [[128.3887511056374, 51.282426768514725], [128.3884631597573, 51.28251518673296], [128.38846554783964, 51.282335355715325], [128.3887511056374, 51.282426768514725]]], [[[128.39068698435798, 51.28783216016824], [128.39211378983669, 51.28837910582914], [128.39254397350942, 51.28838133827857], [128.39255346393878, 51.28766201435347], [128.39068698435798, 51.28783216016824]]], [[[128.3754594122559, 51.3532145744705], [128.37502617634885, 51.35339210557645], [128.3754569672039, 51.353394402858676], [128.3754594122559, 51.3532145744705]]], [[[128.37386759582054, 51.35410528502766], [128.37530725609994, 51.35384320820748], [128.37544840932267, 51.35402380217292], [128.3757429391654, 51.35348584769708], [128.37488257940984, 51.35339133946372], [128.3748764610482, 51.353840910360546], [128.37387004715688, 51.35392545671593], [128.37386759582054, 51.35410528502766]]], [[[128.36069931081465, 51.412842049539414], [128.36041425468628, 51.41266065470258], [128.36041174541077, 51.412840480734644], [128.36069931081465, 51.412842049539414]]], [[[128.3592614840551, 51.412834198461105], [128.35940275345226, 51.413014810353836], [128.35940526670183, 51.41283498436256], [128.3592614840551, 51.412834198461105]]], [[[128.35515208177588, 51.418746371526645], [128.35516346856684, 51.41793715599149], [128.35444194278955, 51.41811302408583], [128.35457941022466, 51.41856338009219], [128.3541442071976, 51.418830742354274], [128.3542842077008, 51.41910127303466], [128.35457181204418, 51.41910285700836], [128.35471941249915, 51.418833910271275], [128.35515208177588, 51.418746371526645]]], [[[128.3679825934205, 51.42690902500333], [128.36757221284282, 51.42537817800354], [128.36728581009632, 51.4252867128505], [128.367442046025, 51.424388359521444], [128.36715564971124, 51.42429689405714], [128.36718793756557, 51.421959156737344], [128.36690031458753, 51.42195760365625], [128.36704909417844, 51.421598728315075], [128.3664788253048, 51.42123596882858], [128.3666276057992, 51.42087709398152], [128.36634123301354, 51.42078562655389], [128.3663511797375, 51.42006632254439], [128.36606356868643, 51.42006476745072], [128.3659247397635, 51.41970433763056], [128.36549581659048, 51.41952217716978], [128.3655070210489, 51.418712960109616], [128.36507810879428, 51.41853079812732], [128.36522564583302, 51.41826183791594], [128.3646566793066, 51.417809156534084], [128.36422528412947, 51.417806817465355], [128.36451786814013, 51.417448724970946], [128.36337998040344, 51.416543352571324], [128.36338747421007, 51.416003874489405], [128.36295734592292, 51.4159116177969], [128.36281855375387, 51.415551184171036], [128.36252471811133, 51.41599918553913], [128.36250970995667, 51.4170781414723], [128.3616444289477, 51.41725327193117], [128.36121429252236, 51.41716100883346], [128.361074256861, 51.416890486219465], [128.36078415784135, 51.41706874416187], [128.36121178598233, 51.41734083475471], [128.36120802612362, 51.417610573626014], [128.361783216906, 51.417613706828504], [128.36206830911618, 51.417795098308616], [128.36206330259864, 51.41815475016613], [128.3624947008699, 51.41815709720258], [128.3624871959769, 51.41869657499164], [128.36320620168797, 51.41870048326615], [128.36333876030682, 51.41951048111534], [128.36377017144733, 51.41951282350149], [128.36419659256296, 51.41987481620041], [128.364186612087, 51.42059411993356], [128.36461803350016, 51.42059645923423], [128.36504197950003, 51.42113827477766], [128.36501207529295, 51.423296185592335], [128.36558609290927, 51.42338921331505], [128.36557862301063, 51.42392869094325], [128.36586252494504, 51.42419998611943], [128.3657137274466, 51.42455885973413], [128.36613772268947, 51.42510067111974], [128.365848835524, 51.4251890283144], [128.36584510191022, 51.42545876706526], [128.36627656926703, 51.42546110041813], [128.3662653756977, 51.42627031666181], [128.3666968507323, 51.42627264849383], [128.36669312196665, 51.426542387238754], [128.3671208733157, 51.426814456259734], [128.36711342057512, 51.42735393373089], [128.36754490588586, 51.42735626247628], [128.36768501126542, 51.4276267771182], [128.36811773937654, 51.427539190846964], [128.36796522695087, 51.4281678058793], [128.36882573546276, 51.42835228141015], [128.36881830238914, 51.42889175891625], [128.3686695124499, 51.429250636022864], [128.36795034040367, 51.429246760696124], [128.3679379342412, 51.43014588955522], [128.36764405367708, 51.43059390249156], [128.36663718353245, 51.43058846689129], [128.36663096734642, 51.43103803112104], [128.36576668262563, 51.431123277904796], [128.36576045777738, 51.43157284201768], [128.36532768706175, 51.43166041937978], [128.36532394951527, 51.431930157803976], [128.36446089315456, 51.43192548208165], [128.36430956332586, 51.43246417888254], [128.36359034143229, 51.432460276636725], [128.36358659354795, 51.43273001493307], [128.36271976938278, 51.43299506460777], [128.3601267737864, 51.433250698750065], [128.35983531022234, 51.43351886616276], [128.35912110480317, 51.43315528570788], [128.35882334253702, 51.4338730139352], [128.35824794792657, 51.43386986550471], [128.3578100985437, 51.43431706553431], [128.3604031670398, 51.434061482935384], [128.3606946307729, 51.43379331413612], [128.3614126195731, 51.43388714692671], [128.3624258193667, 51.43344306400415], [128.36371919729947, 51.433540010578184], [128.36372169544725, 51.43336018506905], [128.36444217914217, 51.433274173788085], [128.3647348613264, 51.432916082032264], [128.3650225529911, 51.43291764066121], [128.36618327358542, 51.43220456562928], [128.3674815914323, 51.4319418193139], [128.36748531627467, 51.43167208077779], [128.36791684229095, 51.43167440829244], [128.36791932379325, 51.431494582579774], [128.3687873287636, 51.43113958131259], [128.36879228481308, 51.43077992978833], [128.3695151937813, 51.43051406133643], [128.36937630672202, 51.43015363604484], [128.36980781859128, 51.43015595655054], [128.36952138154535, 51.4300644968164], [128.36952880665086, 51.42952501934586], [128.36982142496882, 51.429166914443606], [128.36953870643276, 51.42880571597298], [128.3696862509541, 51.42853675064225], [128.36925599233604, 51.42844451681355], [128.36926342013672, 51.42790503922061], [128.36854798717926, 51.42763142883063], [128.36855170516904, 51.42736169003963], [128.3679825934205, 51.42690902500333]], [[128.3654590730734, 51.43256032609792], [128.3653164742482, 51.43246963461433], [128.3654603186915, 51.432470413298645], [128.3654590730734, 51.43256032609792]], [[128.36840787668075, 51.42736091520281], [128.36826280831087, 51.4274500531163], [128.36826404819888, 51.42736014018951], [128.36840787668075, 51.42736091520281]], [[128.3649318160538, 51.41870984513233], [128.36507686304682, 51.41862071113499], [128.36507561729292, 51.418710624141255], [128.3649318160538, 51.41870984513233]]], [[[128.36982266187383, 51.42907700151632], [128.36996525916635, 51.42916768756535], [128.36996649578907, 51.42907777463561], [128.36982266187383, 51.42907700151632]]], [[[128.36967016751967, 51.42970561866455], [128.36996031261143, 51.429527339270216], [128.36967264196463, 51.42952579283045], [128.36967016751967, 51.42970561866455]]], [[[128.36893612404685, 51.43078070418993], [128.36907872484883, 51.43087139130318], [128.369079963287, 51.430781478415035], [128.36893612404685, 51.43078070418993]]], [[[128.35425441519487, 51.43142010720923], [128.35440079058162, 51.43124107420805], [128.35411437787323, 51.43114957692974], [128.35411818132292, 51.43087983905978], [128.35354282484235, 51.43087666766701], [128.35310495855487, 51.43132385029017], [128.3539692697844, 51.431238696956605], [128.35425441519487, 51.43142010720923]]], [[[128.35019371002366, 51.433735578458624], [128.34990601405752, 51.43373398342233], [128.34990473784956, 51.433823895928185], [128.35019115873052, 51.43391540347915], [128.35019371002366, 51.433735578458624]]], [[[128.34917910844058, 51.43426946768045], [128.34946553063412, 51.43436097700206], [128.34946680772876, 51.434271064512316], [128.34917910844058, 51.43426946768045]]], [[[128.3735758403339, 51.43862858330895], [128.3730065396772, 51.438175942887604], [128.37257495197886, 51.43817363390114], [128.37299792214904, 51.438805332750526], [128.3735758403339, 51.43862858330895]]], [[[128.37638332608438, 51.44376895476711], [128.37566760317227, 51.44349538758512], [128.3756712813288, 51.44322564916052], [128.37538229770215, 51.44331402925071], [128.3753884306928, 51.4428644652131], [128.3738020908924, 51.44312576111356], [128.3739410512886, 51.44348618061654], [128.37437268917367, 51.44348848474217], [128.3746567636492, 51.443759758303585], [128.37463711390228, 51.44519836267854], [128.37550042212754, 51.44520296432386], [128.37550410149356, 51.44493322598685], [128.37679905663177, 51.4449401164705], [128.3768027283124, 51.44467037805468], [128.37766602693765, 51.44467496372102], [128.37766969347587, 51.44440522524852], [128.3779574580398, 51.444406752376814], [128.3779599012369, 51.44422692671168], [128.37638332608438, 51.44376895476711]]], [[[128.37767335995713, 51.444135486763365], [128.37781846325362, 51.444046337574825], [128.37767458210487, 51.44404557393217], [128.37767335995713, 51.444135486763365]]], [[[128.37705697070777, 51.457710015019245], [128.37849743300572, 51.45762773987476], [128.37720946034892, 51.457081391237345], [128.3762007801038, 51.45716594844462], [128.37606053541614, 51.45689544486665], [128.37548607648526, 51.45680246746925], [128.37548975746205, 51.456532729669654], [128.37534338258124, 51.45671178823401], [128.37491284803463, 51.45661957467378], [128.37461886334546, 51.45706760272699], [128.37404440524713, 51.456974618271694], [128.37333095307216, 51.456521211644564], [128.3734810279444, 51.45607241789386], [128.3731956532176, 51.45589105439001], [128.37247852773714, 51.45570738029626], [128.37146863456292, 51.45588180944215], [128.37103935143455, 51.45569966915706], [128.3711857398365, 51.455520615981364], [128.37090037767643, 51.45533924691689], [128.37032471188334, 51.455336156848546], [128.37031728930464, 51.45587563201293], [128.37074657118055, 51.45605777493199], [128.37059646957206, 51.45650656509237], [128.37145752061767, 51.45669102227156], [128.3714488760798, 51.45732040994893], [128.37216848969155, 51.45732426529897], [128.37230871262437, 51.457594773438366], [128.3736040252191, 51.457601700416696], [128.37360033298677, 51.457871438069816], [128.37446388009278, 51.457876048150645], [128.3744601928924, 51.45814578583535], [128.37661907438275, 51.458157283326074], [128.37662274885975, 51.45788754553104], [128.37705697070777, 51.457710015019245]], [[128.3751957789737, 51.456980759197016], [128.37505308509512, 51.45689007961131], [128.37519700655045, 51.45689084660627], [128.3751957789737, 51.456980759197016]]], [[[128.37541489968999, 51.462017395771156], [128.37542103646288, 51.461567833173014], [128.37599923361537, 51.46139107341459], [128.37601026911122, 51.46058186053566], [128.3762993608719, 51.46049347952285], [128.3761640088395, 51.45986332594248], [128.37587737355125, 51.459771881529164], [128.37530042395176, 51.45985872825652], [128.37529305883325, 51.4603982035158], [128.37427815431926, 51.46093230651327], [128.37455373239325, 51.4618329674264], [128.37498063050154, 51.46219491991127], [128.37541489968999, 51.462017395771156]], [[128.37527341739815, 51.461836803959514], [128.37513193621848, 51.46165621197538], [128.37527587266658, 51.461656978923756], [128.37527341739815, 51.461836803959514]], [[128.37528937618816, 51.46066794112645], [128.37514667068828, 51.46057726167205], [128.37529060374288, 51.460578028590966], [128.37528937618816, 51.46066794112645]]], [[[128.3557419585297, 51.46883472511825], [128.355739425843, 51.46901454925299], [128.35645922120733, 51.46901850164541], [128.35645669132356, 51.46919832579981], [128.35717522614377, 51.46929218588736], [128.35717269904993, 51.469472010058574], [128.3577498036672, 51.46938525321286], [128.35947229136303, 51.4697543504581], [128.35946851419496, 51.47002408681267], [128.36018958361797, 51.469938104241194], [128.36033103097319, 51.470118713882414], [128.36004058977048, 51.47029696718448], [128.36061518585188, 51.4703900205181], [128.3604649366945, 51.470838796102676], [128.36075035340016, 51.47102019027633], [128.36088301187692, 51.47183018405288], [128.36130612731108, 51.47246192197617], [128.36115211027285, 51.47318043458459], [128.36143879959127, 51.47327191497347], [128.36128980443863, 51.47363077929636], [128.36114583069994, 51.47362999505164], [128.36127724763475, 51.474529900149946], [128.3609892945039, 51.47452833143353], [128.36098301302786, 51.47497789178239], [128.3606912864311, 51.47524605851122], [128.3608327520033, 51.475426667447614], [128.36039326891097, 51.475963784711396], [128.36053473549802, 51.476144393988804], [128.36024677224356, 51.476142823414435], [128.3603869812535, 51.47641334489735], [128.35995377545362, 51.47650090024318], [128.35995125863374, 51.476680724289814], [128.36067243224278, 51.47659473920785], [128.3606774601696, 51.47623509105307], [128.36096542402925, 51.47623666057189], [128.36154888333235, 51.47570032512366], [128.36170290297906, 51.47498181231054], [128.36141620243825, 51.474890332555056], [128.36170415787223, 51.47489190023105], [128.36215239305415, 51.47372539315993], [128.36215866275492, 51.473275832612146], [128.36187071746994, 51.473274266086904], [128.36216618618147, 51.47273635990834], [128.36203099424986, 51.472106191881466], [128.36174556569904, 51.471924800817355], [128.36189706032457, 51.471386111506995], [128.3607679450364, 51.46976142041346], [128.35976650667635, 51.469306362152054], [128.35919066637516, 51.46930321681906], [128.35948110452694, 51.4691249655815], [128.3586211296525, 51.46885050807982], [128.35775611566157, 51.46893569271675], [128.35775990277975, 51.46866595640218], [128.35603493855544, 51.468476658288616], [128.35546544341918, 51.4680239343039], [128.35460297648692, 51.46792927158617], [128.3544653648853, 51.4674789188763], [128.35360418082595, 51.46729433678351], [128.35117737446834, 51.46584222899969], [128.3511811999545, 51.46557249289133], [128.35017994902205, 51.46511735309503], [128.35018505736545, 51.46475770497402], [128.34918511319472, 51.464212644683805], [128.34918895020323, 51.463942908606526], [128.34875840133446, 51.463850599072764], [128.3480502193413, 51.46303739156076], [128.3473305192696, 51.46303338788344], [128.3477649027891, 51.462855966584286], [128.3473330844629, 51.46285356386325], [128.34662494315262, 51.462040347749436], [128.3463370694587, 51.4620387433315], [128.3454837379764, 51.46131462986592], [128.3450519343924, 51.461312218795655], [128.34505579536741, 51.46104248280616], [128.3446265700352, 51.46086024618447], [128.3447730781771, 51.46068122657295], [128.34434128063157, 51.460678812906785], [128.3440611491211, 51.460137730969905], [128.34320272678082, 51.45977324891244], [128.3427696465229, 51.45986074147031], [128.34234173366528, 51.45958858454387], [128.34263346673114, 51.459320462777384], [128.34191382589736, 51.45931642606136], [128.34191899814635, 51.45895677817536], [128.34120583536426, 51.45850317727019], [128.34048750342865, 51.45840921988187], [128.34049139090666, 51.45813948400482], [128.3392012649016, 51.45777254342913], [128.33878118764827, 51.456960901864946], [128.33806418553266, 51.456777017765205], [128.3380706880554, 51.456327458056705], [128.33763763083084, 51.45641493179266], [128.33778545288453, 51.45614600888327], [128.3375054262876, 51.45560491124535], [128.3372149893276, 51.45578310846238], [128.3368027827665, 51.45443198801635], [128.3363723486077, 51.45433963326634], [128.33638147456355, 51.453710249616634], [128.33609234960443, 51.45379853218707], [128.33607800237502, 51.45478756353273], [128.33636452609647, 51.45487910491109], [128.33649931554285, 51.455509302908915], [128.33679235942785, 51.45515128358265], [128.3367741175459, 51.456410050606465], [128.33748850537813, 51.4567737664256], [128.33762591847474, 51.4572241391597], [128.33791376137916, 51.457225764855515], [128.3377633342368, 51.457674511707935], [128.33848164890622, 51.45776848573563], [128.3386151761599, 51.45848859304696], [128.33962265448068, 51.4584942714902], [128.34033839364756, 51.458768058074085], [128.34018798504513, 51.4592168079861], [128.34104896234234, 51.45940148812508], [128.34075981022286, 51.45948978202297], [128.3408998536529, 51.45976032697478], [128.34147427781335, 51.459853473652075], [128.3420422400539, 51.4603961773115], [128.34290066471374, 51.46076066783487], [128.34289679107354, 51.46103040372112], [128.34332730143367, 51.46112273468506], [128.3433234302583, 51.46139247057762], [128.34375394489365, 51.461484799984625], [128.34446331471185, 51.462208121332466], [128.34503777697066, 51.462301250648636], [128.34503391571562, 51.46257098657893], [128.34546444492727, 51.46266330973884], [128.34546187240744, 51.46284313369795], [128.34589497588905, 51.46275563132272], [128.3458859778456, 51.463385015199], [128.34674577302707, 51.46365956571592], [128.34674192165383, 51.46392930167527], [128.3480271568606, 51.46465580771943], [128.34802203157287, 51.465015455692665], [128.34874176292215, 51.46501945523462], [128.34873664318522, 51.4653791032365], [128.3490245380342, 51.46538070183692], [128.34930603874653, 51.465831859752356], [128.34988055651309, 51.46592496548083], [128.34987544556273, 51.46628461350812], [128.35030601958542, 51.466376918990676], [128.3503034657545, 51.46655674300839], [128.35102067064832, 51.4667405526696], [128.3514461525344, 51.46719250204619], [128.35202196539117, 51.467195685315474], [128.35259141606008, 51.467648425931564], [128.3530232800944, 51.467650809445864], [128.35301819353577, 51.46801045759025], [128.35345006102412, 51.46801283954469], [128.3538755787123, 51.468464780133715], [128.3544488701327, 51.468647775629734], [128.3543011047824, 51.46891671917327], [128.3547291759348, 51.46918883257526], [128.35502089840395, 51.46892068038872], [128.35559546678982, 51.46901375824436], [128.3557419585297, 51.46883472511825]], [[128.36147269136967, 51.4708442877455], [128.36132621549115, 51.471023328024565], [128.36132872639658, 51.47084350375527], [128.36147269136967, 51.4708442877455]], [[128.34562510076336, 51.4614952572092], [128.34547987948648, 51.461584365865875], [128.34548116565648, 51.4614944538673], [128.34562510076336, 51.4614952572092]], [[128.34403794794036, 51.46175614664602], [128.34418317255742, 51.46166703978971], [128.34418188382898, 51.461756951762304], [128.34403794794036, 51.46175614664602]], [[128.3576121567996, 51.46893490418464], [128.35746946088923, 51.46884420337742], [128.35761341946176, 51.46884499208371], [128.3576121567996, 51.46893490418464]], [[128.35345895649175, 51.46738345522389], [128.3533162736736, 51.46729274938464], [128.3534602272465, 51.467293543172424], [128.35345895649175, 51.46738345522389]], [[128.3447666404909, 51.46113078655087], [128.3446239943885, 51.461040070169076], [128.34476792804145, 51.4610408745581], [128.3447666404909, 51.46113078655087]], [[128.341485923219, 51.45904426602282], [128.34134329012392, 51.45895354566418], [128.3414872171195, 51.45895435405695], [128.341485923219, 51.45904426602282]], [[128.33792156628465, 51.45668629325897], [128.33777894760206, 51.45659556857989], [128.33792286707865, 51.456596381321276], [128.33792156628465, 51.45668629325897]]], [[[128.3548718674506, 51.46927953669648], [128.3550170951006, 51.469190416546496], [128.35487313551445, 51.46918962464923], [128.3548718674506, 51.46927953669648]]], [[[128.38721361475928, 51.47313967640114], [128.38635822180808, 51.472505771521], [128.38535163402895, 51.47241058108417], [128.38563353645148, 51.47286165256794], [128.3862106310874, 51.472774755670486], [128.3863497774223, 51.47313515926744], [128.38721361475928, 51.47313967640114]]], [[[128.36114959846324, 51.47336025877563], [128.36129231572136, 51.47345095510876], [128.36129357135295, 51.47336104301284], [128.36114959846324, 51.47336025877563]]], [[[128.37722685295253, 51.4769535761362], [128.377514822253, 51.47695510503427], [128.37737573427168, 51.47659469138549], [128.37767104274187, 51.476056745906725], [128.37679857495957, 51.47668154452874], [128.37664233510037, 51.47757990233323], [128.3773610439509, 51.477673639182306], [128.37722685295253, 51.4769535761362]]], [[[128.38901319273842, 51.47854419372359], [128.38900358166484, 51.47926349361131], [128.38842280255489, 51.479620141304935], [128.38841438443748, 51.480249528526215], [128.3876895917374, 51.480605421455515], [128.387539573568, 51.481054231707496], [128.38797156710342, 51.48105648693261], [128.38797638111538, 51.480696837179806], [128.3888463704411, 51.48025178050418], [128.388851177434, 51.479892130643066], [128.38942955552395, 51.479715305808746], [128.38914517163948, 51.47944406867653], [128.3898711342966, 51.478998254084416], [128.39005830041447, 51.475762152159184], [128.3893516005183, 51.4747693676246], [128.38935640259595, 51.47440971739149], [128.38863892168683, 51.47422614154197], [128.3887865029082, 51.47395715437113], [128.38850215836678, 51.47368591554451], [128.38807384339245, 51.47341392484328], [128.3877834887002, 51.473592247042966], [128.38764432969313, 51.47323184513321], [128.38735638328575, 51.473230341184596], [128.38706482201323, 51.47349857414543], [128.3883545763649, 51.47395490236729], [128.38820578985343, 51.47431380153025], [128.38863771977412, 51.47431605409316], [128.38848893428258, 51.47467495359674], [128.38891726348473, 51.47494694277065], [128.38890284631626, 51.476025893214796], [128.38918960950258, 51.476117305956535], [128.38932758863706, 51.476567618452584], [128.3893083773404, 51.47800621870988], [128.38901319273842, 51.47854419372359]], [[128.38932758863706, 51.476567618452584], [128.38947277276668, 51.47647845559917], [128.38947157239656, 51.476568368129605], [128.38932758863706, 51.476567618452584]], [[128.3889975745415, 51.47971305599541], [128.38871078925428, 51.479621642766745], [128.38899877597862, 51.479623143521415], [128.3889975745415, 51.47971305599541]], [[128.38947517348825, 51.476298630534075], [128.38933239121235, 51.476207968332], [128.38947637383973, 51.47620871799941], [128.38947517348825, 51.476298630534075]], [[128.38948957729522, 51.475219680025376], [128.3893467983411, 51.4751290178352], [128.38949077757206, 51.475129767473845], [128.38948957729522, 51.475219680025376]]], [[[128.35201562436512, 51.47780609050345], [128.35215578960404, 51.4780766215972], [128.35244376457825, 51.47807821208051], [128.35201562436512, 51.47780609050345]]], [[[128.35878174222393, 51.47793319985976], [128.35835230383384, 51.47775101326676], [128.35805549520393, 51.47837882107017], [128.35805044627054, 51.4787384689085], [128.3584849382754, 51.478561008746944], [128.35833716406282, 51.47882995689301], [128.35804918402087, 51.478828380864584], [128.35832580861677, 51.47963916447959], [128.35875904726512, 51.47955161530847], [128.35878174222393, 51.47793319985976]]], [[[128.38943435783793, 51.47935565587548], [128.38957715009275, 51.479446317937914], [128.38957835037883, 51.47935640545009], [128.38943435783793, 51.47935565587548]]], [[[128.3735631901328, 51.4816098406309], [128.37384749461071, 51.48188111517827], [128.37327272684578, 51.48178812628326], [128.37326779699106, 51.48214777496997], [128.37283456101662, 51.482235377711284], [128.3728308609911, 51.48250511418515], [128.37196190882537, 51.48286013906644], [128.3719594386608, 51.48303996333445], [128.37066216829268, 51.48312292786923], [128.3703729223111, 51.483211294117226], [128.3705144505966, 51.4833918913431], [128.37036920763384, 51.48348103041871], [128.3709439906213, 51.483574033569255], [128.3715237198507, 51.48330738543663], [128.37282099397518, 51.483224411386836], [128.3729723968497, 51.482685708492085], [128.37340440461077, 51.48268801742548], [128.3734081012769, 51.482418280930496], [128.3745662651157, 51.481974869296415], [128.3748616418743, 51.48143693161547], [128.3747201023565, 51.481256339537964], [128.3751545542082, 51.48107881755599], [128.37472747973018, 51.48071686626742], [128.3754474619358, 51.48072070272753], [128.3760381712991, 51.479644821755265], [128.37575141262317, 51.479553376923995], [128.3760406251241, 51.479464997242545], [128.3757563224871, 51.47919372790692], [128.376333515484, 51.47910688004417], [128.3763384206914, 51.47874723095971], [128.3767728423884, 51.47856970280503], [128.37663252977381, 51.478299200665205], [128.37706817089312, 51.47803175909256], [128.37707184533346, 51.477762022193936], [128.37664110945678, 51.47766981462964], [128.3767801948373, 51.47803022907514], [128.3762017897464, 51.478206991481684], [128.37633964697739, 51.47865731868506], [128.37590890418275, 51.478565108422025], [128.37590522277716, 51.47883484522387], [128.3754695672019, 51.47910228239091], [128.37561110309366, 51.479282873617684], [128.37532311923877, 51.479281339996106], [128.37531820595234, 51.47964098897813], [128.37503021985816, 51.4796394546298], [128.3751692983814, 51.47999987084204], [128.37443948689253, 51.480715330445854], [128.37443579653566, 51.480985067072716], [128.37414780202482, 51.480983530529244], [128.37399518777767, 51.481612147354085], [128.3735631901328, 51.4816098406309]], [[128.37443579653566, 51.480985067072716], [128.37457856395204, 51.48107574728785], [128.37443456640395, 51.481074979278844], [128.37443579653566, 51.480985067072716]], [[128.37545483058693, 51.480181229332665], [128.37531206420107, 51.48009055017399], [128.37545605867317, 51.480091317095265], [128.37545483058693, 51.480181229332665]]], [[[128.38739557573535, 51.48105347961221], [128.3875383692001, 51.481144144134966], [128.387539573568, 51.481054231707496], [128.38739557573535, 51.48105347961221]]], [[[128.36117928223211, 51.48154303797412], [128.3609038524853, 51.4806423491613], [128.3604731226619, 51.480550082278015], [128.35946263518707, 51.480724405216726], [128.3591847239454, 51.4800035362984], [128.3588954758221, 51.48009187427728], [128.35931611946785, 51.480903442546364], [128.35974810925046, 51.48090580172452], [128.3598870709137, 51.48126623557521], [128.36060454503007, 51.48144998709182], [128.3607447721557, 51.48172050796596], [128.36217974739935, 51.48208799617393], [128.3620332378727, 51.482267036878135], [128.36289473795688, 51.48245155768654], [128.36289223216795, 51.48263138165264], [128.36447625595252, 51.482639976099264], [128.3643297536058, 51.48281901968041], [128.36461775913415, 51.482820580372255], [128.36448000528267, 51.4823702400655], [128.36419075226218, 51.48245859105269], [128.36405050248626, 51.48218807425502], [128.36304249730574, 51.482182603911646], [128.3630450024635, 51.48200277992646], [128.3620432742551, 51.48154774105512], [128.36160876745902, 51.481725214259356], [128.36117928223211, 51.48154303797412]], [[128.36290100231565, 51.48200199774665], [128.3627557490324, 51.48209112737833], [128.3627570021743, 51.48200121539005], [128.36290100231565, 51.48200199774665]], [[128.3636147458394, 51.48245546688017], [128.3637599986213, 51.48236633618833], [128.36375874743538, 51.4824562481885], [128.3636147458394, 51.48245546688017]], [[128.36275198956773, 51.48236086333476], [128.36289724371986, 51.48227173371481], [128.36289599084165, 51.48236164570138], [128.36275198956773, 51.48236086333476]], [[128.36232249380006, 51.48217869121959], [128.36246774820285, 51.48208956212972], [128.36246649448822, 51.4821794741116], [128.36232249380006, 51.48217869121959]], [[128.3621822559417, 51.481908172215974], [128.3620370015649, 51.48199730095507], [128.36189300146248, 51.48199651753768], [128.36189551112435, 51.48181669358694], [128.3621822559417, 51.481908172215974]]], [[[128.36189927556836, 51.48154695765027], [128.36175653197287, 51.48145626208943], [128.3617552768881, 51.48154617406863], [128.36189927556836, 51.48154695765027]]], [[[128.34890869179705, 51.48363360891503], [128.34847667716406, 51.4836312097215], [128.34846898927805, 51.48417067996553], [128.34817969425413, 51.48425899128571], [128.3481745665721, 51.48461863806075], [128.34788655064702, 51.48461703695079], [128.34773484587498, 51.485155706204765], [128.3474468265917, 51.48515410400318], [128.34685794254958, 51.486050014001876], [128.34511433742043, 51.487119316416695], [128.34510403266907, 51.48783860915214], [128.34539335628202, 51.48775030557402], [128.3455438102779, 51.487301551318495], [128.34583184298143, 51.487303158240685], [128.34569168743948, 51.487032620046556], [128.34612373397587, 51.487035029610965], [128.346271606856, 51.48676609758047], [128.34713954724802, 51.486501175903946], [128.34699938636857, 51.48623063921695], [128.3475792880035, 51.48596411018545], [128.34729511480398, 51.48569277261444], [128.34772586594985, 51.485785087893845], [128.34772971452907, 51.48551535289269], [128.34816174690206, 51.485517754899725], [128.3478775729833, 51.485246418717], [128.34845361278894, 51.48524962030139], [128.34889076491743, 51.48489237284633], [128.3493343084294, 51.48408556513427], [128.3491928619198, 51.483904942660104], [128.3496236001483, 51.483997250951646], [128.34962743728556, 51.483727515766134], [128.34991672617286, 51.48363920084509], [128.34977527872098, 51.48345857905637], [128.35050551893366, 51.48274327480001], [128.35036407188912, 51.482562653695425], [128.35137590957066, 51.48229849768982], [128.35194936382328, 51.48248150554877], [128.35194554055494, 51.482751240915924], [128.35223227108878, 51.48284274380882], [128.35224246186158, 51.48212344943878], [128.35181301053794, 51.481941238983374], [128.35196083327165, 51.481672299371255], [128.35152883690856, 51.48166991148458], [128.3516906839178, 51.48041194230305], [128.35140524506292, 51.480230526289986], [128.35155688977122, 51.479691851627194], [128.35184614937128, 51.47960353178336], [128.35170470661728, 51.47942291221458], [128.35214050345357, 51.47915556384873], [128.3521430512113, 51.47897574015422], [128.35185379616038, 51.47906406075579], [128.3520130762129, 51.47798591422949], [128.3517251018444, 51.47798432269065], [128.35114149838114, 51.47852060854434], [128.3508445858248, 51.47914839764855], [128.3511325674738, 51.47914999137492], [128.3511300157265, 51.47932981502811], [128.35069421134608, 51.47959715960437], [128.3508330976581, 51.47995760399765], [128.3503998402455, 51.480045123815245], [128.35010546334402, 51.480493087232716], [128.35023795912693, 51.48130309117348], [128.3498034092386, 51.48148052049252], [128.3499397374315, 51.482020789348326], [128.349362458655, 51.48210750695612], [128.34892277629012, 51.482644579918095], [128.3490642178755, 51.482825202739306], [128.3487749325252, 51.482913515582084], [128.34891509393887, 51.483184050301205], [128.34862452503899, 51.48336227448076], [128.34890869179705, 51.48363360891503]], [[128.35038195671603, 51.481303888893414], [128.3503794018202, 51.48148371245347], [128.35009140551614, 51.48148211682658], [128.3500926835336, 51.48139220505237], [128.35038195671603, 51.481303888893414]], [[128.34891509393887, 51.483184050301205], [128.34905653714353, 51.48336467312085], [128.34891253310204, 51.48336387375096], [128.34891509393887, 51.483184050301205]], [[128.34714596744334, 51.486051617669304], [128.34700323929542, 51.4859609042754], [128.34714725146247, 51.485961706018145], [128.34714596744334, 51.486051617669304]], [[128.34817072074085, 51.484888373127234], [128.34802799415905, 51.48479766096813], [128.34817200269126, 51.48479846143982], [128.34817072074085, 51.484888373127234]], [[128.3486091526649, 51.484441214999535], [128.34846642659627, 51.48435050336893], [128.34861043373257, 51.48435130329738], [128.3486091526649, 51.484441214999535]], [[128.350087571424, 51.48175185214077], [128.34994485075305, 51.48166114228704], [128.35008884946137, 51.481661940370785], [128.350087571424, 51.48175185214077]]], [[[128.3700836752162, 51.4832996596467], [128.37037044586603, 51.483391118319624], [128.3703716840918, 51.48330120621913], [128.3700836752162, 51.4832996596467]]], [[[128.36820664822042, 51.483649237932234], [128.36763684441078, 51.48319657317223], [128.36619555791367, 51.48327871169973], [128.3663370698599, 51.483459313908675], [128.36720109895776, 51.48346397911573], [128.3673413712561, 51.483734492164004], [128.36820664822042, 51.483649237932234]]], [[[128.3550768097761, 51.48537614698662], [128.35521955221688, 51.48546685061348], [128.3552208203312, 51.48537693880968], [128.3550768097761, 51.48537614698662]]], [[[128.354507115174, 51.484923418949464], [128.3540763582151, 51.48483112854366], [128.3540649249156, 51.48564033462057], [128.35435167780622, 51.485731832364905], [128.35434532854177, 51.48618139126555], [128.354916305866, 51.486544208260284], [128.35519672503557, 51.48708526284087], [128.35534708065921, 51.48663649561632], [128.3550590516131, 51.48663491207606], [128.35507300456393, 51.48564588238617], [128.3547862507514, 51.485554386401006], [128.35507807816703, 51.48528623518395], [128.3546473166247, 51.48519394686498], [128.354507115174, 51.484923418949464]]], [[[128.35702593416977, 51.49015254182243], [128.35731398549183, 51.49015412060863], [128.35703352271372, 51.48961307122067], [128.35646502205236, 51.489070440994986], [128.35617697760708, 51.48906886014733], [128.35590286939785, 51.48807824915364], [128.35533059714626, 51.48780534873231], [128.355339473022, 51.48717596631482], [128.35505144057737, 51.48717438274415], [128.35504256073656, 51.48780376512616], [128.35489473594725, 51.48807270833569], [128.35460669787767, 51.48807112365334], [128.3548934670693, 51.488162620092154], [128.3546041589823, 51.48825094715471], [128.35460035058992, 51.488520682396214], [128.3548883914918, 51.488522267103924], [128.35488585366363, 51.48870209060134], [128.35444363224755, 51.489419007131836], [128.35530523572695, 51.4896035838305], [128.3551574065647, 51.489872527273704], [128.35544418814013, 51.489964022381145], [128.3554378486594, 51.49041358105215], [128.35601142086804, 51.4905965692076], [128.35600888726964, 51.490776392680765], [128.3564435019722, 51.49059894087336], [128.35629567622308, 51.49086788571776], [128.35716363727698, 51.49060289011263], [128.35702593416977, 51.49015254182243]]], [[[128.35629440997403, 51.49095779745588], [128.35615164833854, 51.49086709515492], [128.3561503818062, 51.490957006890504], [128.35629440997403, 51.49095779745588]]], [[[128.35248981243566, 51.49516303228142], [128.35263258010667, 51.495253738994755], [128.35263385375438, 51.49516382738767], [128.35248981243566, 51.49516303228142]]], [[[128.35219790630495, 51.49543117633237], [128.35234577112354, 51.49516223699828], [128.35191619733587, 51.494980026894694], [128.35190982201368, 51.49542958486643], [128.35219790630495, 51.49543117633237]]], [[[128.35363451308544, 51.49570885790699], [128.35378109897826, 51.49552982837132], [128.35363705647342, 51.49552903466992], [128.35363451308544, 51.49570885790699]]], [[[128.35363324138157, 51.49579876952342], [128.35349428594256, 51.49543832917354], [128.3527740749668, 51.49543435714169], [128.35277662171532, 51.495254533926676], [128.35263130645234, 51.495343650600425], [128.35234449690913, 51.49525214860028], [128.35234194846052, 51.495431971800016], [128.35219790630495, 51.49543117633237], [128.35248216875024, 51.49570250188748], [128.3529155709405, 51.49561497511629], [128.35305452233342, 51.495975416126825], [128.3536319696711, 51.49588868113843], [128.35376965607503, 51.49633903291661], [128.3543458363612, 51.49634220604476], [128.3542106854113, 51.49571203167159], [128.35363324138157, 51.49579876952342]]], [[[128.38574298447966, 51.4968705098429], [128.3853144699169, 51.49659850947083], [128.3843085656013, 51.49641339656721], [128.38473465130213, 51.49686522487435], [128.38588582380078, 51.496961176286646], [128.38617633509182, 51.496782860014], [128.38574540162918, 51.49669068553188], [128.38574298447966, 51.4968705098429]]], [[[128.3566454953216, 51.49671451688635], [128.3552063010692, 51.49661669532962], [128.35520249509125, 51.496886430216115], [128.35549058875318, 51.496888013626645], [128.3554804437233, 51.49760730663591], [128.3563396725975, 51.49797169927527], [128.35619182200057, 51.498240643565744], [128.3573353794005, 51.49887634483046], [128.35761463759587, 51.49950730448213], [128.35833491344962, 51.49951124701209], [128.35877086433464, 51.49924387545367], [128.35877464957, 51.49897414048747], [128.35833996389644, 51.499151600434814], [128.35848780486936, 51.498882653444696], [128.3580581715479, 51.498700465745685], [128.35835006447596, 51.498432307212674], [128.35763233353995, 51.49824854153974], [128.3577814393445, 51.49788968374843], [128.35749460344226, 51.497798194290404], [128.35749839601507, 51.497528459324705], [128.35721029820206, 51.497526880831714], [128.35692852690647, 51.49707574337736], [128.35649511839088, 51.49716328493372], [128.3566454953216, 51.49671451688635]], [[128.35649891677696, 51.49689354999152], [128.35635613629566, 51.49680284796524], [128.35650018289252, 51.496803638341305], [128.35649891677696, 51.49689354999152]], [[128.35619815583888, 51.49779108543153], [128.35605537316934, 51.4977003830453], [128.35619942258685, 51.49770117380045], [128.35619815583888, 51.49779108543153]], [[128.35591512566316, 51.49742985722676], [128.35562829641648, 51.4973383632206], [128.35591639295166, 51.49733994559513], [128.35591512566316, 51.49742985722676]]], [[[128.35834501423855, 51.498791953835024], [128.35849032944745, 51.49870283013413], [128.35834627680774, 51.49870204218155], [128.35834501423855, 51.498791953835024]]], [[[128.34966033617192, 51.51178230448948], [128.35023798990088, 51.511695587169484], [128.350392313718, 51.51097709467379], [128.34981338945286, 51.51115372410913], [128.34951496199355, 51.51187141684506], [128.34907883605504, 51.51213875281071], [128.34907371033728, 51.512498397930734], [128.34936190211462, 51.512499996736295], [128.34936574471118, 51.51223026288304], [128.34965393481332, 51.51223186096532], [128.34994724377324, 51.51187381314136], [128.34966033617192, 51.51178230448948]]]]}, "bbox": [127.95857444394599, 51.21562440030871, 128.39255346393878, 51.512499996736295]}], "bbox": [127.95857444394599, 51.21562440030871, 128.39255346393878, 51.512499996736295], "name": "baseline_2018_09_low__svobodny_water_pre"}