{"type": "FeatureCollection", "features": [{"id": "0", "type": "Feature", "properties": {"area_ha": 9672.04, "pair_id": "flood_2019_07_amur__blagoveshchensk", "layer": "water_peak", "aoi_name": "Благовещенск — слияние Амура и Зеи", "event_name": "Паводок в Приамурье, июль 2019", "date_peak": "2019-07-25"}, "geometry": {"type": "MultiPolygon", "coordinates": [[[[127.32295409517944, 50.138622472835955], [127.3228016427859, 50.13898005154081], [127.32392380823907, 50.13890631111816], [127.32393951707127, 50.1384568118545], [127.32295409517944, 50.138622472835955]]], [[[127.28151341323743, 50.150788752284015], [127.2819718023748, 50.14971619094188], [127.28170165637886, 50.14944235725874], [127.2801530225459, 50.149689265446476], [127.27999698969629, 50.15013668123764], [127.2794276810784, 50.15039808273682], [127.2805275992653, 50.15095404867393], [127.28151341323743, 50.150788752284015]]], [[[127.31093318193732, 50.17793408833274], [127.31080904496389, 50.177482559013015], [127.31123852298657, 50.177218970779265], [127.31097122714442, 50.17685530451467], [127.309857671743, 50.17665921421901], [127.30982277431471, 50.177648098860054], [127.30940280490175, 50.17764198600041], [127.30942184482778, 50.17710259451744], [127.30900188028369, 50.17709648025632], [127.30901457639597, 50.17673688598094], [127.30790103220944, 50.17654077702793], [127.30788832782724, 50.17690037110889], [127.30859144035456, 50.17682066883142], [127.30899870621545, 50.17718637882129], [127.30855334160523, 50.17789945133224], [127.30910378171951, 50.17817730126729], [127.30908791156615, 50.17862679401629], [127.31020785316257, 50.178643094869074], [127.3105068671095, 50.178107776704955], [127.31093318193732, 50.17793408833274]]], [[[127.27453431853291, 50.185224207830075], [127.27425105956709, 50.18530994406724], [127.27550467114564, 50.185508455129586], [127.27566734438577, 50.18488125585529], [127.27497054100768, 50.18478096318375], [127.27496406337342, 50.18496075688502], [127.27454403747026, 50.18495451734911], [127.27453431853291, 50.185224207830075]]], [[[127.25835098294898, 50.19109890747721], [127.26062405549786, 50.190233521887535], [127.26063712080342, 50.18987393753157], [127.26035707690946, 50.18986974318064], [127.25982966718328, 50.188962391854616], [127.25954962874006, 50.1889581956123], [127.25942595179357, 50.188506616979694], [127.25914591607565, 50.18850241979174], [127.25901570575652, 50.18823063283088], [127.2583123503049, 50.188310032171536], [127.25730605113874, 50.189014497329374], [127.2561727997224, 50.189357267526695], [127.25588620920227, 50.18953285418983], [127.2558731083793, 50.18989243765931], [127.25530974556158, 50.189973921149985], [127.2554366631233, 50.19033560785461], [127.25515334066023, 50.190421296762466], [127.25514351063103, 50.19069098422025], [127.25556358253725, 50.19069729441899], [127.25571670900953, 50.19033981409432], [127.25698673590607, 50.19008904608612], [127.25752719230078, 50.19063682600657], [127.25668050119613, 50.19080401008218], [127.25610075419812, 50.1913349766625], [127.25835098294898, 50.19109890747721]]], [[[127.36053058401791, 50.20203032354], [127.35984566735554, 50.20157093414969], [127.35941623100445, 50.20183470155351], [127.35981177187183, 50.20255983963801], [127.36065524944956, 50.202481803075464], [127.36053058401791, 50.20203032354]]], [[[127.30674688925373, 50.20125872929412], [127.30632034975399, 50.20143239936406], [127.30630762228799, 50.20179199160269], [127.3065781984762, 50.202065770089824], [127.30699838153238, 50.20207189531054], [127.30701746504008, 50.201532506776985], [127.30674688925373, 50.20125872929412]]], [[[127.36377840167627, 50.2054040459437], [127.36296871148517, 50.204493198162055], [127.3626885672956, 50.204489249658124], [127.36281941119987, 50.20476092577562], [127.36239303884247, 50.20493480334594], [127.36251465208501, 50.20547618147846], [127.36293487702166, 50.205482104694106], [127.36308417901085, 50.20521437697989], [127.36377840167627, 50.2054040459437]]], [[[127.35956383461938, 50.20570437772558], [127.35974705706909, 50.204447749599275], [127.35877888970946, 50.20407429803349], [127.35874805293984, 50.20497330216117], [127.35915285764283, 50.205428741057055], [127.3588542068093, 50.205964185693766], [127.35956383461938, 50.20570437772558]]], [[[127.30494517666855, 50.204650339116384], [127.30464592769599, 50.205185638290196], [127.30562641798387, 50.20519994505523], [127.3055054505565, 50.2046585139176], [127.30494517666855, 50.204650339116384]]], [[[127.36259011770525, 50.20736606774368], [127.36445111805838, 50.20622301533692], [127.36432948115778, 50.20568163906601], [127.36391540241894, 50.20549591962205], [127.36376302971675, 50.20585354904673], [127.36276711551626, 50.20628923560752], [127.36275788639888, 50.206558937296464], [127.36218526404222, 50.20691064049251], [127.36216987629815, 50.20736014312076], [127.36259011770525, 50.20736606774368]]], [[[127.30368439119205, 50.20858948738045], [127.30312726044643, 50.20849140553188], [127.3028375338417, 50.20875700587716], [127.30339147886345, 50.20894498694703], [127.30296485826725, 50.20911864365337], [127.30294891304213, 50.20956813256999], [127.30336916118289, 50.20957427157737], [127.30366207764452, 50.20921877214489], [127.30368439119205, 50.20858948738045]]], [[[127.35855803704803, 50.25542898708291], [127.35814046427387, 50.25533314418372], [127.35815282577592, 50.25497354579326], [127.3566165962472, 50.25477194193126], [127.35632687694451, 50.25503767380887], [127.35728986386448, 50.255590951708115], [127.35813428342888, 50.25551294336971], [127.35840545626331, 50.255786604560186], [127.35883539014009, 50.25552284806461], [127.35884774649455, 50.25516324956082], [127.35855803704803, 50.25542898708291]], [[127.35771980201699, 50.25532719937513], [127.35785693181167, 50.25541908072831], [127.3577167108114, 50.25541709895005], [127.35771980201699, 50.25532719937513]]], [[[127.36587776374068, 50.26290749707205], [127.36476197334407, 50.26271191427738], [127.36529832300059, 50.26343900557193], [127.36586853365131, 50.26317719653809], [127.36587776374068, 50.26290749707205]]], [[[127.28523852483696, 50.26570300122194], [127.28537231377845, 50.265884862910674], [127.28537877083141, 50.265705070744595], [127.28523852483696, 50.26570300122194]]], [[[127.28647815417509, 50.266350893757696], [127.28703269527375, 50.26653895722913], [127.28718261946628, 50.26627133613703], [127.28621702020598, 50.26580738045137], [127.28609613680118, 50.265265935214146], [127.28524498235194, 50.26552320906278], [127.285649578848, 50.26597889756858], [127.28634758646467, 50.26607913717641], [127.28647815417509, 50.266350893757696]]], [[[127.31862350011937, 50.27797344220467], [127.3172111464189, 50.278222829045866], [127.3172016363596, 50.27849252115743], [127.31833025976209, 50.27832897220533], [127.31862350011937, 50.27797344220467]]], [[[127.36275529262815, 50.28031248470549], [127.36178557682041, 50.27993904764284], [127.36136469698629, 50.27993311393431], [127.3621817727243, 50.280664174936575], [127.36274912369126, 50.28049228352972], [127.36275529262815, 50.28031248470549]]], [[[127.30714566923349, 50.28500227514014], [127.3070085549251, 50.28491033452009], [127.30700536495135, 50.285000231315955], [127.30714566923349, 50.28500227514014]]], [[[127.36064242954349, 50.29278474784165], [127.36050827865418, 50.29260297012406], [127.3605020985609, 50.292782768364226], [127.36064242954349, 50.29278474784165]]], [[[127.33044129749278, 50.30926408347776], [127.33086872506374, 50.30909033664799], [127.33102798636848, 50.308552967175544], [127.33095370762955, 50.306663103027226], [127.33011148957488, 50.30665100619807], [127.33013038252689, 50.30611162102662], [127.33084796001212, 50.305672214104135], [127.3302959381696, 50.30539445718389], [127.33044260032992, 50.30521667836694], [127.33003409951317, 50.304851038807584], [127.32933542822325, 50.304751055733405], [127.32934487852341, 50.30448136317266], [127.32906415218137, 50.30447732781524], [127.32921081599336, 50.30429955054325], [127.32851530621019, 50.30410966511868], [127.32854051848504, 50.303390485146764], [127.32772043026293, 50.302749089117064], [127.32773934764217, 50.30220970423914], [127.32717476830976, 50.30229152281414], [127.32718423000337, 50.302021830435855], [127.32760214436843, 50.30211778729385], [127.3273372001156, 50.30166426051292], [127.32692244457444, 50.30147840528243], [127.326931907422, 50.301208712900966], [127.32651400238794, 50.301112753711095], [127.32611818936212, 50.30038751100395], [127.32529187043001, 50.29992589321916], [127.32530449912599, 50.299566303576974], [127.32447188492266, 50.299284474926885], [127.32449083671199, 50.29874509062052], [127.32406979890659, 50.29873902024847], [127.3240792769634, 50.298469328132235], [127.32365824168066, 50.29846325629368], [127.32366772197163, 50.29819356422133], [127.32282565659565, 50.298181416087075], [127.32284462625816, 50.2976420321319], [127.32242676089035, 50.29754605858206], [127.32229906889987, 50.29718444359948], [127.32244889687065, 50.296916777354944], [127.32216821603555, 50.29691272578573], [127.32201522343574, 50.29727028895189], [127.32205317928471, 50.296191521263445], [127.32151080972646, 50.29564403184777], [127.32053795079733, 50.295360148951374], [127.32041344447481, 50.294908634703745], [127.31872943307263, 50.2948842863432], [127.31873894002334, 50.29461459478468], [127.3183242793842, 50.29442870960094], [127.31833695813536, 50.294069120899564], [127.31666249656605, 50.29377505144365], [127.31667201482685, 50.293505360119475], [127.31611069502395, 50.293497228807006], [127.31598306118633, 50.29313560723065], [127.31542492096703, 50.293037575575504], [127.31558112310327, 50.29259012412015], [127.31531634456111, 50.292136570896375], [127.31311882140808, 50.29075554918737], [127.31299757575947, 50.29021413048184], [127.31272011551768, 50.2901201595061], [127.31259569587404, 50.2896686373717], [127.31231505909635, 50.28966456243721], [127.31232460054164, 50.28939487152416], [127.31204396541321, 50.28939079595124], [127.31191955392129, 50.28893927312178], [127.3106662592391, 50.28865123271292], [127.30999334578442, 50.287831960667], [127.30874009217146, 50.28754389984158], [127.30835740897133, 50.286459011500604], [127.30765905478141, 50.286358900982556], [127.30725088856234, 50.28599318359005], [127.307279594592, 50.28518411240806], [127.30576178099889, 50.28444244883266], [127.30576816548897, 50.28426265533757], [127.30437473067339, 50.28397250301023], [127.30410690984738, 50.28360882184861], [127.30368920606806, 50.28351278232489], [127.30369879417475, 50.28324309232565], [127.30302287816643, 50.28251367783001], [127.3021906946901, 50.282231693093024], [127.30179540311919, 50.28150637060829], [127.30138092266643, 50.28132042638558], [127.30112914212691, 50.280507255606956], [127.30072427674045, 50.28005161935848], [127.29947448833269, 50.279673564308894], [127.29889090345672, 50.28029462706172], [127.29916827898194, 50.28038863035388], [127.29901517077323, 50.28074616300724], [127.29845080053482, 50.28082784440694], [127.29845721174563, 50.280648051480284], [127.29776217143583, 50.280457986008464], [127.29663343194305, 50.28062133390868], [127.29650276908451, 50.280349588398295], [127.29594482013823, 50.280251464900914], [127.29564818692646, 50.280696832010314], [127.29509023579614, 50.28059870439196], [127.29480001745851, 50.28086427661318], [127.29505490363788, 50.28158756369052], [127.2956032329388, 50.281955380519776], [127.29545330424806, 50.282223011761886], [127.29641932344461, 50.28268689371021], [127.29637438662027, 50.283945442291035], [127.29580676322966, 50.28411700668036], [127.29589890159325, 50.285467508225814], [127.29645691117722, 50.28556563247627], [127.29658116789173, 50.286017170536724], [127.2976843744442, 50.2865729953275], [127.29767475121582, 50.28684268433064], [127.2982359873979, 50.28685090387387], [127.29864088490885, 50.28730654862282], [127.29919892187613, 50.28740465995154], [127.29956217663006, 50.28902895459464], [127.2999831234399, 50.28903511286472], [127.2999735123637, 50.289304802074746], [127.30149138695776, 50.2900465413083], [127.30175602214693, 50.290500124740475], [127.30203666230884, 50.29050422521365], [127.302027062339, 50.2907739146422], [127.3034014950336, 50.29160347583158], [127.30335672818103, 50.292862027029216], [127.3036245934686, 50.29322570982954], [127.30404238169331, 50.293321750287724], [127.30414755058972, 50.29431265971839], [127.30497676012166, 50.29468452867043], [127.30524145330584, 50.29513810441094], [127.30566245525598, 50.29514424265341], [127.30564968048728, 50.295503828941136], [127.3062110208749, 50.295512010997506], [127.30661606675788, 50.295967628813635], [127.30689673978814, 50.2959717178746], [127.30688397394835, 50.29633130434018], [127.30771961992264, 50.296523360915735], [127.3077068600359, 50.29688294749979], [127.3085457075245, 50.296985101591915], [127.3085201995286, 50.29770427498453], [127.30922190846027, 50.29771448512814], [127.30934312813203, 50.298255906861506], [127.30990450197501, 50.298264071405995], [127.30987582715274, 50.29907314185384], [127.30886471366829, 50.299867921629584], [127.30718053719208, 50.29984340424141], [127.30674672481294, 50.30019685728336], [127.30589824381686, 50.300364379252024], [127.30588546846118, 50.300723965259], [127.30560157320616, 50.30080976996306], [127.30182171556586, 50.30048477550494], [127.29830977650548, 50.30052335323329], [127.29830015205252, 50.30079304167344], [127.29534958998615, 50.30083974785387], [127.29492532547528, 50.30092346774736], [127.29505924710686, 50.3011053186], [127.29477533073532, 50.30119109663235], [127.29408000824867, 50.30100100689594], [127.29322825287902, 50.30125833167064], [127.29322181727117, 50.301438123467776], [127.29252649762988, 50.30124802447103], [127.29252005937911, 50.3014278162028], [127.29167150895985, 50.301595233542656], [127.29084228669768, 50.301223269916214], [127.2902679900949, 50.30157459601667], [127.29025831981203, 50.3018442832793], [127.2899776146494, 50.30184015370236], [127.28984693475415, 50.301568401456116], [127.28928230260078, 50.30165003538077], [127.28927585202902, 50.30182982679594], [127.28872089491331, 50.30164177085935], [127.28814335036368, 50.30208298189215], [127.28743835604709, 50.30216253949352], [127.28769969279028, 50.302706048958925], [127.28811430250914, 50.30289204267005], [127.28810461959631, 50.30316172956814], [127.28907743670597, 50.303445883246454], [127.28878059013694, 50.30389122899677], [127.28961306678109, 50.30417331179257], [127.28958726678077, 50.304892477226474], [127.29043265966145, 50.304814971580285], [127.29044555338285, 50.30445538871234], [127.29115057713295, 50.304375813192586], [127.2910231061932, 50.30401416648747], [127.29159420601141, 50.30375273282465], [127.29132637601357, 50.30338902326094], [127.29047778654191, 50.303556431434075], [127.2899228046138, 50.3033683810381], [127.29020996619046, 50.30319271938351], [127.29022930808054, 50.30265334498364], [127.28994859816045, 50.3026492152888], [127.2899582704706, 50.30237952810726], [127.29038255627428, 50.30229582658658], [127.29066004142888, 50.302389850975786], [127.29065037308334, 50.302659538255554], [127.29120534978499, 50.30284758514462], [127.29132959762092, 50.30329912748222], [127.29245245380275, 50.30331562901259], [127.29286065024321, 50.30368139768506], [127.29440780720965, 50.30361416836883], [127.29467566211335, 50.30397787106873], [127.29538067235433, 50.303898269739186], [127.29536781609733, 50.30425785356589], [127.29592283041214, 50.30444587825512], [127.2967714176523, 50.304278430316536], [127.29717644493061, 50.30473408021138], [127.29773147208948, 50.30492209637692], [127.29785899635792, 50.30528373620863], [127.2982768775234, 50.3053797981533], [127.29854156346735, 50.305833388306496], [127.30022914906299, 50.305768136795585], [127.30049385575735, 50.306221722682764], [127.30077779236613, 50.306135930950425], [127.30132324100082, 50.306593618774336], [127.30161038098164, 50.30641792881786], [127.30159757055105, 50.306777513650616], [127.30228660507122, 50.30714735184667], [127.30271091297448, 50.30706360559489], [127.30272051462286, 50.30679391683047], [127.30243977850746, 50.30678981705194], [127.30258654810355, 50.30661207452156], [127.30370629020439, 50.306718364415616], [127.30357551898415, 50.30644662690343], [127.3038562532442, 50.306450723919475], [127.30386264990213, 50.306270931285766], [127.30568102751593, 50.30647733800685], [127.30596815098913, 50.30630163711228], [127.30849475710554, 50.30633843379114], [127.30975168767966, 50.306536604726425], [127.30987930747705, 50.306898232229685], [127.3115637354426, 50.30692271299337], [127.31157328697692, 50.306653022989465], [127.31227512868331, 50.306663216010804], [127.31240595029765, 50.306934944227145], [127.31366927366973, 50.30695327964266], [127.31367881330672, 50.306683589347905], [127.3149453083142, 50.30661201404078], [127.31676057704519, 50.30690814487319], [127.3176091388291, 50.30674054456659], [127.31773681895204, 50.307102164030105], [127.31941492273285, 50.30730632507544], [127.31996056554961, 50.30776392725951], [127.32011044127059, 50.307496264961415], [127.32109620741804, 50.30742056493083], [127.32193210641897, 50.307612521469515], [127.3223374038702, 50.308068086100015], [127.32289889696693, 50.30807618903768], [127.32302029579994, 50.308617597384114], [127.32371900939683, 50.30871761878917], [127.32367159025844, 50.31006607659364], [127.3245138658662, 50.310078220665936], [127.3244664669199, 50.311426678701146], [127.32516206604691, 50.31161658902598], [127.32530876690528, 50.31143881725146], [127.32615106746749, 50.31145094970195], [127.32616053802477, 50.31118125789172], [127.32658168614196, 50.31118732177183], [127.32660062206396, 50.310647937994304], [127.32744290921023, 50.31066006094897], [127.32745237219504, 50.310390368924025], [127.33040036508126, 50.31043275082713], [127.33044129749278, 50.30926408347776]], [[127.30243657744549, 50.30687971329529], [127.30257374494559, 50.306971659524066], [127.30243337636725, 50.30696960953709], [127.30243657744549, 50.30687971329529]], [[127.30215904245703, 50.30678571659578], [127.30229620914777, 50.30687766314541], [127.30215584086629, 50.30687561282614], [127.30215904245703, 50.30678571659578]], [[127.30105852439044, 50.306140034703574], [127.30119568709931, 50.30623198252167], [127.30105532079843, 50.3062299308927], [127.30105852439044, 50.306140034703574]], [[127.29089563712296, 50.30365251964056], [127.29117313114989, 50.30374654287409], [127.29089241465725, 50.303742415393444], [127.29089563712296, 50.30365251964056]], [[127.28978567207862, 50.30327642017753], [127.28963886573447, 50.303454146259554], [127.28949850845281, 50.30345208076035], [127.28950495855622, 50.30327228937471], [127.28978567207862, 50.30327642017753]], [[127.28841437580174, 50.302356802891374], [127.28856118319182, 50.30217907833591], [127.28954043295548, 50.302283436642995], [127.28979856997465, 50.302916837335275], [127.28895966196636, 50.30281454737635], [127.28841437580174, 50.302356802891374]], [[127.32798223145716, 50.303292512518325], [127.3281194388003, 50.30338442903788], [127.32797907893736, 50.30338240999613], [127.32798223145716, 50.303292512518325]], [[127.28813044036981, 50.30244256447559], [127.2882675673053, 50.30253452724503], [127.28812721283042, 50.302532460117575], [127.28813044036981, 50.30244256447559]], [[127.28771583445184, 50.302256570847334], [127.28784973199778, 50.30243842972564], [127.28770937783634, 50.302436362096614], [127.28771583445184, 50.302256570847334]], [[127.29011474349792, 50.30193211432008], [127.29025187287503, 50.30202407478], [127.29011151975696, 50.30202201006312], [127.29011474349792, 50.30193211432008]], [[127.29604812783069, 50.300939933990925], [127.296185266018, 50.301031887551915], [127.29604491538595, 50.3010298300271], [127.29604812783069, 50.300939933990925]], [[127.31003528814027, 50.29853580230133], [127.31017244690366, 50.298627739595034], [127.31003210232933, 50.29862569902578], [127.31003528814027, 50.29853580230133]], [[127.32189069854036, 50.29681877624048], [127.3216195096784, 50.296545031462735], [127.32189702504365, 50.296638981638594], [127.32189069854036, 50.29681877624048]], [[127.32176933934599, 50.29627736608396], [127.32176301244257, 50.296457160685335], [127.3214854983985, 50.29636321019982], [127.32148866237067, 50.296273312911225], [127.32176933934599, 50.29627736608396]], [[127.32122380772188, 50.2958197726592], [127.32136098069216, 50.29591169692668], [127.32122064330152, 50.29590966994267], [127.32122380772188, 50.2958197726592]]], [[[127.3563156941244, 50.300188881182], [127.35660259553242, 50.30001305283693], [127.35632499034594, 50.29991918473021], [127.3563156941244, 50.300188881182]]], [[[127.35602259192216, 50.300544506388526], [127.35588533804773, 50.30045262232326], [127.35588223843567, 50.30054252111397], [127.35602259192216, 50.300544506388526]]], [[[127.35461595575836, 50.3006145447531], [127.35448180669093, 50.300432760324576], [127.35447560216483, 50.30061255777843], [127.35461595575836, 50.3006145447531]]], [[[127.35587913880791, 50.30063241990312], [127.35574188496491, 50.300540535669995], [127.35573878507283, 50.300630434452856], [127.35587913880791, 50.30063241990312]]], [[[127.35318447797505, 50.301403755339535], [127.3544693975758, 50.30079235522611], [127.35434765863354, 50.300250975745726], [127.35350554384084, 50.30023904947563], [127.35349623157197, 50.30050874553091], [127.35391729127628, 50.300514709484915], [127.35391108460419, 50.300694506885264], [127.35306585721992, 50.30077247603715], [127.35305654228875, 50.301042172008], [127.3533372518199, 50.30104614923869], [127.35318447797505, 50.301403755339535]]], [[[127.35318137316784, 50.301493653993575], [127.35304412216006, 50.30140176661426], [127.35304101708851, 50.30149166526199], [127.35318137316784, 50.301493653993575]]], [[[127.35290066102495, 50.30148967636102], [127.35303791200123, 50.30158156390819], [127.35304101708851, 50.30149166526199], [127.35290066102495, 50.30148967636102]]], [[[127.3500406600684, 50.30297813729255], [127.34990341099711, 50.302886246244384], [127.34990029984216, 50.30297614472704], [127.3500406600684, 50.30297813729255]]], [[[127.34975993963171, 50.30297415199214], [127.3498971886714, 50.30306604320817], [127.34990029984216, 50.30297614472704], [127.34975993963171, 50.30297415199214]]], [[[127.34729279917853, 50.30527760663042], [127.34871514988922, 50.30475816642337], [127.34901455878357, 50.3042227638414], [127.34985985339146, 50.30414482486167], [127.35087971243685, 50.30307998765366], [127.3517374147929, 50.302642440597495], [127.3520305619687, 50.302286826760884], [127.3516188105419, 50.302011160105344], [127.35177159813529, 50.301653556232644], [127.35121328096753, 50.30155569490145], [127.35077044698842, 50.302179010838614], [127.35090147734782, 50.30245069794388], [127.35048351119357, 50.30235482438483], [127.35061454036942, 50.30262651179438], [127.35005310353621, 50.30261854332739], [127.350043770959, 50.302888238803575], [127.35074557100515, 50.302898199058596], [127.35017168833693, 50.30324982516534], [127.35030271806535, 50.303521512892814], [127.3500219943933, 50.30351752819415], [127.35003443823983, 50.303157934265904], [127.34919227394693, 50.30314597625607], [127.34918293632735, 50.30341567159078], [127.34875562527009, 50.30358948708627], [127.34931396082783, 50.30368736037469], [127.34875251187401, 50.30367938550604], [127.34816303238034, 50.30448049340804], [127.34744874613483, 50.304830110718555], [127.34729279917853, 50.30527760663042]], [[127.34945743518006, 50.30359945521697], [127.3495946853995, 50.303691346792625], [127.34945432310577, 50.30368935366836], [127.34945743518006, 50.30359945521697]]], [[[127.29272351107015, 50.3035894402291], [127.29257993388718, 50.30367727428275], [127.29272029205704, 50.3036793360686], [127.29272351107015, 50.3035894402291]]], [[[127.29188136388194, 50.3035770670125], [127.29172812252276, 50.30393458738239], [127.29214597903056, 50.30403067114674], [127.29213953871005, 50.304210462756366], [127.29284133740762, 50.30422077272874], [127.29242347777983, 50.30412469143636], [127.29285421269665, 50.303861189372476], [127.29188136388194, 50.3035770670125]]], [[[127.33071703606892, 50.30540050558399], [127.330439452233, 50.30530657592757], [127.33043630412007, 50.30539647348667], [127.33071703606892, 50.30540050558399]]], [[[127.29758468990087, 50.30509983269539], [127.29702002809648, 50.30518150387556], [127.29715075847437, 50.305453248407304], [127.29798973180739, 50.305555479843264], [127.29758468990087, 50.30509983269539]]], [[[127.3447256236855, 50.306410330288266], [127.34458837528682, 50.3063184330195], [127.34458525373361, 50.30640833120792], [127.3447256236855, 50.306410330288266]]], [[[127.30021632851258, 50.30612772141132], [127.29951770554526, 50.306027559556846], [127.29951449906146, 50.30611745567591], [127.30021632851258, 50.30612772141132]]], [[[127.30413698756917, 50.306454820257905], [127.30399981847128, 50.30636287585081], [127.30399662039858, 50.30645277217339], [127.30413698756917, 50.306454820257905]]], [[[127.3429349441843, 50.309442865260245], [127.34367119777168, 50.308463990201545], [127.34395507263932, 50.308378092389994], [127.34412667458076, 50.307481110863], [127.34469440992653, 50.307309312151204], [127.34529022388264, 50.30632842669544], [127.3457144526523, 50.306244522627374], [127.3460076671831, 50.30588892485395], [127.34670950996032, 50.305898909900854], [127.34672821467737, 50.30535952012153], [127.34616362829838, 50.30544143084992], [127.34601078599742, 50.30579902659292], [127.34544619324608, 50.305880933767035], [127.34500948439683, 50.30632442973331], [127.34458213216456, 50.3064982293948], [127.34441990868662, 50.30712551735934], [127.34399566987445, 50.30720941659051], [127.34398630151937, 50.30747911102887], [127.34370243209852, 50.307565008982706], [127.34367744476381, 50.30828419397008], [127.34324694573867, 50.30854788655109], [127.34323132393537, 50.3089973769999], [127.34265418669612, 50.30943886243253], [127.3426416844201, 50.30979845463151], [127.34306282384942, 50.30980445869513], [127.3429349441843, 50.309442865260245]]], [[[127.34886200429524, 50.30862778469345], [127.34872785550793, 50.308445993859195], [127.34872162752295, 50.30862579054372], [127.34886200429524, 50.30862778469345]]], [[[127.34320007914006, 50.30989635778209], [127.34306282384942, 50.30980445869513], [127.34305969903411, 50.30989435676008], [127.34320007914006, 50.30989635778209]]], [[[127.3426416844201, 50.30979845463151], [127.34236092487981, 50.30979445107528], [127.34234842023452, 50.31015404319884], [127.3427695627421, 50.31016004835526], [127.3426416844201, 50.30979845463151]]], [[[127.34086951623432, 50.312291565696874], [127.34202388298037, 50.31140861097474], [127.34203639062954, 50.31104901898819], [127.34231715751113, 50.31105302339999], [127.34219240694465, 50.310601531229224], [127.3419116427394, 50.31059752654206], [127.3418928800596, 50.31113691452073], [127.34160272960338, 50.311402603009995], [127.34045148530798, 50.31219565556577], [127.34086951623432, 50.312291565696874]]], [[[127.34058874226487, 50.31228755771827], [127.34016758142978, 50.31228154447951], [127.34016132031617, 50.312461340267525], [127.34058248273816, 50.312467353544434], [127.34058874226487, 50.31228755771827]]], [[[127.33864900186695, 50.327640017667086], [127.33851484053905, 50.32745821547502], [127.33850856981907, 50.327638010640726], [127.33864900186695, 50.327640017667086]]], [[[127.33231264895058, 50.332046411548745], [127.33202861170517, 50.33213227898438], [127.33202546359479, 50.33222217619926], [127.33230320620812, 50.332316103231726], [127.33231264895058, 50.332046411548745]]], [[[127.3317817516381, 50.343191640619146], [127.33204695993841, 50.343645156853384], [127.33203436239712, 50.344004744991324], [127.33217484223921, 50.34400676030799], [127.33220003494645, 50.34328758395628], [127.3317817516381, 50.343191640619146]]], [[[127.33154046385788, 50.34606632889695], [127.33140312882243, 50.34597441578348], [127.33139997798551, 50.346064312754635], [127.33154046385788, 50.34606632889695]]], [[[127.33124688756155, 50.34642188428625], [127.33139682713258, 50.34615420972425], [127.33098797531198, 50.34578857244931], [127.33042918799796, 50.3456906072936], [127.3302634795953, 50.34640776517317], [127.3299825060347, 50.34640372961401], [127.32982940385531, 50.34676129914287], [127.33010722613801, 50.34685523199222], [127.33124688756155, 50.34642188428625]]], [[[127.33335419298501, 50.346452111536294], [127.33362887394303, 50.346635933082155], [127.33363516731318, 50.34645613895224], [127.33335419298501, 50.346452111536294]]], [[[127.32982624995951, 50.346851196029746], [127.32968891605508, 50.34675928091356], [127.32968576189428, 50.34684917779403], [127.32982624995951, 50.346851196029746]]], [[[127.32968260771747, 50.34693907467297], [127.32954527384504, 50.34684715938866], [127.32954211940329, 50.34693705626118], [127.32968260771747, 50.34693907467297]]], [[[127.32940163110507, 50.346935037679756], [127.32953896494546, 50.34702695313218], [127.32954211940329, 50.34693705626118], [127.32940163110507, 50.346935037679756]]], [[[127.33454309782701, 50.34862775978917], [127.3342652562744, 50.34853383737961], [127.33425581906835, 50.34880352856167], [127.3345336621632, 50.348897451004916], [127.33454309782701, 50.34862775978917]]], [[[127.33674302199891, 50.354055776030215], [127.33660879597561, 50.35387397177216], [127.33660251217988, 50.35405376594306], [127.33674302199891, 50.354055776030215]]], [[[127.33548254542771, 50.349900402674194], [127.33574153876859, 50.35053370487925], [127.33545739639253, 50.350619579403656], [127.33573839561343, 50.350623601977794], [127.33570696318434, 50.35152257287862], [127.33612847008717, 50.35152860565868], [127.33606247349189, 50.35341644445096], [127.33633406223808, 50.35369015696271], [127.33634348930693, 50.35342046572385], [127.33662450518577, 50.35342448631797], [127.33647142884175, 50.35378206444668], [127.33688981456922, 50.35387799175128], [127.33685211720048, 50.35495675683731], [127.33643057979, 50.35495072638449], [127.33654281293823, 50.355761810259295], [127.33624921215731, 50.35611737748871], [127.33638344291862, 50.35629918214312], [127.33609926698824, 50.35638505782683], [127.33651138997163, 50.356660780728724], [127.33608983754449, 50.35665474889407], [127.33607412148575, 50.35710423397532], [127.33635201634337, 50.35719815245633], [127.33633315963235, 50.357737534570326], [127.33661420099527, 50.35774155543739], [127.33715429482726, 50.358378874465686], [127.33711973897137, 50.35936774183304], [127.33754131564608, 50.359373770168396], [127.33765671697851, 50.36009495562819], [127.33793149228656, 50.36027876753095], [127.33789695024959, 50.361267634963326], [127.33831854391883, 50.361273660645054], [127.33858705052995, 50.361637265155984], [127.33867422190396, 50.363167522910075], [127.3392363694898, 50.36317555327419], [127.33905817277547, 50.36425231049708], [127.33989827680647, 50.36435424950253], [127.33983553689774, 50.3661521906754], [127.34067881175473, 50.36616422729676], [127.34066940499406, 50.36643391853415], [127.34179377872861, 50.36644995800815], [127.34178437819172, 50.36671964938438], [127.34150328307082, 50.36671564049635], [127.34148447838378, 50.36725502313093], [127.34190612586441, 50.36726103632279], [127.3423152430793, 50.36762663653154], [127.34229957971021, 50.36807612217802], [127.34355515388204, 50.36836384005742], [127.34353637135538, 50.36890322309791], [127.34437969654532, 50.3689152333596], [127.34438908310425, 50.36864554173196], [127.34382686943134, 50.368637535646194], [127.34397368204421, 50.36845974303429], [127.34355828424751, 50.36827394287862], [127.3435739358364, 50.36782445696154], [127.34274315767439, 50.36745285243617], [127.3427776065817, 50.36646398363484], [127.34221541914164, 50.36645597000965], [127.34194999143386, 50.36600247648878], [127.34197192304926, 50.36537319645866], [127.34141288281003, 50.36527528193634], [127.34142541899239, 50.364915693409436], [127.34114746911462, 50.36482178663438], [127.34118508230932, 50.36374302104008], [127.34076346615271, 50.3637370055367], [127.34064487486445, 50.36310572017518], [127.34037007285463, 50.362921914507936], [127.34040770113555, 50.36184314898385], [127.34012663501287, 50.36183913704829], [127.339595874021, 50.36093214008276], [127.3396209697241, 50.36021296312594], [127.33908082234927, 50.35957565522076], [127.33911220003716, 50.35867668403309], [127.33855010562043, 50.3586686535851], [127.33842213798863, 50.358307057158015], [127.33849746822928, 50.35614952629598], [127.3382195750882, 50.35605561294525], [127.33838833964785, 50.35524854687776], [127.33768891251532, 50.355148607396934], [127.33772973096372, 50.35397994475315], [127.33815126005602, 50.353985970413696], [127.33816067692948, 50.35371627894005], [127.3377391502231, 50.35371025333686], [127.33775484866995, 50.353260767612234], [127.33735844913166, 50.352535563490896], [127.33740241201096, 50.35127700335234], [127.33684040544567, 50.35126896549129], [127.33698718880973, 50.351091180919184], [127.33657196886894, 50.35090535702926], [127.33662537411566, 50.34937710557225], [127.33606339019714, 50.34936906417468], [127.33621331251503, 50.349101383356185], [127.33580439852098, 50.3487357625847], [127.33582954063505, 50.34801658549435], [127.33500231053254, 50.34755503130622], [127.33529272257414, 50.347289363422895], [127.33502746370756, 50.346835854361984], [127.33505261586117, 50.34611667731917], [127.33420969846993, 50.34610460336781], [127.33414363849843, 50.34799244209045], [127.33442462202824, 50.34799646768771], [127.33441518590466, 50.348266158916644], [127.33414049260983, 50.34808233915553], [127.33412790889581, 50.34844192740046], [127.33454938818971, 50.34844796563763], [127.33454309782701, 50.34862775978917], [127.33495829001828, 50.34881359072137], [127.33492055565884, 50.34989235569404], [127.33548254542771, 50.349900402674194]], [[127.33454938818971, 50.34844796563763], [127.334693026212, 50.34836008095957], [127.3346898813196, 50.348449978044044], [127.33454938818971, 50.34844796563763]], [[127.33906513290789, 50.36002514075685], [127.33920252285881, 50.360117045149046], [127.33906199497181, 50.36011503785945], [127.33906513290789, 50.36002514075685]], [[127.33703262164411, 50.357837482510604], [127.33716686011456, 50.3580192862859], [127.3370263385658, 50.358017276596975], [127.33703262164411, 50.357837482510604]], [[127.33670532106605, 50.355134541002755], [127.33683640928567, 50.355406242224355], [127.33669589547395, 50.35540423221123], [127.33670532106605, 50.355134541002755]], [[127.33456511381709, 50.347998480231844], [127.33469931594887, 50.34818028678603], [127.33455882361403, 50.348178274398784], [127.33456511381709, 50.347998480231844]]], [[[127.330880253615, 50.36890212888137], [127.33074285501532, 50.36881021469722], [127.33073970037788, 50.36890011128331], [127.330880253615, 50.36890212888137]]], [[[127.3450574470644, 50.36964441510184], [127.3452136403813, 50.369196929237006], [127.34437656766056, 50.36900513056576], [127.34436092299845, 50.36945461657337], [127.34506370238707, 50.36946462064606], [127.3450574470644, 50.36964441510184]]], [[[127.34603821676251, 50.369748311031216], [127.34519487610065, 50.369736312651625], [127.34517611124825, 50.37027569601084], [127.34601946146263, 50.37028769461889], [127.34603821676251, 50.369748311031216]]], [[[127.3460007055913, 50.37082707815116], [127.34684406593, 50.370839070874844], [127.3468628122485, 50.37029968711424], [127.34601946146263, 50.37028769461889], [127.3460007055913, 50.37082707815116]]], [[[127.34766868950338, 50.37139044141919], [127.3468253190403, 50.37137845458008], [127.34679719763473, 50.372187530034076], [127.34764058242806, 50.372199517215535], [127.34766868950338, 50.37139044141919]]], [[[127.33453670407613, 50.3729119959917], [127.33384017597325, 50.37272213448655], [127.33367756448747, 50.373349396946985], [127.33409926431081, 50.373355438965376], [127.33408666899982, 50.37371502563197], [127.33450522408025, 50.37381096288066], [127.33463320071057, 50.37417256280769], [127.3344831871319, 50.3744402396113], [127.33476117922432, 50.37453416259136], [127.33494266438913, 50.373367518417204], [127.3343803976063, 50.37335946612856], [127.33466467869196, 50.37327359591645], [127.33453670407613, 50.3729119959917]], [[127.33463949643473, 50.37399276944178], [127.33477691740754, 50.37408467916385], [127.33463634858066, 50.3740826661255], [127.33463949643473, 50.37399276944178]]], [[[127.2592975961698, 50.38440197514218], [127.25916358571698, 50.38422008458211], [127.25915700236152, 50.38439987058038], [127.2592975961698, 50.38440197514218]]], [[[127.25943489882305, 50.3844939725443], [127.2592975961698, 50.38440197514218], [127.2592943047325, 50.38449186814568], [127.25943489882305, 50.3844939725443]]], [[[127.25873851351957, 50.384303662897494], [127.2586077981878, 50.384031878738696], [127.25854852706519, 50.3856499520744], [127.25882972199945, 50.38565416257409], [127.25884618408843, 50.38520469774231], [127.25927126420332, 50.38512111912657], [127.25900653261478, 50.38466744481444], [127.25915700236152, 50.38439987058038], [127.25873851351957, 50.384303662897494]], [[127.2589900723551, 50.385116909726236], [127.25886264575934, 50.38475523287166], [127.25900324059629, 50.38475733779991], [127.2589900723551, 50.385116909726236]]], [[[127.36037746351323, 50.39027815197053], [127.36023374372671, 50.390366067002596], [127.36037436250457, 50.390368049567556], [127.36037746351323, 50.39027815197053]]], [[[127.26044938788012, 50.3952122722503], [127.26072405966055, 50.39539626453518], [127.26087455528018, 50.39512868880137], [127.26044938788012, 50.3952122722503]]], [[[127.25933425927816, 50.39492576101785], [127.25959246438362, 50.39555922012846], [127.26044280681984, 50.39539205802977], [127.25988359294024, 50.39529375011758], [127.2600373841946, 50.39493628263701], [127.25933425927816, 50.39492576101785]]], [[[127.3596028836708, 50.40456788331716], [127.35987799814818, 50.40475164531007], [127.35988420519337, 50.40457185060598], [127.3596028836708, 50.40456788331716]]], [[[127.34566502581053, 50.40473023943238], [127.34552749625873, 50.40463834197398], [127.34552436557759, 50.40472823867723], [127.34566502581053, 50.40473023943238]]], [[[127.34512430499127, 50.40409295857008], [127.3451149107937, 50.404362648645744], [127.34468980129532, 50.40444654057623], [127.34465847813395, 50.405345507189125], [127.34508046417746, 50.40535151213805], [127.34495546126793, 50.40490002730766], [127.34552749625873, 50.40463834197398], [127.34554314942582, 50.40418885843466], [127.34512430499127, 50.40409295857008]], [[127.34482106465151, 50.40471823235143], [127.34495859304437, 50.4048101306329], [127.3448179326251, 50.40480812902138], [127.34482106465151, 50.40471823235143]], [[127.34511177936271, 50.40445254533455], [127.34524930756926, 50.40454444327428], [127.34510864791577, 50.404542442021835], [127.34511177936271, 50.40445254533455]]], [[[127.34551184269394, 50.405087825474844], [127.34552123488052, 50.40481813537894], [127.34538057439764, 50.40481613444745], [127.34523052014879, 50.40508382340372], [127.34551184269394, 50.405087825474844]]], [[[127.3591032756698, 50.40680936368121], [127.35896571382092, 50.40671748183614], [127.35896260833223, 50.406807379114305], [127.3591032756698, 50.40680936368121]]], [[[127.35792200241096, 50.40841163233564], [127.35778443831329, 50.408319749095035], [127.35778133041315, 50.40840964629513], [127.35792200241096, 50.40841163233564]]], [[[127.35096400228193, 50.41829665203293], [127.3508264236612, 50.4182047605659], [127.35082330150172, 50.418294657298446], [127.35096400228193, 50.41829665203293]]], [[[127.35779928866276, 50.42010222929517], [127.35766169147283, 50.42001034576218], [127.35765858205089, 50.42010024277516], [127.35779928866276, 50.42010222929517]]], [[[127.35807448463922, 50.42028599588408], [127.35779928866276, 50.42010222929517], [127.35779307030369, 50.42028202332913], [127.35807448463922, 50.42028599588408]]], [[[127.34673344613816, 50.422553768511044], [127.34729316934278, 50.42265166320162], [127.3472994279759, 50.42247187018998], [127.34702426184583, 50.42228807845772], [127.34673344613816, 50.422553768511044]]], [[[127.34742762461651, 50.42283345534725], [127.34729316934278, 50.42265166320162], [127.34728691064603, 50.42283145620711], [127.34742762461651, 50.42283345534725]]], [[[127.34699922292786, 50.42300725039044], [127.34728691064603, 50.42283145620711], [127.34700548275282, 50.42282745741649], [127.34699922292786, 50.42300725039044]]], [[[127.34543256737533, 50.423524623205104], [127.34529498470822, 50.4234327252318], [127.3452918514985, 50.42352262163257], [127.34543256737533, 50.423524623205104]]], [[[127.34627373160815, 50.42362652551161], [127.34598916723627, 50.42371242065455], [127.34598603530955, 50.42380231708247], [127.34626746883531, 50.42380631839438], [127.34627373160815, 50.42362652551161]]], [[[127.34327791212021, 50.42475312995793], [127.34314033018138, 50.42466122946073], [127.34313719275617, 50.42475112574458], [127.34327791212021, 50.42475312995793]]], [[[127.34327163775431, 50.42493292253375], [127.34313405531503, 50.4248410220269], [127.34313091785793, 50.42493091830768], [127.34327163775431, 50.42493292253375]]], [[[127.34312778038488, 50.42502081458692], [127.34284947811302, 50.42492690934517], [127.34284634010763, 50.42501680561169], [127.34312778038488, 50.42502081458692]]], [[[127.34091958650636, 50.427777511618146], [127.34121360848981, 50.42742194080725], [127.34149506279029, 50.427425953869154], [127.34151390754258, 50.42688657684008], [127.34066955441614, 50.42687453584204], [127.34064127269706, 50.42768360102086], [127.34091958650636, 50.427777511618146]]], [[[127.3581826313313, 50.42937154734838], [127.3586110510397, 50.42919771145956], [127.35848586170333, 50.428746241107135], [127.35834512942833, 50.4287442551727], [127.3581826313313, 50.42937154734838]]], [[[127.32350003779376, 50.43463311143927], [127.32336246653843, 50.434541187795446], [127.32335929055921, 50.434631083021905], [127.32350003779376, 50.43463311143927]]], [[[127.3230905020889, 50.434267444813116], [127.32293704895241, 50.43462499674877], [127.32265873193937, 50.43453104318821], [127.32236452674245, 50.43488656487026], [127.32306508992976, 50.434986606515515], [127.32307144306642, 50.43480681609916], [127.32335293855235, 50.43481087347018], [127.32335929055921, 50.434631083021905], [127.3230777961385, 50.43462702567666], [127.3230905020889, 50.434267444813116]]], [[[127.32093478408983, 50.43549552497385], [127.3207972154174, 50.4354035983338], [127.32079403448299, 50.435493493428815], [127.32093478408983, 50.43549552497385]]], [[[127.32178881923248, 50.43523802524515], [127.32150732143886, 50.43523396406576], [127.32149778267889, 50.43550364945219], [127.32050299081965, 50.43575911506531], [127.32091888050681, 50.43594500045809], [127.32078449158273, 50.43576317870464], [127.32176974476288, 50.43577739608148], [127.32178881923248, 50.43523802524515]]], [[[127.31964893948103, 50.43601660517004], [127.3193419672386, 50.436731698883484], [127.32046481137118, 50.43683785587497], [127.32048390138654, 50.43629848549791], [127.32090615734933, 50.43630458081772], [127.3209156997417, 50.43603489555032], [127.31964893948103, 50.43601660517004]]], [[[127.31826748962159, 50.439234519114876], [127.3174261145927, 50.43913241240245], [127.3174165513232, 50.43940209704301], [127.31698470274641, 50.43966567335964], [127.3169719481024, 50.440025252762716], [127.31781015074176, 50.44021725777592], [127.31769169871842, 50.43958595813842], [127.31825793109824, 50.43950420386713], [127.31826748962159, 50.439234519114876]]], [[[127.35013310671792, 50.446256459764044], [127.34999544993997, 50.44616456696877], [127.34999232310689, 50.44625446322949], [127.35013310671792, 50.446256459764044]]], [[[127.34984841239627, 50.44634236277749], [127.34971075593249, 50.4462504696496], [127.34970762855053, 50.44634036589609], [127.34984841239627, 50.44634236277749]]], [[[127.31702752141705, 50.45036926065965], [127.31688991798895, 50.450277329273284], [127.3168867279716, 50.45036722395719], [127.31702752141705, 50.45036926065965]]], [[[127.31688353793807, 50.45045711863957], [127.31674593454241, 50.450365187084465], [127.3167427442423, 50.45045508176037], [127.31688353793807, 50.45045711863957]]], [[[127.41715914880349, 50.12951137947629], [127.41660268865117, 50.12941384721351], [127.41699259414072, 50.1303186100345], [127.41740327460113, 50.13059404250081], [127.41755203103324, 50.13032623635618], [127.41714728430368, 50.12987099610987], [127.41715914880349, 50.12951137947629]]], [[[127.41166009672915, 50.130785449052986], [127.4108120014675, 50.13104367750142], [127.41080306695723, 50.13131338907914], [127.41136251377226, 50.13132104532693], [127.41179102805337, 50.131057074039646], [127.41166009672915, 50.130785449052986]]], [[[127.41689469174169, 50.13328544587736], [127.41717739389549, 50.13319935566965], [127.41733802444202, 50.132571933545506], [127.41609110662453, 50.13219515137699], [127.41568932759806, 50.131650002097416], [127.41457636650073, 50.13145492048745], [127.41462687367752, 50.12992655194359], [127.41381150575195, 50.12919585826177], [127.41156786330743, 50.12934507307799], [127.4109905736042, 50.12987684138975], [127.40959199936236, 50.12985769163795], [127.40858317612867, 50.13074331455975], [127.40704770372919, 50.1306323130488], [127.40704173338598, 50.13081212045311], [127.40871110775822, 50.131104846620076], [127.40927353260957, 50.13102260912842], [127.40926160837843, 50.1313822242953], [127.40966927242505, 50.13174758752393], [127.41009184064937, 50.13166343027493], [127.41077626261304, 50.13212252372974], [127.41161544706537, 50.132134007418585], [127.41229691489788, 50.132682995960295], [127.41271651226641, 50.132688733114634], [127.41274328443097, 50.131879597782735], [127.41579653275508, 50.13264085521833], [127.41633818855256, 50.13318791199602], [127.41549007491068, 50.133446174350105], [127.41548116593611, 50.133715886426415], [127.4164543135315, 50.133909052244164], [127.41688282367384, 50.133645062230116], [127.41689469174169, 50.13328544587736]], [[127.41483826725701, 50.131998164026456], [127.41497516075705, 50.13208997752733], [127.41483529654492, 50.132088068047615], [127.41483826725701, 50.131998164026456]], [[127.4108120014675, 50.13104367750142], [127.4116749791977, 50.13033592952135], [127.41180293319165, 50.1306974584115], [127.4120856288375, 50.130611380506906], [127.41263316902169, 50.13097864627859], [127.4124843831681, 50.13124644580949], [127.41192493691868, 50.13123879497431], [127.41177316989439, 50.131596497436014], [127.41009779974353, 50.13148362263088], [127.41025553722274, 50.13094611479421], [127.4108120014675, 50.13104367750142]], [[127.41375502870548, 50.13090403438287], [127.41389191702885, 50.130995849128155], [127.41375205607902, 50.13099393837396], [127.41375502870548, 50.13090403438287]], [[127.41362408660721, 50.130632411502084], [127.41376097391331, 50.13072422639611], [127.413621113764, 50.1307223154917], [127.41362408660721, 50.130632411502084]], [[127.4139038063972, 50.130636233130424], [127.4137758366698, 50.13027470640246], [127.41433230070693, 50.1303722522412], [127.41418352624734, 50.13064005408521], [127.4139038063972, 50.130636233130424]], [[127.41195767292045, 50.13024985190498], [127.4128027737671, 50.13008151882411], [127.4126510171227, 50.13043922259983], [127.41195767292045, 50.13024985190498]]], [[[127.37443649852665, 50.13089985635066], [127.37373416124827, 50.13097996555531], [127.37372197069969, 50.13133957445396], [127.37427226771747, 50.13161711606624], [127.37457026443792, 50.13108161898025], [127.37443649852665, 50.13089985635066]]], [[[127.41086847566031, 50.13356289949121], [127.40960966215563, 50.1335456632333], [127.4093150198588, 50.13399134987242], [127.41068988475921, 50.13472973453928], [127.41110949969999, 50.13473547766916], [127.41140115277149, 50.13437969025143], [127.41209455401803, 50.134569064689266], [127.41207669705007, 50.13510848783702], [127.4101154991307, 50.13517159352885], [127.40916322426624, 50.134349048488545], [127.40873764832862, 50.134523105795374], [127.4088685727394, 50.13479473384806], [127.40956793137909, 50.134804315865914], [127.40955898868536, 50.13507402710535], [127.40997860640712, 50.13507977434982], [127.40996966593474, 50.135349485630115], [127.41164814760613, 50.13537245966962], [127.4133296053329, 50.13530550555395], [127.41348434672231, 50.13485789736196], [127.41390396335183, 50.13486363040559], [127.413883153686, 50.13549295792514], [127.41444265006888, 50.13550059979509], [127.41433546788085, 50.134509746101834], [127.41462709579942, 50.13415395032543], [127.41323434228794, 50.13395503535008], [127.41311826569711, 50.133233892348265], [127.4124248794465, 50.133044524128316], [127.41229691489788, 50.132682995960295], [127.41159758625136, 50.1326734306685], [127.41086847566031, 50.13356289949121]], [[127.41213919406711, 50.1332205065791], [127.41212431442706, 50.13367002598737], [127.41296055209028, 50.1337714041042], [127.4125171431622, 50.134484898849095], [127.41209753012664, 50.13447916082596], [127.41170173183886, 50.133754190471144], [127.41128212535935, 50.13374844956225], [127.4112999903998, 50.13320902649516], [127.41213919406711, 50.1332205065791]]], [[[127.41203205225922, 50.136457045465654], [127.41119279202424, 50.13644556407212], [127.41118385794515, 50.136715275447436], [127.41202312289457, 50.13672675695011], [127.41203205225922, 50.136457045465654]]], [[[127.41201419339443, 50.1369964684208], [127.41368678755877, 50.13719922123994], [127.41370165441911, 50.13674970176625], [127.41202312289457, 50.13672675695011], [127.41201419339443, 50.1369964684208]]], [[[127.41533860395653, 50.13803127777691], [127.41575527909464, 50.13812690834962], [127.41577309661034, 50.137587484523664], [127.41535345577772, 50.13758175800885], [127.41533860395653, 50.13803127777691]]], [[[127.4167492913639, 50.13769074451384], [127.41689213949145, 50.13760274781916], [127.41634449178333, 50.13723550150752], [127.4157820051654, 50.137317772590045], [127.41577309661034, 50.137587484523664], [127.41619273757813, 50.13759320952265], [127.41615711143578, 50.13867205733727], [127.41686246428652, 50.13850178798219], [127.41716596648868, 50.137786370027776], [127.4167492913639, 50.13769074451384]]], [[[127.43323366385016, 50.14286129202143], [127.43239428299968, 50.142849962796674], [127.43252536366718, 50.143121565269134], [127.43223969004255, 50.143297597014104], [127.43322191425581, 50.14322091060095], [127.43323366385016, 50.14286129202143]]], [[[127.45216519227937, 50.15471798310374], [127.45145972008491, 50.15488846541274], [127.45158803640192, 50.15524995236508], [127.4513023584351, 50.155426030634], [127.45229061059943, 50.15516937460301], [127.45216519227937, 50.15471798310374]]], [[[127.4768735159989, 50.156933517966635], [127.47589393082383, 50.156920665308405], [127.47462302032753, 50.157263753053364], [127.47700488652916, 50.15720507223092], [127.4768735159989, 50.156933517966635]]], [[[127.47854709879087, 50.157135344572374], [127.47728762598585, 50.1571188363082], [127.47728476974027, 50.157208742599806], [127.47880700796627, 50.157768355678314], [127.47937248627393, 50.15759587437554], [127.47854139100575, 50.15731515725869], [127.47854709879087, 50.157135344572374]]], [[[127.48102900764187, 50.15833710385299], [127.48257125169235, 50.15826732304049], [127.48257694455489, 50.15808751004796], [127.48103755561208, 50.15806738455782], [127.48102900764187, 50.15833710385299]]], [[[127.49549589069238, 50.16131368504649], [127.4963469032675, 50.16096493302184], [127.49635818667453, 50.16060530491594], [127.49510990496606, 50.160229361044934], [127.49470134580146, 50.1598642915517], [127.49303324875942, 50.15948288257055], [127.49247062376244, 50.159565523702724], [127.49271659189516, 50.16064803957927], [127.49299932436618, 50.16056176537789], [127.492990842946, 50.16083148604562], [127.49353652516652, 50.1612882839785], [127.49549589069238, 50.16131368504649]], [[127.4938503412361, 50.16021303164935], [127.49383621361955, 50.160662566290945], [127.49356761232292, 50.16029930796027], [127.4938503412361, 50.16021303164935]]], [[[127.50508549451843, 50.16359616992347], [127.50551659650426, 50.16324194477676], [127.50565095024415, 50.16342356058881], [127.50565936120192, 50.163153838478976], [127.50608204651496, 50.163069333281236], [127.50637317681975, 50.16271330426726], [127.50553622351154, 50.16261259318473], [127.50498760608015, 50.16224575794079], [127.50414505129577, 50.16232485161261], [127.5038735554288, 50.16205152376022], [127.50384829301085, 50.16286068954411], [127.50341437446848, 50.163304815718476], [127.50368587463814, 50.16357814462743], [127.50480557042879, 50.16359256621305], [127.50521423851373, 50.163957600903736], [127.50577409111787, 50.16396480571832], [127.50562571660471, 50.164232726836524], [127.50590564453772, 50.16423632860366], [127.50605962342054, 50.16378859235957], [127.50508549451843, 50.16359616992347]]], [[[127.51008779764743, 50.16482971937249], [127.5115125933833, 50.16403849953279], [127.5113865944638, 50.16358716751499], [127.51069516513614, 50.16330847221712], [127.51070354767471, 50.163038749482816], [127.51001213025197, 50.162760050198756], [127.5094718656318, 50.16212351316221], [127.50904919440808, 50.16220803084028], [127.50889524877252, 50.16265577146235], [127.5080554916921, 50.162644985997], [127.50790433472024, 50.16300281770747], [127.50831302171599, 50.16336784169523], [127.5074396483735, 50.164435941121184], [127.50799670775578, 50.1645330427065], [127.50798830954061, 50.164802765039084], [127.50882810440108, 50.16481355132483], [127.50909964408895, 50.165086867860246], [127.51008779764743, 50.16482971937249]], [[127.5081590652615, 50.163815581159476], [127.50969306569816, 50.16401516388697], [127.50996460593805, 50.16428847843998], [127.50995062742052, 50.16473801607476], [127.50952793384087, 50.1648225352596], [127.5089848555439, 50.16427590353093], [127.50856496273016, 50.164270511755134], [127.5081590652615, 50.163815581159476]], [[127.50897366541174, 50.16463553348236], [127.50869373475612, 50.1646319390882], [127.5086993309, 50.1644521241383], [127.50897926050615, 50.16445571850968], [127.50897366541174, 50.16463553348236]]], [[[127.50604560852553, 50.16423812923433], [127.5059028412538, 50.16432623596836], [127.50604280550398, 50.164328036604736], [127.50604560852553, 50.16423812923433]]], [[[127.45493941428359, 50.16419903581687], [127.45452243230838, 50.16410354345812], [127.45437087230032, 50.164461301616804], [127.45366236210882, 50.16472170097043], [127.45407644709309, 50.164907101637006], [127.4535165969063, 50.164899647553185], [127.45351079364502, 50.16507945789188], [127.45463339799025, 50.16500445824066], [127.45507067895205, 50.16447061359467], [127.45493941428359, 50.16419903581687]]], [[[127.4953059293759, 50.18073900051499], [127.49546571238567, 50.180111467561], [127.49478261841676, 50.17956295691945], [127.49436259434815, 50.17955751260763], [127.49381952727991, 50.17901081136074], [127.49297383129087, 50.17917972754566], [127.49350557810797, 50.18008605910852], [127.49433715560103, 50.18036667241668], [127.49418583771117, 50.18072448377631], [127.49348295265389, 50.18080531192921], [127.49335991182122, 50.18026405615661], [127.49267684010482, 50.17971553334152], [127.49269664725331, 50.179086187243236], [127.49213096008677, 50.17925873094959], [127.4921111453853, 50.17988807686539], [127.49238833285554, 50.17998161858435], [127.49223700174004, 50.1803394273071], [127.49293139420473, 50.1805283263868], [127.49263722370226, 50.180974225315296], [127.49292007710423, 50.180887952686845], [127.49318878549853, 50.18125121226516], [127.49472892800408, 50.18127118336691], [127.4953059293759, 50.18073900051499]]], [[[127.48337132681912, 50.1860703109213], [127.48366846258935, 50.1855345307975], [127.48326547559417, 50.18498960921035], [127.48200241749295, 50.18506305156526], [127.48296549039601, 50.18561529442805], [127.48307988097555, 50.186426278023944], [127.48392858555106, 50.18616752945566], [127.48337132681912, 50.1860703109213]]], [[[127.50577572331751, 50.1863607018294], [127.50659346169886, 50.18709076381254], [127.50771370860842, 50.187105162235646], [127.50773612539058, 50.18638590551775], [127.50689875634298, 50.18628520092434], [127.50692118471285, 50.18556594437128], [127.50636107934837, 50.18555874284798], [127.5063358379116, 50.18636790625791], [127.50577572331751, 50.1863607018294]]], [[[127.45353733645297, 50.18594673996521], [127.45295981148385, 50.186478709922376], [127.45308821843811, 50.18684019420329], [127.45363961401306, 50.18711736720223], [127.45406259929443, 50.187033054510515], [127.45422874937414, 50.18622577445779], [127.45352862516282, 50.18621645449123], [127.45353733645297, 50.18594673996521]]], [[[127.51917960773117, 50.18779156869064], [127.51904235503505, 50.18769987574561], [127.51903957408264, 50.18778978328115], [127.51917960773117, 50.18779156869064]]], [[[127.38135764442904, 50.19944421657852], [127.38191787901157, 50.1994520223179], [127.38277645943677, 50.198924316454466], [127.38516956779964, 50.19859783614931], [127.38603112914868, 50.19798020394828], [127.38673140261199, 50.19798993232673], [127.38773904289643, 50.197194428655195], [127.3885823848904, 50.19711618786122], [127.38859751905521, 50.19666667855248], [127.38945295115951, 50.19622882378643], [127.38946202651458, 50.19595911804898], [127.3900343186039, 50.19560727655062], [127.39019553226639, 50.19497990397267], [127.39032650831834, 50.19525155078096], [127.39074664929045, 50.195257372552305], [127.39077385214203, 50.19444825464856], [127.3916141203102, 50.19445989330265], [127.39163224539685, 50.19392048107654], [127.39205237495784, 50.19392629801473], [127.3920976734424, 50.192577766931635], [127.39098340352271, 50.19238244838694], [127.39098944720317, 50.1922026443087], [127.39043534066433, 50.192015079085756], [127.38931504108272, 50.191999548708935], [127.38918407926415, 50.19172790075442], [127.38736663355138, 50.1916127370164], [127.38693137830616, 50.19205641266498], [127.38691926046926, 50.192416020107245], [127.38437733113494, 50.193010297271414], [127.38422818730356, 50.19327805441669], [127.38324790225393, 50.19326441330675], [127.38318716969017, 50.195062446634296], [127.38190548260548, 50.1956742059322], [127.38189636477273, 50.19594391067933], [127.38118091964095, 50.196383661172085], [127.38019752993837, 50.19645989523746], [127.37990525795071, 50.19681559465031], [127.37892490256003, 50.19680191636927], [127.37890663244406, 50.19734132495017], [127.37946075367927, 50.19752894516964], [127.37972259807515, 50.198072261572996], [127.378882271426, 50.19806053630547], [127.37887313578983, 50.198330240538404], [127.3797134671695, 50.198341965917415], [127.37969520494208, 50.19888137456489], [127.37997531867903, 50.198885281748645], [127.38022196185065, 50.19987810424], [127.38091921950952, 50.1999777693731], [127.38148858170268, 50.199715872783365], [127.38135764442904, 50.19944421657852]], [[127.37960080656713, 50.19753089909056], [127.37973781594303, 50.1976227543016], [127.37959776277698, 50.19762080054325], [127.37960080656713, 50.19753089909056]]], [[[127.37969520494208, 50.19888137456489], [127.37885486410114, 50.198869648962855], [127.37883659185738, 50.19940905733209], [127.37967694215985, 50.199420783157116], [127.37969520494208, 50.19888137456489]]], [[[127.39788165812247, 50.199763252861786], [127.39703226041472, 50.20002136521587], [127.39702322640649, 50.20029107176447], [127.3978575801114, 50.20048247062484], [127.39758648551152, 50.20020889985299], [127.39788165812247, 50.199763252861786]]], [[[127.44287374437651, 50.203703014934284], [127.4427248914807, 50.20397084943868], [127.44397680561403, 50.20425745630956], [127.44398557630103, 50.203987743844564], [127.44343404549716, 50.20371052450066], [127.44287374437651, 50.203703014934284]]], [[[127.37468246123521, 50.239196037754084], [127.37426499584816, 50.239100253610275], [127.37426193753606, 50.23919015417892], [127.37468246123521, 50.239196037754084]]], [[[127.37524315971764, 50.239203880154705], [127.37468246123521, 50.239196037754084], [127.37466717339346, 50.239645540667574], [127.37522787714418, 50.23965338319251], [127.37524315971764, 50.239203880154705]]], [[[127.37896994024968, 50.24096486014837], [127.37883281009616, 50.24087300350303], [127.37882976018304, 50.240962904247475], [127.37896994024968, 50.24096486014837]]], [[[127.37991157827086, 50.242147256904715], [127.38035041222665, 50.24161371550608], [127.37993291399096, 50.2415179514538], [127.37980187667426, 50.24124629435842], [127.3792320053682, 50.24150817598912], [127.37867432901733, 50.241410451845724], [127.37895774149652, 50.2413244631356], [127.37896689058456, 50.241054760897484], [127.37868958013188, 50.240960948177545], [127.37856465214145, 50.24050948826307], [127.37772052819605, 50.24058764816674], [127.3777266320981, 50.240407846763304], [127.37633401296523, 50.2401185633773], [127.37620910930417, 50.2396671011038], [127.37522787714418, 50.23965338319251], [127.37576413664944, 50.240380427992676], [127.37688250872486, 50.240486000583495], [127.37715065366352, 50.240849519582305], [127.37784544837673, 50.2410391089078], [127.37783629296601, 50.24130881099704], [127.37825683604902, 50.24131468181675], [127.37811055237522, 50.24149252645586], [127.37866517816315, 50.241680154028245], [127.3787931600204, 50.242041713061134], [127.37991157827086, 50.242147256904715]]], [[[127.51733290716864, 50.24739993575806], [127.51691228283386, 50.24739456775181], [127.5167664925117, 50.24757259110616], [127.51732453695244, 50.24766965536584], [127.51733290716864, 50.24739993575806]]], [[[127.5169039102452, 50.24766428730853], [127.51606265721263, 50.24765354662814], [127.51549623507191, 50.24782619570923], [127.51689553752925, 50.24793400685164], [127.5169039102452, 50.24766428730853]]], [[[127.51351372570258, 50.248430445422386], [127.51450917973457, 50.247993465238025], [127.51409414311085, 50.2478082741694], [127.51253224965288, 50.248417885269255], [127.51351372570258, 50.248430445422386]]], [[[127.51225182805202, 50.24841429513212], [127.51127315444516, 50.24831181804899], [127.51000004543937, 50.248655268350035], [127.51055528509048, 50.24884227132114], [127.51070110236644, 50.248664256038495], [127.512246228602, 50.24859410776005], [127.51225182805202, 50.24841429513212]]], [[[127.41106196211528, 50.25013264691783], [127.41050710817142, 50.24994517213651], [127.41034894998079, 50.25048266595645], [127.4100685297127, 50.25047882916142], [127.41006254533188, 50.250658633100635], [127.41104701057863, 50.25058215699781], [127.41106196211528, 50.25013264691783]]], [[[127.4135797585602, 50.25034693623522], [127.41231488150491, 50.250419602513844], [127.41275642155748, 50.24979603466344], [127.41219558848663, 50.24978837208987], [127.41192712643004, 50.24942493152669], [127.41122011105581, 50.24959515200901], [127.41121114124283, 50.24986485810733], [127.41175703022449, 50.25032203569466], [127.41131846206389, 50.250855697503795], [127.41255945165658, 50.25150225876061], [127.41409881407168, 50.251613222146474], [127.41413164499276, 50.25062429863506], [127.4135797585602, 50.25034693623522]]], [[[127.42409657170971, 50.2717165147559], [127.42876999080727, 50.27043065905037], [127.42879070400521, 50.26980134171242], [127.42906236485267, 50.27007484186101], [127.42891026077653, 50.27043255551348], [127.43089177238409, 50.269919672831534], [127.43075741435084, 50.26973797364086], [127.42976962403785, 50.26990451562948], [127.42907419870461, 50.269715231890245], [127.42908011554056, 50.26953542689572], [127.42851904624945, 50.26952784094543], [127.42849832967202, 50.27015715823121], [127.42722702213588, 50.27040978678779], [127.42696129494249, 50.269956477645664], [127.4278088275716, 50.26978806202737], [127.42796093770498, 50.26943034983631], [127.42669557271161, 50.26950316790898], [127.42597645188945, 50.27003308483575], [127.42541537758623, 50.27002548385013], [127.42526028076907, 50.270473094797026], [127.42441569465423, 50.270551589328456], [127.42426355429455, 50.27090929652897], [127.42355626125936, 50.27107958889518], [127.42409657170971, 50.2717165147559]]], [[[127.49243818881583, 50.27622085245997], [127.49202015594668, 50.276125487046684], [127.49202867757322, 50.275855771879414], [127.49160780743092, 50.27585031006472], [127.49147604207741, 50.275578774009674], [127.49104948980438, 50.275753120257065], [127.49157939358437, 50.27674936039602], [127.49297380445101, 50.277037276340955], [127.49298232096498, 50.27676756109794], [127.49256712178777, 50.27658229252973], [127.49243818881583, 50.27622085245997]]], [[[127.49307151750797, 50.27838767159453], [127.49393032633402, 50.27785915289242], [127.4939388376917, 50.27758943756919], [127.49085234485896, 50.2775493986061], [127.49084381607439, 50.27781911354837], [127.49138794761828, 50.278365829505354], [127.49307719510207, 50.278207861467955], [127.49307151750797, 50.27838767159453]]], [[[127.44046094990863, 50.27769358502991], [127.44199829387654, 50.27789408963021], [127.44328145712973, 50.277281688971186], [127.44329025447378, 50.2770119800022], [127.43989978168658, 50.27768605313337], [127.43989096497617, 50.27795576163622], [127.44003713509518, 50.27777783920318], [127.44045507422875, 50.27787339074778], [127.44046094990863, 50.27769358502991]]], [[[127.49263926631151, 50.27874183352324], [127.49306300100885, 50.27865738677302], [127.49307151750797, 50.27838767159453], [127.49293121993797, 50.27838585235147], [127.49263926631151, 50.27874183352324]]], [[[127.45006814436591, 50.28007066525352], [127.45107066924783, 50.27945443587856], [127.45136585251294, 50.27900865879147], [127.4537479851917, 50.27913031940455], [127.4540314920172, 50.27904414892575], [127.45404022917116, 50.27877443866696], [127.45278922312832, 50.27839802184144], [127.45194453727214, 50.27847671547871], [127.4498693133314, 50.27754963191432], [127.44846931391328, 50.277441007475986], [127.44790229895243, 50.27761332062852], [127.44817996039015, 50.27770697078558], [127.44816826711524, 50.27806658353163], [127.44872651971266, 50.27816397875922], [127.44857745792213, 50.27843181559437], [127.44716280956891, 50.2787726910641], [127.44687344059571, 50.27903865091958], [127.44954491782988, 50.27889443763043], [127.44980506774182, 50.2795275033509], [127.44937833106952, 50.27970169478859], [127.44908020307008, 50.280237369754005], [127.45006814436591, 50.28007066525352]]], [[[127.4463064009346, 50.27921095601067], [127.44616024950268, 50.27938888646226], [127.44687051470052, 50.27912855403204], [127.4463064009346, 50.27921095601067]]], [[[127.43867156053703, 50.28090748062391], [127.44008633084071, 50.28056670979258], [127.44009808604102, 50.28020709858135], [127.43883833274714, 50.28010024070051], [127.43883245045359, 50.28028004620468], [127.43953100868329, 50.28037937022257], [127.43896980913439, 50.28037183354665], [127.43882068568757, 50.28063965719472], [127.43797299650682, 50.28080815139325], [127.4373970726875, 50.2812501205384], [127.43781503657475, 50.281345681756136], [127.43796416793303, 50.28107785950303], [127.43866567744692, 50.281087286088706], [127.43867156053703, 50.28090748062391]], [[127.43924452808037, 50.28055540775406], [127.43938188834552, 50.28064719461948], [127.43924158765866, 50.28064531051721], [127.43924452808037, 50.28055540775406]], [[127.43980572986096, 50.28056294312354], [127.43966836900807, 50.28047115675248], [127.43980866921152, 50.280473040334954], [127.43980572986096, 50.28056294312354]], [[127.43980866921152, 50.280473040334954], [127.43995190850147, 50.28038502095207], [127.43994896942989, 50.28047492374814], [127.43980866921152, 50.280473040334954]]], [[[127.50778290133138, 50.28370417211286], [127.50610757691233, 50.28341282488737], [127.50609068809203, 50.283952257980346], [127.50776603127254, 50.284243605590234], [127.50778290133138, 50.28370417211286]]], [[[127.51277537218631, 50.28565693908587], [127.5123544116231, 50.28565155163088], [127.51233759207408, 50.28619098604732], [127.51360048841296, 50.28620714414796], [127.51360889111862, 50.285937426792785], [127.51276696485336, 50.28592665635217], [127.51277537218631, 50.28565693908587]]], [[[127.41748952973782, 50.28898561836389], [127.41804784357575, 50.28908316140073], [127.41667145802991, 50.28825493798717], [127.41669234387288, 50.28762562625228], [127.41585042604176, 50.287614153645315], [127.41583251442634, 50.28815356349004], [127.41611017201885, 50.288247290090005], [127.41594895472366, 50.28887468914021], [127.41635798707398, 50.28924003253318], [127.41648040616514, 50.28978135435126], [127.41675807446772, 50.2898750794791], [127.41674912314063, 50.29014478442115], [127.41815537600482, 50.29007399018448], [127.41873754427942, 50.289452316249466], [127.41846583537493, 50.28917879236491], [127.41761792529499, 50.289347135740314], [127.41748952973782, 50.28898561836389]], [[127.41818220566473, 50.28926487475792], [127.41831954952892, 50.289356686239216], [127.41817922465191, 50.28935477647809], [127.41818220566473, 50.28926487475792]]], [[[127.41860615975384, 50.289180701775265], [127.41874052425067, 50.289362414506606], [127.41888084918817, 50.28936432359041], [127.41888978821869, 50.289094618334495], [127.41860615975384, 50.289180701775265]]], [[[127.37476750104342, 50.29028484724043], [127.37463023959404, 50.29019298509305], [127.37462717642624, 50.29028288488357], [127.37476750104342, 50.29028484724043]]], [[[127.45293980928352, 50.29539907484185], [127.45352742457, 50.294597417356506], [127.45339582753657, 50.294325840502324], [127.45297188607427, 50.2944101404656], [127.4529543898648, 50.2949495592391], [127.45267078597084, 50.29503572597375], [127.45266203603637, 50.29530543529983], [127.45238134670258, 50.295301698197825], [127.45265911936195, 50.295395338405484], [127.45250710652064, 50.29575308231695], [127.45278779852694, 50.29575681913947], [127.4527790490303, 50.29602652844682], [127.4530626586666, 50.295940361514624], [127.45293980928352, 50.29539907484185]]], [[[127.45311552719336, 50.29863932224433], [127.45144003193478, 50.29834718595303], [127.45242542457301, 50.29827036832125], [127.45229090652954, 50.298088693398206], [127.45144878972222, 50.29807747692441], [127.45159789934763, 50.29780963770009], [127.45229674180854, 50.297908887300366], [127.45230549461607, 50.29763917814219], [127.45188444011066, 50.29763357075648], [127.45219723849506, 50.29664837555113], [127.45191654132115, 50.296644637255035], [127.45190486836093, 50.29700424945869], [127.45162416913175, 50.29700051043763], [127.4516300066987, 50.29682070436256], [127.45037562903366, 50.29653416152637], [127.44993997500069, 50.29697806208319], [127.44923530477682, 50.29705860433779], [127.44896922457173, 50.29660534424075], [127.44940488407596, 50.29616144734703], [127.44814468708553, 50.296054686556076], [127.44802189337138, 50.29551339520782], [127.44760085848121, 50.29550777247945], [127.44757744819995, 50.29622699553599], [127.44701020526371, 50.29639930170466], [127.44534068886614, 50.29592727279596], [127.44534654989378, 50.29574746722222], [127.44478223646372, 50.29582985973238], [127.44463016330992, 50.296187592755736], [127.44461843561193, 50.296547203747544], [127.44503361672847, 50.296732642883306], [127.444884473929, 50.29700047342416], [127.44542828773166, 50.29754739994457], [127.44541363488621, 50.297996913744996], [127.44568554885399, 50.29827037611223], [127.44708029650909, 50.298558844937624], [127.4470539481966, 50.299367970243004], [127.44620595237488, 50.29953652116484], [127.44647787950866, 50.299809981731244], [127.44605387741281, 50.29989425581963], [127.44573799937942, 50.30096933531282], [127.44670881202009, 50.3013420804595], [127.44669416927158, 50.30179159423783], [127.44725562287135, 50.30179909592314], [127.44738134979812, 50.30225048480992], [127.4483522014542, 50.3026232165094], [127.44848086613707, 50.302984701455074], [127.44903940996444, 50.30308209747241], [127.44916223281515, 50.30362338734903], [127.44998983375793, 50.304084135578165], [127.45041094483372, 50.30408975034394], [127.45041678844215, 50.30390994459236], [127.4509841094026, 50.303737622722174], [127.45127652877179, 50.303381751973376], [127.45183800230807, 50.303389231699796], [127.45184384039129, 50.303209425805214], [127.45240823001102, 50.30312699980018], [127.45256318596297, 50.30267935369385], [127.45298136831686, 50.3027748620308], [127.45312756812231, 50.30259692411942], [127.45284975288233, 50.30250328474957], [127.45313340117994, 50.30241711809075], [127.45315381641555, 50.30178779694249], [127.45273855949641, 50.301602386275675], [127.45275897935194, 50.30097306515601], [127.45346078635686, 50.30098240511949], [127.45372984826474, 50.301345752162455], [127.4538993602039, 50.30044858861843], [127.45333500480612, 50.300531022215985], [127.45321214166607, 50.2999897361081], [127.45363904784725, 50.29981553272182], [127.45377357578589, 50.29999720612418], [127.45364487840159, 50.29963572656328], [127.45392559340581, 50.29963946084634], [127.45394891080215, 50.2989202360566], [127.45423253571533, 50.298834066449906], [127.45412423736022, 50.29784326545842], [127.45384353289997, 50.29783953175104], [127.45414463621393, 50.29721394351831], [127.45417377617714, 50.296314912045965], [127.45388433728394, 50.296580887962044], [127.45370318069202, 50.29783766464326], [127.4529926709426, 50.2980980358015], [127.45326754517379, 50.29828157775181], [127.45325588172113, 50.29864119008298], [127.45367694539323, 50.29864679258257], [127.45379981070165, 50.29918807833694], [127.45323838609846, 50.29918060853411], [127.45296933980796, 50.298817260369056], [127.45311552719336, 50.29863932224433]], [[127.45367694539323, 50.29864679258257], [127.45382312962138, 50.29846885353372], [127.45381729998016, 50.298648659743655], [127.45367694539323, 50.29864679258257]], [[127.45063311294243, 50.30157434035154], [127.45076179232255, 50.30193582296849], [127.45061850705869, 50.302023854946576], [127.45020033618164, 50.3019283382005], [127.45063311294243, 50.30157434035154]], [[127.45020618013625, 50.301748532399614], [127.45006873888629, 50.30165675789918], [127.45020910209132, 50.30165862949689], [127.45020618013625, 50.301748532399614]], [[127.45006873888629, 50.30165675789918], [127.44922948375836, 50.301555621892604], [127.44924410249043, 50.3011061075564], [127.44966518712435, 50.3011117247838], [127.44953359503995, 50.30084014388846], [127.45079976322026, 50.300767084845376], [127.45064187629488, 50.301304631576265], [127.44994298789291, 50.301205371655], [127.45006873888629, 50.30165675789918]], [[127.4521683519951, 50.30186462004692], [127.45230287989834, 50.30204629509115], [127.4521625154136, 50.30204442601088], [127.4521683519951, 50.30186462004692]], [[127.45245491538658, 50.3016885520206], [127.4525923613828, 50.30178032374192], [127.45245199766161, 50.301778455018244], [127.45245491538658, 50.3016885520206]], [[127.45049859273587, 50.301392663431194], [127.45063603407473, 50.30148443742798], [127.450495671354, 50.301482566350366], [127.45049859273587, 50.301392663431194]], [[127.45137288447026, 50.300414954717404], [127.45152492143265, 50.300057212782455], [127.45180855740209, 50.299971049209866], [127.45193432310779, 50.30042243366093], [127.45249284446442, 50.30051981291292], [127.45276189641497, 50.30088316213284], [127.45177936908019, 50.30087007911038], [127.45137288447026, 50.300414954717404]], [[127.44689016809504, 50.30008531724016], [127.44702759868125, 50.30017709542508], [127.44688724004735, 50.30017522002612], [127.44689016809504, 50.30008531724016]], [[127.4522267145534, 50.30006656007274], [127.45250451444674, 50.30016020082806], [127.4522237965661, 50.3001564630859], [127.4522267145534, 50.30006656007274]], [[127.45237290862343, 50.299888622979836], [127.45167695605804, 50.29969947060631], [127.45251910159168, 50.29971068568775], [127.45237290862343, 50.299888622979836]], [[127.45098976983464, 50.299240605194484], [127.45112720602195, 50.299332378594954], [127.45098684960143, 50.29933050816796], [127.45098976983464, 50.299240605194484]], [[127.45351618291029, 50.29927424685603], [127.45365362412221, 50.29936601731408], [127.45351326743533, 50.299364149936224], [127.45351618291029, 50.29927424685603]], [[127.4504926100024, 50.29725525653691], [127.45089905988527, 50.297710383922904], [127.4505979109026, 50.29833596327444], [127.44961835975275, 50.29823295951132], [127.44949554422337, 50.297691669710716], [127.4499195208475, 50.297607382799534], [127.44993120902396, 50.29724777097076], [127.4504926100024, 50.29725525653691]], [[127.44628210844807, 50.29719904873128], [127.44644002975107, 50.296661507883556], [127.44700142290264, 50.29666901024524], [127.4471329895259, 50.296940593956954], [127.44797801020816, 50.29686193862645], [127.44825578300375, 50.296955589337756], [127.44824408231817, 50.29731520089968], [127.44697507501769, 50.297478135784814], [127.44670315800245, 50.297204676371855], [127.44628210844807, 50.29719904873128]], [[127.4453055214517, 50.297006106110466], [127.44544294020551, 50.29709788610608], [127.4453025907372, 50.297096008876785], [127.4453055214517, 50.297006106110466]]], [[[127.45048106422246, 50.301932080923315], [127.45062434945666, 50.30184404911312], [127.45048398567842, 50.301842178011775], [127.45048106422246, 50.301932080923315]]], [[[127.45054547208306, 50.30427142735105], [127.4508349770613, 50.304005460692075], [127.45055715830158, 50.30391181583023], [127.45054547208306, 50.30427142735105]]], [[[127.44998691113821, 50.30417403843386], [127.44984946342898, 50.30408226365072], [127.44984654054485, 50.30417216650048], [127.44998691113821, 50.30417403843386]]], [[[127.4505396288849, 50.30445123310231], [127.45040510116597, 50.30426955608944], [127.45039925743896, 50.30444936182883], [127.4505396288849, 50.30445123310231]]], [[[127.38712330541058, 50.39811724968912], [127.38684507009218, 50.39802344996811], [127.38684201828981, 50.398113348625266], [127.38712330541058, 50.39811724968912]]], [[[127.39048962092554, 50.39843370586815], [127.3907617771338, 50.39870729459835], [127.39104915613866, 50.398531388549294], [127.39117762656572, 50.39889292944721], [127.39216215000364, 50.39890654365743], [127.3923149624185, 50.39854889231164], [127.39287450293865, 50.3986465662574], [127.39273993882418, 50.39846482492891], [127.39302122883971, 50.398468711751924], [127.39303034925484, 50.39819901497394], [127.39359900435481, 50.39802698859728], [127.39275514209677, 50.39801533035297], [127.39332075641869, 50.39793320425129], [127.39276426387495, 50.39774563358903], [127.39022660405315, 50.397890420097006], [127.38952948204663, 50.39770088739227], [127.38966098524439, 50.397972531105204], [127.3893705575747, 50.39823833249068], [127.39048962092554, 50.39843370586815]], [[127.39233625258183, 50.39791960003489], [127.3924708136458, 50.39810134181764], [127.3923301697553, 50.39809939783589], [127.39233625258183, 50.39791960003489]], [[127.38966403169997, 50.397882632321256], [127.38980772093934, 50.39779468072851], [127.38980467476503, 50.39788457952015], [127.38966403169997, 50.397882632321256]], [[127.38980467476503, 50.39788457952015], [127.38994227192161, 50.39797642534538], [127.38980162857526, 50.39797447831028], [127.38980467476503, 50.39788457952015]], [[127.38965489228677, 50.39815232866849], [127.38993922598213, 50.398066324140146], [127.39007377821595, 50.398248068608744], [127.38979248991303, 50.39824417467143], [127.38965489228677, 50.39815232866849]]], [[[127.38795801802385, 50.398398644912135], [127.38796716714494, 50.398128948801286], [127.38726699999923, 50.39802930129034], [127.38712025412431, 50.39820714835711], [127.38599510388705, 50.39819153997283], [127.38584529904882, 50.39845928398755], [127.38612658807882, 50.39846318748058], [127.38597983659119, 50.3986410330422], [127.38640482449358, 50.39855698892464], [127.38639566636863, 50.39882668480823], [127.38723648925168, 50.39892828797873], [127.38795801802385, 50.398398644912135]], [[127.38655462651663, 50.39828924416648], [127.38683286278966, 50.398383044587554], [127.38655157413616, 50.398379142806654], [127.38655462651663, 50.39828924416648]]], [[[127.4412794119257, 50.420081567438665], [127.44157558943954, 50.41963583456812], [127.44086908278486, 50.41971630755962], [127.44100093904358, 50.419987895465255], [127.44057289816007, 50.42016203855976], [127.44070180161611, 50.42052352742864], [127.44098322877387, 50.42052729947097], [127.44085432315859, 50.42016581089443], [127.4412794119257, 50.420081567438665]]], [[[127.43993620465983, 50.42240200705372], [127.43937037345914, 50.42248435758635], [127.43949336398934, 50.423025648746005], [127.43920010062156, 50.42338147514763], [127.4399155267469, 50.42303131114048], [127.43993620465983, 50.42240200705372]]], [[[127.44018515450934, 50.42339468756916], [127.43990371046631, 50.42339091344227], [127.44003852478232, 50.42357260174453], [127.4396104478329, 50.42374674086432], [127.43876610985569, 50.42373541221484], [127.43876019724591, 50.42391521324852], [127.43916758996978, 50.424370381022335], [127.43958976461637, 50.4243760447073], [127.43987712295653, 50.42420001853221], [127.44018515450934, 50.42339468756916]]], [[[127.44284544788587, 50.43242433820717], [127.44212399806193, 50.4329543196279], [127.44324410498834, 50.43314919375388], [127.44325000255334, 50.432969392623654], [127.44283070031562, 50.432873840977265], [127.44284544788587, 50.43242433820717]]], [[[127.36374820506403, 50.43538604846604], [127.36361055257733, 50.43529417166576], [127.36360745273451, 50.435384068708785], [127.36374820506403, 50.43538604846604]]], [[[127.47918140549281, 50.44099958673324], [127.47902621945494, 50.441447256197854], [127.47973299081791, 50.441366554055676], [127.47975027377446, 50.4408271421759], [127.47918140549281, 50.44099958673324]]], [[[127.479155471003, 50.44180870429485], [127.47787403817134, 50.44224164463256], [127.47842851061098, 50.442518716213826], [127.47827331220762, 50.442966384452774], [127.47798886306231, 50.443052603303904], [127.47797444281309, 50.4435021126673], [127.47825601115075, 50.44350579576356], [127.47870142532938, 50.442792103897474], [127.4791237716814, 50.44279762559222], [127.479155471003, 50.44180870429485]]], [[[127.4630688788865, 50.442766526462975], [127.46362326936338, 50.4430436678544], [127.46392229699225, 50.44250797790588], [127.46322130769572, 50.442408781052514], [127.4630688788865, 50.442766526462975]]], [[[127.47650308991474, 50.44546152643146], [127.47580202914227, 50.445362404805316], [127.47536232519593, 50.4458962812158], [127.4753507679563, 50.44625588809401], [127.4756323522911, 50.446259577682994], [127.47562368580647, 50.44652928286087], [127.47534209987228, 50.44652559323675], [127.47547133624724, 50.44688704499312], [127.47604028868747, 50.4467146194994], [127.47606339285691, 50.445995405545126], [127.47634497573925, 50.44599909339615], [127.47650308991474, 50.44546152643146]]], [[[127.47546844706432, 50.44697694670413], [127.47476736626406, 50.44687781868707], [127.47432763633704, 50.44741169082197], [127.47475002294888, 50.447417228754546], [127.47502005372552, 50.44778052658633], [127.47518107901762, 50.44715306007486], [127.47546844706432, 50.44697694670413]]], [[[127.44516560197744, 50.44756527485216], [127.44532112783581, 50.447117654127624], [127.44447342382963, 50.447196263555185], [127.44431494143512, 50.44773378344872], [127.44514497494964, 50.44819457776652], [127.44557030870439, 50.44811032124944], [127.44557914650495, 50.447840619951236], [127.44516560197744, 50.44756527485216]]], [[[127.46401176060773, 50.448445177897554], [127.46302034978457, 50.44861196486814], [127.46301452386601, 50.448791767189725], [127.46357771945048, 50.44879920565286], [127.46370687170064, 50.449160669585936], [127.46398847174412, 50.44916438750236], [127.46401176060773, 50.448445177897554]]], [[[127.44299172577607, 50.449424939564224], [127.44427071532058, 50.449082289019], [127.44442035850493, 50.4488144704704], [127.44330872891081, 50.44834990376552], [127.44332643023783, 50.44781050175656], [127.44246985540515, 50.44815879739655], [127.4425988446394, 50.44852028330789], [127.44216759724006, 50.44878432942656], [127.44214988212664, 50.449323731047855], [127.44299172577607, 50.449424939564224]], [[127.44358147216657, 50.448623372015426], [127.4432910270437, 50.44888930571967], [127.44329987804477, 50.448619604749446], [127.44358147216657, 50.448623372015426]]], [[[127.47215200300958, 50.44936181229418], [127.47328419989984, 50.449196795010344], [127.47358605222136, 50.44857117854436], [127.47400266473868, 50.44875652250559], [127.47457453597993, 50.448494202848075], [127.47458320903266, 50.448224497893364], [127.47331313473097, 50.44829777909064], [127.47344236012694, 50.448659232898684], [127.47217227268159, 50.44873250151618], [127.47216358576767, 50.449002206144435], [127.47173249610869, 50.44926636326096], [127.47088479317031, 50.44934516514903], [127.47089638552609, 50.44898555921071], [127.47018948650779, 50.44906620641124], [127.47016919029603, 50.44969551657108], [127.47073529692929, 50.449613019034935], [127.47072950004133, 50.44979282197413], [127.47114900947716, 50.44988827463919], [127.4721462115422, 50.449541615359955], [127.47215200300958, 50.44936181229418]]], [[[127.45442582062132, 50.44867799301815], [127.45427330453848, 50.44903572574493], [127.45512102683274, 50.44895704508735], [127.455132738505, 50.44859744178254], [127.45442582062132, 50.44867799301815]]], [[[127.45720377079287, 50.449884077634344], [127.45861471019809, 50.44981283831742], [127.4589342836699, 50.448647855857345], [127.4566844398044, 50.44852809494056], [127.45653779170166, 50.448706029024805], [127.45611832324731, 50.448610524018726], [127.45567836849749, 50.449144323458356], [127.45512102683274, 50.44895704508735], [127.45539091475399, 50.44932038709603], [127.45594826175063, 50.4495076642112], [127.45620645511617, 50.45023060776299], [127.45661716222807, 50.450595815147054], [127.45747075626213, 50.450337315849715], [127.45720377079287, 50.449884077634344]], [[127.45707466641457, 50.44952260695749], [127.4572125430189, 50.44961437493669], [127.45707174210237, 50.449612507853814], [127.45707466641457, 50.44952260695749]], [[127.4566727399216, 50.4488876985125], [127.45779328448592, 50.44908243598659], [127.45778451572669, 50.449352138782736], [127.45665518965117, 50.449427103824796], [127.45637944023441, 50.449243566409116], [127.4566727399216, 50.4488876985125]], [[127.4579311612389, 50.4491742031219], [127.4580690385251, 50.44926597009725], [127.45792823858575, 50.44926410405988], [127.4579311612389, 50.4491742031219]], [[127.4586497661291, 50.44873402671547], [127.45878764356387, 50.44882579284695], [127.45864684488323, 50.44882392769066], [127.4586497661291, 50.44873402671547]]], [[[127.45084421906303, 50.45051909449628], [127.45297092942276, 50.45009769268382], [127.45298265786562, 50.449738089814474], [127.45200291902223, 50.44954517945167], [127.45159519136963, 50.4490900554503], [127.45061547175698, 50.44889713355597], [127.44905493296476, 50.44923610095015], [127.44932771463287, 50.4495095560367], [127.44975011496744, 50.44951518487356], [127.44974130035169, 50.44978488662641], [127.44989385301766, 50.44942716021864], [127.4501754528121, 50.449430911572556], [127.45015489086933, 50.45006021577695], [127.4504247465786, 50.45042356894973], [127.45071222525996, 50.45024751784313], [127.45072397088497, 50.44988791536665], [127.45115224599019, 50.449713737882966], [127.45157464850686, 50.44971936011393], [127.45156877898319, 50.44989916143271], [127.45084421906303, 50.45051909449628]], [[127.4511669235372, 50.449264234648645], [127.45130478781523, 50.449356009522035], [127.45116398805766, 50.44935413529854], [127.4511669235372, 50.449264234648645]]], [[[127.46170360239803, 50.450123537106066], [127.46155113610483, 50.45048127974071], [127.46267465305337, 50.45058606958185], [127.46268048063102, 50.450406267344654], [127.46310580457174, 50.450321946649545], [127.46337867408359, 50.45059536952853], [127.46298830649908, 50.44960087756169], [127.46171234911881, 50.449853833849296], [127.46172692669028, 50.44940432839093], [127.46131327372343, 50.44912903979333], [127.46075007482202, 50.4491215903367], [127.46045388611421, 50.44956736980169], [127.45974404279632, 50.449737854314556], [127.45972652691493, 50.45027726032677], [127.4601401804132, 50.450552554520534], [127.46097917005685, 50.45074353442793], [127.46142199696334, 50.45011981361009], [127.46170360239803, 50.450123537106066]]], [[[127.44930714138825, 50.45013885998028], [127.44847409255331, 50.44976799535695], [127.44834211437531, 50.449496416123665], [127.44763811464, 50.44948702536261], [127.44734474387091, 50.44984286979484], [127.44692528466703, 50.449747331739275], [127.44705725536257, 50.450018912500795], [127.44747671723246, 50.45011445010057], [127.44818366743665, 50.450033941410716], [127.44803109986833, 50.45039166540453], [127.44873511315818, 50.450401053909225], [127.44930714138825, 50.45013885998028]]], [[[127.46154822017566, 50.45057118081127], [127.46141033232846, 50.45047941788392], [127.46140741613266, 50.450569318948574], [127.46154822017566, 50.45057118081127]]], [[[127.46351656612275, 50.4506871301587], [127.46337867408359, 50.45059536952853], [127.46337576160565, 50.45068527067438], [127.46351656612275, 50.4506871301587]]], [[[127.4079150356801, 50.44948988796531], [127.40763344123899, 50.44948603435192], [127.40776216746306, 50.449847556345055], [127.40745944236657, 50.45047299362493], [127.40816344316978, 50.450482627569144], [127.4079150356801, 50.44948988796531]]], [[[127.40660558178602, 50.45073112340314], [127.40618317936536, 50.45072533787272], [127.40649196331812, 50.44992010668425], [127.40608467291047, 50.44946482730275], [127.40566228187066, 50.449459039986046], [127.40578797143371, 50.44991046270619], [127.40492806586302, 50.45034837753526], [127.40534139739462, 50.45062386356026], [127.40519152876404, 50.45089162963195], [127.40546104218036, 50.45125508384282], [127.40616505390545, 50.451264729983166], [127.40660558178602, 50.45073112340314]]], [[[127.44164478494677, 50.4518352809796], [127.44139271444399, 50.450932506848], [127.4419647889282, 50.45067034947289], [127.44213216647272, 50.449863132614325], [127.44141930134133, 50.450123404911544], [127.44029880305956, 50.449928510160014], [127.44028993458738, 50.45019821068457], [127.4400083315591, 50.450194435369525], [127.44041891235044, 50.45055969878869], [127.44084132024996, 50.45056536004502], [127.44041300037341, 50.45073949913057], [127.44040413229516, 50.45100919963198], [127.44123713831183, 50.451380121582666], [127.44107860429455, 50.45191763622943], [127.44164478494677, 50.4518352809796]]], [[[127.4702462053908, 50.45167519938609], [127.46983538311116, 50.45131003915427], [127.46941586391105, 50.45121458168595], [127.4695305623506, 50.452025546385904], [127.47023460699998, 50.452034805048264], [127.4702462053908, 50.45167519938609]]], [[[127.45476914135956, 50.451110924758545], [127.45335229548944, 50.45136191844523], [127.45290935118325, 50.451985607348746], [127.45361632086238, 50.45190506584285], [127.45389207468541, 50.45208860976949], [127.45418248094865, 50.4518226493809], [127.45488651751904, 50.451832000864385], [127.45476914135956, 50.451110924758545]], [[127.45475742588654, 50.4514705278456], [127.45475156806064, 50.45165032938], [127.45447288393778, 50.451556688226106], [127.45447581337653, 50.45146678747002], [127.45475742588654, 50.4514705278456]]], [[[127.43756436490054, 50.451690618464596], [127.43883457658595, 50.45161772890421], [127.43899017615051, 50.451170117615], [127.43983795951806, 50.45109154892624], [127.43998763419864, 50.45082373645625], [127.43815719172018, 50.45079917975859], [127.43829207483184, 50.450980869910005], [127.43758509504138, 50.45106131819832], [127.43729460139737, 50.451327236379115], [127.43517363491748, 50.45156854989984], [127.43516473679284, 50.45183824968928], [127.43684552184934, 50.45213066220542], [127.43756436490054, 50.451690618464596]]], [[[127.47037251660618, 50.45212655768741], [127.47023460699998, 50.452034805048264], [127.4702317073654, 50.452124706460005], [127.47037251660618, 50.45212655768741]]], [[[127.46882942035631, 50.45192638211118], [127.46938104971737, 50.45229339826734], [127.4698034788183, 50.45229895453957], [127.4695305623506, 50.452025546385904], [127.46882942035631, 50.45192638211118]]], [[[127.4555700625923, 50.45247065364063], [127.4557284347964, 50.45193311782772], [127.45629166574464, 50.45194059188514], [127.4563033697837, 50.45158098856739], [127.45671993956157, 50.45176639394851], [127.45714821025327, 50.45159219440183], [127.456731640282, 50.45140679054742], [127.4567404156661, 50.451137087980655], [127.4561918248131, 50.45068011199075], [127.45562860885552, 50.450672637584326], [127.45576063206259, 50.4509442089064], [127.45533529005681, 50.45102850257171], [127.45560226377398, 50.45148174488491], [127.4553177232463, 50.45156790734476], [127.45530893964003, 50.451837609710736], [127.45488358882059, 50.45192190163221], [127.45471349074002, 50.45281903920537], [127.45442308119942, 50.45308500084692], [127.45583411936617, 50.45301379619134], [127.45585168120658, 50.45247439142181], [127.4555700625923, 50.45247065364063]]], [[[127.44121350175865, 50.45209932309161], [127.4410756494212, 50.45200753640825], [127.44107269453282, 50.452097436585554], [127.44121350175865, 50.45209932309161]]], [[[127.44106973962943, 50.452187336761334], [127.44093188732201, 50.45209554990918], [127.44092893215199, 50.45218545007897], [127.44106973962943, 50.452187336761334]]], [[[127.4719069368325, 50.452596417336366], [127.4719156263137, 50.45232671290783], [127.47092995706979, 50.452313763771556], [127.47106207263663, 50.45258531848193], [127.47007929838703, 50.45248246067058], [127.46992398675359, 50.45293011602586], [127.47076595792629, 50.45303112461679], [127.4719069368325, 50.452596417336366]]], [[[127.43935342728854, 50.452973786198655], [127.43948832101172, 50.45315547499614], [127.44033318279808, 50.453166803149934], [127.44092893215199, 50.45218545007897], [127.44064436152387, 50.452271576359585], [127.44051242173468, 50.451999988704856], [127.43924220196499, 50.45207289650852], [127.43838552013082, 50.452421160849795], [127.43837960005654, 50.45260096095981], [127.43752882579925, 50.45276941874745], [127.43766075046777, 50.45304100961375], [127.43935342728854, 50.452973786198655]], [[127.43850856933378, 50.452962450963554], [127.4386523385269, 50.452874440535034], [127.43864937895529, 50.4529643405952], [127.43850856933378, 50.452962450963554]]], [[[127.43203728723114, 50.45269554424183], [127.43245971245963, 50.452701236092985], [127.43243891312149, 50.453330534641275], [127.43272053374903, 50.453334328441464], [127.43289104919984, 50.45243722695643], [127.43233376158497, 50.45224984000092], [127.43233970449917, 50.45207004039879], [127.43162378071348, 50.452420151565626], [127.43091974319456, 50.45241065927655], [127.43047947078051, 50.4529443601408], [127.4300540679205, 50.4530285607724], [127.43004514022894, 50.45329825983367], [127.43088702642316, 50.45339955628287], [127.43089594936052, 50.45312985711763], [127.4320313430388, 50.45287534379853], [127.43203728723114, 50.45269554424183]]], [[[127.43763705830031, 50.45376020969194], [127.43734358590498, 50.4541160277204], [127.4383292769939, 50.45412926164913], [127.43848489008596, 50.45368165134204], [127.43763705830031, 50.45376020969194]]], [[[127.43537517184267, 50.45399963492347], [127.43535737621374, 50.45453903431398], [127.43578574886502, 50.45436491443651], [127.43592063266341, 50.45454660723912], [127.43594138671119, 50.45391730777654], [127.43537517184267, 50.45399963492347]]], [[[127.55482421584513, 50.12537025015436], [127.55468707021478, 50.125278599337406], [127.55468436217627, 50.125368509274594], [127.55482421584513, 50.12537025015436]]], [[[127.5510291672923, 50.12595255581143], [127.55089202736457, 50.12586090056914], [127.55088931216095, 50.125950810346644], [127.5510291672923, 50.12595255581143]]], [[[127.551520736131, 50.12820728062566], [127.55167145369798, 50.127849386285696], [127.55125458634981, 50.12775424180119], [127.55124644218918, 50.12802397108399], [127.551520736131, 50.12820728062566]]], [[[127.55234363052566, 50.12875720543826], [127.55249434379088, 50.12839931002459], [127.551520736131, 50.12820728062566], [127.55150716473663, 50.1286568294404], [127.55206119048142, 50.12884362714441], [127.55245908092488, 50.12956813732831], [127.55329556469837, 50.12966850660834], [127.55330911982583, 50.12921895751733], [127.55234363052566, 50.12875720543826]]], [[[127.55540980039454, 50.129155169418695], [127.55501186847307, 50.12843066893933], [127.5545949892219, 50.12833553635659], [127.55403012100363, 50.1285083901516], [127.55402199222533, 50.12877811972971], [127.55471047685724, 50.129146466387446], [127.55468610107346, 50.12995565523446], [127.55509487133028, 50.13032051722194], [127.55579421209531, 50.13032921808552], [127.55581586319116, 50.12960993881169], [127.55539897208736, 50.12951480903164], [127.55540980039454, 50.129155169418695]]], [[[127.56710746843592, 50.13100904755388], [127.56697028314449, 50.13091741099243], [127.5669675975796, 50.13100732132666], [127.56710746843592, 50.13100904755388]]], [[[127.56738721018927, 50.131012499503036], [127.56725002434689, 50.1309208632675], [127.56724733930581, 50.13101077361268], [127.56738721018927, 50.131012499503036]]], [[[127.55755573289072, 50.132239929765746], [127.55728409667064, 50.13196672426969], [127.55727868902913, 50.13214654414007], [127.55755573289072, 50.132239929765746]]], [[[127.55683472622742, 50.13295051854771], [127.55666509445668, 50.13393778868722], [127.5572246096051, 50.13394474251246], [127.55736989609112, 50.13376666072655], [127.55695296583755, 50.13367153625231], [127.55683472622742, 50.13295051854771]]], [[[127.56952059263635, 50.13454659675554], [127.57007475785589, 50.134733309503666], [127.5701905206402, 50.13554422564652], [127.57021999941969, 50.13455521127216], [127.56952059263635, 50.13454659675554]]], [[[127.57018784066982, 50.135634136035165], [127.57033040491918, 50.13554594810456], [127.5701905206402, 50.13554422564652], [127.57018784066982, 50.135634136035165]]], [[[127.57032772521076, 50.13563585849867], [127.57044885326076, 50.13626695354851], [127.57100839894977, 50.13627384119704], [127.57103518327379, 50.135374737020804], [127.57088726351013, 50.1356427466682], [127.57032772521076, 50.13563585849867]]], [[[127.55838894985168, 50.13710722620201], [127.55824635925443, 50.13719539921577], [127.55866602438017, 50.13720060936806], [127.55838894985168, 50.13710722620201]]], [[[127.55582223892935, 50.138694312760165], [127.5555668226863, 50.137881644639336], [127.55545401035674, 50.136980806553574], [127.55517694350402, 50.136887415784486], [127.5549323816038, 50.135715107047844], [127.5543755559892, 50.13561823223754], [127.55474102743679, 50.137421651581526], [127.55555328455553, 50.13833119350375], [127.5555153759676, 50.13958993012376], [127.55592694027642, 50.13986487961142], [127.5559106973869, 50.14040433814459], [127.5563276837437, 50.140499466744735], [127.55623379744263, 50.13896926114991], [127.55582223892935, 50.138694312760165]]], [[[127.5587734943206, 50.13828126462484], [127.55863900651168, 50.13809970839164], [127.55863360277398, 50.13827952817828], [127.5587734943206, 50.13828126462484]]], [[[127.5596074437629, 50.138471499624124], [127.55947025194128, 50.13837985425477], [127.5594675516103, 50.13846976417732], [127.5596074437629, 50.138471499624124]]], [[[127.54544023266146, 50.13955409979691], [127.54460086626175, 50.13954358203649], [127.5445926812882, 50.139813309973896], [127.5462632483523, 50.14010406775373], [127.54627142401706, 50.13983433962997], [127.54711079612606, 50.13984484536081], [127.54713530822681, 50.13903566060847], [127.54629595026692, 50.13902515517723], [127.54632047540021, 50.13821597060236], [127.5467401472439, 50.13822122392622], [127.54676466418674, 50.13741203907939], [127.5455056702496, 50.13739627500904], [127.54544023266146, 50.13955409979691]]], [[[127.53071834068781, 50.14044806843774], [127.53043854845575, 50.1404445276797], [127.53086099096643, 50.14035992981378], [127.5307348669012, 50.139908615947114], [127.529045103214, 50.14024699642533], [127.53016426716918, 50.140261168801835], [127.5305729351915, 50.14062611561652], [127.53071834068781, 50.14044806843774]]], [[[127.52875979623443, 50.140423268980214], [127.52903683056984, 50.140516722457264], [127.5290423456799, 50.14033690510414], [127.52791766121878, 50.14050253916415], [127.52861162522049, 50.1406912222992], [127.52875979623443, 50.140423268980214]]], [[[127.56061055573106, 50.142351504507054], [127.56020704105426, 50.14180684162799], [127.56035773891024, 50.14144893663701], [127.55966093489604, 50.14135035198131], [127.55969063682878, 50.14036134315939], [127.55884854934116, 50.14044083813687], [127.55895602912639, 50.14152149273623], [127.55992723723539, 50.14180337184374], [127.55990563843825, 50.142522650900254], [127.56043016823524, 50.14369841851786], [127.56112970567591, 50.1437070889222], [127.56116477492215, 50.142538260017865], [127.56061055573106, 50.142351504507054]]], [[[127.55803552231112, 50.14420836631756], [127.55785775851884, 50.1454653654717], [127.55798955962648, 50.14573683229018], [127.55826938615397, 50.14574030693937], [127.55842281435352, 50.145292495158344], [127.55803552231112, 50.14420836631756]]], [[[127.56121566125671, 50.14550702042492], [127.56131780809922, 50.14676749220938], [127.56159224674491, 50.14695077864162], [127.56143614492511, 50.147488504556115], [127.56198772987771, 50.14776516638405], [127.56217078739292, 50.1463283407205], [127.56189095695498, 50.14632487544169], [127.56191522531724, 50.14551568632372], [127.56121566125671, 50.14550702042492]]], [[[127.54616056660886, 50.148107747805795], [127.54639316022094, 50.14505258417901], [127.54612151711336, 50.144779353076075], [127.54609698292141, 50.145588536660256], [127.545397422681, 50.145579775475014], [127.54537560308786, 50.14629904944741], [127.5443934753063, 50.14637668560081], [127.54436891057009, 50.14718586834077], [127.54408907732737, 50.14718236012806], [127.54408361729665, 50.147362178475895], [127.54420442572781, 50.147993296886426], [127.54489856366997, 50.1481818839493], [127.54616056660886, 50.148107747805795]]], [[[127.55904883510945, 50.15240578396748], [127.55891160505419, 50.15231413781586], [127.55890890234267, 50.1524040474995], [127.55904883510945, 50.15240578396748]]], [[[127.56348897261176, 50.15371999990306], [127.56336250815747, 50.153268719544656], [127.56334903573685, 50.15371826875168], [127.56348897261176, 50.15371999990306]]], [[[127.55400474819018, 50.157200017862635], [127.55318135314621, 50.15665010303001], [127.55320577738456, 50.15584091845905], [127.5525087804069, 50.15574228942805], [127.55236069233668, 50.156010273105935], [127.55151288448249, 50.15626953087623], [127.55218816120309, 50.157087440723444], [127.55302240911855, 50.15727772504089], [127.55329144748048, 50.15764084976446], [127.55398847369472, 50.157739474320095], [127.55400474819018, 50.157200017862635]]], [[[127.54820159600472, 50.159286250420465], [127.54948837654102, 50.15840289813669], [127.5494992602733, 50.15804326126064], [127.5489312999022, 50.15830599538254], [127.54866501361954, 50.157852951662264], [127.54909302270886, 50.15758847036447], [127.54922480585599, 50.15785994643744], [127.5496419295553, 50.15795509997862], [127.54993270667275, 50.15759895838172], [127.54994630674982, 50.15714941213198], [127.54967457611775, 50.156876189121206], [127.54938380159419, 50.15723233013635], [127.54868679279276, 50.15713367807968], [127.54867318091283, 50.157583224080106], [127.54810794509757, 50.157756045019525], [127.54736733316878, 50.15909593139516], [127.54680207482316, 50.15926874573756], [127.54693384935732, 50.15954022426101], [127.54735370796924, 50.15954547698019], [127.54764178736666, 50.159279250570286], [127.54820159600472, 50.159286250420465]]], [[[127.5539667735988, 50.158458749512356], [127.55395049795034, 50.158998205843254], [127.55422497710461, 50.15918150967583], [127.55440560616795, 50.157834610824544], [127.5539667735988, 50.158458749512356]]], [[[127.57465013013193, 50.15970382879483], [127.57451284925742, 50.15961220075919], [127.57451017510823, 50.159702110942504], [127.57465013013193, 50.15970382879483]]], [[[127.5749300402199, 50.159707263993724], [127.57436487123444, 50.159880213272814], [127.57423293977529, 50.15960876455965], [127.57367579668308, 50.159511979985325], [127.57143652784033, 50.15948445540958], [127.5711485781436, 50.15975074196049], [127.57059143994374, 50.159653942629646], [127.57058071383027, 50.16001358273723], [127.57098717693971, 50.16046830019803], [127.57082845188413, 50.161095948067384], [127.57110836963545, 50.16109939254479], [127.57112713398573, 50.16047002231424], [127.57294657681788, 50.16049239448276], [127.57292783634124, 50.16112176520965], [127.57362763183792, 50.16113036249383], [127.57390219926052, 50.161313620497744], [127.57388347078597, 50.1619429913969], [127.57444331698032, 50.16194986503673], [127.57446203810876, 50.16132049398508], [127.57530179678713, 50.16133079915809], [127.57490063234293, 50.16069627609062], [127.5749300402199, 50.159707263993724]], [[127.57141508820536, 50.16020373588674], [127.57211219113567, 50.1603022522512], [127.57141240818996, 50.16029364593961], [127.57141508820536, 50.16020373588674]]], [[[127.54563607780288, 50.16078318350484], [127.54491991737234, 50.16131387158523], [127.54504349774767, 50.1618550790698], [127.54546610512001, 50.161770429794515], [127.5457705778742, 50.16096475423396], [127.54563607780288, 50.16078318350484]]], [[[127.54582323435989, 50.1638435950497], [127.54512886711862, 50.16365501199416], [127.54512340780202, 50.16383482991232], [127.54484347727556, 50.16383132267711], [127.54482709584559, 50.1643707763287], [127.54552147217355, 50.16455936124624], [127.54552965909781, 50.16428963435293], [127.54581232080857, 50.16420323097904], [127.54554057480344, 50.16392999847407], [127.54582323435989, 50.1638435950497]]], [[[127.55028581246553, 50.16443904706197], [127.54989039738886, 50.16362462227665], [127.54919329478177, 50.163525972546985], [127.54862799023921, 50.16369879525121], [127.54861982092211, 50.163968522542476], [127.54764278502542, 50.1638663646796], [127.5479036447947, 50.16449922861378], [127.54747829204348, 50.16467379558791], [127.54874344938143, 50.164509726272584], [127.54887524874597, 50.16478120257606], [127.54985230610183, 50.16488335023919], [127.55028581246553, 50.16443904706197]]], [[[127.54747556670083, 50.16476370462557], [127.54733832417719, 50.16467204487103], [127.54733559857212, 50.16476195390314], [127.54747556670083, 50.16476370462557]]], [[[127.57234457321711, 50.16660111703353], [127.57289376205013, 50.166967638588694], [127.57264594965145, 50.16588527807056], [127.57236332499099, 50.16597174706331], [127.57234457321711, 50.16660111703353]]], [[[127.56311164313495, 50.16630736318899], [127.56295009767406, 50.16702490823633], [127.56337002481756, 50.16703010362116], [127.56352617323749, 50.166492377230895], [127.56380612161283, 50.1664958395745], [127.563954179614, 50.1662278414997], [127.56311164313495, 50.16630736318899]]], [[[127.5278414929477, 50.16577567830109], [127.52727332354837, 50.1660383042889], [127.5273967152471, 50.166579528465256], [127.52797041463889, 50.16613708548466], [127.5278414929477, 50.16577567830109]]], [[[127.57344028239322, 50.16742406761742], [127.57427212162301, 50.1677041112355], [127.57510931829272, 50.16780432880839], [127.57512536084623, 50.167264868301885], [127.57316835961589, 50.16715089841087], [127.57344028239322, 50.16742406761742]]], [[[127.56347765372975, 50.16811075061216], [127.56334306663824, 50.1679291998591], [127.56333767483864, 50.168109019088625], [127.56347765372975, 50.16811075061216]]], [[[127.54160827239352, 50.168917499097034], [127.54133378715485, 50.168734165676646], [127.54118833274737, 50.16891222489878], [127.54160827239352, 50.168917499097034]]], [[[127.56063756346327, 50.169424730564224], [127.5605002822691, 50.16933308610389], [127.5604975809084, 50.16942299558545], [127.56063756346327, 50.169424730564224]]], [[[127.54775922581322, 50.16926440657345], [127.54748471477015, 50.16908108747974], [127.54747926324407, 50.16926090541688], [127.5471993007301, 50.16925740358573], [127.5473283777126, 50.169618790419605], [127.54690570396538, 50.16970344578548], [127.54745745658789, 50.16998017710512], [127.54775922581322, 50.16926440657345]]], [[[127.57558904467612, 50.170508499492506], [127.57530907141964, 50.170505065348024], [127.57530372403147, 50.17068488543639], [127.57558369833795, 50.17068831960264], [127.57558904467612, 50.170508499492506]]], [[[127.57571299372276, 50.17104967665676], [127.57543569078172, 50.170956332741426], [127.57543301728923, 50.17104624278429], [127.57571299372276, 50.17104967665676]]], [[[127.53671990131015, 50.173083336082534], [127.5384080330163, 50.172834764013146], [127.54036791043343, 50.172859412248044], [127.54079883913121, 50.172505055124454], [127.54011806686543, 50.171866898228956], [127.54124618787615, 50.171611244262174], [127.54208611462145, 50.171621791131905], [127.54193518113841, 50.17197966856793], [127.54123249920721, 50.172060787651624], [127.54135880057308, 50.17251208929234], [127.54107881982442, 50.172508572545716], [127.54148510423146, 50.172963390782435], [127.54147141714837, 50.173412934114474], [127.54231411142992, 50.173333570931995], [127.54233599788512, 50.17261430130317], [127.54192149875489, 50.1724292120665], [127.54207243382741, 50.1720713346885], [127.54262144983339, 50.17243799758049], [127.54318141094541, 50.17244502295582], [127.54289322627807, 50.172711236803465], [127.54316500580364, 50.172984475405], [127.54415041406865, 50.172816945997184], [127.5438622324542, 50.17308316226034], [127.54539668750928, 50.17328227692583], [127.54568759139745, 50.17292614796203], [127.54513308509742, 50.1727393169833], [127.54541852765131, 50.17256300630582], [127.54542944739069, 50.172203370959636], [127.5451549287763, 50.17202004637985], [127.5441750048075, 50.172007766925354], [127.5440459456321, 50.17164637688296], [127.54293697995145, 50.17127269692401], [127.54209158684212, 50.171441973698705], [127.54209979506926, 50.171172247537605], [127.541819822057, 50.171168732644674], [127.54172362327714, 50.169728435457436], [127.54145187012202, 50.16945519356737], [127.54103192579322, 50.16944991876289], [127.54090289688313, 50.169088525340804], [127.54091111111649, 50.16881879921248], [127.5411910702864, 50.16882231617669], [127.54133926163873, 50.16855434821377], [127.54050486651403, 50.1683639790076], [127.53936585475739, 50.16897926114941], [127.5393548907596, 50.16933889572672], [127.53892123859579, 50.16978315645409], [127.53780686886755, 50.16958924532529], [127.5372359623325, 50.16994182853203], [127.53764218871872, 50.17039665989686], [127.5383366226842, 50.17058528810378], [127.53835308078689, 50.17004583658996], [127.53933022095298, 50.17014807343736], [127.53933844434673, 50.169878347547396], [127.53961840951064, 50.16988186835553], [127.53960470640976, 50.170331411553754], [127.53917653035836, 50.17059585585547], [127.53915733963109, 50.17122521612073], [127.53845740734775, 50.171216409887236], [127.53846837881053, 50.17085677557065], [127.53790569353866, 50.17093963619655], [127.53788922987823, 50.1714790875193], [127.53887462456316, 50.17131160272542], [127.5391354065388, 50.171944484904785], [127.53844643566283, 50.17157604417969], [127.53703832485371, 50.171828144376306], [127.53662385333308, 50.17164303644659], [127.53675285633153, 50.17200443424511], [127.53618466025425, 50.17226710333869], [127.53631640855548, 50.17253859310405], [127.53603642828129, 50.17253506420279], [127.53573721109677, 50.17316089372107], [127.53670891585821, 50.17344296998005], [127.53671990131015, 50.173083336082534]], [[127.537159095169, 50.172459267256016], [127.5371536042405, 50.17263908426246], [127.53687362327447, 50.17263555737394], [127.53687636927069, 50.17254564888265], [127.537159095169, 50.172459267256016]], [[127.54403501572442, 50.17200601204296], [127.54388409547614, 50.17236389210549], [127.54318414508728, 50.172355114209], [127.54333233669243, 50.17208714385944], [127.54403501572442, 50.17200601204296]], [[127.53801824203762, 50.17184048400199], [127.53801275445358, 50.17202030109661], [127.5377327769959, 50.17201677631021], [127.53773552131985, 50.171926867774815], [127.53801824203762, 50.17184048400199]], [[127.54084813214004, 50.17088669918269], [127.54041447938963, 50.171330965369464], [127.54042543620875, 50.17097133074642], [127.54084813214004, 50.17088669918269]]], [[[127.5616953436591, 50.171506523121174], [127.56197801989055, 50.17142008061979], [127.56215038960724, 50.17034289959232], [127.56258113583786, 50.16998845991146], [127.56244924478001, 50.1697169986079], [127.56202389719124, 50.16989161876387], [127.56187311783357, 50.17024952354501], [127.56103320779754, 50.170239119952804], [127.56031166868122, 50.17094972130058], [127.56001007517818, 50.171665525774245], [127.56041923550039, 50.17203036989553], [127.56040572650912, 50.17247991706239], [127.56068570948204, 50.172483387225206], [127.56040302466982, 50.17256982649124], [127.56039221717596, 50.172929464191604], [127.56137486706493, 50.17285169754099], [127.56153915721968, 50.172044246279], [127.56126187689004, 50.17195086872422], [127.56168184689076, 50.17195607058059], [127.5616953436591, 50.171506523121174]]], [[[127.56121099392459, 50.16898212123257], [127.56063216122581, 50.1696045495338], [127.55907882783093, 50.17003500246587], [127.55893073047608, 50.170302993815895], [127.55752546687728, 50.17046543434829], [127.55709197138039, 50.1709097642112], [127.55653202476337, 50.17090280604488], [127.55638120118483, 50.17126070325159], [127.55524774331234, 50.171696323505614], [127.55309360165758, 50.17346836563256], [127.55322544935618, 50.173739837019305], [127.55294274400212, 50.17382625792642], [127.55293459604361, 50.174095985259406], [127.552654604603, 50.174092496333614], [127.55263558854305, 50.174721859980416], [127.55191657507031, 50.17534249789996], [127.5519029847126, 50.175792043125746], [127.55218026840483, 50.17588544300016], [127.55247657243402, 50.17534947876005], [127.55289928679359, 50.175264803545595], [127.5531928632456, 50.1748187464206], [127.55321458753923, 50.174099473510516], [127.55350272389795, 50.17383323368762], [127.5553497744162, 50.17295679412651], [127.55550603334724, 50.17241908000365], [127.55621140787368, 50.172247965129976], [127.55607954711071, 50.171976496954336], [127.55763567687126, 50.17145617572258], [127.55877722201923, 50.17075080373807], [127.56004520648179, 50.17049670310046], [127.56118939359244, 50.16970139731093], [127.56146666084935, 50.16979477496035], [127.5614720599918, 50.169614955930825], [127.56232275107132, 50.169265718047576], [127.5624735238322, 50.16890781256793], [127.56303884169456, 50.16873492271473], [127.56333767483864, 50.168109019088625], [127.56250049925983, 50.168008716824964], [127.56248431416708, 50.16854817428881], [127.56178441376437, 50.16853950894512], [127.5617763170968, 50.16880923757434], [127.56121099392459, 50.16898212123257]], [[127.56275888033346, 50.16873145841034], [127.56248161660385, 50.16863808386085], [127.56276157738543, 50.16864154882882], [127.56275888033346, 50.16873145841034]], [[127.56206437388448, 50.16854297558852], [127.56220165587686, 50.16863461821832], [127.56206167553387, 50.16863288514408], [127.56206437388448, 50.16854297558852]]], [[[127.57591546349433, 50.17366050107472], [127.57495421515638, 50.17301911091388], [127.57497026242, 50.17247965093062], [127.57455028539252, 50.172474497077694], [127.57454225945891, 50.172744227027074], [127.57384229407945, 50.17273563381716], [127.57372371586395, 50.172014635035545], [127.57232112782819, 50.17208734462005], [127.57243968506067, 50.17280834464561], [127.57369962413078, 50.1728238246166], [127.57507816292535, 50.17356028852198], [127.57591546349433, 50.17366050107472]]], [[[127.53781788157183, 50.17381670929015], [127.53698890152167, 50.173446497306514], [127.53697517201918, 50.17389603970035], [127.53668969078213, 50.17407232924259], [127.53696418816702, 50.17425567358826], [127.53640146039695, 50.17433852650525], [127.5363959662594, 50.1745183433924], [127.53738142864438, 50.17435087194884], [127.53781788157183, 50.17381670929015]]], [[[127.57749128668434, 50.17718758017906], [127.57693393296313, 50.17709080971992], [127.57695263141673, 50.176461439636476], [127.57625261099577, 50.17645286049187], [127.5762151950447, 50.17771160020442], [127.57749128668434, 50.17718758017906]]], [[[127.5630059742444, 50.179167890132796], [127.56245672411212, 50.1788013220143], [127.56262101856692, 50.17799387004596], [127.56234370187313, 50.177900494852054], [127.56211766909337, 50.17609883989947], [127.56184306377159, 50.175915554145], [127.56200465855196, 50.17519801210915], [127.56132626395986, 50.17447006761441], [127.56149056105404, 50.17366261669521], [127.5605105964242, 50.1736504747573], [127.56032466538151, 50.17517719927308], [127.560868455485, 50.17572359599549], [127.56068792991765, 50.17707050184697], [127.56096253729109, 50.177253790316264], [127.56119933497295, 50.178695809395286], [127.56161396376241, 50.178880830740695], [127.56186698708632, 50.17978339212208], [127.5624216413112, 50.17997014424525], [127.56255355923192, 50.180241605355704], [127.56311361648682, 50.18024853542635], [127.56312440635206, 50.17988889775215], [127.56284437979834, 50.17988543309818], [127.5630059742444, 50.179167890132796]]], [[[127.55268865535571, 50.17760069475986], [127.5525513664637, 50.17750904095732], [127.5525486494024, 50.17759894999696], [127.55268865535571, 50.17760069475986]]], [[[127.57759391226176, 50.17844803517603], [127.57815929038236, 50.17827507249057], [127.57804063510441, 50.17755407811567], [127.57719257863138, 50.17781352036522], [127.5773219043125, 50.17817487546399], [127.57690187692978, 50.178169729691625], [127.57689386261717, 50.178439459650725], [127.57676453950236, 50.178078104112835], [127.57634451306973, 50.17807295633238], [127.57632046043453, 50.17888214598683], [127.57730053884445, 50.17889415545534], [127.57759391226176, 50.17844803517603]]], [[[127.55310595727349, 50.17769583709667], [127.55268865535571, 50.17760069475986], [127.552683221717, 50.177780512845736], [127.55309780911686, 50.177965564268455], [127.55349339221198, 50.178779977676314], [127.55377341115238, 50.17878346481541], [127.55378427057664, 50.178423828527045], [127.55323510035844, 50.17805721743847], [127.55310595727349, 50.17769583709667]]], [[[127.55391070601534, 50.178875117205735], [127.55377341115238, 50.17878346481541], [127.55377069626195, 50.17887337388374], [127.55391070601534, 50.178875117205735]]], [[[127.57631778785186, 50.17897205594092], [127.5762750246892, 50.180410615001904], [127.57711778986857, 50.18033099993023], [127.57715785659552, 50.178982350309816], [127.57631778785186, 50.17897205594092]]], [[[127.57831120380953, 50.182594180668204], [127.57803382929507, 50.182500842524156], [127.57795788273559, 50.18034128871491], [127.57767251136681, 50.18051767976218], [127.57771907154779, 50.18366624296252], [127.57827917254966, 50.18367310025707], [127.57831120380953, 50.182594180668204]]], [[[127.56621551281411, 50.184244349325276], [127.56594084554636, 50.184061072973854], [127.56596777037262, 50.18316197822341], [127.56569311018738, 50.18297870131439], [127.56585736597091, 50.18217124498737], [127.56476953993125, 50.181078494713624], [127.56492302764694, 50.1806306774489], [127.56422025451855, 50.180711934747976], [127.56451376057971, 50.180265848793255], [127.56396179047088, 50.17998919711882], [127.56353905295552, 50.18007391234085], [127.56352556939274, 50.18052345949713], [127.56408023876196, 50.18071020380564], [127.56295471752424, 50.18087616899522], [127.5630704548409, 50.181687085882324], [127.5636224390774, 50.181963741838395], [127.56374358305705, 50.18259483922756], [127.56455676045591, 50.18350431935929], [127.56467792024347, 50.1841354157504], [127.56548036701331, 50.18540452720903], [127.56532686826036, 50.18585234476509], [127.56631516065023, 50.185594719826824], [127.56621551281411, 50.184244349325276]]], [[[127.54473154999995, 50.18595589714305], [127.54517622500985, 50.185151982230586], [127.54476160718815, 50.184966902476695], [127.54492075878704, 50.18433929643424], [127.54437159043128, 50.18397264379792], [127.5445498719149, 50.1827156777518], [127.54413527745719, 50.18253059589165], [127.54367967322811, 50.18369414160741], [127.54378962116311, 50.18468489168331], [127.544201499296, 50.18495988345455], [127.5441659633242, 50.186128695024145], [127.54473154999995, 50.18595589714305]]], [[[127.5687765827109, 50.187603814557725], [127.56879808279459, 50.18688453831906], [127.56852876646039, 50.18652144888269], [127.5681086674882, 50.186516270695655], [127.56782053379146, 50.18678254623117], [127.56780708721357, 50.18723209370764], [127.5680844684997, 50.187325456265356], [127.56820837214626, 50.187866639557285], [127.5687765827109, 50.187603814557725]]], [[[127.58021160546876, 50.189363120488736], [127.5799341882129, 50.18926978662387], [127.57995552197862, 50.1885505071027], [127.57939803123665, 50.18845374748476], [127.57940603428861, 50.188184017700145], [127.57925532394617, 50.188541944564854], [127.57897524482772, 50.18853851836836], [127.57873253088091, 50.18727635278748], [127.57789765689384, 50.187086248804505], [127.57791634930518, 50.18645687954652], [127.577218854106, 50.186358395103795], [127.57774960964255, 50.18735426383314], [127.57766681159706, 50.190141469353534], [127.57920729810853, 50.190160322863655], [127.57964343544604, 50.18962600170926], [127.58020360661996, 50.189632850312414], [127.58021160546876, 50.189363120488736]], [[127.57856580332056, 50.188173738228464], [127.57800831989667, 50.188076971995244], [127.57856847255408, 50.188083828329844], [127.57856580332056, 50.188173738228464]]], [[[127.51900898267682, 50.18877876607233], [127.52041490564162, 50.188616798043554], [127.52070886745432, 50.18817082745647], [127.5205827230531, 50.187719505906855], [127.51960248866277, 50.18770701634849], [127.51946801552101, 50.18752541634131], [127.5191768270274, 50.18788147623033], [127.51834218831719, 50.18769094619523], [127.51845161882163, 50.18868171500152], [127.51814650176436, 50.18948730952314], [127.51856939948279, 50.189402761115744], [127.51900898267682, 50.18877876607233]]], [[[127.56893572457193, 50.19165319283576], [127.56865831668334, 50.191559832149416], [127.56823010656774, 50.19182438237263], [127.56781534066236, 50.191639383867184], [127.56782340986335, 50.191369655590535], [127.56740595898196, 50.191274565079624], [127.56739519692094, 50.1916342027191], [127.56821128328379, 50.192453748392666], [127.56893572457193, 50.19165319283576]]], [[[127.57466699814786, 50.19208343301191], [127.57451623962011, 50.19244135308533], [127.57492300928091, 50.19289605697066], [127.57548589303313, 50.19281301895248], [127.57536457094959, 50.19218193335226], [127.57466699814786, 50.19208343301191]]], [[[127.57768131079912, 50.194368944861644], [127.5778347232783, 50.19392111086674], [127.5788151101434, 50.19393311015245], [127.57841897466353, 50.19311878033818], [127.57912724531876, 50.1928576189463], [127.57843232441293, 50.19266923124335], [127.57830562355163, 50.1922179680305], [127.57802819367691, 50.1921246295486], [127.57760804380945, 50.1921194852982], [127.57758667208181, 50.19283876364317], [127.57785609209917, 50.19320183257909], [127.57741722962027, 50.19382605601942], [127.57670893541234, 50.19408720673956], [127.57668487528564, 50.19489639427959], [127.5772531244125, 50.19463352843604], [127.57726114130055, 50.19436379919077], [127.57754125428606, 50.194367229806815], [127.57755194117794, 50.19400759074857], [127.57768131079912, 50.194368944861644]], [[127.57827091096225, 50.19338679562599], [127.57826290004022, 50.19365652503501], [127.57784273668754, 50.19365138152014], [127.5778507499751, 50.19338165216003], [127.57827091096225, 50.19338679562599]]], [[[127.54268174653832, 50.19807246918016], [127.54253072989798, 50.19843034511492], [127.5428053876501, 50.19861367632218], [127.54378585553995, 50.198625972030136], [127.54437073314261, 50.197823818907835], [127.54439260769641, 50.197104551669995], [127.54328305368568, 50.19673087143918], [127.5427419697409, 50.19609448561316], [127.54094860460707, 50.19517254565896], [127.54151157064307, 50.195089673070534], [127.54152526786439, 50.194640131416755], [127.54164888782938, 50.19518133990921], [127.54263202230625, 50.19510373639939], [127.54373879831597, 50.19556733098711], [127.54414529924955, 50.19602214009022], [127.54470553653722, 50.19602916049917], [127.54500478624907, 50.19540331049617], [127.54473287156512, 50.19513007602397], [127.54501298503502, 50.19513358510441], [127.54516943741203, 50.194595888533826], [127.54460921678033, 50.19458887050643], [127.54431816988061, 50.19494499425761], [127.5437688862481, 50.19457833840161], [127.54377709175695, 50.19430861311934], [127.54419725459528, 50.19431387988124], [127.54420272328827, 50.19413406298547], [127.54349698326729, 50.1943051011008], [127.54351066146664, 50.19385555898923], [127.54379897250448, 50.19358934563365], [127.54435371323831, 50.19377618439216], [127.54475747190685, 50.194320899867364], [127.54532042169066, 50.19423800866122], [127.54507310566021, 50.19315559848348], [127.54438105269072, 50.192877099706884], [127.54440018948378, 50.192247740337464], [127.5446884857484, 50.191981524574594], [127.5442820131139, 50.19152671731897], [127.54372729854924, 50.19133987837755], [127.54373823825706, 50.19098024446996], [127.54457577230288, 50.1910806847646], [127.54461677079233, 50.18973205691814], [127.54522064607825, 50.18830053731991], [127.54523430518778, 50.18785099439718], [127.54495696659556, 50.18775757763969], [127.5443940926595, 50.18784046783352], [127.54438589250603, 50.188110193491575], [127.54410855412137, 50.188016774713574], [127.54428139285933, 50.18693962724635], [127.54371852746917, 50.18702251425123], [127.5431064168253, 50.188723751570485], [127.54252710664102, 50.189346083424134], [127.54182690848168, 50.18933729520469], [127.54167317576118, 50.189785079153246], [127.5406846682584, 50.190042492305714], [127.54109109414561, 50.19049731185464], [127.54193409029726, 50.190417954293444], [127.5422087004124, 50.190601286736104], [127.5421950115671, 50.1910508288407], [127.54316711637142, 50.191332853725015], [127.54328527550773, 50.19205387775049], [127.54300518026957, 50.19205036466004], [127.54299970748302, 50.192230181525], [127.54341164501929, 50.192505176277116], [127.54339523080827, 50.19304462690882], [127.54380444255287, 50.19340952874715], [127.5435216037768, 50.19349592527279], [127.54324970823744, 50.19322268740956], [127.54294223987816, 50.19411825824269], [127.54167354033741, 50.194372164868696], [127.54126159707747, 50.19409716398495], [127.54170640860065, 50.19329326462459], [127.54128351544972, 50.19337789727728], [127.54115442398012, 50.19301650500222], [127.5417173642446, 50.19293363116164], [127.54184372108448, 50.19338493121876], [127.54212382398508, 50.193388447176794], [127.5425576651452, 50.19294417785587], [127.54297781578263, 50.19294944892445], [127.54298602527419, 50.19267972366095], [127.54256861425992, 50.19258454423505], [127.54243951507058, 50.19222315327424], [127.54215668095667, 50.19230954653298], [127.54214846690093, 50.192579271714294], [127.54172831966667, 50.192573997674536], [127.54188753834606, 50.19194639715706], [127.5414673967138, 50.19194112222167], [127.54159100969999, 50.19248233095376], [127.5410253344049, 50.192655112578855], [127.54062711382377, 50.191930567793975], [127.54006966738525, 50.191833619814155], [127.53907287769722, 50.19236074360731], [127.53905915855732, 50.19281028494751], [127.53878180380252, 50.192716853376176], [127.53861430745091, 50.19361417388465], [127.53776575714566, 50.19387332316151], [127.5370682419683, 50.19377459750274], [127.53676615122906, 50.1944903345542], [127.537180819236, 50.19467544300766], [127.53717257645947, 50.19494516748071], [127.53745268790519, 50.19494869477971], [127.53761197107993, 50.194321100933706], [127.5384468044671, 50.194511493961755], [127.53888892276096, 50.19379751412744], [127.5391690277068, 50.19380103723022], [127.53957547023487, 50.19425586194967], [127.53955901178264, 50.19479531149731], [127.53886422369298, 50.19460668824515], [127.53857587922205, 50.194872889011926], [127.53854019342745, 50.196041695651026], [127.53825183835684, 50.19630789545792], [127.53797171885884, 50.19630437001682], [127.53798544990804, 50.19585482916632], [127.53757076860754, 50.19566972350527], [127.53727142035717, 50.196295553460025], [127.53769159941645, 50.19630084390051], [127.53767786539102, 50.19675038465738], [127.53640906908069, 50.19700423281176], [127.53626075880928, 50.1972721921911], [127.53583782114544, 50.19735680456705], [127.53582957001909, 50.19762652875325], [127.53540387727593, 50.1978010475607], [127.53480233604114, 50.19914260221264], [127.53563724151746, 50.19933301592105], [127.5363485822691, 50.19898221048704], [127.53661497192022, 50.19943528031222], [127.53577180862492, 50.19951459767634], [127.53561798470908, 50.199962372062814], [127.53589262429922, 50.20014571941376], [127.53574430104021, 50.20041367788201], [127.53630458762814, 50.20042073924666], [127.53657373389181, 50.200783901090354], [127.53661222281576, 50.199525188374665], [127.53689510956941, 50.19943880918326], [127.5369033552218, 50.19916908495332], [127.53747186990476, 50.19890641629185], [127.53830952818966, 50.19900690273898], [127.53859789952313, 50.19874070304869], [127.53929823420812, 50.198749511919374], [127.53905652216771, 50.197487274345775], [127.53779045995422, 50.19765122928436], [127.53780144670726, 50.197291596719886], [127.53808981030198, 50.1970253981488], [127.53892469260433, 50.19721578808558], [127.53894115961559, 50.196676338916355], [127.5396414642085, 50.19668514545678], [127.53954255283043, 50.19533476099062], [127.53912238190306, 50.19532947731761], [127.53913061380723, 50.195059752627984], [127.53969632434803, 50.194886980608786], [127.540388378279, 50.19516550722046], [127.54051198659411, 50.19570671677476], [127.54106947891447, 50.1958036629709], [127.54142938003233, 50.19778692220129], [127.54268174653832, 50.19807246918016]], [[127.54133315650304, 50.19634663074676], [127.54161601607105, 50.19626023977322], [127.54145951803928, 50.19679793101097], [127.54131945664957, 50.19679617222936], [127.54133315650304, 50.19634663074676]], [[127.54369229548806, 50.1970957737149], [127.54339849000878, 50.19754180319136], [127.54297829899001, 50.19753653329627], [127.54299198362602, 50.19708699153965], [127.54369229548806, 50.1970957737149]], [[127.54217625551537, 50.19626727240263], [127.54231357732203, 50.196358938478056], [127.54217351716343, 50.19635718073712], [127.54217625551537, 50.19626727240263]], [[127.53931182368352, 50.19371289026884], [127.53919372091865, 50.19299186288979], [127.53947382118938, 50.192995385216946], [127.53960015697567, 50.193446687526404], [127.53931182368352, 50.19371289026884]], [[127.5401713303143, 50.1930940963863], [127.54017955565756, 50.19282437146631], [127.5407370138249, 50.192921319005464], [127.54072879159371, 50.19319104398787], [127.5401713303143, 50.1930940963863]], [[127.54228304042587, 50.192760846181145], [127.54242035252271, 50.19285251209807], [127.54228030261463, 50.192850754574444], [127.54228304042587, 50.192760846181145]]], [[[127.57635395211773, 50.196601245772825], [127.57606580199355, 50.19686754118588], [127.57648331927206, 50.19696260104565], [127.57661268832639, 50.19732395616914], [127.57717027610454, 50.197420729845156], [127.57719433017886, 50.196611542488085], [127.57635395211773, 50.196601245772825]]], [[[127.539776039375, 50.19686672272122], [127.5396414642085, 50.19668514545678], [127.539635977889, 50.196864961908375], [127.539776039375, 50.19686672272122]]], [[[127.54152012869976, 50.199407029802636], [127.54155300628436, 50.19832813057213], [127.54127561478757, 50.198234704720285], [127.54124821182, 50.199133787331036], [127.54068519763544, 50.199216658167025], [127.54067149030381, 50.19966619929674], [127.54152012869976, 50.199407029802636]]], [[[127.55332548838417, 50.202882530650506], [127.55304532853698, 50.20287904122309], [127.5524931678111, 50.202602334405825], [127.5530344541473, 50.20323867587229], [127.55359206052415, 50.2033355628209], [127.55332548838417, 50.202882530650506]]], [[[127.53874352245617, 50.20314972536234], [127.53872704944, 50.20368917387981], [127.53970487580841, 50.20379141302347], [127.53971859422238, 50.20334187240811], [127.5393065862233, 50.20306686442671], [127.53874352245617, 50.20314972536234]]], [[[127.54459407286967, 50.20430248578831], [127.54446766338062, 50.20385118907111], [127.54419023425763, 50.20375776993767], [127.54420117530138, 50.20339813672889], [127.54365453314219, 50.20294157171048], [127.5436326429723, 50.203660837986085], [127.54431937598353, 50.204119158640935], [127.54431117067799, 50.204388883530285], [127.54459133827991, 50.20439239409438], [127.54430296524778, 50.20465860840606], [127.54511340266681, 50.20565812963456], [127.54527809094522, 50.20485070919653], [127.54459407286967, 50.20430248578831]]], [[[127.5768016589028, 50.223949176858945], [127.57711404908042, 50.22287369853235], [127.57739432897986, 50.22287713090817], [127.57741037709572, 50.22233767500726], [127.5779816249996, 50.22198490021637], [127.57798964555295, 50.221715172162334], [127.57841272810005, 50.221630407848465], [127.57828328345578, 50.221269055527976], [127.57899731792057, 50.220828080937686], [127.57974604984257, 50.219218278949505], [127.57876781626098, 50.2191163737374], [127.57861699892284, 50.21947429704669], [127.57762271886399, 50.21991183853857], [127.5776173708043, 50.22009165727025], [127.57691671189309, 50.22008307675168], [127.57690065949194, 50.220622532747434], [127.57592508106964, 50.22043069411385], [127.57549129261163, 50.22087508652656], [127.57562607087182, 50.221056623252906], [127.57491468154731, 50.221407667573544], [127.57447015419523, 50.22221169283084], [127.57445407298957, 50.22275114805453], [127.57541897859113, 50.22330263624586], [127.57581797996424, 50.224027064631855], [127.57637319950099, 50.224213753579946], [127.5768016589028, 50.223949176858945]]], [[[127.54374744138718, 50.22290996013916], [127.54363468512325, 50.22200912360155], [127.54335441446534, 50.22200560984164], [127.54351371800753, 50.22137801085657], [127.542268960769, 50.220822744730754], [127.54184308276942, 50.220997284863714], [127.54154362463524, 50.22162312227918], [127.54182389282637, 50.2216266403873], [127.54195580326282, 50.22189812297784], [127.5413925214144, 50.221980994599335], [127.54138155204602, 50.22234062620285], [127.5418019606296, 50.22234590375231], [127.54234606218925, 50.22289238571377], [127.54304401231362, 50.22299108299342], [127.5430385336697, 50.22317089889883], [127.54401950497659, 50.223183196974055], [127.54403045483775, 50.222823565001256], [127.54374744138718, 50.22290996013916]]], [[[127.53558337908387, 50.22856364707878], [127.53433301809793, 50.22818811086803], [127.53416805659, 50.22899551030508], [127.53514087923095, 50.22927760692441], [127.53557236346829, 50.22892327734138], [127.53558337908387, 50.22856364707878]]], [[[127.57254694734576, 50.230282863096924], [127.57341742758526, 50.229304192806794], [127.5724390026793, 50.22920223282963], [127.57185956979006, 50.2298247058239], [127.57226662463081, 50.23027941866299], [127.57254694734576, 50.230282863096924]]], [[[127.57623582770674, 50.23824301447867], [127.57609832139876, 50.23815138757584], [127.5760956427796, 50.23824129659924], [127.57623582770674, 50.23824301447867]]], [[[127.55009893300331, 50.2399884640292], [127.55037930992465, 50.23999196242439], [127.55081895967282, 50.23936785272093], [127.55109933304325, 50.239371349347884], [127.55082168594079, 50.239277944710864], [127.55096732432308, 50.23909987706759], [127.54983219704519, 50.2395354251392], [127.55009893300331, 50.2399884640292]], [[127.55054131315264, 50.23927444741877], [127.55067877300833, 50.23936610415387], [127.55053858635766, 50.23936435541775], [127.55054131315264, 50.23927444741877]]], [[[127.53590416347949, 50.24097971187296], [127.53772113861807, 50.24118247719699], [127.53772664076375, 50.24100266227759], [127.53674805944507, 50.240900400495015], [127.53675356519636, 50.24072058564491], [127.53633574961597, 50.24062538102314], [127.5349200741978, 50.24105724947658], [127.53505475265284, 50.2412388317994], [127.53590416347949, 50.24097971187296]]], [[[127.53491456148339, 50.24123706416899], [127.53435103951306, 50.24131989927815], [127.53434000964432, 50.2416795285491], [127.53377372293286, 50.24185226810105], [127.53345470834019, 50.243107431294106], [127.53373510148205, 50.24311097000285], [127.53375992987212, 50.242301804528516], [127.53432070683603, 50.24230887971515], [127.5346093665366, 50.24204269434112], [127.53491456148339, 50.24123706416899]]], [[[127.52283717091024, 50.24630079335025], [127.52129769642143, 50.246191269856126], [127.5212921314483, 50.246371083289084], [127.52241099442047, 50.24647525886976], [127.52283717091024, 50.24630079335025]]], [[[127.51776189934719, 50.24713558256996], [127.51734127725759, 50.247130216136675], [127.51733290716864, 50.24739993575806], [127.51775353163069, 50.2474053022424], [127.51776189934719, 50.24713558256996]]], [[[127.52861782128811, 50.24988187802738], [127.5283401586436, 50.24978841968122], [127.52833738905993, 50.24987832662742], [127.52861782128811, 50.24988187802738]]], [[[127.57279996637597, 50.27345797471511], [127.57266236672226, 50.273366343479836], [127.57265967828718, 50.27345625182125], [127.57279996637597, 50.27345797471511]]], [[[127.57222849845499, 50.27848766963285], [127.572093575588, 50.278306129441916], [127.57208819561998, 50.27848594592507], [127.57222849845499, 50.27848766963285]]], [[[127.57166728719679, 50.27848077378591], [127.57208550561553, 50.27857585416438], [127.57208819561998, 50.27848594592507], [127.57166728719679, 50.27848077378591]]], [[[127.35611646139844, 50.436177865037514], [127.35551917688247, 50.43715877122588], [127.35509378973887, 50.437242698063535], [127.35522208320116, 50.43760427470563], [127.35480292509624, 50.43750840718384], [127.35464658177514, 50.43795589956136], [127.35407730826186, 50.43812772832854], [127.35420871417617, 50.43839940941514], [127.35292626730525, 50.4388309634148], [127.35291690585262, 50.439100652931465], [127.35176582402428, 50.439803876027305], [127.35146555478943, 50.440339265643175], [127.35019240837494, 50.44050109944444], [127.35003913734532, 50.44085868854099], [127.34876284386488, 50.441110402819916], [127.34803396282497, 50.44181958085937], [127.34605377863858, 50.44206126854878], [127.34604437705794, 50.44233095698179], [127.34519974724401, 50.442318946214826], [127.34518406963116, 50.44276842671507], [127.34391397602842, 50.44284029482619], [127.34390456202756, 50.443109982931574], [127.3430599192613, 50.443097956500374], [127.34305050032079, 50.44336764447735], [127.34149255340564, 50.443615267646216], [127.34134234942388, 50.44388294845442], [127.34007536649533, 50.443864878415454], [127.34006593033692, 50.44413456594952], [127.33865186887164, 50.44429426331863], [127.33864242447945, 50.44456395063822], [127.33765383037894, 50.44463977008154], [127.33736282276193, 50.44490543387043], [127.33694048672677, 50.4448993975264], [127.33709071876687, 50.444631722720914], [127.3365244552354, 50.44471356830923], [127.33651815083581, 50.44489335965018], [127.33553585505773, 50.44478936968887], [127.33566717182538, 50.44506107055927], [127.33511036557468, 50.44487322233035], [127.33171904226415, 50.445184405097166], [127.3252463930677, 50.44500146987757], [127.32523687225095, 50.445271155324654], [127.32101351196438, 50.44521028255736], [127.32100396702022, 50.445479967410805], [127.31720612248509, 50.44533515562178], [127.31733733519685, 50.445606876132466], [127.31649584964228, 50.44550476170176], [127.31650542021576, 50.44523507747298], [127.3156671349155, 50.445043062392735], [127.31494408867565, 50.44557223775742], [127.31325154464625, 50.44563765210714], [127.31197173780843, 50.4459788538901], [127.31127103787466, 50.445878744239586], [127.31112065682954, 50.446146384157], [127.31041675455504, 50.44613616382675], [127.31040714907064, 50.446405847168776], [127.30914011880749, 50.446387439673686], [127.30913050598164, 50.4466571228265], [127.30828581507608, 50.44664484338513], [127.30827940324625, 50.44682463206799], [127.30785384967582, 50.44690838432959], [127.30700915485399, 50.44689609557789], [127.306999529743, 50.4471657784104], [127.30530049741668, 50.447410864870406], [127.30529407410077, 50.44759065325224], [127.30401415912411, 50.447931766288086], [127.30386373056862, 50.4481993962608], [127.30315980047548, 50.448189131736655], [127.30315015304356, 50.448458813972195], [127.30188307271065, 50.448440326926644], [127.30187019964491, 50.448799902984305], [127.3015821865884, 50.44897558082041], [127.30101903393398, 50.448967358410414], [127.30043655526468, 50.449498496906244], [127.29987017456843, 50.44958016279804], [127.30000452058684, 50.44976200788572], [127.2997229397899, 50.449757893157994], [127.29957248111162, 50.450025517201354], [127.29929412213141, 50.44993150753992], [127.29928445212953, 50.45020118915407], [127.29857726930733, 50.450280790473435], [127.29757236702338, 50.45080573646038], [127.29741221177214, 50.45134303882036], [127.29670823739073, 50.45133273481164], [127.29654807045219, 50.4518700358195], [127.2958440885669, 50.45185972650627], [127.29569360116375, 50.452127345154295], [127.29541200695813, 50.45212321985723], [127.29525182248764, 50.45266051883664], [127.30369977217482, 50.45278399403546], [127.30370620271684, 50.452604205963155], [127.30412538568625, 50.45270025764891], [127.30428225594909, 50.45225283952757], [127.30512704495595, 50.45226514901055], [127.30642632999846, 50.45138465998784], [127.30698951292197, 50.451392856513955], [127.3069959306796, 50.4512130680927], [127.3085510910295, 50.451055805778346], [127.30940867764733, 50.45070850674983], [127.30982785600379, 50.450804537867285], [127.31097341792845, 50.45028152870016], [127.31153018873756, 50.45046949196465], [127.3115365890779, 50.45028970309369], [127.31238454483683, 50.45021206509918], [127.31239094188112, 50.45003227614114], [127.3137988638734, 50.45005268979553], [127.31380845132192, 50.449783006152444], [127.31748179063267, 50.449476422578186], [127.31749135695105, 50.44920673839794], [127.3196032093337, 50.449237259580386], [127.31961276351267, 50.448967575095544], [127.32129269386357, 50.44926164894352], [127.32044795130727, 50.44924945732672], [127.32043521857193, 50.44960903677315], [127.3195841005385, 50.44977662850841], [127.31957454592225, 50.45004631295159], [127.31873297662653, 50.44994421395293], [127.31830103784333, 50.45020779382095], [127.31703071116783, 50.450279365969266], [127.31800670017051, 50.45056330227591], [127.32012498131793, 50.450414025035194], [127.32068179099771, 50.45060194487045], [127.3208321331248, 50.45033429239882], [127.32139530775206, 50.450342419090845], [127.32126087753154, 50.45016059790038], [127.32492467941016, 50.45012346402828], [127.32521578866141, 50.44985783258382], [127.32605737151422, 50.449959884810355], [127.32620768134957, 50.44969222504557], [127.32762511201376, 50.44944278588201], [127.33733345918539, 50.44976181193704], [127.33734291276038, 50.449492125038574], [127.33903242163538, 50.449516256957004], [127.33904186547083, 50.44924656981484], [127.34003055382937, 50.4491707395485], [127.34046865454494, 50.44872728611712], [127.34131339641395, 50.448739332321225], [127.34160440617566, 50.448473658832405], [127.34202049063106, 50.44865947028206], [127.34203305935131, 50.44829988682565], [127.34273700508471, 50.448309916230855], [127.34288721585436, 50.448042233878], [127.34429510068283, 50.44806227802501], [127.34473001446011, 50.44770870396578], [127.34557160463248, 50.44781061510027], [127.34728924973471, 50.44702556191694], [127.34715786091459, 50.4467538735556], [127.34927589246894, 50.44660406290352], [127.34971388329859, 50.44616057340157], [127.35041780002126, 50.446170556042695], [127.35085890131656, 50.44563716575964], [127.35142202877572, 50.445645146612904], [127.35158155318454, 50.44510776333053], [127.35270779620106, 50.44512371519917], [127.35272340385879, 50.444674233178624], [127.35357119867864, 50.444596293293216], [127.35358991765601, 50.44405691458086], [127.3544345819701, 50.44406886474772], [127.3544439364483, 50.44379917525698], [127.35486626642124, 50.44380514798526], [127.35488185290427, 50.44335566537516], [127.35516652035037, 50.44326974974035], [127.35531664472667, 50.4430020502849], [127.35573896779053, 50.4430080197783], [127.35575454556692, 50.44255853690949], [127.35703395596778, 50.44221684936278], [127.35705263400904, 50.44167746949169], [127.35734351229766, 50.441411755055036], [127.35790659145087, 50.4414197040516], [127.35791903657768, 50.44106011727029], [127.35834445335449, 50.44097618043654], [127.35835378458827, 50.44070649027306], [127.3592015000701, 50.44062850853233], [127.35921704373868, 50.44017902469896], [127.36007406967407, 50.43983134611989], [127.36008028370756, 50.4396515524879], [127.35966109738462, 50.43955570223465], [127.36008339070062, 50.439561655669586], [127.36008960463936, 50.43938186202839], [127.3605150026456, 50.43929791705179], [127.36067129552755, 50.4388504163966], [127.36138442100959, 50.4385906410567], [127.36125607793826, 50.43822907079215], [127.36168767117083, 50.43796532758573], [127.36155311938022, 50.43778355144088], [127.36226001870568, 50.4377035643431], [127.36271641558358, 50.43672064148644], [127.36314178519972, 50.43663668659293], [127.3630134336253, 50.436275118072125], [127.36372650758749, 50.43601532776821], [127.36373580660054, 50.43574563664792], [127.36345429982654, 50.43574167691292], [127.36360745273451, 50.435384068708785], [127.36332594812275, 50.43538010868367], [127.36333214885798, 50.43520031462125], [127.36361055257733, 50.43529417166576], [127.36362915130326, 50.434754789375376], [127.36405140274604, 50.43476072800462], [127.36414126542175, 50.432153712275294], [127.36456659151503, 50.4320697516903], [127.36461305479227, 50.43072129446624], [127.36489453196035, 50.430725251115064], [127.36490382259304, 50.430455559591124], [127.36546677392288, 50.43046347077146], [127.36550392225638, 50.42938470423617], [127.3650817183207, 50.42937877133218], [127.36515602735867, 50.42722123805051], [127.36431165824997, 50.42720936855265], [127.36434882853656, 50.42613060203237], [127.36350447916173, 50.42611872686176], [127.36356955524735, 50.42423088571094], [127.36272523997904, 50.424219005207426], [127.36268683069007, 50.42125041708932], [127.36324967227787, 50.421258337956196], [127.36330235256837, 50.41973008455924], [127.36373995969807, 50.41928653663089], [127.36361474536689, 50.418835070838995], [127.36406472959446, 50.41803193224515], [127.36408640874872, 50.41740265088156], [127.36465539690835, 50.41723076980499], [127.36466468445113, 50.41696107768443], [127.36410189338669, 50.41695316414723], [127.36397358415125, 50.41659159594777], [127.36400455427773, 50.41569262236536], [127.3642890386915, 50.41560668225918], [127.36434786718755, 50.4138986317618], [127.364644722208, 50.41345310097549], [127.36520747195948, 50.41346101149237], [127.3651039195068, 50.412380264628695], [127.3656666566789, 50.412388172803624], [127.36586301533998, 50.41077199420869], [127.36656641329891, 50.410781874186355], [127.36658496229781, 50.4102424888165], [127.36616292826272, 50.41023656145292], [127.3661876657645, 50.409517381024315], [127.36676891541566, 50.4089858980986], [127.36664060590125, 50.40862433237538], [127.36706262571637, 50.40863025787003], [127.36710897953131, 50.40728179350711], [127.36753098752095, 50.40728771718943], [127.36765145979649, 50.40378170749644], [127.36807343681794, 50.40378762891551], [127.36810122754385, 50.40297854925494], [127.36725728799865, 50.40296670522509], [127.3673221615796, 50.40107885298973], [127.3666189069701, 50.40106897894806], [127.36693110648993, 50.400173951769865], [127.36650916179299, 50.40016802651302], [127.36653388522055, 50.39944884470912], [127.36569000900938, 50.399436989906945], [127.36572711140363, 50.39835821746836], [127.36502389760714, 50.398348334168645], [127.36491109455822, 50.397537277863584], [127.36421408226984, 50.397347594429704], [127.36413224071659, 50.395637560605806], [127.36343216353816, 50.395537770397326], [127.36333487266899, 50.39427722417356], [127.36291298106944, 50.39427128637338], [127.36250657662728, 50.39381585887031], [127.36253754947866, 50.39291688240836], [127.36198124020471, 50.39272916603946], [127.36173097537616, 50.3918262282217], [127.36130910586505, 50.39182028481285], [127.36133699990668, 50.39101120620909], [127.36050257816873, 50.390729622360595], [127.36037126148018, 50.39045794716307], [127.36008692183736, 50.390543879432016], [127.36011793684321, 50.389644903549026], [127.3592835463291, 50.389363311191936], [127.35915844657275, 50.388911839535034], [127.3584553748022, 50.388901917868374], [127.35846779260979, 50.388542327725204], [127.3579053397274, 50.38853438743429], [127.3574990314329, 50.38807894293904], [127.35679597256224, 50.38806901136139], [127.356808402552, 50.387709421465416], [127.35596473880312, 50.38769749811671], [127.35597406591081, 50.3874278057921], [127.35513351810954, 50.387325979033704], [127.35515840232468, 50.386606799724376], [127.35431787088648, 50.38650496721446], [127.35436143791821, 50.38524640369521], [127.35351781890289, 50.38523446302016], [127.35355517872834, 50.384155694504315], [127.35271157940355, 50.38414374816824], [127.3527396121184, 50.38333467197731], [127.35203974106096, 50.383234814979346], [127.35194276994571, 50.38197425984085], [127.35123980328392, 50.38196429555158], [127.35139598185125, 50.381516802123436], [127.35112103297891, 50.38133302098589], [127.35116467661099, 50.38007445836338], [127.35060544427877, 50.379976586409924], [127.35061791750259, 50.37961699712893], [127.35033986371106, 50.37952311154311], [127.35036793217434, 50.37871403567099], [127.34967749402405, 50.37834447313922], [127.34958059246541, 50.37708391571689], [127.34915885628605, 50.37707792950599], [127.3488901839127, 50.3767143487009], [127.34880266924584, 50.37518409859467], [127.34838095007461, 50.3751781097258], [127.34843714369728, 50.37355995823785], [127.34745316629491, 50.37354597906507], [127.34728448287939, 50.37435305671109], [127.3465722544632, 50.37461275701925], [127.34615054083102, 50.374606760112904], [127.34546332234272, 50.37414727601777], [127.34437318851032, 50.37314240179919], [127.3443825765137, 50.37287271036947], [127.34382970393486, 50.37259501240145], [127.34384535535862, 50.37214552675841], [127.34300510496756, 50.372043614972995], [127.34303015902964, 50.37132443815681], [127.34246791408752, 50.37131642519598], [127.34219619149931, 50.3710427264797], [127.34222439000237, 50.37023365274547], [127.34152473467746, 50.370133734350006], [127.34154040650967, 50.36968424903952], [127.3405690572967, 50.36931062420426], [127.34057532950551, 50.36913083014607], [127.34015366573968, 50.369124811969186], [127.34016307632143, 50.36885512092765], [127.33946658397171, 50.3686652933609], [127.3393385842809, 50.36830369820882], [127.33891692810904, 50.368297675619665], [127.33837984111493, 50.36757046753385], [127.33782392407005, 50.367382638663564], [127.33798645872707, 50.366755369047766], [127.33757109955421, 50.36656954782614], [127.33758366534288, 50.36620996007943], [127.33702462485111, 50.36611202446399], [127.3369029354834, 50.3655706328866], [127.33620650438766, 50.365380786289094], [127.33608797010764, 50.36474949700644], [127.33538840894346, 50.36464954251669], [127.33527303266196, 50.363928355579304], [127.3345734853613, 50.36382839630854], [127.33472346353359, 50.363560718583756], [127.33431758676689, 50.36310519549776], [127.33447071091082, 50.36274762121197], [127.33392116149325, 50.36237998054769], [127.33393375299167, 50.36202039320688], [127.33324683313961, 50.361560838907096], [127.33285358632442, 50.36074572360061], [127.3321666951656, 50.360286163106615], [127.33217614805316, 50.3600164727463], [127.33148927389189, 50.35955690836308], [127.3312334437487, 50.3588337009422], [127.33138657645242, 50.358476130558394], [127.33083394649249, 50.35819837253588], [127.33071234579144, 50.357656974665495], [127.33016603811433, 50.35719942005479], [127.32979811862276, 50.355665120683774], [127.32925499815946, 50.35511766520859], [127.32928971217106, 50.35412880106903], [127.32888712258325, 50.3535833628753], [127.32906865925614, 50.35241672445647], [127.32851611259863, 50.35213895596751], [127.32858871864954, 50.350071330449865], [127.32820195664712, 50.349076406015165], [127.32848925907022, 50.348900652447526], [127.32852713780358, 50.34782189082054], [127.32867709718349, 50.34755422002332], [127.32924536772376, 50.34738250320414], [127.32925798783508, 50.34702291578686], [127.32757528468615, 50.3469087806828], [127.32702912838467, 50.34645121203739], [127.32717593280243, 50.34627343992672], [127.3268981198411, 50.34617950015428], [127.32694550838238, 50.34483104854607], [127.32667086385929, 50.34464721151353], [127.3266803426281, 50.34437752117949], [127.32710178435153, 50.34438358605516], [127.32726121570387, 50.34384622647747], [127.32724391280001, 50.340338228513424], [127.32696613404924, 50.3402442891529], [127.32698508513893, 50.33970490797913], [127.32740648558304, 50.33971097134549], [127.32755958193086, 50.33935340454578], [127.32765745187109, 50.3365665999441], [127.32821928233778, 50.33657468048231], [127.32841338155963, 50.335048451334316], [127.3288410499989, 50.33487471507069], [127.32899727328183, 50.33442724879448], [127.32955907890201, 50.33443532261267], [127.32973420968098, 50.33344847274463], [127.33043960382899, 50.33336866287902], [127.33045851097374, 50.33282928010899], [127.33087985134584, 50.332835330294145], [127.33104549832643, 50.33211816936564], [127.331891315248, 50.33204036662323], [127.33204435201736, 50.33168279288689], [127.33246568259064, 50.331688837227], [127.3322843202919, 50.33285548655607], [127.33172253252172, 50.33284742608613], [127.33170363967551, 50.33338680920157], [127.33198453670612, 50.33339083985241], [127.33181260147536, 50.334287796411495], [127.3320935038339, 50.33429182685104], [127.33208405909892, 50.334561518399276], [127.33166270320181, 50.33455547242804], [127.33193731001772, 50.3347392975901], [127.33192471562695, 50.335098886261584], [127.33249597264434, 50.33483725443617], [127.33248023483239, 50.335286740391815], [127.33276114317658, 50.335290769276185], [127.33245820122472, 50.335916020665], [127.33272652441077, 50.3362796383836], [127.33257347713693, 50.33663721265046], [127.33282606938428, 50.33745031597497], [127.33276941735531, 50.33906846477573], [127.33234802144403, 50.33906242089828], [127.33225356605278, 50.34175933388145], [127.33151654830084, 50.342738123795776], [127.33179435072338, 50.342832052476886], [127.33178490143342, 50.3431017435859], [127.33234681017204, 50.34310980493604], [127.33220003494645, 50.34328758395628], [127.33247154488379, 50.34356130516022], [127.3324400586594, 50.34446027566606], [127.33216854390257, 50.34418655438049], [127.33216224550199, 50.34436634844685], [127.33188128371415, 50.34436231759275], [127.33201231608443, 50.3446340241734], [127.33159717170616, 50.34444818306537], [127.33103209603054, 50.344530014916955], [127.3314409376181, 50.344895652009505], [127.33200916654725, 50.34472392119324], [127.33185923509912, 50.3449915966869], [127.33213705126023, 50.3450855246506], [127.3319839696742, 50.34544309729654], [127.33156566798567, 50.345347153033444], [127.33154361442982, 50.345976431919404], [127.33238023042985, 50.346168319202626], [127.3328142819421, 50.34581477543376], [127.3328079856158, 50.34599456950855], [127.3333699287807, 50.34600262624844], [127.33363516731318, 50.34645613895224], [127.33405662892517, 50.346462178803776], [127.33422228052329, 50.34574501496266], [127.33464373596728, 50.34575105262513], [127.33466889294823, 50.34503187558763], [127.33439736207009, 50.34475815937494], [127.33468461554256, 50.34458238988911], [127.33470662650426, 50.343953109846495], [127.33442881168004, 50.343859188020886], [127.3347129152068, 50.343773315534726], [127.33473492516302, 50.34314403539506], [127.33446340440727, 50.34287031935346], [127.33403882898655, 50.34295417842629], [127.33420761248925, 50.3421471169173], [127.33433236259361, 50.34259861536605], [127.3347569343372, 50.3425147551799], [127.33478208672162, 50.3417955776987], [127.33450428423123, 50.34170165614255], [127.33466676669781, 50.34107438806637], [127.33444871380557, 50.33927241945461], [127.33450216514507, 50.3377441665719], [127.33492354985573, 50.337750202529804], [127.33493297958263, 50.33748051074096], [127.33451159725564, 50.33747447484051], [127.33457447432303, 50.33567652961016], [127.33473693339793, 50.335049260598], [127.33501784066402, 50.33505328401738], [127.33505555296779, 50.33397451622419], [127.33477465205718, 50.33397049295798], [127.33464363172611, 50.33369878914499], [127.3347935105254, 50.333431109054764], [127.33535844801828, 50.33334925740763], [127.33556486865595, 50.33146342360224], [127.33599561965488, 50.33119976294055], [127.33601760285792, 50.3305704810232], [127.3367260837081, 50.33040073501118], [127.337047763222, 50.32923608612004], [127.33761264717506, 50.329154222932424], [127.33748789803687, 50.32870272703901], [127.33776876827896, 50.32870674344862], [127.33792802289177, 50.32816936614725], [127.33850229903544, 50.32781780580029], [127.33823397754985, 50.32745420093917], [127.339082835247, 50.32728644728948], [127.33909223793573, 50.32701675444374], [127.3398194519366, 50.32630760302232], [127.33954486208033, 50.32612379640258], [127.34024386859879, 50.32622372104738], [127.34054351282981, 50.32568834446015], [127.34096792273728, 50.325604459766126], [127.34126129501064, 50.32524887662977], [127.34168257066781, 50.32525488702162], [127.34169508703481, 50.32489529595799], [127.34284036922594, 50.32428203123078], [127.3429995508082, 50.32374464588031], [127.343848326148, 50.32357685651328], [127.34387644917452, 50.322767775464946], [127.34472832717586, 50.32251008152345], [127.34474706533456, 50.32197069383253], [127.3451683127574, 50.32197669131448], [127.34547723871228, 50.321171606862634], [127.34603889276475, 50.32117959954788], [127.34621674745922, 50.32010282082043], [127.3464975682615, 50.320106815654974], [127.34679710249276, 50.31957142133886], [127.34735873806345, 50.31957940746599], [127.34752720406962, 50.31877232047623], [127.3478173677047, 50.31850661763827], [127.34823858516603, 50.31851260370063], [127.34825104908413, 50.31815301102764], [127.34897176067675, 50.31762359503651], [127.34898421867122, 50.317264002175435], [127.34954894107533, 50.31718207923074], [127.34971424762296, 50.31646488656441], [127.34999504748896, 50.31646887274461], [127.34972669950484, 50.31610529349686], [127.35000438483677, 50.316199177908324], [127.35030385427345, 50.31566377358278], [127.35086855553338, 50.3155818439972], [127.35088721961635, 50.31504245399099], [127.35116801126968, 50.31504643725743], [127.35132706587338, 50.31450903846116], [127.35174824875757, 50.31451501146773], [127.35176379331712, 50.31406551951797], [127.35218808044655, 50.313981592491125], [127.35234711974115, 50.3134441920569], [127.35306460768537, 50.31300464758451], [127.35307703277022, 50.31264505369598], [127.35350441041894, 50.31247122321302], [127.35380692111238, 50.311845910406326], [127.35437777873614, 50.31158416615151], [127.3549765525716, 50.3105133317359], [127.35525731812882, 50.31051730486935], [127.35526662374176, 50.31024760904236], [127.35568776981546, 50.31025356741501], [127.35570327488877, 50.3098040742448], [127.35613061746973, 50.30963023368139], [127.35657655262727, 50.30891699939276], [127.35800820381766, 50.30812774966302], [127.35789260105015, 50.307406576428974], [127.35832610562545, 50.307052929865044], [127.3587441291873, 50.30714877570076], [127.35875960374487, 50.30669928160081], [127.35933037244706, 50.3064375119329], [127.35919928340977, 50.30616583393557], [127.35962658061683, 50.30599197997165], [127.35964204622216, 50.30554248558326], [127.36006624394699, 50.30545852880613], [127.3600817051158, 50.305009034277404], [127.3603655306422, 50.304923095848046], [127.3605244453676, 50.304385682226965], [127.36138517428964, 50.303858164472906], [127.3614006221505, 50.30340866952335], [127.36267623198329, 50.303066875456224], [127.36270401516906, 50.30225778388673], [127.36355542550488, 50.30199994654169], [127.36371429385427, 50.30146252785449], [127.36441607772922, 50.30147240538831], [127.36442532857065, 50.301202707903705], [127.36400426057773, 50.30119678194798], [127.3640104293131, 50.30101698365483], [127.36485564502605, 50.30093893478016], [127.36487722389616, 50.30030964043191], [127.36572550680526, 50.30014168587109], [127.36575015449598, 50.29942249191298], [127.36617428729086, 50.29933851212478], [127.36632387736441, 50.29907078710117], [127.36702562696351, 50.29908064854539], [127.367050254125, 50.29836145398938], [127.36789541821227, 50.29828338246899], [127.36791387831975, 50.297743986253195], [127.3683349166545, 50.29774989775721], [127.36835337144329, 50.29721050137365], [127.36919543901999, 50.29722231958382], [127.36921388373354, 50.29668292292009], [127.3700559423579, 50.296694734808334], [127.37006515974745, 50.29642503634335], [127.37048618689167, 50.29643093994492], [127.3705046164934, 50.29589154286117], [127.37134666168913, 50.29590334526696], [127.3713650812171, 50.295363947903354], [127.37221632225774, 50.29510604517303], [127.37251540554831, 50.294570578063194], [127.37322015740205, 50.294490501841516], [127.37394329638997, 50.29387102312907], [127.37507822864498, 50.29352712562774], [127.37566099646698, 50.29290567369824], [127.37650911094096, 50.292737638586196], [127.37652441022752, 50.29228813938995], [127.3770796153528, 50.292475778599055], [127.37751589891741, 50.292032157028714], [127.37850432109681, 50.29186606603376], [127.37894058582586, 50.291422438888695], [127.3792212423779, 50.29142635308388], [127.37923040623937, 50.291156653147645], [127.37993204392771, 50.291166435579214], [127.38023101532046, 50.290630947192064], [127.38078621630565, 50.29081856869978], [127.38164952618969, 50.29020099509917], [127.38263789670374, 50.29003486839407], [127.38293378305063, 50.289589272755784], [127.38377572220513, 50.289600984081346], [127.38393127326356, 50.28915343429135], [127.38505689262756, 50.28907913803689], [127.3850660227433, 50.28880943721446], [127.38590794902267, 50.288821132967094], [127.38592011595459, 50.28846153170069], [127.3862068383747, 50.2882856282138], [127.38676811665322, 50.28829342049301], [127.38804921965858, 50.28777154069645], [127.38889112886153, 50.2877832146706], [127.38890023688755, 50.28751351327891], [127.39016309459932, 50.28753101264499], [127.3901752289096, 50.287171410545966], [127.39159051853972, 50.28683123558499], [127.39188327097736, 50.286475516542055], [127.39342975993262, 50.286406962187726], [127.39358218260766, 50.286049298971236], [127.3948510537029, 50.28588694560603], [127.39528408812464, 50.285533155466574], [127.39712324771428, 50.2851088227318], [127.39826384426665, 50.28458489294783], [127.39910570146603, 50.28459649241686], [127.40137475397347, 50.283908186017044], [127.40264053370518, 50.28383564784673], [127.40589764774798, 50.28298094464662], [127.40647087862281, 50.28262903602657], [127.40688879000808, 50.28272470797596], [127.40745600959386, 50.282552597073426], [127.40746201056349, 50.28237279435352], [127.40802322513701, 50.28238048335864], [127.40817252619772, 50.282112701003946], [127.4092949498587, 50.282128069387966], [127.41014575439439, 50.28186988411373], [127.41015174508622, 50.28169008113786], [127.41184434406806, 50.28144339615202], [127.4119936207438, 50.281175608616216], [127.41354290386005, 50.28101688304607], [127.41383246893554, 50.28075100814806], [127.41694589853033, 50.279983977785676], [127.41695186320642, 50.27980417415947], [127.41736977185889, 50.279899808427245], [127.41737871642864, 50.27963010292654], [127.4194950715412, 50.27929913435283], [127.42204714503524, 50.27852433218168], [127.42330978526134, 50.27854146925888], [127.42331869583921, 50.27827176292286], [127.42416045191534, 50.27828317991541], [127.4241693576054, 50.27801347345703], [127.42501110947109, 50.2780248842475], [127.42530059276494, 50.27775897987335], [127.42712438042572, 50.27778367771289], [127.42713326921228, 50.2775139708473], [127.42797501346772, 50.277525360093875], [127.42798389736689, 50.2772556531062], [127.42924650763526, 50.27727272538853], [127.42925538427123, 50.27700301822468], [127.43178945644118, 50.27676741383274], [127.43179831855127, 50.27649770631698], [127.4330638627089, 50.27642483442071], [127.43377120278221, 50.27625448475875], [127.43377710329908, 50.27607467956348], [127.43546349401272, 50.276007452605185], [127.4378748542564, 50.275230409679025], [127.43999087984162, 50.274899064467654], [127.44169776855152, 50.27420242611981], [127.44324087044747, 50.27422310741748], [127.44324673487534, 50.27404330134802], [127.44466126918132, 50.27370247224246], [127.44578351475364, 50.27371748649836], [127.44705481712917, 50.27346465497322], [127.44706066703587, 50.27328484855494], [127.45269809049461, 50.27255056415338], [127.45468235445058, 50.27194737092723], [127.45524054974946, 50.27204473442534], [127.45679521769146, 50.271705620726664], [127.45708448655638, 50.271439634924896], [127.45792613569539, 50.271450806314995], [127.46089799998268, 50.27068072372438], [127.461470681556, 50.27032853804792], [127.46245548042258, 50.27025162957555], [127.46288787478566, 50.26989758076894], [127.4634518512861, 50.269815096903436], [127.4638871271753, 50.26937114027633], [127.4647345250506, 50.269202454039], [127.46488346666307, 50.268934594977004], [127.46530427062974, 50.2689401529991], [127.46573663200454, 50.268586093213166], [127.4691462869011, 50.267281926418946], [127.46929808007617, 50.266924157087175], [127.47070646384128, 50.26676281548025], [127.47185445819588, 50.2659684375284], [127.47283915218371, 50.265891440030124], [127.47327430497296, 50.26544744683131], [127.47412160124166, 50.26527869109466], [127.47427047772445, 50.2650108192363], [127.47525801947373, 50.264843896506356], [127.47626563788064, 50.264047633248985], [127.47682665543054, 50.26405498815013], [127.47740487431665, 50.26352291251889], [127.4792482064217, 50.26291745493778], [127.47954015979427, 50.26256150649689], [127.480104022368, 50.26247894066656], [127.48153225336272, 50.26168813259197], [127.48209324456865, 50.26169546182514], [127.48252827296953, 50.26125143253761], [127.48379334710145, 50.26117800364223], [127.48408240195748, 50.26091194823788], [127.48620033836919, 50.260489847185646], [127.48620888813608, 50.26022013201241], [127.4874710826108, 50.26023656784827], [127.48747962512562, 50.25996685250503], [127.48917107630332, 50.25971902986387], [127.48917960906255, 50.25944931428506], [127.49044178489784, 50.25946571767943], [127.49045031040555, 50.25919600193091], [127.49129175686284, 50.2592069298107], [127.49129743729743, 50.2590271192348], [127.49341239266509, 50.25869479060139], [127.49370137911855, 50.258428710542866], [127.49510376973791, 50.258446880865776], [127.49511226861532, 50.25817716449164], [127.49553298370739, 50.25818261223804], [127.49554148008178, 50.25791289579844], [127.49806858645205, 50.257855644408366], [127.49990579570024, 50.25742966550598], [127.50539472289803, 50.256870799850795], [127.50693450003823, 50.256980536600324], [127.50694293167867, 50.25671081869878], [127.51199139357232, 50.25677557592978], [127.51199979660083, 50.25650585739855], [127.51578613373648, 50.25655428099454], [127.51579451527454, 50.25628456198903], [127.5166359201825, 50.25629530593961], [127.51664429684584, 50.25602558681828], [127.5204389590437, 50.25580413918447], [127.52044731409035, 50.2555344195767], [127.52549568249323, 50.255598589149855], [127.52605938788052, 50.25551579880536], [127.52592470474748, 50.255334206436345], [127.52929027583856, 50.25537685177833], [127.5292985807872, 50.2551071310764], [127.53225173371534, 50.25487464440296], [127.53226830975277, 50.25433520222273], [127.5331096865667, 50.25434582661731], [127.53311796964954, 50.25407610540574], [127.53775928636226, 50.25368489386813], [127.53804799717287, 50.25341870089044], [127.53875188318248, 50.25333761268313], [127.53904333613, 50.252981509830235], [127.53987919528782, 50.25317189969354], [127.53988469165022, 50.252992084974096], [127.54087451262568, 50.25273469273835], [127.54228225326098, 50.25257247751551], [127.54271938465571, 50.25203830918471], [127.54369820747132, 50.25214052257569], [127.54482821385389, 50.25188485359453], [127.54511687455, 50.251618642536464], [127.54595820834308, 50.25162917350799], [127.5459691546569, 50.25126954299548], [127.5466729964844, 50.25118840638299], [127.54710459741993, 50.250834036244434], [127.54808067322712, 50.25102612030197], [127.54920790015272, 50.25086031598903], [127.54949107063513, 50.25077390930145], [127.54935631084325, 50.25059234329602], [127.55090963501259, 50.25025195751741], [127.55091781641879, 50.24998223397972], [127.55133846992696, 50.24998747910724], [127.55134664883586, 50.24971775550609], [127.55218795147943, 50.24972824109503], [127.55219612551821, 50.24945851738057], [127.55303742391314, 50.24946899678144], [127.5530455930819, 50.249199272953724], [127.5543075344872, 50.24921498048996], [127.55431569641331, 50.248945256499255], [127.55600642951039, 50.24869645416955], [127.55601458169728, 50.2484267299527], [127.55643522245825, 50.24843195651649], [127.55644337214845, 50.24816223223637], [127.55728464929663, 50.248172680698445], [127.55729279411752, 50.24790295630539], [127.55898347561516, 50.247654110161406], [127.55899161069789, 50.247384385542624], [127.55941224283471, 50.24738960125367], [127.55956058537002, 50.24712161478731], [127.56026163532044, 50.247130303328674], [127.56027247224984, 50.246770670266066], [127.56153706036075, 50.24669639046948], [127.56140767975694, 50.246335021380006], [127.56323038181753, 50.24635757357095], [127.56337869971307, 50.24608958197261], [127.56492908045877, 50.245838914839155], [127.5649371814621, 50.245569189432246], [127.56535779871902, 50.24557438348952], [127.56536589722681, 50.245304658019656], [127.56705644689107, 50.24505569315131], [127.56706453566335, 50.24478596745687], [127.56748514641845, 50.24479115375661], [127.56763343551705, 50.244523156411255], [127.56833444982988, 50.24453179593458], [127.56834253123944, 50.24426207006509], [127.5698874461069, 50.24419115326905], [127.57074210457749, 50.24375196020678], [127.5713029077119, 50.24375885708648], [127.57129484315342, 50.24402858332777], [127.57297726335287, 50.24404925793086], [127.57298531842252, 50.24377953149289], [127.57424712774146, 50.243795021318626], [127.57449266146854, 50.244967276889305], [127.57505079854651, 50.24506406466723], [127.5750400734804, 50.24542370015803], [127.5746194557731, 50.245418541153796], [127.57459531646194, 50.24622772077294], [127.57571162270987, 50.24642129289193], [127.57542852429702, 50.246507764164754], [127.5754043977535, 50.24731694391599], [127.57624298778194, 50.24741716388798], [127.5762135155406, 50.24840616153953], [127.57705480425314, 50.248416466929164], [127.57691018394056, 50.25327154543674], [127.5771906420979, 50.25327497980173], [127.57704237818118, 50.253542989175415], [127.57732016017117, 50.25363633206653], [127.57728266987091, 50.25489505555325], [127.57812407323313, 50.2549053541616], [127.57809195556275, 50.25598426016487], [127.57893337840358, 50.255994553075205], [127.57891732833133, 50.25653400619154], [127.57933804468257, 50.25653915046087], [127.57937815707878, 50.255190517323896], [127.57853674823667, 50.2551802277522], [127.57856082845268, 50.254371048001424], [127.57771943434092, 50.25436075263382], [127.57782383095952, 50.25085430691395], [127.57866516336293, 50.25086460100834], [127.57868121305714, 50.25032514742194], [127.57826055154067, 50.25032000123376], [127.5784141490417, 50.24987217215669], [127.57829265895705, 50.24924109409451], [127.57787468337557, 50.249146037658335], [127.5779041220099, 50.24815703942029], [127.57748080275853, 50.24824179950156], [127.57748883360564, 50.2479720727313], [127.57776658432184, 50.24806541437489], [127.57763975371272, 50.24761415343326], [127.577925530895, 50.247437767860255], [127.57751292541435, 50.24716289233938], [127.57752363253218, 50.246803256570566], [127.57682793820854, 50.24661485435648], [127.57670647650494, 50.24598377453937], [127.57642606119722, 50.245980339365374], [127.57630192733583, 50.24543916803931], [127.57588934833696, 50.24516428688683], [127.5759295418795, 50.24381565311411], [127.57887377132474, 50.243851700165976], [127.57886574946633, 50.24412142729048], [127.58068838096959, 50.24414370497463], [127.58082057257799, 50.2444151447982], [127.58179399062286, 50.244696855007675], [127.5817859850051, 50.244966582433854], [127.58248701013362, 50.244975136645], [127.58331757798601, 50.24534503290389], [127.58328292256269, 50.24651385229187], [127.58257654017926, 50.24668512098347], [127.58285429365533, 50.24677845050601], [127.58257120568273, 50.2468649392681], [127.58270608227501, 50.24704646783727], [127.58214790585741, 50.24694971653806], [127.58185147241636, 50.24748574909182], [127.58297317194277, 50.24749943366266], [127.58296783878474, 50.24767925195278], [127.58421909954413, 50.248054271012556], [127.5842004492968, 50.24868363528008], [127.58377713605998, 50.24876841834798], [127.58371583351311, 50.250836328586175], [127.5828744997677, 50.250826071057425], [127.58304405602811, 50.24983878091695], [127.58332982700672, 50.24966238206163], [127.58320027349245, 50.24930103596196], [127.58348870639196, 50.2490347275325], [127.58337514873502, 50.24813392668932], [127.58211855631119, 50.24793871680055], [127.58211055160548, 50.24820844411332], [127.58126926471157, 50.248198175351256], [127.58123722568861, 50.24927708407639], [127.58010479673239, 50.24962301842143], [127.580784522469, 50.25035085553011], [127.57994319833851, 50.25034057685339], [127.57993518067174, 50.25061030380013], [127.5807738385479, 50.25071049158648], [127.58007272979836, 50.25070192633672], [127.57978426777298, 50.2509682259653], [127.58076315441022, 50.25107012761881], [127.58072842946675, 50.25223894455792], [127.57988707211102, 50.25222866519668], [127.57987103494878, 50.25276811888734], [127.58071240179804, 50.25277839844418], [127.58069637364193, 50.25331785227635], [127.5802756854094, 50.253312713161314], [127.58026766877505, 50.25358244000824], [127.58068835938107, 50.25358757917217], [127.58068034499837, 50.253857306054456], [127.58025965201875, 50.253852166841625], [127.58025163514058, 50.25412189366151], [127.58109302596884, 50.25413217066256], [127.58106898884489, 50.25494135133439], [127.58148969156278, 50.25494648769793], [127.58151105161953, 50.25422721586534], [127.58235511312485, 50.254147574746234], [127.5823817960188, 50.25324848447967], [127.58280781890328, 50.253073797862825], [127.58281582105313, 50.25280407069574], [127.5832365052693, 50.25280920057911], [127.5832551709412, 50.252179837022794], [127.58367851542046, 50.25209505616826], [127.5836491922042, 50.25308405620482], [127.58322850549293, 50.253078927794995], [127.58303493639012, 50.254875398972146], [127.58233109736393, 50.254956755857705], [127.58231508624799, 50.25549620986444], [127.58189437853899, 50.25549107644809], [127.58159254733816, 50.256206925032494], [127.5810209113072, 50.256559712313006], [127.58084327198122, 50.257816724548825], [127.58055209829949, 50.258172934332336], [127.58049865296496, 50.259971111759945], [127.57965448551529, 50.26005073841785], [127.57961437401028, 50.261399370582524], [127.57919361480045, 50.26139422695495], [127.57914278747569, 50.263102493568354], [127.57829588564688, 50.26327201856612], [127.57828785500121, 50.263541744716974], [127.57786439945924, 50.263626504826824], [127.57771074991585, 50.26407433172539], [127.57615983872327, 50.26432516418553], [127.57614911468393, 50.26468479865144], [127.57530217449546, 50.26485430145747], [127.5752941264916, 50.26512402718397], [127.57571491784908, 50.26512918520348], [127.57570687209791, 50.26539891096554], [127.57612766595284, 50.265404067511135], [127.57613570932895, 50.26513434170001], [127.57697729265557, 50.26514465012419], [127.57713363189262, 50.26460691571097], [127.57783494385617, 50.26461550040146], [127.57781084259551, 50.265424678463674], [127.57865243165011, 50.26543497480202], [127.57863904950283, 50.26588451828059], [127.57820754182688, 50.26623900548181], [127.57778674023515, 50.26623385640417], [127.57777602772201, 50.26659349100531], [127.5769210197066, 50.26703273120451], [127.57691298022482, 50.267302457019035], [127.57649216949865, 50.26729730317616], [127.57619822307615, 50.26774340929267], [127.5756344548305, 50.26782644221533], [127.57532976536731, 50.26863218011935], [127.57476061709498, 50.26889502570495], [127.57488747280341, 50.26934628842806], [127.5743156285866, 50.2696990401876], [127.57413507147034, 50.271045945922594], [127.57343366618966, 50.27103733811482], [127.57340948485238, 50.271846513730935], [127.57298863471972, 50.27184134686774], [127.57282147136267, 50.27273870789807], [127.57290531044686, 50.274628505883186], [127.57234414438956, 50.27462161368506], [127.57289455797377, 50.274988139199316], [127.57288380528259, 50.27534777249138], [127.57246292438218, 50.27534260346554], [127.57227960093067, 50.27677941269636], [127.57200169530508, 50.27668605705532], [127.5718533269586, 50.27695405788913], [127.57184256567385, 50.27731369089586], [127.57212316443675, 50.27731713867716], [127.57239031662289, 50.277770127115225], [127.57154851241181, 50.277759783607294], [127.57154043951586, 50.27802950829119], [127.57238224848044, 50.278039851897546], [127.57236880130363, 50.27848939317133], [127.57193713164256, 50.27884385497435], [127.57191291824334, 50.27965302897073], [127.5716188507678, 50.280099121568284], [127.57119792820575, 50.28009394761009], [127.57188063199204, 50.28073192744315], [127.57184565300271, 50.28190073387729], [127.57155426198484, 50.28225691785373], [127.57183219893125, 50.28235027474586], [127.57180798074296, 50.28315944821457], [127.57138703115679, 50.283154274714335], [127.57133857719869, 50.28477262099104], [127.57260146912192, 50.28478813780579], [127.5725934001653, 50.285057862285534], [127.573014366763, 50.28506303155828], [127.57286597705593, 50.285331033135705], [127.57216436223328, 50.28532241590577], [127.57210785859503, 50.287210486446014], [127.57126588796784, 50.28720013949275], [127.5712497334537, 50.28773958789984], [127.57167072346196, 50.287744762237025], [127.57139577980222, 50.292238439462146], [127.57151727624763, 50.292869520340645], [127.57193831156877, 50.29287469408898], [127.57178486518917, 50.297999448243715], [127.57262702660631, 50.29800979303726], [127.57247859294756, 50.29827779317816], [127.57219787086153, 50.29827434521965], [127.57202520553838, 50.29935151605263], [127.57243284142567, 50.299806228070494], [127.57285393814144, 50.29981139901646], [127.57214941843237, 50.29989268783644], [127.57210903802849, 50.301241306311695], [127.5729512568036, 50.30125164923684], [127.57291089712686, 50.302600267866026], [127.57262745826405, 50.30268672862369], [127.57261938433248, 50.302956452271616], [127.5729001340277, 50.30295989944335], [127.57287053437894, 50.30394888615702], [127.57329166775155, 50.30395405582418], [127.57328359721367, 50.30422377949099], [127.57356435445048, 50.3042272251213], [127.57327552655296, 50.30449350314427], [127.5736939753549, 50.30458857928257], [127.57368859640582, 50.3047683950737], [127.57326745576944, 50.30476322678404], [127.57325938486308, 50.30503295041027], [127.57368052787984, 50.30503811874912], [127.57367245923108, 50.305307842411004], [127.5739532228974, 50.305311287155725], [127.57408553835995, 50.30558273297145], [127.57403713743517, 50.307201074872594], [127.57445829974193, 50.30720624055449], [127.57458524700958, 50.30765750154932], [127.5748660246215, 50.30766094420558], [127.5745771827288, 50.30792722519519], [127.57485796192789, 50.30793066788419], [127.57483108539631, 50.30882974671524], [127.57566806689785, 50.30901988685607], [127.5753792210536, 50.30928616974628], [127.57565732214358, 50.3093795184654], [127.57562508657247, 50.31045841314912], [127.57647552374691, 50.310199008215356], [127.57642719602089, 50.311817350505606], [127.57726960318361, 50.311827663709806], [127.57724545195381, 50.31263683496684], [127.57808250998055, 50.312826958247165], [127.57806373585133, 50.31345631379302], [127.5787657664174, 50.313464898873924], [127.57888204771517, 50.31427578698366], [127.57972449921458, 50.31428608276387], [127.579700387547, 50.31509525453824], [127.58054285382617, 50.31510554450978], [127.58051875534855, 50.3159147164563], [127.58136123640784, 50.31592500061879], [127.58133715112143, 50.31673417273729], [127.58203388116553, 50.316922554519536], [127.5821475505918, 50.317823347450485], [127.58270922746098, 50.31783019655606], [127.5829820463436, 50.31810334424565], [127.58296600671056, 50.31864279251312], [127.58380052164233, 50.31892278355532], [127.58379250628526, 50.31919250775299], [127.58421377631635, 50.31919763897738], [127.58420576321963, 50.31946736321037], [127.58378449080618, 50.31946223193714], [127.5837764752051, 50.319731956107766], [127.58419240778738, 50.31991690356867], [127.5841817231976, 50.320276535828256], [127.58501627386546, 50.32055651836648], [127.58499224667507, 50.32136569111515], [127.58541353613201, 50.32137081815222], [127.58540552920735, 50.321640542423545], [127.58582415296112, 50.32173557608711], [127.58580280681176, 50.322454840862676], [127.58636187187707, 50.3225515808756], [127.58620009773803, 50.32326913794681], [127.58703471261758, 50.32354910639317], [127.58702671424957, 50.32381883075149], [127.58744002965425, 50.32409367499057], [127.5874240370755, 50.324633123737115], [127.58825868305611, 50.32491308359247], [127.58824269927958, 50.325452532452815], [127.58908535175159, 50.325462762045056], [127.58906937702136, 50.326002211046095], [127.58990937859932, 50.32610234292202], [127.58988010765994, 50.32709133295726], [127.59072278970446, 50.327101550923096], [127.59070683258267, 50.32764100015121], [127.59154952464702, 50.32765121220612], [127.59152560235472, 50.32846038623863], [127.59236830920615, 50.328470592479526], [127.59233643018628, 50.329549491389095], [127.5933169562224, 50.32965129967683], [127.59314729470213, 50.33063859099465], [127.59399004066456, 50.33064878580054], [127.5939422727985, 50.332267134600684], [127.59464458531139, 50.3322756260928], [127.59475321925962, 50.33335622320044], [127.59531243087129, 50.33345292120921], [127.59530447655843, 50.333722646065105], [127.59558275933507, 50.33381594824371], [127.59555624924825, 50.33471503109193], [127.59597765865904, 50.3347201208256], [127.59596705742689, 50.33507975398751], [127.59624799922092, 50.33508314633815], [127.59638052145732, 50.335354567163115], [127.59632752715868, 50.33715273284563], [127.59717038950933, 50.33716290555066], [127.59743810491783, 50.337615836637184], [127.59728438599707, 50.338063683400605], [127.59826509838021, 50.33816545135461], [127.59783836388549, 50.33834018628047], [127.597817186581, 50.3390594527029], [127.59739309043032, 50.33914427759986], [127.59738514629399, 50.339414002430644], [127.5969636951027, 50.33940891745614], [127.59722347547498, 50.34013157371523], [127.59750709511789, 50.34004505500647], [127.59766611382206, 50.3394173915653], [127.59809285866915, 50.33924265738866], [127.59810344541631, 50.33888302415844], [127.59909740045153, 50.338535243591906], [127.59927490321093, 50.33727821897403], [127.59886669587378, 50.3368235991625], [127.59875002675606, 50.33601273083365], [127.59847172487252, 50.33591943611263], [127.59859897111276, 50.33637067122959], [127.5980370718268, 50.336363897084446], [127.59807676854697, 50.33501527170839], [127.59737706227894, 50.33491689226953], [127.59726571814315, 50.33392620572839], [127.5965633805094, 50.33391772986651], [127.59644940600339, 50.33301695087915], [127.59561987119619, 50.332557232004255], [127.59550856816124, 50.33156654373832], [127.59494937820058, 50.33146984682353], [127.59497324490016, 50.3306606720233], [127.5944114138276, 50.330653880913694], [127.59456248182623, 50.330295945726604], [127.59400330874179, 50.33019924438092], [127.59415703154116, 50.329751401410576], [127.59373566640515, 50.329746305441425], [127.59346802908297, 50.32929336589381], [127.5931871217622, 50.32928996710848], [127.59321101654294, 50.328480792614776], [127.59279497420602, 50.32829587677206], [127.59280825245054, 50.32784633540006], [127.59323491023227, 50.327671617999584], [127.5924001862846, 50.32739169335393], [127.59255922650775, 50.326764035774936], [127.59297790986489, 50.32685904409032], [127.59354765821745, 50.32659611678549], [127.5936642188689, 50.327406990684786], [127.59422601147882, 50.327413785089036], [127.59407495054114, 50.327771720067034], [127.59449364584721, 50.3278667230065], [127.5944750784575, 50.328496081369586], [127.59503158113209, 50.328682688666845], [127.59501567189663, 50.32922213874514], [127.59529657903776, 50.32922553310995], [127.59528597473056, 50.32958516650855], [127.59556688404443, 50.32958856023799], [127.5954184768037, 50.32985658850744], [127.59611015590256, 50.33022470427748], [127.59609690769123, 50.330674246101], [127.59693435914932, 50.330864236318924], [127.59678595544739, 50.33113226630762], [127.59705628239986, 50.331495290040976], [127.59734249798719, 50.33131886279168], [127.59733455576874, 50.33158858798155], [127.59761547714076, 50.33159197685928], [127.59829926147279, 50.332229805072465], [127.59927721249791, 50.332421472043116], [127.59940445771369, 50.332872706529024], [127.59996631615174, 50.33287947372934], [127.60009885378618, 50.33315089054103], [127.59995574572044, 50.33323910761913], [127.60066071567151, 50.33315765441316], [127.60065015037775, 50.33351728839226], [127.6012146570002, 50.33343414112211], [127.60147975099517, 50.333976971841246], [127.60245511308413, 50.334258520954975], [127.60244719898395, 50.334528246596676], [127.60327683461648, 50.33498791743357], [127.60312845312454, 50.33525595552196], [127.60382554140716, 50.335444209064356], [127.60409594615467, 50.33580721681218], [127.60411702621779, 50.33508794805818], [127.60426276697319, 50.33490981725954], [127.604681545799, 50.33500478408009], [127.60482991777943, 50.3347367439195], [127.60511085861344, 50.33474011484172], [127.60510032632146, 50.33509974940445], [127.60552174085213, 50.33510480457964], [127.60567274044182, 50.334746854650476], [127.60679124497928, 50.33494014353783], [127.607064299096, 50.33521323587119], [127.60776403088774, 50.33531155720353], [127.6077587746765, 50.33549137467291], [127.60875258957937, 50.335143510199295], [127.60902565617748, 50.33541659801912], [127.60986849236976, 50.33542667843849], [127.60986061991615, 50.335696404875826], [127.61070346135722, 50.33570647928385], [127.61069559355316, 50.335976205803604], [127.6118193892459, 50.33598962897511], [127.6118089071332, 50.33634926448417], [127.61152533491902, 50.3364358185295], [127.61208723827772, 50.33644252750729], [127.61207675801882, 50.33680216302898], [127.61263080867595, 50.33707859606684], [127.61347367556118, 50.3370886505956], [127.61332534441493, 50.337356702020614], [127.61388725906423, 50.337363402389066], [127.6142956153683, 50.33781797063282], [127.61528159020556, 50.33773977738483], [127.61541422844088, 50.338011177340725], [127.61598137696846, 50.33783804966176], [127.61611140687123, 50.33819935785959], [127.61737573898418, 50.33821439976221], [127.61736790826247, 50.33848412692583], [127.61948296155683, 50.33823943906034], [127.61977174187876, 50.33797304730194], [127.62019318444494, 50.33797804951502], [127.62004749325808, 50.338156200601105], [127.62032845606856, 50.33815953492199], [127.62046372871254, 50.338341020174475], [127.62088517465709, 50.33834601990606], [127.62074990038344, 50.338164535130836], [127.62117655089544, 50.33798971540732], [127.62187375247123, 50.33817786155584], [127.62328376689746, 50.338014685753414], [127.62313808708025, 50.33819284080461], [127.6242671353812, 50.33802632551744], [127.624118861688, 50.33829439114152], [127.62482127205257, 50.33830270109618], [127.62482646437678, 50.33812288241926], [127.6259529114274, 50.338046260056906], [127.62638213533812, 50.33778151166935], [127.62665791135717, 50.33796464949356], [127.62623128079393, 50.338139489498225], [127.62665272597582, 50.33814446831343], [127.6283566342316, 50.337535001966614], [127.62848675751603, 50.33789629709684], [127.62904868211315, 50.337902924256085], [127.62891596615785, 50.337631539222734], [127.62920727823321, 50.337275214031806], [127.63301312809946, 50.336870322461536], [127.63302086978612, 50.33660059345307], [127.6327399146765, 50.33659728987127], [127.63302603084507, 50.336420774106635], [127.63372841619847, 50.336429030039746], [127.63372325778938, 50.33660884943858], [127.63400421308236, 50.33661215064518], [127.63385857749786, 50.336790319530046], [127.63442049030843, 50.33679692062786], [127.63499013384614, 50.33653378977825], [127.63752130275824, 50.336473538786684], [127.63751358658908, 50.33674326830638], [127.63793759267642, 50.33665829628103], [127.63792730750025, 50.33701793568835], [127.63835131533418, 50.33693296217189], [127.63931925549396, 50.33748393373266], [127.64100758847286, 50.33741373996266], [127.64101271953139, 50.33723392004444], [127.64128854936358, 50.33741702360808], [127.64452216225813, 50.33736482666341], [127.64507896861765, 50.337551196505316], [127.64466776000947, 50.33718664413237], [127.64706358373408, 50.336944727665966], [127.64706869184668, 50.336764907282756], [127.64749268176004, 50.33667990027575], [127.64721172449607, 50.33667663165419], [127.6470789079163, 50.33640526649847], [127.6465169967757, 50.336398726603036], [127.64651188664686, 50.336578546956666], [127.64537783185526, 50.33692509946236], [127.6453829463278, 50.33674527920371], [127.64496151024005, 50.33674036836658], [127.64525525489803, 50.336294091780914], [127.64412375760567, 50.33655072194038], [127.64370232345856, 50.336545806553595], [127.64385048177284, 50.336277714948885], [127.64356952730371, 50.336274437546564], [127.64341880651175, 50.336632438841065], [127.6418581630995, 50.33715385888962], [127.64186585478058, 50.33688412890286], [127.64074458982118, 50.33678108597162], [127.64045849969636, 50.33695762093331], [127.6403257209955, 50.33668624837971], [127.64074715579581, 50.33669117601322], [127.64118654660614, 50.33606673225981], [127.6425913119615, 50.33608314122268], [127.64273947501151, 50.33581505105166], [127.64162079734851, 50.33562210670714], [127.64147262865107, 50.33589019541536], [127.6406272069639, 50.33597025395915], [127.64077794647521, 50.335612256396004], [127.6399376634659, 50.33551249003081], [127.64021091238398, 50.33578550603827], [127.63936292211116, 50.335955465326265], [127.63951367104443, 50.33559746947769], [127.63923272109207, 50.33559418162965], [127.63894406336367, 50.33586062282412], [127.63922501485376, 50.33586391138208], [127.63935521651135, 50.3362251950764], [127.63836416773161, 50.33648341282324], [127.63795559123221, 50.33602892726073], [127.63810378008544, 50.33576084320435], [127.6375444505607, 50.335664350146956], [127.63783311483925, 50.33539791247232], [127.63684464860374, 50.33556620752249], [127.63684979503985, 50.33538638785759], [127.63642837246458, 50.33538144619224], [127.63657399408703, 50.33520327393371], [127.63615257317994, 50.3351983312818], [127.63600437520553, 50.335466412801836], [127.63558295207054, 50.33546146806707], [127.63587420100103, 50.3351051255312], [127.634755569074, 50.33491211546606], [127.63459963187988, 50.33544992441481], [127.63431868337169, 50.335446624701575], [127.6343135273704, 50.335626444175176], [127.63361631233026, 50.33543837244963], [127.63346809937016, 50.33570645060417], [127.63262524986158, 50.33569654119113], [127.63262008742234, 50.335876360530044], [127.63219607922086, 50.335961313153234], [127.63191512797823, 50.33595800760897], [127.63178240082465, 50.33568662567061], [127.63038023891824, 50.33558017664316], [127.62966234627886, 50.336111357934186], [127.62867901510292, 50.3360997641104], [127.62923574326385, 50.33628620924252], [127.62923056792197, 50.33646602830858], [127.62796886597746, 50.33636120618194], [127.62782061839701, 50.336629276813355], [127.62740436869827, 50.33644448341511], [127.62683468506621, 50.33670757676844], [127.6264132525647, 50.33670259871495], [127.62642103157519, 50.33643287044271], [127.6261400782299, 50.33642955092371], [127.62556000935908, 50.33705227557623], [127.6250032870428, 50.336865812910965], [127.62415782270973, 50.33694575131434], [127.62400955188936, 50.33721381687007], [127.61824993027024, 50.33714551089172], [127.61825775562593, 50.33687578356539], [127.61629107178322, 50.33685239447694], [127.61629890814906, 50.33658266735979], [127.61587486571625, 50.33666756015841], [127.61588270438735, 50.336397833080014], [127.61504507776095, 50.336207978115], [127.61519600968704, 50.33585001532534], [127.61491506110616, 50.33584666871482], [127.61492029037097, 50.33566685071143], [127.61435577980257, 50.33575006447827], [127.61436101116055, 50.33557024651436], [127.61464195804547, 50.33557359445021], [127.61437408932322, 50.3351207015784], [127.61367172896735, 50.335112328902746], [127.61367696278904, 50.334932510971], [127.61172346584681, 50.334459500582085], [127.61172870690103, 50.334279682778295], [127.6101861669869, 50.33417131351948], [127.60879985921635, 50.33352515197903], [127.60809752404184, 50.333516745827964], [127.60808964209491, 50.33378647215169], [127.60766298247827, 50.33396124388705], [127.60710899703068, 50.33368478756776], [127.60682280274115, 50.33386123897222], [127.60485888630845, 50.33374774886602], [127.60485361942347, 50.33392756616197], [127.60513455548853, 50.33393093698792], [127.60498882104076, 50.3341090689604], [127.60470788394267, 50.33410569777377], [127.60471841882583, 50.333746063209276], [127.60372724011599, 50.334003984675576], [127.60375095987261, 50.33319480719538], [127.60235685497724, 50.33281829548455], [127.60237004512986, 50.33236875262532], [127.60278616058272, 50.33255363467726], [127.60306708829879, 50.332557010431636], [127.60307236167056, 50.332377193229895], [127.6019565716812, 50.33209396054176], [127.60155102145897, 50.33154944135052], [127.60071617994485, 50.33126957562939], [127.60074258942588, 50.330370490261934], [127.60201989786279, 50.329936154573794], [127.60186624814433, 50.33038400853422], [127.60241752690786, 50.330750398021884], [127.60283890248756, 50.330755462604245], [127.60283099154313, 50.33102518845341], [127.60353328841695, 50.33103362611202], [127.60352538132545, 50.33130335202801], [127.60464906337656, 50.33131684359003], [127.60477899025355, 50.33167816399829], [127.6056296541226, 50.331418548517625], [127.60562175879107, 50.331688274656344], [127.60646715801059, 50.3316084704645], [127.606461897595, 50.33178828794995], [127.60674282123773, 50.33179165478752], [127.60716946456851, 50.331616886232865], [127.6077260544077, 50.33180343337589], [127.60772079870705, 50.33198325095144], [127.6078665163425, 50.33180511535288], [127.60954943619987, 50.33191519470388], [127.60955468498634, 50.331735376986664], [127.6103948334478, 50.33183536193288], [127.61038434212615, 50.332194997483214], [127.61206204288125, 50.33248485843166], [127.61205418366747, 50.33275458525686], [127.61331836911651, 50.33276967009659], [127.61331051693602, 50.33303939705189], [127.6149882659831, 50.333329216122365], [127.61498042310104, 50.33359894324198], [127.61582322926007, 50.33360898024157], [127.61581539102748, 50.33387870744325], [127.6179224204353, 50.33390377346309], [127.61791459400575, 50.334173500889904], [127.61833600262949, 50.33417850956131], [127.61834382667455, 50.33390878208683], [127.61988898390402, 50.333927133978335], [127.61989679908693, 50.33365740631571], [127.62102835315115, 50.33340101232339], [127.62271396323678, 50.33342099249272], [127.62284143347563, 50.33387220307844], [127.6232602415921, 50.3339671032204], [127.62369204094152, 50.33361245504817], [127.62313016821285, 50.33360580241352], [127.62285962967897, 50.33324283772401], [127.62327843232408, 50.3333377377656], [127.62400154737921, 50.33262677710123], [127.6258457536284, 50.33201900797827], [127.62642316366983, 50.33148619034835], [127.62797342676815, 50.33132461512937], [127.62826729533515, 50.33087838208495], [127.62910747066884, 50.330978232012356], [127.62868350023096, 50.33106317219836], [127.62867832376332, 50.33124299138527], [127.62938321842475, 50.33116136334647], [127.62965896829986, 50.33134449403814], [127.62993989207234, 50.33134780481485], [127.62967190016442, 50.33089494588323], [127.63022857187654, 50.33108138596157], [127.63008035397827, 50.331349459948754], [127.63035352252686, 50.33162249866149], [127.6300596686703, 50.332068737044935], [127.6306241095522, 50.33198544639954], [127.63077491078629, 50.33162746207496], [127.63105066873995, 50.33181058951668], [127.63176589787253, 50.33136930832491], [127.63134709494219, 50.331274438829844], [127.63136776023232, 50.330555161248135], [127.6319347629951, 50.33038195433984], [127.63080592175159, 50.330548545990155], [127.63081625832032, 50.330188907247404], [127.63281622327679, 50.329043221449524], [127.63311519148324, 50.32841715590951], [127.6336821624604, 50.328243940159], [127.63440246759006, 50.327622822159846], [127.63525032593267, 50.32745289775784], [127.6352554769046, 50.327273077959966], [127.6366625523712, 50.327199646545466], [127.63695116931419, 50.32693321030692], [127.6379368850943, 50.32685482266572], [127.63794459616216, 50.326585092637465], [127.6380799043284, 50.326766558021134], [127.63878728637019, 50.32659496221083], [127.63892259779277, 50.32677642663953], [127.6392111995965, 50.32650998464855], [127.640191771093, 50.32661139793188], [127.64118260385045, 50.32635316244393], [127.64159113019113, 50.326807636984405], [127.64116465408972, 50.32698253335985], [127.6411569611399, 50.32725226373], [127.64088375473987, 50.32697924990516], [127.64087606020098, 50.32724898024405], [127.64059259391207, 50.32733560617924], [127.64086836554492, 50.3275187105695], [127.6407227839349, 50.32769688875558], [127.64030656064504, 50.32751214149985], [127.63973192067203, 50.327955120020604], [127.6391701108918, 50.3279485454193], [127.63916240638822, 50.32821827552124], [127.63874104680612, 50.32821334274244], [127.63844729276153, 50.32865960338481], [127.6368971493435, 50.32882131932926], [127.63675154890194, 50.32899949235102], [127.63702731509747, 50.32918260575993], [127.63660337425654, 50.32926757509691], [127.63646806483287, 50.32908610805903], [127.63561760650366, 50.3293459509779], [127.63518593437175, 50.32970064472677], [127.6339115057987, 50.3300454375089], [127.63404680807736, 50.33022690743623], [127.63306359654827, 50.33021535166005], [127.6329076567196, 50.330753158733565], [127.63219761058572, 50.33101462770358], [127.63204424012963, 50.33146252372856], [127.6327388102669, 50.33174051422296], [127.63286637150496, 50.33219171467633], [127.63342822984539, 50.332198320134246], [127.63400555802761, 50.33166546419293], [127.63442694730892, 50.33167041437543], [127.63443725695645, 50.331310775159295], [127.63500683419548, 50.33104764345349], [127.63487152596805, 50.33086617462003], [127.63571429081406, 50.330876067069255], [127.635589280945, 50.33033495958677], [127.63643203664672, 50.330344846759054], [127.63742296720467, 50.330086644269116], [127.6374281104583, 50.329906824390655], [127.63871021808322, 50.32929226282801], [127.63871792543998, 50.32902253282678], [127.63956065902454, 50.32903239713958], [127.63914186047181, 50.3289375557274], [127.63928745183843, 50.328759379636494], [127.64012504811895, 50.328949059900296], [127.64069200064823, 50.32877580982461], [127.64098316975137, 50.32841945345276], [127.64140453154789, 50.32842437812159], [127.64140965947303, 50.32824455789431], [127.64281163303563, 50.32835087249471], [127.64310790516635, 50.32781469027318], [127.64395317803287, 50.327734612384006], [127.64481635037073, 50.32702515653572], [127.64608806615252, 50.326770153070115], [127.6463766281925, 50.326503692969084], [127.64679542035735, 50.326598508301586], [127.64736997872642, 50.32615549410835], [127.64863145761102, 50.32626010404518], [127.64934389290752, 50.32590862276327], [127.65004612805674, 50.32591677891071], [127.64976778192488, 50.32582360649807], [127.65005377032885, 50.32564704748778], [127.65258180523996, 50.3256763742328], [127.65258689048946, 50.325496553090616], [127.65441776750805, 50.32533787792747], [127.65442284576883, 50.325158056639175], [127.6577935313684, 50.32519701983343], [127.65794157419514, 50.32492890885002], [127.65948646563906, 50.324946732298656], [127.65949152470375, 50.32476691062484], [127.66047463454215, 50.32477824206315], [127.6617487348561, 50.32443315515054], [127.66202962160904, 50.32443638808432], [127.66174368436835, 50.32461297700056], [127.66187907825864, 50.32479441541684], [127.66273183871552, 50.32444446745094], [127.66371494320242, 50.324455771441386], [127.66342648992484, 50.32472227553513], [127.66384782291783, 50.324727118622235], [127.66441464087107, 50.324553751655685], [127.66456264453406, 50.324285631901084], [127.6652598229485, 50.324473518065446], [127.66554826452658, 50.324207009318584], [127.66610751929794, 50.324303367219564], [127.66639092224483, 50.32421667851905], [127.66639847154843, 50.32394694521252], [127.66779786659588, 50.32414286913418], [127.66780540791675, 50.32387313566991], [127.66836717625775, 50.32387957154646], [127.66822170820777, 50.32405778517334], [127.66920731803904, 50.323979131480904], [127.66947816050885, 50.324341991231805], [127.66989949117661, 50.32434681236489], [127.66989196158137, 50.324616546036395], [127.66961609367004, 50.32443350966087], [127.6697364560949, 50.32515440641854], [127.6695934996589, 50.32524271053001], [127.6691746724139, 50.32514797703995], [127.66916964981887, 50.325327799411305], [127.66986686210268, 50.325515658177935], [127.66916211583073, 50.325597532957175], [127.66914955892892, 50.32604708883717], [127.66958094698455, 50.32569226651628], [127.66984929170965, 50.326145036588414], [127.66942794515182, 50.32614021514937], [127.66955332997976, 50.32668128955504], [127.66982419006536, 50.32704414847677], [127.67024554468347, 50.3270489685423], [127.67009254448013, 50.327496917962726], [127.67036843175555, 50.32767995326758], [127.67040105103116, 50.32651110765411], [127.67055655375496, 50.325973246481546], [127.67084246700902, 50.32579663573697], [127.67085500782932, 50.32534707952878], [127.67113840860553, 50.32526037925103], [127.67144687819882, 50.32427456551145], [127.67131144909955, 50.32409313794729], [127.67273841890217, 50.32329997820378], [127.67274593203601, 50.3230302441597], [127.67345564052893, 50.32276852451531], [127.67388946881854, 50.322323774132556], [127.67516340881927, 50.32197853877886], [127.67516840820389, 50.32179871586684], [127.67614646739938, 50.3219897372699], [127.67672069924167, 50.32154657510664], [127.67714200643215, 50.32155136980526], [127.6768486524798, 50.321997731104744], [127.67740790529746, 50.32209403465513], [127.67756830399189, 50.32137633987833], [127.67700905923058, 50.3212800371515], [127.67743285947479, 50.3211949192387], [127.67743785015831, 50.32101509613756], [127.67856381725458, 50.320937959989436], [127.6787117300267, 50.32066982134782], [127.67997562970471, 50.32068417904297], [127.68012602395564, 50.32032612686579], [127.68222753751998, 50.32052984645696], [127.68293467264151, 50.32035797988352], [127.68266126378346, 50.3200850623739], [127.68350385445622, 50.32009460699676], [127.68365670382312, 50.319646638200524], [127.68394004780063, 50.319559906186136], [127.68534435108904, 50.319575794935865], [127.68533939048865, 50.3197556186536], [127.6850610095072, 50.31966253039198], [127.68519399839333, 50.31993385423329], [127.6882859678503, 50.31987884200795], [127.68828101829439, 50.32005866592813], [127.68800015436025, 50.32005549660621], [127.6881331610987, 50.32032681720599], [127.68911371749, 50.32042781776732], [127.68910877096066, 50.32060764172996], [127.68967297784715, 50.32052406238914], [127.6898035234188, 50.320885293139], [127.69008439244513, 50.32088845814248], [127.69035537769379, 50.32125127053803], [127.69077668457999, 50.32125601581421], [127.69257274720935, 50.322355506072924], [127.69299406422934, 50.32236024338977], [127.69270578625442, 50.32262682158755], [127.69438860119607, 50.32273567197947], [127.69480253369865, 50.32301013918943], [127.69536922131458, 50.32283662022288], [127.69564025783357, 50.32319942057725], [127.69634000635632, 50.32329720902599], [127.69633508658957, 50.32347703341757], [127.69773214044588, 50.32376251007562], [127.69827917665609, 50.32430827489145], [127.69897894713534, 50.324406047605436], [127.69897158211265, 50.32467578442159], [127.69953336694383, 50.32468206979977], [127.69924511095756, 50.32494866428259], [127.69952600498709, 50.3249518066624], [127.69965909074625, 50.325223114462105], [127.70008288728096, 50.325137913994304], [127.70007552831557, 50.32540765089445], [127.7003588776142, 50.32532087898033], [127.70118686132678, 50.32586977007136], [127.70117705742516, 50.32622941938042], [127.70271467359086, 50.32651640585211], [127.70284043803413, 50.32705744722183], [127.70368315876281, 50.32706684655412], [127.70367581967349, 50.32733658374882], [127.70408740014169, 50.32770093080164], [127.7036611411596, 50.327876058098106], [127.70365135523534, 50.328235707634605], [127.7053368393554, 50.3282544887555], [127.70533195267626, 50.32843431363402], [127.70575332557475, 50.32843900512752], [127.70574599784712, 50.32870874247884], [127.70742906067102, 50.32881740587224], [127.70742418179019, 50.32899723088171], [127.70826450048051, 50.32909650978657], [127.70825231094722, 50.329546072425444], [127.7100758711845, 50.3296562582575], [127.71062554981262, 50.33011205344605], [127.71133516072656, 50.329850102091434], [127.71132786423156, 50.33011983997001], [127.71160879008558, 50.33012295339216], [127.71147562285263, 50.32985165887249], [127.71175654714176, 50.329854771925746], [127.71174925303107, 50.33012450984877], [127.7123086746013, 50.330220646636704], [127.7123013835217, 50.330490384601184], [127.71342023985979, 50.33068265025809], [127.71341295495358, 50.33095238831873], [127.71382706882854, 50.331226788788754], [127.71381007558772, 50.33185617761741], [127.71450999026375, 50.3319538578102], [127.71478364980722, 50.33222670177247], [127.71476909452433, 50.332766178024876], [127.71547629837025, 50.33259411435705], [127.71588559072013, 50.33304833308219], [127.71644747801719, 50.33305453748609], [127.71615926437472, 50.33332117386399], [127.71644020963768, 50.33332427575617], [127.71642567254663, 50.3338637522563], [127.71684951738725, 50.33377849114965], [127.71685920560152, 50.33341884009053], [127.71740899248344, 50.33387460374141], [127.7172636755543, 50.334052879585435], [127.71796846988386, 50.3339707136565], [127.71781831416645, 50.334328815788254], [127.71823732175808, 50.334423375228], [127.71822764360263, 50.334783026418535], [127.71907050608358, 50.334792315261886], [127.719055998022, 50.33533179218006], [127.71821312600099, 50.33532250315986], [127.71817683006242, 50.336671194779626], [127.71859827794339, 50.33667584027433], [127.71844811804063, 50.33703394302735], [127.71900279801567, 50.33730987375668], [127.71898345108578, 50.33802917597027], [127.71925233484625, 50.33848183513205], [127.71938798747227, 50.33866320809397], [127.7198118700822, 50.33857793654085], [127.71978286641472, 50.33965688993009], [127.72020434097736, 50.33966152980232], [127.71991852433713, 50.33983826227778], [127.72061373821973, 50.340115732143694], [127.7205895824387, 50.34101486002527], [127.72115156474597, 50.341021042403824], [127.72099657986526, 50.341558973809825], [127.72141565733085, 50.34165352220978], [127.72137461527083, 50.343182039592065], [127.72095310936068, 50.343177403727864], [127.72093861830972, 50.34371688026048], [127.72150063257754, 50.34372306119101], [127.72149339006813, 50.34399279949614], [127.72093137261871, 50.34398661850678], [127.72085166273378, 50.34695373833555], [127.72169474148286, 50.346963009772104], [127.72139922740737, 50.34749939624896], [127.72168025688833, 50.3475024861077], [127.72162955733256, 50.349390652862084], [127.72204870475001, 50.34948519938691], [127.72194490819533, 50.35335144412737], [127.72151848227156, 50.353526634897136], [127.72134655082523, 50.354693953580124], [127.72064145446443, 50.35477613741911], [127.72057136440354, 50.35738360128703], [127.72014731500582, 50.3574688740799], [127.72010620918837, 50.358997386526696], [127.71981543742224, 50.359353942242], [127.71925323898287, 50.35934775178443], [127.71920242183951, 50.36123591288395], [127.71962166816657, 50.361330468723025], [127.71957086206629, 50.36321862944711], [127.71914191817383, 50.363483722864274], [127.71925101848211, 50.36465413184685], [127.71868633629202, 50.364737850537885], [127.7186645443758, 50.36554706158451], [127.71908624801657, 50.36555170722787], [127.7189337268892, 50.37121618212093], [127.71851197306879, 50.3712115355486], [127.71849017318227, 50.37202074563458], [127.71891193417254, 50.372025392339644], [127.71887318910524, 50.37346398798751], [127.71845383782347, 50.37336942884435], [127.7183011331385, 50.37381744050035], [127.71856293936034, 50.374539836565596], [127.71813873298883, 50.37462510060118], [127.71794966750592, 50.37642179392796], [127.71879568952359, 50.37634117814477], [127.71881748755418, 50.37553196856646], [127.71923927972821, 50.37553661431757], [127.71939440223645, 50.374998689324585], [127.71898230114249, 50.37463439537643], [127.71940408538538, 50.37463904047038], [127.7195543620474, 50.37428093959763], [127.72053368115854, 50.374471595397274], [127.72025007336605, 50.37455841382417], [127.72052884390736, 50.374651419911864], [127.72037615437814, 50.375099434312304], [127.72107430013392, 50.375286991446735], [127.72106221167316, 50.37573655275355], [127.72161977082914, 50.37592256046528], [127.72188405483914, 50.376555036998084], [127.72171445533326, 50.377632438878074], [127.72198599825511, 50.37799517833647], [127.72196908476172, 50.37862456408478], [127.72238124294249, 50.37898884763761], [127.72208553093478, 50.379525231517874], [127.72234984029626, 50.380157706805974], [127.72207345021448, 50.379974792672634], [127.72219473323962, 50.380695635398475], [127.72191350762017, 50.38069254531795], [127.72162261367158, 50.38104910334851], [127.7210601584272, 50.381042919710154], [127.71994492965946, 50.38067089572107], [127.71981399903746, 50.38030969948747], [127.7193921644415, 50.38030505550385], [127.71967580822745, 50.38021823952424], [127.71968307035648, 50.3799485030995], [127.71897759610734, 50.380030673644214], [127.7191254720364, 50.3797624859291], [127.71760300983851, 50.378846320685795], [127.71761998123654, 50.37821693603458], [127.71733877077463, 50.37821383500388], [127.7174890747328, 50.37785573721916], [127.71664302368562, 50.37793634325549], [127.71663331852746, 50.37829599151645], [127.7169121036084, 50.37838900632763], [127.71661876042047, 50.378835463863425], [127.71746482752987, 50.37875485813729], [127.71731452042246, 50.379112955813504], [127.71771937370292, 50.37974699183418], [127.71827696621729, 50.37993301570359], [127.71827211949673, 50.38011283988991], [127.71883698543388, 50.38002912481474], [127.71854849558174, 50.38029576294832], [127.71897032995626, 50.3803004099908], [127.71896064158257, 50.38066005843214], [127.71938247925603, 50.38066470400417], [127.71951582861722, 50.380935988562726], [127.71994008911841, 50.38085072000165], [127.71979463484611, 50.38102899658233], [127.72007344217468, 50.381122003940334], [127.72049528412859, 50.3811266455075], [127.7209001966731, 50.38176067069], [127.72146266037065, 50.38176685516514], [127.72159119008552, 50.382217961754996], [127.72200820902228, 50.38240242226809], [127.72197437673282, 50.38366119274414], [127.72281569133277, 50.3837603730927], [127.72284038727322, 50.38807770105543], [127.72166453900935, 50.38995349513694], [127.72165728554364, 50.39022323130381], [127.72193615018907, 50.390316234486654], [127.72151180834504, 50.39040150958264], [127.72136391161897, 50.390669699702855], [127.72149246290601, 50.39112080589944], [127.72120633815676, 50.39129753770569], [127.72119424407668, 50.39174709779163], [127.72146344327307, 50.39219975019681], [127.72117973077503, 50.392286569845865], [127.721167636019, 50.3927361298503], [127.72144651433672, 50.392829134271736], [127.72087908069778, 50.39300277271048], [127.72096166347903, 50.395162206638844], [127.72053727652668, 50.395247477770006], [127.72067309203096, 50.395428848759096], [127.72024628122597, 50.39560403073268], [127.72037483436361, 50.39605513781003], [127.72079438889803, 50.39614969120484], [127.72064646965434, 50.396417879987354], [127.72106844742831, 50.39642252048912], [127.72091810905225, 50.396780621539406], [127.72118975255746, 50.39714336246618], [127.72160931833456, 50.39723791298879], [127.72132073767177, 50.397504556554935], [127.72187613357009, 50.39778047622302], [127.7219756923913, 50.399310524681404], [127.72154159459726, 50.39975544680393], [127.72111716747449, 50.39984071968349], [127.72109780958345, 50.4005600147162], [127.72066611263848, 50.400915021468805], [127.72064432644576, 50.401724228081285], [127.72021745856274, 50.40189940933583], [127.7200622519163, 50.40243733239469], [127.71977847545189, 50.40252414799514], [127.71976394052885, 50.40306361874652], [127.71933221061714, 50.403418620151754], [127.71891017101116, 50.40341397288837], [127.71876221780508, 50.40368215869507], [127.7190338832413, 50.40404490440851], [127.71832804944565, 50.40412706796748], [127.71832077339351, 50.40439680312227], [127.71915759860465, 50.4046758357548], [127.71915032711951, 50.40494557097146], [127.718871382722, 50.40485256073102], [127.71886653396407, 50.40503238418467], [127.71928858793618, 50.40503703171361], [127.71926192766664, 50.406026060765], [127.71968399052952, 50.406030706925414], [127.71949968336446, 50.40764756934054], [127.71977864533002, 50.40774057816356], [127.71975926174959, 50.40845987183852], [127.72072959887748, 50.409010177064665], [127.72084850642788, 50.40982092979067], [127.72140646223053, 50.410006940468925], [127.72097468042024, 50.41036194717198], [127.72095531314447, 50.41108124085687], [127.72123429806534, 50.41117424630858], [127.72122219571804, 50.411623804855196], [127.72094320819724, 50.41153079936178], [127.7210645457723, 50.412251639910444], [127.72078313352351, 50.41224854570456], [127.72105728315941, 50.41252137497477], [127.7209044702987, 50.41296938632851], [127.72118588683072, 50.41297248027271], [127.72098222967483, 50.415308636525204], [127.7210963130718, 50.41629921154372], [127.72194062205884, 50.41630849038301], [127.72177812508482, 50.41711614915315], [127.72164224485299, 50.416934779618295], [127.72107694355745, 50.417018504524776], [127.7208027683248, 50.416745675311226], [127.72023504506431, 50.4169193077362], [127.7201962783103, 50.41835789296584], [127.71991482998057, 50.418354796390254], [127.71990271206076, 50.41880435414757], [127.71946841344302, 50.4192492655807], [127.7197450191141, 50.419432186343506], [127.71931071317907, 50.41987709708641], [127.72015266194306, 50.419976300895705], [127.7204413879816, 50.41970966231644], [127.72047530419498, 50.418450900434856], [127.72090474270428, 50.41818580824482], [127.72134870117425, 50.41738124472465], [127.72190674725529, 50.417567253450045], [127.72203295227666, 50.418108269222856], [127.72232165629269, 50.41784162572806], [127.72231198038199, 50.4182012723064], [127.72259342806512, 50.41820436307675], [127.72254747492042, 50.4199126841866], [127.72241642179387, 50.41955149230792], [127.72212770773316, 50.41981813588684], [127.722540218755, 50.42018241904978], [127.72252570609217, 50.42072188873616], [127.72280958701091, 50.42063506748004], [127.72264708863241, 50.42144272687487], [127.72292855556114, 50.42144581697738], [127.72277089313086, 50.42207365323029], [127.72305236381246, 50.42207674306111], [127.72302818386548, 50.422975859060514], [127.72273461475986, 50.423422327026685], [127.72245555531465, 50.4233293248017], [127.7224434593077, 50.4237788826181], [127.72159659650868, 50.42385951796874], [127.72159175479916, 50.424039341023054], [127.72116953158688, 50.42403470059182], [127.72090016034679, 50.42358204859586], [127.72047551837188, 50.423667317178385], [127.72048036424425, 50.42348749419081], [127.72019646202077, 50.42357430956068], [127.72033235523169, 50.4237556806829], [127.72005087489752, 50.42375258419819], [127.72002906056014, 50.424561787422896], [127.7203056989877, 50.42474470693827], [127.72015768494222, 50.42501289311437], [127.7204367496192, 50.42510590086564], [127.72028631169215, 50.42546399864774], [127.7205556874002, 50.42591665195782], [127.72037616712953, 50.427353687117524], [127.72104601060431, 50.42862018572305], [127.7207620785213, 50.428707002174924], [127.7208858750953, 50.42933792971799], [127.72031800069475, 50.429511561047995], [127.72029618645176, 50.430320763551876], [127.7198739075942, 50.4303161180035], [127.71986420885747, 50.43067576346324], [127.71958268754925, 50.430672665540484], [127.71957783704116, 50.43085248824179], [127.71901479244119, 50.43084629031403], [127.7189614101487, 50.43282433920426], [127.71880850866317, 50.43327234562977], [127.71852697207312, 50.43326924503818], [127.71848327570942, 50.43488764774295], [127.71932791440835, 50.43489694800618], [127.7193570265744, 50.43381801256868], [127.7190779131545, 50.433725001993835], [127.71922596135151, 50.43345681783594], [127.71992980589232, 50.43346456383083], [127.72005845189295, 50.43391566912986], [127.72062153312652, 50.43392186227847], [127.72019679782345, 50.43400712899505], [127.72019194906765, 50.434186951635866], [127.72047349128337, 50.434190048239664], [127.72032787189723, 50.43436832266762], [127.72060699158202, 50.43446133028055], [127.72058275468864, 50.43536044349879], [127.72041289100073, 50.43643783099568], [127.71942502078545, 50.4365169002988], [127.71911677179664, 50.43750282467154], [127.71883278282937, 50.43758963585796], [127.7191094916046, 50.43777255835387], [127.71840801148512, 50.437674895719965], [127.7183497342596, 50.43983276414336], [127.71792251274208, 50.44000793320117], [127.7179030788241, 50.44072722234402], [127.71719426587055, 50.44089928550886], [127.717463696851, 50.441351945239575], [127.71661164851142, 50.44161236382804], [127.7166043530194, 50.441882097054624], [127.71617953925286, 50.44196734839881], [127.71616980850831, 50.442326992615044], [127.71559932714653, 50.442590510268055], [127.714475397335, 50.442488160117826], [127.71442180376712, 50.444466201514786], [127.71371048490015, 50.444728153772694], [127.71355261768369, 50.44535597355983], [127.71313020615682, 50.44535130253862], [127.713118012345, 50.445800857004954], [127.71268583845719, 50.44615582786364], [127.71226341995371, 50.44615115364298], [127.71225121758361, 50.446600707894184], [127.71140393080037, 50.44668126552154], [127.71138927787175, 50.44722073038697], [127.71096685010318, 50.44721605138909], [127.71095463498746, 50.44766560532855], [127.71010732712465, 50.447746153338784], [127.71009021415259, 50.44837552857322], [127.70924044586366, 50.44854598088222], [127.70923310667098, 50.448815713005175], [127.70965554839358, 50.448820398402965], [127.70965065713649, 50.4490002198406], [127.70880332335534, 50.4490807581392], [127.7087886396092, 50.44962022222906], [127.70793639547954, 50.44988057543543], [127.70792170145909, 50.45042003926648], [127.70749434607502, 50.45059516870344], [127.70748699642127, 50.450864900545334], [127.70663962589137, 50.45094542278107], [127.70648409490977, 50.451483320881756], [127.70577998679576, 50.45147549154988], [127.7057652674225, 50.45201495477346], [127.70533543564645, 50.45227998658744], [127.70532807327822, 50.45254971812108], [127.70448312497166, 50.45254031387605], [127.7044708461054, 50.45298986625311], [127.70362343283422, 50.453070366166514], [127.70361114559005, 50.453519918349656], [127.70318620474029, 50.45360512111334], [127.70303800124216, 50.45387328277759], [127.7023338586141, 50.45386543232934], [127.70231909880226, 50.45440489459535], [127.70062174888379, 50.45465576671526], [127.70061435909176, 50.454925497635216], [127.70019186451152, 50.45492077900845], [127.70018200807849, 50.455280420154324], [127.69933208135998, 50.455450798684666], [127.69917151972322, 50.456168506332936], [127.69845747416073, 50.456520273056796], [127.69701205909308, 50.4578531640028], [127.71391295359327, 50.45804118250024], [127.71363614828303, 50.45785824752778], [127.71405867126822, 50.45786291754398], [127.71477749658997, 50.45733123290903], [127.71493295412206, 50.456793323688395], [127.71563957867129, 50.456711187424126], [127.71564931840486, 50.4563515441763], [127.71607669649356, 50.45617638512149], [127.71595046626082, 50.45563536610598], [127.71651380437599, 50.45564158105431], [127.71638270363152, 50.45528038415514], [127.71680520410902, 50.45528504402929], [127.71725202233067, 50.45439059342611], [127.7178226377974, 50.454127069193234], [127.71768666937751, 50.453945695484], [127.71811644824405, 50.45368061771296], [127.7179877706185, 50.45322951150414], [127.71826942559078, 50.453232614282165], [127.71842482931162, 50.45269469962605], [127.71913624295689, 50.452432719601305], [127.71943731235277, 50.45171653145107], [127.71972138529146, 50.45162971962357], [127.71958784357184, 50.451358437025775], [127.72001030965026, 50.4513630850049], [127.72016083538624, 50.45100498977607], [127.72058572350198, 50.45091972457974], [127.72074351768737, 50.45029189527888], [127.72144761236865, 50.45029963394953], [127.72146699915264, 50.44958034500064], [127.7227440346451, 50.449234618834915], [127.722760980286, 50.448605240576], [127.72332665611516, 50.44852151073487], [127.72319310212413, 50.448250232043854], [127.72347230872327, 50.448343233220115], [127.72390442286387, 50.44798822197273], [127.72403798022762, 50.44825949988421], [127.7240476533819, 50.447899854931926], [127.72475171347236, 50.44790757334968], [127.72475896420846, 50.44763783954639], [127.72574222821783, 50.44773854937747], [127.72574705827127, 50.447558726768925], [127.7261694915307, 50.447563352139476], [127.7264583547527, 50.44729670087078], [127.72673756231909, 50.44738969423245], [127.72803137561043, 50.446414529578824], [127.72789780032775, 50.44614325603513], [127.72888344952429, 50.44615402774846], [127.72903148259957, 50.445885831550875], [127.72915783838232, 50.446426838181594], [127.72958026212393, 50.4464314510971], [127.72931068707, 50.44597881873569], [127.73001953365687, 50.44580668214173], [127.73017237212262, 50.44535866144138], [127.73087880128277, 50.44527643100835], [127.73117243311574, 50.44482994457273], [127.73228684765073, 50.445291780357714], [127.73229645726781, 50.444932134070214], [127.73286207319768, 50.44484835736777], [127.73301007966532, 50.44458015585158], [127.73370689389827, 50.444857554567655], [127.73399809746945, 50.444500972387594], [127.73470210984443, 50.44450863023631], [127.73470930314657, 50.44423889523475], [127.73513170831805, 50.44424348785633], [127.73513889911062, 50.44397375279772], [127.73584050838842, 50.444071315399654], [127.73642047494117, 50.443448050914334], [127.73684287335189, 50.44345263727319], [127.7368500542165, 50.44318290199976], [127.73812441646272, 50.44292691633045], [127.73827955965095, 50.44238897230968], [127.73898354185593, 50.442396604027984], [127.73900026801904, 50.441767221069156], [127.7394202632733, 50.44186170982489], [127.73957538809908, 50.441323763844984], [127.7402793548539, 50.4413313876087], [127.74030083690448, 50.44052218038203], [127.74058241889257, 50.44052522860826], [127.74044878755774, 50.44025396879694], [127.74115273868074, 50.44026158716115], [127.74116704968598, 50.439722115409346], [127.74158941570681, 50.439726684297234], [127.74160372147699, 50.43918721240513], [127.74188767940534, 50.43910034542403], [127.74161325841466, 50.43882756444749], [127.74246273998625, 50.438656873289524], [127.7424913301521, 50.43757792889114], [127.74291367730733, 50.43758249283317], [127.74292796693818, 50.43704302046718], [127.74377265197984, 50.43705214357976], [127.7437940712157, 50.436242934670226], [127.74407800751693, 50.436156062140526], [127.74394436797915, 50.43588480608758], [127.744653011651, 50.43571257854556], [127.7446744148613, 50.43490336917587], [127.74509673857324, 50.43490792502111], [127.74520132721634, 50.43095178796435], [127.74562599180473, 50.430866429387386], [127.74564737475116, 50.430057219038794], [127.7459312705357, 50.4299703415976], [127.74593602107879, 50.42979051703721], [127.74565212638414, 50.429877394500615], [127.74565925374306, 50.42960765768226], [127.74650618154305, 50.429526847700664], [127.74653229654542, 50.42853781225203], [127.7469616835575, 50.42827262392714], [127.74711667589915, 50.42773466570363], [127.74782281470789, 50.42765233000235], [127.74790106785491, 50.4246852206661], [127.7472020907001, 50.42449781999432], [127.74720683550848, 50.42431799517651], [127.74748595028055, 50.42441093841186], [127.74721395263057, 50.42404825793873], [127.74752152699617, 50.42306225196765], [127.74724004781625, 50.42305922128629], [127.74711354296495, 50.422518231106075], [127.74669370232586, 50.42242377096214], [127.74680760222856, 50.418107972994406], [127.74709616824296, 50.417841266992994], [127.74696018876163, 50.41765992632799], [127.74724163591394, 50.417662957453096], [127.74725586629349, 50.41712348233664], [127.74768277408586, 50.41694820258198], [127.74741318798746, 50.41649560987829], [127.74784246003803, 50.416230416924684], [127.74757761829889, 50.41559799944084], [127.74786142371865, 50.415511116414436], [127.74773493032961, 50.41497012631712], [127.74802347179441, 50.414703417695286], [127.74746535461938, 50.41451753366244], [127.74736258030703, 50.41307741726678], [127.7477847103945, 50.41308196194229], [127.74785581555624, 50.41038458313297], [127.74813721970496, 50.41038761177749], [127.74787714499064, 50.409575369230716], [127.74816091369354, 50.40948848511589], [127.74832056531939, 50.40877069766074], [127.74836083617487, 50.40724218171396], [127.74878765050413, 50.40706689692749], [127.74850863442722, 50.406973957275696], [127.74880185798244, 50.40652742050476], [127.74852047662328, 50.40652439363443], [127.7486682716718, 50.40625616893773], [127.74839162918734, 50.40607331628992], [127.74881369721678, 50.40607785677848], [127.74868248009673, 50.40571669246398], [127.74897569405297, 50.405270155090825], [127.74898989849089, 50.404730678461874], [127.7488563159694, 50.4044594270579], [127.7485749468495, 50.40445640040858], [127.7485820511922, 50.40418666210407], [127.7488634187158, 50.40418968872458], [127.74889893082354, 50.40284099685835], [127.74848873228615, 50.40238689293138], [127.74891550221409, 50.40221160720695], [127.74863651422152, 50.40211866799416], [127.74865308866255, 50.401489278327226], [127.74823579845251, 50.40130491194969], [127.74813775926039, 50.39968496741583], [127.74785878756732, 50.39959202641879], [127.74802551389247, 50.398604499460625], [127.74760825128726, 50.398420130947], [127.74803972575592, 50.39806502240589], [127.74804920009079, 50.39770537100651], [127.74777024012552, 50.39761242985311], [127.74767222215225, 50.39599248409105], [127.74796538390738, 50.39554594815901], [127.74798433181616, 50.394826645043835], [127.7477077577295, 50.39464379092757], [127.7475599945793, 50.39491201515607], [127.74757420986396, 50.39437253785297], [127.74715935584118, 50.39409825499869], [127.74720201280275, 50.392479822949866], [127.74704951368454, 50.3929278724508], [127.74676584242688, 50.39301475481284], [127.74663941677836, 50.39247376200545], [127.74636049015048, 50.392380817636386], [127.74638183141674, 50.391571601678756], [127.7459693804575, 50.39120740179219], [127.74598598379097, 50.39057801157977], [127.74544713918955, 50.38967281611125], [127.74547561198659, 50.38859386134644], [127.74463653603736, 50.38840493113437], [127.74464840704418, 50.38795536671588], [127.74381647288537, 50.38749669203275], [127.74382835126295, 50.3870471276849], [127.74313469532021, 50.38667987986604], [127.74300357234141, 50.38631870868049], [127.74272231120534, 50.3863156686637], [127.74286769656166, 50.386137363051446], [127.74230993338462, 50.3859514560237], [127.74205484227573, 50.38495937314496], [127.74220260440704, 50.38469115546096], [127.74150185578239, 50.384593636649], [127.74139455064874, 50.383333335233814], [127.7411156878019, 50.38324037861829], [127.74126582983611, 50.38288224920048], [127.74071049218685, 50.38260642188511], [127.74071525449403, 50.38242659621268], [127.74113473104022, 50.38252107585995], [127.74085825431717, 50.38233820580464], [127.74086539685376, 50.38206846726596], [127.74114663267115, 50.3820715115879], [127.74087730083951, 50.38161890300525], [127.74088206234914, 50.38143907729061], [127.74116329444658, 50.3814421215449], [127.74112978761475, 50.37739451914126], [127.740572133305, 50.377208604318106], [127.74085810121238, 50.377031823287865], [127.74059832325767, 50.37621956217632], [127.74032188481335, 50.376036690939365], [127.74048153310629, 50.37531891023789], [127.73992390557615, 50.375132992441294], [127.73995487082948, 50.37396412430809], [127.73953547186575, 50.37386964084833], [127.73996916179522, 50.3734246466238], [127.73968559489606, 50.37351151277276], [127.73943538607504, 50.372339597063025], [127.7391542079751, 50.37233654902747], [127.73917089035554, 50.3717071584073], [127.73888971602189, 50.37170410975992], [127.73890163430036, 50.3712545450352], [127.73918757214287, 50.37107776771461], [127.7391994873421, 50.37062820288974], [127.7389183193817, 50.37062515435845], [127.73892308643883, 50.37044532843749], [127.73920425333708, 50.370448376949426], [127.73923284829027, 50.369369421183265], [127.7389516877648, 50.369366372787425], [127.73911133247955, 50.36864859314648], [127.73883971028921, 50.3682858925296], [127.73898982015454, 50.36792776492253], [127.7387086681739, 50.36792471600203], [127.73871343556675, 50.36774489001163], [127.73899220332602, 50.36783785191839], [127.73901603437506, 50.366938721795655], [127.73873488823529, 50.36693567298159], [127.73887784460294, 50.36684728445799], [127.7387658736921, 50.365766803726586], [127.73909705088921, 50.363881678271426], [127.73896363547975, 50.36361041491169], [127.73911849409555, 50.36307246058159], [127.73954494258308, 50.36289720570628], [127.7389922289533, 50.36253145797006], [127.73900890767486, 50.36190206632236], [127.73873017444659, 50.36180910462168], [127.73888741226952, 50.361181237311], [127.73847766194949, 50.36072709827554], [127.7386372824427, 50.360009318076344], [127.73892077029438, 50.359922453700044], [127.73878498371586, 50.35974110317146], [127.73906608736206, 50.35974415155119], [127.73908276345816, 50.359114759582354], [127.7395139391925, 50.358759678132564], [127.73967353694202, 50.35804189610696], [127.73939958797229, 50.357769109749796], [127.73996653309736, 50.35759537629496], [127.74006650173044, 50.35381902068435], [127.73964727933962, 50.353724538627645], [127.73979733522398, 50.35336640871076], [127.73952103103893, 50.353183535877136], [127.73967108609055, 50.35282540608485], [127.73939240437146, 50.35273244621584], [127.73941383407984, 50.35192322687448], [127.73857780950463, 50.35164434352122], [127.73858733972622, 50.35128469054046], [127.73788708955396, 50.3511871531221], [127.73761557396631, 50.3508244493911], [127.73777755546587, 50.350016755786086], [127.73693918845501, 50.349827774115056], [127.73698212586058, 50.34820933602783], [127.73670347636771, 50.348116369883265], [127.73671063377535, 50.34784663018006], [127.73698689644121, 50.34802950954409], [127.7371417234488, 50.34749155622054], [127.73686307781284, 50.34739859047627], [127.73714649330529, 50.34731172970343], [127.73744898237503, 50.346505562013796], [127.73787767082756, 50.34624039840738], [127.73789197127944, 50.34570091856872], [127.73832064996792, 50.3454357532205], [127.73887792532118, 50.34562167699449], [127.73928517132306, 50.346165728188026], [127.73956857512417, 50.34607886140561], [127.73969480659697, 50.346619864616464], [127.74025685920674, 50.346625955157045], [127.74024972219665, 50.346895695285234], [127.74094753679316, 50.34708313150731], [127.74109993848369, 50.34663508587577], [127.74068077697453, 50.346540607886716], [127.74040926583871, 50.34617791043379], [127.74001390358116, 50.34518429613888], [127.74016154961402, 50.34491607841381], [127.7396042773445, 50.34473016079408], [127.73949233280344, 50.343649676995405], [127.73880648141197, 50.34301266544703], [127.7385183306603, 50.34327935728618], [127.73893031548495, 50.343643583019286], [127.738508802623, 50.34363901075514], [127.73820635054489, 50.34444518186196], [127.73749666549001, 50.34470729605694], [127.7371965738742, 50.345423550916294], [127.73634635849928, 50.345684131838965], [127.73578670519545, 50.34558810924268], [127.73580341626277, 50.34495871652844], [127.73552478803143, 50.344865747667846], [127.7355319512902, 50.344596007935614], [127.73525093745141, 50.344592951676006], [127.73539622034026, 50.344414653404826], [127.73527481949557, 50.343693819236], [127.73457707728275, 50.34350634940212], [127.73403657678048, 50.34269101272844], [127.73375557434431, 50.342687952938796], [127.73391280989058, 50.34206009034802], [127.7336461576134, 50.341517550941326], [127.7328079565731, 50.34132854045779], [127.73296759201745, 50.340610765846115], [127.73253653473417, 50.34096582497602], [127.73255328601081, 50.34033643254862], [127.73283188197011, 50.34042940835848], [127.73283666690378, 50.34024958192086], [127.73256285790164, 50.33997677970037], [127.73213419723982, 50.340241924192924], [127.73186039233543, 50.33996912034838], [127.73129842010121, 50.33996298981223], [127.73145807330492, 50.33924521724442], [127.73187954613701, 50.339249814775265], [127.73188433446587, 50.33906998836718], [127.73105816199272, 50.3384313995659], [127.73104618355298, 50.338880965480946], [127.73047943075252, 50.339054657422395], [127.73036291051977, 50.33815399180045], [127.72967006542206, 50.337786666777895], [127.72996302681169, 50.33734017041509], [127.72912251489191, 50.33724104704871], [127.72941068067676, 50.33697437834482], [127.72928219095586, 50.336523277317454], [127.72885594336205, 50.33669849682955], [127.72887753987173, 50.335889278537046], [127.72845369690414, 50.33597458348248], [127.72834682341448, 50.33471426311974], [127.72778251241041, 50.334798029196385], [127.72778731544851, 50.334618202935324], [127.72806586865066, 50.334711189932506], [127.72807307156292, 50.33444145050496], [127.72778971694926, 50.33452828980257], [127.72809467964167, 50.33363223214238], [127.72905880697601, 50.334362290409246], [127.72948023621588, 50.334366896314194], [127.72919688455072, 50.33445373906502], [127.72918009242487, 50.335083131314796], [127.7296039261779, 50.33499782363896], [127.72959673179146, 50.33526756320064], [127.73001577176936, 50.33536208041459], [127.7300037847962, 50.33581164638675], [127.73111086351595, 50.336453309099845], [127.73124176559759, 50.33681449502288], [127.73166321688757, 50.33681909317792], [127.73179412412401, 50.33718027849581], [127.73221079198198, 50.337364701162805], [127.7324941557022, 50.33727785119816], [127.73262507045467, 50.337639035609314], [127.73317984078781, 50.33791489934332], [127.73402754359321, 50.33774425362467], [127.73332989316762, 50.33755677680881], [127.73333706699867, 50.33728703696427], [127.73263464088792, 50.337279382583375], [127.73278708752889, 50.33683134745888], [127.73250611979567, 50.336828284906716], [127.73250133419474, 50.33700811142774], [127.73180130655564, 50.336910538793866], [127.73180609478263, 50.336730712318484], [127.73152512774956, 50.33672764740055], [127.73194897214762, 50.33664233127817], [127.73181806513743, 50.33628114610413], [127.73070379244393, 50.33590922971221], [127.73098715013664, 50.335822383354625], [127.73099673231908, 50.33546273044359], [127.73058248203176, 50.335188390307316], [127.73033028507058, 50.334106363864045], [127.72989926806386, 50.33446141390099], [127.72990646053165, 50.3341916742701], [127.72907320126878, 50.33382281130057], [127.72922087226698, 50.33355460715371], [127.72893752499995, 50.33364144931716], [127.72922566966412, 50.33337478075368], [127.72895431947181, 50.33301205696969], [127.72867337468007, 50.33300898532495], [127.7286853730158, 50.33255941936675], [127.72839963056484, 50.332736173460376], [127.72771168177073, 50.332189010780006], [127.72773329426153, 50.33137979221575], [127.7280166301411, 50.331292952869106], [127.72773569558845, 50.33128987903453], [127.72775010329404, 50.33075039991613], [127.72733831439807, 50.33038613526304], [127.72762164503652, 50.33029929682528], [127.72762884933675, 50.33002955723849], [127.72818110208631, 50.33039535749203], [127.72848123001761, 50.329679124394644], [127.72835756746132, 50.32904819552568], [127.72766006670356, 50.32886068554164], [127.72781253161503, 50.328412656453416], [127.72936237501234, 50.328249725861724], [127.72935757900292, 50.328429552430634], [127.73019793631093, 50.32852867307867], [127.7303431879004, 50.32835038041183], [127.73033120699655, 50.328799946985995], [127.73075977344153, 50.32853480792998], [127.73048604252652, 50.32826200087558], [127.73077893609216, 50.32781550124121], [127.72952920767672, 50.32726221454365], [127.72967685510359, 50.32699400934831], [127.72884132367446, 50.32671505854006], [127.7288317281964, 50.32707471169474], [127.7284127632388, 50.32698019064843], [127.72885091895775, 50.32635540536166], [127.72941273017202, 50.32636154653042], [127.7294175256216, 50.32618171989337], [127.72872006233256, 50.325994216462846], [127.72870806711715, 50.32644378293739], [127.72828670807618, 50.3264391747564], [127.72817025580811, 50.325538505565675], [127.72900816116595, 50.325727547754965], [127.72901535645033, 50.32545780780989], [127.72929625676008, 50.325460878296845], [127.72916060286478, 50.32527951649098], [127.72972479851789, 50.32519574272374], [127.7328075147358, 50.32549920214051], [127.73281468845686, 50.32522946178809], [127.73197199061765, 50.32522027382084], [127.73197916899693, 50.32495053354255], [127.7312793191975, 50.32485295890711], [127.72874884960765, 50.32491525677282], [127.72819665519461, 50.324549459324274], [127.72664933150303, 50.32462246210973], [127.7265160931052, 50.32435118403734], [127.72567341285384, 50.324341950539655], [127.72568062665918, 50.32407221087913], [127.7252592890818, 50.32406759188462], [127.72526650516089, 50.32379785225472], [127.72442383510285, 50.32378860977447], [127.72443105583908, 50.323518870219196], [127.72358839098779, 50.32350962172145], [127.723595616381, 50.32323988224088], [127.72191753234948, 50.32295162778748], [127.72193200165282, 50.32241214911211], [127.72066803512337, 50.3223982471306], [127.72067527675972, 50.32212850790523], [127.71898999913066, 50.32210995073824], [127.7189972501898, 50.32184021167615], [127.71773330027676, 50.321826277907526], [127.71774055837517, 50.32155653896473], [127.7168979304187, 50.32154724224279], [127.71677201945563, 50.321006214476405], [127.71536765652175, 50.32099070497256], [127.7152344923615, 50.32071941437227], [127.71453231538905, 50.32071165248708], [127.71440643336247, 50.32017062230414], [127.7135638310077, 50.320161301605786], [127.71301909321102, 50.31952569451296], [127.71232422258952, 50.31924818090435], [127.7123339399573, 50.318888529579766], [127.71093936962251, 50.31851331579528], [127.71080623742502, 50.318242020255184], [127.7101113985133, 50.31796449360164], [127.70984514801947, 50.31742190051726], [127.70832239989753, 50.31659553349339], [127.70763735134335, 50.315958341369736], [127.70638332414887, 50.3155846346148], [127.70639308507364, 50.31522498390352], [127.7049962266894, 50.31493961244032], [127.7048631380498, 50.3146683102677], [127.70514641463546, 50.31458152597036], [127.7048680241125, 50.31448848499445], [127.70429902593487, 50.31475196415081], [127.70318547323076, 50.31437978820219], [127.70277890667394, 50.313835612931975], [127.70236011104569, 50.31374099908283], [127.70223683223196, 50.31311004372675], [127.70167273424056, 50.3131936849939], [127.70083516044488, 50.31300444792835], [127.7007021007748, 50.312733141127865], [127.69958862367002, 50.312360931178425], [127.69917966168155, 50.31190665607021], [127.6979159849934, 50.31189250889638], [127.69792335265034, 50.31162277159704], [127.6970882791575, 50.311343595386276], [127.69540585901593, 50.31123478693149], [127.6949920239758, 50.31096032209042], [127.69148682485013, 50.31074104015711], [127.69149422857697, 50.31047130349451], [127.69065180527802, 50.31046181808026], [127.69037840757696, 50.31018891836381], [127.68939805851308, 50.3100879299136], [127.68940300210664, 50.30990810560306], [127.68701616745405, 50.30988117170041], [127.6860482228237, 50.30933059478797], [127.68225245006518, 50.30946750931996], [127.68126716016965, 50.30954627631919], [127.68126218595675, 50.30972610005433], [127.68055520345102, 50.30989795795017], [127.680136487912, 50.309803264592674], [127.6801315093896, 50.309983088238006], [127.67928411680695, 50.31015334414145], [127.67941704718702, 50.31042467455989], [127.67913125860139, 50.310601307820825], [127.6785696442725, 50.31059492516077], [127.67841927047007, 50.31095297606019], [127.67785765216018, 50.310946589928875], [127.6779905765154, 50.31121792189593], [127.67742147168912, 50.31148126877541], [127.67755190068847, 50.31184251290855], [127.67698528134953, 50.31201594586027], [127.67697529970256, 50.31237559255056], [127.67669198633442, 50.31246230793015], [127.67667701023237, 50.31300177785115], [127.6761103739307, 50.313175206371156], [127.6755312422734, 50.313798190085514], [127.6751100038759, 50.31379339008326], [127.6741121088994, 50.31432165338333], [127.67424752167084, 50.31450307784868], [127.6732546076402, 50.31485151050066], [127.67310167700643, 50.315299465331506], [127.6711207983523, 50.31581647915444], [127.66788112435182, 50.31613916170652], [127.66759274540847, 50.31640567709243], [127.66436308771203, 50.31636861620419], [127.66421510837938, 50.31663673624784], [127.66281342619824, 50.31653068190684], [127.66210123019192, 50.31688224818714], [127.66055912526194, 50.31677455053084], [127.66055154483689, 50.31704428352979], [127.6592852224161, 50.317119626410886], [127.6480540800615, 50.31689961793116], [127.6490421200682, 50.31673122363103], [127.64524567508316, 50.31686692400537], [127.64539120601407, 50.316688739429495], [127.6425853772282, 50.31656607094588], [127.64203138614704, 50.31628978023429], [127.63977443228569, 50.31662315532563], [127.63879406684632, 50.31652174001907], [127.63810738798182, 50.31597405595576], [127.63712446878316, 50.315962536862806], [127.63685134911866, 50.31568951375373], [127.63404302847793, 50.31565654981755], [127.63405333516904, 50.31529690966315], [127.63489582446044, 50.315306805838794], [127.63476056016628, 50.31512533676153], [127.63391807412931, 50.31511543963149], [127.63377250550978, 50.31529360958168], [127.63377765983556, 50.31511378951647], [127.63307558856305, 50.315105536398406], [127.6330833239236, 50.31483580636792], [127.63280249709415, 50.31483250396541], [127.6326543459565, 50.31510058249322], [127.63195485579134, 50.31500241262724], [127.6319600169199, 50.314822592689254], [127.63167919029989, 50.31481928757432], [127.63181444194545, 50.31500076014405], [127.63153361429298, 50.31499745466909], [127.63153877700951, 50.31481763476256], [127.63012947681668, 50.31498091712261], [127.62746679729196, 50.3147696294775], [127.62747456429388, 50.314499900063396], [127.6270610972902, 50.31422519652928], [127.62592743998633, 50.31457156378838], [127.62326220692803, 50.314450089867314], [127.6214264542006, 50.31478809637644], [127.62143425538264, 50.31451836764678], [127.62059178477224, 50.314508374044536], [127.62059959059924, 50.314238645396514], [127.62003274097682, 50.3144117987259], [127.61919808647346, 50.31413206649015], [127.6197675391638, 50.313869007695224], [127.61850124567974, 50.31394390650566], [127.61822824490677, 50.31367084052143], [127.61808001591103, 50.31393889988278], [127.6172375567308, 50.31392888205997], [127.6131970673661, 50.312801465142456], [127.61235463002251, 50.31279141210352], [127.61194388394887, 50.31242674630248], [127.61053983375554, 50.31240997280427], [127.60942446302207, 50.31212681432792], [127.60929192811402, 50.311855407235086], [127.60816870257624, 50.311841964283204], [127.60831435545174, 50.311663826998824], [127.60649700729212, 50.31137223423388], [127.60636449113095, 50.31110082392423], [127.6056624870532, 50.31109240576628], [127.60525443756393, 50.310637807737], [127.60427427432803, 50.31053610283734], [127.60456296792401, 50.310269746932235], [127.6037232117761, 50.31016972273029], [127.60400927335608, 50.309993277171515], [127.6034582190569, 50.30962689584373], [127.60289663382292, 50.309620147760945], [127.60276941308865, 50.30916891557752], [127.60193231695351, 50.30897896967054], [127.60194022679941, 50.30870924289654], [127.60110578027268, 50.30842938219957], [127.60097330277151, 50.308157965933006], [127.59970977656003, 50.30814275224813], [127.59972298013138, 50.30769320797871], [127.5992938844533, 50.307957860298096], [127.59873496243978, 50.30786118344674], [127.59832700653683, 50.307406561633485], [127.59776809301898, 50.30730988019422], [127.59763828212678, 50.30694855146863], [127.59680124599352, 50.306758569034706], [127.5966793827448, 50.30612751298139], [127.59569933180734, 50.30602573662471], [127.59570727607871, 50.305756010431494], [127.59514044000586, 50.30592904270785], [127.59514573828943, 50.30574922528726], [127.59416304767568, 50.3057373447604], [127.59417100055488, 50.30546761873133], [127.5936121185221, 50.30537091753744], [127.59320688536275, 50.304826369490826], [127.59278308716479, 50.30491118053189], [127.59279370107247, 50.304551545985], [127.59154886532112, 50.303906884024585], [127.59155683246881, 50.30363715821278], [127.5911383550501, 50.30354214613857], [127.59114632441639, 50.30327242035733], [127.59059013192777, 50.303085796274935], [127.59059544683309, 50.302905979117135], [127.59044975562844, 50.30308409412947], [127.58961015742632, 50.30298396915789], [127.5900366023227, 50.30280926100222], [127.58962611300704, 50.30244451788428], [127.58892956243712, 50.302256182671755], [127.58892158082156, 50.302525908243254], [127.58836008269988, 50.302519090640935], [127.58851376380201, 50.302071252750125], [127.58809796840784, 50.30188632136237], [127.58784384830795, 50.300983825979195], [127.58675019845555, 50.299981184798234], [127.58677417761288, 50.29917200844397], [127.58690122188007, 50.29962325739287], [127.58718195369278, 50.299626669914275], [127.58733030945835, 50.29935865039995], [127.58733829917571, 50.29908892486557], [127.58678483466475, 50.2988123744697], [127.58681414044251, 50.29782338091665], [127.58710018874214, 50.29764697650958], [127.58697314746982, 50.29719572765702], [127.58741020116096, 50.296661394448186], [127.58730712629465, 50.295400968789465], [127.5882922621546, 50.29532299688922], [127.58829758425847, 50.29514317966778], [127.58801687869484, 50.295139770059194], [127.58805147792694, 50.29397095811421], [127.5874954055783, 50.29378431994393], [127.5876623752355, 50.292886939277494], [127.58738434556797, 50.29279361963277], [127.58723068556746, 50.293241456889106], [127.58724932532361, 50.2926120966491], [127.58670126327992, 50.29215572897431], [127.58689487450393, 50.290359263033714], [127.58717555180736, 50.290362675117855], [127.58718353985168, 50.290092949181826], [127.58648451463438, 50.28999450916111], [127.5860794904013, 50.28944993664353], [127.585512815349, 50.28962292377778], [127.58439812824659, 50.28933952981644], [127.58368844343624, 50.28960070726265], [127.58341844984425, 50.28923765274952], [127.58257643931458, 50.28922738741725], [127.58242274648197, 50.289675218301106], [127.58213940167076, 50.28976170323346], [127.582271722599, 50.29003314046664], [127.58198837538227, 50.29011962500537], [127.582123368621, 50.29030115394815], [127.58184001954079, 50.290387638105614], [127.58183200120662, 50.29065736340559], [127.5815513228174, 50.290653938405804], [127.58114634980977, 50.29010934918532], [127.58131342443467, 50.289211977986795], [127.58047141512483, 50.289201697411784], [127.58047944073601, 50.28893197220273], [127.58132144528925, 50.28894225267992], [127.58133748663232, 50.28840280202561], [127.5821768102229, 50.28850298468895], [127.58202846064925, 50.288770998153694], [127.58258979544632, 50.28877784498722], [127.58231447143555, 50.28859460494837], [127.5838581371335, 50.28861342337484], [127.5838688121738, 50.28825378919644], [127.58456513880608, 50.28844215329022], [127.5845518014428, 50.288891696129994], [127.58567447531682, 50.28890536274254], [127.58582013984127, 50.28872725307804], [127.58581214447696, 50.288996978919194], [127.58609281363621, 50.2890003935508], [127.58637881099189, 50.288823990235706], [127.58625179834766, 50.288372740181806], [127.58556879343001, 50.287734843054125], [127.58542313107971, 50.28791295245087], [127.58486447259197, 50.287816210790695], [127.58487780650127, 50.28736666780662], [127.58543912546979, 50.28737350074443], [127.58546045056612, 50.286654231718465], [127.58574643598591, 50.286477829791416], [127.58590275148302, 50.28594008526157], [127.58591341010367, 50.28558045059952], [127.58563542622979, 50.28548712704364], [127.58597202865268, 50.283602459528844], [127.58569672094481, 50.28341922748527], [127.5859773572874, 50.283422642122744], [127.58612833152958, 50.283064714335644], [127.58727216364125, 50.28235909446244], [127.58854031916188, 50.28219462000666], [127.58910689476726, 50.282021617063165], [127.58925518300495, 50.28175359375057], [127.58785470952428, 50.281646644958656], [127.58885817096882, 50.28093930390005], [127.5881539558751, 50.28102069255309], [127.58786269126277, 50.28137691853717], [127.58688583039009, 50.281185163076515], [127.58677480701738, 50.280194460442296], [127.58720371835982, 50.2799298515918], [127.58721968810092, 50.27939039872641], [127.58650750451527, 50.27974150399485], [127.58634322758415, 50.280548976422246], [127.58564167895814, 50.280540441118184], [127.58552801787833, 50.27963964616508], [127.58581928892941, 50.279283425985845], [127.58638051306649, 50.279290253587284], [127.58638850246832, 50.27902052722722], [127.58554134167404, 50.27919010241659], [127.58554933578931, 50.27892037614948], [127.58583793807296, 50.278654064609604], [127.58625885060927, 50.27865918545094], [127.58626684051984, 50.27838945907559], [127.58682805425477, 50.27839628442888], [127.58709535254117, 50.27884924020347], [127.58694972365214, 50.27902735205483], [127.58793984180829, 50.27876956243285], [127.5880987654372, 50.27814190496986], [127.58795314247985, 50.27832001814933], [127.58753489351292, 50.278224994622775], [127.58754819774121, 50.27777545037534], [127.58797176285348, 50.277690656089376], [127.58838203031851, 50.278055404670454], [127.58881357183186, 50.27770088065443], [127.58882420541059, 50.27734124502887], [127.58854892224136, 50.27715801976075], [127.58869985648498, 50.27680008792858], [127.58954962086158, 50.27654058024765], [127.58970054557962, 50.27618264699934], [127.58998113986327, 50.27618605161819], [127.58998910804253, 50.27591632469508], [127.59041265243312, 50.27583152131155], [127.59042061807422, 50.27556179432188], [127.59070120879568, 50.2755651971723], [127.59084946732004, 50.27529717129182], [127.59211742316631, 50.2751326559309], [127.59255156145122, 50.27468820832272], [127.59283214729518, 50.27469160598684], [127.59310743308198, 50.27487482120337], [127.59309683269892, 50.27523445764439], [127.59281359297512, 50.27532096968847], [127.59294063559693, 50.27577221378742], [127.59322387779132, 50.27568570146076], [127.59370304318115, 50.27371279430994], [127.59441508387134, 50.27336164339654], [127.59429068088339, 50.2728204914739], [127.59372953089057, 50.2728137026919], [127.59388570876557, 50.27227594506617], [127.59459772648607, 50.27192479275829], [127.59444420516587, 50.27237264224638], [127.59472477762952, 50.272376035229435], [127.59530444251673, 50.271753454475615], [127.59517209572006, 50.27148203105334], [127.59474065811932, 50.27183657991556], [127.59431980419613, 50.27183149028394], [127.5934886929411, 50.27146166973846], [127.59350193792497, 50.2710121238145], [127.59322667257858, 50.27082890958767], [127.59354696835875, 50.26948366739248], [127.59341728657675, 50.26912233278785], [127.59384341273912, 50.26894760702477], [127.59371108173671, 50.26867618194555], [127.59413190774056, 50.26868127355089], [127.59398368886563, 50.2689493042427], [127.59454744030573, 50.26886618216048], [127.59443628120606, 50.267875483708856], [127.59514029198705, 50.267794055097376], [127.59512970957425, 50.26815369229235], [127.59554259665464, 50.26842850665245], [127.59553466195908, 50.268698234567815], [127.59525411100806, 50.268694843718386], [127.59538909608484, 50.26887635781972], [127.59510589836079, 50.26896287589327], [127.59552672714284, 50.26896796246969], [127.59567229279332, 50.26878983904617], [127.59550027688371, 50.26986705537843], [127.59577819017979, 50.26996035498404], [127.59593962348434, 50.26924277545965], [127.59622017773697, 50.269246164681135], [127.59622546506868, 50.26906634603664], [127.59596342080613, 50.268433591608876], [127.59568551596614, 50.26834029249367], [127.59570667234541, 50.267621017931646], [127.59711203821249, 50.26754805030622], [127.59727608407498, 50.26674055900316], [127.59798799389746, 50.26638938469902], [127.59801703400407, 50.2654003808432], [127.59830548409761, 50.265134036476205], [127.59886654494919, 50.26514080242318], [127.5993189900149, 50.26406696096903], [127.59988794742792, 50.26380399328799], [127.59990903711758, 50.26308471686884], [127.60062350762816, 50.26264361601137], [127.60035089747038, 50.26237050898504], [127.60020009808487, 50.262728457922904], [127.59963642861321, 50.26281160819972], [127.59962588192465, 50.2631712463964], [127.59807774899417, 50.26333246310374], [127.59891139432894, 50.26361234093811], [127.59848269543828, 50.26387699548586], [127.59749030206778, 50.2642247880769], [127.59721770113701, 50.26395167384711], [127.59736852685059, 50.26359372907231], [127.59779194891904, 50.26350889759658], [127.59766225022291, 50.2631475672342], [127.59808830740025, 50.26297282515502], [127.59781571002229, 50.262699712301824], [127.59837938116007, 50.262616570870655], [127.59864934281136, 50.26297959194072], [127.59892986059715, 50.262982974318284], [127.59949617017453, 50.26280991795231], [127.5995040808422, 50.26254018930512], [127.59978459614975, 50.26254356959858], [127.59993276199613, 50.262275530782574], [127.60035353272296, 50.26228059939783], [127.60036934395781, 50.26174114184308], [127.6006524893075, 50.26165461040118], [127.60066566226388, 50.26120506233658], [127.60095143790309, 50.26102862050428], [127.60067620038859, 50.260845423857916], [127.60109695865077, 50.26085048967802], [127.60141432751102, 50.25959513080638], [127.60169219327452, 50.259688416027494], [127.60170009066671, 50.259418686981846], [127.60198058790569, 50.25942206182443], [127.60202269686035, 50.25798350651518], [127.60175010469496, 50.25771040271275], [127.60175800120648, 50.257440673568155], [127.60204111845411, 50.25735413844671], [127.60205690787141, 50.25681468004384], [127.60177642593301, 50.25681130551163], [127.60180274583692, 50.25591220816058], [127.60110945408091, 50.25563403998287], [127.60139256169599, 50.255547506335844], [127.60143468257385, 50.25410895042328], [127.60130234765316, 50.253837533296206], [127.60074668639346, 50.253650960730134], [127.60075722108704, 50.253291321769105], [127.60047149161363, 50.25346776373327], [127.60050046701534, 50.25247875661755], [127.6000797825885, 50.25247368924661], [127.59969336042505, 50.25129979394598], [127.59886519779901, 50.250840103485686], [127.59915882642254, 50.25039393613779], [127.59847881796206, 50.249666204184], [127.59865595908911, 50.24840915914839], [127.59937285451966, 50.247878153398915], [127.59940184691835, 50.24688914579096], [127.59981721241769, 50.247074034820486], [127.60010553983024, 50.246807684158384], [127.59983302118698, 50.246534575970294], [127.60067428550529, 50.246544710113255], [127.60083029348797, 50.24600693941607], [127.60110807958858, 50.24610022557767], [127.6011186087436, 50.24574058609143], [127.60153923408511, 50.24574564921337], [127.60154712843877, 50.24547591953479], [127.60182754381809, 50.245479294071764], [127.60197564338885, 50.24521125134638], [127.6028168851817, 50.24522136978785], [127.60298075045007, 50.24441386596438], [127.60340136444896, 50.244418922250574], [127.60325064723082, 50.24477687688803], [127.6038167244339, 50.24460379700915], [127.60370279195958, 50.24370301226816], [127.60412602624518, 50.243618155867566], [127.60413390540505, 50.24334842579237], [127.60497511518298, 50.24335852834157], [127.60498823894245, 50.24290897802609], [127.6062605319253, 50.24256447972447], [127.606130822636, 50.24220315748478], [127.60669685901229, 50.2420300631587], [127.60642957287176, 50.241577149842286], [127.6071331762522, 50.241495644825285], [127.60715151979409, 50.24086627359279], [127.60800054354218, 50.240606623294404], [127.6085874959393, 50.239714237615395], [127.60929891731317, 50.239362988393616], [127.60945480339308, 50.23882520446885], [127.6097351806996, 50.23882855960594], [127.61016881969415, 50.23838403938704], [127.61032992098903, 50.23766643339731], [127.61075047693025, 50.237671462598776], [127.6106207461271, 50.23731014490343], [127.61090372775715, 50.237223586774356], [127.61091679291283, 50.23677403485011], [127.61148535963888, 50.23651100596015], [127.61149841899528, 50.23606145386972], [127.61192418309469, 50.235886657848376], [127.6115140897862, 50.235521991311785], [127.61152453671546, 50.23516234957653], [127.61224630967679, 50.23445143947289], [127.6121217967416, 50.23391030227605], [127.61240736539484, 50.23373382976037], [127.6124204147968, 50.23328427727847], [127.61284354161393, 50.2331993880823], [127.61286180459659, 50.232570014422784], [127.61328492431421, 50.23248512355007], [127.61386385486453, 50.23186244005507], [127.61428436038307, 50.231867456050104], [127.61415201122848, 50.231596052450826], [127.61470747143493, 50.23178255991422], [127.61457772571885, 50.23142124616473], [127.61500083230584, 50.2313363489171], [127.61515662639619, 50.230798555870564], [127.61460117575044, 50.23061205060388], [127.61446882812213, 50.230340647322144], [127.61447664523308, 50.230070915444], [127.61475697180164, 50.23007425804552], [127.61462723008698, 50.22971294428291], [127.61504771683853, 50.22971795736103], [127.61502427510668, 50.23052715319971], [127.61587567554724, 50.230177532371414], [127.61532022919404, 50.229991030559525], [127.61533324948059, 50.229541477232885], [127.6150529259671, 50.22953813604707], [127.61506073956103, 50.2292684040649], [127.61534366547235, 50.22918183454463], [127.61547601501148, 50.22945323689715], [127.61575633807733, 50.22945657705829], [127.61549163726052, 50.22891377281502], [127.61591472001012, 50.22882887200642], [127.61647535897825, 50.22883554947626], [127.61646495162566, 50.22919519235789], [127.61674527329583, 50.22919853012108], [127.61689843935783, 50.228750645064], [127.61718135894844, 50.22866407100812], [127.61719436112656, 50.22821451722514], [127.61761743476393, 50.22812961012975], [127.61778098602844, 50.22732208057278], [127.61806129687434, 50.22732541507171], [127.61806909288757, 50.227055682643865], [127.61848955688501, 50.22706068307717], [127.61851293710343, 50.22625148557013], [127.61767982135686, 50.2259717510338], [127.61827680117824, 50.22471966788091], [127.61786935181347, 50.2242651126278], [127.61787454932683, 50.224085290930084], [127.61815484121303, 50.22408862504842], [127.61817043027752, 50.2235491598559], [127.61774999720738, 50.22354415852008], [127.6177577939316, 50.22327442595118], [127.61734776195703, 50.222909779759426], [127.6173997518336, 50.22111156248658], [127.61683920318325, 50.22110489021657], [127.61684700436952, 50.22083515763745], [127.61656933259852, 50.2207419096683], [127.61660574375338, 50.219483157581415], [127.61576755203934, 50.219383231808635], [127.61578836978381, 50.218663945012125], [127.61494759048136, 50.21865392428577], [127.614963212712, 50.21811445931611], [127.61426517652757, 50.218016193416624], [127.61414589002925, 50.21729523542885], [127.61344786754555, 50.21719696471784], [127.61345568677274, 50.21692723234276], [127.61262537059032, 50.21655755192779], [127.6120909654548, 50.215651749520475], [127.61125807159107, 50.21537197027884], [127.61128156443604, 50.214562773607625], [127.61058097638141, 50.214554396743345], [127.61047219988451, 50.213473792162446], [127.6099195804918, 50.21319735506453], [127.60967071102813, 50.2121150730183], [127.6092582214265, 50.21184030962303], [127.60929219979629, 50.21067147022448], [127.60958025135045, 50.2104050921614], [127.60845679364951, 50.2104815822453], [127.60848817493776, 50.20940265369197], [127.608207970228, 50.2093992969649], [127.60834022664373, 50.20967070755548], [127.60806002038196, 50.20966735045868], [127.60793038164479, 50.20930602886099], [127.60822366331384, 50.20885983267115], [127.6076606438337, 50.208943028016094], [127.60768419215808, 50.20813383167944], [127.60810710365956, 50.20804895759235], [127.60812018158606, 50.20759940393219], [127.60783998747854, 50.20759604640466], [127.60771035570406, 50.20723472449634], [127.6077574467478, 50.2056163311891], [127.60705699071173, 50.20560793415607], [127.60708316369879, 50.204708826819555], [127.60638795821359, 50.20452060439909], [127.60655684620718, 50.20353326688196], [127.60613920994592, 50.203438314252814], [127.6064219978657, 50.203351764944806], [127.60628715053642, 50.20317026285411], [127.60656731854957, 50.20317362391267], [127.60657517266712, 50.20290389166996], [127.60574253225258, 50.202624074403666], [127.60578182412148, 50.20127541339992], [127.60494135385368, 50.20126532279099], [127.60536420906857, 50.20118045812567], [127.60495183749232, 50.20090567992766], [127.60500425250028, 50.199107465251174], [127.60430389252885, 50.199099052407306], [127.6045919006373, 50.19883268584616], [127.6046023859977, 50.19847304288491], [127.6041769313847, 50.198647815729245], [127.60419266391892, 50.19810835135644], [127.60446755898356, 50.19829153870571], [127.6045147447317, 50.19667314512537], [127.60423723683681, 50.19657986867371], [127.60425821099994, 50.19586058255545], [127.60467839850944, 50.19586563069862], [127.6047386763582, 50.19379768220611], [127.60502926962383, 50.19344140320582], [127.60558949153919, 50.193448129773756], [127.60562877494654, 50.1920994667164], [127.60520862031774, 50.19209442228351], [127.60522433757608, 50.19155495706208], [127.60606463749146, 50.191565044216894], [127.606135316672, 50.18913744918928], [127.60655806229536, 50.1890525790927], [127.60658684592983, 50.18806355839073], [127.6074270850674, 50.188073635185226], [127.60745846464907, 50.186994702920195], [127.60829868534464, 50.18700477325605], [127.60832220459156, 50.18619557362834], [127.60874230802384, 50.186200606374435], [127.60877888035438, 50.18494185093339], [127.60906677703332, 50.18467547172592], [127.60923030906214, 50.18386794827708], [127.60965300271528, 50.183783066407024], [127.60966866528902, 50.18324359939128], [127.61008874306917, 50.18324862705504], [127.61014354178195, 50.1813604917405], [127.6094434397961, 50.181352112015034], [127.6095060912817, 50.179194242912416], [127.60939740326788, 50.17811363177744], [127.6089825930376, 50.177928779527626], [127.60900870423144, 50.17702966714954], [127.60818172122038, 50.17657004730714], [127.60819217136577, 50.17621040241157], [127.60791477389665, 50.17611713535514], [127.60806000436831, 50.17593899090475], [127.60696350206906, 50.17511636156426], [127.60697134615268, 50.17484662796653], [127.6062765722456, 50.174658407558034], [127.60604628189354, 50.17294673472848], [127.60561582696477, 50.17330133790114], [127.60492369919297, 50.17302319841602], [127.60521939742827, 50.172487094304515], [127.60591936862231, 50.17249549841512], [127.60578460771741, 50.172313995542254], [127.605362009115, 50.17239886428666], [127.60539080045919, 50.171409841237285], [127.6058133902525, 50.17132497230059], [127.60582908914168, 50.1707855050014], [127.60611168361979, 50.17069895436745], [127.60612214712805, 50.170339309422744], [127.60571264967996, 50.16997462344712], [127.60600047161714, 50.16970825056079], [127.60613261042442, 50.169979664454054], [127.6065578012818, 50.169804881417775], [127.60615092068338, 50.169350285701135], [127.60619538575449, 50.16782179413819], [127.60550071630249, 50.167633569743806], [127.60538428898255, 50.16682268754162], [127.60482437841415, 50.16681596256001], [127.6045758440598, 50.16573366414492], [127.60388383087748, 50.165455519075216], [127.60390216773229, 50.1648261404317], [127.60307544270387, 50.164366485462644], [127.6030859266477, 50.16400684058855], [127.60252867152458, 50.16391019360043], [127.60226971330643, 50.16318753512983], [127.60184981276608, 50.16318248065136], [127.60185768231123, 50.162912747083695], [127.60102576046081, 50.16263290018527], [127.60103363448997, 50.16236316668677], [127.60145352770677, 50.16236822405607], [127.60146139925493, 50.16209849049597], [127.60062161766373, 50.162088374336044], [127.60062949381518, 50.16181864085865], [127.60020960556032, 50.16181358055056], [127.60023324038124, 50.16100438018171], [127.59939347839834, 50.16099425530192], [127.59942500870805, 50.15991532167284], [127.59858526609341, 50.15990519110865], [127.59861681337684, 50.15882625764883], [127.59777709012951, 50.158816121400676], [127.59780865438451, 50.157737188110325], [127.59696895050355, 50.15772704617866], [127.59700053172793, 50.156648113057955], [127.59616084721243, 50.156637965443224], [127.59619244540401, 50.15555903249239], [127.59536068422214, 50.15527914602011], [127.59538439540965, 50.15446994641426], [127.59455265783218, 50.15419005430238], [127.59457638174173, 50.1533808548242], [127.59373939281367, 50.15328077913459], [127.59376840439708, 50.1522917577229], [127.592931436244, 50.15219167636624], [127.59296046337268, 50.151202655110964], [127.59240073818438, 50.151195871769644], [127.59226872706313, 50.15092444249244], [127.59256442480836, 50.150388368658945], [127.59159548759511, 50.15001684886436], [127.59174861992962, 50.14956899086211], [127.59146876698853, 50.149565596688376], [127.59148197382264, 50.149116041672876], [127.59106748265724, 50.14893112724453], [127.59094869649765, 50.14821014148219], [127.59039693655183, 50.14793361579548], [127.5901355994583, 50.14730084160019], [127.58944393571511, 50.147022612587826], [127.58959178866603, 50.14675457923128], [127.58904005325597, 50.14647804723781], [127.58919848805404, 50.145850370510374], [127.5886547041388, 50.14530410384986], [127.5880950488266, 50.14529730033665], [127.58810563802102, 50.144937656583465], [127.58768854787448, 50.14484264131804], [127.58769649194853, 50.144572908531416], [127.58728205457157, 50.14438798090715], [127.58729264952092, 50.1440283372233], [127.58826143259762, 50.14439989198579], [127.58853066928373, 50.144762937488494], [127.58881049384792, 50.14476633850641], [127.58895834310682, 50.14449830582593], [127.58840663710546, 50.14422177096925], [127.58814005142298, 50.14376881421964], [127.58772297132467, 50.14367379914499], [127.58745639507211, 50.143220840864856], [127.58689676435637, 50.14321403178169], [127.58690471242471, 50.14294429901104], [127.58621047952913, 50.14275596214625], [127.58635833682283, 50.14248793275686], [127.58608382750225, 50.14230470413785], [127.58609443065372, 50.141945060510096], [127.58526826897993, 50.14148528181182], [127.58528683451608, 50.140855905579635], [127.58486713254484, 50.14085079135365], [127.58487509136046, 50.1405810587088], [127.58445804556641, 50.14048603214672], [127.58405161920015, 50.14003136066945], [127.58406754541943, 50.13949189547967], [127.58351858042776, 50.13912542703047], [127.58367175110034, 50.13867757920793], [127.58339196267305, 50.13867416610847], [127.58285629453835, 50.13785814031826], [127.58288020200857, 50.13704894262682], [127.582600423175, 50.13704552770056], [127.58219670059422, 50.13650093901484], [127.58208073261353, 50.13569003322407], [127.58166373488964, 50.13559499695746], [127.58127598967634, 50.134510940073376], [127.58072444241097, 50.13423436961062], [127.58046862532058, 50.13342175227445], [127.57977987908534, 50.13305355641871], [127.57966662103077, 50.13215273735369], [127.57896990958162, 50.13205426923803], [127.57884335200824, 50.13160300334601], [127.57842639629781, 50.13150795574609], [127.57843971687429, 50.1310584018561], [127.57815464426942, 50.131234798066934], [127.57816530269115, 50.13087515498333], [127.57775901596561, 50.13042046195392], [127.57665606213627, 50.12986728581009], [127.57680393134682, 50.1295992681251], [127.57638432937313, 50.12959412407818], [127.57667206575982, 50.12932782139877], [127.57570100740011, 50.129046083088305], [127.57571702129405, 50.128506618824055], [127.57529475933778, 50.12859138162917], [127.57490187104202, 50.12768712531809], [127.57448228613346, 50.12768197454065], [127.57436379560352, 50.12696097183501], [127.57366717086789, 50.126862472553725], [127.57355671265148, 50.12587173703109], [127.5728574313985, 50.12586314368461], [127.57273362080946, 50.125321960648456], [127.57203702334905, 50.12522345179214], [127.55497489950501, 50.125012351063816], [127.55510663047701, 50.125283821455014], [127.55482150805477, 50.12546016009556], [127.55509580138266, 50.12564346126092], [127.55507955733039, 50.126182920924585], [127.55549100571604, 50.1264578715533], [127.55548017905171, 50.12681751134703], [127.5546356151412, 50.12698688788636], [127.55352487967816, 50.12670322438949], [127.55077932640809, 50.12496005713889], [127.54882139652359, 50.124935601446445], [127.54908750814114, 50.1253886457254], [127.54950978606726, 50.12530397835074], [127.54950163280783, 50.125573707539864], [127.54992119468915, 50.125578948414194], [127.55004474807083, 50.12612015350591], [127.55101287735305, 50.126492014477975], [127.55100201711893, 50.126851653558866], [127.55183573684786, 50.127041942740995], [127.55182759615887, 50.12731167212632], [127.55238160776123, 50.12749846821885], [127.55237075739687, 50.127858107454536], [127.55320178908438, 50.12813829681043], [127.55373142448039, 50.129134275070705], [127.55415101827397, 50.12913950093117], [127.55401928260515, 50.12886802958606], [127.55373955499438, 50.128864545543806], [127.55375581565222, 50.128325086449316], [127.55474297617633, 50.12806754773492], [127.55529430090671, 50.128344239981644], [127.55528347204495, 50.12870387962677], [127.55570035589844, 50.12879900977122], [127.55541792148117, 50.12888543969318], [127.55569223642414, 50.12906873953434], [127.55554425154062, 50.12933672934025], [127.55595843535366, 50.12952176851356], [127.5560793603057, 50.130152877420606], [127.55675706184401, 50.13088085184477], [127.55661178206414, 50.13105893300617], [127.55687800036935, 50.131511959897274], [127.55714692768764, 50.13187507625525], [127.55756654607842, 50.13188028998094], [127.55783818344186, 50.13215349482986], [127.55755032621482, 50.132419749649124], [127.55783007502005, 50.1324232246902], [127.5578111548907, 50.13305259431163], [127.55863420427816, 50.133602475438735], [127.5588977544065, 50.13414540775475], [127.55874706978601, 50.134503311393644], [127.55930659204145, 50.13451025524486], [127.55954585566232, 50.13586237581155], [127.55912350134547, 50.13594707888715], [127.55953775577582, 50.136132105701215], [127.55938436905485, 50.13657991998746], [127.55979593036436, 50.13685485586792], [127.55977973271092, 50.13739431560031], [127.5600676081125, 50.13712805562723], [127.56005411251722, 50.13757760544038], [127.56047108294567, 50.13767271906353], [127.56004871418355, 50.1377574253551], [127.5599007256971, 50.138025420301965], [127.5595134553788, 50.136941295288935], [127.55881131566846, 50.13702252591478], [127.55864441019473, 50.137919888598965], [127.55920397227099, 50.137926833286386], [127.55919586987002, 50.13819656303916], [127.5601751095316, 50.13820870987199], [127.55961284388714, 50.13829167976648], [127.55988992765398, 50.138385060073254], [127.55986833091231, 50.13910433954357], [127.55917696378957, 50.13882593240955], [127.5594594505355, 50.13873949393599], [127.55933036006434, 50.138378118645015], [127.5587734943206, 50.13828126462484], [127.55860928527777, 50.13908871714363], [127.55902626580668, 50.13918383602048], [127.5591553560207, 50.13954521159966], [127.55957504187027, 50.139550418643424], [127.56025292668619, 50.14027837312597], [127.56053272164996, 50.1402818420494], [127.56055700772923, 50.13947265256735], [127.56139098513168, 50.139662874959], [127.56124030085029, 50.140020781513506], [127.56167347296136, 50.139576431119075], [127.5621953201123, 50.14084210142074], [127.5630212461779, 50.14130204232383], [127.56299430601794, 50.14220114242809], [127.56341401581187, 50.14220633579778], [127.56340593585678, 50.14247606584907], [127.56382026299956, 50.142661077811326], [127.56378525831069, 50.1438299080518], [127.56420498250226, 50.14383509868484], [127.56419152247881, 50.144284648791846], [127.56459779429207, 50.144739388142234], [127.56456818894269, 50.14572839834327], [127.56498254849713, 50.14591340633852], [127.56491527646416, 50.14816115645386], [127.56420490333609, 50.14851214811728], [127.56404882529547, 50.1490498776124], [127.56319042514309, 50.149668862219045], [127.562348179131, 50.149748381091285], [127.56234009102211, 50.150018110664426], [127.56192031305852, 50.15001291282917], [127.56190682867137, 50.15046246200527], [127.56106186825039, 50.15063188121362], [127.56087605940203, 50.15215861342742], [127.56075232260969, 50.151617420586504], [127.56047246148161, 50.15161395162598], [127.56045896275577, 50.15206350039186], [127.5601736984254, 50.15223985017601], [127.56058269727556, 50.15260469348621], [127.55960046203005, 50.152682457278395], [127.55890349687859, 50.152583866862244], [127.55890890234267, 50.1524040474995], [127.55778944070073, 50.152390149688024], [127.55764409787305, 50.15256823096679], [127.5569471386478, 50.15246962885562], [127.55469737260806, 50.15280142265607], [127.55440123800096, 50.15333739601335], [127.55383607264059, 50.153510245572164], [127.55326004948768, 50.154042730086616], [127.5533918470101, 50.154314201712154], [127.55281852349083, 50.15475677441995], [127.5526541520502, 50.1555642149216], [127.55323562772094, 50.1548519149288], [127.55436327901396, 50.15459612872468], [127.5542287635449, 50.1544145676271], [127.55534827069783, 50.154428500162716], [127.55549633707253, 50.1541605124164], [127.55633596337492, 50.15417095362818], [127.55676389742605, 50.1539064432414], [127.55788068917128, 50.15401026085858], [127.55830590938544, 50.15383565432316], [127.55857767276808, 50.15410885755165], [127.56011698846014, 50.154127954287425], [127.56037796322882, 50.154760792196555], [127.55994463905456, 50.15520513533426], [127.55993113366242, 50.1556546837165], [127.5601759095103, 50.15682697994375], [127.5600143551088, 50.15754452194389], [127.56029155017977, 50.157637901961174], [127.56027264546, 50.15826726951664], [127.56081084757857, 50.158993485682494], [127.56080004834065, 50.15935312429229], [127.56161818100503, 50.16008280535264], [127.56174194744774, 50.160623996776124], [127.56243364155686, 50.160902390465345], [127.56228828938657, 50.16108047722896], [127.56326530240008, 50.16118251169766], [127.56324912982782, 50.161721969979695], [127.56394623696508, 50.16182053538521], [127.5640673398309, 50.162451634165926], [127.56476715203637, 50.16246028499693], [127.56489095969106, 50.163001473207814], [127.5657172894551, 50.16346139674182], [127.56569845207999, 50.164090765159756], [127.56639828871715, 50.16409940636741], [127.56636063033312, 50.165358143365474], [127.56579805526528, 50.165441140182224], [127.56564462733104, 50.16588896023321], [127.56634180014052, 50.165987511753904], [127.56674827220824, 50.166442243685964], [127.56730279257744, 50.16662897175052], [127.5672920391348, 50.16698861090767], [127.56770659152978, 50.167173610195675], [127.5676958409099, 50.16753324938238], [127.56810771263386, 50.167808157072244], [127.56809696478254, 50.168167796282475], [127.56851153045352, 50.16835279277491], [127.56850347170278, 50.16862252220698], [127.56892072837547, 50.16871760745886], [127.5693245629466, 50.16926224039658], [127.57029639269268, 50.16954403681857], [127.57070293205466, 50.16999875521842], [127.5715482028017, 50.16982926904268], [127.5718174509517, 50.17019235188598], [127.57251469966735, 50.17029086692273], [127.57253880924758, 50.16948167740427], [127.57351601682431, 50.16958362714102], [127.57350263186773, 50.170033177071836], [127.57322266164236, 50.17002973792223], [127.5730639315294, 50.17065738781994], [127.57374780649967, 50.17120544533268], [127.57416777225788, 50.17121060199278], [127.57443704793411, 50.17157367891481], [127.57499700677639, 50.17158055083824], [127.57457436246212, 50.17166530714833], [127.57456901209697, 50.17184512714316], [127.57511827745104, 50.172211638516], [127.57540093432405, 50.17212516318132], [127.57566487799467, 50.17266805736704], [127.57608752934551, 50.172583297161616], [127.57593417305362, 50.17303113089598], [127.576359499104, 50.17285645968958], [127.57620614441984, 50.173304293776816], [127.57648880587209, 50.17321781584854], [127.57675543896036, 50.173670797566835], [127.57703543089055, 50.17367422838147], [127.57702207701546, 50.17412377868161], [127.57744206895029, 50.17412892372007], [127.57715406261393, 50.174395224041454], [127.57742337847098, 50.17475829419126], [127.57784070670616, 50.17485334790335], [127.5778300292316, 50.175212988198744], [127.57838736307987, 50.175309754217], [127.5783660157763, 50.17602903489744], [127.57864068577315, 50.17621228212314], [127.57860600103716, 50.17738111312584], [127.5783153124656, 50.17773732612799], [127.5785899919276, 50.177920573502966], [127.57870865628114, 50.178641567350525], [127.57860459124451, 50.182148058225806], [127.57942604703905, 50.182787706670126], [127.5794047096774, 50.183506986743595], [127.58023686207652, 50.18378698955949], [127.58036089501427, 50.18432816129731], [127.5806409496791, 50.184331583946104], [127.58049292654677, 50.184599602798485], [127.58160249910264, 50.18497292839989], [127.58255076664184, 50.186063815490805], [127.58324560892231, 50.186252178085425], [127.5832349677227, 50.186611818513], [127.58351237628142, 50.18670514445942], [127.58348843740254, 50.18751433541752], [127.58418596306329, 50.187612782442095], [127.58429675730706, 50.18860350066736], [127.58498632882946, 50.18897167338048], [127.58495444072818, 50.19005059489448], [127.58536926048306, 50.190235532688845], [127.58562544453765, 50.191048134763506], [127.58590288340258, 50.19114145518826], [127.58586570166393, 50.19240019695876], [127.58628585549513, 50.192405311366635], [127.58669273750091, 50.1928599749785], [127.58668211970189, 50.19321961552995], [127.58750387153526, 50.19385920817588], [127.58749325945313, 50.19421884879085], [127.58804818224125, 50.194405480335455], [127.58817232870054, 50.194946643746306], [127.58912889039513, 50.195767747743695], [127.5891156396208, 50.19621729867476], [127.58953052871182, 50.196402222003556], [127.58952258037164, 50.1966719525837], [127.5902229004077, 50.196680454233096], [127.59051891403456, 50.196144392311005], [127.5913619351796, 50.196064676228836], [127.59149670608198, 50.196246195215195], [127.59093645480137, 50.19623940041829], [127.59092851442814, 50.196509131169115], [127.59148347731723, 50.196695746566746], [127.59120070270238, 50.19678225970711], [127.59133282885807, 50.19705368912651], [127.59244277477674, 50.1974269135363], [127.59270704611389, 50.1979697694893], [127.59325939034188, 50.19824628685648], [127.5931113929058, 50.19851432139679], [127.59339153209271, 50.19851771399977], [127.59310874999966, 50.19860423169717], [127.59309817824135, 50.1989638728836], [127.59350782216819, 50.19932860284244], [127.59361883170206, 50.20031931207969], [127.59403641510555, 50.2004143093355], [127.5937959493501, 50.203829204236776], [127.59388847909574, 50.205449284187495], [127.59416601739711, 50.20554258548777], [127.59415280934782, 50.205992136631245], [127.59371667999162, 50.206526510906464], [127.59368496887582, 50.207605433196164], [127.59340477645938, 50.207602040857786], [127.5933571967017, 50.20922042369359], [127.5929368939721, 50.209215333628954], [127.59292367265677, 50.2096648842497], [127.59264346827324, 50.20966148997504], [127.59249278565123, 50.210019432989384], [127.59207247605963, 50.21001433973942], [127.59201690860331, 50.211902451132694], [127.59159658255706, 50.2118973560235], [127.59157275901939, 50.21270654627262], [127.59073209308053, 50.2126963512029], [127.59071355186008, 50.21332572108635], [127.59155687605758, 50.21324600637116], [127.59150657682729, 50.214954296326724], [127.59062878362285, 50.21620283961689], [127.59020842004597, 50.21619773917115], [127.5901554171285, 50.21799593714877], [127.58931200688852, 50.21807564089981], [127.58930405120981, 50.21834537044309], [127.58971913122105, 50.21853029403829], [127.58942826848379, 50.21888653098202], [127.58886775258773, 50.21887972399668], [127.58855565403572, 50.21995523709647], [127.58882795932628, 50.22022837113248], [127.58798716219515, 50.220218155100255], [127.58797919844176, 50.22048788438971], [127.58587719588687, 50.22046231745585], [127.58586922016664, 50.2207320464886], [127.58755083144499, 50.220752503271456], [127.58754286508032, 50.22102223248528], [127.58796327057186, 50.22102734292808], [127.58795530645538, 50.221297072177016], [127.58837571443718, 50.221302181147784], [127.58836509858595, 50.221661820190114], [127.5879446874451, 50.221656711154544], [127.58792344877905, 50.22237598903756], [127.5874950643499, 50.22264060748444], [127.58748709713771, 50.222910336603675], [127.58678107977045, 50.22308163460375], [127.5870560488846, 50.22326486303965], [127.58689199488079, 50.22407234560686], [127.58716962652386, 50.224165664129885], [127.58632610272004, 50.22424534515907], [127.58589503370928, 50.22459986703335], [127.58602454454993, 50.224961211232404], [127.58574956981697, 50.224777980358155], [127.58531583164208, 50.22522240956953], [127.58529189058305, 50.22603159576488], [127.58500893052725, 50.226118091842395], [127.58499296597402, 50.22665754916444], [127.58471266299729, 50.2266541349313], [127.58498498351541, 50.226927277805196], [127.58428422222477, 50.22691874087371], [127.58399060421888, 50.22736487243321], [127.58396397603906, 50.228263967350664], [127.5832578670385, 50.228435243009436], [127.58310705236028, 50.22879317162397], [127.58268657948084, 50.22878804303988], [127.5826785834102, 50.22905777131247], [127.58211528349568, 50.22914084016875], [127.58168147139972, 50.22958525486417], [127.58041469363846, 50.22974966754814], [127.58012369207975, 50.230105879356536], [127.57842571640586, 50.230624767746306], [127.57772490291875, 50.23061619080462], [127.5774338760484, 50.23097239560861], [127.57588939795521, 50.23104341663319], [127.57348783525597, 50.231643548810965], [127.57208618176537, 50.231626330892766], [127.57193795902788, 50.23189433505441], [127.56843650426272, 50.23176130285517], [127.56787314908416, 50.23184430213462], [127.56772490213675, 50.232112300703406], [127.56702407011244, 50.23210365904403], [127.56701598474676, 50.23237338532546], [127.5653339797991, 50.232352627905485], [127.56532588482789, 50.232622353975934], [127.56490538152782, 50.23261716076857], [127.56489728406288, 50.23288688677605], [127.56405627309069, 50.232876495698875], [127.56390259937524, 50.23332430638464], [127.56319904834606, 50.23340555011572], [127.56319094102868, 50.23367527588484], [127.56277042886146, 50.233670074873594], [127.5627650223342, 50.233849892012486], [127.56192129034382, 50.233929393894414], [127.56148724769507, 50.23437373083578], [127.56021215339895, 50.23480764686736], [127.56006114568298, 50.235165543520054], [127.5595004461139, 50.235158593251235], [127.55878059561037, 50.2357792603135], [127.55821988915913, 50.23577230380496], [127.5582144651133, 50.23595212051918], [127.55722237003104, 50.236299573299846], [127.55707133506083, 50.23665746574344], [127.55679369164285, 50.23656407537076], [127.55678554727847, 50.236833800233626], [127.55621939719838, 50.237006650517344], [127.556211249466, 50.237276375291366], [127.55564780909725, 50.23735931446922], [127.55563965803802, 50.23762903915887], [127.5550653400225, 50.23807160831941], [127.55449916913962, 50.23824445000451], [127.55448829205073, 50.238604082683906], [127.554207922761, 50.23860059427141], [127.55405957780398, 50.23886857425552], [127.5537819276677, 50.23877517666009], [127.55362269586193, 50.239402788559566], [127.5524821385959, 50.24001817883272], [127.55247124564775, 50.24037781108171], [127.55162738262943, 50.240457236975374], [127.55161648308079, 50.240816869061284], [127.55091007590869, 50.24098794514226], [127.5510420892924, 50.24125941744405], [127.55048132047152, 50.24125242304819], [127.55004983235978, 50.24160680726375], [127.54991782371866, 50.24133533389083], [127.54949724662339, 50.241330084273194], [127.54948905970939, 50.24159980804512], [127.54864790114871, 50.241589304145], [127.54849678464572, 50.24194718442263], [127.54736976632203, 50.24211298388582], [127.54736156717519, 50.24238270736715], [127.54567922458232, 50.24236166244672], [127.54567375209008, 50.24254147795994], [127.544409253073, 50.24261558589593], [127.5443982983789, 50.242975216697864], [127.5453796766891, 50.242987506784914], [127.54890098612643, 50.242491885041176], [127.54904937154915, 50.24222391215447], [127.55030567151034, 50.24241947739267], [127.55030021641217, 50.24259929327256], [127.5498796281238, 50.24259404494358], [127.54888187449555, 50.243121240195386], [127.54929154916384, 50.243486123725106], [127.54913497140834, 50.24402382045885], [127.54829923323872, 50.243833497954114], [127.54814537490992, 50.24428128538687], [127.54772477222116, 50.244276029132685], [127.547010098405, 50.24471680421885], [127.54602594806677, 50.244794435329794], [127.54601774055662, 50.24506415852535], [127.54390099666603, 50.245487361451666], [127.54389277696147, 50.24575708436052], [127.54431065283144, 50.245852262244895], [127.54319449345844, 50.245658389647666], [127.54276016931442, 50.24610265330751], [127.54150106100218, 50.245996913563424], [127.54106946340019, 50.24635126319279], [127.54050589096178, 50.246434127651064], [127.54064060550544, 50.24661570365227], [127.53923028687574, 50.24686780805987], [127.53921379381325, 50.24740725261427], [127.5387931652814, 50.24740196379889], [127.53878491618951, 50.24767168600543], [127.5370941351189, 50.24792023731459], [127.5370858762857, 50.24818995929257], [127.53666524126359, 50.24818466271629], [127.53667074874808, 50.24800484809942], [127.5358239715962, 50.248174064997805], [127.53609613026785, 50.248447320093895], [127.53581570551947, 50.24844378681101], [127.53580743931705, 50.24871350861062], [127.5341166066905, 50.24896201609046], [127.53410833074572, 50.249231737661106], [127.5321480905559, 50.249117049512684], [127.53199682590589, 50.249474906584744], [127.53031424515851, 50.249453637081196], [127.53030594760682, 50.24972335816973], [127.52904400625245, 50.24970738990873], [127.52903570145615, 50.24997711083176], [127.52763630873517, 50.24986944516797], [127.5273531052603, 50.24995579830561], [127.52734479084631, 50.25022551901231], [127.52608838561054, 50.25002970478234], [127.5252415365819, 50.25019884385448], [127.52523598565944, 50.250378657482216], [127.50684234032487, 50.25095323023435], [127.50642730855044, 50.25076801190681], [127.50714525259195, 50.25023758497599], [127.5064497953241, 50.25004876353234], [127.50616655360392, 50.25013506467569], [127.50628990239635, 50.25067630346118], [127.5055803798787, 50.250937006920935], [127.50557475482199, 50.25111681892476], [127.50474188764485, 50.250836277798435], [127.50347148206839, 50.25108974945595], [127.50221233882075, 50.250983583646], [127.50249559253966, 50.25089729226301], [127.50236664929545, 50.250535861607275], [127.5026527180436, 50.25035966392391], [127.50335379763068, 50.250368696152634], [127.50420916875291, 50.2499299994509], [127.50632644618267, 50.24950752485812], [127.50633206808996, 50.24932771274265], [127.50801743395145, 50.249259423273436], [127.50901014882434, 50.248912397016454], [127.50901576051457, 50.24873258466281], [127.50845491457231, 50.24872538671031], [127.50830908879588, 50.248903399096015], [127.50549360232675, 50.249226989255334], [127.50308745144528, 50.24991555420213], [127.50210594955064, 50.24990290573104], [127.50181706207572, 50.25016900794979], [127.49914450090401, 50.25040434511038], [127.49913602712837, 50.250674062345716], [127.49744494581786, 50.250922033751756], [127.49743646229314, 50.25119175075295], [127.4961745009743, 50.251175425254324], [127.49615751930047, 50.25171485890519], [127.49460943983655, 50.251874697613104], [127.49403722336943, 50.25222705185926], [127.49319589877788, 50.25221614494749], [127.49304716937206, 50.252484042934455], [127.4923460620579, 50.25247494825827], [127.49233754928262, 50.25274466455563], [127.49149621623418, 50.25273374525918], [127.4914876985833, 50.25300346143903], [127.49106702988027, 50.252997999455644], [127.49105850972678, 50.253267715569876], [127.48936729694253, 50.25351556809939], [127.48935876703732, 50.25378528397834], [127.48809674190363, 50.253768870161], [127.4879479790153, 50.25403676124967], [127.4872468505626, 50.254027635610136], [127.48723830853183, 50.254297351201494], [127.48611649742944, 50.25428274124432], [127.48540396267121, 50.254633224990215], [127.48567871664912, 50.254816690479146], [127.48343507259706, 50.25478742941572], [127.48341794490626, 50.25532685956389], [127.48299725731206, 50.255321368189584], [127.48283989360222, 50.25585896734745], [127.48213874006242, 50.25584981065423], [127.48212159708906, 50.25638924037964], [127.48128020382539, 50.25637824655688], [127.48127162739618, 50.25664796129451], [127.48000953135832, 50.256631458985986], [127.47999236386734, 50.25717088810631], [127.47830095855353, 50.25741857762679], [127.4782923649872, 50.25768829194326], [127.47787165759702, 50.25768278183012], [127.4778630615263, 50.257952496080534], [127.47702164239081, 50.25794147118223], [127.47701304144199, 50.25821118531409], [127.47617161808226, 50.25820015422126], [127.47615440629725, 50.258739582234135], [127.47489225799674, 50.25872302386181], [127.47488364478653, 50.25899273769021], [127.47403359040459, 50.25925140476774], [127.47402497218472, 50.259521118463724], [127.47318352692044, 50.25951006553152], [127.47317490382173, 50.2597797791087], [127.47275417901237, 50.25977425030629], [127.4727455534086, 50.260043963817196], [127.47190409943558, 50.26003290153972], [127.47189546895271, 50.26030261493171], [127.47105401075675, 50.26029154645893], [127.47020391297598, 50.260550185063806], [127.47005502825785, 50.26081805183012], [127.46921067974816, 50.26089687429207], [127.46891577784854, 50.26134270058922], [127.46806564999382, 50.261601323228696], [127.46777650252463, 50.26186733790398], [127.46609064682995, 50.26193503892437], [127.46466215685335, 50.26272565475553], [127.46297337351913, 50.26288321431094], [127.46296469173166, 50.26315292644392], [127.46212318683477, 50.263141792861234], [127.46211450016659, 50.263411504874625], [127.46169374554195, 50.26340593574633], [127.4616850563673, 50.263675647693056], [127.45999333088874, 50.26392306746224], [127.4599846319521, 50.26419277916952], [127.45956387086535, 50.26418720226879], [127.45955516942195, 50.26445691390932], [127.45786340582715, 50.26470430228159], [127.457854694621, 50.26497401368238], [127.45701315965717, 50.2649628428125], [127.45700444356945, 50.265232554093316], [127.45574213499424, 50.26521578620851], [127.4557246881735, 50.265755208410035], [127.454041592934, 50.2657328294861], [127.45403285982606, 50.266002540353426], [127.45361208397348, 50.26599694176226], [127.45345435243864, 50.26653449677832], [127.45204592182861, 50.26669562881583], [127.45147321595084, 50.267047768017896], [127.44893974835537, 50.267283807686795], [127.44893098595244, 50.2675535178318], [127.44766862083924, 50.26753666170803], [127.4438610200842, 50.26811533322278], [127.44175999358052, 50.26799723700646], [127.44175119040433, 50.26826694619987], [127.43922643226631, 50.26823306394999], [127.43921761470673, 50.26850277280735], [127.43711364140468, 50.26847449545116], [127.4371048118363, 50.26874420402576], [127.43331764698131, 50.268693208358194], [127.43330879590405, 50.268962916433914], [127.43288799810671, 50.268957242580235], [127.43287914451987, 50.26922695058825], [127.43203754457917, 50.26921559820417], [127.43174519794896, 50.269571423186434], [127.43286143694223, 50.26976636656311], [127.43286733952797, 50.26958656124425], [127.43356572853524, 50.26968591972111], [127.4337118960277, 50.269508004982924], [127.4379199302436, 50.26956464560903], [127.43792875546475, 50.2692949369679], [127.43877035916967, 50.2693062467103], [127.43875271809338, 50.26984566419402], [127.43663985347231, 50.27008708633006], [127.43663396498772, 50.27026689195722], [127.43537153552018, 50.270249901622726], [127.43438080126445, 50.270506385583715], [127.43437490418547, 50.27068619100399], [127.43352147725194, 50.27103445989082], [127.43267689340547, 50.271113014493174], [127.4326680379496, 50.27138272237341], [127.43225017158106, 50.27128714339595], [127.43012242949929, 50.27197795888388], [127.42828998053844, 50.27222301740992], [127.42813786348457, 50.272580729805156], [127.42574723964876, 50.27272825469221], [127.42461019225007, 50.27316255847987], [127.42306713837556, 50.27314163017945], [127.422255189513, 50.2722311845661], [127.42227004700771, 50.271781673735944], [127.42100758618257, 50.27176452702717], [127.42099866460501, 50.27203423336672], [127.41930644468891, 50.2722810556564], [127.41929751333853, 50.27255076175075], [127.41803503398653, 50.27253358256822], [127.41802609537412, 50.272803288485385], [127.4171844384017, 50.27279182797272], [127.41717251370589, 50.273151435695496], [127.41632488533725, 50.273319772724584], [127.41631593681502, 50.27358947838238], [127.41505343181439, 50.2735722665607], [127.41503552010842, 50.27411167750752], [127.4133431974509, 50.27435841188561], [127.4133342317549, 50.274628117106104], [127.41291338807007, 50.27462237047488], [127.41290441986207, 50.27489207562695], [127.41205375505461, 50.27515028271457], [127.41204179071458, 50.27550988939841], [127.41120008846227, 50.27549838510903], [127.410904554841, 50.275944057069104], [127.40992256054379, 50.275930625115116], [127.40991057981903, 50.27629023137893], [127.40948373014287, 50.27646427530167], [127.40835844139747, 50.276538811480066], [127.40835244504518, 50.27671861445965], [127.4077912969461, 50.27671092766767], [127.40778229913577, 50.27698063205246], [127.4060898393443, 50.27722725936032], [127.40608083175638, 50.27749696349801], [127.40396747604939, 50.277737786469544], [127.4039584563073, 50.27800749030494], [127.40185409987511, 50.277978570794666], [127.40184506811558, 50.278248274341166], [127.40015253453707, 50.27849481440517], [127.40014349299834, 50.27876451770374], [127.3971973537192, 50.27872392259872], [127.39718829541003, 50.27899362549728], [127.39592565922811, 50.278976204579145], [127.39593472466564, 50.27870650184634], [127.39298859503522, 50.27866580010717], [127.39297951296498, 50.27893550245272], [127.39199140722786, 50.27910171995952], [127.38833772374136, 50.27923099344952], [127.38720626483217, 50.279485124916306], [127.38733440626038, 50.27984667386526], [127.38705077803137, 50.27993268040564], [127.38494331153767, 50.279993354420576], [127.38451633951478, 50.28016730532905], [127.38450720908997, 50.2804370064815], [127.38239362317594, 50.2806774346892], [127.38238448059177, 50.28094713553556], [127.38112180192118, 50.28092955332864], [127.38111265206891, 50.281199253993925], [127.38027086223167, 50.28118752479388], [127.38026170748748, 50.28145722533376], [127.37941991345456, 50.28144548992828], [127.3794077005752, 50.28180509047778], [127.37827613478962, 50.28205913383965], [127.37812055555167, 50.28250667629867], [127.37727874390104, 50.28249492521145], [127.37426502038673, 50.28443154580738], [127.37298999208437, 50.28477347374555], [127.3731211041259, 50.28504513734251], [127.37255373480562, 50.28521707909497], [127.3719740908466, 50.28574861701268], [127.37098577449554, 50.2859146536443], [127.3711168780538, 50.28618631937078], [127.37082704376209, 50.28645208495172], [127.36955500971618, 50.286704074673715], [127.36884114647428, 50.28705382858105], [127.36883192522887, 50.28732352731888], [127.3685574428228, 50.287139789141776], [127.36825836390295, 50.28767524674719], [127.36697397480167, 50.28828680578078], [127.36552151122883, 50.28970547154943], [127.36309284663386, 50.2909304888498], [127.36322391813813, 50.29120216295062], [127.36279985309686, 50.29128613273884], [127.36292783849412, 50.291647706393285], [127.36222619965756, 50.29163782126729], [127.36235726805053, 50.291909496284504], [127.36179595403019, 50.291901585737826], [127.36108195633632, 50.29225129036833], [127.36063624991591, 50.29296454608823], [127.3603555869096, 50.292960586938925], [127.36047428736536, 50.29359186036892], [127.36005328737805, 50.29358592075108], [127.3600285589084, 50.29430511338896], [127.3594641251703, 50.29438709037441], [127.35934234402427, 50.29384571515769], [127.35916489734299, 50.294922522493145], [127.35874388588901, 50.29491657802029], [127.35871604277033, 50.29572566901463], [127.35787400601716, 50.29571377515702], [127.35784614735802, 50.296522865687336], [127.357415833178, 50.29678661306159], [127.35739725499273, 50.297326006538434], [127.35655519054785, 50.29731410285617], [127.35651801345338, 50.29839288919078], [127.35567593054637, 50.29838097895818], [127.35566663116208, 50.2986506753939], [127.35524558754223, 50.298644717934444], [127.35521768140447, 50.29945380698857], [127.35437558031767, 50.2994418871564], [127.35434765863354, 50.300250975745726], [127.35476251283644, 50.30043673407936], [127.35532702596986, 50.300354780789334], [127.35562633219499, 50.29981935978889], [127.35632499034594, 50.29991918473021], [127.35648083409616, 50.29947167530404], [127.35703913837638, 50.29956951123178], [127.35716400354349, 50.300020989380265], [127.3565963990929, 50.300192850495115], [127.35673055562697, 50.300374632562196], [127.35616914357549, 50.30036669388562], [127.35601639317954, 50.300724303977894], [127.35587603916443, 50.30072231869073], [127.35600089604787, 50.301173797924385], [127.35544257531039, 50.30107595687243], [127.35557052923828, 50.301437537753046], [127.35514325880888, 50.30161137719082], [127.35513085416213, 50.30197097213842], [127.3544166560276, 50.30232063328319], [127.35468806705676, 50.302594303422076], [127.35425457714722, 50.302947936810774], [127.35383349589034, 50.30294197387056], [127.35366519877809, 50.30374907370772], [127.35310064265218, 50.303831018458645], [127.35336274014539, 50.30437438746933], [127.35266091745295, 50.30436444280211], [127.35165350213853, 50.30506970143141], [127.35149759367906, 50.30551720334582], [127.3510671625734, 50.30578092568084], [127.35105783468461, 50.30605062114714], [127.35133546461505, 50.30614450198744], [127.35077087628926, 50.30622643507211], [127.35004102579607, 50.30702556038529], [127.34947020005784, 50.30728728383986], [127.3493173762076, 50.30764488400677], [127.34973849803532, 50.307650863705874], [127.3497260499746, 50.3080104573012], [127.34944218737482, 50.30809636933631], [127.34943284952962, 50.30836606447409], [127.34885577677595, 50.30880758138446], [127.34772341106526, 50.309061318214574], [127.34727734284945, 50.30977451720464], [127.34656608821452, 50.310034229701984], [127.34669711501945, 50.31030592117001], [127.34627908918439, 50.31021003202262], [127.3465411418857, 50.31075341542198], [127.34624790050957, 50.31110901399977], [127.34582050936851, 50.31128281769995], [127.34582986861224, 50.31101312318922], [127.34611063582042, 50.311017118438485], [127.34626037616935, 50.310749421227364], [127.34612935070702, 50.31047772929945], [127.345564702535, 50.31055963644356], [127.34555534194189, 50.31082933093935], [127.34528393809805, 50.310555639902134], [127.34470680041267, 50.31099713541443], [127.3444041765513, 50.311622423502705], [127.34383326486908, 50.31188411822767], [127.34382077040175, 50.312243710488914], [127.34353999629505, 50.31223970963984], [127.34395803408691, 50.312335608727075], [127.34395178725543, 50.31251540485807], [127.34437607359243, 50.31243150632579], [127.34393616989952, 50.31296489515862], [127.34321859972836, 50.313404382461925], [127.34251664770562, 50.31339437526676], [127.34265078610565, 50.31357617302452], [127.34152453120895, 50.31365005189139], [127.34082570561934, 50.31355013652861], [127.34084761131577, 50.31292085115046], [127.34000527848953, 50.31290882491426], [127.33998962370805, 50.313358314287036], [127.34026414293241, 50.31354211953761], [127.34011435993908, 50.31380980848123], [127.34039514280605, 50.313813817692726], [127.34052614413964, 50.31408551570266], [127.34024222905188, 50.31417140466229], [127.34035757827961, 50.314892592166856], [127.34007365805486, 50.31497848065288], [127.33987063439037, 50.31677443226209], [127.33902823388995, 50.31676239828431], [127.33899063450173, 50.31784117146165], [127.33814821552555, 50.31782913092447], [127.33813881055862, 50.31809882406958], [127.33771759890416, 50.31809280145569], [127.33767996808021, 50.31917157366822], [127.33683752615148, 50.319159523405716], [127.33680928724212, 50.31996860207554], [127.33638805934878, 50.31996257448411], [127.33634725721693, 50.321131243205016], [127.33606329255508, 50.3212171213679], [127.33619428840912, 50.321488823883804], [127.33548907943849, 50.3215686706575], [127.33546081522573, 50.32237774843658], [127.33503956632893, 50.32237171575217], [127.33500186917715, 50.32345048570052], [127.33415935276, 50.323438415295556], [127.33412792083432, 50.32433738970013], [127.333700366737, 50.324511146841814], [127.33368150186065, 50.32505053127719], [127.33283895772195, 50.32503845102873], [127.33279176919716, 50.32638691129966], [127.3319492018121, 50.32637482437325], [127.3319397589117, 50.3266445162708], [127.33236104491459, 50.3266505605544], [127.33235160425266, 50.3269202524956], [127.33150902762618, 50.326908162287545], [127.33147124448271, 50.327986929453374], [127.33061919846254, 50.328244524323274], [127.3306002962105, 50.328783907564976], [127.33017899172395, 50.32877785671756], [127.33016953799961, 50.329047548260014], [127.32932692469325, 50.329035441872264], [127.32930800728248, 50.329574824685125], [127.32901767262179, 50.32984047913653], [127.3284559213352, 50.32983240323352], [127.3284464575045, 50.330102094489966], [127.32802514182502, 50.33009603572478], [127.3280093644825, 50.330545521025265], [127.32716356850852, 50.330623295741724], [127.32686374234055, 50.331158635598385], [127.32630197613014, 50.33115054913759], [127.32628934081107, 50.331510136999334], [127.32600845568398, 50.331506092700266], [127.32570545078201, 50.33213132624198], [127.32371708461828, 50.33273226959526], [127.32369177328616, 50.33345144414753], [127.32284591930267, 50.33352918682855], [127.32282692550024, 50.33406856743737], [127.32239290991961, 50.33442207493143], [127.32225356657554, 50.338377529912215], [127.32183217903794, 50.338371447989495], [127.32175614138981, 50.34052896716613], [127.32231801690037, 50.34053707667465], [127.3219684491577, 50.346468223979194], [127.32238674046093, 50.346564202661774], [127.32214803243467, 50.34934896752805], [127.32223783064153, 50.35078933876435], [127.32265932815979, 50.350795420296365], [127.32265299237389, 50.35097521328499], [127.32223466196149, 50.35087923524014], [127.32220931194206, 50.35159840699098], [127.32232446455573, 50.352319606099435], [127.32260230377103, 50.352413556971975], [127.32250725154275, 50.355110450320666], [127.32292878737726, 50.355116531251625], [127.32305662887185, 50.35547814366704], [127.32283374453297, 50.35781342379078], [127.32353634434877, 50.357823556246174], [127.32360085784568, 50.359983096185765], [127.32430348996424, 50.35999322432089], [127.32439653152888, 50.361343695789564], [127.32523655036785, 50.361445739960004], [127.32520174313142, 50.362434600803766], [127.32576387820761, 50.36244269619781], [127.32603545739609, 50.3627164322806], [127.32600699119087, 50.36352550040999], [127.32685021357644, 50.36353763683388], [127.32682176039364, 50.36434670518498], [127.32724021821556, 50.364442667773496], [127.327642877669, 50.36498811141151], [127.32762707717949, 50.365437593913335], [127.32832663245576, 50.36553759504028], [127.3284419065756, 50.366258787675434], [127.32913516092503, 50.36653857712263], [127.32925676390046, 50.367079975893375], [127.32995319096825, 50.36726986403564], [127.33007164915576, 50.367901158566674], [127.33049329991944, 50.367907213186925], [127.33047436963192, 50.368446592695996], [127.33075547340488, 50.368450628337435], [127.3308834079871, 50.36881223228888], [127.33144562003446, 50.36882030095766], [127.33143931339679, 50.36900009419231], [127.33087394482271, 50.36908192206174], [127.33129560622211, 50.36908797387561], [127.33156094827399, 50.369541490653226], [127.33140777924768, 50.369899060273134], [127.33196369938786, 50.37008691978136], [127.33181368430832, 50.37035459330096], [127.33303774694623, 50.371541390840164], [127.33302514442272, 50.371900977425454], [127.33386222008359, 50.372092857774696], [127.33373425455129, 50.3717312569874], [127.33317515780895, 50.37163330239231], [127.33318145847599, 50.37145350908071], [127.33374370239147, 50.37146156694561], [127.3345618869218, 50.37219282236962], [127.3349867236706, 50.3721089643534], [127.33620147592373, 50.37356541966057], [127.33675745805816, 50.37375325674286], [127.3367448826618, 50.37411284387007], [127.33744144301411, 50.374302688245564], [127.33770058760771, 50.37493598508959], [127.33825973285815, 50.375033918343966], [127.33837203640732, 50.375844998527086], [127.33906548898368, 50.376124730267385], [127.3393026891447, 50.37738730155909], [127.3397181487043, 50.37757311725521], [127.33970559398573, 50.3779327046847], [127.33787490591193, 50.37799649470627], [127.3378654793046, 50.37826618500906], [127.33856838656538, 50.37827622959073], [127.33869954609291, 50.37854792840121], [127.33911815318491, 50.37864384947721], [127.33996478747845, 50.378565996591554], [127.33981478929383, 50.37883368023695], [127.34120807844447, 50.3792133293816], [127.34106122141115, 50.37939111775807], [127.34203277861356, 50.37976473991235], [127.34227947611231, 50.38075761456311], [127.34297928892208, 50.38085752978671], [127.34309481718448, 50.381578708600166], [127.3437977752613, 50.38158872205547], [127.3439101862168, 50.382399797084], [127.3443319684707, 50.38240580278075], [127.34445691139256, 50.38285728932816], [127.34473810232846, 50.38286129200042], [127.34471619370592, 50.38349057100824], [127.34528171199251, 50.3834086774702], [127.34567535098552, 50.38422375159345], [127.34678139181923, 50.38477912918027], [127.34675950874491, 50.38540840862834], [127.34717819286968, 50.38550430132808], [127.34688760800977, 50.38576999558677], [127.3470188349581, 50.38604168534164], [127.34757500579484, 50.38622947215286], [127.34742502501591, 50.386497165456944], [127.3479905748414, 50.38641525908952], [127.34812180981675, 50.386686947649515], [127.3484030239182, 50.38669094168099], [127.34839053081448, 50.38705053012138], [127.349221692891, 50.38742209685823], [127.34920608380554, 50.38787158253343], [127.3497622847708, 50.388059359119445], [127.34975604308714, 50.38823915342327], [127.3500403869185, 50.388153246428715], [127.35030601086869, 50.388606721772646], [127.35086846246139, 50.3886146988143], [127.3508466305008, 50.389243979140694], [127.3516747327582, 50.38970542596275], [127.35166226306228, 50.390065014807945], [127.35222161588864, 50.39016288269076], [127.35275604767456, 50.39097992590062], [127.35276850950272, 50.39062033691457], [127.35304974752586, 50.39062431993662], [127.35330295570685, 50.391437377690494], [127.35399672355338, 50.391717022728], [127.35384676069427, 50.391984724253724], [127.35413111993876, 50.39189880745605], [127.3541186678516, 50.392258396608746], [127.35439991575537, 50.39226237645972], [127.35452809057902, 50.3926239553342], [127.35521566085471, 50.39308338789256], [127.35560954718963, 50.39389842951036], [127.35616584414976, 50.39408617621105], [127.35656286348193, 50.39481131735874], [127.35697543471477, 50.395086970350576], [127.35725980718017, 50.39500104607198], [127.35736315251691, 50.39608180093769], [127.35778505901403, 50.39608775901838], [127.35818522504879, 50.39672299740048], [127.35815105967973, 50.39771186869713], [127.35870741125653, 50.39789960365112], [127.35856055975714, 50.39807741365077], [127.35883563315805, 50.39826117790442], [127.35867946563647, 50.39870868022743], [127.35895143845286, 50.39898234161965], [127.35892970547692, 50.39961162337112], [127.35935164363747, 50.39961757607023], [127.35920168479385, 50.39988528420111], [127.35974875606534, 50.40034270659415], [127.35969910128871, 50.401781065008464], [127.36012105887185, 50.40178701510122], [127.36010864773696, 50.40214660471889], [127.36038685270644, 50.402240468060974], [127.36037444338298, 50.40260005769828], [127.36009313346364, 50.40259609170642], [127.36000314290527, 50.40520311547687], [127.35972181762887, 50.40519914843991], [127.35939081975837, 50.406633537709304], [127.35910017043126, 50.406899260964124], [127.35867816766822, 50.40689330673446], [127.35852818111088, 50.40716101341514], [127.35865331880993, 50.40761248479134], [127.35837197945885, 50.40760851435399], [127.3582219888314, 50.40787622056954], [127.35835023215625, 50.40823779498489], [127.35805956704046, 50.4085035154173], [127.3576406584311, 50.40840766008458], [127.35763133383803, 50.40867735165673], [127.35805335222489, 50.40868330983503], [127.35776579067537, 50.40885913227254], [127.35804092240424, 50.409042898652025], [127.3573375531864, 50.409032967378636], [127.35675308854786, 50.40965429927268], [127.35687821533634, 50.4101057722724], [127.35743781450701, 50.410203617131025], [127.35743159696369, 50.41038341143992], [127.357150241377, 50.41037943789123], [127.35726293704177, 50.41119049900784], [127.35684089655176, 50.41118453774932], [127.35653465159444, 50.41189973948752], [127.356262620635, 50.411626072447916], [127.35583746454499, 50.41171000458502], [127.3559719227776, 50.41189178719991], [127.3551091498714, 50.41241923579436], [127.35523738086353, 50.412780813258905], [127.35424947290362, 50.41285678078669], [127.35381807053847, 50.41312049930449], [127.35366180372297, 50.41356799285473], [127.35253630844365, 50.41355205739001], [127.35251447925187, 50.41418133553242], [127.35209241319735, 50.414175356794345], [127.35207993583259, 50.41453494419458], [127.35165474654968, 50.41461886067725], [127.35164226567557, 50.414978447970796], [127.35121707166766, 50.41506236280129], [127.35106389500173, 50.415419955626334], [127.35036043382813, 50.41540998126627], [127.35032295999959, 50.41648874222331], [127.34947878796012, 50.41647676692284], [127.34946004061092, 50.41701614709025], [127.34903795001662, 50.41701015702993], [127.34885349224591, 50.41826671315673], [127.3481468624639, 50.41834662163765], [127.34812809874538, 50.41888600126896], [127.34770599181773, 50.418880006216924], [127.34767470969926, 50.41977897195575], [127.34723694928505, 50.42022245789912], [127.34681483066944, 50.4202164594999], [127.34679605057835, 50.420755838594765], [127.34606432870154, 50.42155490592306], [127.34604553919478, 50.422094284688995], [127.34591109127734, 50.421912490995425], [127.34548269256125, 50.422086280506534], [127.34546702887853, 50.42253576264215], [127.34518246967937, 50.42262165587653], [127.345460763294, 50.42271555548562], [127.3453106505178, 50.42298324320488], [127.34488850777353, 50.422977237580945], [127.34430684080665, 50.42350860586154], [127.3442974354928, 50.42377829492115], [127.3438690140112, 50.42395207821373], [127.34414417723875, 50.42413587733444], [127.34328732354949, 50.42448344108265], [127.3434186315002, 50.424755134001146], [127.34327477494524, 50.424843026246606], [127.34496654573208, 50.424777167248436], [127.34497908149653, 50.42441758177312], [127.34582965736749, 50.4242497982561], [127.34598603530955, 50.42380231708247], [127.34528558503133, 50.4237024144295], [127.34515426911344, 50.4234307234955], [127.3455826812525, 50.4232569353625], [127.34530751738774, 50.42307313961334], [127.34615806795361, 50.42290535341158], [127.34645515087449, 50.422459871929114], [127.34632696260705, 50.42209828575958], [127.34661464718656, 50.42192249318312], [127.34759336874994, 50.42211628215687], [127.3473025572686, 50.42238197368186], [127.34743388278096, 50.42265366232907], [127.34772469523564, 50.42238797049676], [127.34842825883207, 50.422397961786075], [127.34860649312908, 50.421321200631], [127.3493100412346, 50.42133118643663], [127.34920683804991, 50.42025043018733], [127.34976966398332, 50.420258416146176], [127.34991974277447, 50.419990722223886], [127.3499572304178, 50.418911962138495], [127.35066074331411, 50.418921939434306], [127.35068884557266, 50.41811286893992], [127.35111094631678, 50.41811885310536], [127.35142043589228, 50.41731377079475], [127.351983227655, 50.41732174571231], [127.3520113057923, 50.41651267445613], [127.35228645856891, 50.41669645442909], [127.35258968132, 50.416071162213115], [127.35329627031354, 50.41599122631045], [127.35331497342145, 50.41545184500695], [127.3541591288747, 50.41546379230009], [127.3541778218352, 50.414924410713716], [127.35459989498703, 50.41493038195061], [127.35461858258913, 50.41439100019519], [127.3554627197433, 50.414402937849864], [127.35577211010303, 50.41359784251602], [127.35633485907228, 50.413605795963456], [127.35634419265608, 50.41333610479622], [127.35676625215497, 50.4133420680394], [127.35677558320248, 50.41307237680154], [127.35761969783896, 50.41308429858282], [127.35762902395619, 50.412814607217605], [127.35847313437345, 50.41282652276338], [127.35849177660566, 50.41228713976455], [127.35891382723958, 50.412293095128284], [127.35888587086001, 50.41310216977592], [127.3584544915728, 50.413365905706904], [127.35844516995932, 50.41363559715793], [127.3580199994634, 50.41371953710847], [127.35771686363056, 50.41434484456092], [127.35812339275174, 50.41480028850691], [127.35782957679139, 50.41515590478006], [127.35781403379, 50.41560539024439], [127.35809542042225, 50.41560936248383], [127.35808920417527, 50.41578915668402], [127.35779849039368, 50.416054875670305], [127.35767412900255, 50.4196507576949], [127.3582183002198, 50.42019808487129], [127.35763137077821, 50.42495666605488], [127.35805353382379, 50.424962625615805], [127.3580224408467, 50.42586159508368], [127.35828212598221, 50.42649484602413], [127.35799756532701, 50.426580770547375], [127.35797579841748, 50.427210048997445], [127.3583917639081, 50.42739580136695], [127.35835445660878, 50.42847456443921], [127.35863591957713, 50.428478536100094], [127.35875178467751, 50.4291996970852], [127.35831403779962, 50.4296432241845], [127.35859861639175, 50.42955729910243], [127.35844855475412, 50.429825003978515], [127.35872691725874, 50.429918872396776], [127.35844233670798, 50.430004797768916], [127.35857685514938, 50.4301865774183], [127.3581328779363, 50.4308098974206], [127.35854576631701, 50.4310855463104], [127.35853333034153, 50.43144513382423], [127.35797036932235, 50.43143718898963], [127.3581048898732, 50.43161896916339], [127.35781407712508, 50.43188468655565], [127.35823008250678, 50.432070439749054], [127.3580613503408, 50.4328775249604], [127.35763289512917, 50.433051358378336], [127.35790505393358, 50.43332502250433], [127.35733273626414, 50.4335867647883], [127.35714531091703, 50.4349332288756], [127.3568638098888, 50.43492925324344], [127.35684824683305, 50.43537873695466], [127.35643221828218, 50.43519297869333], [127.35628212591587, 50.43546068023426], [127.35641042396796, 50.435822255713475], [127.35669815618866, 50.435646439041115], [127.35683268338173, 50.43582822062747], [127.35611646139844, 50.436177865037514]], [[127.32492785416999, 50.450033568970476], [127.32479023616122, 50.449941646782534], [127.32493102891365, 50.44994367391114], [127.32492785416999, 50.450033568970476]], [[127.34345350902117, 50.447960357643744], [127.34331586050634, 50.447868457048585], [127.3434566484322, 50.44787046170596], [127.34345350902117, 50.447960357643744]], [[127.3434566484322, 50.44787046170596], [127.34360057550259, 50.447782570247384], [127.34359743637403, 50.44787246619306], [127.3434566484322, 50.44787046170596]], [[127.35502574524392, 50.44326775937956], [127.35488808738654, 50.44317587232035], [127.35502886221066, 50.44317786284506], [127.35502574524392, 50.44326775937956]], [[127.36067129552755, 50.4388504163966], [127.36053363919278, 50.438758535968724], [127.36067440131288, 50.43876051953927], [127.36067129552755, 50.4388504163966]], [[127.36662817804682, 50.40079928581036], [127.36649370914043, 50.40061751509059], [127.36663435868613, 50.40061949037753], [127.36662817804682, 50.40079928581036]], [[127.35060544427877, 50.379976586409924], [127.3504617383034, 50.38006448964242], [127.35046485691443, 50.37997459233236], [127.35060544427877, 50.379976586409924]], [[127.3405690572967, 50.36931062420426], [127.34042536576786, 50.36939851532279], [127.34042850216147, 50.36930861830236], [127.3405690572967, 50.36931062420426]], [[127.33246839633325, 50.34365120221773], [127.33260572686197, 50.34374311406228], [127.33246524776676, 50.34374109927371], [127.33246839633325, 50.34365120221773]], [[127.3321276031558, 50.34535521570159], [127.33226493785318, 50.34544712796482], [127.33212445375568, 50.34544511271551], [127.3321276031558, 50.34535521570159]], [[127.3383681377871, 50.32763600344483], [127.33822456985776, 50.32772389364722], [127.33822770577105, 50.32763399607939], [127.3383681377871, 50.32763600344483]], [[127.37737556897028, 50.2920301979403], [127.37722912210569, 50.292208038437025], [127.37708879166118, 50.292206078997516], [127.37709490912255, 50.29202627925549], [127.37737556897028, 50.2920301979403]], [[127.57787468337557, 50.249146037658335], [127.57745135527442, 50.249230797543454], [127.57745670948457, 50.24905097973119], [127.57787468337557, 50.249146037658335]], [[127.57198824518998, 50.27713559835987], [127.57213123383634, 50.27704741389156], [127.5721285440501, 50.27713732215495], [127.57198824518998, 50.27713559835987]], [[127.59238159155808, 50.32802105120344], [127.59265983538758, 50.32811436014199], [127.59250876039525, 50.32847229292607], [127.59236830920615, 50.328470592479526], [127.59238159155808, 50.32802105120344]], [[127.5931236661885, 50.32668092714752], [127.59298587541065, 50.32658931918344], [127.59312632109216, 50.326591018838336], [127.5931236661885, 50.32668092714752]], [[127.59941238857533, 50.33260298116037], [127.5996959592419, 50.3325164565976], [127.59969331617803, 50.33260636506756], [127.59941238857533, 50.33260298116037]], [[127.60037978470203, 50.33315427281635], [127.60024460339338, 50.332972764797155], [127.60052553327637, 50.332976146711744], [127.60037978470203, 50.33315427281635]], [[127.60426276697319, 50.33490981725954], [127.60412756592834, 50.33472831364523], [127.60426803627182, 50.33473000003937], [127.60426276697319, 50.33490981725954]], [[127.61070870649341, 50.335526661596525], [127.61098703065556, 50.3356199272091], [127.61098440861078, 50.33570983606266], [127.61070346135722, 50.33570647928385], [127.61070870649341, 50.335526661596525]], [[127.63400421308236, 50.33661215064518], [127.6341472691646, 50.336523891279604], [127.63414469074846, 50.33661380099399], [127.63400421308236, 50.33661215064518]], [[127.64693587584875, 50.33649354197223], [127.64692821298209, 50.33676327254265], [127.64678773413048, 50.33676163763287], [127.64693587584875, 50.33649354197223]], [[127.6418581630995, 50.33715385888962], [127.64199351549898, 50.337335319757685], [127.64157720369462, 50.33715057663276], [127.6418581630995, 50.33715385888962]], [[127.63121791786608, 50.33576992154831], [127.63107485871902, 50.33585817729493], [127.63107744285993, 50.33576826768392], [127.63121791786608, 50.33576992154831]], [[127.61463672774734, 50.33575341243537], [127.61477458683562, 50.33584499515508], [127.61463411257836, 50.33584332142569], [127.61463672774734, 50.33575341243537]], [[127.60470788394267, 50.33410569777377], [127.60442431261399, 50.33419223453527], [127.60442694689807, 50.334102325908596], [127.60470788394267, 50.33410569777377]], [[127.60228234442317, 50.33056889229108], [127.6024254401158, 50.33048067220743], [127.60242280239319, 50.33057058081373], [127.60228234442317, 50.33056889229108]], [[127.61331836911651, 50.33276967009659], [127.61360191619956, 50.33268311141851], [127.61359929936246, 50.33277302041725], [127.61331836911651, 50.33276967009659]], [[127.62699019508187, 50.33131300781918], [127.62685491684641, 50.33113152990637], [127.62699537793348, 50.33113318876151], [127.62699019508187, 50.33131300781918]], [[127.63081625832032, 50.330188907247404], [127.63067838416679, 50.33009734334567], [127.63081884242973, 50.330098997557975], [127.63081625832032, 50.330188907247404]], [[127.63766369953048, 50.32658180142288], [127.63766884123652, 50.32640198141745], [127.63794973680884, 50.326405272611154], [127.63794459616216, 50.326585092637465], [127.63766369953048, 50.32658180142288]], [[127.63850638958202, 50.32659167303144], [127.63837108026513, 50.32641020812971], [127.63865197596787, 50.32641349762743], [127.63850638958202, 50.32659167303144]], [[127.64159369366115, 50.32671772683944], [127.64173670579225, 50.32662945763629], [127.64173414260007, 50.32671936778796], [127.64159369366115, 50.32671772683944]], [[127.63617943193081, 50.32935254287452], [127.63603382715976, 50.32953071494666], [127.63589337026669, 50.329529067046856], [127.63589851919112, 50.32934924726544], [127.63617943193081, 50.32935254287452]], [[127.6399948594072, 50.32858777673958], [127.64027320200864, 50.328680972483866], [127.64027063586853, 50.32877088254911], [127.63998972608051, 50.3287675968507], [127.6399948594072, 50.32858777673958]], [[127.6463766281925, 50.326503692969084], [127.6460982860026, 50.326410511809954], [127.64637918260588, 50.32641378264142], [127.6463766281925, 50.326503692969084]], [[127.64609573105953, 50.326500422127225], [127.64595272729161, 50.326588696762514], [127.6459552825125, 50.32649878645191], [127.64609573105953, 50.326500422127225]], [[127.66982921049615, 50.326864326111014], [127.66997217142446, 50.32677602176872], [127.66996966149304, 50.32686593295894], [127.66982921049615, 50.326864326111014]], [[127.68911371749, 50.32042781776732], [127.68939705645946, 50.32034107242271], [127.68939458374315, 50.3204309844163], [127.68911371749, 50.32042781776732]], [[127.71644020963768, 50.33332427575617], [127.7165831048281, 50.33323591368765], [127.71658068228761, 50.33332582644778], [127.71644020963768, 50.33332427575617]], [[127.72114432095368, 50.34129078079825], [127.72143014191816, 50.34111404538433], [127.72142289967965, 50.34138378380373], [127.72114432095368, 50.34129078079825]], [[127.7205025418441, 50.38085690903882], [127.72035950915235, 50.38094527418723], [127.72036192864424, 50.38085536203443], [127.7205025418441, 50.38085690903882]], [[127.71938732187337, 50.38048487975696], [127.71910609780817, 50.38048178289855], [127.71910851962977, 50.38039187078255], [127.7193921644415, 50.38030505550385], [127.71938732187337, 50.38048487975696]], [[127.72007586222256, 50.381032091800314], [127.72021889569908, 50.380943727008], [127.7202164759292, 50.3810336391544], [127.72007586222256, 50.381032091800314]], [[127.72090261521281, 50.381670758530895], [127.72104806736426, 50.38149248056724], [127.72104323085308, 50.3816723048997], [127.72090261521281, 50.381670758530895]], [[127.72146828000143, 50.39201992616207], [127.7216137624275, 50.39184164802491], [127.72160892628, 50.3920214720754], [127.72146828000143, 50.39201992616207]], [[127.72105876938626, 50.39678216822294], [127.72134250908822, 50.39669534913883], [127.72134009009112, 50.396785261079884], [127.72105876938626, 50.39678216822294]], [[127.71965006829693, 50.40728947111977], [127.7197883368247, 50.407380931290504], [127.71964764518796, 50.407379382836815], [127.71965006829693, 50.40728947111977]], [[127.72291888300883, 50.42180546341679], [127.72305719965433, 50.42189691984344], [127.72291646484003, 50.42189537502294], [127.72291888300883, 50.42180546341679]], [[127.7208953160478, 50.423761871609976], [127.72075215339096, 50.4238502356334], [127.72075457582528, 50.423760324133504], [127.7208953160478, 50.423761871609976]], [[127.7190779131545, 50.433725001993835], [127.71894199692544, 50.43354362953196], [127.71908276605075, 50.43354517941689], [127.7190779131545, 50.433725001993835]], [[127.71835216261934, 50.439742852976096], [127.71849537817879, 50.43965449253783], [127.71849295009798, 50.439744403711494], [127.71835216261934, 50.439742852976096]], [[127.71797561943018, 50.453679066214136], [127.71783965167467, 50.453497692675235], [127.7179804799426, 50.45349924433459], [127.71797561943018, 50.453679066214136]], [[127.73229645726781, 50.444932134070214], [127.73215805628303, 50.44484068835056], [127.73229885964153, 50.44484222249464], [127.73229645726781, 50.444932134070214]], [[127.73905413678138, 50.37080650463376], [127.73891116870519, 50.370894893228794], [127.73891355227614, 50.370804980273505], [127.73905413678138, 50.37080650463376]], [[127.73886354459844, 50.367386762529236], [127.73872773745472, 50.36720541200493], [127.73886831131503, 50.3672069365114], [127.73886354459844, 50.367386762529236]], [[127.73872297020716, 50.367385238013085], [127.73858001192055, 50.36747362632409], [127.73858239582798, 50.36738371332706], [127.73872297020716, 50.367385238013085]], [[127.7400043861952, 50.34554394969624], [127.7397233662787, 50.34554090420245], [127.73973050592727, 50.34527116406566], [127.74001390358116, 50.34518429613888], [127.7400043861952, 50.34554394969624]], [[127.73865883387498, 50.3432808815246], [127.73880171855059, 50.34319249221269], [127.73879933710175, 50.343282405593314], [127.73865883387498, 50.3432808815246]], [[127.73526287862504, 50.34414338547452], [127.73511759608623, 50.34432168358973], [127.73512237304959, 50.34414185711438], [127.73526287862504, 50.34414338547452]], [[127.73145807330492, 50.33924521724442], [127.73132237283463, 50.339063858025554], [127.7314628632242, 50.339065390865485], [127.73145807330492, 50.33924521724442]], [[127.73083469001048, 50.33627041609223], [127.73111804963129, 50.3361835694353], [127.73111565427168, 50.336273482658285], [127.73083469001048, 50.33627041609223]], [[127.72805024001997, 50.33003416804], [127.72791217732588, 50.32994271806749], [127.72805504123629, 50.32985434161215], [127.72805024001997, 50.33003416804]], [[127.7304908342488, 50.32808217422286], [127.72993139941612, 50.327986124802756], [127.7304932300917, 50.32799226089427], [127.7304908342488, 50.32808217422286]], [[127.72916060286478, 50.32527951649098], [127.72902255162515, 50.32518806785148], [127.72916300097937, 50.32518960316516], [127.72916060286478, 50.32527951649098]], [[127.73197199061765, 50.32522027382084], [127.73168869808796, 50.325307123221634], [127.73169109143505, 50.325217209808216], [127.73197199061765, 50.32522027382084]], [[127.70443944318252, 50.31475352909295], [127.70457741685082, 50.31484500648852], [127.70443699932609, 50.31484344171098], [127.70443944318252, 50.31475352909295]], [[127.62691550599418, 50.3144033577325], [127.6267699136001, 50.31458151873918], [127.62649167984969, 50.314488291330974], [127.62649427067663, 50.31439838156012], [127.62691550599418, 50.3144033577325]], [[127.6269129159612, 50.314493267519154], [127.6270507382432, 50.31458483569992], [127.62691032591508, 50.314583177304314], [127.6269129159612, 50.314493267519154]], [[127.60179983326358, 50.30870755431927], [127.60165680261008, 50.308795774487955], [127.60165943974114, 50.3087058655725], [127.60179983326358, 50.30870755431927]], [[127.60068988017261, 50.30824449518744], [127.60053893127744, 50.308602440622884], [127.59983696572422, 50.30859398759424], [127.59984224679782, 50.30841416989523], [127.60068988017261, 50.30824449518744]], [[127.60012831188251, 50.308237733867216], [127.59998527960472, 50.30832595197208], [127.59998791984349, 50.30823604311347], [127.60012831188251, 50.308237733867216]], [[127.58677417761288, 50.29917200844397], [127.58663914214415, 50.29899048481345], [127.58677950616585, 50.29899219145983], [127.58677417761288, 50.29917200844397]], [[127.58696515622407, 50.29746545323725], [127.58682213264353, 50.29755365537065], [127.58682479668354, 50.29746374685232], [127.58696515622407, 50.29746545323725]], [[127.5871089800443, 50.292610390725834], [127.58696597146808, 50.29269859323256], [127.58696863477849, 50.29260868463316], [127.5871089800443, 50.292610390725834]], [[127.58470547167177, 50.28844386218245], [127.58540980204955, 50.28836249549824], [127.58555813139805, 50.28809447752873], [127.58583346517813, 50.28827770997941], [127.58539647268138, 50.288812038508105], [127.58470013729553, 50.2886236793337], [127.58470547167177, 50.28844386218245]], [[127.58568513677847, 50.28854572830032], [127.58596313845152, 50.288639051840136], [127.58568247143334, 50.288635636913114], [127.58568513677847, 50.28854572830032]], [[127.58854892224136, 50.27715801976075], [127.58840596318298, 50.27724622467908], [127.58840862232272, 50.27715631578365], [127.58854892224136, 50.27715801976075]], [[127.59443628120606, 50.267875483708856], [127.59429865537349, 50.267783877794535], [127.59443892810887, 50.26778557443476], [127.59443628120606, 50.267875483708856]], [[127.59514029198705, 50.267794055097376], [127.5950211854779, 50.26707308488441], [127.59558755764992, 50.266900048210324], [127.59560606987465, 50.26627068284345], [127.59490472822958, 50.26626220517651], [127.59491266579786, 50.265992477220294], [127.59533875843101, 50.2658177456025], [127.59589189465727, 50.266094254014355], [127.59588131854223, 50.266453891430864], [127.59615921286898, 50.266547190018734], [127.59613277678763, 50.26744628354749], [127.5955796236382, 50.267169776202195], [127.59528850067989, 50.26752602279406], [127.59556375525277, 50.267709232145435], [127.59514029198705, 50.267794055097376]], [[127.59575427106164, 50.26600264981614], [127.5958998266028, 50.26582452593624], [127.5958945386525, 50.26600434465649], [127.59575427106164, 50.26600264981614]], [[127.59590247055786, 50.26573461657386], [127.59618564761014, 50.26564809633999], [127.5963179846957, 50.265919518786646], [127.59603216252546, 50.266095948690854], [127.59590247055786, 50.26573461657386]], [[127.59722826625104, 50.26359203606922], [127.59709064717379, 50.26350043345407], [127.59709857162018, 50.263230705116506], [127.59737644975388, 50.26332400070704], [127.59722826625104, 50.26359203606922]], [[127.59723883115082, 50.26323239826734], [127.59738173162243, 50.26314418178935], [127.59737909069486, 50.26323409124894], [127.59723883115082, 50.26323239826734]], [[127.59823912336945, 50.262614879111084], [127.59810150510678, 50.26252327768538], [127.59824176262013, 50.26252496960879], [127.59823912336945, 50.262614879111084]], [[127.59941554712724, 50.25120650425399], [127.5992726865233, 50.251294723739406], [127.59927532277038, 50.25120481402136], [127.59941554712724, 50.25120650425399]], [[127.60640890595703, 50.20380131861104], [127.60627143878737, 50.203709727235115], [127.60641152436529, 50.203711407880796], [127.60640890595703, 50.20380131861104]], [[127.60445182944507, 50.19883100312456], [127.60417430924919, 50.1987377264528], [127.604454451068, 50.19874109239182], [127.60445182944507, 50.19883100312456]], [[127.55582127582825, 50.12943011897817], [127.55596384743963, 50.129341948666], [127.55596114140349, 50.12943185859052], [127.55582127582825, 50.12943011897817]], [[127.5598791293924, 50.13874469982047], [127.5600163230345, 50.13883634471689], [127.55987642979288, 50.1388346097535], [127.5598791293924, 50.13874469982047]], [[127.55986833091231, 50.13910433954357], [127.56029071189081, 50.13901963403285], [127.56069960099626, 50.13938447677142], [127.55986023190886, 50.1393740693201], [127.55986833091231, 50.13910433954357]], [[127.57347853809223, 50.17084236685255], [127.57376118971202, 50.170755895445126], [127.57375851309662, 50.170845805425635], [127.57347853809223, 50.17084236685255]], [[127.57743672888091, 50.174308743862206], [127.57757405695226, 50.1744003686228], [127.57743405882597, 50.17439865393103], [127.57743672888091, 50.174308743862206]], [[127.59337303514967, 50.19914708614608], [127.59351574880128, 50.19905887192446], [127.59351310660364, 50.19914878223195], [127.59337303514967, 50.19914708614608]], [[127.59263817860105, 50.20984131019132], [127.59276770285946, 50.210202647859916], [127.59262759909588, 50.210200950605845], [127.59263817860105, 50.20984131019132]], [[127.59220199647405, 50.21037567799626], [127.59233945526087, 50.21046728585388], [127.5921993507482, 50.210465588076985], [127.59220199647405, 50.21037567799626]], [[127.54899204102897, 50.244111977607105], [127.54940991312372, 50.24420713714137], [127.548989310852, 50.244201885469245], [127.54899204102897, 50.244111977607105]], [[127.46791963442405, 50.26177928279758], [127.46805699735603, 50.26187103606435], [127.46791674993302, 50.261869187068754], [127.46791963442405, 50.26177928279758]], [[127.36048664805341, 50.29323226393775], [127.36063007022567, 50.29314434432867], [127.36062698035703, 50.29323424344657], [127.36048664805341, 50.29323226393775]], [[127.32305662887185, 50.35547814366704], [127.32320030930502, 50.355390273712075], [127.32319714192542, 50.35548017016064], [127.32305662887185, 50.35547814366704]], [[127.34120807844447, 50.3792133293816], [127.34135179864305, 50.379125437715096], [127.3413486629021, 50.379215334625016], [127.34120807844447, 50.3792133293816]], [[127.34717506743355, 50.38559419840342], [127.34731254599173, 50.38568609369744], [127.34717194198154, 50.38568409547723], [127.34717506743355, 50.38559419840342]], [[127.345460763294, 50.42271555548562], [127.34574532257275, 50.42262966157233], [127.34574219030482, 50.422719558006], [127.345460763294, 50.42271555548562]], [[127.34473839092554, 50.42324492451059], [127.34501355353461, 50.42342872158908], [127.34473212242474, 50.423424717265895], [127.34473839092554, 50.42324492451059]], [[127.355628310344, 50.41368575075013], [127.3554907357133, 50.41359386477194], [127.35563142290026, 50.41359585372901], [127.355628310344, 50.41368575075013]], [[127.35683890880972, 50.43564842716296], [127.3565636300135, 50.43546465730366], [127.35684513417443, 50.4354686336923], [127.35683890880972, 50.43564842716296]], [[127.71478724307441, 50.456971589821215], [127.71464153092226, 50.45714985575796], [127.71450069199993, 50.45714829997742], [127.71450556628469, 50.456968478450314], [127.71478724307441, 50.456971589821215]], [[127.30086536489041, 50.449324878220104], [127.3010029340745, 50.44941682823648], [127.30086214461926, 50.4494147721757], [127.30086536489041, 50.449324878220104]], [[127.32578847818363, 50.44959625269998], [127.32592609716954, 50.44968817372152], [127.32578530510374, 50.449686147804094], [127.32578847818363, 50.44959625269998]], [[127.32059829027484, 50.44898180506813], [127.3207358972991, 50.449073732121754], [127.32059510743036, 50.44907169994313], [127.32059829027484, 50.44898180506813]], [[127.71740257885662, 50.45403250217752], [127.71754097756362, 50.454123965294414], [127.71740014746527, 50.45412241308943], [127.71740257885662, 50.45403250217752]], [[127.71871619625296, 50.452338157393974], [127.71885459263822, 50.452429618956394], [127.71871376749743, 50.452428068378396], [127.71871619625296, 50.452338157393974]], [[127.71900513060521, 50.45207152537812], [127.71914352678549, 50.45216298659933], [127.71900270242028, 50.45216143637682], [127.71900513060521, 50.45207152537812]], [[127.72631995833414, 50.447205248275786], [127.72617431993486, 50.44738352949564], [127.72603350936947, 50.44738198788558], [127.7260383382579, 50.4472021652456], [127.72631995833414, 50.447205248275786]], [[127.34718307791854, 50.44198737702125], [127.34732071724122, 50.44207927303728], [127.34717994622167, 50.44207727321947], [127.34718307791854, 50.44198737702125]], [[127.36272261892255, 50.43654084752037], [127.36286027322477, 50.43663272537062], [127.36271951726094, 50.43663074450418], [127.36272261892255, 50.43654084752037]], [[127.35654495053336, 50.436004037621466], [127.35668259116822, 50.43609592265933], [127.35654183723128, 50.436093934335716], [127.35654495053336, 50.436004037621466]], [[127.73426329627661, 50.42399801773782], [127.73427460347496, 50.428854793276365], [127.73385473342043, 50.428760286672016], [127.73370918101557, 50.42893857850914], [127.73383794676705, 50.42938966979711], [127.73355163419468, 50.429566429454916], [127.73353484304315, 50.43019581241869], [127.73379237998199, 50.43109799505684], [127.73351085464714, 50.43109493081254], [127.73364442135116, 50.431366198523705], [127.73336289444198, 50.43136313390972], [127.73320533441618, 50.43199098403578], [127.73292380384977, 50.43198791833218], [127.73320293485459, 50.43208089584248], [127.73318373792266, 50.43280019024291], [127.73290460275196, 50.43270721266657], [127.73274943242053, 50.43324515017987], [127.73302857042485, 50.433338128141386], [127.73246309232427, 50.43342190684027], [127.73244868560575, 50.433961377370196], [127.73202397040805, 50.43404668741947], [127.73201196041504, 50.43449624607325], [127.73158723965753, 50.43458155447898], [127.73172320737959, 50.43476291251814], [127.73116011374007, 50.43475677301573], [127.73114088403051, 50.43547606651536], [127.73029382577772, 50.435556763571256], [127.73014342741365, 50.43591487377632], [127.72943954374405, 50.435907189290845], [127.72942991555834, 50.436266835741385], [127.72900758230517, 50.43626222294824], [127.72885235553612, 50.43680015452419], [127.72814363998027, 50.43697228524295], [127.72813641122218, 50.4372420198979], [127.72642291636963, 50.43812265532906], [127.72641567753766, 50.43839238975024], [127.72585012796483, 50.438476135697194], [127.72598608452428, 50.43865750024131], [127.72541811618001, 50.438831155497525], [127.72540845652303, 50.43919080120501], [127.72456132286659, 50.439271455904176], [127.7241244593542, 50.43980629348657], [127.72370209547664, 50.43980166120476], [127.72270205943288, 50.44033031448262], [127.7218573229298, 50.44032103799197], [127.72102470352893, 50.43986219908919], [127.72131597047311, 50.439505648837276], [127.72173833132385, 50.43951028975989], [127.72176739346294, 50.438431354167484], [127.72218974482824, 50.43843599338069], [127.72232045933511, 50.43358077977937], [127.72203892052997, 50.43357768767106], [127.72191994060269, 50.43276693880715], [127.72294401426859, 50.43133917592446], [127.72268426338567, 50.43052688231494], [127.72282986192513, 50.430348604667245], [127.72212848317294, 50.430250965109536], [127.72199498554453, 50.42997968464573], [127.72202403202407, 50.42890074716873], [127.72230312315463, 50.4289937505814], [127.7224583968282, 50.42845582740214], [127.72330292241503, 50.428465097962984], [127.72334644454854, 50.42684669041927], [127.72378077790172, 50.4264017653271], [127.72364969836416, 50.42604057502776], [127.72424167903394, 50.42496781096387], [127.72410576742081, 50.424786444307166], [127.72467115638392, 50.424702705445966], [127.72472187064116, 50.42281456103208], [127.72514408358943, 50.42281918849264], [127.72524546231028, 50.41904289708807], [127.72454183004604, 50.41903518483127], [127.72497366548531, 50.41868016579832], [127.72442283920368, 50.41822443649292], [127.72444457378299, 50.41741523099644], [127.7238816874118, 50.41740905780006], [127.72402965602113, 50.417140866206324], [127.72361232662361, 50.416956411666895], [127.72362924136094, 50.416327029685064], [127.7233478046877, 50.41632394150292], [127.72308087232014, 50.41578138242991], [127.7227994389398, 50.41577829294539], [127.7228091103281, 50.41541864614816], [127.72309054157871, 50.41542173559344], [127.72282119928694, 50.41496908761828], [127.72310504509801, 50.41488226529431], [127.72312921664722, 50.41398314801053], [127.72284779391495, 50.41398005872217], [127.72285746432011, 50.413620411806406], [127.72243533350809, 50.413615776656684], [127.7227433495655, 50.41262983784], [127.72275543795047, 50.41218027910499], [127.72247402593888, 50.412177188992], [127.72249095288791, 50.41154780676943], [127.72277719626926, 50.41137107328863], [127.72250787923471, 50.410918424474254], [127.72253205868552, 50.410019306783774], [127.7233810890921, 50.40984875076035], [127.72339558644488, 50.40930927988063], [127.72311419136791, 50.409306191442425], [127.72311902478506, 50.409126367823625], [127.72382492526802, 50.40904417575814], [127.72398735735224, 50.40823651256103], [127.72469082953847, 50.40824422698347], [127.72470289761687, 50.40779466756696], [127.72498428391627, 50.40779775209623], [127.725139453584, 50.40725982266888], [127.72542083676386, 50.40726290611882], [127.72557117593367, 50.406904799875726], [127.72599324763917, 50.406909423205875], [127.72609450167216, 50.40313312017295], [127.72569416515314, 50.40231928945853], [127.72584448594213, 50.401961182430796], [127.72556313410688, 50.401958100238595], [127.72571586582426, 50.4015100813379], [127.72515557976028, 50.40141400368958], [127.72532278437663, 50.40042651318632], [127.72462908008265, 50.40005915543839], [127.72491765811057, 50.399792503756025], [127.72519899705568, 50.39979558741396], [127.72506797638945, 50.39943439756316], [127.72537101755489, 50.39862827242668], [127.72495384413546, 50.39844382330652], [127.72496590553085, 50.39799426308262], [127.72427947972547, 50.397357167247094], [127.7241870902256, 50.395557383559115], [127.72460906094301, 50.39556201116145], [127.72476901707563, 50.394844256678546], [127.72468143688351, 50.39286464828078], [127.72552533078884, 50.392873898013804], [127.72553979508189, 50.392334425101495], [127.72596173741432, 50.39233904758479], [127.72615057474054, 50.39054234425512], [127.7268561937175, 50.390460131424014], [127.7268706416715, 50.389920658007725], [127.72813640538995, 50.38993450590967], [127.72772410938525, 50.38957024238126], [127.72773373453448, 50.38921059326651], [127.72731663377091, 50.38902615287944], [127.72732866879728, 50.38857659151112], [127.72761475449859, 50.38839984426891], [127.72733348272223, 50.38839676695343], [127.72735995843513, 50.38740773178017], [127.72707869255524, 50.38740465389222], [127.7270835072254, 50.38722482931556], [127.72736236524474, 50.38731781948282], [127.72751021749538, 50.38704962125131], [127.72709313641897, 50.38686518014444], [127.72697417245412, 50.38605443029711], [127.7274080923043, 50.38560948555147], [127.72782997526927, 50.38561410081556], [127.72782275789255, 50.38588383783158], [127.72852590039838, 50.38589152661222], [127.72865210342056, 50.38643253802619], [127.72921222084022, 50.386528597804016], [127.72906437982579, 50.38679679830691], [127.72947906531044, 50.38707114477619], [127.72946464841046, 50.387610619004036], [127.72988895151627, 50.387525314559014], [127.72973390400784, 50.38806325299673], [127.73001277221587, 50.38815623687188], [127.72986012611311, 50.38860426304805], [127.72957645015471, 50.388691103507355], [127.72956683912112, 50.38905075291138], [127.7298385059074, 50.38941347427489], [127.72968825653275, 50.38977158774446], [127.72994791745765, 50.39058387052409], [127.73051288862983, 50.39050009966623], [127.73023880900469, 50.39022729221319], [127.7306631342149, 50.3901419851461], [127.73108025789394, 50.39032641366773], [127.73106585749717, 50.39086588792659], [127.73077736879765, 50.39113255592765], [127.72979526252998, 50.39103189636873], [127.72994311304754, 50.39076369519612], [127.72895861221039, 50.39075294095808], [127.72896342034223, 50.390573116354325], [127.7279909532454, 50.39011279249006], [127.72784068768895, 50.39047090340954], [127.72812197179084, 50.3904739795897], [127.7285318736876, 50.39092815401747], [127.72838401471184, 50.391196353325086], [127.72866770782979, 50.39110951593935], [127.7289369750124, 50.3915621516017], [127.72963059026526, 50.39192948350376], [127.72948513744883, 50.39210777188901], [127.72976402874217, 50.39220075647142], [127.7297520151975, 50.39265031798275], [127.73045525830125, 50.3926579958431], [127.73058149987358, 50.39319900484532], [127.73128235142543, 50.393296590093975], [127.73113690048933, 50.39347488051881], [127.73141580305916, 50.39356786120335], [127.73140380455206, 50.39401742289596], [127.73210466992015, 50.39411500327909], [127.73195442205494, 50.39447311940874], [127.73223333208189, 50.39456609817306], [127.73221894260453, 50.39510557227728], [127.73264091062568, 50.39511017071695], [127.73262892304811, 50.395559732502726], [127.73304849841325, 50.39565424185242], [127.73299816375915, 50.39754240122393], [127.7334201535396, 50.39754699699696], [127.73352966841408, 50.39871738907022], [127.73320759025829, 50.40024283493267], [127.73332908845049, 50.40096366523074], [127.73290227336689, 50.40113889345879], [127.7328399341587, 50.40347661214126], [127.73312129577741, 50.403479676802014], [127.73310930918416, 50.403929238021014], [127.7336480744301, 50.40483448792033], [127.73393184004483, 50.40474763843078], [127.73405815087264, 50.40528864309183], [127.7343419184837, 50.405201792623174], [127.73419404627538, 50.405469998584365], [127.73488550964856, 50.405927212363274], [127.73487353870527, 50.40637677369839], [127.73570810529813, 50.40674560042288], [127.73581530107121, 50.40800590137582], [127.736513990551, 50.40819336884342], [127.73645181344406, 50.41053108793456], [127.73687152834765, 50.410625584296476], [127.73683327400933, 50.412064180372184], [127.73654946961855, 50.41215103654675], [127.73654229495033, 50.41242077323523], [127.73682370993863, 50.41242382933192], [127.73681175457683, 50.41287339049829], [127.73652794528562, 50.412960246572226], [127.73652077028915, 50.413229983220745], [127.73679740774162, 50.41341286384911], [127.73636570849936, 50.41376792810151], [127.7363585323761, 50.41403766469551], [127.73663756538963, 50.414130633511874], [127.73635374823313, 50.41421748908412], [127.73648489366565, 50.41457866626356], [127.73592203828103, 50.41457255156273], [127.73589571530538, 50.41556158536896], [127.73574542514038, 50.41591970480799], [127.73546398955902, 50.41591664595075], [127.73544723187682, 50.41654603086355], [127.73516579261695, 50.416542971257705], [127.73515860897324, 50.416812707597565], [127.73544004983049, 50.41681576723255], [127.73514903061118, 50.41717235602999], [127.73528017460681, 50.41753353438016], [127.73499872951406, 50.41753047432713], [127.73513226800894, 50.41780174072974], [127.73470770252344, 50.417887061920226], [127.73412803199102, 50.41851032271193], [127.73409447753916, 50.41976909125187], [127.73381062195762, 50.41985594025088], [127.73422082705024, 50.42031009467774], [127.73380103235375, 50.420215588307066], [127.7337890450747, 50.420665148343964], [127.7342136370794, 50.420579830743634], [127.73420165355105, 50.42102939082388], [127.73476218940317, 50.42112542644174], [127.73419686005442, 50.42120921484561], [127.73447593062585, 50.42130218901719], [127.73460468429197, 50.42175327993733], [127.73431123127774, 50.4221997780745], [127.73486938555337, 50.42238572526514], [127.73470948142722, 50.42310349075035], [127.73428247086191, 50.42327872194353], [127.7345471759515, 50.4239111678732], [127.73426329627661, 50.42399801773782]], [[127.72254834223116, 50.43034551393377], [127.72240516253274, 50.43043387976727], [127.72240758240264, 50.43034396831168], [127.72254834223116, 50.43034551393377]], [[127.72240516253274, 50.43043387976727], [127.72226198230146, 50.43052224541922], [127.72226440245011, 50.43043233397003], [127.72240516253274, 50.43043387976727]], [[127.7230760376171, 50.41596120583926], [127.72293290275222, 50.41604957286981], [127.72293532038836, 50.41595966117227], [127.7230760376171, 50.41596120583926]], [[127.72297641832297, 50.41443116208731], [127.7228308702328, 50.41460944076771], [127.72283570563202, 50.41442961733354], [127.72297641832297, 50.41443116208731]], [[127.72542566110128, 50.40708308227511], [127.72528738245383, 50.40699162872579], [127.72542807325162, 50.40699317035103], [127.72542566110128, 50.40708308227511]], [[127.7252849700374, 50.40708154064497], [127.725141866291, 50.40716991075756], [127.72514427898577, 50.40707999884474], [127.7252849700374, 50.40708154064497]], [[127.72557519124275, 50.40150854018122], [127.72543210500487, 50.401596910864036], [127.72543451667356, 50.40150699885449], [127.72557519124275, 50.40150854018122]], [[127.72506315200773, 50.399614221619544], [127.72492007059805, 50.39970259173643], [127.72492248307327, 50.39961267971534], [127.72506315200773, 50.399614221619544]], [[127.73425677525967, 50.41896141414841], [127.73439510580343, 50.4190528572391], [127.73425437879764, 50.41905132619406], [127.73425677525967, 50.41896141414841]], [[127.73409687436492, 50.419679179222925], [127.73423999976971, 50.41959079843687], [127.73423760322243, 50.419680710472164], [127.73409687436492, 50.419679179222925]], [[127.7344040379414, 50.42399954888003], [127.73454238327307, 50.424090991829374], [127.73440164132974, 50.42408946085251], [127.7344040379414, 50.42399954888003]], [[127.71850751839763, 50.43920493664725], [127.7186458765367, 50.4392963983688], [127.71850509037857, 50.43929484782832], [127.71850751839763, 50.43920493664725]], [[127.35791749549762, 50.432965435220424], [127.35805513015464, 50.43305731862112], [127.35791438513033, 50.43305533204371], [127.35791749549762, 50.432965435220424]], [[127.35838637144789, 50.43162294160592], [127.35838015276954, 50.43180273533486], [127.35809867012972, 50.43179876286712], [127.35810178000935, 50.43170886601603], [127.35838637144789, 50.43162294160592]], [[127.71979631217714, 50.433193281017594], [127.72007542392899, 50.43328628986434], [127.71979388711695, 50.43328319233733], [127.71979631217714, 50.433193281017594]], [[127.34384706190859, 50.42458135247721], [127.34398464500775, 50.42467325215078], [127.34384392583019, 50.42467124879441], [127.34384706190859, 50.42458135247721]], [[127.34486970396355, 50.42351661589424], [127.34500728603469, 50.423608514363664], [127.34486656993947, 50.42360651227441], [127.34486970396355, 50.42351661589424]], [[127.7233633687471, 50.426217309578185], [127.72350169895549, 50.42630876551136], [127.72336095104131, 50.42630722113136], [127.7233633687471, 50.426217309578185]], [[127.36379571808216, 50.41766838501416], [127.36393332063362, 50.41776026137536], [127.363792620528, 50.41775828233926], [127.36379571808216, 50.41766838501416]], [[127.35142667771781, 50.41713397724366], [127.35156425446381, 50.41722586799815], [127.35142355681299, 50.41722387401997], [127.35142667771781, 50.41713397724366]], [[127.73461187234119, 50.421483543885394], [127.73475021083536, 50.42157498657477], [127.73460947633697, 50.42157345590419], [127.73461187234119, 50.421483543885394]], [[127.72294548205447, 50.420816435651396], [127.72308137812628, 50.42099780366626], [127.72294064597497, 50.4209962588948], [127.72294548205447, 50.420816435651396]], [[127.73449510015669, 50.420582892828804], [127.73463103993656, 50.420764247681824], [127.73449030784707, 50.42076271688479], [127.73449510015669, 50.420582892828804]], [[127.73437353949353, 50.41986206562708], [127.73436874684623, 50.420041889697025], [127.73408728698877, 50.42003882732983], [127.73409208070122, 50.41985900327934], [127.73437353949353, 50.41986206562708]], [[127.72002162691531, 50.41961510645905], [127.72015993161473, 50.41970656627408], [127.72001920344977, 50.419705017997636], [127.72002162691531, 50.41961510645905]], [[127.73425198232346, 50.41914123823823], [127.7343903133754, 50.41923268133568], [127.73424958583705, 50.419231150280915], [127.73425198232346, 50.41914123823823]], [[127.35891693342505, 50.41220319793752], [127.359213828092, 50.41175768127735], [127.35920451132091, 50.41202737290584], [127.35891693342505, 50.41220319793752]], [[127.73604600315817, 50.415203465697275], [127.736184326372, 50.41529490666248], [127.73604361040228, 50.41529337786337], [127.73604600315817, 50.415203465697275]], [[127.72416910007449, 50.40670955395149], [127.72374703044382, 50.40670492401696], [127.72402116582546, 50.4069777464443], [127.72288838991174, 50.40723513057515], [127.72287872193131, 50.40759477789209], [127.72189387511276, 50.407583961270795], [127.7218987128528, 50.407404137683955], [127.72259975461027, 50.40750177646216], [127.72260700717372, 50.40723204100166], [127.72162216797769, 50.407221222136336], [127.72149115514037, 50.40686002875935], [127.72092839446249, 50.406853842206594], [127.7209574413351, 50.4057749008668], [127.72039953672717, 50.4055888882902], [127.72027580269337, 50.40495795821958], [127.72055959289014, 50.40487114154422], [127.72013996214793, 50.40477658686376], [127.72056201405803, 50.404781229756196], [127.72085548505407, 50.40433476515588], [127.72058864609279, 50.40379219999001], [127.72049638842462, 50.401992416283655], [127.72062980176374, 50.40226369908957], [127.72147386122313, 50.402272979457265], [127.7216290513525, 50.401735054375465], [127.7219104014365, 50.4017381460718], [127.72192974783852, 50.40101885095763], [127.72277620226654, 50.400938209804224], [127.72278586873975, 50.40057856208793], [127.72334613998234, 50.40067465105421], [127.72360574838933, 50.40148694613101], [127.72388709722121, 50.4014900330361], [127.723734348373, 50.40193804940772], [127.72415396154204, 50.40203259103162], [127.72414913325719, 50.40221241494333], [127.72357435078509, 50.402655801312], [127.72439186691051, 50.40365409180333], [127.7243773837761, 50.40419356341944], [127.72507114587151, 50.404560922851495], [127.72519976758115, 50.40501202444137], [127.72490391990073, 50.405548412156094], [127.7244770328172, 50.4057236087895], [127.7241763435257, 50.40643981828923], [127.72389738034742, 50.40634681998512], [127.72416910007449, 50.40670955395149]], [[127.72053780182537, 50.405680347569835], [127.72025400672884, 50.405767164143434], [127.72025642855189, 50.405677252380045], [127.72053780182537, 50.405680347569835]], [[127.7244697912569, 50.405993344516695], [127.7246080654424, 50.406084799019645], [127.72446737737894, 50.4060832564228], [127.7244697912569, 50.405993344516695]], [[127.72120251437835, 50.40712667115423], [127.72134078546091, 50.40721812950107], [127.72120009422093, 50.40721658292829], [127.72120251437835, 50.40712667115423]], [[127.72479701810445, 50.40428810284701], [127.72493528802455, 50.4043795569547], [127.72479460499164, 50.40437801479106], [127.72479701810445, 50.40428810284701]], [[127.71917456497219, 50.40404645353073], [127.71931282325158, 50.40413791423854], [127.71917214124235, 50.40413636528148], [127.71917456497219, 50.40404645353073]], [[127.71932009360604, 50.4038681789671], [127.71918183608778, 50.40377671826961], [127.7193225170329, 50.403778267206995], [127.71932009360604, 50.4038681789671]], [[127.71932736384963, 50.40359844368235], [127.71960872471264, 50.40360154102723], [127.71960630184249, 50.403691452800125], [127.7193225170329, 50.403778267206995], [127.71932736384963, 50.40359844368235]], [[127.72440152208809, 50.40329444402961], [127.72453737485958, 50.40347581054435], [127.72439669452383, 50.403474267919435], [127.72440152208809, 50.40329444402961]], [[127.72398672639926, 50.40302007936204], [127.72455909611816, 50.40266660294944], [127.7244135907841, 50.40284488427913], [127.7246949477435, 50.40284796929035], [127.72469012136598, 50.40302779321458], [127.72398672639926, 50.40302007936204]], [[127.7246949477435, 50.40284796929035], [127.72483803914592, 50.402759599571624], [127.7248356262416, 50.40284951154086], [127.7246949477435, 50.40284796929035]], [[127.72567969748764, 50.4028587614723], [127.7258155539504, 50.40304012653482], [127.72567487483445, 50.40303858546505], [127.72567969748764, 50.4028587614723]], [[127.72414671909637, 50.40230232689696], [127.72428498204222, 50.40239378175541], [127.72414430492329, 50.40239223884911], [127.72414671909637, 50.40230232689696]], [[127.35806633009102, 50.39609173022239], [127.35820075413083, 50.396273510385996], [127.35806011803716, 50.39627152502632], [127.35806633009102, 50.39609173022239]], [[127.7229313730469, 50.40040028272003], [127.72306962816008, 50.40049173899315], [127.72292895673759, 50.40049019465919], [127.7229313730469, 50.40040028272003]], [[127.72479629034068, 50.399071665512885], [127.72493454526543, 50.39916311958773], [127.72479387767306, 50.399161577537946], [127.72479629034068, 50.399071665512885]], [[127.3556375402872, 50.39308935350619], [127.35577505678104, 50.393181239050456], [127.35563443000623, 50.39317925084614], [127.3556375402872, 50.39308935350619]], [[127.72066099113515, 50.39587840843054], [127.72079680887275, 50.396059779273045], [127.72065615069073, 50.39605823228873], [127.72066099113515, 50.39587840843054]], [[127.72053001530216, 50.39551721357148], [127.72080890856199, 50.39561021959189], [127.72052759486938, 50.39560712550233], [127.72053001530216, 50.39551721357148]], [[127.35140908978475, 50.38925195364099], [127.35154658705866, 50.38934384405624], [127.35140597193242, 50.389341850849625], [127.35140908978475, 50.38925195364099]], [[127.34990913707706, 50.38788155995371], [127.35004350722116, 50.38806334926336], [127.34990289598804, 50.38806135427636], [127.34990913707706, 50.38788155995371]], [[127.72840085083067, 50.39056696737447], [127.72853908833291, 50.390658417162406], [127.72839844570751, 50.39065687965756], [127.72840085083067, 50.39056696737447]], [[127.72998394897725, 50.38923518529503], [127.73081577797228, 50.3896939580125], [127.73010297129389, 50.39004593207317], [127.72983370128297, 50.38959329897568], [127.72998394897725, 50.38923518529503]], [[127.72758106343947, 50.38965861618512], [127.72771689039496, 50.38983997920178], [127.72757625023539, 50.38983844072089], [127.72758106343947, 50.38965861618512]], [[127.74326819694663, 50.38695113804181], [127.74340645298074, 50.387042570348605], [127.74326582024416, 50.38704105089655], [127.74326819694663, 50.38695113804181]], [[127.72727468512963, 50.38533820981941], [127.72726987150462, 50.38551803446807], [127.72698861681175, 50.38551495644533], [127.72699102416189, 50.3854250441315], [127.72727468512963, 50.38533820981941]], [[127.72783719253596, 50.385344363786196], [127.72783238103703, 50.38552418847392], [127.72755112624637, 50.38552111181093], [127.72755353253346, 50.38543119947757], [127.72783719253596, 50.385344363786196]], [[127.72091712619311, 50.38113128554519], [127.72119593636295, 50.38122429023175], [127.7209147077271, 50.38122119771319], [127.72091712619311, 50.38113128554519]], [[127.33771001403632, 50.37466629465412], [127.33784744294552, 50.3747582008145], [127.3377068719094, 50.37475619146749], [127.33771001403632, 50.37466629465412]], [[127.33621405518325, 50.373205832598494], [127.33649204363641, 50.373299751422365], [127.33621091039232, 50.37329572936632], [127.33621405518325, 50.373205832598494]], [[127.71826479010444, 50.375166123191626], [127.71840296367007, 50.37525758477768], [127.71826236713704, 50.37525603535919], [127.71826479010444, 50.375166123191626]], [[127.72272710205552, 50.37134784485474], [127.72188842250445, 50.371158752960035], [127.72189808548198, 50.37079910351709], [127.72161691839547, 50.37079601315616], [127.72163383185124, 50.37016662664263], [127.7213526685313, 50.370163535670855], [127.72150049942154, 50.36989534415693], [127.72122417154428, 50.36971242816388], [127.7212410895451, 50.369083041628855], [127.72167490488324, 50.36863811623597], [127.7219560592247, 50.3686412063615], [127.72194398194436, 50.36909076833931], [127.72278503932857, 50.369189947206706], [127.72277296964575, 50.369639509287104], [127.72347587068508, 50.369647226801696], [127.72360197646465, 50.37018824441892], [127.72430488583737, 50.370195956984176], [127.72443582423301, 50.370557148824744], [127.72471699021658, 50.37056023236111], [127.72428077402553, 50.371095081483624], [127.72453783544557, 50.371997289867615], [127.72481659964234, 50.37209028566734], [127.72479490631238, 50.372899497619635], [127.7250712663658, 50.37308240527265], [127.72504957660419, 50.37389161716632], [127.72475151667727, 50.37451792116417], [127.72362434668354, 50.37459549494362], [127.72377217905398, 50.37432730074964], [127.72335763663203, 50.37405293442931], [127.72392000973285, 50.37405910634304], [127.72392483406392, 50.37387928157237], [127.72364364855133, 50.3738761959749], [127.72365088654956, 50.37360645883718], [127.72296482449512, 50.37296935540864], [127.72297447995614, 50.37260970592742], [127.72256720072103, 50.37206559973622], [127.72272710205552, 50.37134784485474]], [[127.72295516883797, 50.37332900486616], [127.7225358103548, 50.37323446038799], [127.72254305446944, 50.372964723336736], [127.72296482449512, 50.37296935540864], [127.72295516883797, 50.37332900486616]], [[127.71913015970397, 50.37436620728423], [127.71926833265732, 50.374457667849455], [127.71912773844089, 50.37445611949463], [127.71913015970397, 50.37436620728423]], [[127.72226670492435, 50.372781809750684], [127.72240487943132, 50.372873266624495], [127.72226428972512, 50.37287172209576], [127.72226670492435, 50.372781809750684]], [[127.72255995697434, 50.37233533683193], [127.72241453909234, 50.37251361721575], [127.72241936884924, 50.37233379250249], [127.72255995697434, 50.37233533683193]], [[127.72241936884924, 50.37233379250249], [127.72228119586208, 50.3722423356492], [127.72242178370931, 50.372243880143614], [127.72241936884924, 50.37233379250249]], [[127.73860623423649, 50.36648458327548], [127.73874203890689, 50.36666593394495], [127.73860146665166, 50.36666440929764], [127.73860623423649, 50.36648458327548]], [[127.73923760517442, 50.358576804566475], [127.73937577191812, 50.35866824143034], [127.73923522324924, 50.35866671772304], [127.73923760517442, 50.358576804566475]], [[127.73924951461902, 50.35812723876149], [127.73938768009637, 50.35821867560856], [127.73924713275429, 50.35821715192545], [127.73924951461902, 50.35812723876149]], [[127.72165660010305, 50.35361809252335], [127.72179471846508, 50.3537095499881], [127.7216541853927, 50.35370800514487], [127.72165660010305, 50.35361809252335]], [[127.73883504422538, 50.352546524494095], [127.7389660470885, 50.35290770150764], [127.7385420694498, 50.35299304198821], [127.73855398310387, 50.35254347586955], [127.73883504422538, 50.352546524494095]], [[127.73871119040929, 50.35191560760456], [127.73827292203077, 50.352540426565916], [127.73785133051186, 50.352535851337166], [127.7380085470411, 50.35190798409039], [127.73871119040929, 50.35191560760456]], [[127.73734883207207, 50.35028191859603], [127.73748697136041, 50.35037335762507], [127.73734644728076, 50.350371831816176], [127.73734883207207, 50.35028191859603]], [[127.32242364670344, 50.34152796664047], [127.3225577844876, 50.34170978676253], [127.32241731210998, 50.34170775989544], [127.32242364670344, 50.34152796664047]], [[127.73717511142704, 50.34623277047643], [127.73730608516345, 50.3465939495208], [127.73716557224685, 50.346592423575764], [127.73717511142704, 50.34623277047643]], [[127.73984245901929, 50.3463516474082], [127.74012586294123, 50.346264779270875], [127.74026161715305, 50.34644612839753], [127.73998059188476, 50.346443083486044], [127.73984245901929, 50.3463516474082]], [[127.73929231361194, 50.34589598812579], [127.7394304441029, 50.34598742484647], [127.73928993286107, 50.34598590148134], [127.73929231361194, 50.34589598812579]], [[127.73662737889578, 50.34568718549924], [127.73676550361243, 50.345778625346185], [127.73662499313085, 50.34577709876581], [127.73662737889578, 50.34568718549924]], [[127.737610950665, 50.34569786796363], [127.73774907732259, 50.34578930665634], [127.73760856675625, 50.345787781264086], [127.737610950665, 50.34569786796363]], [[127.73920418194218, 50.3439163705055], [127.73919942042984, 50.34409619727058], [127.73892079043586, 50.3440032365226], [127.73892317171625, 50.343913323148996], [127.73920418194218, 50.3439163705055]], [[127.73336037899014, 50.341694316694706], [127.7334889204803, 50.342145413216045], [127.73334842089542, 50.34214388275637], [127.73336037899014, 50.341694316694706]], [[127.72034000052699, 50.33984290167039], [127.7204780768636, 50.339934360589574], [127.72033758451072, 50.33993281445986], [127.72034000052699, 50.33984290167039]], [[127.73116511381599, 50.3396917172481], [127.73130321074517, 50.33978316346675], [127.73116271824716, 50.33978163041821], [127.73116511381599, 50.3396917172481]], [[127.73088652547342, 50.3395987374898], [127.73102462159521, 50.339690184034716], [127.73088412938662, 50.339688650651645], [127.73088652547342, 50.3395987374898]], [[127.33211554098969, 50.33366254651792], [127.33254318368415, 50.33348879633807], [127.33251800491017, 50.33420797403354], [127.3319562011245, 50.334199914536626], [127.33197194327407, 50.333750428616355], [127.33239014451377, 50.33384637060382], [127.33239643970492, 50.33366657618967], [127.33211554098969, 50.33366254651792]], [[127.61444394256691, 50.33754991795762], [127.61458180641107, 50.33764150091797], [127.61444132686744, 50.33763982691271], [127.61444394256691, 50.33754991795762]], [[127.62512819208453, 50.33740693034056], [127.62498511682382, 50.33749517843745], [127.6249929041396, 50.33722545036364], [127.62512819208453, 50.33740693034056]], [[127.61389249249014, 50.33718358451092], [127.61403035421436, 50.33727516811339], [127.61388987578383, 50.337273493450745], [127.61389249249014, 50.33718358451092]], [[127.62878584029129, 50.33727024453625], [127.62892114290126, 50.33745172021657], [127.62878066307042, 50.33745006353789], [127.62878584029129, 50.33727024453625]], [[127.61769062668118, 50.3370489225385], [127.61782849541474, 50.33714050169585], [127.61768801715608, 50.33713883162458], [127.61769062668118, 50.3370489225385]], [[127.63975096883269, 50.337129225421066], [127.63974583303018, 50.337309045248446], [127.6394648729561, 50.337305757880856], [127.63946744139388, 50.337215847978335], [127.63975096883269, 50.337129225421066]], [[127.63005791304964, 50.337015419786574], [127.63019580575919, 50.33710698447064], [127.63005532687015, 50.33710532933991], [127.63005791304964, 50.337015419786574]], [[127.61236033145252, 50.3367156076537], [127.61263866582996, 50.33680886937744], [127.61235771189779, 50.336805516542526], [127.61236033145252, 50.3367156076537]], [[127.64102041602153, 50.3369641901559], [127.64101528504112, 50.33714401008309], [127.64073432579251, 50.33714072579027], [127.64073689181922, 50.337050815837856], [127.64102041602153, 50.3369641901559]], [[127.63132997244357, 50.336760580997414], [127.63132480492004, 50.33694040020605], [127.63090595413057, 50.33684552882038], [127.63090853868076, 50.33675561923106], [127.63132997244357, 50.336760580997414]], [[127.33509326297494, 50.33289574820914], [127.33523056812852, 50.33298765686076], [127.33509012056204, 50.33298564555221], [127.33509326297494, 50.33289574820914]], [[127.62697516259303, 50.33670923578029], [127.62711304842813, 50.33680080406988], [127.62697257062318, 50.336799145222436], [127.62697516259303, 50.33670923578029]], [[127.63161351156313, 50.33667397837631], [127.63203236231051, 50.33676884721483], [127.63161092835102, 50.33676388799335], [127.63161351156313, 50.33667397837631]], [[127.72068378305067, 50.33750826044882], [127.72067653751185, 50.33777799895783], [127.7199741076158, 50.33777026804954], [127.7201218422898, 50.33750207612042], [127.72068378305067, 50.33750826044882]], [[127.63231848211032, 50.33659233322612], [127.63245637801019, 50.336683895260855], [127.63231590023625, 50.33668224287091], [127.63231848211032, 50.33659233322612]], [[127.63499271065926, 50.33644388003097], [127.63485481050964, 50.33635232096702], [127.6349952874593, 50.33635397028219], [127.63499271065926, 50.33644388003097]], [[127.6349952874593, 50.33635397028219], [127.63513834094402, 50.33626570967219], [127.63513576442205, 50.33635561942769], [127.6349952874593, 50.33635397028219]], [[127.6368240623368, 50.33628548612229], [127.63696196612729, 50.3363770428805], [127.63682148899466, 50.336375395940536], [127.6368240623368, 50.33628548612229]], [[127.63022683586699, 50.33602806966892], [127.63037248256026, 50.33584990540195], [127.63079390821618, 50.3358548690467], [127.63022683586699, 50.33602806966892]], [[127.61126797743242, 50.33562328329869], [127.61140582959091, 50.33571486995853], [127.61126535591754, 50.3357131921629], [127.61126797743242, 50.33562328329869]], [[127.60749097217338, 50.33503846648033], [127.60762881530839, 50.33513005755369], [127.60748834358455, 50.33512837520959], [127.60749097217338, 50.33503846648033]], [[127.60903615895477, 50.335056962876315], [127.60917400515096, 50.33514855214227], [127.60903353328044, 50.33514687166426], [127.60903615895477, 50.335056962876315]], [[127.71959615956774, 50.336147196920784], [127.71986987211714, 50.33642002912194], [127.71931036203031, 50.33632392814883], [127.71932245013723, 50.33587436408651], [127.72002001934281, 50.336061924399885], [127.71959615956774, 50.336147196920784]], [[127.60398446042572, 50.33481653568158], [127.60397919004055, 50.33499635287737], [127.60370088355995, 50.33490307062235], [127.60370351927577, 50.33481316203441], [127.60398446042572, 50.33481653568158]], [[127.6347452605127, 50.33527175450595], [127.63488315736153, 50.33536331368944], [127.63474268333971, 50.335361664262194], [127.6347452605127, 50.33527175450595]], [[127.63475041481952, 50.335091934988995], [127.63488831116454, 50.335183494165], [127.63474783767265, 50.33518184474821], [127.63475041481952, 50.335091934988995]], [[127.6053944320106, 50.334653576430256], [127.60553226996468, 50.33474516995275], [127.60539179950091, 50.33474348508538], [127.6053944320106, 50.334653576430256]], [[127.6121396363806, 50.334644349539474], [127.61241795829231, 50.334737611720904], [127.61213701660179, 50.33473425845209], [127.6121396363806, 50.334644349539474]], [[127.61116420755788, 50.334362881157055], [127.611302055915, 50.33445446792766], [127.61116158596434, 50.3344527900369], [127.61116420755788, 50.334362881157055]], [[127.73028954002693, 50.335634888536326], [127.73042762363589, 50.33572633575637], [127.73028714315016, 50.335724801739005], [127.73028954002693, 50.335634888536326]], [[127.73057289681512, 50.33554804317774], [127.73016104534479, 50.33518378834285], [127.73044200312393, 50.335186856488825], [127.73057289681512, 50.33554804317774]], [[127.33645462228426, 50.33012702364565], [127.33659192225055, 50.33021893067865], [127.33645148274842, 50.33021692109387], [127.33645462228426, 50.33012702364565]], [[127.6176597479233, 50.33327106955836], [127.61793807293688, 50.33336431856909], [127.61765713868951, 50.333360978702004], [127.6176597479233, 50.33327106955836]], [[127.61583629271585, 50.333159434875505], [127.61597414673108, 50.33325101617004], [127.61583368005122, 50.33324934395172], [127.61583629271585, 50.333159434875505]], [[127.61611722555898, 50.3331627791319], [127.61639554685024, 50.333256031807174], [127.61611461342422, 50.33325268821872], [127.61611722555898, 50.3331627791319]], [[127.61852080237344, 50.332651722822355], [127.61822683171967, 50.33309793025867], [127.61667648032926, 50.33325937471711], [127.61612244978876, 50.33298296095377], [127.61541750699679, 50.333064508156895], [127.61528749561153, 50.33270319902979], [127.61458778559361, 50.33260492312288], [127.61389854353338, 50.332147006962465], [127.61305838172582, 50.332047047235754], [127.6130636172935, 50.33186722925539], [127.61263699289425, 50.33204201959235], [127.61250438648747, 50.33177061646296], [127.61208561980452, 50.33167567787521], [127.61209347853962, 50.331405950996114], [127.61167209555025, 50.3314009199023], [127.61140427787217, 50.33094802029625], [127.61169829841656, 50.330501830367616], [127.61086079228284, 50.33031194605856], [127.61087127930777, 50.32995231031852], [127.61032256655969, 50.329496051486444], [127.6102004718715, 50.328865010062856], [127.61104581389037, 50.328785172062176], [127.61103794995513, 50.329054898943824], [127.61188329406868, 50.32897505487221], [127.61215372486697, 50.329338044475335], [127.61327474754424, 50.32944136132181], [127.61382610437518, 50.32980769739933], [127.61467145760587, 50.32972783313532], [127.61466622850321, 50.329907651304445], [127.61508498504338, 50.33000258053951], [127.61482237082167, 50.329369870295785], [127.61384180097977, 50.32926824305622], [127.61371704388361, 50.32872711399244], [127.61301216039192, 50.32880864715253], [127.61259865528311, 50.328533892503835], [127.61175594004153, 50.32852383286422], [127.61118888814573, 50.328696940987925], [127.6111941301464, 50.32851712304571], [127.60768545072895, 50.32838521635818], [127.6075502545795, 50.328203716570734], [127.60670228811023, 50.32837343800261], [127.60642927450124, 50.32810034484656], [127.60473333167123, 50.32843976508773], [127.60474123112223, 50.32817003889947], [127.60362816412473, 50.327796914068124], [127.60321999434932, 50.32734230914724], [127.60293646089914, 50.32742884268886], [127.60305845591476, 50.32805989106499], [127.60376070915203, 50.3280683269922], [127.6038932556614, 50.32833973976528], [127.60417415866578, 50.32834311264187], [127.60416625595637, 50.328612838756946], [127.60403107266897, 50.32843133498956], [127.60304263790337, 50.328599343051714], [127.60291009556741, 50.32832792935478], [127.6012246797891, 50.32830766360213], [127.60123259906365, 50.328037937811004], [127.60053034703132, 50.328029486619755], [127.60040574438676, 50.32748834444301], [127.59984659171134, 50.32739167133219], [127.60014069728969, 50.326945511085206], [127.5988766734405, 50.32693028425674], [127.59860900227702, 50.32647735605618], [127.59973521058727, 50.32640098562539], [127.60001345977811, 50.32649427702994], [127.6000028920958, 50.32685391132398], [127.60028378587555, 50.32685729352657], [127.6002890686842, 50.3266774763611], [127.60128011217911, 50.32641958278081], [127.60127483315839, 50.32659940003037], [127.60211487267358, 50.32669944400322], [127.60279864888354, 50.32733724619301], [127.60280655897651, 50.32706752017559], [127.60323317379819, 50.32689276569703], [127.6029628248929, 50.32652975587306], [127.60310854310656, 50.326351626084424], [127.60394067892545, 50.32672138298426], [127.60393540988784, 50.32690120042834], [127.60464027951308, 50.32681972217175], [127.60561551513128, 50.32710124405134], [127.6053556741326, 50.32637860450026], [127.60563919701877, 50.326292064955155], [127.6059490253957, 50.32530643655997], [127.6052283885191, 50.3259273757141], [127.60480442240055, 50.326012228907956], [127.60479652391166, 50.32628195520411], [127.60521786040512, 50.326287010842776], [127.6052099641794, 50.32655673717356], [127.60436201915073, 50.32672644175581], [127.60409956501063, 50.32609370827204], [127.60354042079197, 50.325997052978494], [127.60327007447594, 50.32563404383718], [127.59990471890524, 50.325413682734094], [127.59992585445765, 50.324694413973084], [127.59965290066899, 50.32442130523262], [127.59826172944648, 50.32395483768153], [127.59799143486991, 50.32359181657129], [127.59714351818057, 50.32376146881143], [127.59727336852235, 50.32412279742043], [127.59796233425679, 50.324580810463914], [127.59766822343734, 50.32502696532864], [127.59598822686954, 50.32482680766893], [127.59585838449281, 50.324465477732346], [127.59529927684086, 50.32436878307332], [127.5954688688622, 50.323381487019454], [127.59589017803543, 50.32338657624497], [127.59590607408072, 50.322847125420296], [127.59632737860909, 50.322852213022834], [127.596348566229, 50.3221329450435], [127.596640023115, 50.321776701775924], [127.59735012126133, 50.3215154500559], [127.59764156683981, 50.32115920414666], [127.59820328676138, 50.3211659787299], [127.59820857635306, 50.32098616154732], [127.60129011117434, 50.32129309915109], [127.60116023755923, 50.32093177466859], [127.60256980627159, 50.320768845965354], [127.60257507931549, 50.32058902843522], [127.6041171607855, 50.320697495143456], [127.60510279573182, 50.32061938519898], [127.6052379615647, 50.320800887808524], [127.60495447084415, 50.320887426719175], [127.60523269852739, 50.32098070553597], [127.60594010849606, 50.320809309699065], [127.60579178768398, 50.32107735231313], [127.6061946701736, 50.321711766219735], [127.6066185954997, 50.32162690755784], [127.60689157385913, 50.32190000026847], [127.60773942401251, 50.32173027631482], [127.60773417023931, 50.32191009420457], [127.60815546860937, 50.321915138883504], [127.60814759023243, 50.32218486575489], [127.61194715933277, 50.321960472319965], [127.61223588092122, 50.32169409808664], [127.61364020560175, 50.32171085332785], [127.61378848450954, 50.321442800382215], [127.61449064344266, 50.32145117071666], [127.61448280104732, 50.32172089833349], [127.61743188886567, 50.32175600778148], [127.61743710602272, 50.32157618914898], [127.61827709345458, 50.32167611597024], [127.61828230740807, 50.32149629727118], [127.61856317178949, 50.32149963506156], [127.6191222953294, 50.32159621798961], [127.61925491242776, 50.32186761411049], [127.62024054935834, 50.321789375829056], [127.62121057439853, 50.32225058589108], [127.62149664550414, 50.32207409771987], [127.6216292774557, 50.32234549123177], [127.62288279840092, 50.32272010778496], [127.62301544000398, 50.322991499765095], [127.62468511309737, 50.32355090555728], [127.62523130331303, 50.32409700718992], [127.62620660861192, 50.324378356996895], [127.62592054071737, 50.32455485671945], [127.62675282570557, 50.324924451624405], [127.62717415410187, 50.324929427609234], [127.62676059954572, 50.324654722764535], [127.62732236758934, 50.32466135700866], [127.62773592548096, 50.32493605988146], [127.62858117079445, 50.32485609351536], [127.62871126306392, 50.32521738889607], [127.62941606831649, 50.325135759850035], [127.62982964249086, 50.32541045538436], [127.6302587299024, 50.325145691023515], [127.63096094825137, 50.32515396233772], [127.63109364255108, 50.32542534541795], [127.63193630984786, 50.325435264475445], [127.63220945587993, 50.325708298909795], [127.63347604378214, 50.325633253279], [127.63347088639526, 50.32581307299455], [127.63403266966837, 50.32581967492953], [127.63374919982223, 50.32590628416724], [127.63387675612263, 50.32635748390523], [127.63358554712254, 50.32671382227317], [127.63316420182085, 50.32670886939285], [127.63273253588576, 50.32706355423477], [127.63231118764163, 50.32705859823878], [127.63230086350275, 50.327418237400586], [127.63257660334925, 50.327601361202355], [127.63229312026105, 50.32768796675626], [127.63228537690145, 50.327957696098466], [127.63057669393051, 50.32874704360045], [127.6309954731519, 50.32884191571828], [127.6308498507195, 50.32902008116827], [127.63029061545919, 50.32892355386544], [127.63028286042464, 50.32919328292454], [127.62986149377912, 50.32918831790089], [127.62998902134572, 50.32963952142781], [127.62928932412248, 50.32954133407227], [127.62927121523592, 50.3301707015253], [127.62871455793318, 50.32998425695138], [127.6287016174538, 50.330433804997114], [127.62800191140376, 50.33033560983304], [127.62800709025755, 50.33015579066882], [127.62659732404522, 50.33031902599578], [127.62701351749983, 50.33050382201254], [127.62659213984098, 50.33049884504878], [127.62672482343713, 50.330770232790414], [127.62602770996529, 50.33058211622563], [127.6258665025153, 50.33129973214434], [127.62474281079118, 50.33128644561353], [127.62361132646082, 50.33154287642265], [127.62332260712546, 50.33180927849883], [127.6222093065779, 50.33143632992034], [127.62150179459677, 50.33160782364118], [127.62150960000652, 50.331338095687386], [127.62122867728418, 50.331334764545176], [127.6210804081489, 50.331602826625875], [127.62037809766672, 50.3315944948745], [127.62037288975561, 50.33177431341832], [127.61924137110924, 50.3320307013885], [127.61950666387466, 50.33257349274298], [127.6189500178353, 50.33238700157371], [127.61893698411758, 50.33283654759011], [127.61852080237344, 50.332651722822355]], [[127.60460078008958, 50.328168353235085], [127.60431724413291, 50.32825489011238], [127.60431987806442, 50.32816498139752], [127.60460078008958, 50.328168353235085]], [[127.62468770816517, 50.3234609959954], [127.62497117940622, 50.32337440883321], [127.62510383469895, 50.32364579851253], [127.62482295689742, 50.323642476418875], [127.62468770816517, 50.3234609959954]], [[127.62815984279834, 50.32485112263389], [127.62802198905601, 50.32475955566694], [127.6281624314303, 50.32476121296134], [127.62815984279834, 50.32485112263389]], [[127.63137711421751, 50.32533874266443], [127.63123925282419, 50.32524717945841], [127.63137969682437, 50.32524883287855], [127.63137711421751, 50.32533874266443]], [[127.63228537690145, 50.327957696098466], [127.63242324807038, 50.32804925810214], [127.63228279575539, 50.328047605876215], [127.63228537690145, 50.327957696098466]], [[127.6310006404344, 50.32866209628259], [127.63113851111567, 50.32875365979554], [127.6309980567997, 50.32875200600119], [127.6310006404344, 50.32866209628259]], [[127.62758312528628, 50.33024072689728], [127.62772099382687, 50.33033229442254], [127.62758053505814, 50.33033063646286], [127.62758312528628, 50.33024072689728]], [[127.62178271896133, 50.33161115413661], [127.62206104260873, 50.331704393289584], [127.6217801176615, 50.33170106346211], [127.62178271896133, 50.33161115413661]], [[127.6195118752027, 50.332393674289584], [127.61980322434377, 50.332037372662676], [127.62092953438957, 50.331960797781086], [127.62091912254174, 50.332320434923375], [127.62049772989448, 50.33231543574567], [127.62034945350153, 50.3325834967914], [127.62062777991844, 50.33267673938392], [127.62034424529968, 50.33276331530229], [127.61992284883719, 50.33275831400969], [127.62007112818397, 50.33249025354001], [127.6195118752027, 50.332393674289584]], [[127.62187896177403, 50.3331412775499], [127.6214523575749, 50.333316100369295], [127.62089048887019, 50.33330943694126], [127.6208956951112, 50.333129618406026], [127.62187896177403, 50.3331412775499]], [[127.33676061225233, 50.3294118628897], [127.33689791078945, 50.32950376955766], [127.33675747337342, 50.32950176036298], [127.33676061225233, 50.3294118628897]], [[127.6230078941354, 50.332974773407976], [127.62314576158147, 50.333066346309664], [127.6230052950219, 50.333064682758575], [127.6230078941354, 50.332974773407976]], [[127.61472302087743, 50.33278641491469], [127.61486087166051, 50.33287799750857], [127.61472040614646, 50.33287632395441], [127.61472302087743, 50.33278641491469]], [[127.61500395138893, 50.33278976184273], [127.61514180272836, 50.33288134410797], [127.6150013371878, 50.33287967089308], [127.61500395138893, 50.33278976184273]], [[127.62146796978105, 50.332776644618754], [127.62160583366426, 50.33286821932075], [127.62146536777972, 50.33286655391426], [127.62146796978105, 50.332776644618754]], [[127.61922312789113, 50.33266006591699], [127.61936098707234, 50.3327516432447], [127.61922052166419, 50.33274997512937], [127.61922312789113, 50.33266006591699]], [[127.61389069481086, 50.33241673401299], [127.61402854291813, 50.33250831757753], [127.61388807854345, 50.33250664302684], [127.61389069481086, 50.33241673401299]], [[127.61375546373917, 50.332235241276436], [127.61375023071436, 50.33241505929798], [127.61333145581831, 50.33232012514112], [127.61333407311882, 50.33223021614555], [127.61375546373917, 50.332235241276436]], [[127.62386627696802, 50.33244529581334], [127.62400414457233, 50.3325368677062], [127.62386367952317, 50.33253520520458], [127.62386627696802, 50.33244529581334]], [[127.59521704148595, 50.33192278301462], [127.59535485182776, 50.33201438841644], [127.59521439002566, 50.332012691321545], [127.59521704148595, 50.33192278301462]], [[127.62457638930259, 50.33218387833702], [127.62471425754217, 50.332275449396754], [127.62457379322188, 50.33227378775911], [127.62457638930259, 50.33218387833702]], [[127.59508453505708, 50.33165136084191], [127.5952196929328, 50.33183287470621], [127.59507923167398, 50.33183117745246], [127.59508453505708, 50.33165136084191]], [[127.62500297204058, 50.332009043844984], [127.62528130445406, 50.332102275352696], [127.62500037678097, 50.33209895328588], [127.62500297204058, 50.332009043844984]], [[127.60899283774697, 50.33172865622426], [127.60913067435553, 50.33182024551267], [127.60899021230078, 50.33181856506229], [127.60899283774697, 50.33172865622426]], [[127.63343854722467, 50.331838681100606], [127.6332929244863, 50.33201684952086], [127.63301199637577, 50.332013546812846], [127.63301715662872, 50.331833727324465], [127.63343854722467, 50.331838681100606]], [[127.72839723036775, 50.332826086642264], [127.72853290230243, 50.33300744924811], [127.72839242993702, 50.3330059130016], [127.72839723036775, 50.332826086642264]], [[127.60801748741272, 50.331447161948454], [127.60815532131893, 50.33153875237539], [127.6080148601522, 50.331537070753654], [127.60801748741272, 50.331447161948454]], [[127.60689643004447, 50.33134379414694], [127.6053592618536, 50.331055544179], [127.60536715849393, 50.33078581804091], [127.60521616977319, 50.33114376789592], [127.60493525013284, 50.33114039740149], [127.60509150636568, 50.33060263051696], [127.60467276521777, 50.33050766541633], [127.60467803214655, 50.33032784802793], [127.60553130410374, 50.32997832429935], [127.60553919946855, 50.32970859809127], [127.60624410818328, 50.329627110469566], [127.60609576061965, 50.32989515286202], [127.6072141534295, 50.3300884369108], [127.6076250125143, 50.33045311930171], [127.6076171287488, 50.330722845714185], [127.608035877863, 50.330817800270204], [127.60802536911426, 50.331177435523905], [127.60817896379955, 50.33072957302673], [127.60887863234844, 50.330827887200215], [127.60888388346413, 50.330648069500356], [127.60901646616304, 50.33091947661456], [127.60873292153543, 50.33100602415245], [127.60929213538164, 50.33110265496189], [127.60871716611925, 50.33154547716608], [127.60816320226581, 50.331269025939314], [127.60689643004447, 50.33134379414694]], [[127.60900071400559, 50.331458929701164], [127.60913854985941, 50.33155051897807], [127.60899808859938, 50.3315488385437], [127.60900071400559, 50.331458929701164]], [[127.63050432458446, 50.33126451467325], [127.63064220173317, 50.331356078788154], [127.63050173977476, 50.33135442433274], [127.63050432458446, 50.33126451467325]], [[127.6045244060105, 50.33077570566823], [127.60466223119977, 50.33086730017517], [127.60452177222106, 50.330865614350344], [127.6045244060105, 50.33077570566823]], [[127.6038273828295, 50.33058745671131], [127.60438658135098, 50.33068411100085], [127.60382211264186, 50.330767274026535], [127.6038273828295, 50.33058745671131]], [[127.60411093362129, 50.33050092118487], [127.60397311055108, 50.33040932603626], [127.6041135681519, 50.33041101251282], [127.60411093362129, 50.33050092118487]], [[127.62924793143638, 50.330979888143005], [127.62952626638615, 50.33107310952265], [127.62924534428191, 50.331069797759724], [127.62924793143638, 50.330979888143005]], [[127.63107650630634, 50.33091149271922], [127.63121438355998, 50.33100305616162], [127.63107392260873, 50.33100140240569], [127.63107650630634, 50.33091149271922]], [[127.5940006551533, 50.330289152667845], [127.5942789153906, 50.330382457832656], [127.59399800155131, 50.33037906095327], [127.5940006551533, 50.330289152667845]], [[127.60090153070387, 50.32974282075567], [127.60103142501877, 50.330104145176044], [127.59991305813413, 50.32991080185495], [127.59991834291392, 50.32973098481286], [127.60090153070387, 50.32974282075567]], [[127.61044466431711, 50.3301270927416], [127.61058249917942, 50.330218680318126], [127.61044204175958, 50.33021700165988], [127.61044466431711, 50.3301270927416]], [[127.72745235922774, 50.33137671769283], [127.72759042513447, 50.33146816821395], [127.72744995735873, 50.331466630862806], [127.72745235922774, 50.33137671769283]], [[127.59570203807644, 50.32977007357091], [127.59583984321884, 50.3298616783868], [127.59569938773367, 50.32985998192996], [127.59570203807644, 50.32977007357091]], [[127.63658278894519, 50.32998685440782], [127.6362941511221, 50.33025328942885], [127.63587792317979, 50.3300685263553], [127.63630444615809, 50.32989364984508], [127.63658278894519, 50.32998685440782]], [[127.63489729057027, 50.32996707624337], [127.63489213775443, 50.33014689593065], [127.63461122048204, 50.33014359717432], [127.6346137974263, 50.33005368734189], [127.63489729057027, 50.32996707624337]], [[127.60048808831846, 50.329468023587665], [127.60048280573805, 50.32964784068165], [127.60020189548409, 50.32964445882482], [127.60020453731072, 50.329554550289316], [127.60048808831846, 50.329468023587665]], [[127.59318446671917, 50.32937987537806], [127.59332226584608, 50.329471483134384], [127.59318181166267, 50.32946978364614], [127.59318446671917, 50.32937987537806]], [[127.62970034911125, 50.3299059398109], [127.62956247793709, 50.32981437460551], [127.62970293530039, 50.329816030158995], [127.62970034911125, 50.3299059398109]], [[127.62970293530039, 50.329816030158995], [127.62984597858795, 50.32972777588422], [127.62984339267682, 50.32981768554288], [127.62970293530039, 50.329816030158995]], [[127.72718824069369, 50.3307442503283], [127.72732390221606, 50.33092561432919], [127.72718343605437, 50.33092407666802], [127.72718824069369, 50.3307442503283]], [[127.6314013395393, 50.329386334973876], [127.63167966955605, 50.32947955118161], [127.63139875659435, 50.329476244696245], [127.6314013395393, 50.329386334973876]], [[127.71244670779085, 50.33031211491134], [127.7125847415102, 50.330403583024726], [127.7124442776959, 50.3304020275711], [127.71244670779085, 50.33031211491134]], [[127.71272763490195, 50.330315225639076], [127.71300613302715, 50.33040824836777], [127.71272520533685, 50.330405138308706], [127.71272763490195, 50.330315225639076]], [[127.61146455313173, 50.32888011421521], [127.61160238641932, 50.32897170058817], [127.61146193261459, 50.32897002319172], [127.61146455313173, 50.32888011421521]], [[127.61286908912875, 50.32889688049402], [127.61314737914884, 50.32899014075483], [127.61286647126023, 50.32898678952373], [127.61286908912875, 50.32889688049402]], [[127.60922517248837, 50.328583526207986], [127.60936300057057, 50.328675115197925], [127.60922254777337, 50.32867343510375], [127.60922517248837, 50.328583526207986]], [[127.63731594225054, 50.32891616878517], [127.63745382594334, 50.329007724908664], [127.63731337050896, 50.32900607873636], [127.63731594225054, 50.32891616878517]], [[127.63240260054918, 50.32876853631229], [127.63254047426197, 50.328860098185324], [127.63240001955008, 50.32885844608183], [127.63240260054918, 50.32876853631229]], [[127.71063771719892, 50.329662490431204], [127.71077574554576, 50.32975396066142], [127.71063528374636, 50.32975240303713], [127.71063771719892, 50.329662490431204]], [[127.63774244965303, 50.32874128683936], [127.63788033367595, 50.32883284246224], [127.63773987873216, 50.32883119680922], [127.63774244965303, 50.32874128683936]], [[127.5923869044045, 50.32784123468251], [127.59252469758806, 50.32793284335791], [127.59238424798804, 50.32793114294373], [127.5923869044045, 50.32784123468251]], [[127.72792898313894, 50.32931332556781], [127.7280646435227, 50.329494688738656], [127.727924181539, 50.32949315200371], [127.72792898313894, 50.32931332556781]], [[127.6414147873461, 50.328064737661066], [127.64169312975628, 50.32815793001169], [127.64141222341607, 50.32815464777843], [127.6414147873461, 50.328064737661066]], [[127.64325859908779, 50.32745668864556], [127.64339136986965, 50.327728058198026], [127.643110465866, 50.327724780087394], [127.64325859908779, 50.32745668864556]], [[127.64298025761182, 50.32736350004036], [127.64311814788702, 50.32745504952105], [127.64297769669928, 50.32745341022692], [127.64298025761182, 50.32736350004036]], [[127.63540365267602, 50.327004996853404], [127.6358224266082, 50.32709985156512], [127.63540107750063, 50.32709490676278], [127.63540365267602, 50.327004996853404]], [[127.6414429897177, 50.32707572627143], [127.64158087618097, 50.32716727754938], [127.64144042593082, 50.32716563640523], [127.6414429897177, 50.32707572627143]], [[127.72880773864898, 50.32797384447775], [127.72894339867646, 50.32815520666063], [127.72880294059337, 50.32815367101657], [127.72880773864898, 50.32797384447775]], [[127.72952441246484, 50.32744204115489], [127.7288101376585, 50.32788393120611], [127.72839116565842, 50.327789410041554], [127.72826270878569, 50.327338307448166], [127.72952441246484, 50.32744204115489]], [[127.63695631377304, 50.32675339036567], [127.63752325123423, 50.32658015556118], [127.63737766013342, 50.326758329508465], [127.63695631377304, 50.32675339036567]], [[127.72951961720429, 50.32762186776021], [127.72965527897941, 50.32780322913605], [127.72951482189505, 50.3278016943596], [127.72951961720429, 50.32762186776021]], [[127.63879499255353, 50.32632523207518], [127.63907331961974, 50.32641843060202], [127.6387924238388, 50.32641514212189], [127.63879499255353, 50.32632523207518]], [[127.6394972307795, 50.32633345197745], [127.63963511133805, 50.326425005527106], [127.63949466338893, 50.32642336205024], [127.6394972307795, 50.32633345197745]], [[127.63977812616109, 50.326336738751166], [127.63991600727537, 50.326428291972064], [127.6397755593002, 50.32642664883439], [127.63977812616109, 50.326336738751166]], [[127.64160394741111, 50.3263580862446], [127.64174183213754, 50.326449637328444], [127.64160138399315, 50.326447996395544], [127.64160394741111, 50.3263580862446]], [[127.64680563480687, 50.32623886692571], [127.64694352930908, 50.32633041191927], [127.64680308121395, 50.32632877727192], [127.64680563480687, 50.32623886692571]], [[127.6698392512048, 50.32650468136163], [127.67013018947854, 50.32614825003308], [127.67026060105547, 50.3265095013354], [127.6698392512048, 50.32650468136163]], [[127.72813425426949, 50.32688720469687], [127.72827230864806, 50.32697865438923], [127.72813185406945, 50.32697711796043], [127.72813425426949, 50.32688720469687]], [[127.63291942229017, 50.32544682899282], [127.63305470805369, 50.32562830007848], [127.63291426283703, 50.325626648672454], [127.63291942229017, 50.32544682899282]], [[127.65400151059039, 50.32515317937135], [127.65413941598338, 50.32524471593146], [127.65399897067196, 50.32524309000077], [127.65400151059039, 50.32515317937135]], [[127.59477199014768, 50.32319318473609], [127.59478524734193, 50.32274364258629], [127.59505816358178, 50.32301676251988], [127.59490977471407, 50.32328479058209], [127.59532313159049, 50.32355960715831], [127.59515618671776, 50.324456994519], [127.59502370053644, 50.324185572112896], [127.59418106849724, 50.32417538574032], [127.59417311039773, 50.32444511089807], [127.59389223157028, 50.3244417140516], [127.59320065292374, 50.32407358557211], [127.59249580587296, 50.324154994681024], [127.59223086703464, 50.323612143893996], [127.59138824614404, 50.323601937366675], [127.59125578379292, 50.32333051082684], [127.59041848762239, 50.32314048075974], [127.59056424178962, 50.32296236689974], [127.58987271049838, 50.32259421892551], [127.58988335302394, 50.32223458592795], [127.58836522912988, 50.32131675647619], [127.58851897441028, 50.320868920497915], [127.5881110078736, 50.320414263707214], [127.59007964984102, 50.320348215479385], [127.59020943768282, 50.32070955165923], [127.59049561267695, 50.3205331406178], [127.59048497541315, 50.32089277381584], [127.59132754808144, 50.320902986493074], [127.59131160131149, 50.32144243643955], [127.59257547552008, 50.32145774430181], [127.59256750910113, 50.32172746940049], [127.59341009727873, 50.3217376671089], [127.59341805893224, 50.32146794191318], [127.59426064282921, 50.3214781334204], [127.59426859959616, 50.32120840811417], [127.59553246920196, 50.32122368378436], [127.59568084792905, 50.32095565475199], [127.59638299427687, 50.320964134372396], [127.5963591597164, 50.32177331101784], [127.59607829637156, 50.32176991958152], [127.59607034968765, 50.32203964507073], [127.59550861998227, 50.32203286009875], [127.5955006700003, 50.32230258550989], [127.59536818758953, 50.322031163431845], [127.59494158839948, 50.322205889312954], [127.59507141799384, 50.32256722030124], [127.59479585285516, 50.32238400883946], [127.59450703039631, 50.32265033887743], [127.59449111862637, 50.32318978939706], [127.59477199014768, 50.32319318473609]], [[127.59493098405294, 50.32256552309334], [127.59478789874044, 50.322653734151835], [127.59479055012547, 50.322563825715875], [127.59493098405294, 50.32256552309334]], [[127.67044119487771, 50.32507252809204], [127.67057913199857, 50.325164045398516], [127.6704386859828, 50.32516243932585], [127.67044119487771, 50.32507252809204]], [[127.70319720844971, 50.32427329649969], [127.70375898947651, 50.32427956142653], [127.70374920553866, 50.324639211200584], [127.70403009824523, 50.32464234268616], [127.70401787069204, 50.32509190492], [127.70288939422427, 50.325259199512175], [127.70261094621732, 50.32516615285227], [127.70275873781132, 50.32489798286925], [127.70247784373922, 50.32489484830106], [127.70248274057461, 50.32471502351539], [127.70123097642123, 50.32425134788651], [127.70123832854517, 50.32398161080893], [127.7023594344732, 50.324084069225], [127.70320699642626, 50.32391364678138], [127.70319720844971, 50.32427329649969]], [[127.7013689710173, 50.32434282910817], [127.70122362418536, 50.324521084950725], [127.70122852568838, 50.32434126024273], [127.7013689710173, 50.32434282910817]], [[127.70208099434927, 50.323991021338195], [127.70222633633968, 50.323812764370665], [127.70222143869347, 50.323992589166146], [127.70208099434927, 50.323991021338195]], [[127.70278566396452, 50.323908946365144], [127.70264766785783, 50.32381746680714], [127.7027881117221, 50.32381903394677], [127.70278566396452, 50.323908946365144]], [[127.7027881117221, 50.32381903394677], [127.70293100307906, 50.32373068849197], [127.70292855559875, 50.323820600916804], [127.7027881117221, 50.32381903394677]], [[127.6708775805039, 50.32453787826021], [127.67101050138824, 50.3248092175733], [127.6708700563936, 50.32480761202981], [127.6708775805039, 50.32453787826021]], [[127.70430121110245, 50.32500512332312], [127.70443921381764, 50.325096600950864], [127.70429876609668, 50.32509503577685], [127.70430121110245, 50.32500512332312]], [[127.62510124039922, 50.323735708087234], [127.62537952499966, 50.32382893909686], [127.62509864608629, 50.323825617660454], [127.62510124039922, 50.323735708087234]], [[127.58849500642009, 50.32167809442465], [127.58877054299974, 50.32186132060681], [127.5884896800514, 50.3218579108363], [127.58849500642009, 50.32167809442465]], [[127.67275344505549, 50.32276051010225], [127.67289138006245, 50.32285202468309], [127.67275094072839, 50.32285042145622], [127.67275344505549, 50.32276051010225]], [[127.6734706582809, 50.322229056207625], [127.6736085931628, 50.3223205699444], [127.67346815535399, 50.32231896759596], [127.6734706582809, 50.322229056207625]], [[127.60045280916073, 50.32110314125709], [127.60073102906443, 50.3211964307819], [127.60045016859402, 50.32119304993351], [127.60045280916073, 50.32110314125709]], [[127.69779848259776, 50.3213348790601], [127.69794628887138, 50.321066715139445], [127.69710613438009, 50.32096736278147], [127.69670695962856, 50.32015343018505], [127.69543814295787, 50.32031907888861], [127.69544798810749, 50.31995943003146], [127.69586928443016, 50.3199641567683], [127.69573869514178, 50.31960293243802], [127.69603431797208, 50.31906660956131], [127.69532232496323, 50.31941838081309], [127.69531494055029, 50.31968811746992], [127.69503407801118, 50.31968496515505], [127.69504638795124, 50.31923540410291], [127.69560810778422, 50.3192417079544], [127.69504884990175, 50.31914549188803], [127.69505623567838, 50.31887575523446], [127.69800524479032, 50.31890881976756], [127.69799787569313, 50.31917855673583], [127.69827627971803, 50.31927161419872], [127.69728835301535, 50.31944042781571], [127.69728343749915, 50.31962025239496], [127.69952052392993, 50.320005057892764], [127.70006999105034, 50.32046090209039], [127.69950580220078, 50.32054453203814], [127.70034595458304, 50.320643867041994], [127.70047658159676, 50.32100508642451], [127.70117630845296, 50.32110284562717], [127.7010309710153, 50.32128110139678], [127.70145718003207, 50.32110598316927], [127.70158536687582, 50.32155711376189], [127.70200667834683, 50.32156181836909], [127.70199198394559, 50.322101292900776], [127.70086112050426, 50.32235848077738], [127.69933592018741, 50.32162190907823], [127.69821242295352, 50.32160933425128], [127.69779848259776, 50.3213348790601]], [[127.6994714497562, 50.321803304836095], [127.69918811991985, 50.32189007478766], [127.69919057428889, 50.32180016246606], [127.6994714497562, 50.321803304836095]], [[127.5972255703377, 50.32097430432152], [127.5973633533506, 50.321065907279376], [127.59722292369538, 50.32106421287594], [127.5972255703377, 50.32097430432152]], [[127.67432328896122, 50.3218790220339], [127.67446122449968, 50.32197053476932], [127.67432078767384, 50.32196893345867], [127.67432328896122, 50.3218790220339]], [[127.67502547189342, 50.32188702686592], [127.6747521000854, 50.32161409111283], [127.6751734075378, 50.32161889294888], [127.67502547189342, 50.32188702686592]], [[127.67559471510434, 50.32162369325874], [127.67601352471311, 50.3217184035326], [127.67559221623807, 50.321713604733695], [127.67559471510434, 50.32162369325874]], [[127.69189029778336, 50.32162831068993], [127.69202579886205, 50.321809714907694], [127.69188536151927, 50.32180813481467], [127.69189029778336, 50.32162831068993]], [[127.59036050408542, 50.320351621335845], [127.59049827195913, 50.320443232314524], [127.59035784455199, 50.32044152963521], [127.59036050408542, 50.320351621335845]], [[127.6032798575082, 50.320507557586076], [127.60355807962941, 50.32060084037126], [127.60327722233, 50.32059746638017], [127.6032798575082, 50.320507557586076]], [[127.67644482233642, 50.32136355477476], [127.6767231959643, 50.321456663588116], [127.67644232509689, 50.32145346628463], [127.67644482233642, 50.32136355477476]], [[127.69302612248894, 50.32119138606744], [127.69273785188679, 50.32145796445344], [127.6927452513477, 50.32118822815605], [127.69302612248894, 50.32119138606744]], [[127.69373322976543, 50.321019453602474], [127.69372583594007, 50.32128919001395], [127.69330452826492, 50.321284455421164], [127.69330945908304, 50.321104631178365], [127.69373322976543, 50.321019453602474]], [[127.70173315264198, 50.32128894487784], [127.7018711397413, 50.32138042549045], [127.7017307031139, 50.321378857297994], [127.70173315264198, 50.32128894487784]], [[127.69036279058348, 50.32098153448748], [127.69050075471944, 50.32107302842407], [127.69036031963282, 50.321071446505805], [127.69036279058348, 50.32098153448748]], [[127.68224742712435, 50.31981055254525], [127.68181121256129, 50.320345246815776], [127.68111153875888, 50.3202473714411], [127.6811165153962, 50.32006754804402], [127.68153781025946, 50.32007232671426], [127.68154527273785, 50.31980259156199], [127.68224742712435, 50.31981055254525]], [[127.69501438145744, 50.320404262761194], [127.6952927866369, 50.320497327360165], [127.69501191933199, 50.32049417495528], [127.69501438145744, 50.320404262761194]], [[127.34020779138152, 50.31516028113436], [127.34034505626256, 50.315252183608976], [127.3402046605889, 50.31525017898622], [127.34020779138152, 50.31516028113436]], [[127.69882818136566, 50.31963755183413], [127.69912131553644, 50.31919113319871], [127.69939726812318, 50.3193741003566], [127.69938990678183, 50.31964383745221], [127.69882818136566, 50.31963755183413]], [[127.6984191655409, 50.319183274181164], [127.69855714018347, 50.31927475866355], [127.6984167099445, 50.31927318651592], [127.6984191655409, 50.319183274181164]], [[127.58203923095407, 50.31674273845538], [127.5821769723385, 50.31683435912868], [127.5820365560666, 50.316832646488216], [127.58203923095407, 50.31674273845538]], [[127.66139912466994, 50.31687416588706], [127.66153702079329, 50.31696569372173], [127.66139659944983, 50.31696407691749], [127.66139912466994, 50.31687416588706]], [[127.34425754575797, 50.311800220066075], [127.3443948090409, 50.31189211779092], [127.34425442297417, 50.31189011815429], [127.34425754575797, 50.311800220066075]], [[127.35353235851318, 50.31166213667583], [127.35366653451624, 50.31184392213532], [127.35352614793585, 50.311841933694865], [127.35353235851318, 50.31166213667583]], [[127.62422951860914, 50.31500118398115], [127.62436733712171, 50.31509275530547], [127.62422692345557, 50.315091093657266], [127.62422951860914, 50.31500118398115]], [[127.67481917980092, 50.3141498355009], [127.67495709421867, 50.31424134759859], [127.6748166801342, 50.314239747063866], [127.67481917980092, 50.3141498355009]], [[127.69125508845195, 50.31406621055021], [127.69125015111538, 50.31424603486449], [127.69096932109335, 50.31424287297748], [127.69097425948864, 50.31406304868326], [127.69125508845195, 50.31406621055021]], [[127.69323321719268, 50.313638763468454], [127.69324554147511, 50.31318920226879], [127.693947601745, 50.31319709185158], [127.69393282050864, 50.313736565436905], [127.69309033869422, 50.31372709724874], [127.69308294314312, 50.31399683393122], [127.6926617000227, 50.31399209750337], [127.69265430197693, 50.3142618341274], [127.69195222638967, 50.31425393661513], [127.69238087133832, 50.31398893903714], [127.6923882708595, 50.31371920242979], [127.69323321719268, 50.313638763468454]], [[127.69029442136839, 50.31324593187728], [127.69069590028363, 50.31396997399888], [127.68887051701083, 50.31394940099158], [127.68887793638245, 50.31367966476055], [127.68929917610602, 50.31368441487541], [127.68930659298269, 50.31341467858578], [127.69014906800446, 50.31342417414777], [127.69029442136839, 50.31324593187728]], [[127.34785755766973, 50.30924311016899], [127.34799482074928, 50.309335003677134], [127.34785444195631, 50.30933300846022], [127.34785755766973, 50.30924311016899]], [[127.69184882423271, 50.312903673801195], [127.69184142187348, 50.313173410388515], [127.69296225209388, 50.31327595748186], [127.69169607448407, 50.313351654642176], [127.69184882423271, 50.312903673801195]], [[127.60034838537524, 50.31030901860523], [127.60089414574288, 50.3108552322104], [127.59990870685357, 50.31093330821981], [127.59907687605686, 50.310563524031544], [127.59794839724462, 50.310729800135675], [127.59711129374168, 50.31053981949192], [127.59711658545889, 50.31036000206294], [127.59683578925831, 50.31035661300973], [127.59682785007489, 50.3106263391187], [127.59626625465988, 50.310619558913814], [127.59586094759804, 50.31007501997493], [127.5957126049932, 50.31034305001715], [127.59515101318308, 50.31033626445301], [127.59516161127269, 50.30997662987828], [127.59390599558066, 50.30969162683612], [127.59432718349899, 50.309696720726635], [127.5943324855573, 50.30951690348588], [127.59363846536142, 50.30923868708319], [127.59378681601126, 50.30897065970697], [127.59294445331766, 50.3089604665915], [127.59281202105734, 50.30868904142415], [127.59252592652012, 50.30886545918415], [127.59211271167266, 50.30859063318402], [127.59198559580108, 50.308139389997926], [127.5915697342445, 50.30795447066254], [127.59185848225165, 50.30768814665879], [127.59116184640291, 50.30749982427472], [127.59104005622612, 50.30686876299691], [127.59132083119077, 50.306872165877266], [127.59132880046593, 50.306602440230186], [127.59203073414554, 50.30661094438439], [127.59330747895677, 50.30617669803268], [127.59357498942576, 50.30662963861027], [127.59355642388867, 50.30725899903642], [127.59592979589527, 50.30773739399364], [127.5961999872251, 50.308100419983134], [127.59717214524781, 50.3084719186965], [127.59688342182139, 50.3087382560725], [127.59730195651001, 50.30883324785542], [127.59715627162642, 50.30901137115439], [127.59870325076197, 50.30894008914357], [127.59883307486679, 50.309301416671374], [127.59925426022657, 50.30930649268498], [127.59924897676852, 50.30948631031108], [127.59967544570702, 50.30931156717321], [127.59966488191209, 50.30967120248379], [127.60092581000012, 50.30977632586133], [127.60077221885408, 50.310224180344875], [127.60063973847903, 50.30995276375425], [127.6003589442538, 50.309949383229345], [127.60034838537524, 50.31030901860523]], [[127.59390599558066, 50.30969162683612], [127.59376294752718, 50.30977983713021], [127.59376559963479, 50.30968992853363], [127.59390599558066, 50.30969162683612]], [[127.59348480778343, 50.30968653142018], [127.59349541819583, 50.30932689706198], [127.59377620793067, 50.3093302941323], [127.59376559963479, 50.30968992853363], [127.59348480778343, 50.30968653142018]], [[127.59288366887826, 50.30626150932247], [127.59233008925408, 50.30598498469972], [127.59289693591629, 50.305811966220666], [127.59288366887826, 50.30626150932247]], [[127.59716949967782, 50.30856182744323], [127.59730724718801, 50.30865343035871], [127.59716685409437, 50.30865173618846], [127.59716949967782, 50.30856182744323]], [[127.60077221885408, 50.310224180344875], [127.60090733941767, 50.31040568792453], [127.6007669409487, 50.310403998058995], [127.60077221885408, 50.310224180344875]], [[127.59822919577657, 50.31073318651996], [127.59836695153838, 50.310824788215456], [127.5982265519877, 50.31082309527219], [127.59822919577657, 50.31073318651996]], [[127.58994832107035, 50.31054309474154], [127.5902264586828, 50.310636408884136], [127.5899456616845, 50.31063300317745], [127.58994832107035, 50.31054309474154]], [[127.69554380508785, 50.311326274889836], [127.69553642404644, 50.31159601194785], [127.69525560915363, 50.31159286053295], [127.69526299178288, 50.31132312350491], [127.69554380508785, 50.311326274889836]], [[127.59432188138688, 50.309876537961394], [127.59445697627893, 50.31005805283623], [127.59431657922096, 50.31005635519016], [127.59432188138688, 50.309876537961394]], [[127.60289399893922, 50.309710056709605], [127.60303176085975, 50.3098016529424], [127.60289136404215, 50.309799965656765], [127.60289399893922, 50.309710056709605]], [[127.68123980137402, 50.31053530678875], [127.68137771793833, 50.310626811339255], [127.68123731413507, 50.31062521864068], [127.68123980137402, 50.31053530678875]], [[127.68236800024248, 50.310368219801376], [127.68222014102278, 50.31063636397091], [127.68207973714385, 50.310634772289404], [127.68208719405972, 50.31036503663819], [127.68236800024248, 50.310368219801376]], [[127.5883008178222, 50.30926392897672], [127.58832477855968, 50.308454753380744], [127.58860556253494, 50.308458162895676], [127.58872732406385, 50.30908922631986], [127.5883008178222, 50.30926392897672]], [[127.68448893472083, 50.30985260005546], [127.68421557600344, 50.30957968611965], [127.68491758059221, 50.30958762981617], [127.68476229655062, 50.31012551336034], [127.68349867434175, 50.31011120985767], [127.68349122547785, 50.310380945673685], [127.68279169390155, 50.31028308136286], [127.68280163093677, 50.30992343370017], [127.68448893472083, 50.30985260005546]], [[127.68223256782974, 50.310186804519525], [127.68251088817233, 50.31027989922684], [127.68223008249358, 50.31027671641278], [127.68223256782974, 50.310186804519525]], [[127.57553304685965, 50.30883835074489], [127.57567075305234, 50.30892997894998], [127.57553036045424, 50.30892825864703], [127.57553304685965, 50.30883835074489]], [[127.601927043656, 50.30915878751238], [127.60206480212375, 50.30925038487098], [127.6019244069872, 50.30924869643104], [127.601927043656, 50.30915878751238]], [[127.59238287845784, 50.30895366779149], [127.59266101174438, 50.30904697609592], [127.5923802238123, 50.30904357634617], [127.59238287845784, 50.30895366779149]], [[127.59069815517164, 50.30893325512103], [127.59043597621373, 50.30830049124064], [127.59015785171627, 50.30820717767348], [127.59016848666354, 50.307847543737175], [127.59072739030418, 50.30794426163285], [127.59085980866467, 50.308215689092464], [127.59141606167336, 50.30840231223337], [127.59126769958988, 50.308670336512705], [127.59155114136897, 50.308583830402725], [127.59125972938475, 50.30894006205626], [127.59069815517164, 50.30893325512103]], [[127.5914213744661, 50.308222495177034], [127.59170215744764, 50.30822589720243], [127.5918372377532, 50.30840741504963], [127.59155379753446, 50.30849392187291], [127.5914213744661, 50.308222495177034]], [[127.59183458213026, 50.30849732359173], [127.59197231907652, 50.30858893274291], [127.59183192649387, 50.30858723213234], [127.59183458213026, 50.30849732359173]], [[127.58946653534318, 50.30783902818927], [127.58945589510509, 50.30819866201752], [127.5891751125551, 50.308195254568766], [127.5891857549095, 50.30783562078376], [127.58946653534318, 50.30783902818927]], [[127.58974731583085, 50.307842434916864], [127.58987972831746, 50.30811386344851], [127.58973933725977, 50.308112160322715], [127.58974731583085, 50.307842434916864]], [[127.36009716589248, 50.304559539710255], [127.36023134776212, 50.304741317854365], [127.36009098162886, 50.304739337541726], [127.36009716589248, 50.304559539710255]], [[127.59748466983446, 50.307396401639295], [127.59776015996658, 50.30757960655288], [127.5974793800613, 50.30757621918874], [127.59748466983446, 50.307396401639295]], [[127.5973495706796, 50.307214890169064], [127.59748731470094, 50.30730649286233], [127.59734692556204, 50.30730479894217], [127.5973495706796, 50.307214890169064]], [[127.59048913848038, 50.30650232113302], [127.59062420938908, 50.30668384036278], [127.59019773165573, 50.30685855028853], [127.59007329698768, 50.30631739656124], [127.58951973329494, 50.306040858687886], [127.58994088817514, 50.30604596820087], [127.58994886502177, 50.30577624267526], [127.5902296334223, 50.30577964813751], [127.59009722514699, 50.305508219935795], [127.59052634885771, 50.305243601700546], [127.59177917154226, 50.30561854889824], [127.59148512377429, 50.306064690032926], [127.59176323852127, 50.30615800037504], [127.5917552718289, 50.30642772609318], [127.59077788350868, 50.30623599972564], [127.59091029761156, 50.30650742716821], [127.59048913848038, 50.30650232113302]], [[127.59119372708221, 50.306420921796175], [127.59105068401557, 50.306509128840986], [127.59105334092925, 50.30641922029826], [127.59119372708221, 50.306420921796175]], [[127.59090498321476, 50.306687244238375], [127.59089966876401, 50.30686706130253], [127.59061889388025, 50.30686365740535], [127.5906215516414, 50.30677374888482], [127.59090498321476, 50.306687244238375]], [[127.5891012390856, 50.30594583917508], [127.58909591797322, 50.3061256561228], [127.5885343774258, 50.30611883901109], [127.58840197793867, 50.30584740896674], [127.58755967236485, 50.30583717729574], [127.5875783161053, 50.30520781833736], [127.58715983318629, 50.30511279191534], [127.58715184075292, 50.305382517148026], [127.58687107506253, 50.30537910427265], [127.586749346614, 50.30474803879719], [127.58759695918366, 50.30457845930542], [127.58744326093216, 50.30502629565567], [127.5891012390856, 50.30594583917508]], [[127.58799946327683, 50.30521293482184], [127.5881425079738, 50.30512473152747], [127.58813984569437, 50.305214639977734], [127.58799946327683, 50.30521293482184]], [[127.58783777791892, 50.305930496958034], [127.58797549977345, 50.30602211075805], [127.58783511498888, 50.30602040538398], [127.58783777791892, 50.305930496958034]], [[127.59443851542656, 50.30592055741072], [127.59457625009554, 50.306012163495595], [127.59443586494206, 50.30601046609185], [127.59443851542656, 50.30592055741072]], [[127.59319096893914, 50.305365821372185], [127.59332869960014, 50.30545742891043], [127.59318831615478, 50.305455730013826], [127.59319096893914, 50.305365821372185]], [[127.58648191150154, 50.3042950830017], [127.58660896565408, 50.304746331973746], [127.5863282037748, 50.3047429178185], [127.58648191150154, 50.3042950830017]], [[127.58718114574724, 50.304393524562144], [127.58731886194495, 50.30448513911591], [127.58717848172444, 50.30448343298655], [127.58718114574724, 50.304393524562144]], [[127.59181369142408, 50.30444973717986], [127.59195141679514, 50.30454134631986], [127.59181103612939, 50.30453964578257], [127.59181369142408, 50.30444973717986]], [[127.58704609433879, 50.30421200142625], [127.58718380975654, 50.304303616136245], [127.58704343007851, 50.30430190984824], [127.58704609433879, 50.30421200142625]], [[127.58567430275292, 50.30311602874927], [127.58594972253454, 50.303299261195924], [127.58566896925386, 50.303295845519465], [127.58567430275292, 50.30311602874927]], [[127.35735700031846, 50.2984946922151], [127.3574880587589, 50.29876637232775], [127.35734771040133, 50.29876438887282], [127.35735700031846, 50.2984946922151]], [[127.58741208544672, 50.30133834317929], [127.58754979339001, 50.30142995743608], [127.58740942214779, 50.30142825166014], [127.58741208544672, 50.30133834317929]], [[127.58741741200406, 50.301158526213094], [127.58714466246805, 50.30088538875731], [127.58742540173871, 50.300888800752524], [127.58741741200406, 50.301158526213094]], [[127.58714466246805, 50.30088538875731], [127.58700695686414, 50.300793774031916], [127.58714732621478, 50.300795480278275], [127.58714466246805, 50.30088538875731]], [[127.58715265366774, 50.30061566331571], [127.58729035904773, 50.30070727786925], [127.587149989948, 50.30070557179775], [127.58715265366774, 50.30061566331571]], [[127.57271895423499, 50.29962985966822], [127.57285662872343, 50.299721491077236], [127.57271626340224, 50.29971976760347], [127.57271895423499, 50.29962985966822]], [[127.58636907425786, 50.29862743709114], [127.58650677245045, 50.2987190525427], [127.58636640924901, 50.29871734557373], [127.58636907425786, 50.29862743709114]], [[127.58653341928691, 50.29781996759523], [127.58667111549953, 50.29791158284756], [127.5865307546641, 50.297909876096725], [127.58653341928691, 50.29781996759523]], [[127.37266494462878, 50.294302844177416], [127.37280221387965, 50.29439470866111], [127.37266187731129, 50.294392743816395], [127.37266494462878, 50.294302844177416]], [[127.37352535675316, 50.2937752325778], [127.37380296128254, 50.29386905967651], [127.37352229111434, 50.293865132263356], [127.37352535675316, 50.2937752325778]], [[127.37494708322686, 50.29325546428838], [127.37480062350949, 50.29343330156486], [127.37466028962996, 50.2934313391595], [127.3746664165091, 50.29325153967189], [127.37494708322686, 50.29325546428838]], [[127.5868834021447, 50.2954857590692], [127.58702109239074, 50.29557737389183], [127.58688073840196, 50.295575667620554], [127.5868834021447, 50.2954857590692]], [[127.58760114514403, 50.29495483720244], [127.58732842929766, 50.29468170018268], [127.58774682146056, 50.29477672539866], [127.58760114514403, 50.29495483720244]], [[127.58734174323556, 50.29423215725464], [127.58790048186988, 50.2943288875761], [127.58733908047499, 50.29432206584325], [127.58734174323556, 50.29423215725464]], [[127.36379139170752, 50.291030267939504], [127.36364489775896, 50.29120809088427], [127.36350457120305, 50.2912061150757], [127.36351073963675, 50.29102631651679], [127.36379139170752, 50.291030267939504]], [[127.58333301332205, 50.292114724454656], [127.5838890496452, 50.29230138229045], [127.58403740020033, 50.29203336661392], [127.584172406552, 50.29221489322973], [127.58473644985757, 50.29213182152791], [127.58500646947341, 50.292494873025284], [127.58458543511779, 50.292489746633066], [127.58443708615565, 50.29275776300258], [127.58416440088396, 50.29248461871639], [127.58401338069565, 50.29284254301156], [127.5837353586033, 50.29274921469959], [127.58372735031281, 50.2930189401104], [127.58330631156505, 50.29301380904716], [127.58343063768238, 50.29355497028695], [127.58287191758802, 50.293458218617985], [127.58288260189603, 50.29309858489415], [127.582183542167, 50.29300011875884], [127.58163552469969, 50.29254372759766], [127.5812011196553, 50.29298813086375], [127.58022404989771, 50.29279631800125], [127.58037242254605, 50.29252830721189], [127.58248293690833, 50.2923741833762], [127.58250431035026, 50.29165491589064], [127.58278766583425, 50.29156843018532], [127.58280102108442, 50.29111888789624], [127.58308170236042, 50.291122309901596], [127.58305232617742, 50.292111303007424], [127.58333835351094, 50.291934907518126], [127.58333301332205, 50.292114724454656]], [[127.58280102108442, 50.29111888789624], [127.58252568292497, 50.29093564830896], [127.58280636308966, 50.2909390709701], [127.58280102108442, 50.29111888789624]], [[127.58252835443585, 50.2908457398545], [127.58210199046235, 50.29102042148361], [127.58225034687983, 50.29075240808159], [127.58252835443585, 50.2908457398545]], [[127.58225034687983, 50.29075240808159], [127.58211802416265, 50.29048097084102], [127.58225836287615, 50.29048268273725], [127.58225034687983, 50.29075240808159]], [[127.58226103484782, 50.29039277428613], [127.58254171178694, 50.29039619755962], [127.58253369741693, 50.29066592294105], [127.58239335814775, 50.290664211372714], [127.58226103484782, 50.29039277428613]], [[127.58722802269114, 50.29333136548882], [127.58736570747296, 50.293422979889606], [127.5872253598013, 50.293421274087024], [127.58722802269114, 50.29333136548882]], [[127.37492620127993, 50.28974741058721], [127.37536860246664, 50.289123997173874], [127.37621665036853, 50.28895596345097], [127.37622889039194, 50.28859636391397], [127.3769274307299, 50.28869606401916], [127.37735756467, 50.288432242305156], [127.37779992169817, 50.28780881907599], [127.37937090132544, 50.28702125239732], [127.37938311674067, 50.28666165217875], [127.38053004474997, 50.28595809864793], [127.38236629847223, 50.285623901067936], [127.38279942195247, 50.285270158303156], [127.38350097432932, 50.285279918371685], [127.38379073148258, 50.28501412038407], [127.38491625321835, 50.28493982450387], [127.384315438082, 50.28610072749691], [127.38331496938123, 50.28662647036081], [127.38272018857586, 50.28760756379142], [127.38215587078146, 50.287689652210744], [127.38199725915712, 50.28822709976904], [127.38129566397282, 50.288217330213236], [127.38114314224963, 50.28857497623098], [127.3807221822013, 50.2885691118834], [127.38070692447499, 50.289018612301945], [127.3793037121124, 50.28899905316097], [127.37900779586298, 50.289444639308954], [127.37703104885848, 50.289776822521475], [127.37702187301402, 50.2900465222286], [127.37575895691525, 50.29002887947186], [127.3754691243623, 50.29029465648483], [127.37476443812426, 50.290374747035614], [127.37406587811286, 50.2902750337629], [127.37450523218338, 50.28974152362868], [127.37492620127993, 50.28974741058721]], [[127.38080147425865, 50.29036906840352], [127.38093874826255, 50.29046092337856], [127.38079842269902, 50.290458968465835], [127.38080147425865, 50.29036906840352]], [[127.58162215779325, 50.292993269549385], [127.5817598307087, 50.2930848904971], [127.5816194843713, 50.29308317793524], [127.58162215779325, 50.292993269549385]], [[127.38194237343939, 50.289845302210985], [127.38207964818818, 50.289937155853025], [127.38193932408595, 50.289935202332096], [127.38194237343939, 50.289845302210985]], [[127.58348136638479, 50.291846709500895], [127.5832086917329, 50.2915735630207], [127.58349204548873, 50.29148707558211], [127.58348136638479, 50.291846709500895]], [[127.58657423935243, 50.29170447942473], [127.5867092545133, 50.29188600317707], [127.58656891140247, 50.29188429661957], [127.58657423935243, 50.29170447942473]], [[127.5812519271616, 50.291279871557116], [127.58124390524925, 50.29154959674685], [127.58082555469711, 50.29145454841883], [127.58083090421086, 50.29127473165678], [127.5812519271616, 50.291279871557116]], [[127.58657956724835, 50.29152466222389], [127.5867172456251, 50.29161627736633], [127.58657690330715, 50.29161457082506], [127.58657956724835, 50.29152466222389]], [[127.58168898893578, 50.290745559415264], [127.58168364275623, 50.290925376260546], [127.5814029628084, 50.290921950889405], [127.58140563643353, 50.29083204247839], [127.58168898893578, 50.290745559415264]], [[127.58127064448237, 50.29065051272852], [127.58126529674425, 50.29083032954419], [127.58098461740637, 50.29082690316769], [127.58098996620161, 50.29064708637375], [127.58127064448237, 50.29065051272852]], [[127.58660087829159, 50.290805393360486], [127.5867385546621, 50.290897008471646], [127.58659821445848, 50.29089530197367], [127.58660087829159, 50.290805393360486]], [[127.5808603255664, 50.29028573935814], [127.58099264057888, 50.29055717797452], [127.58085230172313, 50.290555464548504], [127.5808603255664, 50.29028573935814]], [[127.58087637288673, 50.289746288936826], [127.58073336163922, 50.28983448379223], [127.58073603642296, 50.28974457539036], [127.58087637288673, 50.289746288936826]], [[127.58059569997278, 50.289742861674526], [127.58046338939157, 50.28947142260731], [127.58102473204828, 50.289478277066664], [127.58087904739263, 50.289656380528], [127.58059569997278, 50.289742861674526]], [[127.38726201413994, 50.28614165340338], [127.38728936383244, 50.28533254960541], [127.38813122969289, 50.28534422867466], [127.38814034122585, 50.28507452726997], [127.38856127198709, 50.28508036446353], [127.38871979858335, 50.28454290685728], [127.38984530262243, 50.284468563052805], [127.39056200824173, 50.2840287775391], [127.3923860047413, 50.28405402266472], [127.39239206280487, 50.28387422131402], [127.39295631885913, 50.28379208253758], [127.39772675865598, 50.28385794933611], [127.39743104639868, 50.28430358471499], [127.39686981210846, 50.284295844360265], [127.39699803908428, 50.28465738318501], [127.39615618167822, 50.28464576844251], [127.39614711558326, 50.284915470927515], [127.39502463356165, 50.28489997497616], [127.39444524129948, 50.28543162742366], [127.39303909695546, 50.285502135787674], [127.39303304098004, 50.285681937144794], [127.3926121039886, 50.28567611609302], [127.39175204786335, 50.28620387312051], [127.39076681931138, 50.28628017794001], [127.38792712851928, 50.28723019190353], [127.38638364735694, 50.287208772332036], [127.38655740754263, 50.28622181629548], [127.38726201413994, 50.28614165340338]], [[127.58481380065294, 50.28952447378782], [127.58467079725901, 50.289612673558274], [127.58467346460269, 50.289522764999916], [127.58481380065294, 50.28952447378782]], [[127.58467346460269, 50.289522764999916], [127.58453579616038, 50.28943114748817], [127.58467613193287, 50.28943285644004], [127.58467346460269, 50.289522764999916]], [[127.58574735031729, 50.28171096203365], [127.58518343223162, 50.28179403983819], [127.5853344070047, 50.28143611299142], [127.58575267944116, 50.281531144586154], [127.58574735031729, 50.28171096203365]], [[127.58757940562609, 50.28146341734889], [127.58771705731105, 50.28155503123378], [127.5875767445183, 50.28155332614523], [127.58757940562609, 50.28146341734889]], [[127.58506177992625, 50.28116297079327], [127.58478115698065, 50.281159554056096], [127.58478648964031, 50.280979736666445], [127.58506711152934, 50.28098315338194], [127.58506177992625, 50.28116297079327]], [[127.58464617871608, 50.28097802805472], [127.58451120146748, 50.28079650189968], [127.58479715479736, 50.28062010186909], [127.585215419005, 50.28071513534119], [127.58464617871608, 50.28097802805472]], [[127.58520475696349, 50.28107477019755], [127.5853424029259, 50.28116638685317], [127.5852020914193, 50.28116467890788], [127.58520475696349, 50.28107477019755]], [[127.58495879223072, 50.279902540579705], [127.58509643437988, 50.27999415751221], [127.58495612633403, 50.279992449298724], [127.58495879223072, 50.279902540579705]], [[127.58510443123707, 50.279724431334394], [127.58524207316265, 50.27981604809519], [127.58510176563152, 50.27981434006184], [127.58510443123707, 50.279724431334394]], [[127.58714326214552, 50.27723088121832], [127.58712995436072, 50.27768042542965], [127.58629080952225, 50.277580279868474], [127.58658472460804, 50.27713414867568], [127.58714326214552, 50.27723088121832]], [[127.58825236579234, 50.277694064954915], [127.58811472405152, 50.27760245172967], [127.5882550252636, 50.27760415607239], [127.58825236579234, 50.277694064954915]], [[127.5882550252636, 50.27760415607239], [127.58839798568285, 50.277515951356385], [127.58839532648918, 50.27760586024581], [127.5882550252636, 50.27760415607239]], [[127.58827895989803, 50.27679497606212], [127.58841659966106, 50.27688658908835], [127.58827630054815, 50.276884884958164], [127.58827895989803, 50.27679497606212]], [[127.58941197988051, 50.27644896854813], [127.58899640217102, 50.276264041423254], [127.58928231164867, 50.276087629855546], [127.58941197988051, 50.27644896854813]], [[127.59137383011856, 50.27179582020851], [127.59159604021356, 50.273777220521225], [127.59187396829785, 50.27387052952943], [127.59131015318535, 50.27395363803734], [127.59130484642449, 50.274133456150714], [127.59172572009479, 50.274138556866454], [127.59143452500744, 50.2744947927889], [127.59087601025671, 50.27439808102177], [127.5911486330382, 50.27467120984537], [127.59058746204967, 50.27466440571461], [127.59057418790721, 50.275113950791926], [127.59001832366286, 50.274927325861526], [127.58930622758432, 50.27527844927524], [127.58958150300414, 50.27546167274064], [127.58901766527495, 50.27554476991276], [127.58831884852825, 50.27544634244152], [127.58831353021951, 50.27562616027711], [127.5880302797253, 50.27571266056498], [127.58775234869049, 50.27561934236622], [127.58746111489017, 50.2759755679185], [127.58675963313614, 50.275967039919976], [127.58706417963589, 50.27516127181182], [127.58664596005625, 50.27506624528341], [127.58679690158402, 50.27470831586159], [127.5865296285296, 50.274255359304924], [127.58680488733582, 50.27443858923936], [127.58727632143886, 50.27273543704089], [127.58769984210583, 50.27265064330217], [127.58770782217422, 50.272380916479], [127.58798839387435, 50.2723843257223], [127.5882849190649, 50.27184828047195], [127.58940188041392, 50.27204172573829], [127.58942844754601, 50.27114263552171], [127.5898546061944, 50.27096792471871], [127.58972229259861, 50.27069649533288], [127.59000285464415, 50.270699899631616], [127.5900214429723, 50.27007053618701], [127.59201717275225, 50.269015436953474], [127.59203573342221, 50.26838607278067], [127.59232688586167, 50.26802983463668], [127.5927477059196, 50.26803493120616], [127.59246185791075, 50.26821135204934], [127.59258622918215, 50.26875250607371], [127.5922950741472, 50.269108744803546], [127.59271060315072, 50.26929365993947], [127.59268674998005, 50.27010284254131], [127.59229242308365, 50.26919865397437], [127.59200921797778, 50.26928516443359], [127.59227651641997, 50.26973810896778], [127.59237968103977, 50.27099853627923], [127.59209911695287, 50.27099513770283], [127.59209116208302, 50.271264865100086], [127.59180794428778, 50.27135137493297], [127.59179733544069, 50.27171101139252], [127.59137383011856, 50.27179582020851]], [[127.59268674998005, 50.27010284254131], [127.59296465900324, 50.27019614883715], [127.59268409956056, 50.27019275171179], [127.59268674998005, 50.27010284254131]], [[127.59165439882294, 50.27179922057453], [127.59178937866417, 50.27198073872141], [127.5916490937638, 50.27197903878151], [127.59165439882294, 50.27179922057453]], [[127.58957087583882, 50.27582130860032], [127.58970851534326, 50.27591292010864], [127.58956821901381, 50.275911217561486], [127.58957087583882, 50.27582130860032]], [[127.5901479945109, 50.27528866382352], [127.59042592843431, 50.275381976321256], [127.59014533882295, 50.27537857281529], [127.5901479945109, 50.27528866382352]], [[127.59085477601504, 50.275117353249826], [127.59099241601244, 50.27520896325199], [127.59085212167427, 50.27520726227157], [127.59085477601504, 50.275117353249826]], [[127.59128361884282, 50.27485272854423], [127.59142125892096, 50.274944338043056], [127.59128096533458, 50.27494263758667], [127.59128361884282, 50.27485272854423]], [[127.5862543718357, 50.27407212873067], [127.58639199991862, 50.27416374409778], [127.58625170892978, 50.274162037590614], [127.5862543718357, 50.27407212873067]], [[127.59312863320315, 50.27415554824929], [127.59326627488383, 50.27424715558646], [127.59312598323504, 50.27424545737381], [127.59312863320315, 50.27415554824929]], [[127.58771580212118, 50.27211118964233], [127.58699042498138, 50.272911843879214], [127.5864266132101, 50.27299492873116], [127.5861273967716, 50.27362087776452], [127.58570652867917, 50.273615756817], [127.58598977074693, 50.27352926209316], [127.5859977607248, 50.27325953550981], [127.5854339432051, 50.27334261549175], [127.58531230683126, 50.27271154596805], [127.58503439859798, 50.27261822141416], [127.58492876029322, 50.27144769838224], [127.58521465538558, 50.271271296562944], [127.58523330720274, 50.27064193447876], [127.58581307338541, 50.27001940175439], [127.58611759581, 50.26921363513798], [127.58696723794635, 50.26895414499039], [127.58697522110725, 50.26868441807993], [127.5876898943375, 50.26824339887191], [127.58838860457325, 50.26834182934691], [127.58839657953246, 50.26807210224273], [127.58897095856891, 50.2676293709949], [127.58994755189083, 50.26782110710678], [127.5899395857631, 50.268090834402706], [127.59119674054999, 50.26828596377077], [127.59063033635704, 50.26845897873278], [127.59089496350975, 50.26900183547264], [127.59047413526578, 50.268996732124776], [127.59031793053596, 50.26953448522876], [127.58947892138616, 50.26943436369671], [127.58964310326812, 50.26862688456513], [127.58936255344598, 50.26862347949925], [127.58936786648444, 50.26844366136467], [127.58965107122191, 50.26835715732861], [127.58923024888445, 50.268352049524545], [127.58919836683967, 50.269430958195166], [127.58862928392644, 50.269693872230135], [127.58861599368709, 50.270143417315204], [127.58763137885762, 50.27022139666157], [127.58773974123389, 50.271302009051254], [127.58801498794556, 50.27148523610606], [127.58744853434098, 50.27165823505068], [127.58771580212118, 50.27211118964233]], [[127.58815527117584, 50.271486940419756], [127.58814729388804, 50.27175666733661], [127.58771846207654, 50.27202128069377], [127.58773176165103, 50.271571735928454], [127.58815527117584, 50.271486940419756]], [[127.58501574285212, 50.273247583229185], [127.58515070127243, 50.27342910886443], [127.5850104125174, 50.27342740087711], [127.58501574285212, 50.273247583229185]], [[127.58461620538695, 50.27252318776245], [127.58475382588075, 50.27261480502927], [127.5846135395424, 50.27261309658293], [127.58461620538695, 50.27252318776245]], [[127.58871374620529, 50.27158366497734], [127.588851371991, 50.27167527744945], [127.58871108816533, 50.27167357397125], [127.58871374620529, 50.27158366497734]], [[127.59194292348494, 50.27153289290942], [127.59207790369777, 50.27171441073218], [127.59193761956251, 50.27171271114697], [127.59194292348494, 50.27153289290942]], [[127.58914256859369, 50.27131904784865], [127.58928019446024, 50.27141065981748], [127.58913991138614, 50.27140895686326], [127.58914256859369, 50.27131904784865]], [[127.58789066210826, 50.27094407781374], [127.58802828447554, 50.27103569124165], [127.58788800257871, 50.27103398678572], [127.58789066210826, 50.27094407781374]], [[127.58958732419816, 50.27051497484251], [127.58972494864243, 50.270606586284664], [127.58958466790382, 50.27060488388681], [127.58958732419816, 50.27051497484251]], [[127.59281907892387, 50.27037426870633], [127.59295140934407, 50.27064569472091], [127.59281112829609, 50.270643996215924], [127.59281907892387, 50.27037426870633]], [[127.58790395955366, 50.27049453293133], [127.58776633896684, 50.270402919363], [127.5879066190023, 50.270404623950334], [127.58790395955366, 50.27049453293133]], [[127.5879066190023, 50.270404623950334], [127.58804955822241, 50.27031641938053], [127.58804689905125, 50.27040632836842], [127.5879066190023, 50.270404623950334]], [[127.5928349798166, 50.269834813646625], [127.59297260863754, 50.26992642128889], [127.5928323297014, 50.269924722827], [127.5928349798166, 50.269834813646625]], [[127.59312348585551, 50.26956848280796], [127.59325846518323, 50.26974999931037], [127.59311818674817, 50.26974830119775], [127.59312348585551, 50.26956848280796]], [[127.58554849885462, 50.26947653397459], [127.58568611249717, 50.269568150125245], [127.58554583505338, 50.269566442878606], [127.58554849885462, 50.26947653397459]], [[127.59272385444193, 50.26884411399705], [127.59285883024877, 50.26902563095581], [127.59271855396574, 50.26902393237852], [127.59272385444193, 50.26884411399705]], [[127.5928826795927, 50.268216448143434], [127.59287737983253, 50.26839626655668], [127.59315792874347, 50.268399663128086], [127.59300970533214, 50.268667692551794], [127.5925941805472, 50.26848277850191], [127.5928826795927, 50.268216448143434]], [[127.59315792874347, 50.268399663128086], [127.59330085231403, 50.26831145193789], [127.59329820321909, 50.26840136115993], [127.59315792874347, 50.268399663128086]], [[127.46972751199903, 50.2666599861587], [127.46986489228706, 50.266751737373276], [127.46972463041246, 50.266749890429885], [127.46972751199903, 50.2666599861587]], [[127.59092946025213, 50.26783301679683], [127.59106707967808, 50.26792462664748], [127.59092680673729, 50.26792292593474], [127.59092946025213, 50.26783301679683]], [[127.59430394966672, 50.2676040592526], [127.59444157499826, 50.26769566515916], [127.59430130252682, 50.267693968524306], [127.59430394966672, 50.2676040592526]], [[127.58954267086654, 50.26727654588015], [127.59110157089064, 50.26675580766746], [127.59107769260099, 50.267564990065246], [127.59051660514154, 50.267558186285186], [127.59038429682032, 50.267286757545584], [127.59023606149259, 50.267554783379744], [127.58953470260566, 50.267546273154494], [127.58954267086654, 50.26727654588015]], [[127.5944495155859, 50.267425937323374], [127.59417161960366, 50.26733263464587], [127.59445216242162, 50.26733602804177], [127.5944495155859, 50.267425937323374]], [[127.59445216242162, 50.26733602804177], [127.59459508040905, 50.2672478151974], [127.5945924338507, 50.26733772448588], [127.59445216242162, 50.26733602804177]], [[127.58857937960302, 50.2666352611423], [127.58913248539787, 50.26691180144077], [127.5891245149232, 50.267181528684524], [127.58884397365499, 50.26717812243756], [127.58898955847347, 50.267000007495454], [127.58857140608248, 50.266904988334744], [127.58857937960302, 50.2666352611423]], [[127.59431983222436, 50.26706460359078], [127.59445745605278, 50.267156209474074], [127.59431718516497, 50.267154512871514], [127.59431983222436, 50.26706460359078]], [[127.59165734498269, 50.266942426909864], [127.59179496329068, 50.26703403590238], [127.591654692922, 50.26703233608974], [127.59165734498269, 50.266942426909864]], [[127.59180291864058, 50.26676430834206], [127.59165999702992, 50.26685251772848], [127.5916626490637, 50.266762608545605], [127.59180291864058, 50.26676430834206]], [[127.5916626490637, 50.266762608545605], [127.59167325706437, 50.26640297179906], [127.59195114266801, 50.26649628037928], [127.5916626490637, 50.266762608545605]], [[127.59195379412017, 50.26640637117961], [127.5915356407871, 50.266311362669946], [127.59140598239985, 50.26595002582856], [127.59196174839596, 50.26613664357161], [127.59195379412017, 50.26640637117961]], [[127.59418750350332, 50.26679317898936], [127.59446539639886, 50.26688648161129], [127.59418485622027, 50.2668830882692], [127.59418750350332, 50.26679317898936]], [[127.58956126300389, 50.26664718218748], [127.58914045575126, 50.26664207418349], [127.58914576925288, 50.26646225600447], [127.58956126300389, 50.26664718218748]], [[127.58886788946593, 50.266368940763], [127.58886257493559, 50.266548758923406], [127.58858203741624, 50.26654535207515], [127.588584695216, 50.266455443006485], [127.58886788946593, 50.266368940763]], [[127.59068872396516, 50.2664809777875], [127.59082633907914, 50.266572587907426], [127.59068607012425, 50.26657088693714], [127.59068872396516, 50.2664809777875]], [[127.59433306732, 50.2666150571647], [127.59419809250136, 50.26643354185501], [127.5943383612643, 50.26643523858377], [127.59433306732, 50.2666150571647]], [[127.59434100821633, 50.26634532929105], [127.59476445994079, 50.26626050913543], [127.5948941446174, 50.26662184243046], [127.59461360594184, 50.26661845013603], [127.59434100821633, 50.26634532929105]], [[127.59532288808525, 50.26635720161623], [127.59546051185096, 50.26644880632151], [127.59532024298066, 50.266447110946594], [127.59532288808525, 50.26635720161623]], [[127.58943427491998, 50.26619593417591], [127.58957188678613, 50.266287545758644], [127.58943161874416, 50.26628584328148], [127.58943427491998, 50.26619593417591]], [[127.59097987447828, 50.26612474289137], [127.5907046467281, 50.26594152285818], [127.59112544809079, 50.26594662514808], [127.59097987447828, 50.26612474289137]], [[127.59621208101117, 50.264749002511245], [127.59720449444319, 50.26440122103574], [127.59705102313397, 50.264849074939384], [127.596624945356, 50.2650238129886], [127.596468823647, 50.265561575406224], [127.59648996614533, 50.26484230025726], [127.59620679443817, 50.264928821289004], [127.59621208101117, 50.264749002511245]], [[127.59002189657416, 50.26530365169349], [127.58974402172885, 50.2652103385712], [127.59017012585113, 50.2650356259827], [127.59002189657416, 50.26530365169349]], [[127.59620150781157, 50.26510864006075], [127.59633912973406, 50.265200243728664], [127.59619886447818, 50.26519854944438], [127.59620150781157, 50.26510864006075]], [[127.57586590808442, 50.264771269812634], [127.5761437525827, 50.26486461587538], [127.57586322649924, 50.26486117841295], [127.57586590808442, 50.264771269812634]], [[127.58904801101936, 50.26502200744697], [127.58877013975288, 50.264928692021265], [127.58877545432607, 50.26474887381762], [127.58919624483111, 50.26475398300438], [127.58904801101936, 50.26502200744697]], [[127.58961969114038, 50.2646691815317], [127.58989756260883, 50.264762494931276], [127.58961703545735, 50.26475909066818], [127.58961969114038, 50.2646691815317]], [[127.5781449185343, 50.26362993739877], [127.5782825011696, 50.26372156214337], [127.57814224134783, 50.263719846105765], [127.5781449185343, 50.26362993739877]], [[127.59752727220327, 50.26296605566196], [127.59766489060935, 50.26305765776236], [127.59752463156632, 50.26305596512992], [127.59752727220327, 50.26296605566196]], [[127.59937173454746, 50.26226877025999], [127.59937964576612, 50.2619990416019], [127.59980568645359, 50.26182429305435], [127.59979514140859, 50.26218393133846], [127.59937173454746, 50.26226877025999]], [[127.5974187032031, 50.2618854491976], [127.59742926602993, 50.26152581126025], [127.59756952057391, 50.26152750397065], [127.59769921441527, 50.26188883449214], [127.5974187032031, 50.2618854491976]], [[127.59827607166143, 50.261356145942514], [127.59729429336014, 50.26134429941371], [127.59828134977481, 50.26117632689444], [127.59840313155972, 50.26180738524775], [127.59827607166143, 50.261356145942514]], [[127.597582722487, 50.26107795648837], [127.59772033563311, 50.26116955850755], [127.59758008213116, 50.261167865987815], [127.597582722487, 50.26107795648837]], [[127.59983204813065, 50.26092519723912], [127.60010464721309, 50.26119830545528], [127.59940337870023, 50.26118985554665], [127.59982677590214, 50.261105016414156], [127.59983204813065, 50.26092519723912]], [[127.5999749368854, 50.26083697744044], [127.6002554422466, 50.260840356515025], [127.60039042485622, 50.26102186501943], [127.60010991841293, 50.26101848626181], [127.5999749368854, 50.26083697744044]], [[127.59816221024839, 50.26045535884215], [127.59800876133, 50.26090321448824], [127.5977361759844, 50.26063010145612], [127.59774937590907, 50.26018055387202], [127.59816221024839, 50.26045535884215]], [[127.59215526515885, 50.25957326761434], [127.59214201287043, 50.26002281416788], [127.59284061289064, 50.2601212170782], [127.59199911230913, 50.260111024245695], [127.59215526515885, 50.25957326761434]], [[127.59215526515885, 50.25957326761434], [127.59260780530512, 50.258499452111906], [127.59247550909555, 50.25822802545157], [127.59275599823603, 50.258231422497786], [127.59276924390502, 50.25778187568646], [127.59304973046122, 50.257785272002074], [127.59290154060669, 50.258053302036316], [127.59318202877253, 50.258056698045905], [127.59315024761658, 50.259135610469926], [127.593994378351, 50.25905588543319], [127.59414256532634, 50.25878785402504], [127.59484115170015, 50.2588862448117], [127.59468767706754, 50.259334095971326], [127.59440453505043, 50.25942061293745], [127.59258395951804, 50.25930863618879], [127.59243841204966, 50.259486756172926], [127.59229551365266, 50.25957496664123], [127.59215526515885, 50.25957326761434]], [[127.5924675599502, 50.25849775348806], [127.59232996460103, 50.25840614535642], [127.59247020967875, 50.25840784414407], [127.5924675599502, 50.25849775348806]], [[127.59318202877253, 50.258056698045905], [127.59336199264533, 50.25670975488228], [127.59434102800046, 50.25681154327977], [127.59432515145336, 50.25735099990317], [127.59419549484024, 50.25698966565804], [127.59377741895241, 50.25689466571845], [127.5937588887873, 50.25752403161266], [127.59432250531525, 50.25744090933514], [127.59429868946853, 50.258250094155464], [127.59499462337281, 50.258438393391586], [127.59498933339928, 50.25861821227183], [127.5941452119295, 50.25869794462094], [127.59402614035187, 50.257976972603586], [127.59318202877253, 50.258056698045905]], [[127.59499462337281, 50.258438393391586], [127.59514015809779, 50.25826027006776], [127.59530420214378, 50.25745278030187], [127.59527775849062, 50.25835187491564], [127.59499462337281, 50.258438393391586]], [[127.59526982513326, 50.25862160327051], [127.59526189165528, 50.2588913316119], [127.59484379699767, 50.25879633538219], [127.59498933339928, 50.25861821227183], [127.59526982513326, 50.25862160327051]], [[127.60027652418711, 50.26012107961427], [127.60041413984509, 50.26021267847811], [127.60027388899131, 50.26021098923213], [127.60027652418711, 50.26012107961427]], [[127.60112592868535, 50.25986148356128], [127.601263545255, 50.25995308143052], [127.60112329511259, 50.25995139321576], [127.60112592868535, 50.25986148356128]], [[127.59383824797106, 50.25959364477038], [127.59369270425859, 50.25977176634898], [127.59341220596052, 50.2597683714883], [127.59383824797106, 50.25959364477038]], [[127.59383824797106, 50.25959364477038], [127.59398114361372, 50.25950543238177], [127.59397849662601, 50.25959534176699], [127.59383824797106, 50.25959364477038]], [[127.59818332342125, 50.259736082536804], [127.5983209339194, 50.25982768384268], [127.59818068432149, 50.25982599208023], [127.59818332342125, 50.259736082536804]], [[127.59804835278763, 50.25955457152994], [127.59860670975863, 50.25965124773946], [127.59804571345076, 50.259644481070985], [127.59804835278763, 50.25955457152994]], [[127.59876278677484, 50.259113481553875], [127.59847701476288, 50.25928991808855], [127.59834204423252, 50.25910840741042], [127.59876278677484, 50.259113481553875]], [[127.59876278677484, 50.259113481553875], [127.59904591927979, 50.25902695388264], [127.59904328186992, 50.25911686347023], [127.59876278677484, 50.259113481553875]], [[127.60115489710459, 50.25887247726312], [127.60128724455478, 50.2591438944381], [127.60114699678681, 50.25914220627152], [127.60115489710459, 50.25887247726312]], [[127.59918880371625, 50.25893873498722], [127.5990511940594, 50.25884713470294], [127.59919144083555, 50.258848825391254], [127.59918880371625, 50.25893873498722]], [[127.59919144083555, 50.258848825391254], [127.59933432446721, 50.25876060630758], [127.59933168762505, 50.25885051591038], [127.59919144083555, 50.258848825391254]], [[127.60144592253064, 50.25851621465329], [127.60129777722985, 50.25878425573582], [127.6010172838178, 50.258780879276294], [127.60046683594683, 50.25841448572927], [127.60144592253064, 50.25851621465329]], [[127.59962009014761, 50.25858416759597], [127.59948511718588, 50.25840265820444], [127.59976560819365, 50.25840603834317], [127.59962009014761, 50.25858416759597]], [[127.59976560819365, 50.25840603834317], [127.60004873471112, 50.25831950816804], [127.60004609925484, 50.25840941780516], [127.59976560819365, 50.25840603834317]], [[127.59546295251468, 50.25682510912102], [127.59560054945567, 50.25691671357928], [127.59546030856728, 50.256915018605014], [127.59546295251468, 50.25682510912102]], [[127.60052216110427, 50.256526382697515], [127.60051425787093, 50.256796111742545], [127.60023377622619, 50.2567927334885], [127.6002390461169, 50.25661291414808], [127.60052216110427, 50.256526382697515]], [[127.59449185155914, 50.25645360180158], [127.59462680006848, 50.25663511684713], [127.59448656006528, 50.256633420704794], [127.59449185155914, 50.25645360180158]], [[127.59996120103362, 50.25651962557702], [127.599678085098, 50.25660615565276], [127.59968072107844, 50.25651624600174], [127.59996120103362, 50.25651962557702]], [[127.59968072107844, 50.25651624600174], [127.59954311735176, 50.25642464631317], [127.59968335704552, 50.25642633634921], [127.59968072107844, 50.25651624600174]], [[127.59954311735176, 50.25642464631317], [127.59940551415261, 50.25633304646466], [127.59954575356926, 50.256334736664506], [127.59954311735176, 50.25642464631317]], [[127.59323234498274, 50.256348419599306], [127.59336993623684, 50.256440026658844], [127.59322969688195, 50.25643832900472], [127.59323234498274, 50.256348419599306]], [[127.48582464467401, 50.25463870759924], [127.48595917241579, 50.2548203450676], [127.4858189445252, 50.254818517857935], [127.48582464467401, 50.25463870759924]], [[127.59408436566918, 50.255998965188205], [127.59351811828462, 50.25617199589068], [127.59353929817263, 50.255452720483085], [127.59409495139295, 50.2556393273983], [127.59408436566918, 50.255998965188205]], [[127.59576458065354, 50.25610922287757], [127.59591274826093, 50.255841188919725], [127.5960529860242, 50.255842883321975], [127.59604241496422, 50.25620252140098], [127.59576458065354, 50.25610922287757]], [[127.59955102596415, 50.256154917362686], [127.59940815062053, 50.25624313681985], [127.59941078707509, 50.25615322717354], [127.59955102596415, 50.256154917362686]], [[127.59941078707509, 50.25615322717354], [127.59927318490432, 50.256061627172805], [127.59941342351627, 50.25606331752573], [127.59941078707509, 50.25615322717354]], [[127.6005326985618, 50.25616674394985], [127.60067030347716, 50.25625834248013], [127.60053006421745, 50.25625665363901], [127.6005326985618, 50.25616674394985]], [[127.59338582305756, 50.25590057017145], [127.59338052750434, 50.25608038900659], [127.593102699229, 50.255987084166215], [127.59310534752643, 50.25589717475867], [127.59338582305756, 50.25590057017145]], [[127.59478291124043, 50.25609735602807], [127.59450772571883, 50.25591414505588], [127.59451301699812, 50.25573432612865], [127.59493108429315, 50.255829323367294], [127.59478291124043, 50.25609735602807]], [[127.59942133275963, 50.255793588573326], [127.59955893445631, 50.255885188398686], [127.59941869635854, 50.255883498225636], [127.59942133275963, 50.255793588573326]], [[127.6009665831546, 50.25572226140097], [127.60082107793734, 50.25590039234357], [127.60068083971937, 50.25589870369304], [127.60068610776037, 50.255718884290495], [127.6009665831546, 50.25572226140097]], [[127.59551582864823, 50.25502691912591], [127.59577779701573, 50.25565967532128], [127.59507661110499, 50.255651199980456], [127.59495753210628, 50.25493022849477], [127.59551582864823, 50.25502691912591]], [[127.5981671090999, 50.255508640630445], [127.59830470755116, 50.25560024191846], [127.59816447036502, 50.255598550238986], [127.5981671090999, 50.255508640630445]], [[127.60069137574794, 50.255539064881944], [127.60082897918751, 50.25563066322143], [127.60068874176085, 50.25562897458696], [127.60069137574794, 50.255539064881944]], [[127.59999546070551, 50.2553507998379], [127.5998499530509, 50.25552892955477], [127.59970971598148, 50.25552723974148], [127.59971498760835, 50.25534742040195], [127.59999546070551, 50.2553507998379]], [[127.59816974782142, 50.255418731020406], [127.5980374280517, 50.255147310359476], [127.59817766390567, 50.2551490021813], [127.59816974782142, 50.255418731020406]], [[127.59817766390567, 50.2551490021813], [127.59832317656814, 50.25497087458963], [127.59831789977304, 50.25515069383394], [127.59817766390567, 50.2551490021813]], [[127.5994424234873, 50.25507431130093], [127.59943715088555, 50.255254130628025], [127.59915667842282, 50.25525074984946], [127.59916195207957, 50.25507093054381], [127.5994424234873, 50.25507431130093]], [[127.59706898120497, 50.25468591498971], [127.59706369974255, 50.25486573414642], [127.59678322984462, 50.25486234765923], [127.5969155417016, 50.25513376969509], [127.59607677012558, 50.25503369755645], [127.59637045122794, 50.254587538002994], [127.59706898120497, 50.25468591498971]], [[127.59846868813547, 50.254792746801364], [127.59833109166053, 50.254701145711934], [127.59847132622245, 50.254702837168594], [127.59846868813547, 50.254792746801364]], [[127.59847132622245, 50.254702837168594], [127.59904017561975, 50.25443987233201], [127.59916986246449, 50.25480120157408], [127.59847132622245, 50.254702837168594]], [[127.59328530417964, 50.25455023117561], [127.59342289042696, 50.25464183815749], [127.59328265634731, 50.25464014061105], [127.59328530417964, 50.25455023117561]], [[127.5977991861269, 50.253705372429366], [127.59764839636338, 50.2540633186452], [127.59709010651925, 50.25396663830293], [127.59737849138538, 50.253700295191585], [127.5977991861269, 50.253705372429366]], [[127.59906127107374, 50.2537205950083], [127.59905072345366, 50.254080233682146], [127.59863793829493, 50.25380543199234], [127.59948460237703, 50.253635756468206], [127.59906127107374, 50.2537205950083]], [[127.59961429053418, 50.25399708527286], [127.59933118903214, 50.25408361465964], [127.59933382542972, 50.253993704982726], [127.59961429053418, 50.25399708527286]], [[127.59933382542972, 50.253993704982726], [127.59919622954553, 50.253902104910836], [127.59933646181395, 50.25390379530429], [127.59933382542972, 50.253993704982726]], [[127.59892895072541, 50.25344917528222], [127.59906654480358, 50.25354077566239], [127.59892631361681, 50.253539084952074], [127.59892895072541, 50.25344917528222]], [[127.59950569053919, 50.252916478907885], [127.59949778257858, 50.253186208004244], [127.59921732224808, 50.253182827472266], [127.59922523179105, 50.252913098408065], [127.59950569053919, 50.252916478907885]], [[127.5992305047529, 50.252733279024426], [127.59908500243704, 50.25291140790443], [127.59894477309638, 50.252909717231645], [127.59895004711309, 50.25272989786946], [127.5992305047529, 50.252733279024426]], [[127.59966436952773, 50.25228880092255], [127.59980196173662, 50.252380400433566], [127.59966173391145, 50.25237871063869], [127.59966436952773, 50.25228880092255]], [[127.52776821277301, 50.25014094256003], [127.52804587630366, 50.250234402275616], [127.5277654420786, 50.25023084947765], [127.52776821277301, 50.25014094256003]], [[127.59900014760562, 50.25102161362948], [127.59913773492431, 50.25111321390538], [127.59899751085787, 50.25111152333981], [127.59900014760562, 50.25102161362948]], [[127.60069535046254, 50.24582543130526], [127.60097313524503, 50.24591871778131], [127.60069271738959, 50.24591534116151], [127.60069535046254, 50.24582543130526]], [[127.56947222348448, 50.24400615836367], [127.5696097335393, 50.24409779305391], [127.56946953184453, 50.24409606703665], [127.56947222348448, 50.24400615836367]], [[127.55439310811794, 50.24175086760063], [127.55413176220874, 50.24111802204267], [127.55455233829888, 50.241123254872406], [127.55456593523715, 50.24067371420261], [127.5554097976489, 50.24059426695964], [127.5554261039508, 50.240054817898134], [127.55626723802536, 50.240065272508296], [127.55628625035024, 50.23943591496929], [127.5568605738461, 50.238993339918565], [127.55756150375147, 50.23900204373192], [127.55786629253159, 50.23819634937243], [127.5584270273276, 50.238203307829], [127.55843787463071, 50.23784367450097], [127.55914691954608, 50.23758264356314], [127.55944083286712, 50.23713657809992], [127.56014715336912, 50.23696544928999], [127.56144124829703, 50.235902175278326], [127.56358173412751, 50.23466946992709], [127.56513444103393, 50.234328887769855], [127.56528270956984, 50.234060892789564], [127.5662720040135, 50.23380327885866], [127.56909158110156, 50.23329838620217], [127.57246103500364, 50.23315995057274], [127.57273332121473, 50.23343312158474], [127.57271184484101, 50.2341523932644], [127.5722832704926, 50.2344169534756], [127.57226984316128, 50.23486649812207], [127.57199217962606, 50.23477314387766], [127.57184125991522, 50.23513105659562], [127.57156090886062, 50.23512761021957], [127.57139654870615, 50.23593506671127], [127.57111619299108, 50.235931619222605], [127.57082239566932, 50.2363777153032], [127.57025898981537, 50.236460725658326], [127.57010267205041, 50.23699845348514], [127.56940176767, 50.236989825560414], [127.56938831201758, 50.23743936944211], [127.56882219902484, 50.23761228144832], [127.568816814506, 50.237792098940645], [127.56811589888272, 50.237783463162266], [127.56810781804978, 50.23805318930734], [127.56768457203945, 50.23813791445794], [127.56767918314101, 50.23831773184459], [127.566409431455, 50.238571897853284], [127.56583250255014, 50.23910442954463], [127.56342770814658, 50.23979425696331], [127.5634223029183, 50.23997407396351], [127.56285884243154, 50.24005704790896], [127.56270783705668, 50.240414947714584], [127.56214707526233, 50.24040800969288], [127.56199876879168, 50.24067600006625], [127.5612978129729, 50.240667322807184], [127.56114950092707, 50.24093531203704], [127.56058331728585, 50.24110818318518], [127.5601654490723, 50.24101306382903], [127.55987964616374, 50.241189405675634], [127.56001442042779, 50.24137095987725], [127.55888474205123, 50.241626779833695], [127.55915428638164, 50.24198989032161], [127.55789253304877, 50.24197423703503], [127.55787625347456, 50.242513686503194], [127.55703507571695, 50.24250324317166], [127.55702693100027, 50.24277296778608], [127.55492397691384, 50.242746832578575], [127.55491582021332, 50.24301655693081], [127.55463542498792, 50.243013069328924], [127.55464358326978, 50.24274334500987], [127.55408279614704, 50.24273636784347], [127.55410455939254, 50.242017103103365], [127.55439310811794, 50.24175086760063]], [[127.55355466643242, 50.241650491091065], [127.55241950112874, 50.242086063935204], [127.55243311859044, 50.24163652376332], [127.55355466643242, 50.241650491091065]], [[127.58245997707658, 50.236430338862206], [127.5816162292681, 50.236509983630356], [127.57989934082059, 50.2376582557808], [127.578769853084, 50.237914270883216], [127.5793252446386, 50.23810094675574], [127.57792339826423, 50.238083797655456], [127.57735463135089, 50.238346660498905], [127.57623582770674, 50.23824301447867], [127.5759259892609, 50.23922857764893], [127.5731088141569, 50.239643724416304], [127.57213555113618, 50.239361942519245], [127.57214898186982, 50.23891239824869], [127.57356158282951, 50.238569981546476], [127.57356694964885, 50.238390163706505], [127.5739875053184, 50.238395325999505], [127.57427592200732, 50.23812903982979], [127.57316249897617, 50.237845546434215], [127.57258833879625, 50.238288203555115], [127.57188472819476, 50.23836949931926], [127.57204640316175, 50.23765195134178], [127.57108393875538, 50.23701052547966], [127.57123218272008, 50.23674252281374], [127.57193308403396, 50.23675113966825], [127.57194114291171, 50.23648141301239], [127.57321081066202, 50.23622718573617], [127.5732215459938, 50.23586754995934], [127.57350190159019, 50.235870992365754], [127.57349116836609, 50.23623062818625], [127.57448046516434, 50.23597294445896], [127.575067981219, 50.23508073229049], [127.57421888234364, 50.235340141484066], [127.57406797736891, 50.23569805718719], [127.57350726812066, 50.235691174446494], [127.5735153178144, 50.23542144755633], [127.57407602390117, 50.23542833023155], [127.57409211659878, 50.23488887627966], [127.5749385276149, 50.23471937696351], [127.57495461017639, 50.23417992274317], [127.57537780865307, 50.234095170644636], [127.57553405704806, 50.233557434873426], [127.5760947417665, 50.233564307624675], [127.57624562455254, 50.23320638897471], [127.57695985813011, 50.23276542946758], [127.577520533908, 50.232772295261675], [127.57752856012924, 50.23250256776496], [127.57836956946126, 50.232512861287404], [127.57838561205503, 50.23197340605756], [127.57964711274337, 50.23198883463854], [127.5796551267455, 50.23171910685657], [127.58049612307225, 50.231729384873475], [127.58050413221137, 50.23145965698023], [127.58177095511999, 50.23129524374944], [127.58119161685688, 50.23191776388178], [127.58034260683121, 50.232177218724765], [127.58032925634025, 50.232626765118766], [127.57905170318766, 50.23315079913131], [127.57804644189905, 50.23394797763038], [127.57762592460908, 50.2339428303545], [127.57762057390153, 50.23412264864994], [127.57705720583603, 50.23420569232913], [127.57648312575014, 50.23464836964533], [127.57564207954233, 50.23463806215464], [127.57563672124145, 50.23481788027357], [127.57619474264959, 50.23491466173275], [127.57874463108054, 50.23404646223485], [127.57874997754602, 50.23386664384938], [127.57988738244316, 50.23334090022281], [127.5797552254885, 50.23306945913803], [127.5813131059622, 50.232548840697405], [127.58132377895241, 50.232189203427204], [127.58188711619351, 50.232106138767065], [127.58232094975276, 50.23166172366927], [127.58571153688288, 50.230803626974364], [127.58641501405305, 50.23072224623365], [127.58668736707594, 50.23099538520855], [127.5867006570194, 50.23054583745273], [127.58711583172749, 50.23073077078083], [127.58810759832174, 50.230383059612414], [127.58936110351753, 50.23066811128185], [127.59006457292794, 50.230586708371604], [127.58991910578938, 50.23076482671555], [127.59132074483645, 50.23078182933045], [127.5930132978747, 50.23044257096749], [127.59330420614853, 50.23008632610516], [127.59372204765454, 50.230181326198746], [127.59357659531445, 50.23035944925913], [127.59399708398318, 50.230364538554255], [127.59370617910197, 50.230720785164046], [127.59328304175708, 50.23080560459644], [127.5932460020078, 50.23206434172509], [127.59293655604142, 50.23304995455527], [127.59349723902099, 50.23305674329405], [127.59349194817256, 50.23323656284834], [127.59265092062246, 50.23322637866142], [127.59221981568716, 50.233580923182856], [127.59235469270119, 50.233762440948745], [127.59292332355112, 50.23349950332216], [127.59277521107721, 50.23376753491395], [127.59318514528695, 50.23413226636939], [127.59276462362892, 50.23412717386091], [127.59218804037519, 50.23465983972929], [127.59191033815955, 50.23456653276834], [127.59191563520602, 50.23438671337749], [127.59176751425683, 50.23465474357407], [127.5912068129536, 50.23464794633388], [127.59133638973641, 50.23500928456899], [127.59105868720864, 50.23491597557478], [127.59106663766136, 50.23464624660124], [127.5896622327057, 50.234719149583015], [127.58964631579155, 50.23525860718401], [127.58992666980913, 50.235262009936584], [127.59005889057069, 50.2355334398881], [127.5904820754215, 50.23544863266626], [127.59063020609673, 50.2351806042256], [127.59090525879905, 50.23536382388919], [127.59062490406643, 50.23536042349243], [127.59061960198243, 50.23554024275326], [127.59159819825216, 50.23564205092496], [127.59174367439161, 50.235463930696646], [127.59132314128071, 50.23545883287459], [127.59161939161957, 50.23492277355579], [127.59190239248922, 50.23483626184338], [127.59188914943692, 50.23528581027173], [127.59259533028255, 50.23511448294115], [127.5927460950781, 50.23475654196034], [127.59316397606938, 50.234851544320485], [127.59315074487264, 50.235301092991136], [127.5925847409757, 50.23547412177654], [127.59651500467507, 50.23534177996793], [127.5965334839959, 50.23471241091543], [127.59723436320414, 50.234720874925294], [127.59742466390634, 50.23301427880956], [127.5977023681979, 50.233107572628846], [127.5975410944325, 50.23382516019633], [127.59824196093625, 50.233833618021556], [127.598403224231, 50.23311602939437], [127.59839531559847, 50.233385759287536], [127.59881583174952, 50.2333908313667], [127.59893228669151, 50.234201711513194], [127.59921263562764, 50.23420509181254], [127.5994982530775, 50.23402865144969], [127.5993449065347, 50.23447651166039], [127.59806223373734, 50.23518057578461], [127.59805168553052, 50.235540215458286], [127.59721061581264, 50.23553006393512], [127.59719214487055, 50.23615943308099], [127.59649124458518, 50.2361509686417], [127.5964965246988, 50.23597114894693], [127.59580355140474, 50.23569295086222], [127.59537244699558, 50.23604750694457], [127.59535923600527, 50.23649705594792], [127.59479586893833, 50.23658018563267], [127.5947826522767, 50.237029734483514], [127.593796084673, 50.23719768204636], [127.59250796208204, 50.238081502615074], [127.59251590524941, 50.23781177362133], [127.5918149821434, 50.23780328077722], [127.59207946014698, 50.23834613629908], [127.59152401470024, 50.238159520960664], [127.58996871108677, 50.23859036567025], [127.58996340592738, 50.238770184779874], [127.58911962811902, 50.23884988376547], [127.58911431971683, 50.23902970280133], [127.58152016965873, 50.239746716187106], [127.57830116017335, 50.23952748977207], [127.57689391808997, 50.239690146032615], [127.57607153459635, 50.23905047774211], [127.57607957077958, 50.23878075070802], [127.5766429945401, 50.23869771230595], [127.57692069003188, 50.23879105564479], [127.57690998141793, 50.23915069181795], [127.57732786799242, 50.239245751125196], [127.57832523102202, 50.23871830791298], [127.57944672309429, 50.238732024792746], [127.57945474014251, 50.238462297348846], [127.5803038672058, 50.238202850255064], [127.58086193790751, 50.238299609657936], [127.58114497782991, 50.23821312453257], [127.581010131445, 50.238031594143685], [127.58185123931294, 50.23804186328429], [127.58185657484982, 50.2378620447812], [127.58284852782238, 50.2375143805011], [127.58399396703548, 50.23671886936969], [127.58343857273626, 50.23653221575336], [127.58243331155337, 50.23732943177488], [127.5818725811361, 50.23732258923589], [127.58216628188303, 50.23687646446017], [127.58203410257032, 50.23660502593628], [127.58245464408004, 50.23661015745676], [127.58245997707658, 50.236430338862206]], [[127.59358453028037, 50.23008971978136], [127.59372733706486, 50.23000150653164], [127.5937246923664, 50.230091416365944], [127.59358453028037, 50.23008971978136]], [[127.59349194817256, 50.23323656284834], [127.5939098174745, 50.23333156245092], [127.5934893027282, 50.23332647262325], [127.59349194817256, 50.23323656284834]], [[127.59176221660297, 50.23483456294515], [127.59162468982721, 50.234742954198495], [127.59176486543662, 50.234744653260364], [127.59176221660297, 50.23483456294515]], [[127.59921527039137, 50.23411518183098], [127.59907773119394, 50.23402358179351], [127.59921790514177, 50.23402527184794], [127.59921527039137, 50.23411518183098]], [[127.5818725811361, 50.23732258923589], [127.58158954780097, 50.23740907620252], [127.58159221600853, 50.23731916695206], [127.5818725811361, 50.23732258923589]], [[127.57074711607308, 50.2388951623828], [127.57088461410042, 50.238986795538096], [127.57074442731853, 50.238985071185276], [127.57074711607308, 50.2388951623828]], [[127.57622511414834, 50.23860265057898], [127.57636262198301, 50.23869427733792], [127.57622243572482, 50.23869255960031], [127.57622511414834, 50.23860265057898]], [[127.58158687957992, 50.23749898545147], [127.58172172670815, 50.23768051519301], [127.58158154309722, 50.23767880394488], [127.58158687957992, 50.23749898545147]], [[127.59762059902924, 50.23589478004273], [127.5974830578748, 50.235803178127505], [127.59762323694483, 50.235804870148655], [127.59762059902924, 50.23589478004273]], [[127.59762323694483, 50.235804870148655], [127.597766053667, 50.23571665209981], [127.59776341602824, 50.23580656200076], [127.59762323694483, 50.235804870148655]], [[127.59511587139768, 50.23523492908765], [127.59539358388392, 50.235328228461206], [127.59511322881995, 50.235324838894066], [127.59511587139768, 50.23523492908765]], [[127.59077303366094, 50.23509239485664], [127.5909105597755, 50.23518400460079], [127.59077038292942, 50.23518230449771], [127.59077303366094, 50.23509239485664]], [[127.59459481535038, 50.233879500992465], [127.59488309050772, 50.233613162276384], [127.59504440331985, 50.232895578701985], [127.59501269251973, 50.23397449668365], [127.59416636295816, 50.23414414297288], [127.59429596089358, 50.23450547811407], [127.59387014605579, 50.23468020913651], [127.59371674471511, 50.235128061408915], [127.59343639102653, 50.23512466780623], [127.59331738163408, 50.23440369279321], [127.59360566706563, 50.234137357356545], [127.59402618896495, 50.234142446822354], [127.59403412245835, 50.23387271746911], [127.59459481535038, 50.233879500992465]], [[127.5962689744638, 50.23416956494628], [127.59583260512207, 50.234703942679516], [127.59582204032131, 50.23506358203968], [127.59568186353289, 50.23506188786389], [127.59557074524056, 50.23407118533904], [127.5962689744638, 50.23416956494628]], [[127.5921853923453, 50.23474974943174], [127.59246309616849, 50.234843055745834], [127.59218274430201, 50.23483965913269], [127.5921853923453, 50.23474974943174]], [[127.59696192861794, 50.23444776016373], [127.5970994649137, 50.23453936267568], [127.59695928958557, 50.234537670053484], [127.59696192861794, 50.23444776016373]], [[127.5964144287232, 50.23399143864215], [127.59668421807463, 50.23435446454244], [127.5964038685658, 50.234351078136235], [127.5964144287232, 50.23399143864215]], [[127.60036035786749, 50.233319505936784], [127.60023598243764, 50.23277835705072], [127.59995827497767, 50.232685069256966], [127.59997144094272, 50.2322355190728], [127.60054001231785, 50.23197254359827], [127.6003840500924, 50.2325103155282], [127.60065649357718, 50.23278342242513], [127.60063543776984, 50.233502702844], [127.60020438892295, 50.23385727745029], [127.59964106101211, 50.233940430996384], [127.60036035786749, 50.233319505936784]], [[127.59686134139916, 50.233097418932175], [127.5965625216044, 50.23372340225586], [127.5965915575945, 50.232734393414766], [127.59686134139916, 50.233097418932175]], [[127.59434355152617, 50.2328871017064], [127.59405792221504, 50.23306352932832], [127.59391775139642, 50.23306183307329], [127.5939283297714, 50.23270219388211], [127.5947693485618, 50.232712368747734], [127.5947640625622, 50.23289218841084], [127.59434355152617, 50.2328871017064]], [[127.59420073713402, 50.23297531560801], [127.59433826389245, 50.233066921331265], [127.59419809304704, 50.23306522541431], [127.59420073713402, 50.23297531560801]], [[127.59336765084576, 50.232695407257786], [127.59379080484356, 50.2326105876834], [127.59393890793199, 50.23234255466692], [127.5939283297714, 50.23270219388211], [127.59336765084576, 50.232695407257786]], [[127.59714696070857, 50.23292098433412], [127.5970147064573, 50.232649562053794], [127.59673700618397, 50.23255626661721], [127.59729768428728, 50.232563036971776], [127.59714696070857, 50.23292098433412]], [[127.59729240782447, 50.23274285683423], [127.59742993992252, 50.232834458945376], [127.59728976957298, 50.23283276676321], [127.59729240782447, 50.23274285683423]], [[127.59785308824902, 50.232749624527244], [127.59758066110368, 50.23247651119067], [127.59800116911146, 50.23248158615153], [127.59785308824902, 50.232749624527244]], [[127.59814397509159, 50.23239336749993], [127.59800644285988, 50.23230176622642], [127.5981466116957, 50.232303457531266], [127.59814397509159, 50.23239336749993]], [[127.5981466116957, 50.232303457531266], [127.5982894168722, 50.23221523869155], [127.59828678054488, 50.23230514866707], [127.5981466116957, 50.232303457531266]], [[127.5982894168722, 50.23221523869155], [127.59843749358296, 50.231947199701295], [127.59842958547131, 50.23221692965297], [127.5982894168722, 50.23221523869155]], [[127.5970252613834, 50.2322899223598], [127.59689037056418, 50.23210840985749], [127.59703053876623, 50.23211010250381], [127.5970252613834, 50.2322899223598]], [[127.59703053876623, 50.23211010250381], [127.5971733453896, 50.232021885045484], [127.59717070698164, 50.23211179498111], [127.59703053876623, 50.23211010250381]], [[127.59437791983937, 50.23171827399855], [127.59380402876087, 50.232161038680054], [127.59352369245909, 50.23215764543246], [127.59367973044232, 50.23161988331951], [127.59437791983937, 50.23171827399855]], [[127.59746423272455, 50.23166562968188], [127.59759912452114, 50.23184714153919], [127.59745895705585, 50.23184544958508], [127.59746423272455, 50.23166562968188]], [[127.60040510894089, 50.231791035063026], [127.60054264437716, 50.23188263353103], [127.6004024766315, 50.23188094512642], [127.60040510894089, 50.231791035063026]], [[127.59493858754986, 50.23172505565352], [127.59480106343456, 50.231633450642995], [127.59494123011885, 50.231635145797824], [127.59493858754986, 50.23172505565352]], [[127.59494123011885, 50.231635145797824], [127.59522420555642, 50.23154862573249], [127.59522156352763, 50.231638535600425], [127.59494123011885, 50.231635145797824]], [[127.59718389888768, 50.23166224528802], [127.59732142770837, 50.23175384751645], [127.59718126053323, 50.23175215522964], [127.59718389888768, 50.23166224528802]], [[127.59452601678441, 50.231450240142635], [127.59466353984607, 50.231541845472705], [127.59452337345195, 50.2315401499852], [127.59452601678441, 50.231450240142635]], [[127.59761231227556, 50.231397591743146], [127.59774984117642, 50.231489193469], [127.59760967475141, 50.23148750170536], [127.59761231227556, 50.231397591743146]], [[127.59859347568738, 50.231409430501614], [127.59873100652558, 50.23150103108185], [127.59859084000706, 50.23149934050136], [127.59859347568738, 50.231409430501614]], [[127.59761758728376, 50.23121777181423], [127.59720500524226, 50.23094296570112], [127.59749061026601, 50.23076653007594], [127.59750379853561, 50.23031698021671], [127.59708330965333, 50.230311903613845], [127.59706220194018, 50.23103118324183], [127.59635081742258, 50.231382358312665], [127.59607312578837, 50.231289061342], [127.59626609162702, 50.22949255643834], [127.5952796850692, 50.22966051815926], [127.59540399689229, 50.230201672095205], [127.59512102979403, 50.230288192687674], [127.5949993632497, 50.22965712859311], [127.59401559318508, 50.22973516963884], [127.59402352549921, 50.22946544008115], [127.59528232680354, 50.22957060825832], [127.59529817692841, 50.229031148821164], [127.59558113622813, 50.22894462771386], [127.59559434159692, 50.22849507808041], [127.59615761178854, 50.22841194360051], [127.596321525961, 50.227604447350934], [127.59701702435261, 50.22779273177117], [127.59703021568431, 50.227343181771744], [127.59660447496303, 50.227517923644136], [127.59677101688766, 50.22662051654977], [127.59860090098128, 50.226372777678094], [127.59873314763654, 50.22664419836877], [127.5991536045661, 50.226649268734924], [127.59912726213894, 50.22754836962057], [127.59856400702301, 50.22763151863888], [127.59871470254751, 50.22727356889193], [127.59843439430779, 50.227270187727804], [127.59843966545334, 50.227090367607275], [127.59886276101562, 50.227005528989196], [127.59872787767786, 50.22682401852574], [127.59704868298736, 50.226713811709566], [127.59690325376903, 50.226891939230775], [127.59703813032294, 50.227073451754094], [127.59787905124088, 50.227083603293956], [127.59786850468288, 50.22744324344325], [127.59814354156336, 50.22762644606789], [127.59797965802962, 50.22843394514229], [127.59824679275401, 50.22888687761061], [127.59768615752662, 50.2288801121923], [127.59777621318261, 50.230590093725766], [127.59761758728376, 50.23121777181423]], [[127.5978078578264, 50.229511173835895], [127.59809608840736, 50.22924482658173], [127.59808817912729, 50.22951455662012], [127.5978078578264, 50.229511173835895]], [[127.59369824464477, 50.23099051462645], [127.59383047559051, 50.231261940560834], [127.59369031006698, 50.23126024407533], [127.59369824464477, 50.23099051462645]], [[127.59496237018891, 50.23091586689832], [127.59509196590507, 50.23127720132439], [127.59495180026097, 50.23127550636008], [127.59496237018891, 50.23091586689832]], [[127.60070386602322, 50.23116504113181], [127.60069860263147, 50.2313448612995], [127.60041827028773, 50.231341484723565], [127.60042353473311, 50.2311616645773], [127.60070386602322, 50.23116504113181]], [[127.60000303789798, 50.23115659847786], [127.60014057075354, 50.23124819740987], [127.60000040489176, 50.23124650853569], [127.60000303789798, 50.23115659847786]], [[127.59944237563792, 50.23114984131233], [127.59930484441615, 50.231058241565826], [127.5994450096844, 50.23105993127441], [127.59944237563792, 50.23114984131233]], [[127.5994450096844, 50.23105993127441], [127.59958780873576, 50.23097171076921], [127.59958517496602, 50.23106162081397], [127.5994450096844, 50.23105993127441]], [[127.59454980617372, 50.23064105149207], [127.59468732698531, 50.230732656787254], [127.59454716296179, 50.23073096134813], [127.59454980617372, 50.23064105149207]], [[127.59806181399208, 50.23041365665061], [127.59819670463585, 50.230595167841656], [127.59805654080475, 50.23059347663872], [127.59806181399208, 50.23041365665061]], [[127.5883932330751, 50.23020664659025], [127.58853074070726, 50.23029825906951], [127.58839057832782, 50.23029655621526], [127.5883932330751, 50.23020664659025]], [[127.59793747152284, 50.22987250532125], [127.598067087126, 50.23023383665651], [127.5979269243618, 50.230232145306], [127.59793747152284, 50.22987250532125]], [[127.59429591534388, 50.22973856158188], [127.59457359447826, 50.22983186271997], [127.59429327173912, 50.229828471442204], [127.59429591534388, 50.22973856158188]], [[127.5886899859402, 50.224903678588056], [127.58927179300487, 50.22419120904098], [127.58997516703727, 50.22410980578145], [127.59094028138108, 50.224661166666955], [127.59205350786169, 50.22494448862138], [127.59190012265377, 50.22539233934655], [127.59133158361254, 50.225655273087256], [127.59103538961317, 50.22619133296213], [127.5901812318076, 50.2266306808003], [127.59059108595902, 50.226995421163195], [127.59058313497945, 50.22726515043862], [127.58901756623706, 50.22805562500284], [127.58927930775553, 50.22868839674281], [127.58912057735435, 50.22931606254184], [127.58939824369764, 50.229409375950276], [127.5893902853094, 50.22967910497467], [127.58882964292417, 50.229672296751026], [127.58898572489653, 50.2291345410953], [127.58800461220754, 50.229122621606884], [127.58771632666887, 50.22938894336124], [127.58774022955126, 50.22857975679007], [127.58732507089137, 50.228394825763864], [127.58733835361525, 50.22794527768225], [127.58832209652886, 50.227867292935706], [127.58846756053887, 50.22768917648061], [127.58790428628174, 50.22777227364536], [127.58777209836575, 50.22750084117267], [127.58707664174204, 50.22731250174185], [127.58736226167036, 50.227136091040734], [127.58723804830738, 50.22659492905836], [127.58639979797137, 50.226494790981135], [127.58641043041999, 50.22613515254405], [127.58739679360326, 50.225967265677205], [127.58783051949378, 50.22552282864592], [127.58783583018254, 50.225343009289276], [127.58741273065137, 50.225427807731535], [127.5867279350609, 50.22487982778619], [127.58715634399302, 50.224615212472784], [127.58841765536688, 50.22463054422488], [127.5886899859402, 50.224903678588056]], [[127.5885551472288, 50.22472215662607], [127.58869794693125, 50.22463394942212], [127.58869529328102, 50.2247238591456], [127.5885551472288, 50.22472215662607]], [[127.59530874341065, 50.228671509166375], [127.5954436187558, 50.22885302347798], [127.59530346019629, 50.228851328996775], [127.59530874341065, 50.228671509166375]], [[127.59868044564665, 50.22844239966855], [127.59895812607401, 50.228535690355976], [127.59867781040697, 50.22853230971779], [127.59868044564665, 50.22844239966855]], [[127.58691788742313, 50.22794016447065], [127.5870553857625, 50.22803177865204], [127.58691523011521, 50.22803007407376], [127.58691788742313, 50.22794016447065]], [[127.58567244735917, 50.227385358351675], [127.58609024964035, 50.22748038560857], [127.585669787762, 50.227475267915125], [127.58567244735917, 50.227385358351675]], [[127.58455654175064, 50.22719188473178], [127.58469403338515, 50.22728350166292], [127.5845538800737, 50.227281794254964], [127.58455654175064, 50.22719188473178]], [[127.58610620228137, 50.226940928107936], [127.58596870887814, 50.226849312828286], [127.58610886100772, 50.22685101851925], [127.58610620228137, 50.226940928107936]], [[127.58638916530727, 50.22685442939419], [127.58625167160032, 50.226762814445614], [127.58639448166625, 50.226674610190656], [127.58638916530727, 50.22685442939419]], [[127.61262655147824, 50.22618134309471], [127.61263437782753, 50.225911611232604], [127.6122139249724, 50.22590658969645], [127.6122217535727, 50.22563685786862], [127.61278235424604, 50.225643552848524], [127.61290946329738, 50.22609477934254], [127.61262655147824, 50.22618134309471]], [[127.59555718474437, 50.22498689557108], [127.59583219871928, 50.225170103550155], [127.59541175539132, 50.22516502127431], [127.59541967854685, 50.22489529134194], [127.5951420261933, 50.22480199237562], [127.59570261300404, 50.224808769671384], [127.59555718474437, 50.22498689557108]], [[127.59654613252667, 50.22472902052063], [127.59668100178247, 50.22491053346192], [127.59654085470281, 50.22490884056897], [127.59654613252667, 50.22472902052063]], [[127.5958638811399, 50.224091183546285], [127.59559943554137, 50.22354833564177], [127.5965804370784, 50.223560190060184], [127.5967153032589, 50.22374170297072], [127.59643237693722, 50.22382822719143], [127.596712664764, 50.223831613017495], [127.59668891770832, 50.224640803371074], [127.59585332054704, 50.22445082357157], [127.59586124101175, 50.22418109355486], [127.59557831057096, 50.22426761565443], [127.59558359189381, 50.224087795660274], [127.5958638811399, 50.224091183546285]], [[127.59140839283381, 50.22304788796081], [127.59197160552696, 50.222964773221214], [127.59238408920412, 50.223239597455155], [127.59250835298234, 50.223780754656396], [127.59137925962999, 50.2240368962608], [127.59124706179907, 50.223765467492825], [127.59096677501701, 50.22376206848663], [127.59140839283381, 50.22304788796081]], [[127.58718556511676, 50.22362620606888], [127.58732305173972, 50.22371781989936], [127.58718290871825, 50.22371611574947], [127.58718556511676, 50.22362620606888]], [[127.61481478234806, 50.22323937435114], [127.61523521221832, 50.223244386284954], [127.61522740127621, 50.22351411856811], [127.61494711310309, 50.2235107774161], [127.61481478234806, 50.22323937435114]], [[127.59589292166686, 50.22310217335296], [127.5961705657196, 50.22319547048075], [127.59589028168581, 50.223192083378045], [127.59589292166686, 50.22310217335296]], [[127.59505471301351, 50.22300209802738], [127.59491192981288, 50.22309031320844], [127.59492249697504, 50.222730673243554], [127.59505471301351, 50.22300209802738]], [[127.5971805732506, 50.22221830912784], [127.59715683546867, 50.223027499869325], [127.59631334694775, 50.22310725373746], [127.59632654270314, 50.222657703509036], [127.5971805732506, 50.22221830912784]], [[127.61468505770178, 50.222878060388155], [127.61402082877476, 50.2216109527975], [127.61416878366302, 50.221342892279175], [127.6144490590404, 50.22134623520454], [127.61443082420577, 50.221975610508586], [127.6148538471256, 50.221890712971536], [127.61498877851434, 50.222072205253006], [127.61497315438089, 50.22261166985909], [127.61468505770178, 50.222878060388155]], [[127.59494891394365, 50.221831573226304], [127.59508112775086, 50.22210299800139], [127.5949409889936, 50.22210130324723], [127.59494891394365, 50.221831573226304]], [[127.59495683877329, 50.22156184319187], [127.59509433461778, 50.22165344793214], [127.5949541971768, 50.22165175320484], [127.59495683877329, 50.22156184319187]], [[127.59707208588101, 50.22113769578956], [127.59679972803883, 50.22086458068149], [127.59707736100252, 50.220957875583025], [127.59707208588101, 50.22113769578956]], [[127.595826701344, 50.22058299839267], [127.59554115185365, 50.22075943068807], [127.59555963444069, 50.220130060310275], [127.59639779400688, 50.22023013162749], [127.596381961226, 50.22076959214012], [127.595826701344, 50.22058299839267]], [[127.59557811637232, 50.21950068985897], [127.59571560757638, 50.21959229385585], [127.5955754761365, 50.219590599927926], [127.59557811637232, 50.21950068985897]], [[127.59588477509725, 50.21860497665541], [127.5957393668483, 50.21878310313272], [127.59545910871995, 50.218779715204604], [127.59546438946391, 50.218599895048904], [127.59588477509725, 50.21860497665541]], [[127.5951894141852, 50.21841668632626], [127.59532690156135, 50.218508290767424], [127.59518677332024, 50.21850659639713], [127.5951894141852, 50.21841668632626]], [[127.61286389783069, 50.21799947061375], [127.61300141829702, 50.218091054413605], [127.61286129022355, 50.21808938136776], [127.61286389783069, 50.21799947061375]], [[127.61206226745698, 50.216640767810375], [127.61219978251494, 50.21673235253492], [127.61205965846878, 50.21673067855502], [127.61206226745698, 50.216640767810375]], [[127.59147818571756, 50.19687556709687], [127.59161560485435, 50.19696717567994], [127.59147553989764, 50.196965477359676], [127.59147818571756, 50.19687556709687]], [[127.59094968848873, 50.195789849136915], [127.5908122739766, 50.195698239787205], [127.59095233518599, 50.19569993887614], [127.59094968848873, 50.195789849136915]], [[127.59095233518599, 50.19569993887614], [127.59110033563155, 50.19543190698877], [127.59109239640878, 50.19570163779627], [127.59095233518599, 50.19569993887614]], [[127.59058509850061, 50.193896635895285], [127.58973681680489, 50.194156167160116], [127.58960735644244, 50.19379482569887], [127.59059039289598, 50.1937168153415], [127.59058509850061, 50.193896635895285]], [[127.59479470000441, 50.19367781071561], [127.5947894214065, 50.19385763159515], [127.59450930931851, 50.19385424258974], [127.5945119491498, 50.19376433216147], [127.59479470000441, 50.19367781071561]], [[127.58948054722164, 50.19334357384742], [127.58906833458408, 50.193068740242055], [127.58963119723751, 50.19298563348555], [127.58948054722164, 50.19334357384742]], [[127.5964140525545, 50.18623216925849], [127.59683151940777, 50.18632715570366], [127.5968236150243, 50.18659688759912], [127.59612344046774, 50.18658842696415], [127.59604435061537, 50.189285744371496], [127.59632180015383, 50.18937904002136], [127.59630334771191, 50.19000841395338], [127.59601271131066, 50.19036467095633], [127.59559257362812, 50.19035959187413], [127.59539185620788, 50.192425840032385], [127.59511175242373, 50.19242245254918], [127.59496114510209, 50.19278040041298], [127.59454098641221, 50.19277531735142], [127.59453570703025, 50.192955138239476], [127.59397549352822, 50.19294835841801], [127.5939702119901, 50.193128179257094], [127.59355269199119, 50.19303318218376], [127.59384864511152, 50.19249711094359], [127.59343113084138, 50.19240211347164], [127.59330693082647, 50.19186095500538], [127.59274673042148, 50.191854169365534], [127.5934522642274, 50.19168283015529], [127.59346547215895, 50.191233278033785], [127.59221032579504, 50.19103818764206], [127.59261989630339, 50.19140292058844], [127.59261196677372, 50.19167265176004], [127.59191171926363, 50.19166416512244], [127.5919196527355, 50.19139443403154], [127.59095518992281, 50.19084308376681], [127.59096312855193, 50.190573352748444], [127.59012814697232, 50.190383335890616], [127.58970801018725, 50.19037823552643], [127.58970006454308, 50.19064796640833], [127.58885183610953, 50.19090749179731], [127.58889423735546, 50.18946892752734], [127.58805398039765, 50.189458716489774], [127.58806988943927, 50.18891925498366], [127.58737233633396, 50.188820831077145], [127.58725351927016, 50.18809984599562], [127.5868334030388, 50.1880947354036], [127.58656394245563, 50.187731686647815], [127.5864610657322, 50.18647123937292], [127.58618099785129, 50.1864678306497], [127.58636084806986, 50.185120881538545], [127.58666479168681, 50.18431509736849], [127.58693688753809, 50.1845882356638], [127.58694750017763, 50.18422859453571], [127.58780622554586, 50.18360944054929], [127.58795950705357, 50.183161591280914], [127.58787781015049, 50.18118186114783], [127.5876030762505, 50.18099863538065], [127.58762694009724, 50.18018944207366], [127.5872228065329, 50.179644871238075], [127.58723341516745, 50.17928522975799], [127.58668132278868, 50.17900868500358], [127.58669989445366, 50.17837931247524], [127.58615046959447, 50.17801285490721], [127.58575698968113, 50.177108637646676], [127.58547963183914, 50.17701531734562], [127.58547166614896, 50.17728504835991], [127.58505164508628, 50.17727993212007], [127.5850755488839, 50.17647073918259], [127.58424083625965, 50.17628068183569], [127.58441803982237, 50.17502364389557], [127.58345930795987, 50.17429241275445], [127.58346994283228, 50.17393277152527], [127.58319526701654, 50.17374953560511], [127.58320058536835, 50.173569714997164], [127.58348057748937, 50.17357313027208], [127.5834991876212, 50.17294375802112], [127.58280187645748, 50.17284530845773], [127.58267252286966, 50.17248395890917], [127.58268582295652, 50.17203440738112], [127.58310579760769, 50.17203953178845], [127.58311909342024, 50.17158998014162], [127.58227915211454, 50.17157972997143], [127.58228713416574, 50.17130999906277], [127.58284975143899, 50.17122692279169], [127.58216577093509, 50.17067891799212], [127.58245372689915, 50.17041260464921], [127.58234034474312, 50.169511792659485], [127.58206303740289, 50.16941846451085], [127.58181234465144, 50.1684260324674], [127.5812657325075, 50.16796964213927], [127.58115237754487, 50.16706882885994], [127.58087774951586, 50.16688558765811], [127.58062975679795, 50.16580324263076], [127.58009117808568, 50.16507711594339], [127.579837882541, 50.16417458978395], [127.57998317956685, 50.16399648067143], [127.57916469901201, 50.16326692652695], [127.57921534606756, 50.16155863038924], [127.57879546395853, 50.16155349269134], [127.57890477064959, 50.157867168265696], [127.57919000093504, 50.15769077233115], [127.58016698391194, 50.15779266437284], [127.58015899375313, 50.15806239566504], [127.58099869743378, 50.158072659170216], [127.58099071187533, 50.15834239054649], [127.58183042076254, 50.15835264808023], [127.58182243980458, 50.15862237954049], [127.58266215389813, 50.1586326311027], [127.58265417754082, 50.1589023626469], [127.58349389684054, 50.15891260823743], [127.58346998120791, 50.159721803081176], [127.58388719154952, 50.15981683429348], [127.58387390848418, 50.1602663870055], [127.58415116684702, 50.16035971055308], [127.58412726108378, 50.1611689054239], [127.58454714079248, 50.161174023819946], [127.58453651880765, 50.16153366601059], [127.58509636280519, 50.16154048826472], [127.58506981739725, 50.16243959385239], [127.58590959953881, 50.16244982249967], [127.58587776216778, 50.16352874939561], [127.58671756368452, 50.16353897236177], [127.58670165372031, 50.16407843592304], [127.58712155938302, 50.164083545226966], [127.58696833476687, 50.164531395274686], [127.58766553436156, 50.16462981900539], [127.58750966268228, 50.165167580362244], [127.587089747452, 50.165162472381624], [127.58668043968314, 50.1647977205873], [127.58668839504773, 50.16452798884946], [127.58556332894659, 50.16469417747738], [127.58555536720354, 50.16496390907658], [127.58625522262543, 50.16497243075486], [127.58582734904259, 50.16523704987186], [127.58610463986747, 50.16533036895411], [127.58608076287688, 50.16613956381101], [127.5863447964871, 50.16668243501477], [127.58630765856057, 50.16794118235317], [127.58658761817105, 50.16794458986325], [127.58657700895128, 50.168304231949065], [127.58699695161724, 50.16830934201415], [127.58712897862654, 50.16858077664528], [127.58680127981148, 50.17019575961085], [127.58722123909419, 50.17020086900414], [127.5870918588008, 50.169839523995634], [127.58751181501411, 50.169844632312234], [127.58765975176536, 50.16957660313207], [127.58878227771193, 50.16950030582572], [127.58868202025126, 50.16814994589474], [127.58785273688763, 50.167780094161735], [127.58786333633687, 50.16742045184559], [127.58758337963432, 50.16741704743582], [127.58773395826336, 50.16705910740641], [127.58703672327348, 50.16696068382548], [127.58721911582536, 50.16552381756888], [127.58749906142499, 50.165527222763835], [127.58750701238807, 50.16525749096489], [127.58861354784969, 50.16572065807665], [127.58857647077646, 50.166979406855035], [127.58941103994471, 50.16716943211086], [127.58934486305034, 50.16941719778802], [127.59018476901005, 50.16942739655096], [127.59029829865541, 50.17032820213971], [127.59085560228642, 50.17042490813454], [127.58994184569713, 50.168165248672594], [127.59078966316328, 50.16790571087916], [127.59075792950908, 50.16898463902354], [127.59159782839764, 50.1689948275059], [127.59155818224335, 50.170343487866745], [127.59211813085255, 50.17035027713811], [127.59211020441049, 50.17062000923431], [127.59238753872123, 50.170713313596806], [127.59235055422995, 50.171972063329996], [127.59319050605644, 50.171982240734074], [127.59315882188014, 50.17306116922975], [127.59399615423027, 50.17316125167914], [127.59397768183864, 50.17379062675033], [127.5929924191494, 50.173958580213785], [127.59312713577926, 50.174140097509294], [127.59438712112936, 50.17415535339086], [127.59437920639245, 50.17442508557203], [127.59409656918164, 50.17451160723798], [127.59422337576933, 50.174962855422315], [127.59393809593826, 50.175139287369504], [127.59463546465348, 50.17523767050384], [127.59448227226697, 50.17568552991815], [127.59489964364606, 50.17578052266807], [127.59474908962093, 50.17613847168456], [127.59530647003551, 50.17623515687201], [127.59530119661949, 50.17641497833377], [127.59502118646598, 50.17641159141177], [127.59526955500213, 50.177493906978256], [127.59512427245258, 50.1776720349462], [127.59567112680305, 50.17812836134474], [127.59566321818163, 50.17839809348889], [127.59621535632797, 50.17867459595133], [127.59605689590386, 50.1793022786531], [127.59633428802381, 50.179395573942784], [127.59658270039, 50.18047788653891], [127.59638471104631, 50.182454229867936], [127.59665948720698, 50.18263743516994], [127.5964983833025, 50.18335502866689], [127.59607039923043, 50.1836196838002], [127.5960519472498, 50.18424905829173], [127.59646149028131, 50.18461377786476], [127.59630564749172, 50.18515154950676], [127.59658570889367, 50.18515493375785], [127.59657516828085, 50.18551457631725], [127.59629246906512, 50.18560110264862], [127.5964140525545, 50.18623216925849]], [[127.59012549922603, 50.190473246202245], [127.58984275921175, 50.190559756416825], [127.58984540749702, 50.19046984611747], [127.59012549922603, 50.190473246202245]], [[127.59607798005865, 50.17858299289664], [127.59636063796478, 50.17849646663993], [127.59635800303072, 50.178586377376966], [127.59607798005865, 50.17858299289664]], [[127.59645885496545, 50.184703688510496], [127.59659624929303, 50.18479529117445], [127.59645621963624, 50.18479359915474], [127.59645885496545, 50.184703688510496]], [[127.58964973932703, 50.192356261679976], [127.58992719376315, 50.192449572601916], [127.58964709049732, 50.19244617194242], [127.58964973932703, 50.192356261679976]], [[127.59023642190768, 50.191463959379696], [127.58966033451169, 50.19199662061519], [127.58968152423725, 50.19127733841358], [127.59010431677322, 50.19119252864132], [127.59023642190768, 50.191463959379696]], [[127.60614316931786, 50.18886771634098], [127.60628059419365, 50.18895930773913], [127.6061405517825, 50.18895762729192], [127.60614316931786, 50.18886771634098]], [[127.58652476403142, 50.184313393389644], [127.58638739058, 50.18422177897937], [127.58652741795927, 50.18422348312157], [127.58652476403142, 50.184313393389644]], [[127.58654334124418, 50.18368402148156], [127.58696341873402, 50.1836891327985], [127.58695015330393, 50.184138684249916], [127.58652741795927, 50.18422348312157], [127.58654334124418, 50.18368402148156]], [[127.58724347046108, 50.183692539499425], [127.58710609737386, 50.183600925933135], [127.58739675749868, 50.183244691026836], [127.58724347046108, 50.183692539499425]], [[127.58711140289962, 50.18342110532825], [127.58697403083632, 50.18332949161032], [127.58711405564237, 50.18333119502356], [127.58711140289962, 50.18342110532825]], [[127.58250122829484, 50.18300516290795], [127.58113029624617, 50.18199905472224], [127.58006078272538, 50.1802770740259], [127.5802061290134, 50.1800989655249], [127.57994209444401, 50.179556081549855], [127.57996342075053, 50.17883680081713], [127.58055544106473, 50.17776472527593], [127.58017006457675, 50.17659075952455], [127.58059274305103, 50.176505983206006], [127.5806113930529, 50.175876612060605], [127.58117140368496, 50.17588345464416], [127.5821301315753, 50.1766147044509], [127.58269547199174, 50.17644171930619], [127.58310750643814, 50.176716574768825], [127.58295686151564, 50.177074507666795], [127.58323421465843, 50.17716783395287], [127.58322623628294, 50.1774375646985], [127.58280621429043, 50.17743244032873], [127.58280089373051, 50.17761226078583], [127.58333965080668, 50.178338374926334], [127.58375702226928, 50.178433407686285], [127.5837251183843, 50.17951233059514], [127.5840051453012, 50.1795157448975], [127.5845173682004, 50.181140956019696], [127.58409199708987, 50.18131565648768], [127.5839094409282, 50.18275251271582], [127.58278925793947, 50.18273884989837], [127.5830613227259, 50.18301199708133], [127.58250122829484, 50.18300516290795]], [[127.58782743681917, 50.1828901578778], [127.58782213408139, 50.18306997855468], [127.58754208592454, 50.183066573279184], [127.58754738971305, 50.182886752623894], [127.58782743681917, 50.1828901578778]], [[127.58615511845076, 50.182599985398326], [127.58700586585387, 50.18225056790164], [127.586987295662, 50.18287994009132], [127.58628452414865, 50.182961330908945], [127.58615511845076, 50.182599985398326]], [[127.58759246974742, 50.18135827681136], [127.58772983743168, 50.18144988979025], [127.58758981808809, 50.181448187165294], [127.58759246974742, 50.18135827681136]], [[127.58676031516896, 50.18107832657719], [127.58703239355789, 50.18135146464587], [127.58661233655673, 50.181346353750186], [127.58676031516896, 50.18107832657719]], [[127.58690033338138, 50.18108003019289], [127.58704300426346, 50.18099182330153], [127.58704035160721, 50.181081733639864], [127.58690033338138, 50.18108003019289]], [[127.58596002612771, 50.17971944675523], [127.58665479069707, 50.179907788487796], [127.58664417748436, 50.18026742983943], [127.58565610144835, 50.18052522984923], [127.58552936212226, 50.180073973292814], [127.58596002612771, 50.17971944675523]], [[127.58610800315937, 50.17945142032851], [127.58540528069291, 50.179532806286645], [127.58542121396857, 50.17899334446985], [127.5857118578707, 50.17863711337382], [127.5858279763643, 50.17944801109828], [127.58610800315937, 50.17945142032851]], [[127.58614250739986, 50.178282585953], [127.58627986357436, 50.17837420059581], [127.58613985330814, 50.178372496298586], [127.58614250739986, 50.178282585953]], [[127.59720860562037, 50.178236883683155], [127.59720070562531, 50.17850661599979], [127.59692068301848, 50.178503233554665], [127.59692858458925, 50.17823350127019], [127.59720860562037, 50.178236883683155]], [[127.59664856361144, 50.17823011818241], [127.59636590779293, 50.17831664516135], [127.59636854268697, 50.1782267344198], [127.59664856361144, 50.17823011818241]], [[127.59622853224475, 50.17822504228544], [127.5959511470689, 50.17813174678366], [127.59596432521158, 50.17768219312643], [127.59638698657191, 50.177597359187025], [127.59622853224475, 50.17822504228544]], [[127.58587310576638, 50.17791953550908], [127.58600780607806, 50.178101060807585], [127.58586779662653, 50.178099356189165], [127.58587310576638, 50.17791953550908]], [[127.59529064962726, 50.176774621239275], [127.59529855989145, 50.1765048890624], [127.5954385652508, 50.176506582275714], [127.59556802567866, 50.176867918262765], [127.59529064962726, 50.176774621239275]], [[127.58270079272671, 50.17626189882085], [127.58241812410071, 50.17634839176684], [127.58228876450147, 50.17598704194741], [127.58271143403505, 50.17590225783216], [127.58270079272671, 50.17626189882085]], [[127.5950396468647, 50.17578221634452], [127.59517701319949, 50.175873820586055], [127.59503700970494, 50.17587212707292], [127.5950396468647, 50.17578221634452]], [[127.59463018890534, 50.175417491944934], [127.59476755341544, 50.175509096660946], [127.59462755101126, 50.17550740266323], [127.59463018890534, 50.175417491944934]], [[127.60073433732154, 50.172613030140475], [127.60077372839491, 50.171264365010195], [127.59993378642501, 50.17125424254336], [127.599965316031, 50.17017531058116], [127.59912539344036, 50.17016518242764], [127.59915694003074, 50.16908625063466], [127.59831966718933, 50.168986205834514], [127.59834860039098, 50.16799718517133], [127.59751661187398, 50.167717312802566], [127.59752450707208, 50.16744757994583], [127.59794444420534, 50.16745265037106], [127.59795233692145, 50.167182917452614], [127.59753240215029, 50.16717784707557], [127.59754029710864, 50.16690811419184], [127.59712299723292, 50.166813131397106], [127.59714142375431, 50.16618375471788], [127.59771711244483, 50.165651050759074], [127.59716511403687, 50.16537455602228], [127.59717301055794, 50.16510482309673], [127.59775131671049, 50.164482207764124], [127.59637004872073, 50.16383592211287], [127.59652055014506, 50.16347796982799], [127.59596858353417, 50.16320146957201], [127.59556712883489, 50.16256701566535], [127.59560665127532, 50.16121835116997], [127.5950468085093, 50.16121157960459], [127.59491475591464, 50.16094015343262], [127.5947060175483, 50.158509170283345], [127.59499910112235, 50.15806300209504], [127.59612134677461, 50.157986631327915], [127.59610554575995, 50.158526097587256], [127.59582564001097, 50.15852271347518], [127.59581773774975, 50.158792446552404], [127.59608974426553, 50.15906556379257], [127.59692947127614, 50.15907571227569], [127.59689788573651, 50.16015464491023], [127.59773763211523, 50.160164787709796], [127.59772184807086, 50.160704254138935], [127.59856160437359, 50.16071439106175], [127.59853005373739, 50.16179332414351], [127.60020172704748, 50.16208331397984], [127.60015445345837, 50.16370171427208], [127.60182620341376, 50.16399168127338], [127.60179472260454, 50.165070615247124], [127.60248934009475, 50.16525886145682], [127.60220414879791, 50.16543531473602], [127.60247885120918, 50.16561850616156], [127.60260309304236, 50.16615965750148], [127.60316037439179, 50.16625630431664], [127.60315251124622, 50.166526037878], [127.60342198233087, 50.16688904949157], [127.60370193784838, 50.166892415703096], [127.60396617589967, 50.16743524847837], [127.60367573646859, 50.16779152763027], [127.60408519994445, 50.168156220635645], [127.60418589183423, 50.16950657089683], [127.60446062494506, 50.16968975776839], [127.60437157441666, 50.17274673721659], [127.60449323534012, 50.173377797347946], [127.60477061022596, 50.17347107243106], [127.60420014310162, 50.173823988305514], [127.60447228140531, 50.1740970863367], [127.60489227806076, 50.17410213212704], [127.60488704101984, 50.17428195439122], [127.60558442110874, 50.17438027187791], [127.6058513369425, 50.17483318905309], [127.60445132662194, 50.17481637522949], [127.60445918476513, 50.17454664190593], [127.60278705105934, 50.17425671009809], [127.6028027856532, 50.17371724376765], [127.60238279274537, 50.17371219045069], [127.60239066222607, 50.17344245731327], [127.60155068149486, 50.17343234622117], [127.60157430339723, 50.17262314701638], [127.60073433732154, 50.172613030140475]], [[127.60545227378691, 50.17410885748594], [127.60558965555055, 50.17420044956345], [127.60544965632333, 50.174198768640096], [127.60545227378691, 50.17410885748594]], [[127.57623019423325, 50.17249510338142], [127.57636751483973, 50.17258672953245], [127.57622752208586, 50.172585013431366], [127.57623019423325, 50.17249510338142]], [[127.57561577555522, 50.16960939885164], [127.57558904467612, 50.170508499492506], [127.57572635842482, 50.170600126373024], [127.57614899135143, 50.17051536575761], [127.57586100003412, 50.17078166315797], [127.57614097497381, 50.17078509598585], [127.57613028628096, 50.171144736269106], [127.57501037844696, 50.17113100073566], [127.57446112614758, 50.17076448889915], [127.57450392915233, 50.169325928570565], [127.57478389542183, 50.16932936459733], [127.57477587169733, 50.16959909472092], [127.57561577555522, 50.16960939885164]], [[127.57478389542183, 50.16932936459733], [127.57493190139213, 50.16906135220426], [127.57492387857688, 50.169331082357736], [127.57478389542183, 50.16932936459733]], [[127.57334658277829, 50.17057091741599], [127.5734838923594, 50.17066254691181], [127.57334390540251, 50.17066082738318], [127.57334658277829, 50.17057091741599]], [[127.57784751503405, 50.16990657732025], [127.57826480207639, 50.17000162923216], [127.5778448461662, 50.16999648747358], [127.57784751503405, 50.16990657732025]], [[127.57210616621623, 50.15580502574871], [127.57209813126997, 50.15607475618938], [127.5740546778602, 50.15618874043316], [127.57572332940016, 50.15656899020604], [127.57682954978921, 50.15703226758409], [127.57719601391179, 50.15883561837347], [127.57709191121403, 50.16234211896729], [127.57750913113803, 50.162437173139466], [127.57733446914084, 50.16360429180946], [127.57801295846367, 50.164332144877555], [127.57771700945779, 50.16486817827127], [127.57813958824389, 50.16478340986831], [127.57825554968028, 50.16559431566762], [127.57867280018328, 50.16568936586861], [127.57856077788077, 50.16946559512242], [127.57813015343176, 50.16982009515138], [127.57730092444581, 50.16945016862217], [127.57717162111408, 50.16908881317357], [127.57674633169685, 50.16926348777572], [127.57661436195407, 50.16899204185932], [127.57536788911689, 50.168527043979104], [127.57494527248019, 50.16861180191841], [127.57454137893822, 50.1680671879673], [127.57356419986354, 50.167965247078854], [127.57315229509807, 50.167690358468825], [127.57272968212034, 50.16777510838685], [127.57274842961661, 50.16714573843896], [127.57232582077891, 50.16723048693007], [127.5715047232764, 50.166590789697594], [127.57138351296663, 50.16595969818182], [127.57070242079466, 50.16532171719353], [127.5707211932824, 50.16469234753427], [127.5703039677887, 50.1645972689575], [127.56990552663139, 50.163872819369764], [127.56949099387448, 50.16368782800138], [127.56868073595798, 50.1626884715735], [127.56743987989101, 50.162043570386444], [127.56689885480239, 50.161407294015405], [127.56648166564456, 50.16131220196493], [127.56538890623762, 50.16039927730318], [127.56482908036452, 50.160392360177504], [127.56483446509588, 50.16021254059035], [127.56511437695585, 50.160215999468456], [127.56497980517126, 50.160034450509585], [127.56441998365902, 50.160027531448506], [127.56470797208803, 50.159761261931635], [127.56443075599725, 50.1596678923099], [127.56430965460609, 50.15903679363298], [127.56307164733802, 50.15830193691395], [127.56296134941017, 50.15731119780569], [127.56268145477456, 50.15730773388399], [127.56256038176862, 50.1566766333835], [127.56275424484782, 50.15488016993745], [127.56303412532067, 50.154883633562754], [127.5629184438651, 50.15407271355893], [127.56347819547884, 50.15407963926353], [127.56348627834899, 50.15380990974543], [127.5632064040883, 50.15380644726316], [127.56322257260737, 50.15326698825217], [127.56351052622327, 50.15300072110986], [127.5643501351718, 50.15301110421524], [127.56438244507332, 50.151932185449944], [127.56480224029156, 50.1519373745299], [127.56483453879197, 50.150858455350516], [127.56513054141446, 50.1503224540262], [127.56569831914733, 50.15005963874265], [127.56571176779882, 50.149610088788506], [127.56613692072551, 50.14943545286559], [127.5661476761468, 50.14907581279744], [127.56698990459292, 50.14899626620071], [127.56713788878807, 50.14872826266185], [127.5676948931549, 50.1488250775865], [127.5677972157074, 50.15008554449617], [127.56822236544922, 50.14991090092238], [127.56821431033472, 50.15018063118134], [127.56849416404643, 50.150184081416526], [127.56859650978406, 50.151444547540336], [127.56887637091882, 50.15144799691735], [127.5688683190446, 50.15171772718158], [127.56859382531518, 50.15153445761898], [127.56857234907491, 50.15225373819399], [127.56926128061161, 50.15262200097911], [127.56937170010879, 50.153612735908126], [127.57020059525152, 50.15398271715909], [127.57017914125319, 50.154701997933635], [127.57073890199007, 50.154708888709685], [127.57072549804529, 50.15515843925409], [127.57100538111771, 50.15516188368534], [127.57099734016167, 50.15543161402666], [127.57127990466964, 50.15534514769323], [127.5711319223244, 50.15561315623677], [127.57210616621623, 50.15580502574871]], [[127.57246579765355, 50.16723220760069], [127.57260309609269, 50.16732383809279], [127.57246311894203, 50.16732211758535], [127.57246579765355, 50.16723220760069]], [[127.5712825844638, 50.15525523756854], [127.57184235192892, 50.1552621230816], [127.57183699442518, 50.15544194337311], [127.57155175100945, 50.15561832119558], [127.5712825844638, 50.15525523756854]], [[127.57702095716445, 50.16944673865587], [127.57715560055944, 50.16962827398921], [127.57701561640053, 50.16962655891085], [127.57702095716445, 50.16944673865587]], [[127.60433111553868, 50.16932843085991], [127.60446848160889, 50.16942002420444], [127.60432849641478, 50.16941834204555], [127.60433111553868, 50.16932843085991]], [[127.57452532935491, 50.168606648261914], [127.57409735901487, 50.16887122316563], [127.57410538635149, 50.168601493087635], [127.57452532935491, 50.168606648261914]], [[127.58741954515425, 50.16822454000986], [127.58769685632886, 50.168317855416404], [127.58741689440394, 50.16831445056144], [127.58741954515425, 50.16822454000986]], [[127.57272700385236, 50.16786501837339], [127.57300428361421, 50.167958368606456], [127.57272432557083, 50.16795492835842], [127.57272700385236, 50.16786501837339]], [[127.5686703118122, 50.16772514930397], [127.56691244773059, 50.165634782987205], [127.56721927529318, 50.16473913901815], [127.5679110608072, 50.16501750067409], [127.5680429705584, 50.16528895614315], [127.56846556945075, 50.16520422312814], [127.56858405370438, 50.16592522727692], [127.56927586429738, 50.166203580962566], [127.56909024614208, 50.16773032406181], [127.5686703118122, 50.16772514930397]], [[127.58983361929357, 50.16708462118438], [127.58995242961326, 50.16780560605702], [127.58981245000444, 50.1678039064445], [127.58983361929357, 50.16708462118438]], [[127.60397665429888, 50.16707560365883], [127.6041140133115, 50.16716719739748], [127.60397403471895, 50.167165514865964], [127.60397665429888, 50.16707560365883]], [[127.60225135608019, 50.16381691351404], [127.60238870253876, 50.16390850923742], [127.60224873356623, 50.16390682470578], [127.60225135608019, 50.16381691351404]], [[127.5851043261656, 50.16127075655913], [127.58509901727207, 50.161450577697686], [127.58481909577118, 50.16144716691865], [127.58482175074938, 50.16135725636092], [127.5851043261656, 50.16127075655913]], [[127.58496967529767, 50.161089230130955], [127.58510698059223, 50.1611808459876], [127.58496702062213, 50.161179140698586], [127.58496967529767, 50.161089230130955]], [[127.56428810837615, 50.159756071926516], [127.5644253698554, 50.159847711882215], [127.56428541503608, 50.15984598170644], [127.56428810837615, 50.159756071926516]], [[127.59460560971955, 50.157158811761306], [127.59474292256041, 50.15725041634525], [127.594602973485, 50.15724872276277], [127.59460560971955, 50.157158811761306]], [[127.55608316956828, 50.15326837839736], [127.5563549170251, 50.15354158671603], [127.55481020167734, 50.15370225928787], [127.55524355916448, 50.15325793549388], [127.55608316956828, 50.15326837839736]], [[127.57277837268528, 50.152035678840384], [127.57289154040019, 50.15293650091019], [127.57135761319503, 50.15273775346648], [127.5710857839652, 50.15246457952743], [127.57109918325322, 50.152015028702834], [127.57081931853767, 50.15201158465362], [127.57083808064242, 50.151382213512406], [127.57029444628405, 50.15083586263847], [127.57031857672045, 50.15002667117815], [127.57183366479832, 50.15085480320178], [127.57226148453907, 50.1505902345683], [127.57239070373392, 50.15095159585981], [127.5732222528137, 50.15123164526736], [127.5732061979585, 50.15177110682434], [127.57403509171542, 50.15214106079851], [127.57400834773233, 50.15304016353985], [127.5734325523463, 50.15357275012721], [127.57287280421629, 50.1535658724451], [127.57316070655514, 50.15329958094178], [127.5731954944509, 50.15213074783225], [127.57277837268528, 50.152035678840384]], [[127.55483459587705, 50.152893073722716], [127.55497181967051, 50.15298472463035], [127.55483188546528, 50.15298298323597], [127.55483459587705, 50.152893073722716]], [[127.56653992595886, 50.131271872578964], [127.56669054199644, 50.13091395804368], [127.56626286971228, 50.131178508273585], [127.56627899091797, 50.13063904642778], [127.5671155243041, 50.13073931653024], [127.56711015373891, 50.13091913721418], [127.56753513459739, 50.13074449415215], [127.56766426772803, 50.13110586113862], [127.56836362379433, 50.13111448640737], [127.56834484269856, 50.1317438590771], [127.5691840814263, 50.13175420407121], [127.56915994746996, 50.13256339769041], [127.56999384072243, 50.13275355776939], [127.5699750799194, 50.13338293070834], [127.57053459186018, 50.13338982035342], [127.57038935507488, 50.13356791905371], [127.57080363344149, 50.133752905942636], [127.57078220385027, 50.134472189425], [127.57161881400286, 50.13457242767239], [127.57160542785914, 50.13502197995607], [127.57243937370943, 50.13521212284297], [127.57242064335279, 50.13584149618488], [127.57324658387283, 50.136301364839056], [127.57337042602381, 50.136842546624386], [127.57406452178793, 50.13703095927886], [127.5740351196793, 50.13801997488545], [127.57486378448017, 50.138389921813875], [127.57496895042654, 50.13956047552179], [127.57552853563121, 50.139567341718035], [127.57577895951324, 50.1405597897268], [127.57633054975994, 50.14083638376755], [127.57644909984802, 50.14155738333432], [127.57686347041057, 50.141742349144295], [127.57725650547245, 50.1426465979872], [127.57766822189306, 50.1429214715569], [127.57765488848784, 50.14337102437329], [127.57806927931728, 50.143555985997644], [127.57805594937132, 50.144005538842855], [127.57833576825043, 50.14400896506022], [127.57846235135862, 50.14446023080522], [127.57887409013672, 50.144735100207676], [127.57886343179634, 50.145094742538966], [127.5791432571279, 50.145098166864564], [127.57954701517501, 50.14564276570376], [127.57966828730282, 50.146273851327436], [127.58008271090281, 50.146458805956655], [127.58006939845936, 50.1469083589683], [127.58047584372065, 50.14736304403497], [127.58089826289347, 50.147278263986586], [127.5807397145662, 50.14790592826936], [127.58128875719089, 50.148272409993396], [127.58152604218503, 50.14971439860989], [127.5818032352567, 50.14980772736937], [127.58151806195664, 50.149984130437915], [127.58161542997289, 50.151424409215096], [127.58049065578794, 50.15159055153438], [127.57938718797918, 50.15103739887362], [127.57910732796122, 50.151033974842946], [127.57909933375448, 50.15130370632685], [127.5786795414688, 50.15129856896794], [127.57785329267142, 50.15083873746315], [127.5775867716935, 50.150385757526664], [127.57703239683556, 50.1501990793243], [127.57704840775412, 50.14965961672344], [127.57621152284844, 50.14955941550101], [127.57624089209195, 50.14857040093439], [127.57568120166795, 50.14856353728059], [127.57540937076605, 50.14829037326342], [127.57544142646572, 50.147211448411596], [127.57474183353686, 50.1472028637754], [127.57463398761932, 50.14612222166603], [127.57407699983605, 50.14602544013331], [127.57381856285392, 50.14530272056692], [127.57312167365336, 50.145204216038586], [127.57300316578868, 50.14448321386795], [127.57244352384791, 50.14447633501689], [127.57217173423506, 50.144203163590326], [127.57218779642191, 50.14366370156962], [127.57148825623067, 50.14365509777495], [127.57137245475198, 50.142844183672466], [127.57053570121053, 50.1427439425521], [127.57056518039099, 50.14175492926143], [127.56973381040906, 50.14147486192789], [127.56976598602398, 50.14039593846937], [127.56893464422174, 50.14011586559266], [127.56896683626165, 50.139036942256624], [127.56854715317766, 50.13903176918984], [127.56855251989981, 50.13885194864555], [127.5688323075608, 50.13885539750335], [127.56898829653596, 50.13831765991221], [127.56984373569674, 50.13778853921689], [127.56985713965999, 50.137338987493756], [127.57014227909914, 50.13716261241193], [127.5700077510301, 50.13698106897045], [127.57029020786976, 50.136894603858124], [127.57029824752365, 50.13662487273449], [127.56973869791393, 50.136617981629605], [127.5698866271858, 50.136349973570475], [127.56960685400709, 50.13634652737697], [127.5694884181684, 50.13562552119097], [127.56906608275058, 50.135710260606544], [127.5690714468965, 50.135530439918135], [127.56949109944867, 50.13553561082961], [127.56950718684539, 50.13499614862995], [127.56867057405115, 50.13489589514853], [127.56877290018036, 50.1361563641082], [127.56848239534888, 50.13651255648262], [127.56820262139358, 50.13650910689827], [127.56819188616274, 50.13686874807171], [127.5677668529189, 50.13704339291109], [127.56775611421823, 50.13740303398282], [127.56691140462725, 50.13757249828784], [127.56705935267716, 50.137304494035476], [127.5666369983067, 50.13738922442692], [127.56678494729593, 50.13712122052432], [127.56651323099624, 50.13684803615313], [127.56622808029267, 50.1370244022329], [127.56597249556297, 50.136211755333115], [127.56487761800798, 50.13538873724047], [127.56489913681223, 50.13466945572754], [127.56461937404259, 50.13466599760291], [127.5641055999532, 50.1331306063565], [127.56369673700354, 50.13276577546693], [127.56371019617228, 50.132316224561], [127.56303236845399, 50.13158828981093], [127.56304852621093, 50.13104882876639], [127.56237611432859, 50.13014106991113], [127.56187593203293, 50.128156117746165], [127.56215835082459, 50.128069671965626], [127.56297598074391, 50.1287993428511], [127.5636699186743, 50.12898781653881], [127.5637936354216, 50.12952900810423], [127.56435310091629, 50.12953592714622], [127.56462745410533, 50.12971920618276], [127.5646166946621, 50.13007884721668], [127.56544783789234, 50.130358949761884], [127.56542364212457, 50.13116814225529], [127.56584325585723, 50.13117332602233], [127.56583250497205, 50.131532967157064], [127.56638662090097, 50.13171969717828], [127.56622256455753, 50.13252716265103], [127.56704301708957, 50.13316689525541], [127.56702958874094, 50.133616446750786], [127.56772629680462, 50.13371498647543], [127.56797921489402, 50.13461754031405], [127.56881313882873, 50.134807709075154], [127.56870008348373, 50.133906881319106], [127.56828044532169, 50.1339017076707], [127.56788496428676, 50.133087339532935], [127.56746801827113, 50.13299225267881], [127.56708061465909, 50.1319081508682], [127.56680355368445, 50.13181478782222], [127.56681698329388, 50.131365236231055], [127.56653992595886, 50.131271872578964]], [[127.56906917674873, 50.14029741022276], [127.56892659590645, 50.140385596392825], [127.56892927869177, 50.140295686127615], [127.56906917674873, 50.14029741022276]], [[127.56720169152962, 50.13253924925045], [127.56705913065966, 50.132627433411294], [127.56706181620713, 50.13253752309867], [127.56720169152962, 50.13253924925045]], [[127.58021464097583, 50.14673024859624], [127.5803518965101, 50.1468218698675], [127.5802119787358, 50.146820159202505], [127.58021464097583, 50.14673024859624]], [[127.5866195989726, 50.14312071531787], [127.58675685671092, 50.143212329089664], [127.5866169490789, 50.143210626229134], [127.5866195989726, 50.14312071531787]], [[127.56746559414488, 50.1377592236085], [127.56774269053685, 50.137852585288634], [127.56746290885741, 50.13784913385572], [127.56746559414488, 50.1377592236085]], [[127.56831298883885, 50.137499845003866], [127.56844482842646, 50.13777130063743], [127.56830493777407, 50.13776957585296], [127.56831298883885, 50.137499845003866]], [[127.5691898762535, 50.136251446484984], [127.56932171754046, 50.13652290119287], [127.5691818304746, 50.13652117749562], [127.5691898762535, 50.136251446484984]], [[127.56597775223706, 50.13135487418916], [127.56611493684163, 50.13144651191107], [127.5659750647709, 50.13144478447756], [127.56597775223706, 50.13135487418916]], [[127.55418623939754, 50.127970672668056], [127.55418082091388, 50.12815049241741], [127.5537639457961, 50.12805535688173], [127.55376665581664, 50.12796544702286], [127.55418623939754, 50.127970672668056]], [[127.55712873534564, 50.12782738976125], [127.55712332791471, 50.12800720974818], [127.5568463091848, 50.127913823244135], [127.55684901341715, 50.12782391326093], [127.55712873534564, 50.12782738976125]], [[127.55435048076016, 50.12716322521661], [127.55447408790492, 50.127704425921074], [127.55433422745573, 50.12770268456109], [127.55435048076016, 50.12716322521661]], [[127.55156687630473, 50.126678814373676], [127.55075217250878, 50.125859154941494], [127.55019546972194, 50.12576226099573], [127.55020633558061, 50.12540262197526], [127.550628611742, 50.125317950515175], [127.55116902243738, 50.12595430110784], [127.55172844315503, 50.12596128060962], [127.55213444439543, 50.12641606258158], [127.55282559245047, 50.12669451031547], [127.55309175147404, 50.12714754569701], [127.55252960433842, 50.12723048246616], [127.55156687630473, 50.126678814373676]], [[127.57216885180769, 50.12549490364715], [127.57230603186738, 50.12558653410138], [127.57216617649696, 50.12558481426972], [127.57216885180769, 50.12549490364715]]], [[[127.57140924270276, 50.291788899447795], [127.57126082231602, 50.29205689841923], [127.57140116500341, 50.29205862346092], [127.57140924270276, 50.291788899447795]]], [[[127.57215749414446, 50.2996229641008], [127.57131530441836, 50.299612615666945], [127.5713072239469, 50.299882339304105], [127.57214941843237, 50.29989268783644], [127.57215749414446, 50.2996229641008]]], [[[127.53075022793271, 50.340120033786434], [127.53061252037634, 50.340028352816084], [127.53060974620685, 50.34011825845093], [127.53075022793271, 50.340120033786434]]], [[[127.53116890007117, 50.34021526443088], [127.52990178675762, 50.340289190437346], [127.5304553921114, 50.340566011069214], [127.53143877366442, 50.34057843623967], [127.53116890007117, 50.34021526443088]]], [[[127.5282536715422, 50.343596145073285], [127.52811873815511, 50.34341455567177], [127.52811317972022, 50.34359436663354], [127.5282536715422, 50.343596145073285]]], [[[127.52917879224725, 50.34549660508235], [127.53029722204896, 50.345690629009695], [127.53001344995124, 50.345776982314526], [127.53000234640209, 50.34613660439089], [127.53026946819594, 50.34658968428315], [127.52969913554584, 50.34685229542784], [127.52983130813624, 50.34712378852266], [127.5295503034923, 50.34712023510609], [127.52953364204386, 50.34765966797429], [127.52982853179358, 50.34721369401575], [127.53037111494079, 50.34785013740217], [127.5309331331065, 50.34785723966402], [127.53137128781809, 50.34732313128892], [127.5322198498847, 50.34715396515708], [127.53208766353494, 50.346882474659864], [127.53320890817591, 50.34698656531431], [127.53336602815347, 50.346448903831174], [127.53461946487622, 50.34682446999533], [127.53589504064007, 50.346480776860176], [127.53618157086788, 50.34630450339285], [127.53604659959048, 50.346122922946186], [127.53660859879784, 50.34612999760629], [127.53676015123186, 50.345772142684986], [127.53733043259798, 50.34550949640673], [127.53735252829992, 50.3447902497945], [127.53707706132575, 50.34460690302333], [127.53735805208521, 50.34461043812635], [127.53722584306642, 50.34433895316299], [127.53765008818253, 50.34425434915138], [127.5376638944694, 50.34380481986841], [127.53809089446759, 50.34363030832342], [127.53809641523786, 50.34345049656001], [127.53767770040588, 50.34335529054773], [127.53769978917535, 50.34263604355622], [127.53614887658696, 50.3427964088143], [127.53598627218966, 50.34351388636157], [127.53458135216346, 50.3434961877644], [127.53388442932197, 50.34330752067321], [127.53389550244336, 50.34294789779581], [127.53404152866857, 50.342769857774755], [127.53502219119314, 50.34287215878036], [127.53489000016648, 50.34260067123933], [127.5354547227929, 50.34251784534132], [127.53504155367436, 50.3422428183616], [127.53560350684279, 50.34224989748599], [127.53573293627986, 50.342611290060695], [127.53615440452602, 50.342616597180786], [127.53631147585973, 50.342078930911036], [127.53674122787424, 50.34181451833796], [127.53757862838435, 50.342004935394776], [127.53786512518126, 50.341828657359216], [127.537027726567, 50.34163824237727], [127.53676056691462, 50.34118517732101], [127.53507197904051, 50.34125385469709], [127.5349563883016, 50.340442932379204], [127.53408304647436, 50.34142127163993], [127.53239444718452, 50.341489910018666], [127.53184913555225, 50.34094338146464], [127.53228167268733, 50.340589079769], [127.53284637565052, 50.34050626634465], [127.53285191560812, 50.34032645490538], [127.53186853863504, 50.340314041729336], [127.53171973994911, 50.34058198476143], [127.53200070629008, 50.340585532604536], [127.53199516306809, 50.34076534396722], [127.53142491020377, 50.341027964522496], [127.5314110463913, 50.341477492767595], [127.53069752107182, 50.34182824066885], [127.52999508740776, 50.34181936175949], [127.52987403075639, 50.34118824639092], [127.53029548530502, 50.34119357463621], [127.53030380986826, 50.34092385781526], [127.5298823577047, 50.340918529620694], [127.52989346010519, 50.34055890723928], [127.5287779297815, 50.34027497476912], [127.52906444815208, 50.340098718562956], [127.52836204050911, 50.340089830009404], [127.52863466980125, 50.340363102598516], [127.52793503764157, 50.3402643058923], [127.5280616245802, 50.34071561209166], [127.52777231917925, 50.34098177125047], [127.52764017468338, 50.340710275787174], [127.52749413117411, 50.34088830767562], [127.52735920815603, 50.340706717402554], [127.52693497729865, 50.340791284029294], [127.52749135103367, 50.3409782131713], [127.52788778852953, 50.34179269958125], [127.5284552913974, 50.341620002183404], [127.52801437877419, 50.34224400574824], [127.52814097133046, 50.34269531176426], [127.52841917112035, 50.342788773866225], [127.52827034508742, 50.343056712135976], [127.5285485472344, 50.34315017394333], [127.52839416337832, 50.343597923343346], [127.5281104004816, 50.34368427211218], [127.52809928338604, 50.34404389401158], [127.52850964872945, 50.34440885084937], [127.52921212011937, 50.344417739059935], [127.52949588547497, 50.344331387633424], [127.52950976876815, 50.343881859995996], [127.52992569540024, 50.34406700085989], [127.52949310877403, 50.34442129315637], [127.5297685451012, 50.34460465763802], [127.5294847785867, 50.344691009716186], [127.52960861456549, 50.345232219639506], [127.52933039820432, 50.34513876027721], [127.52933872939832, 50.34486904375695], [127.52905773812124, 50.34486548926475], [127.52904662771387, 50.34522511124363], [127.52932762111148, 50.345228665780944], [127.52917879224725, 50.34549660508235]], [[127.53123355850963, 50.34723145097301], [127.5308092758459, 50.347316031198694], [127.53081482483385, 50.347136220135155], [127.53123355850963, 50.34723145097301]], [[127.5308092758459, 50.347316031198694], [127.53066599810785, 50.34740416127576], [127.53066877288805, 50.34731425575189], [127.5308092758459, 50.347316031198694]], [[127.53095532727558, 50.347137995401], [127.53109860367404, 50.34704986495185], [127.53109582973138, 50.347139770497144], [127.53095532727558, 50.347137995401]], [[127.52960861456549, 50.345232219639506], [127.52974633500189, 50.34532390183339], [127.52960583798868, 50.345322125153], [127.52960861456549, 50.345232219639506]], [[127.52974633500189, 50.34532390183339], [127.52988405596842, 50.34541558386736], [127.52974355867606, 50.34541380735102], [127.52974633500189, 50.34532390183339]], [[127.53268846321298, 50.3456308898265], [127.53366918138974, 50.34573320268244], [127.53351760593736, 50.34609105337622], [127.53309610743783, 50.346085736435846], [127.53337156731658, 50.34626909253485], [127.53253410963528, 50.34607864480632], [127.53268846321298, 50.3456308898265]], [[127.53562233502728, 50.346207520911165], [127.53590057025997, 50.34630096536157], [127.53561956970822, 50.3462974266515], [127.53562233502728, 50.346207520911165]], [[127.53591439406412, 50.345851436588646], [127.53605212856793, 50.345943111424276], [127.53591162933137, 50.345941342346244], [127.53591439406412, 50.345851436588646]], [[127.53496409962118, 50.34476017959311], [127.53595033431276, 50.344682661602555], [127.536220269213, 50.345045822576466], [127.5350907643994, 50.345211478480955], [127.53509629680718, 50.34503166700748], [127.53552055174168, 50.34494707086267], [127.53496409962118, 50.34476017959311]], [[127.5297574401643, 50.344964279747785], [127.52989516012693, 50.34505596176524], [127.52975466389483, 50.34505418527145], [127.5297574401643, 50.344964279747785]], [[127.53692275242273, 50.345054664292206], [127.53706048662087, 50.34514633794236], [127.53691998967179, 50.34514457010267], [127.53692275242273, 50.345054664292206]], [[127.53440488445823, 50.34466319140933], [127.5346831082786, 50.34475663869832], [127.53440211699221, 50.34475309712478], [127.53440488445823, 50.34466319140933]], [[127.53090637500172, 50.34416933671513], [127.53090082694328, 50.34434914787828], [127.53061983853692, 50.34434559718678], [127.53062538765558, 50.34416578604616], [127.53090637500172, 50.34416933671513]], [[127.53442148895932, 50.344123757085065], [127.53455921562337, 50.34421543364745], [127.5344187215776, 50.344213662809544], [127.53442148895932, 50.344123757085065]], [[127.53541600768442, 50.343776526277416], [127.53512119194706, 50.34422251530222], [127.53484020375713, 50.3442189748142], [127.53442979102022, 50.343854039902574], [127.53541600768442, 50.343776526277416]], [[127.53020945739468, 50.34398064765724], [127.53048766880691, 50.34407410489022], [127.53020668207537, 50.344070553214415], [127.53020945739468, 50.34398064765724]], [[127.53247674573817, 50.34337970239606], [127.53346572448554, 50.34321229957365], [127.5336006778404, 50.34339388294767], [127.53302486193722, 50.343836322415875], [127.53232239792294, 50.34382745730951], [127.53260615425765, 50.34374109820367], [127.53232794051144, 50.34364764601564], [127.53247674573817, 50.34337970239606]], [[127.53583748618303, 50.3437818346345], [127.53611570777402, 50.343875278488724], [127.53583472150798, 50.343871740421186], [127.53583748618303, 50.3437818346345]], [[127.53640222131175, 50.34369900425777], [127.5366776804744, 50.34388235258765], [127.53639669409614, 50.34387881587755], [127.53640222131175, 50.34369900425777]], [[127.53080471986426, 50.34290888323331], [127.5296724719421, 50.34316439241241], [127.52968357681178, 50.34280477020446], [127.53025941073273, 50.34236234736999], [127.53027051085466, 50.34200272501753], [127.53054871091516, 50.34209618203578], [127.53039989905567, 50.34236412318567], [127.53081859010346, 50.34245935522155], [127.53080471986426, 50.34290888323331]], [[127.53054871091516, 50.34209618203578], [127.53069197268549, 50.34200805188795], [127.5306891984712, 50.34209795749523], [127.53054871091516, 50.34209618203578]], [[127.53154321451534, 50.341748984115455], [127.53195913075328, 50.341934117677596], [127.53194249965216, 50.34247355161177], [127.5313805447652, 50.34246645477403], [127.53097017362553, 50.34210150790509], [127.53154321451534, 50.341748984115455]], [[127.52803939176758, 50.3414348562197], [127.52817709831476, 50.34152654020853], [127.52803661260252, 50.341524761728905], [127.52803939176758, 50.3414348562197]], [[127.52776953955471, 50.34107167675594], [127.52804495005537, 50.34125504519674], [127.5277639802633, 50.341251487762364], [127.52776953955471, 50.34107167675594]], [[127.52805328738127, 50.34098532865099], [127.52819099267394, 50.34107701261917], [127.52805050828674, 50.34107523416775], [127.52805328738127, 50.34098532865099]]], [[[127.52766946367365, 50.34430827394755], [127.52809094541622, 50.34431361042029], [127.52796712889086, 50.34377239896859], [127.52768614425723, 50.343768841218136], [127.52766946367365, 50.34430827394755]]], [[[127.53250085506377, 50.34715751212507], [127.53235758089637, 50.34724564432038], [127.53249808375803, 50.34724741772515], [127.53250085506377, 50.34715751212507]]], [[[127.53290019846058, 50.34788207619776], [127.53346775672253, 50.347709354981596], [127.53361379951865, 50.34753131578028], [127.53304901422342, 50.34761413212249], [127.533057325086, 50.347344415268296], [127.53249808375803, 50.34724741772515], [127.5323464944723, 50.34760526668314], [127.53262473121957, 50.347698718966164], [127.53261641780223, 50.347968435751625], [127.53303793287644, 50.347973754573644], [127.53290019846058, 50.34788207619776]], [[127.53276800628076, 50.347610586455865], [127.53290573966429, 50.34770226498346], [127.53276523543491, 50.34770049205966], [127.53276800628076, 50.347610586455865]]], [[[127.53402519699492, 50.39349595950328], [127.53502907202844, 50.39287902894926], [127.53418801782838, 50.392778492433756], [127.53361714692905, 50.393041116157455], [127.5336060520092, 50.39340073587634], [127.53402519699492, 50.39349595950328]]], [[[127.58587776216778, 50.16352874939561], [127.58504327064591, 50.16333869928984], [127.5851620006572, 50.164059688825006], [127.58586714928111, 50.1638883916462], [127.58587776216778, 50.16352874939561]]], [[[127.58582469558594, 50.165326960408215], [127.58555005930769, 50.1651437301352], [127.58554475135813, 50.16532355118781], [127.58582469558594, 50.165326960408215]]], [[[127.58782311273376, 50.17353607027134], [127.58797901006236, 50.17299830945012], [127.58713639058303, 50.17307800468018], [127.58712047995719, 50.173617467448246], [127.58782311273376, 50.17353607027134]]], [[[127.58641784487729, 50.173698860352744], [127.58613519799731, 50.17378536256817], [127.58613254431468, 50.17387527298345], [127.58641253857566, 50.173878681206425], [127.58641784487729, 50.173698860352744]]], [[[127.5935444909681, 50.17423509501759], [127.59312449518399, 50.174230008189504], [127.59311393266918, 50.17458965089532], [127.59352337202611, 50.17495438053421], [127.59408337499397, 50.17496116078207], [127.59408865270912, 50.17478133936894], [127.5936712916638, 50.17468634377561], [127.5935444909681, 50.17423509501759]]], [[[127.59318527756854, 50.17692902383708], [127.59308752544656, 50.1754887575548], [127.59127014151503, 50.175376785522076], [127.59131244682865, 50.17393821588964], [127.58935248155696, 50.17391442681199], [127.58920454033786, 50.174182457920054], [127.5873872162323, 50.17407042559673], [127.5865392710499, 50.174329937199786], [127.58669253289034, 50.17388208875468], [127.58570724404312, 50.174049980177564], [127.58557521068677, 50.17377854411973], [127.58473788641874, 50.17367840102403], [127.58472194844919, 50.17421786317792], [127.58429929724814, 50.174302654790694], [127.58429398288183, 50.1744824754612], [127.58541397355351, 50.174496122149996], [127.58609804521812, 50.17504410824545], [127.58693539634626, 50.175144241738124], [127.58775419558616, 50.17587374238218], [127.58957158900124, 50.17598576951515], [127.5897036509253, 50.17625720117202], [127.58928099010197, 50.176342010807836], [127.58941305131323, 50.176613442773295], [127.59053309427101, 50.176627040523734], [127.58968776741538, 50.17679666423958], [127.59009455239216, 50.17725131627721], [127.59093459596095, 50.17726151076756], [127.59122518836496, 50.176905265335456], [127.591214610591, 50.17726490758143], [127.59302678376147, 50.177556702302006], [127.59275997514969, 50.177103756757425], [127.59318527756854, 50.17692902383708]], [[127.58694865768848, 50.1746946895898], [127.58708600527675, 50.17478630326022], [127.58694600544688, 50.17478460002248], [127.58694865768848, 50.1746946895898]]], [[[127.58523148721265, 50.17593298265757], [127.58605292758942, 50.17657258474355], [127.58604231111255, 50.17693222620942], [127.5864570225628, 50.177117159598154], [127.5864782492144, 50.17639787653675], [127.58592088560643, 50.176301149118], [127.58579149962164, 50.17593980297423], [127.58523148721265, 50.17593298265757]]], [[[127.5889691976802, 50.177417535117904], [127.58799709608417, 50.17713589304609], [127.58797589168188, 50.177855176486425], [127.58895595401928, 50.177867087445605], [127.5889691976802, 50.177417535117904]]], [[[127.59324078190723, 50.17980785948499], [127.59241126267196, 50.179438039027], [127.59242183227644, 50.17907839673143], [127.5928471535862, 50.178903665265715], [127.59286564417678, 50.17827429105672], [127.59270978319259, 50.17881205827933], [127.59228710482924, 50.17889687867351], [127.59202293910313, 50.178354020955574], [127.59132817518018, 50.17816571129901], [127.59119609897118, 50.1778942814541], [127.59077342617299, 50.17797909639828], [127.59061754278272, 50.17851686064919], [127.59049605330532, 50.177885787965735], [127.58910125995766, 50.17768896739904], [127.58909331446847, 50.17795869880283], [127.59035339806599, 50.1779739992769], [127.59046959386546, 50.178784893101316], [127.59130966446158, 50.17879508510429], [127.59115378423404, 50.17933285002971], [127.59088698387349, 50.178879900383436], [127.59060695984296, 50.17887650270092], [127.59059108503155, 50.17941596573351], [127.59156853639263, 50.17951776543388], [127.5916926875659, 50.18005892644415], [127.59140736779952, 50.18023535168865], [127.59138356777639, 50.18104454630535], [127.59306378936652, 50.18106491168015], [127.5930822785266, 50.18043553764804], [127.5936423454637, 50.180442320556715], [127.59324078190723, 50.17980785948499]]], [[[127.59418393816313, 50.181078475099], [127.59460399418235, 50.181083558597166], [127.59448772351419, 50.180272668585225], [127.59420241261466, 50.18044910076592], [127.59418393816313, 50.181078475099]]], [[[127.5842426475528, 50.180957722413304], [127.58410794616202, 50.18077619514315], [127.58410262985846, 50.180956015597346], [127.5842426475528, 50.180957722413304]]], [[[127.58957921718529, 50.18048299375467], [127.58832436839229, 50.180287863533984], [127.58854875472647, 50.18217938507636], [127.58870997321267, 50.18146180344077], [127.58955538607027, 50.18129218770066], [127.58957921718529, 50.18048299375467]]], [[[127.58882084952907, 50.18245251904414], [127.58868877626534, 50.18218108656341], [127.58868082718878, 50.182450817709636], [127.58882084952907, 50.18245251904414]]], [[[127.58867022823222, 50.182810459216896], [127.58810748397894, 50.18289356245678], [127.58822895327823, 50.183524636949286], [127.58850370389735, 50.18370786130121], [127.58793299505194, 50.18406069461418], [127.58777440702512, 50.184688364376335], [127.58861458018889, 50.18469857673591], [127.58859602952639, 50.1853279490951], [127.58957624503417, 50.18533985610104], [127.58964244840897, 50.183092096393985], [127.58867022823222, 50.182810459216896]]], [[[127.58740416857194, 50.187741908208544], [127.58808579799759, 50.18837979342347], [127.58798288014017, 50.18711934728284], [127.58742273648431, 50.187112536435336], [127.58740416857194, 50.187741908208544]]], [[[127.59151273288278, 50.19093978830457], [127.59221032579504, 50.19103818764206], [127.59222618890227, 50.190498725319145], [127.59138062186769, 50.19066835894508], [127.59151273288278, 50.19093978830457]]], [[[127.58150813444564, 50.19288671878854], [127.58071846677484, 50.19116816532968], [127.579883517056, 50.19097807510119], [127.5796220961796, 50.19034528099933], [127.57905657975871, 50.19051824928615], [127.5777988431424, 50.19041291365901], [127.57762674336105, 50.191490116667445], [127.57832431399952, 50.19158859922004], [127.57830829365616, 50.19212805820495], [127.5798435100677, 50.19232672351589], [127.57982750642158, 50.1928661827871], [127.58150813444564, 50.19288671878854]], [[127.58109863694723, 50.192521947363375], [127.58123069431987, 50.19279338788049], [127.58109064220014, 50.19279167714322], [127.58109863694723, 50.192521947363375]]], [[[127.5809360532167, 50.198006450228846], [127.5802570524236, 50.1972786139086], [127.5800142650636, 50.19601645219236], [127.57889110427585, 50.19609265899007], [127.57873769427165, 50.19654049424198], [127.57897778090553, 50.1978925680151], [127.57925524587996, 50.19798590443887], [127.57937663247826, 50.19861698592232], [127.57979150383166, 50.19880194381999], [127.58021704702664, 50.198627261071145], [127.58118153931368, 50.19917870006153], [127.58132694030823, 50.199000591175334], [127.5809360532167, 50.198006450228846]]], [[[127.57958472483814, 50.201047975101496], [127.57946332998706, 50.200416894017096], [127.5787629585418, 50.20040832705141], [127.57865492680209, 50.19932769652625], [127.57837478465594, 50.199324268350885], [127.57796792858174, 50.19886957629968], [127.57784656001738, 50.19823849352362], [127.5774290288518, 50.198143438466516], [127.57738894255499, 50.19949208377387], [127.57780381359588, 50.19967704874303], [127.57820533270119, 50.20031156074564], [127.57818663491142, 50.20094092857365], [127.57859885113386, 50.2012158004789], [127.57871489586064, 50.20202670168173], [127.58011568641989, 50.202043832369746], [127.58012635687597, 50.20168419338786], [127.57958472483814, 50.201047975101496]]], [[[127.58531112022274, 50.206424450789065], [127.58503891213148, 50.20615130871205], [127.5849280693555, 50.20516059363728], [127.58451312314628, 50.204975653647836], [127.58425954839058, 50.204073140675526], [127.58370985153765, 50.203706670797864], [127.58372049561612, 50.20334703136034], [127.58330823149325, 50.203072177324], [127.58332154003064, 50.202622628052005], [127.58290662195473, 50.202437682484366], [127.58277719220312, 50.20207633416057], [127.58179663687407, 50.202064366908026], [127.58180463026984, 50.20179463747858], [127.5827958303861, 50.20144696520525], [127.58238358778614, 50.201172107983545], [127.582399567336, 50.20063264889088], [127.5818472596631, 50.20035608029314], [127.58186058064018, 50.1999065310938], [127.58103347156192, 50.19944671857057], [127.58183127404538, 50.20089553928275], [127.58182061669709, 50.201255178579096], [127.58140038600112, 50.201250047370316], [127.58151381331186, 50.20215085596938], [127.58192605916823, 50.202425716261985], [127.58243844045126, 50.204050931788856], [127.5828480451057, 50.20441569870886], [127.58310159485657, 50.205318214500124], [127.58364065977153, 50.20604432655594], [127.58360606047175, 50.20721315405419], [127.58416643844107, 50.20721998527631], [127.58414249321487, 50.20802917359053], [127.58372220261542, 50.20802405028109], [127.58356613537205, 50.208561800852124], [127.58454682458009, 50.208573754286064], [127.58455480431846, 50.20830402483983], [127.58497775662461, 50.208219235323476], [127.58531112022274, 50.206424450789065]], [[127.58274523949515, 50.20315525219845], [127.58287733434602, 50.2034266906875], [127.58273725101473, 50.203424981674104], [127.58274523949515, 50.20315525219845]]], [[[127.57851191623152, 50.20885983364166], [127.57803435680499, 50.20606577814619], [127.5783305665579, 50.20552974978945], [127.57820917812536, 50.204898667912815], [127.57851606186667, 50.20400300034056], [127.57879890171266, 50.20391651874439], [127.57881759342294, 50.20328715107334], [127.57965808976688, 50.20329743095545], [127.57967410123834, 50.20275797269754], [127.5800970126016, 50.20267320053019], [127.58038784328775, 50.202316985734434], [127.5789870445693, 50.202299858260396], [127.57882560395308, 50.20301742204892], [127.57854811086672, 50.2029240844364], [127.57842138375908, 50.20247282188567], [127.57758624720289, 50.20228271390188], [127.57729005000316, 50.20281874075273], [127.57727935780653, 50.20317837922179], [127.57769158775956, 50.20345325436337], [127.57751141427934, 50.20480018323736], [127.57767132261203, 50.20884954464569], [127.57851191623152, 50.20885983364166]]], [[[127.58450692406949, 50.20992240131447], [127.585331587439, 50.21047209992701], [127.58533956329057, 50.210202370478], [127.5857598733159, 50.21020748809715], [127.58591326423962, 50.20975964441255], [127.58522338917112, 50.20939147588775], [127.58478978860163, 50.20983590542151], [127.58450958419782, 50.209832491523095], [127.58453086473959, 50.20911321313799], [127.58312986457504, 50.20909613394566], [127.58325398999946, 50.209637301130364], [127.58353419310835, 50.20964071804715], [127.583666309603, 50.20991215553339], [127.58365033907894, 50.21045161405523], [127.58421075498336, 50.21045844538148], [127.58450692406949, 50.20992240131447]]], [[[127.57820499938018, 50.20975550020747], [127.57863865986857, 50.20931109576135], [127.57807825875268, 50.20930423767305], [127.57807291441468, 50.209484056770286], [127.57779805827596, 50.209300807615584], [127.57777133078302, 50.210199902932935], [127.5784718452301, 50.21020847708177], [127.57820499938018, 50.20975550020747]]], [[[127.57925906184688, 50.21201695186648], [127.57952059040396, 50.21264974545122], [127.58008636844475, 50.21247677775712], [127.58022114124877, 50.21265830935511], [127.58023181492622, 50.21229867101731], [127.57981148753618, 50.21229353324686], [127.57981949502033, 50.21202380452659], [127.57925906184688, 50.21201695186648]]], [[[127.59069236108884, 50.214045000863095], [127.59098848091008, 50.213508940168744], [127.59071090306063, 50.2134156310637], [127.58986757458288, 50.21349533959803], [127.58985167195092, 50.21403479922751], [127.58943132756318, 50.21402969612935], [127.58941541971129, 50.21456915560772], [127.59025611808092, 50.21457936047792], [127.59012660167775, 50.21421802033442], [127.59069236108884, 50.214045000863095]]], [[[127.58577771538812, 50.214345044693665], [127.58607123439236, 50.21389890682637], [127.58493968249415, 50.2142448977164], [127.58492638367916, 50.21469444639854], [127.58464349047534, 50.21478094231241], [127.58477030663386, 50.21523219791594], [127.58519066074244, 50.21523731796406], [127.58520129803945, 50.2148776790141], [127.58590719916282, 50.21470638940291], [127.58577771538812, 50.214345044693665]]], [[[127.58320237824493, 50.21611250791092], [127.58348261927057, 50.216115925269904], [127.58349060714177, 50.21584619629962], [127.58405108619687, 50.21585302892546], [127.58405907078868, 50.21558329987668], [127.58336380157648, 50.2153949394341], [127.58307024799208, 50.21584107005651], [127.58222686507823, 50.21592072261879], [127.58207075347136, 50.21645847010711], [127.58262591077465, 50.21664512887075], [127.58320237824493, 50.21611250791092]]], [[[127.58724197800302, 50.21697118162495], [127.58808271779667, 50.216981402572834], [127.5880986420362, 50.216441943629086], [127.58851900737726, 50.21644705172524], [127.58853757951837, 50.21581768277587], [127.58769420530885, 50.21589737511195], [127.58767827681615, 50.21643683401255], [127.58725791171712, 50.21643172287564], [127.58724197800302, 50.21697118162495]]], [[[127.5851560880386, 50.216406144385466], [127.5854363310207, 50.216409557046916], [127.58544430795999, 50.21613982786282], [127.58488382520775, 50.216133001929116], [127.58472508229531, 50.216760662909216], [127.58514544982556, 50.216765783233306], [127.5851560880386, 50.216406144385466]]], [[[127.58261258908612, 50.217094676916886], [127.58387369969545, 50.21711005632883], [127.58390298091017, 50.2161210500414], [127.58347995661985, 50.216205834923656], [127.58346930588215, 50.216565473523644], [127.58219754942091, 50.21690972822401], [127.58204143402807, 50.21744747555354], [127.58176918332987, 50.21717432594578], [127.58134881282312, 50.21716919337724], [127.5807723119218, 50.217701804761184], [127.58118735278111, 50.21788675853304], [127.58131681080704, 50.21824810793106], [127.58202277534988, 50.218076842561175], [127.58244848349419, 50.217902153588284], [127.58261258908612, 50.217094676916886]]], [[[127.58512417275283, 50.21748506085687], [127.58554454672083, 50.21749017979041], [127.58553391101948, 50.217849818631066], [127.58637732300215, 50.21777014232626], [127.58638529502045, 50.21750041309617], [127.58722604380466, 50.217510640320214], [127.58724197800302, 50.21697118162495], [127.58640123869365, 50.21696095459546], [127.58639326691761, 50.21723068385258], [127.58513215175614, 50.217215331759306], [127.58512417275283, 50.21748506085687]]], [[[127.58145427079485, 50.21833972856307], [127.58158373199925, 50.21870107766368], [127.58214957482177, 50.21852810064048], [127.58201744417745, 50.2182566616927], [127.58145427079485, 50.21833972856307]]], [[[127.58438629436608, 50.2187352611534], [127.58412466958981, 50.21810247834245], [127.58314378523339, 50.21809051970816], [127.58299566769908, 50.21835853946493], [127.58298501250798, 50.218718177855706], [127.58340273388193, 50.21881321422914], [127.5833974077577, 50.21899303344501], [127.58438629436608, 50.2187352611534]], [[127.58341072296707, 50.21854348539403], [127.58382844369977, 50.21863852023371], [127.58382311920874, 50.21881833948809], [127.58340273388193, 50.21881321422914], [127.58341072296707, 50.21854348539403]]], [[[127.58346829903135, 50.22133239144503], [127.5841929343057, 50.2205317461523], [127.58461599580814, 50.22044695904845], [127.58463462193421, 50.21981759159364], [127.58254597558216, 50.21934241658423], [127.58269676318398, 50.21898448791365], [127.5822817069373, 50.21879953943833], [127.58184532614904, 50.21933386587609], [127.58223906274019, 50.22023809230344], [127.58293972553709, 50.2202466407484], [127.5823765301587, 50.22032971187707], [127.58236853473615, 50.22059944050822], [127.58264613730593, 50.22069276965007], [127.58263014917422, 50.221232226927874], [127.58304789167411, 50.22132726471728], [127.58302924367338, 50.221956631576326], [127.58373792001589, 50.22169544674126], [127.58346829903135, 50.22133239144503]]], [[[127.58854718540752, 50.22499188577131], [127.58840969279602, 50.22490027335843], [127.58840703857885, 50.22499018306661], [127.58854718540752, 50.22499188577131]]], [[[127.58826689176364, 50.22498848019291], [127.58840438434822, 50.22508009277329], [127.58840703857885, 50.22499018306661], [127.58826689176364, 50.22498848019291]]], [[[127.58515174090428, 50.22602988910867], [127.58501425193717, 50.22593827272304], [127.58501159123895, 50.22602818228347], [127.58515174090428, 50.22602988910867]]], [[[127.58845959738635, 50.22795890547723], [127.58832209652886, 50.227867292935706], [127.5883194418679, 50.22795720259435], [127.58845959738635, 50.22795890547723]]], [[[127.5891258839059, 50.22913624320332], [127.58899103192104, 50.22895472176156], [127.58898572489653, 50.2291345410953], [127.5891258839059, 50.22913624320332]]], [[[127.59265886161677, 50.23295664942458], [127.59268003701139, 50.23223737139364], [127.59239970039727, 50.23223397543086], [127.59238116828602, 50.2328633436378], [127.59153484953131, 50.23303297087619], [127.59123331095547, 50.233748849603984], [127.59165382900946, 50.23375394762603], [127.59180989355524, 50.23321618838935], [127.59265886161677, 50.23295664942458]]], [[[127.6003550927819, 50.2334993260111], [127.60021228748171, 50.23358754737064], [127.60035246021911, 50.233589236046], [127.6003550927819, 50.2334993260111]]], [[[127.59221451993602, 50.233760742622266], [127.5920716990251, 50.23384895383883], [127.5922118720403, 50.233850652339726], [127.59221451993602, 50.233760742622266]]], [[[127.5923414544057, 50.23421198954794], [127.5923520450689, 50.23385235067159], [127.59220922413118, 50.233940562055686], [127.59193152602332, 50.233847255168904], [127.59164058412794, 50.23420349609057], [127.5923414544057, 50.23421198954794]]], [[[127.5920505132689, 50.234568231481354], [127.59233351126741, 50.234481718689445], [127.59233880670635, 50.234301899263286], [127.5920505132689, 50.234568231481354]]], [[[127.58373758203074, 50.23590626808502], [127.58415811770335, 50.235911393389685], [127.58501782071176, 50.2352922735608], [127.58503645134977, 50.234662907613256], [127.58576392724883, 50.233772346347536], [127.58580914564973, 50.232243885167556], [127.58538598134659, 50.2323286755839], [127.58508967810309, 50.232864718786146], [127.58521920394602, 50.23322606351976], [127.58478005888448, 50.23385030829222], [127.58490159983113, 50.2344813815926], [127.58447308904327, 50.23474598729982], [127.58446243877616, 50.23510562490052], [127.58245997707658, 50.236430338862206], [127.58288051712707, 50.23643546882872], [127.58344656663736, 50.23626248774094], [127.58373758203074, 50.23590626808502]]], [[[127.59089465668498, 50.23572346244798], [127.59075712907024, 50.235631852680505], [127.5907544782581, 50.23572176231256], [127.59089465668498, 50.23572346244798]]], [[[127.59131519204621, 50.23572856183995], [127.59117766360077, 50.23563695256343], [127.59117501357903, 50.23572686221167], [127.59131519204621, 50.23572856183995]]], [[[127.59228584990203, 50.23610009325486], [127.59215891130857, 50.23564884637368], [127.59214567028702, 50.236098394788364], [127.59228584990203, 50.23610009325486]]], [[[127.59089465668498, 50.23572346244798], [127.59073592219713, 50.23635112969492], [127.59100833153471, 50.23662425876016], [127.59128869372506, 50.23662765829356], [127.59144212285139, 50.23617980957169], [127.59214302204246, 50.23618830446681], [127.59130459287887, 50.2360882004394], [127.59117501357903, 50.23572686221167], [127.59089465668498, 50.23572346244798]]], [[[127.58989749333922, 50.23625101551678], [127.59046086454785, 50.236167909618445], [127.59046616734688, 50.2359880903894], [127.58991340797895, 50.235711557950104], [127.58919659390544, 50.23624250707075], [127.58877605440651, 50.23623739997454], [127.58875747196055, 50.23686676676515], [127.58988953583791, 50.236520744279844], [127.58989749333922, 50.23625101551678]]], [[[127.58819674543962, 50.23685995478566], [127.58679758844372, 50.23675300354188], [127.58678961331066, 50.237022731921506], [127.58819674543962, 50.23685995478566]]], [[[127.57791215044354, 50.247887312596546], [127.5777772898732, 50.247705778622645], [127.57777193712465, 50.247885596501774], [127.57791215044354, 50.247887312596546]]], [[[127.59893111807335, 50.248592360298915], [127.59879617520512, 50.248410850060495], [127.59879090141668, 50.248590669545216], [127.59893111807335, 50.248592360298915]]], [[[127.59574898252988, 50.26618246851964], [127.59561135896107, 50.26609086415369], [127.59560871442456, 50.26618077349932], [127.59574898252988, 50.26618246851964]]], [[[127.57708004565194, 50.26640508847272], [127.57778674023515, 50.26623385640417], [127.57780280859757, 50.265694404457356], [127.57696121528146, 50.26568410192905], [127.57694513741832, 50.2662235536798], [127.57580691006983, 50.266749258672434], [127.57579618245111, 50.267108892932434], [127.5769290590661, 50.26676300537646], [127.57708004565194, 50.26640508847272]]], [[[127.59539967681522, 50.26851672062972], [127.59526204728733, 50.26842511583528], [127.59525940187434, 50.26851502513113], [127.59539967681522, 50.26851672062972]]], [[[127.59511912694684, 50.26851332946331], [127.59525675644791, 50.26860493442551], [127.59525940187434, 50.26851502513113], [127.59511912694684, 50.26851332946331]]], [[[127.59510854410482, 50.26887296661028], [127.59469036275789, 50.268777969258444], [127.59468771623538, 50.2688678785268], [127.59510854410482, 50.26887296661028]]], [[[127.58891515489451, 50.26951746105193], [127.58878019282399, 50.26933593964204], [127.58877487740442, 50.26951575770339], [127.58891515489451, 50.26951746105193]]], [[[127.58849432246474, 50.26951235049856], [127.58835138649319, 50.26960055565447], [127.5884916642068, 50.26960225951616], [127.58849432246474, 50.26951235049856]]], [[[127.58848900593539, 50.26969216853229], [127.58863194193387, 50.26960396320861], [127.5884916642068, 50.26960225951616], [127.58848900593539, 50.26969216853229]]], [[[127.59181590078192, 50.27108164757255], [127.59153533627459, 50.271078247631316], [127.59152737819649, 50.27134797495939], [127.59180794428778, 50.27135137493297], [127.59181590078192, 50.27108164757255]]], [[[127.5859977607248, 50.27325953550981], [127.5862836629097, 50.27308313117231], [127.58600575058112, 50.27298980891294], [127.5859977607248, 50.27325953550981]]], [[[127.59087601025671, 50.27439808102177], [127.59074102726235, 50.274216561859404], [127.59073571830844, 50.27439637992063], [127.59087601025671, 50.27439808102177]]], [[[127.59059542637362, 50.27439467865021], [127.59073306381129, 50.27448628894899], [127.59073571830844, 50.27439637992063], [127.59059542637362, 50.27439467865021]]], [[[127.5901639283559, 50.27474920984139], [127.59043920409896, 50.27493243129342], [127.59044451427059, 50.2747526132718], [127.5901639283559, 50.27474920984139]]], [[[127.58859943831742, 50.27544975035964], [127.58846180228619, 50.275358137559756], [127.58845914341609, 50.27544804648522], [127.58859943831742, 50.27544975035964]]], [[[127.58803293942803, 50.27562275166024], [127.58789530400578, 50.27553113819703], [127.58789264405252, 50.27562104709787], [127.58803293942803, 50.27562275166024]]], [[[127.59264678824348, 50.27621836172426], [127.59222324420953, 50.276303173249154], [127.59264413717412, 50.2763082707981], [127.59260171823567, 50.27774681577548], [127.59316292594447, 50.27775361048217], [127.59300672076164, 50.27829136642393], [127.59328732783892, 50.278294763164716], [127.59349917075667, 50.275868915779384], [127.59265739238663, 50.27585872541389], [127.59264678824348, 50.27621836172426]]], [[[127.58636453389816, 50.27982970626686], [127.58608391863324, 50.2798262927398], [127.58607059964703, 50.28027583654402], [127.5863512175532, 50.28027925012524], [127.58636453389816, 50.27982970626686]]], [[[127.58557412436491, 50.287555025807826], [127.58543912546979, 50.28737350074443], [127.58543379406049, 50.28755331798592], [127.58557412436491, 50.287555025807826]]], [[[127.58199906508499, 50.2897599912113], [127.5818640738113, 50.28957846212458], [127.58185872851274, 50.28975827901977], [127.58199906508499, 50.2897599912113]]], [[[127.58198837538227, 50.29011962500537], [127.58171839195406, 50.28975656665889], [127.58171037311176, 50.290026291974094], [127.58198837538227, 50.29011962500537]]], [[[127.58684693417099, 50.2919776181712], [127.58739765808785, 50.29234407654711], [127.58713560976246, 50.29171130459522], [127.58684693417099, 50.2919776181712]]], [[[127.58444509035965, 50.29248803749689], [127.58430741392027, 50.29239641969187], [127.58430474561504, 50.29248632819133], [127.58444509035965, 50.29248803749689]]], [[[127.58401604958362, 50.29275263452893], [127.58387837322546, 50.29266101622026], [127.5838757040867, 50.29275092469895], [127.58401604958362, 50.29275263452893]]], [[[127.58316596534287, 50.29301209835398], [127.58302828989953, 50.29292047904976], [127.58302561913426, 50.29301038749139], [127.58316596534287, 50.29301209835398]]], [[[127.58288527293918, 50.29300867645944], [127.58302294835542, 50.29310029593153], [127.58302561913426, 50.29301038749139], [127.58288527293918, 50.29300867645944]]], [[[127.58730820677648, 50.30484477282017], [127.58717048957487, 50.304753158250755], [127.587167825498, 50.30484306666915], [127.58730820677648, 50.30484477282017]]], [[[127.59846739603417, 50.30740825437269], [127.59832964981608, 50.30731665282429], [127.59832700653683, 50.307406561633485], [127.59846739603417, 50.30740825437269]]], [[[127.59144262509793, 50.30750322689169], [127.59130489227657, 50.30741161713091], [127.5913022357437, 50.307501525667945], [127.59144262509793, 50.30750322689169]]], [[[127.59311137955349, 50.30806307996891], [127.5921525368679, 50.307242004755615], [127.59186910417753, 50.30732851242736], [127.59310341994866, 50.308332805754326], [127.59311137955349, 50.30806307996891]]], [[[127.59044395089761, 50.308030765762766], [127.59030621851603, 50.307939154830066], [127.5903035600505, 50.308029063320284], [127.59044395089761, 50.308030765762766]]], [[[127.596880775682, 50.308828164803984], [127.59674302850344, 50.30873656138843], [127.59674038209951, 50.30882647011452], [127.596880775682, 50.308828164803984]]], [[[127.59813638717274, 50.30911313571275], [127.59799863673898, 50.30902153376258], [127.59799599267579, 50.309111442532554], [127.59813638717274, 50.30911313571275]]], [[[127.59530200814675, 50.30997832650202], [127.59516426076148, 50.309886721230846], [127.59516161127269, 50.30997662987828], [127.59530200814675, 50.30997832650202]]], [[[127.5915313405483, 50.32351373058304], [127.59139356190583, 50.32342212078508], [127.59139090403168, 50.32351202907663], [127.5915313405483, 50.32351373058304]]], [[[127.5897662733604, 50.326190547580715], [127.58934760249176, 50.3260955277908], [127.58934494050554, 50.3261854359617], [127.5897662733604, 50.326190547580715]]], [[[127.59829661580005, 50.33231971349322], [127.59815879885859, 50.332228111528906], [127.59815615292095, 50.332318019944275], [127.59829661580005, 50.33231971349322]]], [[[127.5999610309629, 50.33305929067723], [127.59981792292399, 50.3331475075872], [127.59995838834838, 50.33314919914893], [127.5999610309629, 50.33305929067723]]], [[[127.59780641433453, 50.33465225033159], [127.59751753277378, 50.334918586822496], [127.59779847380376, 50.33492197541954], [127.59780641433453, 50.33465225033159]]], [[[127.59861748920595, 50.335741312612285], [127.5984796618722, 50.33564971099356], [127.59847701621906, 50.335739619368084], [127.59861748920595, 50.335741312612285]]], [[[127.59833654324562, 50.33573792595424], [127.59847172487252, 50.33591943611263], [127.59847701621906, 50.335739619368084], [127.59833654324562, 50.33573792595424]]], [[[127.59783836388549, 50.33834018628047], [127.59770317800313, 50.338158675422314], [127.59769788328138, 50.33833849203216], [127.59783836388549, 50.33834018628047]]], [[[127.59775364950735, 50.34121725139444], [127.59761845600447, 50.34103574046021], [127.5976131604226, 50.341215556974085], [127.59775364950735, 50.34121725139444]]], [[[127.59789413860554, 50.34121894564511], [127.5977510019613, 50.34130715965452], [127.59789149132453, 50.341308853910576], [127.59789413860554, 50.34121894564511]]], [[[127.59841904681844, 50.34248443683188], [127.5986894489883, 50.342847456715056], [127.59885639888734, 50.341950067031405], [127.59899159966375, 50.34213157655901], [127.59927258341632, 50.34213496194389], [127.59927787290574, 50.34195514533102], [127.5991453164814, 50.34168372781972], [127.59871855335949, 50.341858465638296], [127.59802668662894, 50.3414903645341], [127.5981724700913, 50.34131224191364], [127.59789149132453, 50.341308853910576], [127.59788090206608, 50.341668486957374], [127.59857541627554, 50.34194668064992], [127.59841904681844, 50.34248443683188]]], [[[127.61632954886439, 50.14176962289159], [127.61551866922062, 50.140770584614806], [127.61454454854712, 50.14057907995233], [127.61508338462447, 50.141305051868024], [127.61632954886439, 50.14176962289159]]], [[[127.62114092995957, 50.14479497246671], [127.62099067318773, 50.145152959786515], [127.62126274847199, 50.145426019230555], [127.62182758138027, 50.14525283848092], [127.62170058727942, 50.14480161669388], [127.62114092995957, 50.14479497246671]]], [[[127.6309195610776, 50.14545033260206], [127.62981307279816, 50.144987567535566], [127.62937533727386, 50.14561200149839], [127.63049210717512, 50.14571512060005], [127.6309195610776, 50.14545033260206]]], [[[127.62462847642651, 50.145196103997016], [127.62379672373501, 50.144916420839806], [127.62322157587913, 50.145449260386265], [127.62350140857492, 50.145452577855124], [127.62390825665823, 50.145907114288065], [127.62474260578944, 50.14609688442453], [127.62502502060913, 50.14601028592482], [127.6250353331453, 50.14565063657089], [127.62462847642651, 50.145196103997016]]], [[[127.62811351093315, 50.14568704368992], [127.62769118591174, 50.14577199632591], [127.62794786694509, 50.14658451503164], [127.62851269008782, 50.1464113017103], [127.62852554821679, 50.14596173938862], [127.62810836622576, 50.14586686860064], [127.62811351093315, 50.14568704368992]]], [[[127.60520369072833, 50.17302656130493], [127.60506631303302, 50.17293496878716], [127.60506369495401, 50.17302487994482], [127.60520369072833, 50.17302656130493]]], [[[127.61678900781628, 50.18890503757161], [127.61610438648107, 50.18835722898291], [127.61597993926266, 50.18781609236255], [127.61569985998882, 50.18781275473802], [127.6155676195663, 50.18754135168525], [127.61444730940924, 50.18752799321332], [127.6146003557239, 50.18708010712272], [127.61502306872259, 50.186995205911266], [127.61474559556554, 50.18690195470995], [127.61489343521718, 50.18663389078213], [127.61461596439855, 50.18654063928494], [127.61462636991826, 50.186180994029804], [127.61434630036692, 50.18617765322056], [127.61395222215279, 50.18527352776314], [127.61353472924235, 50.18517860263362], [127.61354514237902, 50.18481895745809], [127.61201001727862, 50.18462073819802], [127.61200480500949, 50.18480056067814], [127.61269974846681, 50.18498874790922], [127.61268672399937, 50.18543830420089], [127.61338428305704, 50.18553657615198], [127.61350348856692, 50.18625753801637], [127.61419325473726, 50.186625539048556], [127.61430466861562, 50.18761623392787], [127.61499966203459, 50.18780440772324], [127.61539638010792, 50.18861861827195], [127.61649852969367, 50.189261347217105], [127.61650632400163, 50.188991613190545], [127.61678900781628, 50.18890503757161]]], [[[127.62189555112892, 50.19157406110813], [127.62162062660381, 50.191390914567016], [127.62077773393065, 50.191470851420135], [127.62105524542865, 50.19156408845507], [127.62118234860557, 50.1920153083771], [127.62258287164063, 50.192031924665216], [127.62245058086528, 50.191760529223515], [127.6217503231919, 50.19175222242439], [127.62189555112892, 50.19157406110813]]], [[[127.6185913592407, 50.194412963225105], [127.61818934986762, 50.193778586205056], [127.61776658211096, 50.19386349839353], [127.61777177441432, 50.19368367575769], [127.6173542006433, 50.19358876382133], [127.61722453263722, 50.19322745140056], [127.61680436604625, 50.19322244882218], [127.61668769358967, 50.19241157933624], [127.61599002745959, 50.19231332645123], [127.61614047654557, 50.1919553499803], [127.61530796799181, 50.191675601881705], [127.61325148098717, 50.19012204946315], [127.61268869080784, 50.19020527134274], [127.61159439368382, 50.18929277314014], [127.6110342189546, 50.18928607592818], [127.61017307714616, 50.189995313798676], [127.61029224397748, 50.19071627810822], [127.6109924831156, 50.190724653845386], [127.61181191394476, 50.19145398822966], [127.61265221443657, 50.19146402772286], [127.6124965292226, 50.192001821794314], [127.61291668433788, 50.192006839864085], [127.6131889740288, 50.192279917908465], [127.61317595078974, 50.19272947372597], [127.61276100019954, 50.19254463425101], [127.61261312974084, 50.19281269494716], [127.61233302163922, 50.19280934896548], [127.61246786364067, 50.19299084430123], [127.61344303758358, 50.19318237350458], [127.61331860906158, 50.19264123461734], [127.613881426931, 50.19255800994838], [127.61429638204301, 50.19274284545706], [127.61441561706542, 50.19346380577547], [127.61484359018772, 50.19319908336943], [127.61568132236049, 50.1932990124329], [127.61691324881781, 50.194303051951636], [127.61802333573827, 50.1946760332076], [127.61801814419721, 50.19485585583164], [127.61872104062627, 50.19477427415995], [127.61887147746422, 50.19441629419466], [127.6185913592407, 50.194412963225105]], [[127.61418495854298, 50.1917521513255], [127.6143224071649, 50.19184373336072], [127.61418235584043, 50.191842062538086], [127.61418495854298, 50.1917521513255]], [[127.61350032725554, 50.19120432755899], [127.61348991142621, 50.1915639723303], [127.6133498609693, 50.19156230051083], [127.61322022845745, 50.191200983793664], [127.61350032725554, 50.19120432755899]], [[127.61170315160452, 50.19037338081348], [127.61183798452825, 50.1905548768778], [127.61169793712058, 50.19055320309123], [127.61170315160452, 50.19037338081348]], [[127.61045055898276, 50.19008857595031], [127.61072804191019, 50.19018183744657], [127.61044794942183, 50.19017848704665], [127.61045055898276, 50.19008857595031]]], [[[127.62297458021003, 50.193025933142295], [127.6232546908353, 50.19302925347743], [127.62326761958357, 50.19257969577357], [127.62284745760793, 50.192574715096626], [127.62285521706534, 50.19230498050371], [127.6220148981988, 50.192295014687076], [127.6219993697039, 50.19283448366987], [127.62298233907534, 50.19275619855604], [127.62297458021003, 50.193025933142295]], [[127.62298233907534, 50.19275619855604], [127.62312497959228, 50.192667947255224], [127.62312239359288, 50.19275785879223], [127.62298233907534, 50.19275619855604]]], [[[127.63191245063528, 50.1940309675169], [127.63125071946772, 50.19267403999384], [127.6306930723291, 50.1925775254159], [127.6306982158495, 50.192397701764605], [127.63097832370558, 50.192401003448076], [127.63084598416546, 50.19212961718688], [127.63042582480549, 50.192124663949215], [127.63068792875659, 50.1927573490612], [127.63052472471021, 50.193564904228126], [127.63107466947483, 50.19393115514881], [127.63191245063528, 50.1940309675169]]], [[[127.6146488929989, 50.195085548233706], [127.61450622977073, 50.19517378889986], [127.6146462908602, 50.195175459412056], [127.6146488929989, 50.195085548233706]]], [[[127.61464368870831, 50.195265370588906], [127.61478635196285, 50.195177129755436], [127.6146462908602, 50.195175459412056], [127.61464368870831, 50.195265370588906]]], [[[127.61659415500611, 50.1956483850974], [127.61562411854362, 50.19527705948464], [127.61550226084485, 50.194646011657106], [127.614524446305, 50.19454441065707], [127.61453225319346, 50.19427467710199], [127.61410687173385, 50.19444948705123], [127.6145140369359, 50.19490405537623], [127.61506907555773, 50.195090558741555], [127.61463588217364, 50.19553510411045], [127.61422350469081, 50.19526035853001], [127.61394077859893, 50.19534692746222], [127.61421829877028, 50.19544018084742], [127.61448280756359, 50.19598298938988], [127.61490039622464, 50.196077911736964], [127.61504566293286, 50.195899759435676], [127.61504045998244, 50.196079581795665], [127.61629323696906, 50.19636433839897], [127.61659415500611, 50.1956483850974]]], [[[127.62638566799569, 50.196214295912746], [127.62569825140329, 50.19575645438655], [127.62571115845604, 50.195306896433955], [127.62487853470101, 50.19502721615013], [127.62490178041465, 50.19421801198453], [127.62462166264102, 50.1942146955639], [127.62449452154439, 50.19376347925709], [127.6237942339762, 50.19375518453884], [127.62403816734202, 50.19501726457861], [127.62445059979011, 50.19529197577162], [127.62456740995361, 50.196102838207594], [127.62512508508148, 50.19619938237421], [127.62523674373632, 50.19719006721769], [127.62606424517655, 50.197649568304186], [127.626053921356, 50.198009214576686], [127.62689434194584, 50.19801915199474], [127.62691755605051, 50.19720994756444], [127.62650509296152, 50.196935244967094], [127.62638566799569, 50.196214295912746]], [[127.62542328844678, 50.19557331665743], [127.62556076966214, 50.19566488560189], [127.62542070649738, 50.19566322823594], [127.62542328844678, 50.19557331665743]], [[127.62419631782741, 50.19438954277271], [127.62433379331179, 50.194481113140284], [127.62419373368215, 50.19447945432336], [127.62419631782741, 50.19438954277271]]], [[[127.61753564165326, 50.19700872664715], [127.61657336633854, 50.196367675002996], [127.61655777428523, 50.1969071423693], [127.61725031356538, 50.19718521482591], [127.61724252118624, 50.197454948554665], [127.61752006008935, 50.1975481941726], [127.61753564165326, 50.19700872664715]]], [[[127.61334406766275, 50.196598996612074], [127.61222093978432, 50.19667552601766], [127.61221572608085, 50.19685534813871], [127.61262289319419, 50.19730992293002], [127.61374863943455, 50.19714347865214], [127.61375905537949, 50.196783834188714], [127.61334406766275, 50.196598996612074]]], [[[127.61542684112575, 50.19725343635929], [127.61472130078522, 50.19742490885963], [127.61470568727717, 50.197964375705354], [127.61568097148576, 50.198155886875035], [127.61542684112575, 50.19725343635929]]], [[[127.60694432626735, 50.19985028529889], [127.6089184346402, 50.19942423186385], [127.6084982151378, 50.199419198798], [127.60781354171971, 50.198871341846086], [127.60669297011299, 50.19885790641069], [127.60654766332388, 50.199036047842384], [127.60696002828494, 50.19931082040334], [127.60694432626735, 50.19985028529889]], [[127.60710271772419, 50.199222589286144], [127.60724017378944, 50.1993141796531], [127.60710010103055, 50.19931250011264], [127.60710271772419, 50.199222589286144]]], [[[127.62687886528826, 50.19855862154763], [127.62684791056238, 50.199637560491844], [127.62726813523213, 50.19964252720509], [127.62739273839064, 50.200183651955776], [127.62766773511215, 50.200366785160476], [127.62763421785569, 50.20153563569403], [127.62791437882352, 50.201538945199296], [127.62804672662897, 50.20181033444846], [127.62802868320995, 50.20243971547904], [127.62855036503045, 50.20379500570248], [127.62834842413051, 50.205951228849216], [127.62862088035824, 50.206224271450715], [127.62860284166781, 50.206853652151786], [127.62774421496536, 50.20747310623939], [127.62787657754497, 50.20774449553861], [127.62815677488808, 50.207747804754575], [127.62798573705889, 50.20882508797399], [127.62826336292063, 50.20891830845741], [127.62823758398949, 50.20981742316862], [127.62781211228098, 50.209992282128866], [127.62851263862224, 50.21000055455778], [127.62881088745512, 50.20937448193901], [127.6288495385981, 50.208025809389305], [127.62857449386219, 50.20784267881966], [127.6285976876388, 50.20703347519577], [127.62902828240455, 50.20667878995039], [127.62921216682562, 50.205151946706074], [127.62881765769383, 50.20424787098518], [127.62923792318715, 50.20425283090255], [127.62924564984125, 50.20398309613232], [127.62882538671505, 50.20397813626213], [127.62899638616534, 50.202900850631345], [127.62871879351987, 50.2028076320804], [127.62874198071944, 50.201998427702655], [127.62846954737473, 50.201725385383114], [127.62852108043725, 50.19992715311879], [127.62824092883167, 50.19992384515311], [127.62824865991858, 50.19965411029331], [127.62770125016218, 50.199197934374126], [127.6277218737117, 50.198478641456866], [127.6273119737956, 50.19811403003622], [127.62646897118096, 50.19819400720423], [127.62645865020188, 50.198553653503836], [127.62687886528826, 50.19855862154763]], [[127.62758180218775, 50.19847698662934], [127.627439152253, 50.19856524324238], [127.62744173067685, 50.19847533163299], [127.62758180218775, 50.19847698662934]]], [[[127.62577509913731, 50.20771965488577], [127.62396157761144, 50.20742836157028], [127.62269034794322, 50.20777306447859], [127.62101435031275, 50.207573297498406], [127.62002588680022, 50.2078313855924], [127.6257673518985, 50.207989389089704], [127.62577509913731, 50.20771965488577]]], [[[127.62002329358845, 50.207921296776334], [127.619745689924, 50.20782805676455], [127.61974309618611, 50.20791796793793], [127.62002329358845, 50.207921296776334]]], [[[127.60796177349444, 50.20822710032933], [127.6078242907703, 50.20813551072847], [127.60782167460589, 50.208225421443856], [127.60796177349444, 50.20822710032933]]], [[[127.62780953350065, 50.21008219357304], [127.62767200705193, 50.20999062713639], [127.62766942800849, 50.2100805385753], [127.62780953350065, 50.21008219357304]]], [[[127.62098900473515, 50.22789985197698], [127.62140947667166, 50.22790484190565], [127.62114731254327, 50.22727213901939], [127.61989889002261, 50.22680760755586], [127.61987812809521, 50.22752689458545], [127.62057890892893, 50.22753521694285], [127.62042059273327, 50.228162929029466], [127.62082809900816, 50.22861747551083], [127.62138873665836, 50.22862412925584], [127.62098381823043, 50.22807967379186], [127.62098900473515, 50.22789985197698]]], [[[127.62165868734742, 50.22898709879563], [127.62148741776934, 50.23006436676696], [127.62189754187858, 50.230428998674896], [127.62193123369212, 50.22926015679713], [127.62165868734742, 50.22898709879563]]], [[[127.62539963992114, 50.23541727224632], [127.62511410841803, 50.23559377695679], [127.62515548575648, 50.234155201644725], [127.62448565315708, 50.23306797467835], [127.62449858868722, 50.23261841985656], [127.62395084394147, 50.232162225980375], [127.62343935502294, 50.230447276252875], [127.62274371100914, 50.23025914892407], [127.62270485718275, 50.23160781283411], [127.6229774241943, 50.23188086843322], [127.62295929481044, 50.23251024485168], [127.6233642723958, 50.233054693518795], [127.62347078705902, 50.23422519613799], [127.62400560943492, 50.23513094684671], [127.62428337908634, 50.235224177622754], [127.62413284810899, 50.235582161418876], [127.62454045178691, 50.23603669512212], [127.62453010245022, 50.236396338776196], [127.62565414738725, 50.23631969836855], [127.6253841258734, 50.23595673797067], [127.62539963992114, 50.23541727224632]], [[127.62311241404808, 50.23206235146029], [127.62324999430133, 50.23215392340596], [127.62310982441265, 50.23215226238398], [127.62311241404808, 50.23206235146029]]], [[[127.62540222554992, 50.235327361287034], [127.62526721797586, 50.23514588087297], [127.62526204623067, 50.23532570278552], [127.62540222554992, 50.235327361287034]]], [[[127.63125114896233, 50.236745533235656], [127.63097335660635, 50.23665231895853], [127.63098365756522, 50.23629267435045], [127.630563110173, 50.23628771846779], [127.62998949504586, 50.23673066383042], [127.62998176361701, 50.23700039715626], [127.63025440267829, 50.23727343602722], [127.6309604801141, 50.237101874684974], [127.63123570021627, 50.237285000156774], [127.63125114896233, 50.236745533235656]]], [[[127.62605660273404, 50.23695404877043], [127.62478459830487, 50.23729876656265], [127.62491184971277, 50.23774998022512], [127.62575296835351, 50.23775993157903], [127.62605660273404, 50.23695404877043]]], [[[127.61742476960912, 50.23963984563845], [127.61670299312254, 50.24035078728156], [127.61754415462438, 50.24036079842215], [127.61798293574634, 50.23973642746944], [127.61742476960912, 50.23963984563845]], [[127.61770255213686, 50.23973309218739], [127.6175597595732, 50.23982133488717], [127.61756236035188, 50.23973142429276], [127.61770255213686, 50.23973309218739]]], [[[127.63137446465353, 50.24223341418371], [127.63281504890554, 50.240901252383026], [127.63407681438821, 50.240916092000184], [127.63368450167684, 50.23992212387492], [127.63298096362476, 50.24000379025829], [127.6329655326172, 50.2405432572647], [127.63168318317805, 50.241247694543134], [127.63153268756966, 50.24160568786158], [127.63082396923673, 50.24186716308715], [127.63081624110947, 50.24213689626733], [127.63137446465353, 50.24223341418371]]], [[[127.62719171847726, 50.2413745984527], [127.62657858560381, 50.23830934262142], [127.62644614925175, 50.23803795260304], [127.62602817199549, 50.23794306923336], [127.62545449511246, 50.238385991575036], [127.62530137631872, 50.238833887590964], [127.62609599010945, 50.24046223283633], [127.62618966098165, 50.24208228662011], [127.62657666587862, 50.24325610032167], [127.62655340809216, 50.244065298189845], [127.62682606690922, 50.24433834495127], [127.6266651883946, 50.24505597485137], [127.62706514505764, 50.245780232393656], [127.62704447702463, 50.24649951922667], [127.62746769641389, 50.24641457770571], [127.62731900275152, 50.24182580944488], [127.62690099071892, 50.241730928989845], [127.62690874082942, 50.24146119623239], [127.62719171847726, 50.2413745984527]], [[127.62738430764128, 50.244434882147026], [127.62724151849632, 50.24452313670698], [127.62724410149463, 50.24443322581994], [127.62738430764128, 50.244434882147026]]], [[[127.62758983064393, 50.24704560986801], [127.62716918922878, 50.24704064093714], [127.62713043718456, 50.24838930343523], [127.62756400418483, 50.24794471839503], [127.62758983064393, 50.24704560986801]]], [[[127.60621191076369, 50.24903968652199], [127.6049893245004, 50.24767589288627], [127.6049998250343, 50.2473162529033], [127.60458443701738, 50.24713138222381], [127.60456080363774, 50.2479405720346], [127.6051216640944, 50.24794730612723], [127.60523038221173, 50.24902790910675], [127.60480972731753, 50.24902285910616], [127.60467738664721, 50.24875144554887], [127.60451615986821, 50.24946904134594], [127.60493681863765, 50.2494740924414], [127.60561954777228, 50.25011187744066], [127.6061804339669, 50.250118606633514], [127.60621191076369, 50.24903968652199]], [[127.60578863180591, 50.24912455007462], [127.60592622691351, 50.24921614240409], [127.60578600800831, 50.24921446007466], [127.60578863180591, 50.24912455007462]]], [[[127.62268260562249, 50.251844380801046], [127.62379665649371, 50.25212740404001], [127.62465097065606, 50.251687812151246], [127.62227488788923, 50.25138984082374], [127.62100247056726, 50.25173451298866], [127.62085186059592, 50.252092490910094], [127.62211391527096, 50.25210746281419], [127.62268260562249, 50.251844380801046]]], [[[127.62622251582363, 50.25557387697801], [127.62694180183918, 50.254952789455224], [127.6269624776113, 50.254233503704924], [127.62724811515787, 50.25405699586162], [127.62719056621141, 50.251178194919284], [127.62747876758225, 50.25091177547311], [127.6273514592976, 50.250460565134304], [127.62764482089368, 50.25001432358497], [127.62755625599186, 50.248214450923975], [127.62727065493144, 50.24839095999344], [127.62711493554198, 50.24892876834024], [127.62706842778569, 50.25054716273222], [127.62648426665258, 50.25134973112872], [127.6267543812439, 50.25171268881241], [127.62642997761208, 50.253237856582736], [127.626544358229, 50.254138621281065], [127.62579921283219, 50.25565881314936], [127.62622251582363, 50.25557387697801]]], [[[127.62015071957018, 50.25208416726535], [127.62016110762617, 50.2517245252491], [127.61875363783489, 50.251887686390155], [127.61874843850615, 50.25206750728962], [127.6191665237941, 50.25216241752175], [127.62015071957018, 50.25208416726535]]], [[[127.60119310854995, 50.26714753783305], [127.60780684640649, 50.26650742679535], [127.60781733273359, 50.26614778755312], [127.60823813898973, 50.266152827905195], [127.60794973753876, 50.26641919728962], [127.60879135500107, 50.26642927555117], [127.61076297903658, 50.26618303803283], [127.61034740564598, 50.26599818699751], [127.61039973855243, 50.264199988450144], [127.6098465386434, 50.263923548494425], [127.60917141502318, 50.26301605797021], [127.60853823352313, 50.2606700049699], [127.60798770574856, 50.260303646507104], [127.60800867085533, 50.259584367171634], [127.60773079304992, 50.25949109695579], [127.60746602424327, 50.258948276541226], [127.60751058863057, 50.25741980781901], [127.60723534616001, 50.25723662656167], [127.60712132383583, 50.2563358462976], [127.60670584972121, 50.25615098276228], [127.60730350905617, 50.25489896787757], [127.60731137342768, 50.25462923796422], [127.6070335256506, 50.25453596625405], [127.607197354899, 50.25372845742019], [127.60664953903402, 50.25327218295952], [127.60666002915414, 50.25291254307079], [127.6061227215337, 50.25209662627751], [127.60556181213337, 50.252089896615175], [127.60562855581416, 50.25460905733419], [127.60646996438159, 50.254619150694126], [127.6063991380015, 50.25704671856501], [127.6047109827686, 50.257206343696986], [127.60469259644633, 50.25783571249737], [127.6063729035489, 50.25794581749923], [127.60630206388394, 50.26037338387308], [127.6037749070996, 50.2604329891223], [127.60373021840863, 50.261961454619374], [127.60288605103639, 50.262041250049656], [127.60285185397764, 50.26321007587747], [127.6032700036168, 50.26330504367771], [127.60320425316651, 50.265552785305815], [127.6029237197746, 50.265549413119885], [127.60290267364772, 50.26626869015747], [127.60149735290992, 50.266341728215636], [127.60147628470823, 50.26706100471721], [127.60119310854995, 50.26714753783305]], [[127.60643563920696, 50.26541169724971], [127.60672141930291, 50.26523524138417], [127.60670830146873, 50.26568479029486], [127.60656803416926, 50.265683108511865], [127.60643563920696, 50.26541169724971]], [[127.60742799380346, 50.26506382799936], [127.60756563740513, 50.265155418549796], [127.60742537160937, 50.26515373781415], [127.60742799380346, 50.26506382799936]], [[127.60491897789113, 50.26449408757226], [127.60505398838549, 50.26467559078125], [127.60491372414873, 50.26467390702626], [127.60491897789113, 50.26449408757226]], [[127.60530979944384, 50.2607212445245], [127.60515116423439, 50.26134892971439], [127.60501090976109, 50.26134724615695], [127.60501878887672, 50.261077516807354], [127.60474090842612, 50.26098423944141], [127.6050319204698, 50.26062796786138], [127.60530979944384, 50.2607212445245]], [[127.6069849642834, 50.261011161129], [127.60683946484883, 50.26118929950215], [127.60669921074359, 50.26118761798582], [127.60670445711499, 50.26100779828685], [127.6069849642834, 50.261011161129]]], [[[127.62637370666452, 50.260072724916434], [127.62482316862183, 50.260324210166594], [127.62453230514319, 50.26068053255089], [127.62663611160603, 50.26070541456444], [127.62637370666452, 50.260072724916434]]], [[[127.62379217194949, 50.262020887516776], [127.62365450575575, 50.261929315957595], [127.62365191439801, 50.26201922643723], [127.62379217194949, 50.262020887516776]]], [[[127.62364932302714, 50.262109136915356], [127.62351165685966, 50.26201756518847], [127.62350906522491, 50.26210747566134], [127.62364932302714, 50.262109136915356]]], [[[127.62471700842761, 50.26401054143589], [127.6247429031925, 50.26311143648012], [127.6251740400729, 50.262756773252214], [127.62447274123517, 50.26274847441233], [127.6244882803155, 50.26220901139434], [127.6239350203441, 50.26193263793695], [127.62364673164313, 50.262199047391995], [127.6239168842583, 50.262562011336684], [127.62375330396519, 50.26336954461067], [127.62388579232815, 50.263640936994214], [127.62430657935053, 50.26364591899436], [127.62429362777988, 50.26409547136709], [127.62385469850648, 50.26471986243633], [127.62441317038174, 50.2648164154824], [127.62454307639086, 50.26517771757541], [127.62469111234991, 50.264909646242074], [127.62511449956776, 50.26482471492767], [127.62499235730989, 50.26419368194428], [127.62471700842761, 50.26401054143589]]], [[[127.62654302056241, 50.2639421956211], [127.62653526220853, 50.264211927288315], [127.62681579054241, 50.26421524242369], [127.62666776868878, 50.26448331661015], [127.62694312783564, 50.26466645256518], [127.6269663960078, 50.26385725744851], [127.62641051623442, 50.26367080615043], [127.6262624938644, 50.263938879840374], [127.62654302056241, 50.2639421956211]]], [[[127.62666518276917, 50.26457322716367], [127.62638723879766, 50.264480001104786], [127.62638465235024, 50.26456991164779], [127.62666518276917, 50.26457322716367]]], [[[127.62482102070804, 50.26527094803804], [127.62468334327062, 50.26517937765474], [127.62468075355125, 50.26526928812265], [127.62482102070804, 50.26527094803804]]], [[[127.60702541666133, 50.27405312062914], [127.60688250070649, 50.27414134868141], [127.60702279287341, 50.27414303028877], [127.60702541666133, 50.27405312062914]]], [[[127.60770589626141, 50.27478080354835], [127.6075787161708, 50.27432957438276], [127.60702279287341, 50.27414303028877], [127.60701492142982, 50.27441275925866], [127.60742530811112, 50.27477744178254], [127.60770589626141, 50.27478080354835]]], [[[127.60798648446489, 50.27478416463704], [127.60784881265322, 50.27469257449619], [127.60784619035648, 50.27478248417734], [127.60798648446489, 50.27478416463704]]], [[[127.60770589626141, 50.27478080354835], [127.60784356804648, 50.27487239385696], [127.60784619035648, 50.27478248417734], [127.60770589626141, 50.27478080354835]]], [[[127.60854241903854, 50.27497070419405], [127.60798648446489, 50.27478416463704], [127.6078357010366, 50.27514212288686], [127.60839688177481, 50.27514884379522], [127.60838901781402, 50.275418572875594], [127.60867747222368, 50.275152203233695], [127.60922817431073, 50.27551855897788], [127.60854241903854, 50.27497070419405]]], [[[127.61101539793779, 50.27679910722156], [127.61144414577723, 50.27653440739895], [127.61116354687512, 50.27653105457239], [127.61101539793779, 50.27679910722156]]], [[[127.61072694632065, 50.27706548261831], [127.61058402798412, 50.277153715159976], [127.61072432922407, 50.277155392372315], [127.61072694632065, 50.27706548261831]]], [[[127.61100231516207, 50.27724865605224], [127.61072432922407, 50.277155392372315], [127.61071647785467, 50.27742512162533], [127.61085677990015, 50.277426798684324], [127.61100231516207, 50.27724865605224]]], [[[127.61632764458348, 50.28720568054934], [127.61800380605845, 50.28749544523216], [127.61828967784984, 50.28731896230867], [127.6180116190411, 50.287225715618156], [127.6180246404147, 50.28677616623156], [127.61830530036687, 50.286779502985745], [127.61843261295279, 50.287230720574776], [127.61913426973632, 50.28723905878196], [127.61856513447138, 50.28750211823244], [127.61926679528462, 50.28751045567215], [127.61925898931786, 50.28778018541552], [127.61953705383422, 50.287873429159646], [127.61911084945775, 50.28804824796446], [127.61980211439189, 50.288416221879075], [127.62008538470914, 50.28832964448606], [127.62005417773157, 50.28940856359772], [127.6222995846082, 50.28943520046764], [127.62229439171756, 50.28961502046762], [127.6225750688714, 50.28961834704874], [127.623146802723, 50.28926535804596], [127.623014250338, 50.28899396543939], [127.62343526073614, 50.28899895240567], [127.6238666449847, 50.28864429756775], [127.62553772420779, 50.28911377450139], [127.62539220577659, 50.289291935127814], [127.62594578840289, 50.28956830304107], [127.62679558439352, 50.28930852378547], [127.62680593608422, 50.288948883081325], [127.6256884215374, 50.28875579340167], [127.62554290478383, 50.28893395424103], [127.62555067554936, 50.288664223839284], [127.62429802279875, 50.28828964105509], [127.62261400633913, 50.28826969674476], [127.62162387147355, 50.28852778127778], [127.62149392759234, 50.28816647699854], [127.6201009874857, 50.28779018484941], [127.62038685341017, 50.287613696727156], [127.62010878869593, 50.28752045501089], [127.62011658978749, 50.28725072515891], [127.61955526396478, 50.28724405967396], [127.61998145950227, 50.287069239143484], [127.61929281431607, 50.28661135643033], [127.61930061976821, 50.28634162662859], [127.6188744283391, 50.28651644471669], [127.6186015792427, 50.2862433796222], [127.61845344065031, 50.286511441411264], [127.61846385418218, 50.28615180179357], [127.61762188550271, 50.286141790737155], [127.61778565514732, 50.28533427068074], [127.61750500375607, 50.28533093274111], [127.61751281895836, 50.285061203082876], [127.6170918443485, 50.28505619495096], [127.61723738033089, 50.28487804473914], [127.61669172249768, 50.28433190639462], [127.61531719625043, 50.28332618889638], [127.61546534213421, 50.28305813102515], [127.61504699506193, 50.28296320579604], [127.61505743295217, 50.28260356647455], [127.61464431111229, 50.28232882016854], [127.61449877347994, 50.28250696719377], [127.61477157796614, 50.2827800417218], [127.61407782193514, 50.2825019483308], [127.6145118257622, 50.28205741810682], [127.61395317381908, 50.28196081625635], [127.61409871176794, 50.28178266990107], [127.61354267611932, 50.28159615630307], [127.61355312483848, 50.281236517125215], [127.61312957171425, 50.28132140471011], [127.61314002344427, 50.280961765578], [127.6128593983142, 50.280958416632664], [127.61286723855747, 50.28068868729973], [127.6124515316865, 50.280503843128734], [127.6124619882223, 50.28014420404895], [127.61177089932069, 50.27977618742439], [127.61178136071487, 50.279416548402985], [127.61150336067423, 50.27932328650352], [127.6115216712083, 50.27869391822233], [127.61124367586872, 50.278600655729356], [127.61127245391638, 50.27761164838258], [127.61155829032661, 50.277435181439806], [127.61171428397923, 50.276897398740175], [127.6121351856804, 50.27690242575831], [127.61200272910031, 50.27663102083136], [127.61228594280172, 50.27654446181555], [127.61188073337722, 50.27599997650449], [127.61172212956396, 50.276627669348535], [127.61114784932782, 50.277070513223585], [127.61113738403093, 50.277430152294414], [127.61085677990015, 50.277426798684324], [127.61085154611573, 50.27760661818949], [127.61113476767355, 50.277520062058386], [127.61111121986006, 50.27832924986666], [127.61039922510548, 50.278680503186294], [127.61038351772416, 50.27921996146222], [127.61065889749615, 50.279403135735514], [127.61077826756025, 50.28012409063262], [127.61147196967511, 50.28040220338624], [127.61145627345921, 50.28094166174672], [127.61215783572095, 50.2809500413062], [127.61214476178, 50.281399590031654], [127.6129735785085, 50.28185918892221], [127.61296312519178, 50.282218827973175], [127.61366209463219, 50.28231710837725], [127.61351132869014, 50.28267507369286], [127.61391661198631, 50.28321955332925], [127.61432973719313, 50.283494302209924], [127.61475852779611, 50.2832295908019], [127.6147350366562, 50.28403877905175], [127.61501568012079, 50.284042123616764], [127.61499741219171, 50.28467149224598], [127.61541316509387, 50.2848563275615], [127.6152806686235, 50.28458492639759], [127.61556131536432, 50.28458826967151], [127.61554044549757, 50.28530754819672], [127.61638239871962, 50.28531757420866], [127.61636675527575, 50.28585703323049], [127.61608610097821, 50.285853691840316], [127.61607827749242, 50.28612342129924], [127.61565729376728, 50.28611840789613], [127.61550131221516, 50.286656195173244], [127.6163406818115, 50.28675613148048], [127.61617166676912, 50.287743468660864], [127.61632764458348, 50.28720568054934]], [[127.61956566946344, 50.286884419934914], [127.6192746011326, 50.28724072591531], [127.61928761061533, 50.28679117629066], [127.61956566946344, 50.286884419934914]], [[127.61929281431607, 50.28661135643033], [127.61914988266145, 50.286699599259606], [127.61915248476946, 50.286609689333986], [127.61929281431607, 50.28661135643033]], [[127.61750500375607, 50.28533093274111], [127.61736207272216, 50.28541917339506], [127.61736467808025, 50.28532926351727], [127.61750500375607, 50.28533093274111]], [[127.61504699506193, 50.28296320579604], [127.61490145694039, 50.283141353303], [127.61490667649325, 50.282961533661855], [127.61504699506193, 50.28296320579604]], [[127.61490667649325, 50.282961533661855], [127.61476896795861, 50.28286995154081], [127.61490928624984, 50.28287162383902], [127.61490667649325, 50.282961533661855]], [[127.61365687050953, 50.282496927943846], [127.61379457582112, 50.28258851136185], [127.61365425842831, 50.2825868377249], [127.61365687050953, 50.282496927943846]], [[127.61379196399083, 50.28267842114672], [127.61406998802934, 50.28277167771724], [127.61406737670093, 50.28286158750972], [127.61378674029055, 50.28285824071197], [127.61379196399083, 50.28267842114672]], [[127.61501568012079, 50.284042123616764], [127.61529893276112, 50.28395555768367], [127.6152963236383, 50.284045467504434], [127.61501568012079, 50.284042123616764]], [[127.61565207645859, 50.28629822749612], [127.6159301251733, 50.28639147976376], [127.61564946778441, 50.28638813729386], [127.61565207645859, 50.28629822749612]], [[127.62092739286504, 50.28833963801308], [127.6212002671318, 50.28861269775871], [127.62091959605546, 50.28860936790628], [127.62092739286504, 50.28833963801308]], [[127.62120546396098, 50.28843287781028], [127.62134839712094, 50.288344632490144], [127.6213457989904, 50.288434542471876], [127.62120546396098, 50.28843287781028]], [[127.61721914115986, 50.285507413867585], [127.61679555622466, 50.28559231449377], [127.61681380103674, 50.284962945487024], [127.6169489133939, 50.285144435101365], [127.61736988875676, 50.2851494437572], [127.61708663264157, 50.28523601469285], [127.61721914115986, 50.285507413867585]], [[127.61668390285676, 50.284601635993475], [127.61639804168746, 50.28477811513292], [127.61640586299292, 50.28450838557485], [127.61668390285676, 50.284601635993475]], [[127.61584457030348, 50.284501702435065], [127.61585500275285, 50.28414206308814], [127.61641107713042, 50.284328565861976], [127.61640586299292, 50.28450838557485], [127.61584457030348, 50.284501702435065]], [[127.61668129628336, 50.28469154585676], [127.61681901372121, 50.28478312575734], [127.61667868969674, 50.28478145571855], [127.61668129628336, 50.28469154585676]], [[127.61515078305919, 50.284223615271706], [127.6152858870147, 50.284405106772525], [127.61514556419253, 50.284403434892155], [127.61515078305919, 50.284223615271706]], [[127.61557435860108, 50.2841387205446], [127.61570685556057, 50.28441012139758], [127.61556653269871, 50.28440845002523], [127.61557435860108, 50.2841387205446]], [[127.61419986165383, 50.283132990039], [127.61447788913988, 50.283226245655015], [127.61419725053662, 50.283222899830804], [127.61419986165383, 50.283132990039]], [[127.61394795085901, 50.28214063585614], [127.61408565572175, 50.28223221893087], [127.61394533935913, 50.28223054565382], [127.61394795085901, 50.28214063585614]], [[127.61353483944085, 50.281865885670726], [127.61367254271859, 50.28195746922608], [127.61353222718822, 50.28195579545696], [127.61353483944085, 50.281865885670726]], [[127.61339974918177, 50.28168439217126], [127.61353745168026, 50.281775975883015], [127.61339713669146, 50.28177430195518], [127.61339974918177, 50.28168439217126]], [[127.61188244131662, 50.280766870510966], [127.61173951386498, 50.28085510434485], [127.61174212939257, 50.28076519460971], [127.61188244131662, 50.280766870510966]], [[127.61174212939257, 50.28076519460971], [127.61160443326023, 50.2806736088078], [127.6117447449069, 50.28067528487307], [127.61174212939257, 50.28076519460971]], [[127.61160443326023, 50.2806736088078], [127.6114667376562, 50.28058202284572], [127.61160704902545, 50.280583699074995], [127.61160443326023, 50.2806736088078]], [[127.61160704902545, 50.280583699074995], [127.61175259137029, 50.2804055556542], [127.61174736040795, 50.28058537513494], [127.61160704902545, 50.280583699074995]], [[127.61203059817227, 50.28049881699664], [127.61216829463505, 50.28059040229889], [127.61202798321276, 50.2805887267469], [127.61203059817227, 50.28049881699664]], [[127.6112018140247, 50.2800392115466], [127.6113395075687, 50.280130797813776], [127.61119919754668, 50.28012912127245], [127.6112018140247, 50.2800392115466]], [[127.61120443048945, 50.279949301819265], [127.61093689630783, 50.27949639964394], [127.61135258850547, 50.279681249142975], [127.61120443048945, 50.279949301819265]], [[127.61093689630783, 50.27949639964394], [127.61080182251631, 50.27931490318967], [127.61094213012136, 50.27931658019106], [127.61093689630783, 50.27949639964394]], [[127.61121751261423, 50.279499753160074], [127.61135520465304, 50.27959133940433], [127.6112148962158, 50.279589662894914], [127.61121751261423, 50.279499753160074]]], [[[127.61446744665214, 50.28358588484971], [127.61461037740798, 50.2834976477273], [127.61447005729394, 50.283495975053285], [127.61446744665214, 50.28358588484971]]], [[[127.61806109850419, 50.28551742775001], [127.61777784141141, 50.285604000357274], [127.61777523680635, 50.28569391024647], [127.61805589036419, 50.28569724755106], [127.61806109850419, 50.28551742775001]]], [[[127.60276298164065, 50.28542446757406], [127.60248233150647, 50.2854210933623], [127.60247443125267, 50.28569082128487], [127.60289804149058, 50.285605973074574], [127.60274455122722, 50.286053832780674], [127.60372947117074, 50.28597572810136], [127.60370842194331, 50.286695002844816], [127.60342776422405, 50.28669163085416], [127.6035786188544, 50.28633367959583], [127.60302257267269, 50.286147115709895], [127.60329533132287, 50.28642021663538], [127.60287171450337, 50.28650506622792], [127.60257525799724, 50.28704114798227], [127.60270768843743, 50.28731256297355], [127.60298834972248, 50.287315936732654], [127.60299624752663, 50.2870462088268], [127.60383033389802, 50.28732605394538], [127.60369789700933, 50.287054640180564], [127.60468020684554, 50.28706643696291], [127.60424869591603, 50.287421019612495], [127.60481002018363, 50.28742775902293], [127.60524152704535, 50.287073174255575], [127.60566251733516, 50.28707822544683], [127.60566777243027, 50.286898406632325], [127.60538711328067, 50.286895039362214], [127.60554846481008, 50.28617744780673], [127.60513011096498, 50.28608248686752], [127.60500029864986, 50.28572116509368], [127.60415834237051, 50.28571105658725], [127.6041820142367, 50.28490187220142], [127.60334007270481, 50.284891757887216], [127.60334796784241, 50.284622029827865], [127.60208506357898, 50.284606847070414], [127.60195000959207, 50.284425340643956], [127.60110280545543, 50.284595028776], [127.60122731383095, 50.28513617323528], [127.60179387983236, 50.28496310843557], [127.60207189306051, 50.28505639358771], [127.60192630028106, 50.28523452432691], [127.60276298164065, 50.28542446757406]], [[127.60151323252725, 50.28495973190653], [127.6013755443328, 50.284868134112806], [127.60151586770111, 50.28486982262599], [127.60151323252725, 50.28495973190653]], [[127.60497926876658, 50.28644044025793], [127.60511696844239, 50.28653203385315], [127.60497663997117, 50.2865303496467], [127.60497926876658, 50.28644044025793]]], [[[127.60302257267269, 50.286147115709895], [127.60288487816385, 50.28605551966999], [127.60288224545846, 50.28614542898457], [127.60302257267269, 50.286147115709895]]], [[[127.62025692127614, 50.28725239110674], [127.62011919012495, 50.28716081520526], [127.62011658978749, 50.28725072515891], [127.62025692127614, 50.28725239110674]]], [[[127.6203894532719, 50.287523786768915], [127.62025172109011, 50.28743221102014], [127.62024912097732, 50.28752212097459], [127.6203894532719, 50.287523786768915]]], [[[127.60340670991482, 50.28741090541611], [127.60326901106096, 50.287319309814315], [127.60326637896135, 50.28740921912397], [127.60340670991482, 50.28741090541611]]], [[[127.62229179525251, 50.289704930465355], [127.6221540531604, 50.28961335692299], [127.62215145643106, 50.28970326691546], [127.62229179525251, 50.289704930465355]]], [[[127.62572044575049, 50.29739047929964], [127.62768550998454, 50.29741369582004], [127.62714735492303, 50.296597875320906], [127.62731359056853, 50.2957004321466], [127.62760206514739, 50.2954340165806], [127.62761499993871, 50.29498446602107], [127.62706652110832, 50.294528285516385], [127.62722757521543, 50.29381066234082], [127.62681687494691, 50.293446048339575], [127.62669205593517, 50.29290492951096], [127.62640359189513, 50.293171343015], [127.62656206229049, 50.29254363075316], [127.62629172421137, 50.292180673233425], [127.62489344499659, 50.29198425769361], [127.6250208329516, 50.292435468294094], [127.6253015270185, 50.29243878842669], [127.62528857159607, 50.2928883387484], [127.62583960482894, 50.293254617400834], [127.62580075166255, 50.29460326836773], [127.62621663299228, 50.294788065777446], [127.62596182505423, 50.293885647112766], [127.62612030381145, 50.29325793559545], [127.62640100284649, 50.293261253112476], [127.62622699105852, 50.29442842550132], [127.62664287255897, 50.29461322139238], [127.62636216554097, 50.29460990439512], [127.62634921911581, 50.29505945474789], [127.62662733998172, 50.29515268187435], [127.62661957351582, 50.29542241209516], [127.62704064127917, 50.29542738646252], [127.62705099336836, 50.295067746102006], [127.6273265282004, 50.29525088166208], [127.6268847552311, 50.29596518897381], [127.62700181907405, 50.296776037601305], [127.62658073941358, 50.29677106299724], [127.62661180693176, 50.295692142302485], [127.6260503802587, 50.2956855073778], [127.62634145110312, 50.29532918494161], [127.62592038432989, 50.29532420804887], [127.62561376576527, 50.29621998955871], [127.62572044575049, 50.29739047929964]], [[127.62639323562176, 50.293530983395925], [127.62652840826522, 50.29371246210814], [127.6263880574063, 50.29371080357742], [127.62639323562176, 50.293530983395925]], [[127.6257044360849, 50.29307313790562], [127.62584996517407, 50.29289497708616], [127.62612807250399, 50.292988205330104], [127.6257044360849, 50.29307313790562]], [[127.62613584107834, 50.29271847505132], [127.62627359975598, 50.292810043962646], [127.62613325156669, 50.29280838514574], [127.62613584107834, 50.29271847505132]]], [[[127.62720150857284, 50.314226854734315], [127.62706368701912, 50.314135286732885], [127.6270610972902, 50.31422519652928], [127.62720150857284, 50.314226854734315]]], [[[127.60578126563166, 50.321436987829564], [127.60551355831883, 50.320984074822235], [127.6053599719132, 50.321431934583], [127.60578126563166, 50.321436987829564]]], [[[127.6066133375171, 50.32180672536516], [127.6064755343879, 50.32171513321764], [127.60647290512517, 50.321805042115216], [127.6066133375171, 50.32180672536516]]], [[[127.60759111030458, 50.321998321243086], [127.60731287198922, 50.32190504799956], [127.60731024428836, 50.321994956926176], [127.60759111030458, 50.321998321243086]]], [[[127.62592313354679, 50.3244649471266], [127.62578528525835, 50.32437337754555], [127.62578269217728, 50.32446328713462], [127.62592313354679, 50.3244649471266]]], [[[127.63067489302367, 50.32533047384158], [127.63053703301999, 50.32523890981385], [127.63053444882425, 50.32532881956824], [127.63067489302367, 50.32533047384158]]], [[[127.60614837265848, 50.32809697742933], [127.60587010186055, 50.328003700557005], [127.6058674708691, 50.32809360933369], [127.60614837265848, 50.32809697742933]]], [[[127.60389062090862, 50.32842964846112], [127.60375280417928, 50.32833805307259], [127.60375016916164, 50.32842796176307], [127.60389062090862, 50.32842964846112]]], [[[127.61536328592392, 50.33009583556726], [127.61508498504338, 50.33000258053951], [127.61508237125355, 50.33009248963625], [127.61536328592392, 50.33009583556726]]], [[[127.60636878237975, 50.33016824678822], [127.60623095586378, 50.33007665428329], [127.60622832535982, 50.330166563041544], [127.60636878237975, 50.33016824678822]]], [[[127.60761187283842, 50.330902663315015], [127.6073388397684, 50.33062957224821], [127.6073309543335, 50.330899298619684], [127.60761187283842, 50.330902663315015]]], [[[127.62854562773008, 50.33097160579352], [127.62839998952725, 50.331149767983625], [127.62854045075892, 50.33115142497291], [127.62854562773008, 50.33097160579352]]], [[[127.60915167543274, 50.331100974723796], [127.60900859014428, 50.331189203164605], [127.60914905034474, 50.33119088357764], [127.60915167543274, 50.331100974723796]]], [[[127.61826856028065, 50.331659383369924], [127.6182737761125, 50.33147956498189], [127.61688482384544, 50.3309234084845], [127.6168717713186, 50.3313729542233], [127.61742839725144, 50.331559455211156], [127.6174231782142, 50.331739273532605], [127.61826856028065, 50.331659383369924]]], [[[127.61672347765264, 50.33164101054353], [127.61700440164763, 50.331644352584036], [127.61700962224779, 50.331464534291406], [127.61672869931245, 50.3314611922721], [127.61672347765264, 50.33164101054353]]], [[[127.61953011443423, 50.33176430965556], [127.61995150203543, 50.33176931230027], [127.62009717356634, 50.331591160986584], [127.61910872695204, 50.33175930548423], [127.61855209195969, 50.33157281247482], [127.61783934771921, 50.33192410215774], [127.61895262453915, 50.332297092365934], [127.61953011443423, 50.33176430965556]]], [[[127.63005708294777, 50.33215864667522], [127.62991920464509, 50.332067081869], [127.6299166186576, 50.33215699149405], [127.63005708294777, 50.33215864667522]]], [[[127.60320491573586, 50.332648606658374], [127.60306708829879, 50.332557010431636], [127.60306445159284, 50.332646919030275], [127.60320491573586, 50.332648606658374]]], [[[127.62384030192628, 50.333344389658386], [127.62313536605515, 50.33342598371823], [127.6231327671406, 50.33351589306662], [127.62383510675971, 50.33352420840945], [127.62384030192628, 50.333344389658386]]], [[[127.60402662158118, 50.33337799789961], [127.60374832439761, 50.33328471581029], [127.60374568890924, 50.333374624423705], [127.60402662158118, 50.33337799789961]]], [[[127.62999243561848, 50.334406386946796], [127.63014583534255, 50.33395849408379], [127.63042677458583, 50.333961803808016], [127.63058016872225, 50.33351391029371], [127.63101449394377, 50.333069324782024], [127.63129542804565, 50.33307263236559], [127.63144622785542, 50.33271464722262], [127.62917548614689, 50.33349735684597], [127.62916513597933, 50.33385699513643], [127.62944866154062, 50.33377039764424], [127.62986230988865, 50.33404509327465], [127.62956326230177, 50.33467114922296], [127.62999243561848, 50.334406386946796]], [[127.62986230988865, 50.33404509327465], [127.63000795172564, 50.33386692936682], [127.63000277974243, 50.33404674856612], [127.62986230988865, 50.33404509327465]], [[127.62959430405428, 50.33359223425211], [127.62987006863865, 50.33377536448921], [127.62958913056016, 50.33377205342886], [127.62959430405428, 50.33359223425211]]], [[[127.62383510675971, 50.33352420840945], [127.623827313911, 50.33379393652483], [127.62453744670844, 50.333532519511344], [127.62383510675971, 50.33352420840945]]], [[[127.62943572625082, 50.334219945533704], [127.62930560523758, 50.3338586512656], [127.62929525591966, 50.334218289553164], [127.62943572625082, 50.334219945533704]]], [[[127.61005619255029, 50.33380999891166], [127.60991310067587, 50.33389822837233], [127.61005356891707, 50.33389990775788], [127.61005619255029, 50.33380999891166]]], [[[127.61005094527057, 50.33398981660261], [127.61033450543945, 50.33390326602007], [127.61005356891707, 50.33389990775788], [127.61005094527057, 50.33398981660261]]], [[[127.62895220225816, 50.33637280605403], [127.62881431406653, 50.3362812399204], [127.62881172560719, 50.33637114943841], [127.62895220225816, 50.33637280605403]]], [[[127.62782579909116, 50.33644945785843], [127.62754743634007, 50.336356232263356], [127.62754484548273, 50.33644614173254], [127.62782579909116, 50.33644945785843]]], [[[127.61221199527236, 50.3369836576331], [127.61207413792084, 50.336892071905666], [127.61207151780957, 50.336981980780855], [127.61221199527236, 50.3369836576331]]], [[[127.6214523078392, 50.338172865418954], [127.62131442910233, 50.33808129049342], [127.62131182632163, 50.33817119970065], [127.6214523078392, 50.338172865418954]]], [[[127.62004488807914, 50.33824610975926], [127.61990701187267, 50.338154533186156], [127.6199044064287, 50.33824444233902], [127.62004488807914, 50.33824610975926]]], [[[127.62159018710614, 50.338264440183885], [127.6214523078392, 50.338172865418954], [127.62144970531033, 50.33826277462998], [127.62159018710614, 50.338264440183885]]], [[[127.62032324675744, 50.33833935325796], [127.62018536974276, 50.33824777700981], [127.62018276481558, 50.33833768617176], [127.62032324675744, 50.33833935325796]]], [[[127.60252500929407, 50.34145457761124], [127.60225986343282, 50.34091174951309], [127.60155742129689, 50.34090330297036], [127.60167678875216, 50.34162425990741], [127.60335740203689, 50.34182433989764], [127.60322482261401, 50.3415529268423], [127.60252500929407, 50.34145457761124]]], [[[127.67106546783462, 50.136202908519], [127.67067320018613, 50.13520904853374], [127.6696864955795, 50.13546757636857], [127.66979895909951, 50.13645823466656], [127.67106546783462, 50.136202908519]]], [[[127.63807884315396, 50.139778179448136], [127.6372292205254, 50.14012798274478], [127.63693664076133, 50.14057426295854], [127.6376336014746, 50.140672385071426], [127.63791851499336, 50.14049584178305], [127.63807884315396, 50.139778179448136]]], [[[127.63802267129076, 50.14175626337909], [127.63899691342623, 50.141947571994535], [127.6391597819908, 50.14113999531268], [127.63902498024238, 50.140958529752105], [127.63818555552015, 50.14094868816689], [127.63802267129076, 50.14175626337909]]], [[[127.67266565526052, 50.14917294562538], [127.67197845718592, 50.148715376250934], [127.67198592825189, 50.14844563414304], [127.67170607249423, 50.148442433354596], [127.67169859985498, 50.148712175432074], [127.67114137728555, 50.14861585776776], [127.67141126824846, 50.14897871597264], [127.67196600515727, 50.14916494640098], [127.67195853378885, 50.14943468847311], [127.67251825699294, 50.14944108825057], [127.67266565526052, 50.14917294562538]]], [[[127.66874512226767, 50.14921800960535], [127.6711339014241, 50.1488855997754], [127.67001945692833, 50.148692956361124], [127.6688925408344, 50.14894987192301], [127.66874512226767, 50.14921800960535]]], [[[127.67107979242148, 50.160937265986156], [127.67094232152118, 50.16084575049014], [127.67093982812688, 50.16093566429658], [127.67107979242148, 50.160937265986156]]], [[[127.66897034093034, 50.16127287786426], [127.67078988909178, 50.16129371762899], [127.67093982812688, 50.16093566429658], [127.66855793918273, 50.16099832349414], [127.66771065499256, 50.16125843364159], [127.66770315647685, 50.16152817468339], [127.66840048758885, 50.16162611471711], [127.66897034093034, 50.16127287786426]]], [[[127.64876733678993, 50.187572546389106], [127.64820463503884, 50.18765594113351], [127.64846441340937, 50.18837850085459], [127.64903219714479, 50.18811527977455], [127.64876733678993, 50.187572546389106]]], [[[127.67101153304316, 50.18863866276663], [127.67115656917142, 50.18846043824036], [127.6705889008582, 50.18872376839118], [127.67042888076588, 50.18944147226535], [127.67069649398307, 50.18989424477065], [127.67125419430583, 50.189990567723804], [127.67101153304316, 50.18863866276663]]], [[[127.64913672494046, 50.189375684511894], [127.64856638873785, 50.18972881846668], [127.64855369880515, 50.1901783811245], [127.6491138927541, 50.190184897508736], [127.64926155132939, 50.189916788515156], [127.64913672494046, 50.189375684511894]]], [[[127.63852532335854, 50.197976171974204], [127.64062383156508, 50.19809069068918], [127.64132929206063, 50.19791906020016], [127.6413395010911, 50.19755941163254], [127.64092695124678, 50.19728475956639], [127.63868329478314, 50.19734842928919], [127.6388284775043, 50.19717024659443], [127.63813069413288, 50.19707212584195], [127.63728260679405, 50.197332005835236], [127.63644731741289, 50.19714231972462], [127.6358767951558, 50.197495389385445], [127.63627650861451, 50.19821961890317], [127.63852532335854, 50.197976171974204]]], [[[127.64230468627451, 50.198110348684196], [127.64314256542914, 50.19821008076742], [127.64313746759508, 50.198389905168256], [127.64384037621309, 50.19830817161134], [127.64314511432681, 50.198120168564756], [127.64301523946581, 50.197758883535265], [127.64217481780126, 50.197749062766235], [127.64230468627451, 50.198110348684196]]], [[[127.64411542600244, 50.19849126635703], [127.64384037621309, 50.19830817161134], [127.64383528098257, 50.19848799606104], [127.64411542600244, 50.19849126635703]]], [[[127.64815213916934, 50.199437733520924], [127.64718177648636, 50.19906666909934], [127.6470340770775, 50.19933477471288], [127.64800444398622, 50.199705840386315], [127.64815213916934, 50.199437733520924]]], [[[127.64271453351054, 50.20342171273536], [127.64215928856909, 50.203235340076986], [127.64188932283099, 50.2028724165221], [127.64118379090446, 50.20304404969147], [127.64117102564133, 50.20349360994159], [127.64213632719976, 50.2040445488006], [127.64212612181078, 50.20440419708338], [127.64240119954016, 50.20458729593203], [127.64310929963484, 50.20432574345754], [127.64271453351054, 50.20342171273536]], [[127.64268648076106, 50.20441074579885], [127.64254894158167, 50.204319196789264], [127.64268903107559, 50.20432083370964], [127.64268648076106, 50.20441074579885]]], [[[127.64500690450123, 50.20659643950468], [127.64433189728157, 50.20568914569713], [127.64364162397776, 50.20532132072251], [127.64390397207592, 50.20595397661143], [127.6445866156719, 50.20659153646073], [127.64444142497294, 50.20676972601207], [127.64485662242036, 50.20695445385596], [127.64500690450123, 50.20659643950468]]], [[[127.64192223716424, 50.206650360578315], [127.64178469311167, 50.20655881065787], [127.64178214089587, 50.20664872267858], [127.64192223716424, 50.206650360578315]]], [[[127.6449941735449, 50.207046000189834], [127.64485662242036, 50.20695445385596], [127.64485407594026, 50.207044365984835], [127.6449941735449, 50.207046000189834]]], [[[127.6416165191409, 50.207546204683084], [127.6413388745418, 50.207453015945134], [127.64134908694959, 50.2070933679694], [127.64150705386884, 50.20646562235032], [127.64178469311167, 50.20655881065787], [127.64195541154173, 50.20548150412491], [127.64139759306127, 50.20538503975822], [127.64090580908122, 50.20789765943056], [127.64132100233036, 50.20808239984516], [127.64143557257007, 50.20898315811679], [127.64185843414499, 50.20889816074063], [127.64190437313316, 50.207279744717866], [127.6416241769265, 50.20727646867684], [127.6416165191409, 50.207546204683084]]], [[[127.65000725392767, 50.20818366681755], [127.65059301686361, 50.20729105458019], [127.65060315966704, 50.20693140521979], [127.6503280368702, 50.206748325504], [127.65048588499776, 50.206120566678834], [127.6497930204175, 50.205842690198374], [127.64949760572715, 50.2063789071397], [127.64907224102004, 50.20655384494262], [127.64947222805871, 50.20727803017254], [127.64915395418092, 50.20862345649616], [127.64928390340616, 50.20898473461459], [127.64984685492831, 50.2089013369538], [127.64972451405069, 50.20827032256508], [127.65000725392767, 50.20818366681755]]], [[[127.6375485365609, 50.20767844941602], [127.6362902084445, 50.20757374275777], [127.63543935986127, 50.20792351901544], [127.63724529083997, 50.208484369311726], [127.63725297351881, 50.20821463383858], [127.63767583540326, 50.20812965168216], [127.6375485365609, 50.20767844941602]]], [[[127.65877820653509, 50.21026397951167], [127.65795017060853, 50.209804708192316], [127.65738722178612, 50.209888145138194], [127.65779745206251, 50.21025265234845], [127.65877820653509, 50.21026397951167]]], [[[127.67106029054396, 50.212114019625616], [127.67090768663499, 50.21256198175851], [127.67118292213117, 50.212745013444135], [127.67160077284402, 50.212839733729304], [127.67174588189492, 50.21266150975977], [127.67161824976984, 50.21221034253754], [127.67106029054396, 50.212114019625616]]], [[[127.67009712726977, 50.216510134131944], [127.66967674703334, 50.216505321161094], [127.66924636089759, 50.21686015817676], [127.66923135149746, 50.217399635392646], [127.66950910907961, 50.217492758198574], [127.66994199931221, 50.21704800738155], [127.67009712726977, 50.216510134131944]]], [[[127.64755243390135, 50.22065701099921], [127.6472670723224, 50.22083357196115], [127.64710404255798, 50.22164114809539], [127.64779966056248, 50.22182912959401], [127.64796013739098, 50.221111464444704], [127.64755243390135, 50.22065701099921]]], [[[127.66966182306099, 50.22208152259596], [127.66937653346454, 50.22225813840307], [127.66948415647242, 50.2234286096598], [127.6698870910949, 50.22406281333815], [127.67016738887881, 50.224066021995114], [127.6699346070995, 50.22235447015201], [127.67009225388259, 50.22172668470225], [127.66967182780195, 50.221721871353154], [127.66966182306099, 50.22208152259596]]], [[[127.63485027069588, 50.22365640804978], [127.63554843372665, 50.223754551181614], [127.63597913047009, 50.22339984197632], [127.63471782613956, 50.22338502674019], [127.63485027069588, 50.22365640804978]]], [[[127.64774626975777, 50.22371728142161], [127.64743800191673, 50.22470305023145], [127.64799859989243, 50.22470957522967], [127.64816416783694, 50.22381208623003], [127.64774626975777, 50.22371728142161]]], [[[127.67146645800734, 50.2277684805795], [127.67161910797577, 50.22732051920361], [127.67203958360643, 50.22732532589348], [127.67230492046033, 50.227868006419406], [127.67315087201887, 50.22769778769845], [127.67250249657414, 50.225801612770034], [127.6722221883529, 50.225798409665884], [127.6721997173025, 50.22660762519455], [127.67163409571802, 50.22678104239131], [127.67166406983576, 50.22570208860585], [127.67110595361527, 50.22560576488093], [127.67097579633554, 50.22524451051969], [127.67056033877668, 50.225059874539], [127.67041268674056, 50.22532800910656], [127.67067299511376, 50.2260505188645], [127.67051034053607, 50.22685813012422], [127.67075066096201, 50.22829994160832], [127.67116364822633, 50.228574489799314], [127.67186695689361, 50.2284925902073], [127.6718819424624, 50.227953113450226], [127.67146645800734, 50.2277684805795]], [[127.67091331686201, 50.22749233021493], [127.67077065827338, 50.22758063955508], [127.67077315788032, 50.22749072679172], [127.67091331686201, 50.22749233021493]]], [[[127.63418439553338, 50.227336188965005], [127.6341741219149, 50.22769583461046], [127.63459202673074, 50.22779068823959], [127.63458432371155, 50.22806042250051], [127.63499709868603, 50.22833509754241], [127.63460743241794, 50.227251219677385], [127.63418439553338, 50.227336188965005]]], [[[127.63497656273796, 50.22905438892856], [127.63539191475019, 50.229239151190086], [127.63527741749157, 50.22833839056031], [127.63485180486701, 50.22851327362502], [127.63497656273796, 50.22905438892856]]], [[[127.63520041919794, 50.2310357330784], [127.63506281894857, 50.230944175106956], [127.63534571957899, 50.230857556687305], [127.63521325305966, 50.23058617608546], [127.63550898213089, 50.230050000184825], [127.63538164952067, 50.229598796897996], [127.635103890168, 50.22950559265765], [127.6350756540623, 50.230494618132646], [127.63449701464383, 50.23111740985081], [127.63448674199995, 50.23147705530782], [127.63520041919794, 50.2310357330784]]], [[[127.6718800180854, 50.23811645520856], [127.67216539433167, 50.23793983440289], [127.67221035462163, 50.23632140642031], [127.67179729519859, 50.23604686172935], [127.67184226493316, 50.23442843345808], [127.67227529002336, 50.233983676260145], [127.67217257472812, 50.232633383471544], [127.67261057330286, 50.23200879923626], [127.6726230558731, 50.23155923541384], [127.6723452108894, 50.23146611957696], [127.67181700170742, 50.23029084567691], [127.67183698438936, 50.22957154356057], [127.67128382040956, 50.229295394861296], [127.67099099505342, 50.22974175236039], [127.67121634818704, 50.23172303869368], [127.67093100603638, 50.231899657620026], [127.67095369070849, 50.23612715650783], [127.67062580932728, 50.237832288820655], [127.67059079696926, 50.23909106504484], [127.67099137409961, 50.23981517695849], [127.67084367729039, 50.24008331106492], [127.67168735191126, 50.24000301769402], [127.6718800180854, 50.23811645520856]]], [[[127.6427564790109, 50.23652073291617], [127.64304705687412, 50.236164361181295], [127.643747971088, 50.23617254483112], [127.64376582914822, 50.23554316335741], [127.64320510512901, 50.235536616920974], [127.64307258136927, 50.235265245027364], [127.64154082124986, 50.234887580417045], [127.64125024018036, 50.2352439484332], [127.64123490508659, 50.23578341773829], [127.64151271292164, 50.235876607615374], [127.64067417883732, 50.235776859067485], [127.64040148813834, 50.2355038441655], [127.64041938982993, 50.234874463491344], [127.64098266171506, 50.234791111754944], [127.64099033047367, 50.23452137709102], [127.64043217636375, 50.23442490582213], [127.64002699190245, 50.23388051510495], [127.63889790446567, 50.234137118221945], [127.63876284861506, 50.2339556530654], [127.63610207070593, 50.2338345080678], [127.6353934928904, 50.234096012649445], [127.63496269390096, 50.2344507182241], [127.63494472064411, 50.23508009751732], [127.6342309799903, 50.235521417363984], [127.63406767536107, 50.23632897099897], [127.63448308645228, 50.236513736770824], [127.63474033949616, 50.23732623299384], [127.63698587692501, 50.237262655192346], [127.63713375380098, 50.23699456548104], [127.6375543085625, 50.2369994976359], [127.63770730663067, 50.236551584354075], [127.63827060280781, 50.236468245988824], [127.63839541843618, 50.23700935738091], [127.64064349460322, 50.23685579726678], [127.64147182528365, 50.23731519230849], [127.64287623980663, 50.237241663069426], [127.6438422350777, 50.23779259031511], [127.64386009292221, 50.23716320899325], [127.6427411602205, 50.237060202438684], [127.64261884852876, 50.236429183733016], [127.6427564790109, 50.23652073291617]], [[127.63517630123414, 50.236791706034], [127.63531135118592, 50.2369731752274], [127.63517116646037, 50.23697152863984], [127.63517630123414, 50.236791706034]], [[127.63926724494202, 50.235940273500574], [127.63855609165141, 50.23629170861951], [127.63843127591412, 50.235750597335176], [127.63927492369143, 50.23567053908219], [127.63926724494202, 50.235940273500574]], [[127.6397108195856, 50.235135994424176], [127.63970058470018, 50.23549564041068], [127.63941766413491, 50.23558226920785], [127.63928772134771, 50.235220981688336], [127.6397108195856, 50.235135994424176]], [[127.6397108195856, 50.235135994424176], [127.64000652759162, 50.234599807304626], [127.64027409572954, 50.235052646161726], [127.64013135844783, 50.2351409171218], [127.6397108195856, 50.235135994424176]]], [[[127.64717111290265, 50.23909057534794], [127.64664089846812, 50.2380051045628], [127.64622033327667, 50.23800020522016], [127.6462356133155, 50.23746073500936], [127.64596033404504, 50.2372776446029], [127.64470120787425, 50.237173023122025], [127.6448057032473, 50.23843342129726], [127.64605976868931, 50.23871786525716], [127.64646506220637, 50.23926223537886], [127.64702328536416, 50.23935867814166], [127.64717111290265, 50.23909057534794]]], [[[127.65556998769134, 50.23963776590011], [127.65528960027768, 50.2396345213071], [127.65514181634016, 50.23990263475731], [127.65584026006847, 50.24000065791711], [127.65556998769134, 50.23963776590011]]], [[[127.65569753620784, 50.24008894803894], [127.65555987049511, 50.23999741395927], [127.65555734116401, 50.24008732597035], [127.65569753620784, 50.24008894803894]]], [[[127.65162934842206, 50.24013175126647], [127.65218252120604, 50.24040799313342], [127.65372720841205, 50.24033595951532], [127.65373480676111, 50.24006622369184], [127.65191481071093, 50.23995518096085], [127.65162934842206, 50.24013175126647]]], [[[127.65583773126448, 50.24009056993845], [127.65527189135992, 50.24026390532296], [127.6553842602359, 50.24125455967387], [127.6556570693841, 50.24152754009539], [127.65608778109446, 50.24117275749349], [127.65610547983971, 50.240543373366016], [127.65583773126448, 50.24009056993845]]], [[[127.63365365516219, 50.24100105816558], [127.63351602959897, 50.24090949830564], [127.63351345872087, 50.24099940948308], [127.63365365516219, 50.24100105816558]]], [[[127.64124177053895, 50.24540722408222], [127.64042353631388, 50.244588181400026], [127.64029612117122, 50.244136983911396], [127.63972761868649, 50.24440015399915], [127.63971738056647, 50.244759799411774], [127.64025774355206, 50.24548565446496], [127.64080579569244, 50.2459417729393], [127.6407981227877, 50.2462115070497], [127.64107854711158, 50.24621478691511], [127.64124177053895, 50.24540722408222]], [[127.64094856440231, 50.24585350156266], [127.64108621843445, 50.245945052773514], [127.64094600705697, 50.24594341294097], [127.64094856440231, 50.24585350156266]]], [[[127.64214147608801, 50.248295861874105], [127.64241935800443, 50.24838904999129], [127.64242957710631, 50.248029404401656], [127.64201659099528, 50.24775475495055], [127.64214147608801, 50.248295861874105]]], [[[127.64283745994273, 50.24848387523067], [127.64241935800443, 50.24838904999129], [127.6424091386954, 50.24874869555702], [127.64267169749755, 50.24938135140972], [127.64335493345011, 50.250018918739016], [127.64324024386264, 50.2491181674862], [127.64282724374607, 50.24884352085275], [127.64283745994273, 50.24848387523067]]], [[[127.66707044352565, 50.2496637883371], [127.66705539210011, 50.25020326201456], [127.66761629369569, 50.250209694725136], [127.66763384626375, 50.24958030862008], [127.66707044352565, 50.2496637883371]]], [[[127.65206910766484, 50.24940080040944], [127.65191112619873, 50.25002855583049], [127.65218142785727, 50.25039145597322], [127.6528825533831, 50.25039958618908], [127.65290537051943, 50.249590380367806], [127.65206910766484, 50.24940080040944]]], [[[127.66456600148172, 50.25395220339634], [127.66373967533532, 50.25340305811768], [127.66317873713655, 50.25339660640266], [127.66287813397804, 50.25411267606877], [127.6637270995091, 50.25385261861896], [127.66385727557413, 50.254213879545034], [127.66455846054265, 50.25422193976678], [127.66456600148172, 50.25395220339634]]], [[[127.66622373195328, 50.25487065228474], [127.66607344942082, 50.25522869122913], [127.66676963072055, 50.255416562567994], [127.66687222975439, 50.25676685412699], [127.66729045494378, 50.25686159221162], [127.66714268289506, 50.25712972025955], [127.66769864979601, 50.25731597756658], [127.66768610948272, 50.25776553848791], [127.66894332699057, 50.25795982744944], [127.66892077476756, 50.258769037400036], [127.66947927255069, 50.25886537412663], [127.66988750513471, 50.25931975194035], [127.66978481671035, 50.25796946290463], [127.66937158659789, 50.25769490921555], [127.66979483325844, 50.25760981387674], [127.66992005721885, 50.25815089273684], [127.6702005549744, 50.25815410288365], [127.67018553436816, 50.258693576454554], [127.67101452783199, 50.259152764438234], [127.67100702191652, 50.25942250127283], [127.6707265166211, 50.25941929301393], [127.67071400386973, 50.25986885432425], [127.67211654404687, 50.259884889104875], [127.67226929637354, 50.2594369300623], [127.67131754390743, 50.25834676131405], [127.67048105278069, 50.25815731235368], [127.67091180779232, 50.25780247611092], [127.67021807843759, 50.25752471698314], [127.67050357808453, 50.257348101805164], [127.67023309805398, 50.25698524329605], [127.66980985769978, 50.2570703402902], [127.66996011837772, 50.25671229644846], [127.66953687998443, 50.25679739246759], [127.66982488168418, 50.256530866650046], [127.66940665417492, 50.256436137664934], [127.66928895488206, 50.25562532136683], [127.6683172921247, 50.25525442664143], [127.66847006434064, 50.25480647240931], [127.66791663076066, 50.25453030668402], [127.66792415282254, 50.25426056995947], [127.6675034408868, 50.254255746514296], [127.66735316993865, 50.2546137872424], [127.66788654136933, 50.255609253448135], [127.66746330924, 50.25569434197885], [127.66747835898897, 50.25515486872435], [127.66622373195328, 50.25487065228474]], [[127.66802678266342, 50.2556108610013], [127.66857772303902, 50.25597693849786], [127.66857271049884, 50.256156762976744], [127.6678790187355, 50.25587899010562], [127.66802678266342, 50.2556108610013]], [[127.66923384428237, 50.2576033909982], [127.66908608072067, 50.25787152155237], [127.66909359707012, 50.25760178485559], [127.66923384428237, 50.2576033909982]], [[127.66758097765228, 50.25650515987176], [127.6682796904453, 50.25660311011363], [127.66842494787417, 50.25642489276155], [127.66841993467935, 50.25660471721533], [127.66870042318557, 50.25660793091119], [127.6688456790697, 50.25642971302097], [127.6693866158642, 50.257155435729615], [127.66937659640412, 50.2575150847262], [127.66840238809722, 50.25723410275665], [127.66853511482778, 50.257505446378346], [127.66825462107062, 50.25750223224218], [127.66826715591681, 50.25705267119654], [127.66743571684472, 50.25668337613947], [127.66758097765228, 50.25650515987176]]], [[[127.67091931381444, 50.25753273921114], [127.6707765644552, 50.25762104740026], [127.67091681181975, 50.257622651512555], [127.67091931381444, 50.25753273921114]]], [[[127.67091430981239, 50.25771256381248], [127.671057059197, 50.25762425545568], [127.67091681181975, 50.257622651512555], [127.67091430981239, 50.25771256381248]]], [[[127.64240852391538, 50.258642216490756], [127.6429695189231, 50.25864876894138], [127.64285226425723, 50.25783792977077], [127.64256666073634, 50.25801447614236], [127.64240852391538, 50.258642216490756]]], [[[127.63901949895859, 50.25941204486476], [127.63930000056298, 50.25941532964349], [127.63916999739162, 50.25905404292096], [127.63833618948492, 50.25877445242906], [127.63762981574125, 50.25894605558002], [127.63761955654712, 50.259305699774444], [127.6384482427837, 50.25976511756661], [127.63828235464455, 50.26066258479329], [127.63884337242102, 50.260669157349696], [127.63886899821999, 50.25977004657379], [127.63914950190916, 50.259773331732575], [127.63901949895859, 50.25941204486476]]], [[[127.64287498634081, 50.26197548436646], [127.64374462653443, 50.260996285485454], [127.64333918465415, 50.2604519066224], [127.64403790243404, 50.2605500026263], [127.64460657557007, 50.26028681352597], [127.64461423079764, 50.26001707964703], [127.6453231465665, 50.25975552267061], [127.64533079760355, 50.25948578868698], [127.64463209254257, 50.25938770054387], [127.64463719578183, 50.259207877929526], [127.64379058651242, 50.25937788278562], [127.6434871003919, 50.2601838101629], [127.6430612311767, 50.2603587203115], [127.64264302528596, 50.26026389522149], [127.64251043889224, 50.2599925232854], [127.64222737730996, 50.26007915743364], [127.64263535886, 50.26053362886896], [127.64231650850596, 50.26187901996687], [127.64287498634081, 50.26197548436646]]], [[[127.64020495600995, 50.26212415466027], [127.6398021063236, 50.26148985270772], [127.64036313417058, 50.261496418006516], [127.64064108883403, 50.261589610764254], [127.64090625028143, 50.2621323585047], [127.64160242970108, 50.26232038041643], [127.64161521754421, 50.261870824661116], [127.64092672102245, 50.261413069462414], [127.6409343973363, 50.26114333604691], [127.64065388539399, 50.26114005513124], [127.64011846436631, 50.26023438009951], [127.63983283636507, 50.26041091948258], [127.63982259322562, 50.26077056391486], [127.6389708148303, 50.261120355423756], [127.63909057276695, 50.26184128653344], [127.63977905756569, 50.262299052485425], [127.63961318465822, 50.26319652136097], [127.64003909176758, 50.26302162423995], [127.6401895944928, 50.26266362122315], [127.64020495600995, 50.26212415466027]]], [[[127.63863904117945, 50.262915290620285], [127.63865954663194, 50.262196002351985], [127.63822851407286, 50.26255071649864], [127.63766747433914, 50.26254414079702], [127.63750412627769, 50.26335169531455], [127.63820800187118, 50.26327000459405], [127.63863904117945, 50.262915290620285]]], [[[127.66891510753481, 50.28916892535475], [127.66877727641676, 50.28907740636787], [127.66877476758656, 50.289167318100596], [127.66891510753481, 50.28916892535475]]], [[[127.6635595304011, 50.28991693444846], [127.66511083892293, 50.289664939608386], [127.66511838621983, 50.28939520483079], [127.66848906897242, 50.28934392652471], [127.6683562574412, 50.289072583604394], [127.66877727641676, 50.28907740636787], [127.66878229403899, 50.28889758289795], [127.66822595723038, 50.28871132881361], [127.6682209375447, 50.2888911522487], [127.66611333867952, 50.28895692481618], [127.66612590768348, 50.288507366607625], [127.66584523200923, 50.28850414522622], [127.66556204155357, 50.28859083479157], [127.66555449697977, 50.2888605696554], [127.66428137866755, 50.28920570810229], [127.66400573474158, 50.28902265911863], [127.66443178653994, 50.288847674481126], [127.66401077033561, 50.288842835996036], [127.66371246442718, 50.289468990323776], [127.66328640444846, 50.28964397224108], [127.66370490916299, 50.28973872494343], [127.6635595304011, 50.28991693444846]], [[127.66370490916299, 50.28973872494343], [127.66384776867227, 50.2896504267876], [127.66384525050243, 50.289740338331114], [127.66370490916299, 50.28973872494343]], [[127.66384776867227, 50.2896504267876], [127.66399062765298, 50.28956212845065], [127.66398810976017, 50.289652040000774], [127.66384776867227, 50.2896504267876]], [[127.6641385212982, 50.28929400681467], [127.66427634402855, 50.289385531233435], [127.66413600370801, 50.289383918374384], [127.6641385212982, 50.28929400681467]]], [[[127.66061740292982, 50.289703187560676], [127.66006108942459, 50.28951689459866], [127.66006613997246, 50.28933707178093], [127.6597854601115, 50.289333835730574], [127.6597778826847, 50.289603569924154], [127.65921651994498, 50.2895970957293], [127.65923168102636, 50.289057627451925], [127.65838964681583, 50.2890479112631], [127.65838206157555, 50.28931764531604], [127.6576803627884, 50.28930954375703], [127.65782829093193, 50.28904143041632], [127.65754761306694, 50.28903818897667], [127.65710381889082, 50.289842527249], [127.65752737281697, 50.289757479507955], [127.65751725238401, 50.290117124737826], [127.6592013584022, 50.290136563953006], [127.65920893923125, 50.28986682984787], [127.66075017195769, 50.289974538958226], [127.66061740292982, 50.289703187560676]], [[127.66033419606185, 50.289789864238244], [127.66047201281995, 50.28988139311381], [127.66033167125887, 50.28987977565068], [127.66033419606185, 50.289789864238244]]], [[[127.66397803806129, 50.290011686186354], [127.66384021412438, 50.289920161413676], [127.66383769591619, 50.29001007295271], [127.66397803806129, 50.290011686186354]]], [[[127.65242749858541, 50.296354062746936], [127.6532823530298, 50.2959142678688], [127.65286635521645, 50.29572956642313], [127.65229984103853, 50.29590288032994], [127.65242749858541, 50.296354062746936]], [[127.65244019985576, 50.295904507629466], [127.65271583811699, 50.29608758379236], [127.65243511938628, 50.29608432968092], [127.65244019985576, 50.295904507629466]]], [[[127.63210043024954, 50.31482424499243], [127.63196259746455, 50.314732682718024], [127.6319600169199, 50.314822592689254], [127.63210043024954, 50.31482424499243]]], [[[127.64245008000046, 50.3163846105902], [127.64231222263813, 50.3162930604151], [127.64230966147073, 50.316382970748904], [127.64245008000046, 50.3163846105902]]], [[[127.642868775546, 50.31647943944998], [127.64259305918121, 50.316296339917756], [127.64258793789219, 50.316476160604665], [127.642868775546, 50.31647943944998]]], [[[127.66667432417076, 50.324129989118255], [127.6665363975948, 50.324038467245806], [127.66653388142507, 50.3241283783531], [127.66667432417076, 50.324129989118255]]], [[[127.6691997846244, 50.32424886509379], [127.66906185280004, 50.32415734617847], [127.66905934138427, 50.32424725737617], [127.6691997846244, 50.32424886509379]]], [[[127.65061046278645, 50.32583339028242], [127.65047256257341, 50.325741849585846], [127.6504700159439, 50.32583176007567], [127.65061046278645, 50.32583339028242]]], [[[127.63346315021676, 50.32608280255668], [127.63359843982181, 50.32626427302161], [127.63373888695769, 50.326265923616326], [127.63374662162573, 50.325996194031745], [127.63346315021676, 50.32608280255668]]], [[[127.6335907042415, 50.32653400257703], [127.63345283512889, 50.32644244195192], [127.63345025632418, 50.32653235179699], [127.6335907042415, 50.32653400257703]]], [[[127.6413076678099, 50.326894264701224], [127.64116978265785, 50.326802713105636], [127.6411672183803, 50.32689262323348], [127.6413076678099, 50.326894264701224]]], [[[127.63288072511519, 50.32679547644428], [127.63274285663697, 50.32670391498615], [127.63274027646882, 50.326793824800546], [127.63288072511519, 50.32679547644428]]], [[[127.64116465408972, 50.32698253335985], [127.64102676896373, 50.32689098159616], [127.6410242044083, 50.32698089171731], [127.64116465408972, 50.32698253335985]]], [[[127.63273511609323, 50.326973644424854], [127.63259982783553, 50.326792172987204], [127.63259466693026, 50.32697199260103], [127.63273511609323, 50.326973644424854]]], [[[127.63674897608777, 50.329089402279834], [127.63661109353282, 50.32899784533067], [127.63660852045378, 50.329087755254236], [127.63674897608777, 50.329089402279834]]], [[[127.63190119558834, 50.33155078067314], [127.63162285310565, 50.33145756492649], [127.63162027038898, 50.33154747462499], [127.63190119558834, 50.33155078067314]]], [[[127.63217953917001, 50.331643995760764], [127.63204165820768, 50.33155243344278], [127.63203907627265, 50.33164234315551], [127.63217953917001, 50.331643995760764]]], [[[127.63259576615064, 50.33182877202167], [127.63231742066218, 50.33173555791811], [127.63231483923074, 50.33182546763834], [127.63259576615064, 50.33182877202167]]], [[[127.6558875121838, 50.332999776354875], [127.65800467004667, 50.33266447335783], [127.65815273571397, 50.33239636261748], [127.65561672590752, 50.33263688590462], [127.6558875121838, 50.332999776354875]]], [[[127.64530895792669, 50.33440597865712], [127.644884984594, 50.33449097786425], [127.64405239068356, 50.33412151089405], [127.64390168063922, 50.33447951302797], [127.64348026485347, 50.334474596982005], [127.64347258297019, 50.334744327261404], [127.64445077460543, 50.33493561602103], [127.64516081381453, 50.33467407231742], [127.64530895792669, 50.33440597865712]]], [[[127.64748502199558, 50.33694963089946], [127.64959221505197, 50.336974124162474], [127.65000855697838, 50.33715883882902], [127.64972249845209, 50.33733539683166], [127.65000345989226, 50.33733865941788], [127.64999836275439, 50.33751848000077], [127.65014394063175, 50.33734029045648], [127.65070586371908, 50.337346812914255], [127.65028187335173, 50.337431831627974], [127.65027677724802, 50.33761165222858], [127.65055774038174, 50.337614913488515], [127.65098173191257, 50.337529893780484], [127.65098937203479, 50.33726016279525], [127.65168922961959, 50.337358220683235], [127.6516943203456, 50.33717839997023], [127.65182716539685, 50.33744976004529], [127.6521081277549, 50.337453017551866], [127.65197528108774, 50.33718165778512], [127.65225624188156, 50.337184914921366], [127.65224860895329, 50.33745464605065], [127.65337245900521, 50.33746766793296], [127.65380406853923, 50.3371129066034], [127.65493045048191, 50.33703600291096], [127.65493806811138, 50.33676627146508], [127.65704525950981, 50.33679062961342], [127.65705286509835, 50.336520897922256], [127.6612722871552, 50.33638967778993], [127.66128239585758, 50.33603003488541], [127.66156335093046, 50.33603326948202], [127.66155577101286, 50.33630300169344], [127.66183925384902, 50.336216324896284], [127.66170382848614, 50.33603488652584], [127.66352499203055, 50.336235714275716], [127.66395903740758, 50.33579100366685], [127.66423999137739, 50.335794231785634], [127.66439055340595, 50.33543620219319], [127.66594838105476, 50.33500438806286], [127.665669950323, 50.334911253201376], [127.66582049871879, 50.33455322159689], [127.666680957249, 50.33393351357445], [127.66683149483826, 50.33357548051746], [127.66612410639016, 50.33374724674342], [127.66583057242785, 50.334193577911414], [127.66541167456919, 50.33409883044396], [127.66539152068947, 50.33481811768026], [127.66511057234453, 50.33481489238858], [127.66510553268684, 50.33499471416228], [127.66411716675431, 50.33516324192174], [127.66411212328453, 50.33534306361186], [127.66354517510617, 50.33551642776262], [127.66143550765207, 50.33558209857872], [127.66115960993068, 50.33539904222825], [127.66114950052749, 50.335758685153976], [127.6593258351214, 50.335647731066494], [127.65903728850618, 50.33591422303386], [127.65790840547243, 50.336081077397324], [127.65790333840152, 50.33626089860292], [127.65748190442842, 50.336256033173775], [127.65748697308926, 50.33607621199905], [127.65579870721089, 50.336146645662915], [127.65523171993844, 50.33631996893263], [127.65522664272056, 50.33649978993359], [127.65312200835041, 50.3363854885108], [127.65325485944446, 50.336656847037986], [127.6524119862157, 50.33664708090515], [127.65226641893847, 50.33682527339477], [127.65213102857606, 50.336643824170245], [127.65002129946733, 50.336709287330734], [127.65045292673794, 50.336354538541315], [127.64917842643216, 50.33669949775355], [127.6491835265171, 50.336519677205914], [127.6484887893323, 50.336241783856096], [127.6476408192643, 50.33641180367935], [127.64749523498894, 50.33658999006487], [127.64762805444477, 50.33686135475971], [127.64748502199558, 50.33694963089946]], [[127.65903728850618, 50.33591422303386], [127.6591752344474, 50.33600575377922], [127.6590347571228, 50.33600413368153], [127.65903728850618, 50.33591422303386]], [[127.65002129946733, 50.336709287330734], [127.64987827185888, 50.33679756645615], [127.64988082059578, 50.33670765615869], [127.65002129946733, 50.336709287330734]], [[127.64792177501609, 50.33641507125183], [127.64805970076839, 50.33650661501819], [127.64791922260808, 50.33650498148126], [127.64792177501609, 50.33641507125183]], [[127.65267513966766, 50.33727970974665], [127.65281307713828, 50.33737124795353], [127.65267259615325, 50.337369620138574], [127.65267513966766, 50.33727970974665]], [[127.6532370626252, 50.33728621996783], [127.65295864409208, 50.33719305479283], [127.65323960506667, 50.337196309553754], [127.6532370626252, 50.33728621996783]], [[127.65323960506667, 50.337196309553754], [127.65338262773687, 50.33710802625898], [127.65338008557332, 50.337197936679715], [127.65323960506667, 50.337196309553754]], [[127.64819762705068, 50.336598158623765], [127.64833555386296, 50.33668970206856], [127.64819507514675, 50.33668806886057], [127.64819762705068, 50.336598158623765]], [[127.65945365853392, 50.33609890412721], [127.65973208371895, 50.336192053815644], [127.65945112791981, 50.336188814787334], [127.65945365853392, 50.33609890412721]], [[127.66241126649119, 50.335863147656745], [127.6626896962284, 50.33595629030091], [127.6624087414804, 50.335953058429126], [127.66241126649119, 50.335863147656745]], [[127.66325412929903, 50.33587284120546], [127.66339208332268, 50.335964367011364], [127.66325160587819, 50.3359627520086], [127.66325412929903, 50.33587284120546]]], [[[127.66634966534768, 50.335728510126316], [127.66648762497816, 50.33582003230507], [127.66649014227863, 50.33573012138123], [127.66634966534768, 50.335728510126316]]], [[[127.66676354582908, 50.336003076179814], [127.66648762497816, 50.33582003230507], [127.66648259033889, 50.335999854148305], [127.66676354582908, 50.336003076179814]]], [[[127.63894920192882, 50.33568080301154], [127.63881129626132, 50.33558924858522], [127.6388087267333, 50.335679158488524], [127.63894920192882, 50.33568080301154]]], [[[127.66648259033889, 50.335999854148305], [127.66619408125511, 50.33626636416115], [127.66647503828416, 50.33626958690197], [127.66648259033889, 50.335999854148305]]], [[[127.66773431555015, 50.336463902757714], [127.6675963516542, 50.33637238203458], [127.66759383638428, 50.33646229298888], [127.66773431555015, 50.336463902757714]]], [[[127.64974798866528, 50.33643629393116], [127.64961005982975, 50.33634475214225], [127.64960751061459, 50.33643466243533], [127.64974798866528, 50.33643629393116]]], [[[127.66673837716607, 50.3369021854088], [127.66674341100087, 50.33672236357493], [127.66702437078213, 50.33672558500955], [127.66701682160081, 50.336995317788805], [127.66743826375357, 50.33700014871426], [127.66801527392016, 50.33646712178639], [127.66730784645273, 50.336638894825924], [127.66717994711973, 50.33618772984299], [127.66661803391722, 50.33618128709639], [127.66647000351712, 50.3364494087303], [127.66590808739016, 50.33644296252909], [127.66591312427721, 50.33626314074167], [127.66520569251914, 50.33643490096015], [127.66520065293093, 50.33661472269046], [127.66603597528645, 50.336894128801944], [127.66618149159166, 50.33671591866967], [127.66673837716607, 50.3369021854088]], [[127.66590053196374, 50.336712695199054], [127.66604352999455, 50.33662439612558], [127.6660410117713, 50.3367143070192], [127.66590053196374, 50.336712695199054]]], [[[127.66800773041886, 50.33673685468633], [127.66815072466622, 50.33664855299124], [127.66801024493206, 50.336646943721185], [127.66800773041886, 50.33673685468633]]], [[[127.6524119862157, 50.33664708090515], [127.65227405159553, 50.33655554223417], [127.65227150738943, 50.336645452622534], [127.6524119862157, 50.33664708090515]]], [[[127.66687634090876, 50.33699370714099], [127.66673837716607, 50.3369021854088], [127.6667358602295, 50.336992096323506], [127.66687634090876, 50.33699370714099]]], [[[127.64552342504969, 50.3367469158101], [127.6453855035446, 50.33665536907216], [127.6453829463278, 50.33674527920371], [127.64552342504969, 50.3367469158101]]], [[[127.63820569490072, 50.33711113661574], [127.6380677865923, 50.33701958130761], [127.63806521553063, 50.33710949116092], [127.63820569490072, 50.33711113661574]]], [[[127.64508408433196, 50.33737137628835], [127.64494616189668, 50.33727982903108], [127.644943603794, 50.33736973913662], [127.64508408433196, 50.33737137628835]]], [[[127.65757930121678, 50.33778613498504], [127.6564579781217, 50.33768324317409], [127.65616432907173, 50.338129548725995], [127.65757169826797, 50.33805586667535], [127.65757930121678, 50.33778613498504]]], [[[127.64523909483506, 50.356620294417915], [127.64441635766475, 50.355891189050915], [127.64399731384562, 50.35579636358305], [127.64411991925593, 50.356427370791636], [127.64468206622666, 50.356433924144966], [127.64481492273922, 50.356705291463975], [127.64523909483506, 50.356620294417915]]], [[[127.63263574559073, 50.35980054463409], [127.63235206967383, 50.359887148311216], [127.63234948572922, 50.35997705759519], [127.63263057877602, 50.359980363224494], [127.63263574559073, 50.35980054463409]]], [[[127.63191492235761, 50.36042164419645], [127.6320606392304, 50.36024347909813], [127.63247969739784, 50.36033834763661], [127.63234948572922, 50.35997705759519], [127.62981447319069, 50.360127094742325], [127.63036889737839, 50.36040344520267], [127.63065257990527, 50.360316846425334], [127.63051720737766, 50.360135372876414], [127.63191492235761, 50.36042164419645]], [[127.63023611366344, 50.36013206213218], [127.63037407281527, 50.36022362679519], [127.63023352569938, 50.36022197133292], [127.63023611366344, 50.36013206213218]]], [[[127.6375342705423, 50.36057755862773], [127.63612878532714, 50.36056108280496], [127.63613393903198, 50.360381263970595], [127.63585284320732, 50.36037796678936], [127.63584768844107, 50.3605577856028], [127.63654527858927, 50.36074584619448], [127.6365349741021, 50.361105483896104], [127.6373782748624, 50.36111536855917], [127.6375342705423, 50.36057755862773]]], [[[127.6339830169792, 50.366741729195454], [127.63341558562507, 50.36691494159032], [127.63325693837943, 50.36754265407974], [127.63382179597953, 50.36745935176527], [127.6341184211058, 50.36692319876668], [127.6339830169792, 50.366741729195454]]], [[[127.68051246589252, 50.13361236420617], [127.68137401958144, 50.13281266731612], [127.68124649474302, 50.13236150556964], [127.6806919140228, 50.13217532020645], [127.6806795509251, 50.132624893225255], [127.6802599042573, 50.13262012429781], [127.67953822016774, 50.133421403693646], [127.68051246589252, 50.13361236420617]]], [[[127.67841419063988, 50.13358850104984], [127.67927577857081, 50.13278882000099], [127.67928320440139, 50.13251907635429], [127.67787199693925, 50.13295272972397], [127.67771972273738, 50.13340070928309], [127.67841419063988, 50.13358850104984]]], [[[127.67933150283585, 50.13584750489854], [127.6791940869964, 50.13575599923016], [127.67919161128127, 50.135845913726946], [127.67933150283585, 50.13584750489854]]], [[[127.68099042354667, 50.13658590226181], [127.68085547507492, 50.1364044839794], [127.68085052974565, 50.136584313071545], [127.68099042354667, 50.13658590226181]]], [[[127.67875707742225, 50.13638062605995], [127.6790393396655, 50.13629389482323], [127.67919161128127, 50.135845913726946], [127.67805265635349, 50.13655249388703], [127.67775304135296, 50.13726862368382], [127.6781702504938, 50.13736331642571], [127.67859736918716, 50.137098349871955], [127.67875707742225, 50.13638062605995]]], [[[127.68026374293129, 50.13756701430465], [127.68085052974565, 50.136584313071545], [127.6805707421811, 50.13658113418563], [127.68071558181047, 50.136402894630734], [127.68030579679312, 50.13603846745232], [127.68029590209217, 50.13639812557395], [127.67972890500809, 50.13666150798804], [127.67942931423867, 50.137377642290524], [127.67984652774875, 50.13747232904136], [127.67984157845054, 50.13765215802726], [127.68026374293129, 50.13756701430465]]], [[[127.68820317183564, 50.14404289814962], [127.6882253072552, 50.143233665845386], [127.68766565295095, 50.14322734232752], [127.68765088982512, 50.14376683042349], [127.68736859851312, 50.14385358226075], [127.68736121517189, 50.14412332625412], [127.68777604295431, 50.14430789965825], [127.68820317183564, 50.14404289814962]]], [[[127.6834287568607, 50.14461846239537], [127.68426826131437, 50.14462797747614], [127.68428306293751, 50.14408849019202], [127.6835834837262, 50.14408056153011], [127.6834287568607, 50.14461846239537]]], [[[127.67465701726152, 50.18346368242501], [127.67451947561827, 50.18337217094212], [127.6745169869485, 50.18346208452825], [127.67465701726152, 50.18346368242501]]], [[[127.68120626625613, 50.184707472856886], [127.68009342698628, 50.18442500657298], [127.67954568989835, 50.18396907131588], [127.67955312768356, 50.18369933002934], [127.67872038260154, 50.18342003428586], [127.67831518058671, 50.18287577241849], [127.67734242918709, 50.18259487346017], [127.67679970768111, 50.18195909808278], [127.67638211465234, 50.181864398060796], [127.67594960821597, 50.18230917850799], [127.67607969264908, 50.18267042928125], [127.67579466409117, 50.18284706407083], [127.67578471909692, 50.18320671862441], [127.67619486600623, 50.18357116179704], [127.67744272698677, 50.18403508704516], [127.67828540174895, 50.18395473709978], [127.6799459578338, 50.18469315650333], [127.68007855700634, 50.18496448918226], [127.68091629051574, 50.18506394780829], [127.68146157728067, 50.18560979052432], [127.68215928780809, 50.18570765053994], [127.68189901324159, 50.18498516197457], [127.68133887263583, 50.18497880415312], [127.68120626625613, 50.184707472856886]], [[127.67733497924324, 50.182864614557886], [127.67676741125672, 50.18312797594872], [127.676352293337, 50.182943362089475], [127.67663980507263, 50.18267681224857], [127.67733497924324, 50.182864614557886]]], [[[127.67437944558058, 50.183370572881685], [127.67394939658483, 50.183725431942364], [127.6737944251546, 50.18426331449329], [127.67491717441925, 50.18418618646918], [127.67479207126073, 50.183645107341036], [127.67451200957117, 50.18364191169603], [127.67437944558058, 50.183370572881685]]], [[[127.67918378534154, 50.18693304005022], [127.68115921566122, 50.18641583495071], [127.68144919798478, 50.18605935952444], [127.68047884106693, 50.18568857254147], [127.68062383303523, 50.1855103357559], [127.67922842727427, 50.18531459319609], [127.67937342270784, 50.18513635798809], [127.67896075776339, 50.18486183956384], [127.67784048096277, 50.184849092909204], [127.67783303322896, 50.18511883395589], [127.67852328484379, 50.1854864567656], [127.678508396618, 50.18602593893457], [127.67918378534154, 50.18693304005022]]], [[[127.67389212866055, 50.18579344344319], [127.6726293029564, 50.18586896099712], [127.67262182560299, 50.1861387014282], [127.67317450349107, 50.18641484186488], [127.67345458124424, 50.186418040861795], [127.67346205398137, 50.18614830035284], [127.67387967822935, 50.18624301105649], [127.67389212866055, 50.18579344344319]]], [[[127.67442489730927, 50.186788886167705], [127.67456991507794, 50.186610657178235], [127.67401224701547, 50.18651435035065], [127.67413236878056, 50.18723525707509], [127.67483008710109, 50.18733316115989], [127.67484004071851, 50.18697350700187], [127.67442489730927, 50.186788886167705]]], [[[127.67366741349663, 50.18884890343463], [127.67450271141806, 50.18903832216974], [127.6745151572334, 50.18858875466065], [127.6738174213454, 50.18849084856437], [127.67366741349663, 50.18884890343463]]], [[[127.68336434239696, 50.19282672200855], [127.68408934861995, 50.19193551962267], [127.68395917974554, 50.191574277709364], [127.68425411548095, 50.19103796804719], [127.68397648106698, 50.190944881064695], [127.68399378177524, 50.1903154843471], [127.68428623820861, 50.18986908825935], [127.68391057781169, 50.18824587936422], [127.68255218789672, 50.18670146842036], [127.68199450199101, 50.18660519978462], [127.68156447937889, 50.18696008706367], [127.68000915779379, 50.187482073983674], [127.68026941661222, 50.18820456636169], [127.68068707265266, 50.18829925280417], [127.68080977636465, 50.18893023951029], [127.68163520167543, 50.18947926212387], [127.68134519952591, 50.18983573765629], [127.68064495303504, 50.189827786065095], [127.68024711145988, 50.189013789783594], [127.67969436242251, 50.18873768256186], [127.67956919427637, 50.18819660847297], [127.6791565021576, 50.187922090668046], [127.67649319048316, 50.1879817164641], [127.67648821972959, 50.188161543634806], [127.67620813143621, 50.18815835187152], [127.6763357471584, 50.18860951571295], [127.6770260369142, 50.18897714751252], [127.67686611222943, 50.189694860982264], [127.6775315854678, 50.19096162557488], [127.67850450705963, 50.191242523908386], [127.6783719001379, 50.190971189652394], [127.6793572283195, 50.19080251277196], [127.67849457946065, 50.19160217833268], [127.67862967045296, 50.19178359883469], [127.67918989004741, 50.19178997034184], [127.67947992025972, 50.191433500528824], [127.68089036948687, 50.191089759123315], [127.68132291126442, 50.19064496120005], [127.68119524338275, 50.1901938025787], [127.68203802096498, 50.19011342629795], [127.68231069745038, 50.19038634538225], [127.68228842507067, 50.19119556916305], [127.68199594176478, 50.19164195990956], [127.68143077043406, 50.191815429362045], [127.68126842457137, 50.19262306268833], [127.6826615773878, 50.19290869598043], [127.68336434239696, 50.19282672200855]], [[127.67809676042333, 50.190788175102035], [127.67795422562827, 50.19087649477917], [127.67795670849769, 50.190786581183616], [127.67809676042333, 50.190788175102035]], [[127.68258090285647, 50.190749177603415], [127.68243590188753, 50.19092741660694], [127.68244085079209, 50.190747589091515], [127.68258090285647, 50.190749177603415]], [[127.67936218876387, 50.19062268547539], [127.67908208575035, 50.190619500528285], [127.67908704719585, 50.19043967324596], [127.67936714915803, 50.19044285817287], [127.67936218876387, 50.19062268547539]], [[127.68331330952361, 50.189588238242855], [127.68317078784438, 50.18967656444335], [127.68317326081339, 50.18958665064037], [127.68331330952361, 50.189588238242855]], [[127.68290058383946, 50.18931373354137], [127.68275806223535, 50.18940205923995], [127.68276053595528, 50.189312145447616], [127.68290058383946, 50.18931373354137]], [[127.67703597461916, 50.18861749313785], [127.67689344443166, 50.18870581158127], [127.67689592910183, 50.188615897990445], [127.67703597461916, 50.18861749313785]], [[127.68056189431857, 50.18775817966545], [127.68028180792436, 50.18775499774186], [127.68028676436137, 50.187575170283516], [127.68056932737852, 50.187488438445435], [127.68056189431857, 50.18775817966545]]], [[[127.67273740585749, 50.1920761885059], [127.67330261096899, 50.19190276163602], [127.67343020854887, 50.192353928246725], [127.67385286805458, 50.19226881255024], [127.67398794318441, 50.19245023830544], [127.67413796044792, 50.19209218330906], [127.67388026498915, 50.1912797647939], [127.67360264983232, 50.191186653168515], [127.67361510504529, 50.1907370859902], [127.67447284017572, 50.190117284039644], [127.67434025918641, 50.18984594533584], [127.67336489954505, 50.18965492592348], [127.67350993012103, 50.18947669844393], [127.6728022138037, 50.18973843995043], [127.67280719867696, 50.18955861309676], [127.6730872947753, 50.18956181312377], [127.67309726226786, 50.18920215935797], [127.67226196725618, 50.18901273054231], [127.6720944898037, 50.19000017707163], [127.67277978124936, 50.19054766071822], [127.67319993408898, 50.19055246067291], [127.67331008601442, 50.19163302139967], [127.67275236229466, 50.19153670815941], [127.67276981089708, 50.19090731435405], [127.67165937423238, 50.19053485341213], [127.67161197330813, 50.19224320719864], [127.67201717589806, 50.192787491616485], [127.67271746323443, 50.19279549555114], [127.67314511200027, 50.192530555709816], [127.67272743464693, 50.19243584204043], [127.67273740585749, 50.1920761885059]], [[127.67238954783026, 50.18946389837651], [127.6725221167046, 50.189735239227986], [127.67238206817395, 50.18973363861358], [127.67238954783026, 50.18946389837651]], [[127.67281218349976, 50.18937878623713], [127.6729497388747, 50.189470299760515], [127.67280969109467, 50.18946869966769], [127.67281218349976, 50.18937878623713]]], [[[127.67833714950967, 50.19222998002504], [127.67862470705352, 50.19196342604205], [127.67707912919036, 50.19212571745032], [127.67692913374252, 50.192483776416836], [127.67833714950967, 50.19222998002504]]], [[[127.67593132848958, 50.19310199976172], [127.67664902011678, 50.19248058551828], [127.67539099725128, 50.192376304641286], [127.67425809648496, 50.192813089352384], [127.67425062646768, 50.193082829637085], [127.67593132848958, 50.19310199976172]]], [[[127.67971291466527, 50.19314504366402], [127.68000047020853, 50.19287848629909], [127.67929769906848, 50.19296043986622], [127.67913531302109, 50.19376806973963], [127.67984305544881, 50.19350629002047], [127.67971291466527, 50.19314504366402]]], [[[127.67323084809446, 50.199546996080244], [127.67379614020983, 50.199373567714176], [127.67381357993443, 50.1987441744965], [127.67353592189546, 50.198651062485766], [127.67355336459482, 50.19802166925565], [127.6728654658404, 50.197564103247686], [127.6726002840077, 50.19702142251644], [127.6728804237429, 50.19702462338554], [127.67288790252373, 50.19675488343436], [127.67331309406808, 50.19657985675412], [127.67363807748308, 50.19496461538547], [127.67351296298969, 50.194423535753046], [127.67323533044996, 50.194330423159826], [127.67324779049932, 50.19388085629289], [127.67297016161476, 50.19378774308648], [127.67298013147965, 50.19342808960075], [127.67242488108366, 50.19324186128781], [127.67214226953378, 50.19332857284059], [127.67208240976211, 50.195486492702564], [127.67179978427679, 50.1955732032789], [127.67221499290908, 50.1957578337482], [127.67217009735653, 50.19737627309246], [127.67188496594511, 50.19755289703812], [127.67185502668941, 50.198631856175226], [127.67196765819698, 50.19962250337279], [127.67224531871187, 50.19971561913752], [127.67208777821426, 50.20034341063663], [127.67321090760669, 50.20026630233926], [127.67323084809446, 50.199546996080244]], [[127.67320791723091, 50.19531947013596], [127.67334549022364, 50.19541098324086], [127.67320542504436, 50.19540938348851], [127.67320791723091, 50.19531947013596]]], [[[127.68522567020577, 50.20157215103133], [127.68537069386056, 50.20139390903705], [127.68509546791134, 50.201210910704084], [127.68341942200799, 50.20101204366486], [127.68217106241288, 50.200548180002734], [127.68021737203209, 50.200256174834614], [127.67965209210013, 50.20042963452555], [127.67992729255117, 50.20061264557974], [127.67990745193971, 50.20133195365051], [127.68074051375272, 50.20161124255832], [127.68522567020577, 50.20157215103133]]], [[[127.67368257296219, 50.21358305205055], [127.67310464149338, 50.214206043408886], [127.67352500211096, 50.214210843819764], [127.67351004236497, 50.21475032221836], [127.67393040783358, 50.21475512120011], [127.67381770606171, 50.21376447782517], [127.67368257296219, 50.21358305205055]]], [[[127.68075175760733, 50.21645172895047], [127.68046902283757, 50.21653845945998], [127.67896486995183, 50.21517224341221], [127.67868462328046, 50.21516905638313], [127.67842424959667, 50.21444656276487], [127.67746328842848, 50.21371609503379], [127.67706033736569, 50.21308191642265], [127.6763672153491, 50.21280419675746], [127.67583412686692, 50.211808764686445], [127.67541627644492, 50.2117140596169], [127.67512609030906, 50.21207051684945], [127.67510118912475, 50.21296964839907], [127.67452577487676, 50.21350273396694], [127.67575199284354, 50.21477589921818], [127.67630501671587, 50.21505202619384], [127.67743097185519, 50.21488496678947], [127.67838947142799, 50.21570534805082], [127.67949806000398, 50.21616766136302], [127.6796282584556, 50.216528907041265], [127.68031897262394, 50.216896520927044], [127.68058434820303, 50.2174391837809], [127.68100225901121, 50.21753387064511], [127.68115726455184, 50.216995981703505], [127.68075175760733, 50.21645172895047]], [[127.67537146378685, 50.21333249658859], [127.67580923921872, 50.212707896533985], [127.67649738142238, 50.213165445889466], [127.67634482474851, 50.213613415461765], [127.67537146378685, 50.21333249658859]]], [[[127.67406305279653, 50.215026459762875], [127.67392791528798, 50.21484503427654], [127.67392293015882, 50.215024860424954], [127.67406305279653, 50.215026459762875]]], [[[127.67914083687265, 50.218951785521], [127.68013418439517, 50.21851336772004], [127.68013914679182, 50.21833354122948], [127.67971874882569, 50.2183287644638], [127.6797261946956, 50.2180590247622], [127.68014659029254, 50.21806380148244], [127.67987873476423, 50.2176110509469], [127.67946082558642, 50.217516360054454], [127.67919297954634, 50.217063607971525], [127.67808188847387, 50.21669120487544], [127.67781157464086, 50.216328362884504], [127.6768331754845, 50.21622728224627], [127.67682322652827, 50.21658693487327], [127.67724112221643, 50.216681635163226], [127.67723366269819, 50.2169513746589], [127.67807443369364, 50.21696094446215], [127.67806697880012, 50.21723068403546], [127.67764659087668, 50.21722589984862], [127.67763913350078, 50.21749563936302], [127.67791690839252, 50.217588742198814], [127.67790945244495, 50.21785848172569], [127.67819219958558, 50.21777175756325], [127.67818226030218, 50.21813141029129], [127.67874527207623, 50.218047873168096], [127.67915573534543, 50.21841230628814], [127.67886801891237, 50.21867885916392], [127.67816983591466, 50.21858097616787], [127.6784302270531, 50.21930347000071], [127.67899573566521, 50.219130018605604], [127.67900566918439, 50.21877036582177], [127.67928593698932, 50.218773552241295], [127.67914083687265, 50.218951785521]], [[127.67943351854868, 50.21850540554863], [127.67957116942263, 50.218596911543706], [127.67943103601525, 50.21859531876645], [127.67943351854868, 50.21850540554863]], [[127.67931324733777, 50.21778450685179], [127.67930579921183, 50.21805424652133], [127.67888540384125, 50.21804946675985], [127.67889285433634, 50.21777972713576], [127.67931324733777, 50.21778450685179]]], [[[127.67775689314716, 50.218306452784404], [127.67720879681859, 50.21785050621441], [127.6772311761669, 50.21704128782116], [127.67681327737047, 50.216946587476436], [127.67681825197457, 50.216766761177844], [127.67625276377657, 50.216940202201165], [127.67650565353372, 50.217932439601256], [127.67678094121527, 50.21811545827222], [127.67676601611771, 50.21865493701618], [127.67746668340114, 50.21866291528947], [127.67717895610035, 50.21892946388445], [127.67773203590814, 50.219205584318864], [127.67775689314716, 50.218306452784404]]], [[[127.68027927947234, 50.21833513314677], [127.68014659029254, 50.21806380148244], [127.68013914679182, 50.21833354122948], [127.68027927947234, 50.21833513314677]]], [[[127.67286972856792, 50.21762113778167], [127.67174619066482, 50.21769823931061], [127.67172371801182, 50.218507455817324], [127.67227925698666, 50.218693688998584], [127.67298740753361, 50.21843195538072], [127.67286972856792, 50.21762113778167]]], [[[127.67458617313565, 50.21638155172852], [127.674328347157, 50.21556913643263], [127.67390797446842, 50.21556433883442], [127.67392293015882, 50.215024860424954], [127.6729495552503, 50.21474392121089], [127.6726194110805, 50.21653898002599], [127.67414087023185, 50.21727588553774], [127.67426604662879, 50.217816962941846], [127.6749542464599, 50.21827452151044], [127.67493182761636, 50.21908373898696], [127.67505701731618, 50.219624815482454], [127.67533479934919, 50.21971792451696], [127.67531985709444, 50.220257402796285], [127.67461667532683, 50.220339324410816], [127.67461169181632, 50.220519150438356], [127.67515979324389, 50.22097510910245], [127.67555033293068, 50.2220588589206], [127.67779262780488, 50.222084399230646], [127.67790791407934, 50.22298512507396], [127.67903156756758, 50.22290796492442], [127.6784883763692, 50.22227219796038], [127.67837556537778, 50.22128155937582], [127.67796508389999, 50.22091712352773], [127.67655870703746, 50.2210809944024], [127.67628589201685, 50.22080806209998], [127.67589783456143, 50.21963440140307], [127.67660846766888, 50.219282732619405], [127.67661593132877, 50.219012993300574], [127.67592272665362, 50.2187352706009], [127.67608525970839, 50.217927649717474], [127.675384603585, 50.21791966319868], [127.67553220419491, 50.21765152157603], [127.67525194338803, 50.217648326154126], [127.67500157177322, 50.21656617310829], [127.67458617313565, 50.21638155172852]], [[127.67525194338803, 50.217648326154126], [127.67510932242293, 50.21773664126413], [127.6751118130035, 50.217646728189735], [127.67525194338803, 50.217648326154126]]], [[[127.67380825824841, 50.219160860193874], [127.67353048247237, 50.21906774754979], [127.6735379634314, 50.21879800855646], [127.67297742888647, 50.21879160731151], [127.67294000715879, 50.22014030183966], [127.67378332603616, 50.22005999016139], [127.67380825824841, 50.219160860193874]]], [[[127.67387110718674, 50.2219497623368], [127.67303773447168, 50.22167042262684], [127.67219438599511, 50.22175072863557], [127.67232454350675, 50.222111981841735], [127.67288511681417, 50.222118386541396], [127.6735683765559, 50.22275577922723], [127.67384866709811, 50.22275897894437], [127.6741389290834, 50.2224025261343], [127.67387110718674, 50.2219497623368]]], [[[127.67311550845398, 50.22391984627451], [127.67283770659309, 50.223826731840006], [127.67284519272087, 50.22355699314439], [127.67187414877452, 50.22318613110416], [127.67160634417621, 50.222733362280884], [127.67118341057957, 50.22281846719288], [127.67100578367206, 50.22416555673524], [127.67127359031656, 50.22461832685223], [127.67196934920162, 50.22480616463186], [127.67223716848395, 50.22525893257973], [127.67323071029654, 50.224820575816416], [127.67311550845398, 50.22391984627451]]], [[[127.67523832178547, 50.2282612558684], [127.67679751722994, 50.22764943435202], [127.6773581564591, 50.22765581798063], [127.67765836940646, 50.226939704644344], [127.67921997470013, 50.226237936839425], [127.67922742547043, 50.22596819756112], [127.67979052805109, 50.225884656196854], [127.68025317978538, 50.224360909764584], [127.68053844241466, 50.224184267093186], [127.68123175280837, 50.22446196283007], [127.68117967695552, 50.22635013951235], [127.68074680456743, 50.226794931666056], [127.68018121095808, 50.22696839069579], [127.68014894563733, 50.22813726105168], [127.68112015491029, 50.22850805491697], [127.68224888998452, 50.228251038417355], [127.68299180275461, 50.22673046021056], [127.68291356200707, 50.2244810405514], [127.68320871939329, 50.22394473820963], [127.6829457555839, 50.223312168156596], [127.68297299464675, 50.22232312208763], [127.68326318634705, 50.22196664589921], [127.68271004247259, 50.221690551423], [127.68272490213612, 50.221151071671095], [127.68244957418689, 50.22096806686199], [127.68232677472723, 50.22033708447528], [127.68151073061892, 50.21942841225886], [127.68067487563341, 50.21923904048014], [127.67896345033779, 50.22029888998856], [127.67908372186506, 50.221019788750496], [127.67949669546967, 50.22129430753734], [127.67988237213527, 50.22255786986039], [127.68056573209968, 50.22319522213079], [127.6806909955335, 50.22373629276772], [127.6799828071424, 50.223998072822454], [127.67956484217618, 50.223903381963915], [127.67943214222103, 50.223632049648096], [127.67704962535709, 50.22360494464371], [127.67706703724936, 50.22297555323756], [127.67608601485443, 50.22296437840617], [127.67591101495414, 50.22422156349813], [127.67646414794662, 50.224497690149214], [127.67684479242351, 50.22594108744904], [127.67726028227263, 50.22612570118105], [127.6769526049382, 50.22711155257104], [127.67596900794749, 50.22719028906818], [127.67454748476855, 50.22789361148756], [127.67439984593797, 50.2281617511022], [127.67369654619203, 50.22824366610476], [127.67341123410081, 50.2284202914631], [127.67339876032892, 50.22886985567307], [127.67494304780821, 50.22879753665081], [127.67494803153487, 50.22861771085673], [127.67522835659082, 50.22862090751495], [127.67523832178547, 50.2282612558684]], [[127.67757043315662, 50.22504993566376], [127.67744768872899, 50.224418948980215], [127.67801077595699, 50.22433541610067], [127.6786941357123, 50.22497277919265], [127.67867425941992, 50.225692083874314], [127.67824882624232, 50.225867127428614], [127.67757043315662, 50.22504993566376]], [[127.68103577089633, 50.22140173183345], [127.68102337188877, 50.22185129797231], [127.68032761917027, 50.221663514380495], [127.68048016576479, 50.22121554009377], [127.68103577089633, 50.22140173183345]], [[127.68005726081749, 50.221300677562624], [127.68019492084231, 50.22139218284846], [127.68005477921061, 50.22139059075953], [127.68005726081749, 50.221300677562624]]], [[[127.67409156316896, 50.22411087221558], [127.67464468421974, 50.22438700744101], [127.67492747595801, 50.22430029167265], [127.67465963627691, 50.223847529694325], [127.67409904230067, 50.2238411333964], [127.67409156316896, 50.22411087221558]]], [[[127.67518037414622, 50.22529253081809], [127.67476739152757, 50.2250179967956], [127.67433696496757, 50.22537285185397], [127.67444720763982, 50.22645340600524], [127.67472751995251, 50.22645660377227], [127.67470509077116, 50.227265820029096], [127.67527568946669, 50.22691256198162], [127.67518037414622, 50.22529253081809]]], [[[127.67826222243504, 50.230454286236395], [127.67899535999051, 50.22929338750974], [127.67902517068727, 50.22821443098415], [127.67860717098516, 50.2281197364715], [127.67789393345232, 50.228561329042776], [127.67773387797759, 50.229279037977214], [127.67731338419999, 50.229274251757246], [127.67715829305843, 50.22981213380052], [127.67673032886266, 50.23007708428951], [127.67671788556372, 50.23052664897363], [127.67713341442628, 50.230711263328054], [127.67826222243504, 50.230454286236395]]], [[[127.68214727769347, 50.23193747708754], [127.68244496927143, 50.23131126466888], [127.6814588140427, 50.2314799600906], [127.68144889450052, 50.23183961243878], [127.68214727769347, 50.23193747708754]]], [[[127.68281841274867, 50.23302438191568], [127.68283327715898, 50.2324849031981], [127.68185453659034, 50.23238386243841], [127.68142409476545, 50.232738743205], [127.68197239964321, 50.23319467040516], [127.68281841274867, 50.23302438191568]]], [[[127.68127895918533, 50.23291697846468], [127.6814166545999, 50.23300848240584], [127.68141913466765, 50.23291856934037], [127.68127895918533, 50.23291697846468]]], [[[127.68046509132552, 50.24208173570842], [127.68397015290267, 50.24212148664654], [127.6841202586609, 50.241763422392815], [127.68384976056943, 50.24140059450919], [127.68259291377821, 50.24120646923123], [127.68204451246933, 50.24075054480465], [127.68148123797401, 50.24083409553581], [127.68148619922984, 50.240654269642185], [127.68065245693057, 50.240374982516514], [127.67953336311147, 50.24027232913246], [127.6789825165643, 50.2399063033785], [127.67855944304053, 50.23999143380066], [127.67852712316635, 50.241160300759496], [127.67879012197818, 50.24179287922514], [127.68046509132552, 50.24208173570842]]], [[[127.67684721953145, 50.24105124219327], [127.67641666158175, 50.24140610297927], [127.67654939176438, 50.24167743818182], [127.67696999451746, 50.24168222801854], [127.67740303927846, 50.241237452395204], [127.67741050426375, 50.240967714014445], [127.67684721953145, 50.24105124219327]]], [[[127.67478831398482, 50.25460887484316], [127.67492107012583, 50.25488021151946], [127.67632595781004, 50.2548062818508], [127.67605295525523, 50.25453334904], [127.67478831398482, 50.25460887484316]]], [[[127.67632346623236, 50.25489619439128], [127.67660643665536, 50.25480947638491], [127.67632595781004, 50.2548062818508], [127.67632346623236, 50.25489619439128]]], [[[127.68221850464013, 50.25478331220346], [127.67997467144237, 50.25475784533726], [127.6796892220383, 50.25493448425911], [127.67967928092524, 50.255294134891884], [127.68051327612356, 50.255573430303905], [127.68135969206831, 50.25540315624074], [127.68163273006138, 50.25567607682115], [127.68247418386667, 50.25568562009315], [127.68261938581446, 50.25550738453284], [127.68221850464013, 50.25478331220346]]], [[[127.6736139739333, 50.25648423620991], [127.67305049942125, 50.25656774426379], [127.67218903707642, 50.257277431511994], [127.67288777112017, 50.257375354197336], [127.67275501991249, 50.25710401534862], [127.67317326011752, 50.2571987323706], [127.67318325088219, 50.25683908280093], [127.67360398653696, 50.25684388586431], [127.6736139739333, 50.25648423620991]]], [[[127.67203129146449, 50.25790521533738], [127.67231178801748, 50.25790842037782], [127.67286028938994, 50.258364390246534], [127.6727400287128, 50.25764348957594], [127.6721815382917, 50.25754716856244], [127.67203129146449, 50.25790521533738]]], [[[127.68505463108689, 50.25877283617531], [127.68521220893129, 50.25814503344595], [127.6846487339777, 50.25822859772239], [127.6847988875884, 50.25787053392083], [127.68452334266483, 50.257687533434336], [127.68424284602787, 50.25768435787437], [127.6839499620229, 50.258130745483655], [127.68407782521616, 50.25858189754585], [127.68365459436559, 50.258667045025426], [127.68421312202881, 50.25876331116326], [127.684646257763, 50.25831851051083], [127.68463635277878, 50.2586781616497], [127.68505463108689, 50.25877283617531]]], [[[127.6742328364575, 50.259459347604086], [127.67425030760295, 50.25882996081787], [127.67396980541868, 50.2588267604134], [127.67380458746095, 50.25972428376308], [127.67521211334815, 50.259560456366025], [127.6742328364575, 50.259459347604086]]], [[[127.684274109113, 50.26164210697242], [127.68469736537008, 50.261556957477204], [127.68484257734369, 50.26137871939009], [127.68428154069618, 50.261372368798], [127.684274109113, 50.26164210697242]]], [[[127.68399358928124, 50.26163893063083], [127.68427163189348, 50.26173201969425], [127.684274109113, 50.26164210697242], [127.68399358928124, 50.26163893063083]]], [[[127.67668763384845, 50.262005670397336], [127.67654986507097, 50.26191416070997], [127.67654737328698, 50.262004073148034], [127.67668763384845, 50.262005670397336]]], [[[127.68296713564081, 50.26324623605397], [127.68409173026478, 50.26316903486943], [127.6841090737916, 50.262539645987246], [127.68299441284012, 50.26225719680907], [127.68300681106425, 50.26180763345642], [127.68328733177566, 50.261810812187214], [127.6831545094056, 50.261539484861856], [127.68258851049019, 50.26171295143117], [127.68257858881957, 50.26207260206172], [127.68173950448323, 50.26197314604613], [127.68172957632815, 50.262332796537756], [127.681444087518, 50.26250943924025], [127.68143912225901, 50.262689264451], [127.68186239269106, 50.26260412540926], [127.6817072372431, 50.26314201005686], [127.68212802986523, 50.26314678269524], [127.68241600085912, 50.262880225706006], [127.68296713564081, 50.26324623605397]], [[127.68311731831463, 50.2628881749508], [127.68339536640602, 50.262981266134915], [127.68311483880798, 50.26297808761149], [127.68311731831463, 50.2628881749508]], [[127.68200017373479, 50.26269562888326], [127.68227573740573, 50.26287863534937], [127.68199521053674, 50.26287545412842], [127.68200017373479, 50.26269562888326]], [[127.68200761843755, 50.26242589100435], [127.68214539925513, 50.26251739430705], [127.68200513688254, 50.262515803632134], [127.68200761843755, 50.26242589100435]], [[127.68215532434405, 50.262157743766785], [127.68229310468418, 50.26224924689464], [127.6821528430907, 50.262247656404085], [127.68215532434405, 50.262157743766785]]], [[[127.67696566400433, 50.26209877684005], [127.67667019285399, 50.26263505745757], [127.6770959617771, 50.26246002339922], [127.67724618574347, 50.26210197016424], [127.67696566400433, 50.26209877684005]]], [[[127.67554061270253, 50.262892011608784], [127.67625439045344, 50.26245044025911], [127.67654737328698, 50.262004073148034], [127.67598134545034, 50.26217750728977], [127.67481933625905, 50.26360331549291], [127.67538289109805, 50.263519799591776], [127.67539037339039, 50.263250062470675], [127.67567339525742, 50.26316334726272], [127.67554061270253, 50.262892011608784]]], [[[127.676372222741, 50.2632612496352], [127.67667019285399, 50.26263505745757], [127.67595890909794, 50.26298671895614], [127.67580368597628, 50.263524595151836], [127.676372222741, 50.2632612496352]]], [[[127.67523264854145, 50.26387785018696], [127.67579869930167, 50.26370441992221], [127.67580368597628, 50.263524595151836], [127.675525649891, 50.26343148590374], [127.67523264854145, 50.26387785018696]]], [[[127.68182764572909, 50.26386290195058], [127.68168986169451, 50.26377139826617], [127.68168737942295, 50.263861310861536], [127.68182764572909, 50.26386290195058]]], [[[127.68575015813157, 50.26408720921415], [127.68546962377249, 50.26408403632372], [127.68546467339343, 50.264263861776186], [127.68574520880824, 50.26426703468674], [127.68575015813157, 50.26408720921415]]], [[[127.68027974719456, 50.26402521574858], [127.67899247358223, 50.264909997892175], [127.67941328132198, 50.264914780479856], [127.68012953957344, 50.264383272920405], [127.68025738220376, 50.26483442855878], [127.6806806737495, 50.264749294018216], [127.68039268167855, 50.265015846458404], [127.68151483902273, 50.26502858314214], [127.68222611321407, 50.26467688767542], [127.68237630613103, 50.26431882769516], [127.68265684152097, 50.264322008062145], [127.68266428294417, 50.26405227018795], [127.68223851973369, 50.26422732464972], [127.68224596349454, 50.263957586816424], [127.68056773380994, 50.2637586635018], [127.68083584630412, 50.26421141101884], [127.68055034286482, 50.26438805135545], [127.68028720196473, 50.26375547811838], [127.68027974719456, 50.26402521574858]], [[127.68055034286482, 50.26438805135545], [127.6804075903534, 50.26447637125253], [127.68041007508843, 50.26438645871301], [127.68055034286482, 50.26438805135545]], [[127.68095624400479, 50.26493230360338], [127.68110148035925, 50.264754070483036], [127.6815222870823, 50.26475884542472], [127.68095624400479, 50.26493230360338]]], [[[127.67653064261414, 50.26767015131333], [127.6759720273041, 50.26757384769485], [127.6759670405476, 50.26775367235149], [127.6765256579442, 50.26784997600756], [127.67653064261414, 50.26767015131333]]], [[[127.67638288760888, 50.267938290768754], [127.676245102522, 50.26784678068109], [127.67624260964011, 50.26793669301582], [127.67638288760888, 50.267938290768754]]], [[[127.67370512000738, 50.268357465715226], [127.67356733891991, 50.268265952490154], [127.67356484095909, 50.268355864721066], [127.67370512000738, 50.268357465715226]]], [[[127.67636793163605, 50.26847776477634], [127.67622017313437, 50.26874590396149], [127.67636045347902, 50.26874750176004], [127.67636793163605, 50.26847776477634]]], [[[127.67327678735799, 50.26862239887828], [127.67299372869864, 50.2687091078793], [127.6732742888185, 50.268712311093076], [127.67327678735799, 50.26862239887828]]], [[[127.67721957358084, 50.268127698467914], [127.67638288760888, 50.267938290768754], [127.67637291701088, 50.2682979401131], [127.67678627845548, 50.26857246945538], [127.67691409988117, 50.26902362829268], [127.67663104526522, 50.26911034618061], [127.67636045347902, 50.26874750176004], [127.67635297520825, 50.269017238730335], [127.67662107612205, 50.26946999548808], [127.67703943211826, 50.2695646993125], [127.67704441515636, 50.26938487463432], [127.67747024340319, 50.2692098398673], [127.67748518731081, 50.268670365688045], [127.67721957358084, 50.268127698467914]], [[127.67732996163747, 50.269208243397536], [127.67719217109523, 50.26911673440914], [127.67733245258431, 50.26911833104311], [127.67732996163747, 50.269208243397536]], [[127.67690911641613, 50.269203452972626], [127.67676385065737, 50.269381680489666], [127.67676883470095, 50.269201855825806], [127.67690911641613, 50.269203452972626]], [[127.67707431232391, 50.26830592644024], [127.67693154161088, 50.268394241865956], [127.67693403323604, 50.26830432951333], [127.67707431232391, 50.26830592644024]]], [[[127.6743540885996, 50.27025362529201], [127.67421879774477, 50.27007220058601], [127.67491772293545, 50.27017011236676], [127.67464464233176, 50.26989717632319], [127.67493269618977, 50.26963063883312], [127.67465462651215, 50.26953752732944], [127.67549632219114, 50.269547123026854], [127.67548634434694, 50.26990677214234], [127.67590719552531, 50.26991156776681], [127.67591467655133, 50.26964183088679], [127.67619773560476, 50.26955511478658], [127.675654063741, 50.268919335672386], [127.67526315894254, 50.2678355917069], [127.67497761321985, 50.26801221791056], [127.67510541611709, 50.268463378632994], [127.67538348047849, 50.26855648903244], [127.67523072646911, 50.26900445148105], [127.67550380544148, 50.26927738617459], [127.67507796951617, 50.269452413672454], [127.67410847853952, 50.26899165339903], [127.67397818655938, 50.26863040392529], [127.67355734700054, 50.268625601404864], [127.67356484095909, 50.268355864721066], [127.67328178439898, 50.26844257444422], [127.67327678735799, 50.26862239887828], [127.67354485681638, 50.26907516251475], [127.6738279166837, 50.26898845218591], [127.67381293128874, 50.2695279255385], [127.6735298681774, 50.26961463579747], [127.67394322433377, 50.269889175152386], [127.6739357321054, 50.27015891180595], [127.6743540885996, 50.27025362529201]], [[127.67421879774477, 50.27007220058601], [127.67408350790805, 50.26989077572509], [127.67436407509457, 50.26989397636267], [127.67421879774477, 50.27007220058601]], [[127.67550380544148, 50.26927738617459], [127.67564159316677, 50.26936889714052], [127.67550131103735, 50.269367298460175], [127.67550380544148, 50.26927738617459]], [[127.67564159316677, 50.26936889714052], [127.67577688751865, 50.26955032023854], [127.67563660484856, 50.26954872171732], [127.67564159316677, 50.26936889714052]], [[127.67394821908937, 50.26970935070925], [127.67408600502817, 50.26980086349919], [127.6739457217179, 50.26979926293157], [127.67394821908937, 50.26970935070925]]], [[[127.67340957230844, 50.26889373688135], [127.67312651226578, 50.26898044619104], [127.67353236631554, 50.269524723587395], [127.67354235874154, 50.26916507473226], [127.67340957230844, 50.26889373688135]]], [[[127.67831442336144, 50.26912950274154], [127.67844474953651, 50.26949074759215], [127.67801394285104, 50.26984561067024], [127.67871038453357, 50.27003341205673], [127.68013808501637, 50.26915022817732], [127.68014802755756, 50.26879057834008], [127.67986746619933, 50.26878739171382], [127.67942921543707, 50.26941199752763], [127.67901583143804, 50.26913747744827], [127.6790232946988, 50.26886774019388], [127.678602452191, 50.26886295592317], [127.67831442336144, 50.26912950274154]], [[127.67928893296667, 50.26941040341743], [127.67914616295623, 50.26949872155372], [127.67914865050889, 50.26940880913797], [127.67928893296667, 50.26941040341743]]], [[[127.67731501569122, 50.26974771749281], [127.67759558240336, 50.26975091032386], [127.67760803475008, 50.26930134853088], [127.6771822061761, 50.26947638379764], [127.67731501569122, 50.26974771749281]]], [[[127.67633801832544, 50.269556712630724], [127.67619274934805, 50.269734939397985], [127.67633303259672, 50.269736537252285], [127.67633801832544, 50.269556712630724]]], [[[127.6763305397134, 50.269826449560824], [127.67647331585803, 50.26973813493729], [127.67633303259672, 50.269736537252285], [127.6763305397134, 50.269826449560824]]], [[[127.67632804681745, 50.26991636186788], [127.6760499727007, 50.269823253672854], [127.6760474792767, 50.26991316596977], [127.67632804681745, 50.26991636186788]]], [[[127.67814924758768, 50.27002703107341], [127.67801145312323, 50.26993552303806], [127.6780089633828, 50.2700254354044], [127.67814924758768, 50.27002703107341]]], [[[127.67491273174943, 50.27034993686607], [127.67463715406356, 50.27016691305288], [127.67449187687653, 50.27034513761088], [127.67491273174943, 50.27034993686607]]], [[[127.67756071415309, 50.271009683146225], [127.67742291802983, 50.27091817441473], [127.67742042709442, 50.27100808674446], [127.67756071415309, 50.271009683146225]]], [[[127.67742042709442, 50.27100808674446], [127.67699707425415, 50.27109320883653], [127.67741793614638, 50.27109799907268], [127.67742042709442, 50.27100808674446]]], [[[127.67937449798195, 50.27139007055262], [127.67812933132187, 50.27074632999101], [127.67770598202644, 50.27083145469754], [127.67726768386173, 50.27145605177434], [127.67768605851501, 50.271550753386514], [127.6776810775109, 50.271730578043865], [127.67810692455718, 50.27155554115948], [127.67810194513729, 50.2717353658472], [127.67852530180143, 50.27165023976872], [127.67866061347647, 50.27183165957693], [127.67950732512145, 50.27166140179481], [127.67937449798195, 50.27139007055262]], [[127.67838501280619, 50.271648644516446], [127.67824721326315, 50.27155713674524], [127.67838750198173, 50.271558732161715], [127.67838501280619, 50.271648644516446]], [[127.67755324206315, 50.27127942014163], [127.67782883740219, 50.27146243714413], [127.67754826060671, 50.27145924479779], [127.67755324206315, 50.27127942014163]], [[127.67839994767024, 50.271109170365754], [127.67853774623288, 50.271200677954894], [127.67839745855778, 50.271199082727925], [127.67839994767024, 50.271109170365754]]], [[[127.6797854167786, 50.27175450182543], [127.67950732512145, 50.27166140179481], [127.67950483804557, 50.27175131418851], [127.6797854167786, 50.27175450182543]]], [[[127.6780994554084, 50.271825278188814], [127.67796165591584, 50.27173377008202], [127.67795916592291, 50.27182368241859], [127.6780994554084, 50.271825278188814]]], [[[127.67879841460373, 50.27192316686621], [127.67866061347647, 50.27183165957693], [127.67865812479111, 50.27192157193733], [127.67879841460373, 50.27192316686621]]], [[[127.6790789942668, 50.27192635621614], [127.67893621625907, 50.272014673994825], [127.67907650636096, 50.27201626859022], [127.6790789942668, 50.27192635621614]]], [[[127.68020131342357, 50.271939106844705], [127.6800585374273, 50.27202742601807], [127.68019882763006, 50.27202901925921], [127.68020131342357, 50.271939106844705]]], [[[127.68047940807342, 50.27203220523366], [127.67991327455617, 50.27220565741197], [127.6800585374273, 50.27202742601807], [127.6797829302182, 50.27184441422774], [127.67908397004061, 50.27174653146354], [127.6790789942668, 50.27192635621614], [127.67949737674232, 50.27202105136069], [127.67949240247708, 50.272200876134704], [127.68019137017401, 50.2722987564938], [127.68018142672278, 50.2726584061191], [127.68074756469166, 50.272484952682234], [127.68047940807342, 50.27203220523366]]], [[[127.68535243211824, 50.27343653901489], [127.6850495516452, 50.27424257779069], [127.68548034683133, 50.27388768879563], [127.68535243211824, 50.27343653901489]]], [[[127.68529052273446, 50.275684353001196], [127.68516260532836, 50.275233203124394], [127.68488200554458, 50.27523002830866], [127.68499010339852, 50.276400478672436], [127.68527318670057, 50.276313740750766], [127.6852855696447, 50.27586417807995], [127.6850074432178, 50.27577109100376], [127.68529052273446, 50.275684353001196]]], [[[127.68513040673002, 50.276402066061095], [127.68526080344249, 50.276763303384406], [127.68540110785557, 50.276764890454594], [127.68540853705575, 50.27649515286377], [127.68513040673002, 50.276402066061095]]], [[[127.67170688922353, 50.28974050587471], [127.67270429094289, 50.28921225719101], [127.6728596380504, 50.28867438839803], [127.67187726728915, 50.2886631674742], [127.6717118959232, 50.28956068221174], [127.67128586389678, 50.28973569367538], [127.67170688922353, 50.28974050587471]], [[127.67200759510332, 50.28902441839169], [127.67214292985375, 50.28920584545126], [127.67200258961319, 50.28920424209288], [127.67200759510332, 50.28902441839169]], [[127.67229077673737, 50.28893771305576], [127.67256895402733, 50.289030830768276], [127.67228827453995, 50.289027624918745], [127.67229077673737, 50.28893771305576]]], [[[127.68336093856978, 50.320182928430306], [127.6832229908482, 50.32009142613407], [127.68322050650731, 50.320181337909126], [127.68336093856978, 50.320182928430306]]], [[[127.6806827749871, 50.32051232625339], [127.68040439892289, 50.32041922688935], [127.68040190923621, 50.32050913855741], [127.6806827749871, 50.32051232625339]]], [[[127.68033966296267, 50.32275692977525], [127.6802141649012, 50.32221586576934], [127.67866436272837, 50.3223781415478], [127.67851644420419, 50.32264628000838], [127.68033966296267, 50.32275692977525]]], [[[127.6837102141774, 50.32279514039092], [127.68371518145943, 50.32261531688526], [127.68315342453738, 50.32260895527306], [127.6808989320375, 50.32285321664417], [127.68117483476765, 50.3230362265614], [127.68300056041868, 50.323056923072926], [127.6837102141774, 50.32279514039092]]], [[[127.66959852063944, 50.32506288812507], [127.66946058571365, 50.32497136967071], [127.66945807497765, 50.32506128087032], [127.66959852063944, 50.32506288812507]]], [[[127.6694555642289, 50.32515119206843], [127.66931762932862, 50.32505967344597], [127.66931511831504, 50.325149584639], [127.6694555642289, 50.32515119206843]]], [[[127.67033330089794, 50.328938709800624], [127.67049132192453, 50.328310937821634], [127.67036592249136, 50.32776986445818], [127.67008501513654, 50.32776665150845], [127.6700649363265, 50.32848594089816], [127.67033330089794, 50.328938709800624]]], [[[127.67853969914424, 50.37750964181593], [127.67825599843967, 50.37759635704403], [127.6785372008867, 50.3775995525291], [127.67853969914424, 50.37750964181593]]], [[[127.6793708217502, 50.377968777865796], [127.6792427041557, 50.377517627529784], [127.67868030012116, 50.37751123929853], [127.67852470940863, 50.37804910607256], [127.67740238974626, 50.37794640918636], [127.67739738884154, 50.37812623051513], [127.67866281391127, 50.37814061429488], [127.6793708217502, 50.377968777865796]]], [[[127.69199519031889, 50.12816583836603], [127.69158538802323, 50.12780145037069], [127.69159274335523, 50.12753170515972], [127.69131055507619, 50.12761846762611], [127.69144551923614, 50.127799874142205], [127.69102346009954, 50.12788505949355], [127.69128848391924, 50.12842770311558], [127.69157558074026, 50.12816111063117], [127.69199519031889, 50.12816583836603]], [[127.69129338870762, 50.128247873017216], [127.69143571090552, 50.128159534382704], [127.69143325879188, 50.12824944943911], [127.69129338870762, 50.128247873017216]], [[127.69130319813551, 50.127888212802645], [127.6914381630068, 50.12806961932481], [127.69129829344637, 50.128068042912915], [127.69130319813551, 50.127888212802645]]], [[[127.69083943296766, 50.12950195309467], [127.69124924382601, 50.12986634368822], [127.69123452797227, 50.130405833804794], [127.6915093763901, 50.13058881676687], [127.6919290071856, 50.13059354490624], [127.69208849280622, 50.12987580023257], [127.6927486701323, 50.13132231712481], [127.69246891191611, 50.131319167141775], [127.69233883555881, 50.13095793172552], [127.69205662832431, 50.131044695807], [127.69230697595393, 50.132126827197716], [127.69187507350482, 50.13257167535945], [127.69214993664554, 50.13275465685535], [127.69214013187361, 50.13311431688845], [127.69170086257101, 50.133828909215204], [127.69128365640186, 50.13373426506685], [127.69155361905716, 50.1340970779025], [127.69098671017845, 50.13436051609311], [127.69096708188162, 50.135079835601616], [127.69054986637796, 50.134985188762265], [127.69083209958515, 50.134898428604885], [127.69086154457878, 50.1338194493307], [127.69114377033802, 50.1337326883402], [127.69158304699043, 50.133018098167874], [127.69160021245992, 50.13238869322375], [127.6913253535109, 50.13220571044826], [127.69161492523574, 50.131849203213626], [127.69148975854993, 50.1313081368951], [127.69106766850729, 50.131393322114214], [127.69076091969333, 50.13237923280819], [127.69048115553707, 50.13237607798872], [127.69032163688553, 50.13309381989669], [127.68989461820905, 50.13335883054808], [127.68986760754167, 50.134347894587755], [127.68943811868014, 50.13470281828974], [127.68941355386622, 50.135601967050924], [127.6898258608266, 50.13587644774954], [127.68995347524842, 50.13632760051488], [127.69023326238698, 50.13633075678512], [127.69038297511025, 50.13597267508847], [127.69037070116003, 50.13642224955857], [127.69121006452052, 50.13643171334502], [127.69120270471811, 50.136701458099196], [127.69078302062363, 50.13669672691913], [127.69077565835111, 50.13696647161494], [127.69049832207193, 50.136873401735414], [127.69034860726725, 50.13723148351102], [127.6899289186794, 50.13722674920837], [127.68949203436271, 50.13785141728124], [127.68962210692357, 50.13821265544514], [127.68933985196803, 50.138299412441754], [127.68918275214835, 50.13892723696675], [127.68928333960399, 50.140367453001225], [127.69039767216765, 50.140559910887404], [127.69038048595115, 50.14118931463903], [127.68967849077958, 50.14127133782497], [127.68966620792307, 50.14172091175617], [127.69007856828237, 50.14199539170046], [127.68992392127964, 50.14253330203609], [127.68907707824059, 50.142793572362116], [127.68991409642031, 50.142892961140724], [127.68987970784693, 50.14415176781951], [127.69043446267797, 50.14433791029423], [127.69095976856528, 50.14560302747649], [127.69191959169291, 50.14633338284286], [127.69207668186397, 50.14570555530807], [127.69179929278276, 50.145612488255516], [127.69181401021176, 50.145072999437474], [127.69223621984383, 50.144987812638725], [127.69238839766979, 50.14453981414157], [127.69322545357787, 50.14463917931498], [127.69351018885773, 50.14446249832678], [127.69352733599784, 50.143833094145855], [127.69396912134351, 50.14302858170517], [127.69286206873257, 50.142566412964285], [127.69286942073246, 50.142296668305384], [127.69258959850254, 50.142293518115316], [127.69259695196361, 50.142023773472985], [127.6921845767794, 50.14174930235822], [127.69219683604557, 50.14129972797716], [127.69109965575561, 50.140477883252], [127.69084193281428, 50.13966549523017], [127.69115609004236, 50.13840984123144], [127.69103336653635, 50.13777886003054], [127.69118062464074, 50.13751069228142], [127.69160031592227, 50.13751542208009], [127.69128126996208, 50.13895090737805], [127.69238577295562, 50.13950300561113], [127.69280793238839, 50.139417816259865], [127.69282018480051, 50.138968241585594], [127.6931024375807, 50.13888147612003], [127.69383132599704, 50.13781036704896], [127.6938435681215, 50.13736079206623], [127.69342632699106, 50.13726615539856], [127.6934361235627, 50.136906495439526], [127.69301888719875, 50.1368118573379], [127.6928887925815, 50.1364506227226], [127.692334118643, 50.13626449236886], [127.69204942832778, 50.13644117106636], [127.69206413816417, 50.13590168133801], [127.6924936186838, 50.13554674792583], [127.69251322441913, 50.1348274280373], [127.69351448900031, 50.13402921491044], [127.69355121843267, 50.13268048913817], [127.69327635030355, 50.132497510918526], [127.69329594218813, 50.13177819042584], [127.69288609959281, 50.131413806922936], [127.69358794507826, 50.131331763031255], [127.69373761653296, 50.1309736763878], [127.69346275733943, 50.13079069862809], [127.69360753148321, 50.130612442304084], [127.6933375723106, 50.1302496340628], [127.69264799237433, 50.12988210122674], [127.69279276671992, 50.12970384589357], [127.69238294539947, 50.129339460656695], [127.69239519742028, 50.128889885274276], [127.69198538598057, 50.12852549866265], [127.69199273925292, 50.12825575344242], [127.69183570947656, 50.1288835831523], [127.69211545342363, 50.12888673455014], [127.69211055160476, 50.12906656468761], [127.69182590369378, 50.12924324338133], [127.69127131676919, 50.12905710841297], [127.69083943296766, 50.12950195309467]], [[127.69168603069113, 50.12924166740978], [127.6919633254941, 50.129334734242974], [127.69195842302739, 50.12951456435558], [127.69168112720148, 50.12942149750539], [127.69168603069113, 50.12924166740978]], [[127.691732962591, 50.142913467404526], [127.69118312666059, 50.1425475015335], [127.69119294188448, 50.14218784222506], [127.69175258484925, 50.14219414865156], [127.691732962591, 50.142913467404526]], [[127.69156843092289, 50.13868431588099], [127.69170587893137, 50.138775807110875], [127.69156597814377, 50.13877423077834], [127.69156843092289, 50.13868431588099]], [[127.69062349087892, 50.13741446864125], [127.69075847928073, 50.13759587585311], [127.6906185819869, 50.13759429840614], [127.69062349087892, 50.13741446864125]], [[127.69063085412381, 50.13714472398274], [127.69076584181397, 50.13732613118854], [127.6906259453063, 50.137324553756585], [127.69063085412381, 50.13714472398274]], [[127.69038542986306, 50.13588276018998], [127.69025535752044, 50.13552152274378], [127.69081246859639, 50.135617748002], [127.6906652144558, 50.13588591539937], [127.69038542986306, 50.13588276018998]], [[127.691533897574, 50.12968966647268], [127.69167132007333, 50.129781157678735], [127.69153144551143, 50.1297795815088], [127.691533897574, 50.12968966647268]], [[127.69181609771262, 50.12960290358656], [127.69195106923432, 50.129784309513326], [127.69181119464764, 50.12978273368025], [127.69181609771262, 50.12960290358656]]], [[[127.69793064083785, 50.141454105712185], [127.69754754076247, 50.14010067233823], [127.69643074507381, 50.13999819796461], [127.69670566781949, 50.14018116891681], [127.69683091470336, 50.14072222944562], [127.69711072823985, 50.14072536934592], [127.69793064083785, 50.141454105712185]]], [[[127.70069471929307, 50.14274426062224], [127.69985524230616, 50.14273486453058], [127.69983330348876, 50.143544100653635], [127.70067279463136, 50.1435534970133], [127.70069471929307, 50.14274426062224]]], [[[127.69306593163823, 50.14535692351114], [127.69278364045668, 50.145443688492946], [127.69277628715479, 50.145713432995684], [127.69221169853664, 50.14588696080376], [127.69205706202597, 50.14642487371684], [127.69289169905962, 50.14661415632328], [127.69277383602935, 50.14580334782695], [127.69306593163823, 50.14535692351114]]], [[[127.69940227947103, 50.14911570103498], [127.69900932218235, 50.14812193354305], [127.69803470617383, 50.1479311258152], [127.69790210341743, 50.14765981195091], [127.69679734981872, 50.14710776497914], [127.69609527804907, 50.1471898262838], [127.69770356624666, 50.14981620197719], [127.69785082545508, 50.14954802631075], [127.69953001706291, 50.14956684324744], [127.69925503027697, 50.149383878766685], [127.69940227947103, 50.14911570103498]]], [[[127.69626952918573, 50.25395245296488], [127.69712321930517, 50.25351232350333], [127.69712812391768, 50.25333249687959], [127.69670741521574, 50.253327779209684], [127.69671477441523, 50.25305803930778], [127.6969976978022, 50.25297127124673], [127.69727081220036, 50.25324415577877], [127.69742085512382, 50.252886074511736], [127.69797934440244, 50.252982274266756], [127.69813183151412, 50.25253427866051], [127.69715509839776, 50.25234345034267], [127.6967221335028, 50.25278829939252], [127.69630142966065, 50.252783580289865], [127.69601114307771, 50.253140086493175], [127.69558798108027, 50.253225278053804], [127.69557816024914, 50.253584931081804], [127.69529523069333, 50.25367169562925], [127.69542810126289, 50.25394300980269], [127.69500738746949, 50.25393828593772], [127.69514271321567, 50.25411968719179], [127.69485977970314, 50.25420645064037], [127.69484995304866, 50.25456610350309], [127.69596696223786, 50.254758525228134], [127.69570121207539, 50.25421589795265], [127.69598168963238, 50.25421904570332], [127.69599150764655, 50.25385939265705], [127.69626952918573, 50.25395245296488]], [[127.69643921071797, 50.25287506678985], [127.69657699230282, 50.25296655312915], [127.69643675716124, 50.25296498008496], [127.69643921071797, 50.25287506678985]]], [[[127.68993910363011, 50.254600785133356], [127.68895002352411, 50.25485945294389], [127.6878355114325, 50.25457705101347], [127.68755256226119, 50.25466379653812], [127.68754268043863, 50.255023448323264], [127.68865720111125, 50.255305853108936], [127.68894508786366, 50.255039278933886], [127.6897889991729, 50.254958856155234], [127.68993910363011, 50.254600785133356]]], [[[127.69650584139731, 50.25557403818564], [127.69551923108074, 50.2557428487503], [127.6967716080003, 50.25611666362649], [127.69650584139731, 50.25557403818564]]], [[[127.68609328274907, 50.25671594549402], [127.68735302237046, 50.256820122799915], [127.68750315114471, 50.2564620552258], [127.68596540513491, 50.256264795397726], [127.68496884314115, 50.2567931673492], [127.68580289600203, 50.25707242517401], [127.68609328274907, 50.25671594549402]]], [[[127.69433092470298, 50.25815790422266], [127.69391263273705, 50.2580632629763], [127.6939101739735, 50.258153176100315], [127.69433092470298, 50.25815790422266]]], [[[127.69558089939038, 50.25862164535035], [127.69530285221626, 50.25852858326712], [127.69530039602891, 50.25861849643367], [127.69558089939038, 50.25862164535035]]], [[[127.69431617660932, 50.25869738302547], [127.69417838308122, 50.25860589399879], [127.69417592477062, 50.2586958071239], [127.69431617660932, 50.25869738302547]]], [[[127.69404796569206, 50.25824466543781], [127.69376992375528, 50.25815159972113], [127.69375762843141, 50.25860116529387], [127.69347712539388, 50.2585980119779], [127.69373303684874, 50.259500296327886], [127.6940135452133, 50.259503449067026], [127.69404796569206, 50.25824466543781]]], [[[127.6954283678992, 50.259069636811994], [127.69513066598115, 50.25969587954416], [127.69541117565035, 50.25969902891911], [127.69556370942428, 50.25925103754445], [127.69613699701685, 50.25880776754181], [127.69558089939038, 50.25862164535035], [127.69557598803374, 50.25880147169895], [127.6950125224974, 50.258885086300914], [127.69446134401386, 50.25851913248618], [127.69416117464522, 50.259235285843204], [127.69444168150137, 50.259238437537114], [127.6944318499461, 50.259598090026905], [127.69485261349014, 50.259602816358665], [127.6954283678992, 50.259069636811994]], [[127.69571624026086, 50.25880304591348], [127.69571132938215, 50.25898287226612], [127.69543082388495, 50.25897972364789], [127.69543327985824, 50.2588898104823], [127.69571624026086, 50.25880304591348]], [[127.69485507060605, 50.259512903223445], [127.69471973106498, 50.25933150168885], [127.69485998480052, 50.25933307694858], [127.69485507060605, 50.259512903223445]]], [[[127.69134379032691, 50.25965329673686], [127.69120599983663, 50.25956180422326], [127.69120353584776, 50.259651717226916], [127.69134379032691, 50.25965329673686]]], [[[127.68895699765747, 50.25971633497742], [127.68881921161405, 50.259624839669], [127.68881674312698, 50.25971475258592], [127.68895699765747, 50.25971633497742]]], [[[127.69134871776446, 50.259473470718035], [127.69147172732553, 50.26010444112365], [127.691890032089, 50.26019909122547], [127.69204752531577, 50.25957127871472], [127.69134871776446, 50.259473470718035]]], [[[127.6965283068638, 50.25989144603329], [127.6963855971325, 50.25997978595831], [127.69652585286451, 50.259981359222465], [127.6965283068638, 50.25989144603329]]], [[[127.69680636436583, 50.259984505243146], [127.69666856234436, 50.259893019123254], [127.69666610860897, 50.259982932317406], [127.69680636436583, 50.259984505243146]]], [[[127.69583685079766, 50.2595239253736], [127.69582702964756, 50.25988357804535], [127.6953915266189, 50.26041833409521], [127.69580738674993, 50.260602883317496], [127.69637577995547, 50.260339438680184], [127.69594027877895, 50.26087419676095], [127.69736248264833, 50.26017062168769], [127.6976552547959, 50.25972419955241], [127.69723694235617, 50.2596295701397], [127.69736983993378, 50.25990088203486], [127.69694907334282, 50.259896164795514], [127.69651603674298, 50.26034101196429], [127.69666610860897, 50.259982932317406], [127.69638314285692, 50.26006969914101], [127.69610508570584, 50.25997663892237], [127.69626006838845, 50.25943873342749], [127.69583685079766, 50.2595239253736]], [[127.69610508570584, 50.25997663892237], [127.69596237494395, 50.260064978318304], [127.69596483001115, 50.25997506515058], [127.69610508570584, 50.25997663892237]], [[127.69581966365432, 50.260153317533565], [127.6960977212585, 50.26024637843605], [127.69581720829834, 50.26024323069331], [127.69581966365432, 50.260153317533565]], [[127.69624043232156, 50.260158038878885], [127.69637823426841, 50.26024952550195], [127.69623797775722, 50.26024795205361], [127.69624043232156, 50.260158038878885]]], [[[127.68794557438694, 50.260784209209135], [127.68894218805548, 50.26025581247786], [127.68936295647171, 50.26026055872743], [127.6896484027571, 50.260083896170066], [127.6896582704977, 50.259724244396814], [127.68923257132755, 50.25989932511231], [127.68909725220053, 50.259717917199715], [127.6888118061153, 50.25989457841531], [127.68741172737214, 50.25978883222962], [127.68726158698175, 50.26014689939772], [127.68727147271548, 50.25978724797179], [127.68698849149739, 50.25987399179718], [127.68699590728689, 50.25960425324674], [127.68671539911675, 50.25960108356673], [127.68670056425857, 50.26014056059392], [127.68641016070504, 50.260497041458244], [127.68669067410242, 50.26050021191563], [127.6868383476642, 50.26023205838637], [127.6869637713845, 50.260773120201975], [127.68794557438694, 50.260784209209135]], [[127.6868383476642, 50.26023205838637], [127.68698107559511, 50.260143730334235], [127.68697860360263, 50.26023364317694], [127.6868383476642, 50.26023205838637]], [[127.68739195781522, 50.260508135097865], [127.68752974360824, 50.26059963208353], [127.68738948656423, 50.2605980479497], [127.68739195781522, 50.260508135097865]], [[127.68795792536433, 50.260334644849486], [127.68809571176027, 50.26042614117132], [127.68795545519392, 50.26042455772439], [127.68795792536433, 50.260334644849486]], [[127.68880933759068, 50.25998449132778], [127.68880440050391, 50.26016431714824], [127.68852388884174, 50.26016115180742], [127.68852882698398, 50.25998132600702], [127.68880933759068, 50.25998449132778]], [[127.68698601954249, 50.25996390464436], [127.68712380299824, 50.260055402101365], [127.68698354757505, 50.260053817490046], [127.68698601954249, 50.25996390464436]]], [[[127.6897738580153, 50.26062495521172], [127.69019462982318, 50.26062969847565], [127.69034474988071, 50.26027162738735], [127.69005683877869, 50.26053820460969], [127.6897738580153, 50.26062495521172]]], [[[127.68640768760693, 50.2605869542749], [127.68626990402517, 50.26049545597573], [127.68626743066315, 50.26058536878736], [127.68640768760693, 50.2605869542749]]], [[[127.69075565907538, 50.260636020458556], [127.69033735282706, 50.260541366267965], [127.69033488711749, 50.260631279225194], [127.69075565907538, 50.260636020458556]]], [[[127.69033488711749, 50.260631279225194], [127.69004697375445, 50.260897856389576], [127.69018229976852, 50.26107926321442], [127.69089098707411, 50.26081742648133], [127.69033488711749, 50.260631279225194]]], [[[127.69593536838318, 50.2610540230652], [127.69580002045794, 50.26087262277003], [127.69579510953437, 50.261052449064294], [127.69593536838318, 50.2610540230652]]], [[[127.6897738580153, 50.26062495521172], [127.68906269945602, 50.26097669802104], [127.68905529497741, 50.261246436730545], [127.68947853951964, 50.261161269721306], [127.6897738580153, 50.26062495521172]]], [[[127.69088359296205, 50.26108716539532], [127.69060554089144, 50.260994092070796], [127.69060307564716, 50.261084005030625], [127.69088359296205, 50.26108716539532]]], [[[127.6967695608002, 50.26133320305207], [127.69705989271445, 50.260976695789275], [127.69677692173721, 50.26106346351705], [127.6967695608002, 50.26133320305207]]], [[[127.69018229976852, 50.26107926321442], [127.6897615240024, 50.26107451987528], [127.6897565903097, 50.261254345730286], [127.69003710853016, 50.26125750814566], [127.69018229976852, 50.26107926321442]]], [[[127.69215823308036, 50.260651813570774], [127.69173253456876, 50.26082690342407], [127.69131668852751, 50.26064233973401], [127.6911715028557, 50.2608205861391], [127.69144462774183, 50.261093484094125], [127.69200812532682, 50.26100988707554], [127.6917202189028, 50.26127646842356], [127.69184077457801, 50.261997351308736], [127.69212129739562, 50.26200050872768], [127.69215823308036, 50.260651813570774]]], [[[127.6967695608002, 50.26133320305207], [127.69620361254968, 50.261506736343854], [127.69619870303522, 50.261686562647256], [127.69704272080216, 50.26160608809713], [127.6967695608002, 50.26133320305207]]], [[[127.68736477336532, 50.26149717638627], [127.68708178212059, 50.261583920335895], [127.68707931019145, 50.261673833159826], [127.68735983057518, 50.26167700205573], [127.68736477336532, 50.26149717638627]]], [[[127.68764035100902, 50.261680170274744], [127.68750256192327, 50.261588673410834], [127.68750009078583, 50.26167858624984], [127.68764035100902, 50.261680170274744]]], [[[127.69563029269436, 50.26195000622635], [127.69549494345965, 50.26176860559252], [127.69549003123151, 50.26194843183708], [127.69563029269436, 50.26195000622635]]], [[[127.69366171420884, 50.26210777548592], [127.69408495851647, 50.26202259170717], [127.69409233479433, 50.26175285249244], [127.69366663334824, 50.26192794937724], [127.69366171420884, 50.26210777548592]]], [[[127.69465583578975, 50.2616692426686], [127.69436548173326, 50.26202574371096], [127.69393977881805, 50.26220084157717], [127.69464354727128, 50.26211880812643], [127.69465583578975, 50.2616692426686]]], [[[127.69534976978116, 50.261946857278595], [127.69519968162629, 50.2623049349822], [127.69562783682552, 50.26203991935139], [127.69534976978116, 50.261946857278595]]], [[[127.68987218283877, 50.26215505625859], [127.6897343880735, 50.26206356200425], [127.68973192109584, 50.26215347491614], [127.68987218283877, 50.26215505625859]]], [[[127.68903308086597, 50.262055652778756], [127.68875255807056, 50.26205248790399], [127.68890022507014, 50.261784331771686], [127.68861970388312, 50.261781166588584], [127.68831695608347, 50.26258721647064], [127.68803148979462, 50.26276387552739], [127.68902073925501, 50.26250521719793], [127.68903308086597, 50.262055652778756]]], [[[127.69112468160817, 50.26252893255877], [127.69141506283604, 50.26217243985675], [127.69113207473657, 50.26225919368609], [127.69112468160817, 50.26252893255877]]], [[[127.69533011825929, 50.262666162157444], [127.69561064539502, 50.26266931118511], [127.69576318731748, 50.26222131983206], [127.69533748767338, 50.262396422839025], [127.69533011825929, 50.262666162157444]]], [[[127.68760822851308, 50.262849037111906], [127.68776084591666, 50.26240105686938], [127.68704964606462, 50.26275278693108], [127.68677159200472, 50.26265970444164], [127.68662391030254, 50.26292785771469], [127.68592506549331, 50.26283001686039], [127.68634832949058, 50.26274486142836], [127.68593001388739, 50.26265019133013], [127.68594485876855, 50.262110714703695], [127.6869341055948, 50.261852074091415], [127.68692668886537, 50.262121812530296], [127.68763540922434, 50.261859995958375], [127.688053721433, 50.26195465990253], [127.6880660719049, 50.26150509561444], [127.6877855524515, 50.26150192843083], [127.68777814062254, 50.26177166697801], [127.68679631738844, 50.26176057639944], [127.68694152221141, 50.26158233563914], [127.68638542915963, 50.261396169557855], [127.68623527581612, 50.26175423520313], [127.68610243678344, 50.26148291111476], [127.68484010121739, 50.26146863213653], [127.68482772039769, 50.261918195846384], [127.68537391251516, 50.26246402037533], [127.68535411039339, 50.26318332232342], [127.6860603810929, 50.26301142834644], [127.68605543312633, 50.26319125387485], [127.68675428349027, 50.263289093982664], [127.6870471739726, 50.26284269973569], [127.68760822851308, 50.262849037111906]], [[127.68537391251516, 50.26246402037533], [127.68551664987022, 50.26237569422858], [127.68551417492536, 50.26246560698382], [127.68537391251516, 50.26246402037533]], [[127.68633843576904, 50.26310451253729], [127.6864811732997, 50.26301618521638], [127.68647870011442, 50.263106097996406], [127.68633843576904, 50.26310451253729]], [[127.68580954609752, 50.261929303079015], [127.68566433599662, 50.26210754237308], [127.68552407462948, 50.26210595595395], [127.68552902440625, 50.26192613043008], [127.68580954609752, 50.261929303079015]]], [[[127.69112221720708, 50.262618845513366], [127.69098441869714, 50.262527352719296], [127.69098195403211, 50.26261726566887], [127.69112221720708, 50.262618845513366]]], [[[127.6939250241927, 50.26274031991866], [127.69420555160707, 50.26274347234087], [127.69393977881805, 50.26220084157717], [127.69323600802497, 50.26228287074581], [127.6931006670189, 50.262101467396995], [127.69322370587497, 50.26273243590165], [127.69280291503398, 50.262727703460705], [127.69251007880933, 50.26317411264751], [127.69307606001739, 50.26300059765123], [127.6932114034131, 50.26318200102032], [127.69321632443527, 50.2630021749773], [127.6937773822315, 50.26300848258939], [127.6939250241927, 50.26274031991866]], [[127.69379213866473, 50.26246900430466], [127.69364203715251, 50.26282707986125], [127.69321878492764, 50.26291226195358], [127.69350915300645, 50.262555763938245], [127.6933738102029, 50.2623743609018], [127.69379213866473, 50.26246900430466]]], [[[127.68663627465865, 50.26247829375963], [127.68635574965008, 50.26247512308103], [127.68635080288962, 50.2626549486474], [127.68663132895381, 50.26265811934611], [127.68663627465865, 50.26247829375963]]], [[[127.69012064480691, 50.2633270863507], [127.69085648025579, 50.26207620796546], [127.69001491104406, 50.2620667245099], [127.68972452008781, 50.262423213642904], [127.68887553927172, 50.26268346056728], [127.68928398965333, 50.26313777164061], [127.68970725063133, 50.2630526039533], [127.69012064480691, 50.2633270863507]], [[127.68985491549229, 50.26278444663533], [127.68999024598276, 50.262965853662216], [127.68984998185215, 50.26296427244387], [127.68985491549229, 50.26278444663533]], [[127.69000011215735, 50.262606202019136], [127.69013790898383, 50.262697695966224], [127.68999764563246, 50.26269611493213], [127.69000011215735, 50.262606202019136]]], [[[127.69588626168687, 50.262852285780646], [127.69602407062452, 50.262943772837325], [127.69574108608873, 50.26303053790877], [127.69658267420331, 50.26303998003471], [127.69658758250763, 50.262860153745955], [127.69588626168687, 50.262852285780646]]], [[[127.69111235947769, 50.262978497316844], [127.69153807955065, 50.26280340996623], [127.69111728836737, 50.26279867141808], [127.69111235947769, 50.262978497316844]]], [[[127.69433352342773, 50.26319461361681], [127.69448362097909, 50.26283653715789], [127.69490687036111, 50.26275135043492], [127.69477152167674, 50.2625699489867], [127.69519476819312, 50.262484761188965], [127.69519968162629, 50.2623049349822], [127.69434827367661, 50.26265513522995], [127.6933393669172, 50.26363314329371], [127.69433352342773, 50.26319461361681]]], [[[127.69574108608873, 50.26303053790877], [127.69518985471011, 50.26266458738976], [127.69475923385487, 50.26301951439521], [127.69545318793293, 50.26329712848181], [127.69544827528142, 50.26347695467583], [127.69586907316682, 50.263481677590605], [127.69574108608873, 50.26303053790877]]], [[[127.69237720019103, 50.26290279548861], [127.6926724974128, 50.262366473600295], [127.69181860706864, 50.26280656815221], [127.6916684896967, 50.26316464101557], [127.69124523108431, 50.263249815864185], [127.69138056817269, 50.26343122130922], [127.6909622362621, 50.26333656921197], [127.69095730669464, 50.26351639508288], [127.69123783833538, 50.26351955470283], [127.69123044547403, 50.26378929352811], [127.69151344252003, 50.2637025395509], [127.69152329748215, 50.26334288773488], [127.69237720019103, 50.26290279548861]]], [[[127.69349439333143, 50.26309524215406], [127.6932114034131, 50.26318200102032], [127.69320894288333, 50.2632719140396], [127.69348947334, 50.263275068214114], [127.69349439333143, 50.26309524215406]]], [[[127.69082690103365, 50.26315516329134], [127.69110743053803, 50.263158323209666], [127.69098195403211, 50.26261726566887], [127.69010584645333, 50.26386656376513], [127.69052664687533, 50.263871306047534], [127.69039131183432, 50.26368989963706], [127.69081704089302, 50.263514815019064], [127.69082690103365, 50.26315516329134]]], [[[127.69629969008334, 50.26312674646848], [127.69657040322478, 50.263489545730586], [127.69698874796762, 50.26358417773348], [127.6969936548377, 50.26340435143261], [127.69629969008334, 50.26312674646848]]], [[[127.68605295912421, 50.263281166636816], [127.68563463944892, 50.263186495451684], [127.68562968984867, 50.26336632094395], [127.68605295912421, 50.263281166636816]]], [[[127.69264788211967, 50.26326560365981], [127.69207943355735, 50.26352902950113], [127.69207450816269, 50.263708855446225], [127.69264049728841, 50.26353534264867], [127.69264788211967, 50.26326560365981]]], [[[127.69404807544426, 50.26337128758015], [127.69432123121092, 50.26364417889834], [127.69446641398473, 50.26346592861821], [127.69404807544426, 50.26337128758015]]], [[[127.68717260635707, 50.26338376116012], [127.68689207596996, 50.263380591734794], [127.68688713107008, 50.263560417311645], [127.68716766251286, 50.263563586757066], [127.68717260635707, 50.26338376116012]]], [[[127.69320894288333, 50.2632719140396], [127.6924977694376, 50.26362367760394], [127.69249284560154, 50.26380350357611], [127.693056373518, 50.263719901747564], [127.69320894288333, 50.2632719140396]]], [[[127.69390043215309, 50.2636394503689], [127.69376262534941, 50.26354796082062], [127.69376016582542, 50.26363787385395], [127.69390043215309, 50.2636394503689]]], [[[127.68788134425766, 50.263121943279955], [127.68730792825303, 50.263565171225935], [127.68688465860134, 50.26365033009784], [127.6868772411199, 50.26392006844748], [127.6872930980032, 50.26410464801125], [127.68728815448634, 50.26428447359445], [127.68770895811635, 50.264289226106236], [127.68772131285556, 50.26383966206172], [127.68744325116712, 50.26374658113668], [127.68787146194784, 50.26348159458623], [127.68788134425766, 50.263121943279955]]], [[[127.68926918194867, 50.26367724889231], [127.68953737688636, 50.26412997697958], [127.68910916935093, 50.26439496966651], [127.68924450143994, 50.264576377526176], [127.6891017642376, 50.264664708221545], [127.68952257152313, 50.26466945419334], [127.68952750669422, 50.264489628461355], [127.6898080438914, 50.26449279157631], [127.689689980562, 50.26368199419083], [127.68998037960813, 50.26332550528152], [127.68970231638833, 50.26323242974289], [127.68955218179927, 50.263590499712286], [127.68899358660966, 50.26349425878925], [127.68900346047407, 50.26313460732231], [127.68858513602558, 50.26303994672026], [127.68873033819526, 50.26286170374141], [127.68830707724116, 50.26294686787287], [127.6882922586021, 50.2634863449316], [127.68772378376582, 50.263749749248355], [127.6882774395123, 50.264025821936784], [127.68842511548179, 50.26375766656595], [127.68884838344798, 50.2636725020707], [127.68926918194867, 50.26367724889231]], [[127.68899111811227, 50.26358417165227], [127.68857032047843, 50.263579423830315], [127.68857278976758, 50.26348951098236], [127.6888557897319, 50.26340276349669], [127.68899111811227, 50.26358417165227]], [[127.68858019755993, 50.26321977242957], [127.688717993382, 50.263311268043466], [127.68857772830835, 50.26330968528198], [127.68858019755993, 50.26321977242957]]], [[[127.6933393669172, 50.26363314329371], [127.693056373518, 50.263719901747564], [127.69262326557862, 50.26416473357067], [127.69318925819591, 50.26399121814029], [127.6933393669172, 50.26363314329371]]], [[[127.68631370058739, 50.26400364020555], [127.68660412668086, 50.26364715996544], [127.68604306299035, 50.26364081766984], [127.68519156516217, 50.26399095003795], [127.68631370058739, 50.26400364020555]]], [[[127.69404069849324, 50.263641026714616], [127.69318925819591, 50.26399121814029], [127.69318433689934, 50.264171044150594], [127.69388321698355, 50.26426884159562], [127.69431385573127, 50.26391391804942], [127.69404069849324, 50.263641026714616]], [[127.69375524674004, 50.263817699916174], [127.69389305429809, 50.26390918947499], [127.69375278717862, 50.26390761294504], [127.69375524674004, 50.263817699916174]]], [[[127.6969789340782, 50.263943830317345], [127.69600933915353, 50.26348325155707], [127.69613732990416, 50.26393439093818], [127.69556889223809, 50.264197833906614], [127.6959872411068, 50.26429246953638], [127.69597741942907, 50.264652121933], [127.69667385843078, 50.264839815790474], [127.69696421287097, 50.264483309148595], [127.69655567763996, 50.26402902451661], [127.6969789340782, 50.263943830317345]], [[127.69655567763996, 50.26402902451661], [127.69627759723541, 50.26393596459113], [127.6965581319352, 50.26393911138932], [127.69655567763996, 50.26402902451661]]], [[[127.68659670761586, 50.26391689828492], [127.68686982352564, 50.264189806783754], [127.68701503563575, 50.26401156606019], [127.68659670761586, 50.26391689828492]]], [[[127.68910670099234, 50.264484882519675], [127.68869083369135, 50.264300309377155], [127.68784922601805, 50.264290809938366], [127.68812235124061, 50.264563715548974], [127.68910670099234, 50.264484882519675]]], [[[127.68614869454031, 50.26490118199613], [127.68644902091305, 50.264185051240794], [127.68588547653445, 50.26426862088815], [127.68558266614306, 50.265074662823785], [127.68614869454031, 50.26490118199613]]], [[[127.69483314592775, 50.26544874238927], [127.69469533215977, 50.265357253920435], [127.69469287423402, 50.26544716695902], [127.69483314592775, 50.26544874238927]]], [[[127.69497096022363, 50.26554023069737], [127.69483314592775, 50.26544874238927], [127.69483068825352, 50.26553865543138], [127.69497096022363, 50.26554023069737]]], [[[127.69453785315302, 50.265985069529926], [127.69468304240652, 50.26580681909856], [127.69426468300014, 50.26571217871473], [127.6942622242327, 50.265802091732404], [127.69453785315302, 50.265985069529926]]], [[[127.69481594194649, 50.26607813365281], [127.69467812641801, 50.265986645159394], [127.69467566840505, 50.266076558187606], [127.69481594194649, 50.26607813365281]]], [[[127.69692004656225, 50.266101745321336], [127.69650167999646, 50.26600711294099], [127.69649922541501, 50.2660970260341], [127.69692004656225, 50.266101745321336]]], [[[127.69495375800285, 50.266169621985476], [127.69481594194649, 50.26607813365281], [127.69481348418502, 50.26616804668452], [127.69495375800285, 50.266169621985476]]], [[[127.69467566840505, 50.266076558187606], [127.6943951213596, 50.26607340674943], [127.69439020424046, 50.26625323278135], [127.69453047828489, 50.26625480859505], [127.69467566840505, 50.266076558187606]]], [[[127.68682216112634, 50.271024758728586], [127.68566520432678, 50.27227084884234], [127.68565530211805, 50.27263049926023], [127.68522699615792, 50.2728954764968], [127.68507184287263, 50.27343336473912], [127.68549767864346, 50.2732583007297], [127.68675537909948, 50.27345240023629], [127.68719357262988, 50.272827766761054], [127.68747168637911, 50.2729208485509], [127.68746426977624, 50.27319058653144], [127.68774732954938, 50.27310384235245], [127.68775721616552, 50.272744191662596], [127.68833568091242, 50.272121137605026], [127.68933746647721, 50.27141291484852], [127.68920458391582, 50.27114159440029], [127.68992329640844, 50.27052011414166], [127.69007591803755, 50.27007213145959], [127.68979534803206, 50.270068968738215], [127.68949750117635, 50.2706951947654], [127.68894129245494, 50.27050904029413], [127.6895147780766, 50.270065805339755], [127.68852784373584, 50.270234553600496], [127.68895116916872, 50.27014938927108], [127.6889585765726, 50.26987965098819], [127.68782394557991, 50.27031654888377], [127.68767377366031, 50.27067461571469], [127.68796176016033, 50.27040804543381], [127.68838014761407, 50.27050270865723], [127.68795187590355, 50.27076769629843], [127.688087221174, 50.27094910541787], [127.68780417485394, 50.27103585056089], [127.68779676062493, 50.271305588665285], [127.68739072824509, 50.270761359861595], [127.68682216112634, 50.271024758728586]], [[127.687474158555, 50.27283093588775], [127.6874840471332, 50.272471285220256], [127.68776463099603, 50.272474453629606], [127.687474158555, 50.27283093588775]], [[127.68894129245494, 50.27050904029413], [127.68879853675216, 50.270597370385836], [127.68880100622593, 50.270507457638814], [127.68894129245494, 50.27050904029413]], [[127.68880100622593, 50.270507457638814], [127.68852290379479, 50.2704143790819], [127.6888034756872, 50.27041754489031], [127.68880100622593, 50.270507457638814]], [[127.68765400042109, 50.271393917304025], [127.68750876770129, 50.27157215844743], [127.686807321466, 50.27156423471289], [127.6869575027889, 50.271206169128], [127.68765400042109, 50.271393917304025]], [[127.6855001545664, 50.27316838814289], [127.6855051063746, 50.272988562964834], [127.68578321768521, 50.27308164877437], [127.68578074230294, 50.27317156137272], [127.6855001545664, 50.27316838814289]], [[127.6856453997085, 50.27299014965433], [127.68578816841209, 50.272901823573214], [127.68578569305492, 50.27299173617454], [127.6856453997085, 50.27299014965433]], [[127.68593093658754, 50.272813497311255], [127.68579311908874, 50.272721998366094], [127.68593341165555, 50.27272358470192], [127.68593093658754, 50.272813497311255]], [[127.68594083678424, 50.272453846865005], [127.68622142037115, 50.27245701899861], [127.6860737042349, 50.27272517086845], [127.68593341165555, 50.27272358470192], [127.68594083678424, 50.272453846865005]], [[127.68650942585539, 50.2721904525444], [127.68638150563731, 50.27173930372686], [127.6868048481454, 50.27165414737174], [127.68679495473755, 50.27201379799225], [127.68650942585539, 50.2721904525444]], [[127.68792222193045, 50.27184664874946], [127.6883381513912, 50.27203122489834], [127.68791480815524, 50.27211638682877], [127.68792222193045, 50.27184664874946]], [[127.68820774356972, 50.27166999065905], [127.6883455627524, 50.27176148676937], [127.68820527287701, 50.271759903366664], [127.68820774356972, 50.27166999065905]], [[127.68849079295707, 50.271583244566024], [127.68849820333824, 50.271313506399686], [127.68877878051127, 50.2713166723085], [127.68877137171432, 50.27158641050497], [127.68849079295707, 50.271583244566024]], [[127.68877878051127, 50.2713166723085], [127.68892153842646, 50.27122834226884], [127.68891906911655, 50.27131825500899], [127.68877878051127, 50.2713166723085]], [[127.68892153842646, 50.27122834226884], [127.68906429581358, 50.27114001204839], [127.68906182678023, 50.27122992479504], [127.68892153842646, 50.27122834226884]], [[127.68893388478816, 50.27077877854581], [127.6890667648344, 50.27105009930025], [127.6889264770087, 50.27104851678408], [127.68893388478816, 50.27077877854581]], [[127.68823492036289, 50.27068095077723], [127.68837026647553, 50.270862359576164], [127.68822997924052, 50.27086077622368], [127.68823492036289, 50.27068095077723]]], [[[127.68702113012313, 50.273995046252764], [127.6874617975502, 50.273280499188644], [127.68718120898444, 50.273277330011695], [127.68717379064672, 50.273547067944236], [127.68674795830991, 50.27372213811465], [127.68673064269524, 50.274351526445464], [127.68715400786112, 50.27426636903223], [127.68702113012313, 50.273995046252764]]], [[[127.68624788424096, 50.27659458420076], [127.68655818266595, 50.27551880481904], [127.68628005569879, 50.27542572077935], [127.68628747958019, 50.27515598303102], [127.68657055316066, 50.275069241854865], [127.68672816898584, 50.2744414390582], [127.68644757367952, 50.27443826805761], [127.68643520230343, 50.2748878310487], [127.68600688012376, 50.27515281093416], [127.68613728025566, 50.275514047375246], [127.68584925230266, 50.27578061258475], [127.68611748047323, 50.276233347919884], [127.6858244967904, 50.2766797381054], [127.68624788424096, 50.27659458420076]]], [[[127.68542587141668, 50.27586576509979], [127.68528804619586, 50.27577426554132], [127.6852855696447, 50.27586417807995], [127.68542587141668, 50.27586576509979]]], [[[127.68805149228035, 50.28246108895428], [127.68819428525467, 50.282372760244726], [127.68791364315827, 50.282369592423166], [127.68790622656847, 50.282639330010625], [127.68706676961891, 50.28253990989371], [127.68691407771803, 50.28298788715031], [127.68718730252148, 50.28326079489392], [127.68803171647016, 50.283180389186064], [127.688039132493, 50.28291065161029], [127.68831977778494, 50.28291381915344], [127.68805149228035, 50.28246108895428]]], [[[127.6888588343799, 50.28372936516595], [127.68971066074855, 50.28337920962847], [127.68957527491513, 50.283197802456414], [127.68859053929891, 50.28327663619763], [127.68831483483912, 50.283093644225545], [127.68858312629625, 50.28354637381581], [127.68900409995186, 50.2835511229498], [127.6888588343799, 50.28372936516595]], [[127.68928721881056, 50.28346437562936], [127.68900657017262, 50.28346121039683], [127.68900904038085, 50.283371297842365], [127.68929215815763, 50.28328455049887], [127.68928721881056, 50.28346437562936]]], [[[127.68857818423182, 50.28372619888717], [127.68816709635303, 50.2833617981105], [127.68815968093479, 50.28363153567903], [127.68857818423182, 50.28372619888717]]], [[[127.68505108608761, 50.32002217777522], [127.68491313554205, 50.31993067746043], [127.6849106544035, 50.32002058929896], [127.68505108608761, 50.32002217777522]]], [[[127.68561281294998, 50.320028529984555], [127.6853344298379, 50.31993544236537], [127.68533194949362, 50.32002535421903], [127.68561281294998, 50.320028529984555]]], [[[127.6861745400137, 50.3200348794808], [127.68589615574189, 50.31994179319801], [127.68589367645667, 50.32003170507182], [127.6861745400137, 50.3200348794808]]], [[[127.68561281294998, 50.320028529984555], [127.68589119715888, 50.320121616944135], [127.68589367645667, 50.32003170507182], [127.68561281294998, 50.320028529984555]]], [[[127.68546990112343, 50.32011685404378], [127.68433899887661, 50.320373880956865], [127.68518159522236, 50.320383413461514], [127.68546990112343, 50.32011685404378]]], [[[127.6896680334109, 50.320703886389005], [127.68953007194783, 50.32061239147921], [127.68952759945864, 50.320702303473375], [127.6896680334109, 50.320703886389005]]], [[[127.69146404956615, 50.32180339351809], [127.69132608147098, 50.32171190070516], [127.69132361227351, 50.321801812746735], [127.69146404956615, 50.32180339351809]]], [[[127.69536183627191, 50.32310635672532], [127.69508341580699, 50.32301329221355], [127.69508095358397, 50.323103204369545], [127.69536183627191, 50.32310635672532]]], [[[127.69392283464188, 50.33460248308833], [127.69507373188684, 50.333626069889725], [127.69408303064542, 50.33388476544146], [127.69393516158173, 50.33415292339464], [127.69365667981, 50.334059855160696], [127.69364928213128, 50.33432959095579], [127.69293950880413, 50.33459143289145], [127.69293210692535, 50.33486116858464], [127.69392283464188, 50.33460248308833]], [[127.69307998388625, 50.33459301199998], [127.6933584676026, 50.33468608162231], [127.69307751687082, 50.33468292390421], [127.69307998388625, 50.33459301199998]]], [[[127.68962681160859, 50.439602762476504], [127.68948850917498, 50.43951126667672], [127.69020236184451, 50.43915955252742], [127.69062471442932, 50.439164306351245], [127.69048889238792, 50.43898290153685], [127.69077045974942, 50.438986070221766], [127.69078286227851, 50.43853651920363], [127.69232899145969, 50.438643844780756], [127.69206972823474, 50.43783148756219], [127.69079278407474, 50.43817687836238], [127.69064207992417, 50.438534934971464], [127.68979242135774, 50.43870524634387], [127.68978497420493, 50.43897497684462], [127.68950837286742, 50.43879198546354], [127.68879452071559, 50.43914369537952], [127.68920942238087, 50.43941818472991], [127.68920197172639, 50.43968791513459], [127.68836222814618, 50.43949857534812], [127.68792992909096, 50.43985345363944], [127.68890549552899, 50.44022420333166], [127.68962681160859, 50.439602762476504]], [[127.68835477265576, 50.439768305657665], [127.68863385978088, 50.43986138965205], [127.688352287467, 50.43985821575787], [127.68835477265576, 50.439768305657665]]], [[[127.68990374718102, 50.455075216219086], [127.68977533495816, 50.45462408096216], [127.69048196779225, 50.45454209753121], [127.69049686228882, 50.454002637816956], [127.68965189308298, 50.45399312569779], [127.6896345049213, 50.454622495147774], [127.68935036027827, 50.4547092329133], [127.68948373745955, 50.4549805487959], [127.68920207531471, 50.45497737627496], [127.68904136237651, 50.455695068832455], [127.68947379981987, 50.455340188405], [127.68933793705266, 50.455158782418074], [127.68990374718102, 50.455075216219086]]], [[[127.68970826773854, 50.4570516482947], [127.68943901648862, 50.456598926849665], [127.68958978966262, 50.456240873399175], [127.68931060484411, 50.45614779119781], [127.68900159617992, 50.45713362669424], [127.69012829618859, 50.45714631501891], [127.68970826773854, 50.4570516482947]]], [[[127.7049397553642, 50.146209491342134], [127.70536923524477, 50.14585451090021], [127.70552614797487, 50.14522666373943], [127.70539593725347, 50.144865442740056], [127.70497860752899, 50.14477084701855], [127.70484597373543, 50.14449954070155], [127.70331659906539, 50.144122703554395], [127.70232258156294, 50.14465125391402], [127.70245763432814, 50.14483264780739], [127.70329958021048, 50.1447521101499], [127.70314993496794, 50.14511020850797], [127.70342734370296, 50.14520324860236], [127.70342005032552, 50.14547299425642], [127.7041123658194, 50.145750549304545], [127.70410021631443, 50.1462001254664], [127.70381550912606, 50.146376832594086], [127.70393599062855, 50.14709771606], [127.70492032810235, 50.146928813361306], [127.7049397553642, 50.146209491342134]], [[127.70386897672572, 50.144398697487205], [127.70400646464765, 50.1444901743786], [127.70386654650939, 50.14448861273494], [127.70386897672572, 50.144398697487205]]], [[[127.69978306082974, 50.15055904221209], [127.69979037597979, 50.15028929718402], [127.69937057154328, 50.15028459611747], [127.69922331845873, 50.15055277372663], [127.69880107156628, 50.15063798556427], [127.69877666844923, 50.1515371351986], [127.6990541054506, 50.15163018586433], [127.69889220514213, 50.15243785266853], [127.69916476808291, 50.15271073299273], [127.69958947162183, 50.152535605031346], [127.69957727678958, 50.15298517986007], [127.70041693313, 50.15299457934707], [127.7003876831591, 50.15407355914187], [127.70009560073265, 50.154520001336394], [127.70176035767601, 50.155078277232434], [127.702303114896, 50.155713939051765], [127.70383041813486, 50.15618070669398], [127.70381826149656, 50.156630281994076], [127.70325358251071, 50.15680386247905], [127.70337164652429, 50.15761466042424], [127.70307956954733, 50.15806110990577], [127.70335948496624, 50.158064235531185], [127.70348971427563, 50.15842545816962], [127.70404954950827, 50.158431706801956], [127.70462882478655, 50.157718632238755], [127.70449858868835, 50.15735741078281], [127.70479064810374, 50.15691095754306], [127.70563037492994, 50.15692031987063], [127.70563765882905, 50.156650574515446], [127.70508755993488, 50.15628467328224], [127.7051069911268, 50.155565352380435], [127.70538932051774, 50.155478557878624], [127.70513370773129, 50.15457628598522], [127.70389362769598, 50.15384291453473], [127.7039033515057, 50.15348325411339], [127.70321092642303, 50.15320569731981], [127.70223132200482, 50.15319475419284], [127.70269738195337, 50.151491058552004], [127.70118241762073, 50.15057470162646], [127.70119946777407, 50.14994529619277], [127.70176650736947, 50.149681809832295], [127.7016338787607, 50.14941050010704], [127.70050954632156, 50.149577808584965], [127.70064216898851, 50.14984911954061], [127.70092203620008, 50.14985225066985], [127.70090254616389, 50.15057157109208], [127.70062023792185, 50.15065835491959], [127.70035011540119, 50.15029556291293], [127.70007024566581, 50.1502924303856], [127.69978306082974, 50.15055904221209]], [[127.70061536421586, 50.150838184987485], [127.70033549128412, 50.15083505307483], [127.70034036603914, 50.150655223026796], [127.70062023792185, 50.15065835491959], [127.70061536421586, 50.150838184987485]], [[127.70135157868525, 50.149497285793245], [127.70148907618442, 50.14958876566329], [127.7013491433099, 50.14958720087205], [127.70135157868525, 50.149497285793245]]], [[[127.71145069876283, 50.153927011645195], [127.71075580468278, 50.153739414835485], [127.70990887279416, 50.15399983593597], [127.7097616666086, 50.15426802710844], [127.7107340412904, 50.15454865290062], [127.71171850937725, 50.15437969378752], [127.71145069876283, 50.153927011645195]]], [[[127.71377670935361, 50.15593152451735], [127.71393354764795, 50.155303666467866], [127.7133809866769, 50.15502771950057], [127.71337133343191, 50.155387381168424], [127.71294906797955, 50.15547264424636], [127.7127946306973, 50.15601058546108], [127.71193800482396, 50.15663068249449], [127.71305522325815, 50.1567330106854], [127.71306005132085, 50.15655317991864], [127.71333995903626, 50.15655628142489], [127.71335202635578, 50.15610670443287], [127.71377670935361, 50.15593152451735]]], [[[127.7151934299721, 50.1657508912761], [127.7154878530861, 50.165214496063605], [127.71492552484705, 50.165298217272344], [127.71284274011452, 50.16464555854393], [127.7120004588626, 50.16472616254413], [127.7112884805156, 50.16516797449074], [127.71155876802882, 50.16553074143153], [127.71267377720203, 50.16572298994456], [127.71350159110038, 50.16618187273147], [127.7151934299721, 50.1657508912761]]], [[[127.71120142172447, 50.168404920304695], [127.71036391192081, 50.16830568160615], [127.70937430832721, 50.168654456718464], [127.70936219832588, 50.169104032031214], [127.71187477361596, 50.169401751990215], [127.71132690031709, 50.168945964457905], [127.71120142172447, 50.168404920304695]]], [[[127.71291499478144, 50.17238136789885], [127.7129367350934, 50.17157213163794], [127.71335431349564, 50.17166670025612], [127.71350155493774, 50.17139850557457], [127.71310571519109, 50.17049470103183], [127.71267848376496, 50.17075979219695], [127.71281364768396, 50.170941174118695], [127.71224641403909, 50.171204712001234], [127.71237432779849, 50.17165583979283], [127.71179983013249, 50.17218912071155], [127.71179257691321, 50.17245886599597], [127.71136773916759, 50.17263403697684], [127.71178532358378, 50.17272861126702], [127.71191807195402, 50.17299990927411], [127.71247807931557, 50.17300611858475], [127.71291499478144, 50.17238136789885]]], [[[127.71620054369684, 50.18042255335004], [127.71719515994737, 50.179893891921324], [127.71720238465531, 50.17962414641259], [127.71748483529576, 50.179537323780124], [127.7172120174286, 50.179264485713524], [127.71722405812085, 50.17881490980629], [127.7166663909679, 50.178718807691936], [127.71598317009384, 50.17808166420105], [127.71514548092006, 50.17798245876647], [127.71543033685333, 50.17780572592924], [127.7143150357766, 50.17761350201765], [127.71431986268284, 50.177433671811905], [127.71362703252065, 50.1771561751107], [127.71264935098213, 50.17705540103984], [127.71278453210861, 50.17723678293918], [127.7125020868066, 50.177323594213746], [127.71222689257776, 50.17714065969374], [127.71223656185593, 50.1767809995416], [127.71167409207192, 50.176864703749956], [127.71166441854243, 50.177224363817395], [127.71207720812617, 50.17749876733277], [127.71193235729977, 50.17767704471029], [127.71220997086984, 50.177770064902816], [127.71247308380747, 50.17840257461008], [127.71496445519264, 50.17950946662157], [127.71480995794478, 50.18004740791118], [127.71563321511297, 50.180686106630986], [127.71619331314297, 50.18069229871572], [127.71620054369684, 50.18042255335004]]], [[[127.71985380924417, 50.18522978541091], [127.72071805825864, 50.18433989046119], [127.71988986364931, 50.18388105757763], [127.71918969351941, 50.18387333897389], [127.71904003898351, 50.18423145541759], [127.71875996893908, 50.18422836641807], [127.71917045433376, 50.18459266033078], [127.71929365735015, 50.18522361057184], [127.71985380924417, 50.18522978541091]]], [[[127.71477625017253, 50.18652283949994], [127.7145106502973, 50.18598025027726], [127.7138225264376, 50.18552292423287], [127.71227726747092, 50.185685686694036], [127.71226759544757, 50.18604534629767], [127.71297021214333, 50.18596319193973], [127.71309575304575, 50.18650423308849], [127.71337583577792, 50.18650733584484], [127.71322371299271, 50.186955359157274], [127.71462414040471, 50.186970864745916], [127.71477625017253, 50.18652283949994]], [[127.71350862992801, 50.186778631767545], [127.71364625660661, 50.18687009767303], [127.71350621415877, 50.186868546697134], [127.71350862992801, 50.186778631767545]]], [[[127.70273508758298, 50.19664233494205], [127.70300548311675, 50.197005120740805], [127.70412118705842, 50.19719745578196], [127.70412848986166, 50.196927712467854], [127.70370827587445, 50.196923023936534], [127.7035755104176, 50.196651717487065], [127.70273508758298, 50.19664233494205]]], [[[127.71988208403289, 50.19989057142819], [127.71917686728244, 50.20006268084996], [127.71944500121575, 50.200515344193526], [127.719865249336, 50.200519976046294], [127.71988208403289, 50.19989057142819]]], [[[127.71529097177631, 50.209103853118776], [127.71558808329965, 50.20847754896273], [127.71658329509519, 50.207948899816756], [127.71659053043693, 50.20767915568217], [127.71617987009799, 50.207314852698836], [127.71620158212734, 50.20650562029408], [127.71481748716468, 50.20586072664851], [127.71483197657233, 50.20532123854426], [127.71371120495043, 50.20530883415514], [127.71358561172558, 50.20476779495429], [127.71234169528677, 50.204124423543824], [127.71191899652149, 50.20420967884036], [127.71192625719205, 50.20393993502466], [127.71151324327879, 50.20366553044234], [127.71066784956685, 50.20383603350826], [127.71065331398431, 50.20437552086913], [127.71093107890206, 50.20446854487706], [127.71104937548954, 50.20527933041103], [127.71146240046784, 50.20555373665483], [127.71158312946322, 50.20627460703115], [127.71324739416043, 50.20692264290155], [127.71337540653766, 50.20737376768104], [127.71433679597588, 50.20810394233824], [127.71431505118244, 50.208913173927854], [127.71472571069047, 50.209277483401536], [127.71529097177631, 50.209103853118776]]], [[[127.7131482467373, 50.21060914056964], [127.71232935565753, 50.20979059468627], [127.71231725575687, 50.210240167321054], [127.71273274963758, 50.21042465467891], [127.71258779927388, 50.21060293113367], [127.71299845977873, 50.210967246619845], [127.7131482467373, 50.21060914056964]]], [[[127.71296943337958, 50.212046220944806], [127.71366759634537, 50.2121438947193], [127.71367726679348, 50.21178423654224], [127.71242348885917, 50.2115005235005], [127.7124138090842, 50.21186018151819], [127.71297427123528, 50.211866391905495], [127.71296943337958, 50.212046220944806]]], [[[127.71931609594226, 50.21580394983983], [127.71959875765222, 50.21571712420585], [127.71934498307512, 50.214724973534864], [127.71823121702454, 50.21444286701611], [127.71792446190096, 50.21542883585536], [127.71819989565265, 50.215611757551805], [127.71817580088609, 50.21651090394712], [127.7191542996353, 50.216611637100996], [127.71931609594226, 50.21580394983983]]], [[[127.7076896480937, 50.22071191385957], [127.70769936642569, 50.220352257061215], [127.70938832797343, 50.220101207820335], [127.70939803332321, 50.219741550743315], [127.7088374796963, 50.219735322401434], [127.7085669144284, 50.21937255023438], [127.70713394476965, 50.22052584883275], [127.70711936073106, 50.22106533388491], [127.70739478473182, 50.22124828095612], [127.70837578417864, 50.22125919119643], [127.7082453557782, 50.22089797625584], [127.7076896480937, 50.22071191385957]]], [[[127.69865280689706, 50.22825604704396], [127.69853711861701, 50.227355339458036], [127.69825679836225, 50.22735219908496], [127.69855425002918, 50.22672594304741], [127.6982861724465, 50.22627323388452], [127.69843856676498, 50.22582523517425], [127.69816315139963, 50.22564226707331], [127.69815825548983, 50.22582209463242], [127.69759518406137, 50.22590572527808], [127.69771085158813, 50.22680643385665], [127.69798137501536, 50.227169230537186], [127.69795444168078, 50.22815828170606], [127.69833821127864, 50.22951169923441], [127.69889398335873, 50.22969780659734], [127.69892823902576, 50.22843901403514], [127.69865280689706, 50.22825604704396]]], [[[127.70752193731002, 50.242475785279844], [127.7077926220999, 50.242838559415596], [127.7084985124931, 50.242666525539434], [127.70837288813529, 50.24212548381021], [127.70752193731002, 50.242475785279844]], [[127.70836316736957, 50.24248513934924], [127.708220531843, 50.24257349463656], [127.70822296232885, 50.24248358076045], [127.70836316736957, 50.24248513934924]]], [[[127.69829714477324, 50.25676334729348], [127.69801665202039, 50.25676020501582], [127.69802155383448, 50.25658037842928], [127.6974605705885, 50.25657409188353], [127.6984226901768, 50.2573043979922], [127.69870563583872, 50.25721762600593], [127.69829714477324, 50.25676334729348]]], [[[127.69835653018168, 50.25973205649178], [127.69765035105657, 50.259904026015015], [127.69763809149073, 50.2603535921455], [127.69833692548104, 50.260451362505854], [127.69820647177326, 50.26009013844132], [127.69848943441815, 50.26000336715338], [127.69820892261849, 50.2600002251938], [127.69835653018168, 50.25973205649178]]], [[[127.6986149898286, 50.26054441743187], [127.69833692548104, 50.260451362505854], [127.69833447483758, 50.26054127575093], [127.6986149898286, 50.26054441743187]]], [[[127.69902841436159, 50.260818868485195], [127.69889060565616, 50.2607273849615], [127.69888815603095, 50.26081729822204], [127.69902841436159, 50.260818868485195]]], [[[127.7019591789928, 50.26139128511092], [127.70168354748756, 50.26120832475915], [127.70167865865625, 50.261388151462896], [127.7019591789928, 50.26139128511092]]], [[[127.69705498651598, 50.261156522170374], [127.69718788714133, 50.261427834228776], [127.69747821654101, 50.26107132590675], [127.69705498651598, 50.261156522170374]]], [[[127.69928199307164, 50.261811054436066], [127.69914418104734, 50.26171957120243], [127.69886365909582, 50.26171643074572], [127.6989990210571, 50.261897827555565], [127.69928199307164, 50.261811054436066]]], [[[127.6973134312191, 50.26196888569819], [127.69717807550148, 50.261787486975265], [127.69717316960696, 50.26196731333958], [127.6973134312191, 50.26196888569819]]], [[[127.69969298408323, 50.26217541644064], [127.69955517022404, 50.26208393368575], [127.69955272173209, 50.26217384694891], [127.69969298408323, 50.26217541644064]]], [[[127.69884896033861, 50.262255910188635], [127.69857333596094, 50.26207294254017], [127.6985684352699, 50.26225276899527], [127.69884896033861, 50.262255910188635]]], [[[127.69982835048128, 50.26235681230491], [127.69969298408323, 50.26217541644064], [127.69968808758989, 50.26235524297244], [127.69982835048128, 50.26235681230491]]], [[[127.69968319104687, 50.262535069498306], [127.69940266424571, 50.262531930305784], [127.6993977665974, 50.2627117568058], [127.69967829445422, 50.262714896018224], [127.69968319104687, 50.262535069498306]]], [[[127.70078328269209, 50.26335683915032], [127.70064546335274, 50.263265357664075], [127.70064301681077, 50.26335527094773], [127.70078328269209, 50.26335683915032]]], [[[127.6956526710888, 50.266267409011775], [127.69438528707146, 50.266433058807344], [127.6939816788458, 50.26579893930872], [127.69328031559678, 50.26579105528773], [127.69356824108323, 50.265524470421425], [127.69412686958334, 50.26562068957838], [127.6933000001686, 50.26507175138486], [127.69301945917952, 50.26506859667178], [127.69301453705565, 50.26524842263641], [127.69342796923776, 50.265522893462986], [127.69300715377621, 50.265518161572196], [127.69299484806093, 50.265967726435456], [127.69229840757212, 50.26578001055001], [127.69201786253458, 50.26577685338746], [127.69215320955607, 50.26595825793413], [127.6913115715007, 50.26594878333993], [127.69226146913144, 50.267128704586014], [127.69296777438929, 50.26695676900379], [127.6928225751944, 50.267135017180486], [127.69310312830073, 50.267138172462204], [127.69607103818511, 50.26636204444912], [127.69635649686631, 50.26618536568649], [127.69622604333652, 50.26582413974252], [127.69706768084234, 50.26583357873492], [127.69692250035182, 50.26601183221325], [127.69734086782145, 50.266106463085336], [127.69860578289244, 50.26603069407], [127.69932919430667, 50.26522932718184], [127.69975000828089, 50.2652340361648], [127.69976225008752, 50.264784470036986], [127.70061855070904, 50.26425440370248], [127.70091376440537, 50.263718060343166], [127.7019078543556, 50.2632794653502], [127.70221282153246, 50.26238346506506], [127.70279097093318, 50.261760335542284], [127.7019591789928, 50.26139128511092], [127.70208966453514, 50.26175250513038], [127.70110539055882, 50.261831448770145], [127.70097246651197, 50.26156014102957], [127.70154573252663, 50.261116844342126], [127.7008566656386, 50.260659439845526], [127.70057370327643, 50.2607462168913], [127.70084932784616, 50.26092917983617], [127.70042855161581, 50.260924475123595], [127.70043589178324, 50.26065473517774], [127.69988709879165, 50.26019889341164], [127.69946388065982, 50.26028409855432], [127.69959924095699, 50.260465494694984], [127.69862234013851, 50.26027467766231], [127.69889550486931, 50.26054755843596], [127.6986149898286, 50.26054441743187], [127.6986100895599, 50.26072424393749], [127.69917601995974, 50.260550698763176], [127.69930893106012, 50.26082200850385], [127.69902841436159, 50.260818868485195], [127.6990186167921, 50.26117852153242], [127.69858558747114, 50.26162337637643], [127.69900881902396, 50.261538174555874], [127.69915887619072, 50.26118009164628], [127.69957965446105, 50.26118480097254], [127.69944674084591, 50.260913491538325], [127.69972970620101, 50.26082671726272], [127.69957230932027, 50.2614545408021], [127.6991515286749, 50.261449831431044], [127.69914418104734, 50.26171957120243], [127.69928444204174, 50.26172114117695], [127.69928199307164, 50.261811054436066], [127.69942225434234, 50.26181262424634], [127.69927709509417, 50.261990880949895], [127.69969788052697, 50.26199558990291], [127.69996861338505, 50.26235838146814], [127.70025403361196, 50.26218169271532], [127.7009528999367, 50.26227944756251], [127.70080040637787, 50.262727446098786], [127.70107848880704, 50.2628204952341], [127.70092844060163, 50.26317858059498], [127.70120652589671, 50.26327162943912], [127.70092599459991, 50.26326849389007], [127.70077349745596, 50.26371649228993], [127.7002001926794, 50.264159784676224], [127.69964156842674, 50.264063594728164], [127.69951599286298, 50.2635225457179], [127.70064057025641, 50.26344518422988], [127.7005100913223, 50.26308396273544], [127.7007930677298, 50.262997185986926], [127.70037227329014, 50.26299248093117], [127.7002393503168, 50.26272117241234], [127.69953313334946, 50.26289315300064], [127.69911968814843, 50.26261870367714], [127.69912948545701, 50.26225905070509], [127.69827810660848, 50.26260927997752], [127.69786712281555, 50.26224491305043], [127.69787447779204, 50.261975173440305], [127.6973134312191, 50.26196888569819], [127.69687301812193, 50.26268347343281], [127.69714373319523, 50.263046271400746], [127.6969936548377, 50.26340435143261], [127.69741199970491, 50.263498981913884], [127.69755717056226, 50.263320727675065], [127.6975449086345, 50.263770293523216], [127.69740954705543, 50.26358889507853], [127.69698629451393, 50.263674090881665], [127.69754245621166, 50.2638602066884], [127.69753755132865, 50.26404003301428], [127.69796080618053, 50.26395483522616], [127.69795590285628, 50.26413466157899], [127.69823643891026, 50.26413780433547], [127.69794854777665, 50.264404401097096], [127.69822173180641, 50.2646772834181], [127.69780582699447, 50.26449274261479], [127.69779356689797, 50.264942308416224], [127.69695194485615, 50.264932874800415], [127.69652131620003, 50.26528780814262], [127.69597005304007, 50.26492186121483], [127.69499307646763, 50.26473101321994], [127.69458455804649, 50.26427672180681], [127.69388321698355, 50.26426884159562], [127.69387583886672, 50.2645385806705], [127.6935928410201, 50.264625340383354], [127.69428926998896, 50.2648130484564], [127.69441478933761, 50.26535410256221], [127.69483806123883, 50.265268916300606], [127.69539423282718, 50.265455042417784], [127.69511123220622, 50.26554180579412], [127.69523430567591, 50.26617277207968], [127.6956526710888, 50.266267409011775]], [[127.69240667038822, 50.26695045712636], [127.69213104422833, 50.266767474324055], [127.6921384327833, 50.2664977355408], [127.69255187055167, 50.26677220947148], [127.69240667038822, 50.26695045712636]], [[127.69297023569456, 50.26686685605045], [127.69325570875925, 50.26669018503254], [127.69367653459018, 50.26669491610291], [127.69367161465678, 50.26687474206403], [127.69297023569456, 50.26686685605045]], [[127.6994817100651, 50.264781330934035], [127.69948660775663, 50.26460150449241], [127.69976714672327, 50.26460464357544], [127.69976225008752, 50.264784470036986], [127.6994817100651, 50.264781330934035]], [[127.70126765902413, 50.26102379636794], [127.70112250907435, 50.261202055472225], [127.70098714092268, 50.261020661067484], [127.70126765902413, 50.26102379636794]], [[127.69958944780831, 50.260825147845644], [127.69945163799768, 50.26073366497891], [127.69959189611409, 50.26073523456021], [127.69958944780831, 50.260825147845644]], [[127.69822173180641, 50.2646772834181], [127.69835955047216, 50.26476876775261], [127.69821928057894, 50.26476719659335], [127.69822173180641, 50.2646772834181]], [[127.69539177620877, 50.26554495547989], [127.69580768061553, 50.26572950488888], [127.6953893195779, 50.265634868540495], [127.69539177620877, 50.26554495547989]], [[127.6956649519149, 50.26581784369599], [127.69608331511402, 50.26591247906586], [127.69566003962183, 50.26599766982676], [127.6956649519149, 50.26581784369599]], [[127.69269460782603, 50.26668387456917], [127.69283242149632, 50.266775365390174], [127.69269214601775, 50.266773787515454], [127.69269460782603, 50.26668387456917]], [[127.69410227883303, 50.266519819652956], [127.69424009476477, 50.26661130882443], [127.69409981968941, 50.26660973265223], [127.69410227883303, 50.266519819652956]], [[127.69438282846826, 50.26652297181811], [127.69452064495289, 50.26661446066109], [127.6943803698526, 50.26661288482738], [127.69438282846826, 50.26652297181811]], [[127.69201047348743, 50.26604659219137], [127.6918652735737, 50.26622483919303], [127.69172499976632, 50.2662232601636], [127.69172992691607, 50.266043434321794], [127.69201047348743, 50.26604659219137]], [[127.69369867367304, 50.26588569920423], [127.69383648701503, 50.26597718884387], [127.69369621382482, 50.26597561219892], [127.69369867367304, 50.26588569920423]], [[127.69833749124126, 50.26557798630773], [127.69847531269862, 50.26566947051294], [127.69833504015347, 50.265667899473094], [127.69833749124126, 50.26557798630773]], [[127.69498324715043, 50.265090665447], [127.69511860360784, 50.265272066633365], [127.69497833241708, 50.26527049155161], [127.69498324715043, 50.265090665447]], [[127.69876810918156, 50.265223046168494], [127.69890593046192, 50.265314529866934], [127.69876565893533, 50.265312959354745], [127.69876810918156, 50.265223046168494]], [[127.69892797985527, 50.264505311092336], [127.69892063016925, 50.264775050697246], [127.69878036022635, 50.26477348021495], [127.6986474415655, 50.2645021699884], [127.69892797985527, 50.264505311092336]], [[127.699917208292, 50.2642465599023], [127.70005502901647, 50.26433804224822], [127.69991476029392, 50.26433647314472], [127.699917208292, 50.2642465599023]], [[127.69995392677406, 50.262897861087616], [127.70022956120522, 50.26308082551397], [127.69994903113778, 50.26307768761556], [127.69995392677406, 50.262897861087616]], [[127.70136146263738, 50.26273371707756], [127.70177736623737, 50.26291824519792], [127.70135168197118, 50.263093370338346], [127.70136146263738, 50.26273371707756]], [[127.69883916091875, 50.26261556312085], [127.69897697490529, 50.26270704671794], [127.69883671103274, 50.2627054763502], [127.69883916091875, 50.26261556312085]], [[127.70236285752715, 50.262025377903996], [127.7022177085251, 50.262203638354244], [127.70207744595075, 50.262202071908575], [127.70208233342167, 50.26202224520176], [127.70236285752715, 50.262025377903996]], [[127.69984059030205, 50.26190724593938], [127.70011866607146, 50.26200029733289], [127.69983814236271, 50.261997159215454], [127.69984059030205, 50.26190724593938]], [[127.69916377447251, 50.26100026511568], [127.69930158448497, 50.261091748321384], [127.69916132533783, 50.26109017838172], [127.69916377447251, 50.26100026511568]], [[127.70001022302365, 50.26082985558921], [127.70014803419096, 50.26092133780248], [127.70000777549714, 50.26091976888808], [127.70001022302365, 50.26082985558921]], [[127.70001756552884, 50.26056011568364], [127.70001267053779, 50.26073994228883], [127.69973460227241, 50.260646890680405], [127.69973705028949, 50.26055697738702], [127.70001756552884, 50.26056011568364]]], [[[127.69767536685198, 50.264131518145575], [127.6978180867802, 50.26404317677621], [127.69767781904822, 50.264041604979866], [127.69767536685198, 50.264131518145575]]], [[[127.6969691199898, 50.26430348287746], [127.69724475086238, 50.26448645431428], [127.69780582699447, 50.26449274261479], [127.69781073094606, 50.26431291628382], [127.69711674824458, 50.264035316102124], [127.6969691199898, 50.26430348287746]]], [[[127.7155668722749, 50.271885637553794], [127.71528870848884, 50.27179262261107], [127.7152862887826, 50.27188253628097], [127.7155668722749, 50.271885637553794]]], [[[127.7148218425657, 50.27349632864085], [127.7160845111155, 50.273510284403436], [127.7163747754458, 50.273153729082765], [127.71665536652819, 50.273156827784575], [127.71695529098945, 50.27244061610278], [127.71737617144078, 50.27244526175215], [127.71766883480089, 50.27199878926777], [127.7189411164922, 50.271653058612785], [127.71895800586367, 50.2710236619673], [127.71839926208854, 50.270927561399496], [127.71837995154905, 50.27164687170043], [127.71824690268012, 50.27137558321211], [127.71768574115043, 50.27136939297294], [127.7176905714258, 50.2711895654468], [127.71754545079862, 50.271367844989946], [127.7165634186789, 50.271357004368994], [127.71627558475708, 50.271623646655904], [127.71599500272649, 50.271620547105464], [127.71614012989367, 50.27144226955615], [127.71586196753249, 50.2713492559898], [127.71556929145304, 50.27179572387405], [127.7165489148843, 50.27189648667609], [127.7155668722749, 50.271885637553794], [127.7156999072236, 50.272156928981296], [127.71514115707738, 50.27206081271615], [127.71471059711254, 50.27241581357406], [127.71527177028739, 50.27242201826919], [127.71525967120398, 50.272871586551894], [127.7142776090345, 50.27286072638565], [127.7141252045348, 50.27330874230493], [127.71440821776794, 50.27322193282721], [127.71440095326999, 50.27349167367266], [127.71370189418806, 50.273393998417376], [127.71355190564817, 50.273752099908755], [127.71396795238138, 50.27393658515304], [127.7148218425657, 50.27349632864085]]], [[[127.7145654616123, 50.27259408924538], [127.71442758922223, 50.27250262384073], [127.7144251678334, 50.27259253746923], [127.7145654616123, 50.27259408924538]]], [[[127.71413004855292, 50.27312891508986], [127.7144251678334, 50.27259253746923], [127.71328827677833, 50.27311959866914], [127.71313343823255, 50.273657526760346], [127.71370189418806, 50.273393998417376], [127.71370916261034, 50.27312425764133], [127.71413004855292, 50.27312891508986]]], [[[127.72146277070593, 50.28229378234035], [127.72188614695035, 50.28220849858276], [127.72203128517916, 50.28203021407279], [127.7214675886216, 50.282113954888715], [127.72146277070593, 50.28229378234035]]], [[[127.72146036172974, 50.28238369606395], [127.72132244803932, 50.28229223867426], [127.72132003879892, 50.282382152392955], [127.72146036172974, 50.28238369606395]]], [[[127.70948944343986, 50.29942996959815], [127.70977018830281, 50.29943308609294], [127.71006309278964, 50.298986636612085], [127.70921113215269, 50.29933693939863], [127.70906345861933, 50.299605119624644], [127.70946024650779, 50.300508925924355], [127.70973856508913, 50.30060195556522], [127.70961278638875, 50.30006091918114], [127.70933690453221, 50.29987797623376], [127.70948944343986, 50.29942996959815]]], [[[127.70989353497892, 50.30006403540623], [127.71017671537996, 50.299977237902326], [127.71018644230249, 50.29961758568289], [127.70947971132665, 50.29978962173064], [127.70989839954744, 50.299884209322194], [127.70989353497892, 50.30006403540623]]], [[[127.70987650860047, 50.30069342665356], [127.70973856508913, 50.30060195556522], [127.70973613244786, 50.30069186859115], [127.70987650860047, 50.30069342665356]]], [[[127.70195600767472, 50.31310690842671], [127.7018180440642, 50.313015427970576], [127.70181559541471, 50.31310534052239], [127.70195600767472, 50.31310690842671]]], [[[127.69839952042084, 50.31990257281762], [127.69826154428941, 50.319811088146146], [127.698259088341, 50.3199010004655], [127.69839952042084, 50.31990257281762]]], [[[127.69563779664485, 50.32328933275028], [127.69535937456605, 50.32319626888983], [127.69535691284767, 50.32328618105285], [127.69563779664485, 50.32328933275028]]], [[[127.70209163295387, 50.3287579440821], [127.70337288841858, 50.32814266270114], [127.70281106193472, 50.32813639556253], [127.70266326024573, 50.32840456539069], [127.70209898138086, 50.32848820712275], [127.70209163295387, 50.3287579440821]]], [[[127.70346440741942, 50.329942476318216], [127.7040262553441, 50.329948740461894], [127.70485925007401, 50.33031778116719], [127.70459543807375, 50.329685264721626], [127.70346440741942, 50.329942476318216]]], [[[127.7019560740654, 50.32857655136234], [127.7006821453817, 50.328922080065304], [127.70095325634077, 50.32928486823928], [127.7002313326054, 50.32999631705436], [127.69980994685571, 50.329991605445976], [127.69980258507847, 50.33026134209056], [127.69937874231117, 50.33034654110759], [127.69951429623922, 50.33052793674156], [127.69908062921986, 50.330972783396675], [127.69880461151755, 50.33078981533556], [127.69865186647993, 50.33123780402846], [127.69808754728406, 50.33132142593723], [127.69822064193178, 50.33159273516659], [127.69765385967776, 50.331766267052224], [127.6976489433921, 50.331946091274375], [127.69778941093774, 50.33194766463443], [127.69779186882185, 50.33185775251909], [127.69807280342069, 50.33186089872027], [127.69921372860837, 50.33124409154118], [127.69951184172132, 50.330617848939035], [127.69993568668276, 50.330532649457446], [127.70008596389702, 50.330174571139004], [127.70065517077848, 50.329911114888326], [127.7012415295411, 50.32901826984435], [127.70180336607396, 50.32902454464534], [127.70208918345334, 50.32884785639891], [127.7019560740654, 50.32857655136234]], [[127.7012415295411, 50.32901826984435], [127.70110352181868, 50.32892678844105], [127.70124398065589, 50.32892835756038], [127.7012415295411, 50.32901826984435]], [[127.70181071620225, 50.328754807729226], [127.70166535724218, 50.32893306390062], [127.70152489836767, 50.32893149529016], [127.70152979950034, 50.328751670697834], [127.70181071620225, 50.328754807729226]]], [[[127.71281951012995, 50.33211503395795], [127.71101044633738, 50.33146541491372], [127.71087971203488, 50.331104207175386], [127.71032758556294, 50.330738325738324], [127.70920143224656, 50.33081576802661], [127.70947018318215, 50.331268449337536], [127.71017494878492, 50.33118633040243], [127.71016521088137, 50.33154598065706], [127.71058174466518, 50.33173047999241], [127.71043640903403, 50.331908747221995], [127.71168603275251, 50.33246223795574], [127.71267175178488, 50.33238321666527], [127.71281951012995, 50.33211503395795]]], [[[127.7076197307072, 50.33214729073595], [127.70804113682335, 50.33215197418792], [127.70793481046171, 50.330891638465765], [127.70666818489826, 50.330967495073615], [127.70639946235521, 50.33051480747991], [127.70583760722877, 50.33050855475216], [127.70582783681957, 50.3308682044342], [127.70610876647744, 50.330871331177036], [127.7063677215768, 50.331683669117666], [127.70537712047009, 50.33194246177271], [127.70550048499068, 50.33257341248969], [127.70634086235918, 50.332672705692154], [127.7071885639988, 50.33250225553071], [127.7076197307072, 50.33214729073595]], [[127.70579852440181, 50.33194715333787], [127.70593654988672, 50.33203862925758], [127.70579608161974, 50.33203706573685], [127.70579852440181, 50.33194715333787]]], [[[127.70454164836693, 50.33166333699017], [127.70357061377926, 50.331202815404325], [127.70313697809405, 50.33164767738326], [127.70397244150402, 50.331926812195356], [127.70454164836693, 50.33166333699017]]], [[[127.69750110054206, 50.332214254051785], [127.69750847585894, 50.33194451774469], [127.69722016392346, 50.332211106453535], [127.69750110054206, 50.332214254051785]]], [[[127.7094433887635, 50.33225748719232], [127.70931510044849, 50.33180636528856], [127.70875810379506, 50.33162030151657], [127.70872398230875, 50.33287907650743], [127.70914539508092, 50.33288375600668], [127.70916001410266, 50.332344280957116], [127.7094433887635, 50.33225748719232]]], [[[127.7087191076128, 50.333058901482374], [127.70858351140944, 50.33287751633505], [127.70857863618353, 50.3330573413001], [127.7087191076128, 50.333058901482374]]], [[[127.71531642888108, 50.333311864115764], [127.71574027070285, 50.33322660702272], [127.71588559072013, 50.33304833308219], [127.71532370361992, 50.33304212596383], [127.71531642888108, 50.333311864115764]]], [[[127.71726609686824, 50.33396296681258], [127.71712804386861, 50.33387150416538], [127.71712562230199, 50.33396141693481], [127.71726609686824, 50.33396296681258]]], [[[127.71444447468872, 50.33438150037955], [127.71556585573754, 50.33448383334266], [127.71599940251573, 50.33403892453362], [127.71543265415288, 50.334212543290576], [127.71487560509576, 50.33402650850635], [127.71486832756584, 50.33429624656501], [127.71375180846381, 50.33401408162097], [127.71346357394954, 50.33428071111383], [127.71359676446025, 50.33455200333465], [127.7131753361938, 50.33454733985552], [127.71316804890246, 50.33481707771], [127.71444447468872, 50.33438150037955]]], [[[127.71763452766884, 50.377677463418614], [127.71793512529555, 50.376961266727534], [127.71850479956288, 50.376697728662926], [127.71851206742521, 50.376427992197456], [127.71794724383496, 50.37651170606493], [127.71779452375276, 50.37695971670586], [127.71707938940732, 50.37740152452666], [127.71706968773259, 50.377761172882295], [127.71763452766884, 50.377677463418614]], [[127.71765149794618, 50.37704807863249], [127.71778967571953, 50.37713954095068], [127.7176490736578, 50.377137990749254], [127.71765149794618, 50.37704807863249]], [[127.71749877326913, 50.37749608881039], [127.71763695203111, 50.377587551310754], [127.71749634865351, 50.3775860009148], [127.71749877326913, 50.37749608881039]]], [[[127.71533845455691, 50.38457741172784], [127.71561970242698, 50.38458051787645], [127.71577246875559, 50.38413251100801], [127.7150717855214, 50.38403483341746], [127.71506449618435, 50.38430456916508], [127.71449714213429, 50.384478177312694], [127.71477352859266, 50.38466110928966], [127.71476380698026, 50.38502075686924], [127.71432977515012, 50.38546565362517], [127.71488985099401, 50.38556178208748], [127.71533845455691, 50.38457741172784]]], [[[127.71058977462332, 50.39369861279935], [127.71045156332009, 50.393607141921095], [127.71044912398995, 50.39369705352661], [127.71058977462332, 50.39369861279935]]], [[[127.70974098965283, 50.39386907776973], [127.70987187895814, 50.39423028421859], [127.7093043872655, 50.394403865697896], [127.70929706252183, 50.39467360035109], [127.71001009092262, 50.39432175578138], [127.71016538288613, 50.393783846065205], [127.71044912398995, 50.39369705352661], [127.71003205240741, 50.39351255150549], [127.70974098965283, 50.39386907776973]]], [[[127.71893190069822, 50.39738833307756], [127.71864815254041, 50.397475146206396], [127.71864572837983, 50.397565058040755], [127.71892705345314, 50.39756815676742], [127.71893190069822, 50.39738833307756]]], [[[127.71205099282092, 50.40207908962103], [127.71191275459756, 50.40198762040175], [127.7119103173064, 50.40207753192869], [127.71205099282092, 50.40207908962103]]], [[[127.71302354576801, 50.402539546515754], [127.71330489966758, 50.402542659058724], [127.71303572176926, 50.4020899887056], [127.71205099282092, 50.40207908962103], [127.71204124459646, 50.40243873573372], [127.71175989145178, 50.40243562013941], [127.71161190120552, 50.40270379661159], [127.71159239748042, 50.40342308861151], [127.71243403812073, 50.40352234622338], [127.71314474259418, 50.40326039533093], [127.71302354576801, 50.402539546515754]]], [[[127.71818979311475, 50.404035606103555], [127.71805153731593, 50.40394414407792], [127.71804911147014, 50.40403405579079], [127.71818979311475, 50.404035606103555]]], [[[127.71832804944565, 50.40412706796748], [127.71818979311475, 50.404035606103555], [127.71818736752266, 50.404125517819864], [127.71832804944565, 50.40412706796748]]], [[[127.71851486766289, 50.41806956877784], [127.71823342122651, 50.418066468147835], [127.71824070130452, 50.41779673363941], [127.71767781177472, 50.41779053039653], [127.71738422557144, 50.41823698511301], [127.71807085473036, 50.41887412097849], [127.71835473248441, 50.41878731054451], [127.71793498383148, 50.41869274723601], [127.71808784404729, 50.41824474056593], [127.71851001528087, 50.41824939179572], [127.71851486766289, 50.41806956877784]], [[127.71795440207697, 50.41797345534568], [127.71780882414836, 50.418151727411676], [127.71766810071942, 50.41815017632601], [127.71767295627176, 50.417970353364225], [127.71795440207697, 50.41797345534568]]], [[[127.7170052553181, 50.43226315609575], [127.71742755102072, 50.43226781218352], [127.7175780329574, 50.43190971883424], [127.71701011581334, 50.43208333361912], [127.7170052553181, 50.43226315609575]]], [[[127.70345255671671, 50.43355192426328], [127.70571710962429, 50.43312744769423], [127.70585052238671, 50.433398746049875], [127.70627282634013, 50.43340344269485], [127.70670248000688, 50.43313840523637], [127.70698156519235, 50.43323144529892], [127.707139475856, 50.43260363350025], [127.70742100724028, 50.432606761613215], [127.70742590409807, 50.43242693982421], [127.70630223366507, 50.43232451250887], [127.70615411640334, 50.43259267974205], [127.70502799206226, 50.432580150946386], [127.70502063309262, 50.432849883365314], [127.70333143848525, 50.43283106956291], [127.7027610021434, 50.433094525014035], [127.70345992477931, 50.43328219204423], [127.70345255671671, 50.43355192426328]]], [[[127.70176825662638, 50.4333532661513], [127.70162994850138, 50.43326178464878], [127.7016274890289, 50.43335169532515], [127.70176825662638, 50.4333532661513]]], [[[127.70669758028517, 50.43331822695199], [127.70640869348716, 50.43358482958951], [127.70669023060923, 50.43358795951427], [127.70669758028517, 50.43331822695199]]], [[[127.70232886898862, 50.43344945845317], [127.7016250295439, 50.43344160600003], [127.70134841387691, 50.43325864249572], [127.7014818019285, 50.43352994566707], [127.70119534509882, 50.43370662445597], [127.70232886898862, 50.43344945845317]]], [[[127.69950612256488, 50.43368775489393], [127.6994962683611, 50.43404739726131], [127.70005934660242, 50.4340536899193], [127.70035073360654, 50.433697192739515], [127.70091380788467, 50.43370348123151], [127.70120272602712, 50.433436892485126], [127.70050134869945, 50.433339122586936], [127.69950612256488, 50.43368775489393]]], [[[127.70626792494484, 50.43358326437175], [127.7049985555101, 50.43365908054195], [127.70498628974995, 50.434108634477035], [127.70626057275848, 50.43385299687597], [127.70626792494484, 50.43358326437175]]], [[[127.69935549883208, 50.43404582367118], [127.69921965750845, 50.433864428750056], [127.69921472931561, 50.434044249910784], [127.69935549883208, 50.43404582367118]]], [[[127.69977534440743, 50.43414045452894], [127.69963703790266, 50.4340489706812], [127.69963457458687, 50.434138881274315], [127.69977534440743, 50.43414045452894]]], [[[127.7065029064274, 50.43529470046034], [127.70665838071788, 50.43475680046322], [127.70581374871547, 50.434747408258225], [127.70579903846163, 50.435286873048085], [127.7065029064274, 50.43529470046034]]], [[[127.70537917037137, 50.43519226377787], [127.7052408499132, 50.43510078650261], [127.70523839711953, 50.435190697278806], [127.70537917037137, 50.43519226377787]]], [[[127.69748355006845, 50.435553830112546], [127.69734524396483, 50.43546234356441], [127.6973427761846, 50.43555225405377], [127.69748355006845, 50.435553830112546]]], [[[127.70550277746186, 50.43582320556811], [127.70607813439094, 50.435379915326834], [127.70579413494394, 50.43546669463283], [127.70566316890665, 50.43510548547409], [127.70537671783173, 50.43528217455756], [127.7049543973141, 50.43527747453466], [127.70492740976019, 50.43626649284908], [127.70577697223936, 50.43609607013273], [127.70578432775898, 50.43582633778453], [127.70550277746186, 50.43582320556811]], [[127.70564845675462, 50.435644950198515], [127.70551013446833, 50.4355534732364], [127.70565090881114, 50.435555039414815], [127.70564845675462, 50.435644950198515]], [[127.70494458383277, 50.435637117578864], [127.70522858582011, 50.43555034036874], [127.7052261329641, 50.43564025113752], [127.70494458383277, 50.435637117578864]]], [[[127.6956436065191, 50.435892969770165], [127.69536700006883, 50.43570999218728], [127.69522128219693, 50.43588823438261], [127.6956436065191, 50.435892969770165]]], [[[127.71155123801087, 50.43607022010392], [127.71127212707343, 50.43597719085345], [127.71126968562757, 50.43606710182967], [127.71155123801087, 50.43607022010392]]], [[[127.70998070535771, 50.43686225948531], [127.70984237112064, 50.43677078760241], [127.70983992689777, 50.436860698515744], [127.70998070535771, 50.43686225948531]]], [[[127.69608322229335, 50.435268330525524], [127.69565101956685, 50.43562323849568], [127.69578438131829, 50.43589454789214], [127.69550036042493, 50.43598130189476], [127.69591527402252, 50.436255767562464], [127.69562383783891, 50.43661225310343], [127.69590539171402, 50.4366154092573], [127.6960387576067, 50.436886718349385], [127.69602393514009, 50.43742618085044], [127.69574237644241, 50.43742302494693], [127.69559418331073, 50.437691177925124], [127.69556946982168, 50.43859028177984], [127.6959819356954, 50.43895465764636], [127.69583126799293, 50.439312721211216], [127.69639440787844, 50.43931903207681], [127.69654260176385, 50.43905087815712], [127.69681923203144, 50.439233853026025], [127.69696742325128, 50.43896569854095], [127.69697482958425, 50.43869596726767], [127.6966957325333, 50.43860290319045], [127.6969797670768, 50.43851614641141], [127.69684886033592, 50.4381549279663], [127.69769354997605, 50.43816438570056], [127.69770095197198, 50.43789465431214], [127.6971378286935, 50.437888349897136], [127.69742679378989, 50.437621771073424], [127.6970044537863, 50.43761704204097], [127.69645368217189, 50.437161182139725], [127.69703654463206, 50.4364482061374], [127.69677968077474, 50.43554594811604], [127.69692539175526, 50.43536770390566], [127.69734524396483, 50.43546234356441], [127.6977774326519, 50.43510742918253], [127.69764159443191, 50.43492603247421], [127.69821454697949, 50.43457269205751], [127.69863439484372, 50.43466732704252], [127.69864672100013, 50.43421777428148], [127.69808117485603, 50.43430138530845], [127.69835778378392, 50.43448435649896], [127.69708344282175, 50.434739907057704], [127.69707110163215, 50.43518945949907], [127.69608322229335, 50.435268330525524]], [[127.6970044537863, 50.43761704204097], [127.69686120492922, 50.43770537579497], [127.69686367381021, 50.43761546535626], [127.6970044537863, 50.43761704204097]], [[127.69736498575486, 50.43474305959595], [127.6975032898269, 50.43483454611596], [127.69736251807502, 50.434832970097204], [127.69736498575486, 50.43474305959595]], [[127.69736251807502, 50.434832970097204], [127.69721927837682, 50.43492130440297], [127.6972217463357, 50.43483139390821], [127.69736251807502, 50.434832970097204]], [[127.69617953537524, 50.436888296015674], [127.69631537345046, 50.43706969437135], [127.69617459513631, 50.43706811686532], [127.69617953537524, 50.436888296015674]]], [[[127.7095510356729, 50.437127308767195], [127.70997826138895, 50.43695217040213], [127.70941759159257, 50.43685601458541], [127.7095510356729, 50.437127308767195]]], [[[127.69659939944256, 50.436982938433495], [127.69701926520948, 50.437077579347424], [127.6970242022501, 50.436897758437695], [127.69674264657492, 50.436894604978114], [127.69659939944256, 50.436982938433495]]], [[[127.69574237644241, 50.43742302494693], [127.69560653958405, 50.43724162594207], [127.69560159711243, 50.43742144673975], [127.69574237644241, 50.43742302494693]]], [[[127.7106528426053, 50.43803890390401], [127.71051450367001, 50.43794743280259], [127.71051206061827, 50.438037343721426], [127.7106528426053, 50.43803890390401]]], [[[127.69712548664006, 50.438337902103676], [127.69698223580423, 50.43842623598104], [127.69712301819172, 50.438427812540525], [127.69712548664006, 50.438337902103676]]], [[[127.6971180812574, 50.43860763340978], [127.69726380059176, 50.43842938892973], [127.69712301819172, 50.438427812540525], [127.6971180812574, 50.43860763340978]]], [[[127.69667597789658, 50.43932218648791], [127.69653766252134, 50.43923069896553], [127.69653519288124, 50.43932060936751], [127.69667597789658, 50.43932218648791]]], [[[127.70794126774138, 50.439357893582425], [127.7076596962557, 50.439354766427336], [127.70765479907966, 50.43953458801768], [127.70793637163158, 50.43953771519262], [127.70794126774138, 50.439357893582425]]], [[[127.70765235047298, 50.43962449881063], [127.7075140128224, 50.43953302417478], [127.70751156394914, 50.43962293496276], [127.70765235047298, 50.43962449881063]]], [[[127.7003442019293, 50.44421987143314], [127.69934381536353, 50.44474832084036], [127.69961556075621, 50.44511111005535], [127.69945504132863, 50.44582881964414], [127.7000084047812, 50.44619475524313], [127.69943778823112, 50.446458192438506], [127.69970954389588, 50.44682098140991], [127.69941560477463, 50.44726738592439], [127.6991339873046, 50.44726423778581], [127.69909700461996, 50.44861289317846], [127.69867703290817, 50.44851825913398], [127.69838307330292, 50.448964660757746], [127.69739490865886, 50.449043540561675], [127.69695517900296, 50.449668182468834], [127.69624862938738, 50.44975020592001], [127.6963721491658, 50.45038115522299], [127.69593733698396, 50.45082597252676], [127.6948033626485, 50.45108307205241], [127.69450935042298, 50.45152946329523], [127.69324196082972, 50.45151523701566], [127.69337535171884, 50.45178654868505], [127.69181391397142, 50.45221869415629], [127.69307636696286, 50.4524127562811], [127.69308379895435, 50.4521430260522], [127.69392873636424, 50.45215251300484], [127.69391883341916, 50.45251215342757], [127.69320728220193, 50.45277397818532], [127.69307141223887, 50.45259257642625], [127.69222398829852, 50.45267299323003], [127.69194977805323, 50.45240009734997], [127.69138400334431, 50.45248367380867], [127.6906699569159, 50.45283539294406], [127.69079837314511, 50.45328652737764], [127.69051672091051, 50.45328335811475], [127.69051175633085, 50.45346317804921], [127.69093175479385, 50.453557841698284], [127.69094168075198, 50.45319820176898], [127.69136415843614, 50.45320295385933], [127.69149010174564, 50.45374399755449], [127.69275754999839, 50.45375824336373], [127.69376315302301, 50.45305003323403], [127.69432893053184, 50.45296644523446], [127.69547778945957, 50.452169889822386], [127.69590025874977, 50.45217462537682], [127.6963350838776, 50.451729808409915], [127.69661672754184, 50.4517329635221], [127.69662166867668, 50.45155314309643], [127.69634002607941, 50.45154998800429], [127.69648825978, 50.45128183500095], [127.69718989297266, 50.45137963076476], [127.69705648128294, 50.45110832329171], [127.6974814102704, 50.45102314279138], [127.69748634800337, 50.450843322281884], [127.6979063377579, 50.45093796072631], [127.69819537943914, 50.45067138115447], [127.69904275824538, 50.45059092048345], [127.6990649506777, 50.449781727581886], [127.69990984804348, 50.44979117079316], [127.69993695314511, 50.44880215675368], [127.7003618564206, 50.44871696550363], [127.70038402488052, 50.44790777191676], [127.70122888931827, 50.44791720530006], [127.70129534540936, 50.44548962300935], [127.70087293473452, 50.44548490748853], [127.70088770631526, 50.44494544470015], [127.7011816168594, 50.44449903607675], [127.70105066238736, 50.44413782235311], [127.70175466030571, 50.444145679476996], [127.70178172152974, 50.44315666374992], [127.70206331491889, 50.44315980529753], [127.70178910160082, 50.44288693215682], [127.7026363355183, 50.44280644410223], [127.70264371064027, 50.44253671240157], [127.7022213260241, 50.44253200197311], [127.70222870343305, 50.44226227030396], [127.70321671935876, 50.44218334822046], [127.70309067029824, 50.441642315382374], [127.70350567719314, 50.441916754430714], [127.70421455349235, 50.441744775183565], [127.70408112754386, 50.441473475225685], [127.70450350304965, 50.44147817883293], [127.70451086721202, 50.441208446871215], [127.70521727600196, 50.4411263720542], [127.70579270079736, 50.440683084130214], [127.70594820191421, 50.44014518576584], [127.70608408663557, 50.44032657297108], [127.70679047972517, 50.44024448846954], [127.70694106808494, 50.43988641016383], [127.70750666616524, 50.43980275653427], [127.70751156394914, 50.43962293496276], [127.70722509208862, 50.43979962830781], [127.70694596802629, 50.43970658863502], [127.70766459338196, 50.43917494483105], [127.70794616380135, 50.439178071966275], [127.70794126774138, 50.439357893582425], [127.70808205350288, 50.43935945690452], [127.70808694902973, 50.43917963527845], [127.70850685783202, 50.43927423502192], [127.70851419866726, 50.43900450253148], [127.70908222941753, 50.43883093028677], [127.70908956686746, 50.438561197714556], [127.70951191729084, 50.43856588294917], [127.7095192522299, 50.43829615031897], [127.71036394861436, 50.438305516101316], [127.71051938973618, 50.43776761096046], [127.71122329579734, 50.43777541009629], [127.71123062080534, 50.43750567724767], [127.71151462282891, 50.43741888471795], [127.7112379457016, 50.43723594438572], [127.71166272549728, 50.43715071076296], [127.71181570743772, 50.436702714627785], [127.71251959806548, 50.436710505804164], [127.71267257044182, 50.43626250843712], [127.71337889225148, 50.4361803833342], [127.71338620459588, 50.43591065018288], [127.71380853214846, 50.43591531964705], [127.71381827856935, 50.43555567536524], [127.71410470027101, 50.435378965280925], [127.71466779755073, 50.43538518736868], [127.71468240706763, 50.43484572070589], [127.71552704376455, 50.43485504855183], [127.71554650963543, 50.43413575934814], [127.71611445669846, 50.433962151993754], [127.71655864851499, 50.4331576106221], [127.71657323539034, 50.43261814335207], [127.7170052553181, 50.43226315609575], [127.7162965661849, 50.432435214965906], [127.71627711285319, 50.433154504592245], [127.71501020298719, 50.433140519030346], [127.71500290058894, 50.433410252482545], [127.7145757251985, 50.43358540978402], [127.71456355016623, 50.43403496541915], [127.71385969864669, 50.43402718690293], [127.71369699815126, 50.434834830471985], [127.71257081727597, 50.43482237427462], [127.7125561837739, 50.43536184049264], [127.71226731696358, 50.43562845774062], [127.71170421732864, 50.435622224015404], [127.71169201422114, 50.43607177898564], [127.71041525647159, 50.43641738669168], [127.71039326806081, 50.43722658509019], [127.70941025645067, 50.437125747271935], [127.70954370121866, 50.437397041455235], [127.70911891554798, 50.437482267292175], [127.70954125637574, 50.43748695234829], [127.70953392177236, 50.43775668501852], [127.70911157854573, 50.43775199991779], [127.70910424143159, 50.438021732530075], [127.70740751322755, 50.43827270904359], [127.70739281924787, 50.43881217384404], [127.70612576279736, 50.438798090420015], [127.70611840844234, 50.43906782266607], [127.70527369990488, 50.43905842596437], [127.70525898126208, 50.439597890237394], [127.70441426357745, 50.43958848722623], [127.70440689928944, 50.439858219253146], [127.70398453821652, 50.439853515403854], [127.70383638361794, 50.44012167906731], [127.70313244481005, 50.440113834986484], [127.70311278666611, 50.440833119932094], [127.70226558878952, 50.44091361175782], [127.70224345791327, 50.441722806925576], [127.70182600026753, 50.44153827399094], [127.70180140146914, 50.442437379471954], [127.70152473332202, 50.44225441625856], [127.70095417285107, 50.4425178614912], [127.70094186492187, 50.44296741401893], [127.70051208944965, 50.443232428838456], [127.70064057519579, 50.443683553653656], [127.7003442019293, 50.44421987143314]], [[127.6990649506777, 50.449781727581886], [127.6987857846193, 50.44968866816218], [127.69906741644081, 50.449691817252074], [127.6990649506777, 50.449781727581886]], [[127.705508668921, 50.44076986241642], [127.70537033215254, 50.440678385255396], [127.70551112168833, 50.44067995171729], [127.705508668921, 50.44076986241642]], [[127.70537033215254, 50.440678385255396], [127.7052319959172, 50.44058690793253], [127.70537278517396, 50.44058847455975], [127.70537033215254, 50.440678385255396]], [[127.71267257044182, 50.43626250843712], [127.7125342326837, 50.436171039719596], [127.71267500924733, 50.43617259741437], [127.71267257044182, 50.43626250843712]], [[127.70079860696436, 50.44305575247388], [127.70093694166256, 50.44314723501964], [127.70079614506183, 50.443145662968504], [127.70079860696436, 50.44305575247388]], [[127.6974937545087, 50.45057359150649], [127.69777292314967, 50.45066665403272], [127.69749128568614, 50.450663501766435], [127.6974937545087, 50.45057359150649]], [[127.69637956188411, 50.45011142454551], [127.69651790828196, 50.45020291232895], [127.69637709099058, 50.45020133477283], [127.69637956188411, 50.45011142454551]], [[127.69708364713303, 50.450119310597515], [127.69722199492728, 50.45021079755422], [127.69708117757307, 50.450209220849864], [127.69708364713303, 50.450119310597515]], [[127.69708858621519, 50.44993949008836], [127.69836827113684, 50.44950412263563], [127.69836086988443, 50.44977385355453], [127.69821511899893, 50.449952098833194], [127.69708858621519, 50.44993949008836]], [[127.69836827113684, 50.44950412263563], [127.6985115532626, 50.44941578745253], [127.69850908647028, 50.4495056977668], [127.69836827113684, 50.44950412263563]], [[127.69752091072797, 50.44958457854909], [127.6972417489213, 50.44949151545378], [127.69752337939987, 50.44949466827134], [127.69752091072797, 50.44958457854909]], [[127.69866963366998, 50.448787990131876], [127.69880798072374, 50.448879475217], [127.69866716723219, 50.448877900461525], [127.69866963366998, 50.448787990131876]], [[127.69973911446019, 50.44574205652634], [127.69987745482759, 50.44583354033466], [127.69973665031542, 50.445831966941476], [127.69973911446019, 50.44574205652634]], [[127.70003057728425, 50.44538556141706], [127.70002565014906, 50.445565382277685], [127.69974650681928, 50.44547232527205], [127.6997489709139, 50.445382414851], [127.70003057728425, 50.44538556141706]], [[127.70065042409776, 50.44332391172186], [127.70078629732649, 50.44350530493214], [127.70064549967181, 50.44350373269073], [127.70065042409776, 50.44332391172186]], [[127.70309558513412, 50.441462494181586], [127.70323391972437, 50.44155397401919], [127.70309312772244, 50.44155240478272], [127.70309558513412, 50.441462494181586]], [[127.70366612111147, 50.44119903821365], [127.70394279153321, 50.44138199638349], [127.7036612084833, 50.44137885946319], [127.70366612111147, 50.44119903821365]], [[127.70494550978631, 50.440763595527116], [127.70508384597171, 50.44085507318759], [127.70494305594015, 50.440853506204846], [127.70494550978631, 50.440763595527116]], [[127.70580250960933, 50.44032344127912], [127.70565681620067, 50.440501696596264], [127.70551602718558, 50.440500130314604], [127.70552093263292, 50.44032030890598], [127.70580250960933, 50.44032344127912]], [[127.7083783082957, 50.4388231180823], [127.70851664558744, 50.438914591698364], [127.70837586112143, 50.438913028911934], [127.7083783082957, 50.4388231180823]], [[127.71098080728274, 50.436333715764434], [127.71111914248085, 50.436425186307446], [127.71097836525415, 50.43642362672483], [127.71098080728274, 50.436333715764434]], [[127.71598341584192, 50.43360095380032], [127.71597855119578, 50.43378077615752], [127.71569701190218, 50.43377766869658], [127.7156994447644, 50.43368775752859], [127.71598341584192, 50.43360095380032]]], [[[127.71506161167001, 50.45724443285825], [127.71492320880412, 50.45715296680782], [127.71492077244363, 50.45724287758397], [127.71506161167001, 50.45724443285825]]], [[[127.73942551897882, 50.149467113229086], [127.7392784916131, 50.14973534337394], [127.73969120726241, 50.15000964941681], [127.73968411663327, 50.15027939866093], [127.74010629040063, 50.150194037588236], [127.73998525746464, 50.14947318787383], [127.73942551897882, 50.149467113229086]]], [[[127.74171473850035, 50.15290973769614], [127.74162199606246, 50.151109892262866], [127.74191367231712, 50.150663342302366], [127.74135627998012, 50.15056736038216], [127.74106932120372, 50.15083407601455], [127.74134211706729, 50.151106859150076], [127.74007084762201, 50.15154278384766], [127.74006139576004, 50.15190244946056], [127.7404788588212, 50.15199691997218], [127.74033182930626, 50.152265151321934], [127.74059990486386, 50.1527177689692], [127.74088215469922, 50.1526308875243], [127.74087743165279, 50.1528107203559], [127.74129490425226, 50.15290518799142], [127.74127837863813, 50.15353460294595], [127.74198047115178, 50.15345226867079], [127.74171473850035, 50.15290973769614]]], [[[127.73988365534035, 50.17996237205636], [127.73946595079379, 50.17986789801528], [127.73919773876753, 50.17941527875694], [127.73935669365474, 50.17869747097618], [127.73893900116808, 50.1786029951111], [127.7386281787094, 50.17976886137715], [127.7389082248373, 50.17977190228309], [127.73890112231948, 50.180041650056474], [127.73917880306703, 50.18013460624748], [127.73916696786478, 50.180584185880946], [127.73958467802322, 50.1806786610286], [127.74001658274673, 50.18023363896475], [127.73988365534035, 50.17996237205636]]], [[[127.74083545455944, 50.18105199349783], [127.74169451513241, 50.18034177033039], [127.74156866544195, 50.17980075722553], [127.7411438689921, 50.17997603723628], [127.74084727429832, 50.1806024136125], [127.74000238985377, 50.180773134684976], [127.73999529324561, 50.18104288252508], [127.74083545455944, 50.18105199349783]]], [[[127.72576675652452, 50.22621810647632], [127.7257595681853, 50.22648785071114], [127.72618004552827, 50.22649246144279], [127.72645317931996, 50.22676527871338], [127.72661010108726, 50.22613741155363], [127.72576675652452, 50.22621810647632]]], [[[127.74850811499641, 50.23581913412269], [127.74865065655145, 50.23573072857543], [127.74754329312874, 50.235179152982965], [127.74769761249226, 50.23464117174768], [127.74686593610562, 50.234272442021336], [127.7468588647561, 50.234542188073966], [127.74713687586012, 50.234635126873435], [127.74698490716841, 50.23508319197355], [127.74726292165043, 50.23517613048833], [127.74724406984866, 50.23589545326242], [127.7469613371456, 50.23598234534531], [127.74695426590586, 50.236252091328], [127.74877436849125, 50.23636164598447], [127.74878378313075, 50.2360019844281], [127.74850811499641, 50.23581913412269]]], [[[127.7506287157828, 50.25661822780604], [127.75049081911241, 50.2565268047709], [127.75048846697055, 50.2566167199015], [127.7506287157828, 50.25661822780604]]], [[[127.75048611481675, 50.2567066350306], [127.75034821817022, 50.25661521182775], [127.75034586575259, 50.25670512695209], [127.75048611481675, 50.2567066350306]]], [[[127.7506193081515, 50.25697788833278], [127.75005124973762, 50.25724160094499], [127.75004889670882, 50.257331516049405], [127.74976839497008, 50.257328498640945], [127.74962343644202, 50.257506819858584], [127.74948318507478, 50.25750531072178], [127.74947612267889, 50.25777505595985], [127.74975427338036, 50.25786798917897], [127.74976133422891, 50.25759824391661], [127.75032469345727, 50.25751436300456], [127.7513299600228, 50.25662576479072], [127.75105181337753, 50.256532835354726], [127.75062166007721, 50.2568879732033], [127.74992276541057, 50.25679051680981], [127.7499180589326, 50.256970347022374], [127.7506193081515, 50.25697788833278]]], [[[127.74948789327907, 50.25732548055567], [127.7497707485266, 50.2572385835461], [127.7499157056757, 50.25706026212646], [127.74949260143558, 50.257145650383634], [127.74948789327907, 50.25732548055567]]], [[[127.74919797306865, 50.257682122081576], [127.74948789327907, 50.25732548055567], [127.74905772120948, 50.25768061242755], [127.74919797306865, 50.257682122081576]]], [[[127.74905536627399, 50.25777052749107], [127.74891746936225, 50.25767910260434], [127.74891511416288, 50.257769017663065], [127.74905536627399, 50.25777052749107]]], [[[127.7418888212712, 50.26353928915976], [127.7423119954584, 50.26345392920687], [127.7423214678065, 50.263094270225366], [127.74189592796182, 50.26326954497363], [127.7418888212712, 50.26353928915976]]], [[[127.74160828395118, 50.263536251787706], [127.74145379685265, 50.26407422109339], [127.74187460756576, 50.26407877749205], [127.7418888212712, 50.26353928915976], [127.74160828395118, 50.263536251787706]]], [[[127.7283296991906, 50.266899386766326], [127.73030076272194, 50.266651116707635], [127.7307287648852, 50.26638597077464], [127.73073593532887, 50.26611622788164], [127.73017722405413, 50.26602018411632], [127.72988949826876, 50.2662868611784], [127.7289147466171, 50.26600638291939], [127.72778296253455, 50.26635376046455], [127.72777577535089, 50.26662350303774], [127.72833448861951, 50.26671955835562], [127.7283296991906, 50.266899386766326]]], [[[127.73099497972227, 50.26692852033465], [127.73114720484881, 50.26648048046358], [127.7307263747131, 50.26647588506936], [127.73071442367072, 50.26692545652066], [127.73099497972227, 50.26692852033465]]], [[[127.73183664816773, 50.2669377077144], [127.73225748255392, 50.26694229911926], [127.73227658084564, 50.26622298435204], [127.73185814081901, 50.26612847872566], [127.7314301471854, 50.26639362889444], [127.73113286831338, 50.26701996628816], [127.7314062581183, 50.26729277201773], [127.73183664816773, 50.2669377077144]]], [[[127.73366264931673, 50.266867678410996], [127.7335128314347, 50.267225807338036], [127.73281620895334, 50.26703833298141], [127.73280905002586, 50.26730807604846], [127.73308960855259, 50.26731113482346], [127.7330824511002, 50.26758087790628], [127.73392890020168, 50.267410221477675], [127.73394320534865, 50.266870735106366], [127.73366264931673, 50.266867678410996]]], [[[127.72964396236186, 50.27024155416944], [127.72949649621744, 50.27050976321564], [127.73032866219599, 50.27087861877635], [127.73019554723385, 50.27060734343604], [127.72963917726663, 50.270421382561885], [127.72964396236186, 50.27024155416944]]], [[[127.73032866219599, 50.27087861877635], [127.73059489658216, 50.271421168996625], [127.73087786934668, 50.2713343190736], [127.73074714055527, 50.270973130126], [127.73032866219599, 50.27087861877635]]], [[[127.73045460537338, 50.271419636592746], [127.7305925057313, 50.27151108320836], [127.73059489658216, 50.271421168996625], [127.73045460537338, 50.271419636592746]]], [[[127.73017402299223, 50.27141657127712], [127.7305805512951, 50.27196065424484], [127.7305877239932, 50.2716909116274], [127.73017402299223, 50.27141657127712]]], [[[127.73127245695682, 50.272327970770405], [127.7305805512951, 50.27196065424484], [127.73084679436313, 50.27250320385627], [127.73140319325556, 50.27268915910256], [127.73127245695682, 50.272327970770405]]], [[[127.72500927761324, 50.28089369721898], [127.72445280913773, 50.2807077110816], [127.7237295772218, 50.28150923368273], [127.72414573104214, 50.28169368306242], [127.72415294258117, 50.281423941572804], [127.72486175151228, 50.28116189945432], [127.72500927761324, 50.28089369721898]]], [[[127.72344893626595, 50.281506151688376], [127.72331342663288, 50.281324782831646], [127.72330861580632, 50.2815046104372], [127.72344893626595, 50.281506151688376]]], [[[127.722749740566, 50.2814085299565], [127.72330380493099, 50.2816844380368], [127.72330861580632, 50.2815046104372], [127.722749740566, 50.2814085299565]]], [[[127.7227473340898, 50.281498443738954], [127.72246428628797, 50.28158527314497], [127.72246187925897, 50.2816751869147], [127.72274252110083, 50.28167827129945], [127.7227473340898, 50.281498443738954]]], [[[127.72232155835636, 50.28167364446829], [127.72245706516433, 50.28185501444969], [127.72246187925897, 50.2816751869147], [127.72232155835636, 50.28167364446829]]], [[[127.72372717258285, 50.281599147497936], [127.7225973866076, 50.281856556736514], [127.72259257299257, 50.28203638427535], [127.72301353898077, 50.28204101014912], [127.72301835101054, 50.28186118258094], [127.72343931552332, 50.281865806901216], [127.72372717258285, 50.281599147497936]]], [[[127.7221716071142, 50.28203175687746], [127.72203369304962, 50.28194030032368], [127.72203128517916, 50.28203021407279], [127.7221716071142, 50.28203175687746]]], [[[127.72259016616674, 50.282126298042556], [127.7224522510209, 50.28203484197874], [127.72244984393086, 50.282124755741044], [127.72259016616674, 50.282126298042556]]], [[[127.72216919949574, 50.282121670629984], [127.7224474368286, 50.28221466950187], [127.72244984393086, 50.282124755741044], [127.72216919949574, 50.282121670629984]]], [[[127.72216679186505, 50.28221158438102], [127.72188614695035, 50.28220849858276], [127.72188133059551, 50.28238832606081], [127.72202165357521, 50.282389869054406], [127.72216679186505, 50.28221158438102]]], [[[127.74166031067861, 50.28818042740596], [127.7405399559557, 50.28807835305657], [127.74024740415891, 50.288524882784166], [127.74037587681742, 50.288975975153484], [127.74093250459684, 50.28916188597868], [127.74094911438895, 50.28853248587732], [127.74151048278961, 50.288538565302815], [127.74166031067861, 50.28818042740596]]], [[[127.73972424633494, 50.29238663099867], [127.73916045656364, 50.2924704567951], [127.73914857397588, 50.292920027688275], [127.74013343315457, 50.29284076657937], [127.73971712002711, 50.29265637360141], [127.73972424633494, 50.29238663099867]]], [[[127.72232250636368, 50.30784620470496], [127.72218451826228, 50.307754748159056], [127.72218210847147, 50.30784466151206], [127.72232250636368, 50.30784620470496]]], [[[127.72244844844172, 50.30838722787396], [127.72231045854925, 50.308295771472196], [127.72230804894966, 50.30838568482119], [127.72244844844172, 50.30838722787396]]], [[[127.72216764946984, 50.30838414159892], [127.72230322971384, 50.30856551151475], [127.72230804894966, 50.30838568482119], [127.72216764946984, 50.30838414159892]]], [[[127.72364705205864, 50.31082876890494], [127.7231287734281, 50.309204160933795], [127.72257921154234, 50.308748424177566], [127.72286482987231, 50.308571682747946], [127.72275092627437, 50.30758109314446], [127.72233455387251, 50.30739663790065], [127.7223249158899, 50.30775629134706], [127.72260571118186, 50.30775937721456], [127.72259848415412, 50.308029117313176], [127.7223152777117, 50.30811594476975], [127.72259125701639, 50.30829885739843], [127.72258402976863, 50.30856859747036], [127.72215800989086, 50.30874379496052], [127.72229118141038, 50.30901507822269], [127.72257439326718, 50.30892825087883], [127.72256234736534, 50.3093778176061], [127.72227913280126, 50.30946464489358], [127.7220151991749, 50.30883216488095], [127.7217343976303, 50.30882907753989], [127.72171993305861, 50.30936855744078], [127.72198868627873, 50.309821211432876], [127.72254548258935, 50.31000721096198], [127.72267625064373, 50.310368407097016], [127.72364705205864, 50.31082876890494]]], [[[127.7228118383374, 50.31054977641642], [127.72294983564723, 50.31064123224503], [127.72295224422926, 50.31055131890861], [127.7228118383374, 50.31054977641642]]], [[[127.72308783348633, 50.31073268791241], [127.7229450184465, 50.31082105891341], [127.72336623857711, 50.31082568541689], [127.72308783348633, 50.31073268791241]]], [[[127.72777531298615, 50.32454484941507], [127.72735637234753, 50.324450324705126], [127.72735397088731, 50.324540237979434], [127.72777531298615, 50.32454484941507]]], [[[127.7339287297453, 50.32560135686864], [127.73379066832914, 50.32550991382041], [127.73378827891858, 50.32559982730224], [127.7339287297453, 50.32560135686864]]], [[[127.73406679169119, 50.32569279975547], [127.7339287297453, 50.32560135686864], [127.73392634058749, 50.325691270353836], [127.73406679169119, 50.32569279975547]]], [[[127.73571403280157, 50.327149755915976], [127.73838268935727, 50.32717874512089], [127.73837792757028, 50.32735857234952], [127.73893975267839, 50.32736466757613], [127.73964679135413, 50.32719245547726], [127.74006340347424, 50.32737684988746], [127.7403562021283, 50.32693032534814], [127.73656391889944, 50.326889176351635], [127.73670914170008, 50.32671087546631], [127.73643300225177, 50.326527995718294], [127.7348927871025, 50.32633136719612], [127.73489994923185, 50.326061626665286], [127.73447859256044, 50.32605704094635], [127.73462859622724, 50.32569891566592], [127.73336214606448, 50.32577506451548], [127.733228866203, 50.325503793878134], [127.7328075147358, 50.32549920214051], [127.73280034090554, 50.325768942479606], [127.73322169475655, 50.32577353426093], [127.7332145232009, 50.32604327463039], [127.73405245807884, 50.32623228066471], [127.7340429020948, 50.32659193457459], [127.73572119049008, 50.326880015337856], [127.73571403280157, 50.327149755915976]], [[127.73894213251833, 50.32727475394321], [127.73866360082759, 50.327181793054095], [127.73894451234621, 50.32718484030882], [127.73894213251833, 50.32727475394321]], [[127.73391439461648, 50.32614083775764], [127.73405723599812, 50.32605245370089], [127.73405484704455, 50.32614236718354], [127.73391439461648, 50.32614083775764]]], [[[127.73151713018905, 50.32647446513243], [127.73012458001669, 50.32600956579763], [127.72955318300599, 50.32636308139857], [127.73011739087015, 50.326279305832905], [127.73010780517117, 50.32663895919254], [127.7312338293512, 50.326561313344094], [127.73122904069115, 50.326741140095834], [127.73178846368168, 50.32683718320166], [127.73151713018905, 50.32647446513243]]], [[[127.74006340347424, 50.32737684988746], [127.74160604976048, 50.32748349656314], [127.74161317418132, 50.32721375538917], [127.74006340347424, 50.32737684988746]]], [[[127.73564244992201, 50.3298471609642], [127.73395927895854, 50.32973890527539], [127.73159056039772, 50.328993571896355], [127.73214043920295, 50.32944926689821], [127.73226893819793, 50.329900365365006], [127.73437589077965, 50.32992331998916], [127.73478773000912, 50.33028756011726], [127.73562574568176, 50.33047655528373], [127.7356305183824, 50.33029672834269], [127.73520912414122, 50.33029214499336], [127.73563290471454, 50.33020681486996], [127.73564244992201, 50.3298471609642]], [[127.73284035820919, 50.32954683679478], [127.73311650099576, 50.329729725010715], [127.73283557510523, 50.3297266635654], [127.73284035820919, 50.32954683679478]]], [[[127.72822795204931, 50.33390350824448], [127.72808987793171, 50.33381205845554], [127.72808747705844, 50.33390197160991], [127.72822795204931, 50.33390350824448]]], [[[127.73018980936708, 50.33410482976464], [127.73005173086352, 50.33401338227595], [127.73004933367574, 50.33410329549557], [127.73018980936708, 50.33410482976464]]], [[[127.72954636801876, 50.337155739759154], [127.72940828202728, 50.33706429149607], [127.72940588336562, 50.33715420464583], [127.72954636801876, 50.337155739759154]]], [[[127.7421781635985, 50.337742773048035], [127.74204005139809, 50.33765133960329], [127.74203767652976, 50.33774125318189], [127.7421781635985, 50.337742773048035]]], [[[127.74145909653814, 50.33836456689427], [127.74088763274183, 50.33871813698658], [127.74087812413538, 50.3390777910667], [127.74059714227526, 50.33907474796557], [127.74044713938288, 50.33943288015898], [127.73903507826019, 50.33968739291993], [127.73915890752258, 50.34031831056075], [127.73873742405196, 50.34031373934249], [127.73872551729566, 50.3407633064434], [127.73760393479856, 50.340661195489226], [127.73761585209803, 50.34021162857446], [127.73705626023785, 50.34011561246192], [127.73706341361702, 50.33984587234896], [127.73622045582601, 50.33983671325749], [127.73621329767535, 50.340106453283276], [127.73691576644717, 50.340114086356394], [127.73690622737844, 50.34047373980027], [127.73746105560765, 50.34074958340712], [127.7373134077733, 50.34101779787441], [127.73773489724331, 50.34102237429983], [127.73785156306924, 50.34192303319168], [127.73897317581233, 50.34202514196133], [127.73839926722039, 50.342468612529835], [127.7392351305939, 50.3427474963882], [127.73925893585924, 50.34184836228161], [127.73884220133098, 50.341663964515824], [127.73912557897745, 50.34157709855308], [127.73915176589087, 50.340588050869236], [127.74030426913235, 50.33952127165596], [127.74129959701605, 50.3390823544457], [127.74145196842694, 50.33863430753226], [127.74216154103817, 50.33837216809065], [127.74217578898318, 50.33783268662998], [127.74175195159549, 50.337918040074065], [127.74202342706674, 50.33828073462249], [127.74145909653814, 50.33836456689427]], [[127.74187818797218, 50.338459041683116], [127.74174007430196, 50.33836760788189], [127.74188056320199, 50.338369128121165], [127.74187818797218, 50.338459041683116]], [[127.73899698541305, 50.34112600783303], [127.73885172618336, 50.34130431087792], [127.73871122878917, 50.34130278691561], [127.73871599167303, 50.341122960097465], [127.73899698541305, 50.34112600783303]]], [[[127.72100623943795, 50.341199322651704], [127.72086815845245, 50.341107864343776], [127.72086574332485, 50.3411977771321], [127.72100623943795, 50.341199322651704]]], [[[127.73404613826953, 50.3423313598205], [127.7339080287129, 50.34223991680412], [127.73390563810587, 50.342329830029946], [127.73404613826953, 50.3423313598205]]], [[[127.7386755056188, 50.34265148786309], [127.73853738615446, 50.34256005027722], [127.73853500426002, 50.342649963658516], [127.7386755056188, 50.34265148786309]]], [[[127.73963997684612, 50.343381459849574], [127.73964473657426, 50.343201633031825], [127.73964949625409, 50.34302180620814], [127.73936849125836, 50.34301875996665], [127.73935896972934, 50.343378413569404], [127.73963997684612, 50.343381459849574]]], [[[127.74076162803523, 50.343483551626825], [127.7404639718172, 50.344109902060595], [127.74074498336945, 50.34411294570252], [127.74087835634988, 50.34438420757936], [127.74116650078841, 50.344117509892506], [127.7411831398862, 50.343488115715424], [127.74076162803523, 50.343483551626825]]], [[[127.7418717386759, 50.34934161290449], [127.74285301360011, 50.349442164995125], [127.74272436475637, 50.34899107857526], [127.74216228369662, 50.34898499975433], [127.74245994929751, 50.34835864554878], [127.74149533497065, 50.34762869649326], [127.7417430994043, 50.34889052546255], [127.74144066695848, 50.349696704427515], [127.7418717386759, 50.34934161290449]]], [[[127.74101196663788, 50.34996188093147], [127.74086193106147, 50.35032001276959], [127.74114060167705, 50.35041296907063], [127.74057136802851, 50.350676622456774], [127.74112633564425, 50.35095244914364], [127.74113584638107, 50.35059279576755], [127.7414192733898, 50.35050592471046], [127.74143828994357, 50.349786617798195], [127.74101196663788, 50.34996188093147]]], [[[127.74042370583769, 50.35094484032551], [127.74070237921397, 50.351037797687894], [127.74070475772407, 50.35094788436206], [127.74042370583769, 50.35094484032551]]], [[[127.74078820247531, 50.35310732565321], [127.74147897813258, 50.35356449908586], [127.74133368933815, 50.353742804643744], [127.74189582639077, 50.35374888788278], [127.74190533225779, 50.35338923457434], [127.74148610986612, 50.35329475914131], [127.74135270936827, 50.35302349815762], [127.74150275015525, 50.352665365885564], [127.7410835349382, 50.35257088904301], [127.74108829076539, 50.35239106241121], [127.74136697388383, 50.35248401823088], [127.74137648331947, 50.352124364916804], [127.74110018012206, 50.35194149580579], [127.74111920246492, 50.35122218916016], [127.7408452836854, 50.35094940612568], [127.74041181051373, 50.351394406891586], [127.74068097207932, 50.351847017553816], [127.74065956396642, 50.35265623729989], [127.74093349131768, 50.352929020758566], [127.74078820247531, 50.35310732565321]], [[127.74067145748324, 50.35220667078908], [127.7409548949818, 50.352119800965525], [127.74095251684518, 50.352209714281784], [127.74067145748324, 50.35220667078908]], [[127.74082625738825, 50.35166871272955], [127.74096202931915, 50.35185006100788], [127.7408215006932, 50.35184853936573], [127.74082625738825, 50.35166871272955]]], [[[127.74217451902315, 50.35384184181668], [127.74203636068408, 50.35375040826809], [127.74203398445245, 50.35384032159632], [127.74217451902315, 50.35384184181668]]], [[[127.7418768140775, 50.354468194428655], [127.74298448419037, 50.35510974648597], [127.7427010324018, 50.35519662110803], [127.74340609933455, 50.3551143032747], [127.74313451959965, 50.35475161219205], [127.7428534449955, 50.35474857386208], [127.74286056924072, 50.3544788338305], [127.74230317491971, 50.35429292853448], [127.74231267789278, 50.35393327520366], [127.74161000377323, 50.353925673228865], [127.74174340817774, 50.354196933905826], [127.74202447940527, 50.35419997489448], [127.7418768140775, 50.354468194428655]], [[127.74258187153151, 50.35438588151316], [127.74243895981267, 50.354474275105574], [127.74244133533288, 50.354384361773214], [127.74258187153151, 50.35438588151316]], [[127.74202447940527, 50.35419997489448], [127.74216976705426, 50.35402166847837], [127.74216501503713, 50.354201495134134], [127.74202447940527, 50.35419997489448]]], [[[127.74354189073964, 50.3552956485814], [127.74340609933455, 50.3551143032747], [127.7434013518035, 50.35529412998176], [127.74354189073964, 50.3552956485814]]], [[[127.74325369069649, 50.35556235124736], [127.74311552532687, 50.355470918954964], [127.74311315098852, 50.355560832293676], [127.74325369069649, 50.35556235124736]]], [[[127.74353951722134, 50.35538556193751], [127.74381110358924, 50.35574825208532], [127.7439516438881, 50.355749770199665], [127.74382059566037, 50.35538859863706], [127.74353951722134, 50.35538556193751]]], [[[127.74325369069649, 50.35556235124736], [127.74352764944908, 50.355835128695965], [127.74353477014859, 50.355565388645346], [127.74325369069649, 50.35556235124736]]], [[[127.74380635748138, 50.355928078800574], [127.74352764944908, 50.355835128695965], [127.74352527585847, 50.35592504204322], [127.74380635748138, 50.355928078800574]]], [[[127.74010469844235, 50.35768681229705], [127.73996653309736, 50.35759537629496], [127.73996415263194, 50.35768528949196], [127.74010469844235, 50.35768681229705]]], [[[127.74489037667749, 50.357468746533975], [127.74542174635232, 50.35864368683417], [127.74538856176878, 50.35990247386298], [127.74623187784711, 50.35991156910469], [127.74627451464667, 50.3582931280663], [127.74599341879251, 50.35829009717148], [127.74587182568976, 50.3575692743028], [127.74531912402527, 50.357203556408386], [127.7453309754544, 50.35675398944786], [127.74518569105025, 50.35693229975754], [127.74476643085181, 50.35683783592746], [127.74504988879058, 50.35675095633935], [127.74505937183989, 50.356391302782825], [127.74463774511848, 50.35638675190433], [127.74464723115912, 50.356027098381894], [127.7439516438881, 50.355749770199665], [127.74394452550419, 50.35601951028478], [127.74450194647716, 50.356205407856606], [127.74449245927883, 50.35656506134795], [127.74420662908808, 50.356741852938654], [127.7446258872967, 50.356836318774086], [127.74489749006749, 50.35719900641872], [127.74461165751315, 50.357375798969], [127.74489037667749, 50.357468746533975]], [[127.74489749006749, 50.35719900641872], [127.74504277637718, 50.35702069649123], [127.74503803470806, 50.357200523251755], [127.74489749006749, 50.35719900641872]]], [[[127.7396782990189, 50.35786206974264], [127.7395401339997, 50.35777063323893], [127.73953775271403, 50.35786054641848], [127.7396782990189, 50.35786206974264]]], [[[127.74618923715006, 50.361530009663916], [127.74607474124943, 50.360539447229705], [127.74536722757637, 50.3607116939427], [127.74534589240885, 50.36152091390261], [127.74618923715006, 50.361530009663916]]], [[[127.72223821938195, 50.3790772151931], [127.72210002739412, 50.37898575808327], [127.72209761134825, 50.379075670326074], [127.72223821938195, 50.3790772151931]]], [[[127.72737439910942, 50.38686825797379], [127.7272409887275, 50.38659698223555], [127.72723376775808, 50.38686671914411], [127.72737439910942, 50.38686825797379]]], [[[127.72750059139341, 50.38740927046919], [127.72736236524474, 50.38731781948282], [127.72735995843513, 50.38740773178017], [127.72750059139341, 50.38740927046919]]], [[[127.7298697347761, 50.3882446135754], [127.72973150161899, 50.3881531653652], [127.72972909921795, 50.3882430777322], [127.7298697347761, 50.3882446135754]]], [[[127.72092294862975, 50.39660079768529], [127.72078470887611, 50.39650933891717], [127.7207822888399, 50.39659925084155], [127.72092294862975, 50.39660079768529]]], [[[127.71967154376102, 50.396047398637684], [127.71951635128485, 50.39658532159633], [127.71923503196354, 50.396582224338125], [127.7195066614436, 50.39694496910215], [127.7190822560001, 50.39703023475881], [127.71893190069822, 50.39738833307756], [127.71935388680488, 50.397392979862765], [127.71992622201573, 50.39703952566067], [127.71995285996515, 50.396050494816706], [127.71967154376102, 50.396047398637684]]], [[[127.72505109083895, 50.400063781734616], [127.72491524561084, 50.39988241577414], [127.72491042057459, 50.400062239805926], [127.72505109083895, 50.400063781734616]]], [[[127.72440769288602, 50.41354748246829], [127.72455806043301, 50.413189378120876], [127.72342513857424, 50.41344676611813], [127.72327717845843, 50.413714957170775], [127.72355376712656, 50.4138978689158], [127.72384485235217, 50.41354130943401], [127.72440769288602, 50.41354748246829]]], [[[127.72102338950177, 50.413780138431946], [127.72088510016802, 50.413688679669605], [127.72088267884631, 50.41377859133058], [127.72102338950177, 50.413780138431946]]], [[[127.7357621784993, 50.4152903197547], [127.73562385612061, 50.41519887829363], [127.73562146256606, 50.41528879044515], [127.7357621784993, 50.4152903197547]]], [[[127.71862162691701, 50.419329879907195], [127.71918938491285, 50.419156255688605], [127.71891278299417, 50.418973333624386], [127.71906563496111, 50.41852532562789], [127.7187890371546, 50.41834240328133], [127.71836201205973, 50.4185175760569], [127.71849303155528, 50.41887877231164], [127.71834745279808, 50.41905704501878], [127.71806600052876, 50.419053943940156], [127.71834259961221, 50.41923686799422], [127.71833046643161, 50.41968642540687], [127.71889095296571, 50.41978253715766], [127.71875507638168, 50.419601164357566], [127.71903895728666, 50.41951435228789], [127.71862162691701, 50.419329879907195]]], [[[127.72276847465885, 50.42216356482709], [127.7226301578085, 50.42207210805961], [127.7226277390702, 50.422162019651495], [127.72276847465885, 50.42216356482709]]], [[[127.71885219143518, 50.43165394226764], [127.71871385490024, 50.43156248083849], [127.71871142793033, 50.43165239214556], [127.71885219143518, 50.43165394226764]]], [[[127.7203254477427, 50.43445823398777], [127.72018710026255, 50.43436677427076], [127.72018467584152, 50.43445668558599], [127.7203254477427, 50.43445823398777]]], [[[127.73356369044386, 50.44494593374622], [127.73342528694924, 50.44485448951566], [127.73342288670878, 50.44494440113019], [127.73356369044386, 50.44494593374622]]], [[[127.73313407688067, 50.445211070192656], [127.73355169039172, 50.445395491820975], [127.73342288670878, 50.44494440113019], [127.73313407688067, 50.445211070192656]]], [[[127.73151551418493, 50.447801630479255], [127.73150349351037, 50.44825118797625], [127.73249639471233, 50.44799219487718], [127.73250360144299, 50.44772246026777], [127.73151551418493, 50.447801630479255]]], [[[127.72489252552732, 50.447909116522204], [127.72474929653573, 50.44799748461448], [127.72489010885741, 50.447999027791894], [127.72489252552732, 50.447909116522204]]], [[[127.71986463462815, 50.45154135792759], [127.71972623883325, 50.45144989755768], [127.71972381206852, 50.45153980859136], [127.71986463462815, 50.45154135792759]]], [[[127.71826456621964, 50.45341243619032], [127.7181261681523, 50.45332097392823], [127.71812373819377, 50.45341088487664], [127.71826456621964, 50.45341243619032]]], [[[127.71796103759627, 50.45421853181721], [127.7178226377974, 50.454127069193234], [127.71782020719405, 50.45421698011844], [127.71796103759627, 50.45421853181721]]], [[[127.72764459685234, 50.45558394517031], [127.72807433574829, 50.45531883038798], [127.72765424517682, 50.45522430016904], [127.72750858658544, 50.45540258267151], [127.727372577349, 50.455221220015936], [127.72707401740273, 50.45584751778103], [127.72791903209247, 50.45585675844573], [127.72764459685234, 50.45558394517031]]], [[[127.72720520128375, 50.45620870321893], [127.72748205001577, 50.45639160628165], [127.72748687495705, 50.4562117838204], [127.72720520128375, 50.45620870321893]]], [[[127.72774442881877, 50.45711397608512], [127.72773719262132, 50.45738370975968], [127.72802128487488, 50.45729687789196], [127.7280381653422, 50.45666749921843], [127.72776613674857, 50.45630477498146], [127.72747963752671, 50.45648151751005], [127.72705953792328, 50.45638698509449], [127.7270450580019, 50.45692645235463], [127.72774442881877, 50.45711397608512]]], [[[127.78478773835909, 50.14905124147668], [127.78477634377165, 50.14950083127181], [127.78561824389854, 50.1494196964099], [127.78534748157426, 50.149057097472834], [127.78478773835909, 50.14905124147668]]], [[[127.80732999197525, 50.15441161591283], [127.80901835928996, 50.15406917649859], [127.80902506079676, 50.15379942043958], [127.80734117706375, 50.15396202277638], [127.80732999197525, 50.15441161591283]]], [[[127.8052217404845, 50.15474971184172], [127.80495079969634, 50.15438715766236], [127.80453094257545, 50.15438283644244], [127.80423085206571, 50.155189221435805], [127.80464623191385, 50.155373380835094], [127.8052217404845, 50.15474971184172]]], [[[127.83387939518757, 50.17941508307768], [127.83304142441867, 50.179316726156046], [127.83260600348994, 50.17994193831009], [127.83344617428193, 50.17995037936264], [127.8334527443764, 50.17968062214288], [127.83387939518757, 50.17941508307768]]], [[[127.82989217131032, 50.18782944183303], [127.82990974961542, 50.18711009110948], [127.8296340466433, 50.18692743160666], [127.82950718580057, 50.186386507408336], [127.8290914419338, 50.18620243534021], [127.8291134284709, 50.18530324692495], [127.82869989483439, 50.18502925465125], [127.82871748930279, 50.18430990388537], [127.82899757134045, 50.18431272779617], [127.82901076357051, 50.18377321460629], [127.82943747557974, 50.183507692471025], [127.8294462668901, 50.18314801691038], [127.83028868919564, 50.18306656228434], [127.83015304468853, 50.182885314158185], [127.83058413369106, 50.18243994980831], [127.83045068564351, 50.182168783072704], [127.83086859513573, 50.18226293124095], [127.83087518028476, 50.181993174376814], [127.83130186604528, 50.181727645128504], [127.8313062544458, 50.1815478071761], [127.83102618834474, 50.18154498894338], [127.83118597100697, 50.1807371273258], [127.83076807413443, 50.18064298036412], [127.83020356028238, 50.18081717861237], [127.8300481538895, 50.18144520087445], [127.82962366115841, 50.18162080657694], [127.82961487165575, 50.181980482255426], [127.82904813937942, 50.182244593614286], [127.8290371468284, 50.18269418806779], [127.82790805413661, 50.18304256441158], [127.82721667587283, 50.18267582162753], [127.82665212530954, 50.182850002295616], [127.82675691628687, 50.18429011760586], [127.82646802064123, 50.1846469634019], [127.82674810442471, 50.18464979274968], [127.82741748955269, 50.18591572629725], [127.82739547069642, 50.1868149140722], [127.82711317171328, 50.18690200495759], [127.82695109524387, 50.187799778241136], [127.8275046943764, 50.18807519045723], [127.82989217131032, 50.18782944183303]]], [[[127.794804715535, 50.19601510001518], [127.79465558539546, 50.19637331690909], [127.79535369548121, 50.19647049955465], [127.79563836994545, 50.19629356923758], [127.79564515687342, 50.19602381646833], [127.794804715535, 50.19601510001518]]], [[[127.82645059939473, 50.19678881505971], [127.82560572306569, 50.196960158468855], [127.82545461329101, 50.19740833498423], [127.82629508843188, 50.19741682988906], [127.82629949808045, 50.19723699274658], [127.8265796554981, 50.19723982301267], [127.82645059939473, 50.19678881505971]]], [[[127.81272040155018, 50.20240551332481], [127.81274493885816, 50.20141641465657], [127.81246922062587, 50.20123371473577], [127.8112061803429, 50.20131073738646], [127.81117491045197, 50.20256958952714], [127.81201100774328, 50.20275802442068], [127.81272040155018, 50.20240551332481]]], [[[127.82649383478852, 50.2121691183976], [127.82593113853481, 50.212253373889176], [127.82575570340128, 50.21369065072848], [127.82687892345972, 50.21361205732418], [127.8269053827014, 50.21253303717948], [127.82649383478852, 50.2121691183976]]], [[[127.82629749081758, 50.22017184542579], [127.82882452162208, 50.22001746532401], [127.8289734733966, 50.21965920473173], [127.82871300259738, 50.21884711456084], [127.82886415306277, 50.21839893569566], [127.82845474280454, 50.21794510543714], [127.82860148854478, 50.21767676349679], [127.82804974647357, 50.21731143712505], [127.82822072254751, 50.216053993999694], [127.82767781655768, 50.215328992540435], [127.82769764883403, 50.214519727460925], [127.82573583886052, 50.214499915361685], [127.82584506956039, 50.21576018753219], [127.82651485193861, 50.21702612250142], [127.82633279513716, 50.218733153784804], [127.82589691946322, 50.219358333472805], [127.82588367546938, 50.21989784273972], [127.82629749081758, 50.22017184542579]]], [[[127.75993517531062, 50.222360593929395], [127.7599608214837, 50.22137151800263], [127.75954271590176, 50.22127711384678], [127.75999112875479, 50.22020260985856], [127.76084829149202, 50.21958216888147], [127.76126871378344, 50.219586652202175], [127.76199269207812, 50.21869495997602], [127.76241543332307, 50.21860952297201], [127.76242706599264, 50.218159942314365], [127.76299458904079, 50.2178961635301], [127.762863755749, 50.217535006749294], [127.76342894440043, 50.21736114191369], [127.76344986492316, 50.21655189621905], [127.76387723192315, 50.216286621298316], [127.76374407228674, 50.21601538161055], [127.76430459418462, 50.21602134475854], [127.76445169224407, 50.21575308640578], [127.76557273038075, 50.21576500312652], [127.7655796915126, 50.21549525428252], [127.76642742215829, 50.215234435699536], [127.76645292764242, 50.2142453561309], [127.76533424545676, 50.214143531866625], [127.76492083479778, 50.213869314751854], [127.76479231906606, 50.21341824358], [127.76312014433098, 50.21304068881179], [127.76312711861792, 50.21277094008998], [127.76270675592276, 50.212766463931416], [127.76272070891618, 50.212226966533045], [127.76187999331894, 50.21221800982486], [127.76173289212325, 50.212486265055304], [127.7613125321504, 50.2124817838711], [127.76104626395849, 50.21193929848618], [127.76020555394759, 50.21193032969971], [127.76021953472853, 50.21139083273304], [127.75951895127275, 50.21138335424081], [127.7593858295853, 50.21111210961764], [127.75728409301017, 50.21108964648059], [127.75713696973249, 50.211357895776665], [127.75601370042979, 50.21143581445198], [127.75598096724315, 50.21269463860948], [127.75626120789435, 50.21269763910252], [127.7562448441153, 50.21332705113918], [127.75664417781769, 50.21414079478064], [127.7564923665698, 50.214588875012176], [127.75690807111724, 50.21477320577389], [127.7568963879817, 50.2152227857563], [127.75745456353314, 50.21531869787964], [127.75774182492532, 50.21505194686544], [127.75816220691195, 50.21505644113337], [127.75804075541029, 50.21433561489564], [127.75705987909711, 50.21432512498848], [127.75720701223166, 50.2140568759956], [127.75776750979978, 50.21406287050916], [127.75819955362172, 50.213617784328015], [127.75889317111566, 50.21389501926671], [127.75931587511899, 50.21380959319821], [127.75944434008578, 50.214260670022675], [127.75916175762055, 50.21434759322391], [127.75915476058694, 50.21461734146796], [127.75887450838412, 50.21461434787111], [127.7588675096648, 50.214884096073376], [127.75914776344696, 50.214887089698685], [127.75941868969687, 50.21524974697309], [127.76011699913354, 50.215347142586225], [127.76053738409185, 50.215351628280104], [127.76068683058527, 50.21499345868377], [127.76124733986373, 50.214999436491894], [127.76138048256622, 50.2152706789621], [127.76080832350351, 50.21571428238292], [127.7613665129546, 50.215810175803334], [127.76163513339152, 50.21626274414875], [127.76218867733819, 50.216538465955], [127.76245498319747, 50.217080948585235], [127.76071514025655, 50.21931092593239], [127.75986730655855, 50.21957170188542], [127.75957536531257, 50.22001828985982], [127.75915493949672, 50.22001380038458], [127.75872284565, 50.22045888927468], [127.7587041760156, 50.221178217015776], [127.75898213342538, 50.22127112727606], [127.75897046709379, 50.221720707106286], [127.75938624284782, 50.221905029309205], [127.76006133631061, 50.222901585612675], [127.7606172775228, 50.22308739911417], [127.75993517531062, 50.222360593929395]]], [[[127.8319424608435, 50.22436599479819], [127.8323409802568, 50.22526940455807], [127.83248114135064, 50.225270813058394], [127.83264544808884, 50.22428311956669], [127.8319424608435, 50.22436599479819]]], [[[127.78236287277144, 50.238966997430325], [127.7812435763838, 50.23886532233316], [127.7812344050166, 50.23922498810902], [127.78178374349444, 50.23968045112315], [127.78193311058808, 50.23932225506768], [127.78235600055494, 50.23923674687188], [127.78236287277144, 50.238966997430325]]], [[[127.78276056903088, 50.23987056902753], [127.7826226579724, 50.23977918377072], [127.78262036766789, 50.23986910024875], [127.78276056903088, 50.23987056902753]]], [[[127.78262036766789, 50.23986910024875], [127.78219976364859, 50.23986469289774], [127.78220434582762, 50.23968485996816], [127.78178374349444, 50.23968045112315], [127.78191019442086, 50.24022141962238], [127.78247100392802, 50.240227297179594], [127.78262036766789, 50.23986910024875]]], [[[127.75648229058932, 50.24193077162396], [127.75594955414812, 50.2408457818729], [127.75566914853538, 50.24084277941507], [127.75568553585896, 50.240213370512244], [127.75526727485418, 50.24011895010801], [127.7552743001517, 50.23984920345161], [127.75403828650504, 50.23884660921075], [127.75361769599975, 50.23884209848251], [127.7528023245724, 50.23784400203808], [127.75182566406578, 50.23765363341442], [127.7511364447353, 50.23719652421922], [127.75029059198819, 50.23736731129895], [127.75069001737718, 50.2381810728442], [127.75194472672707, 50.238464378514394], [127.7519212471735, 50.23936353306126], [127.75247734634827, 50.23954938618839], [127.75246795831599, 50.23990904803028], [127.75302171996614, 50.24018481405971], [127.75328335716927, 50.24090714668319], [127.75507554629829, 50.24209558979176], [127.75506617696983, 50.24245525183043], [127.75562466572657, 50.24255117464328], [127.75561530037892, 50.24291083672858], [127.75659442315398, 50.243011258688796], [127.75674866773129, 50.24247326557629], [127.75647059219934, 50.24238034942144], [127.75648229058932, 50.24193077162396]], [[127.75193063913773, 50.23900387126026], [127.75206848863579, 50.23909529250137], [127.7519282911645, 50.239093786712715], [127.75193063913773, 50.23900387126026]]], [[[127.76049723441996, 50.2493487916342], [127.75979609453555, 50.249341310740164], [127.75965119798813, 50.249519645163], [127.7604855707285, 50.24979836953827], [127.76077069385954, 50.24962152958303], [127.76049723441996, 50.2493487916342]]], [[[127.76004388029538, 50.25060312144428], [127.76074503876052, 50.25061060097879], [127.76089926277417, 50.2500726028833], [127.76019811216258, 50.25006512433693], [127.76004388029538, 50.25060312144428]]], [[[127.8007414667186, 50.26101360586167], [127.80101070836058, 50.261466084177044], [127.801431505485, 50.26147042479165], [127.80116225981534, 50.26101794742286], [127.8007414667186, 50.26101360586167]]], [[[127.79736606856818, 50.26133848508189], [127.7972235388802, 50.2614269501036], [127.79736380426745, 50.261428401713836], [127.79736606856818, 50.26133848508189]]], [[[127.7979090228948, 50.262063622973635], [127.79791581283634, 50.26179387304907], [127.79833661237184, 50.26179822488869], [127.79846556755884, 50.26224925845563], [127.79888410967901, 50.26234352500115], [127.79887732507389, 50.26261327499578], [127.79929813197674, 50.26261762340545], [127.79928908884354, 50.26297729009949], [127.79956962894774, 50.26298018822981], [127.7995628480612, 50.26324993826246], [127.80011941303805, 50.26343556593173], [127.80011489445565, 50.26361539931034], [127.80039543839283, 50.26361829547397], [127.80040221466545, 50.263348545376296], [127.8009632995096, 50.26335433561746], [127.80113743076998, 50.26200703172318], [127.80127092705546, 50.262278228868816], [127.80168947514184, 50.262372485351534], [127.80168045009489, 50.2627321523755], [127.802381797455, 50.262739381977], [127.80183199950434, 50.26228401482771], [127.80184102326675, 50.26192434775595], [127.80141796536498, 50.262009925352075], [127.80142473547647, 50.261740175078494], [127.80100393597662, 50.26173583442257], [127.80101070836058, 50.261466084177044], [127.80016911442078, 50.26145739837835], [127.8001826683813, 50.2609178980128], [127.8007414667186, 50.26101360586167], [127.80074824041148, 50.26074385560832], [127.80004918196578, 50.26064669962602], [127.80019396303345, 50.26046831433434], [127.79977543461564, 50.260374052575536], [127.79978221361043, 50.2601043023877], [127.79851985941323, 50.260091258317125], [127.79922568856983, 50.25991867328616], [127.79825291148282, 50.25954885766122], [127.79825743642388, 50.259369024278776], [127.79601555430204, 50.259255879528006], [127.79600875424025, 50.25952562938288], [127.79558797508463, 50.25952126925772], [127.79558117254425, 50.25979101905784], [127.79459934937475, 50.25978083941265], [127.79474414799833, 50.259602461012086], [127.79446362822888, 50.25959955137589], [127.79417856818894, 50.25977647416914], [127.79473507154172, 50.25996212729274], [127.7945857328993, 50.260320338779415], [127.79556756715317, 50.26033051861834], [127.79555396134822, 50.26087001812577], [127.79443185243588, 50.26085838312582], [127.79443639197295, 50.26067855003638], [127.79485945010478, 50.260592997842146], [127.79402014397878, 50.26049435107905], [127.79345455097368, 50.26066836059122], [127.79358799986554, 50.26093956628281], [127.79428931882387, 50.26094684452717], [127.79455849870581, 50.26139933735381], [127.7952575563939, 50.26149652635161], [127.79581861842412, 50.26150234127292], [127.79554715829055, 50.261139767859596], [127.79596795169776, 50.26114412823368], [127.79597475238006, 50.260874378458375], [127.79639554351536, 50.26087873726786], [127.79638874520838, 50.26114848708464], [127.79765112636052, 50.26116155449873], [127.7973592756315, 50.26160823497331], [127.79763980749614, 50.26161113770448], [127.79749501340412, 50.26178951968629], [127.7979090228948, 50.262063622973635]], [[127.79894742768461, 50.25982585774537], [127.79880490545531, 50.25991432478252], [127.7988071669218, 50.25982440807953], [127.79894742768461, 50.25982585774537]], [[127.79998366067912, 50.26325428422993], [127.79984564957405, 50.26316291905809], [127.79971441902282, 50.26280180366945], [127.80013070929364, 50.26298598245947], [127.79998366067912, 50.26325428422993]]], [[[127.80236826746021, 50.26327888260636], [127.80251304806634, 50.263100494500016], [127.80209223641418, 50.26309615769958], [127.80221220901967, 50.263906854298845], [127.80264204608388, 50.26355152363953], [127.80236826746021, 50.26327888260636]]], [[[127.79881852083992, 50.26495110772723], [127.79868050714065, 50.264859741178775], [127.79867824503202, 50.26494965779928], [127.79881852083992, 50.26495110772723]]], [[[127.7977890502306, 50.26682920278781], [127.79778225836098, 50.26709895246487], [127.79806282252278, 50.267101854403506], [127.79892034803379, 50.26648113996548], [127.79933892802967, 50.26657540507741], [127.79963079149603, 50.26612872009131], [127.80033218821119, 50.26613596241293], [127.80033896544585, 50.265866212438986], [127.80147924967561, 50.26515845761906], [127.80135025858638, 50.26470742735893], [127.80191812756298, 50.264443462940214], [127.80221220901967, 50.263906854298845], [127.80179139030899, 50.26390251635909], [127.8009249172189, 50.26488291964114], [127.80094975319652, 50.26389383590971], [127.80038866201711, 50.26388804555837], [127.8006737241233, 50.26371110766605], [127.79997010334807, 50.26379378433815], [127.79981853146943, 50.26424191918406], [127.79925065348127, 50.264505873286275], [127.7992393483325, 50.26495545649549], [127.79881852083992, 50.26495110772723], [127.79880721144471, 50.26540069083065], [127.79809903618535, 50.2656631891587], [127.79837280369081, 50.26593584006276], [127.79780716137783, 50.26610987025082], [127.7978026336599, 50.2662897033939], [127.79864431202628, 50.26629840693011], [127.79878006772643, 50.26647969012863], [127.7977890502306, 50.26682920278781]], [[127.79864431202628, 50.26629840693011], [127.79892713332615, 50.266211390147085], [127.79892487157349, 50.26630130675469], [127.79864431202628, 50.26629840693011]], [[127.79921221480615, 50.26603445604737], [127.79949051218735, 50.26612727111918], [127.79920995360443, 50.26612437266713], [127.79921221480615, 50.26603445604737]], [[127.80005614871467, 50.26595323269597], [127.79991812975841, 50.265861867595156], [127.80005840830945, 50.26586331604571], [127.80005614871467, 50.26595323269597]], [[127.80005840830945, 50.26586331604571], [127.8002032054991, 50.265684931012835], [127.80019868687191, 50.26586476432698], [127.80005840830945, 50.26586331604571]], [[127.80035026060791, 50.26541662911963], [127.80063307362019, 50.26532960811246], [127.80034574257743, 50.26559646245179], [127.80035026060791, 50.26541662911963]], [[127.79953120256043, 50.26450877157286], [127.80008778199898, 50.264694399458186], [127.79952668159123, 50.26468860487935], [127.79953120256043, 50.26450877157286]]], [[[127.79711482627307, 50.2657429464834], [127.79767593857245, 50.2657487527928], [127.79780942521961, 50.266019953677066], [127.7980922463474, 50.26593293892084], [127.79781395286868, 50.265840120525155], [127.7978207442562, 50.265570370786214], [127.79711482627307, 50.2657429464834]]], [[[127.79624595687427, 50.26681323017428], [127.79709217448308, 50.26664211196863], [127.79681614462811, 50.26645937463939], [127.79710803085665, 50.26601269614442], [127.79598126591414, 50.26618090831665], [127.79624822371201, 50.26672331366298], [127.79553774672046, 50.2670757125805], [127.79538385386118, 50.26761375749332], [127.7956644208006, 50.267616665242564], [127.79567349272072, 50.2672569993153], [127.79624595687427, 50.26681323017428]]], [[[127.79676402953561, 50.26852745455224], [127.79705819464462, 50.26799085992025], [127.79693150382774, 50.26744990869136], [127.79650838830798, 50.26753546792041], [127.79648572365963, 50.26843463292674], [127.7947977539651, 50.26859702083757], [127.79465292767566, 50.268775398838976], [127.79493123188645, 50.26886822483685], [127.79464384758028, 50.269135064536904], [127.7960512618385, 50.26896977282163], [127.79605579658228, 50.26878993987747], [127.79676402953561, 50.26852745455224]]], [[[127.7947727864174, 50.26958610153329], [127.79448539684103, 50.26985294077173], [127.79447404468208, 50.270302522778955], [127.79545381552002, 50.27040262144669], [127.7953294058025, 50.26977175234055], [127.7947727864174, 50.26958610153329]]], [[[127.79447177421576, 50.27039243917599], [127.7943337533773, 50.270301067496305], [127.7943314826469, 50.27039098388872], [127.79447177421576, 50.27039243917599]]], [[[127.77252482619994, 50.299842871975095], [127.77183683420117, 50.29929596715386], [127.7712591167847, 50.299919439429374], [127.77252482619994, 50.299842871975095]]], [[[127.7584138005661, 50.34025569312745], [127.75786823557337, 50.33962029228119], [127.75778168350615, 50.33755076694696], [127.75737195105629, 50.33709669285257], [127.75709097911357, 50.33709368968881], [127.75693171940902, 50.33781150060019], [127.75749367177615, 50.33781750708021], [127.75730156941461, 50.339794115598025], [127.75768786836306, 50.34114733058816], [127.75798293458658, 50.34061084803109], [127.75785181923725, 50.3402496908845], [127.7584138005661, 50.34025569312745]]], [[[127.76100367701162, 50.343341248321565], [127.7605798229367, 50.34342667020757], [127.7605751422201, 50.34360649845353], [127.7615516644055, 50.34388672052628], [127.76141817456843, 50.34361548148994], [127.76183969090292, 50.34361997071686], [127.76184670480109, 50.34335022821747], [127.76100367701162, 50.343341248321565]]], [[[127.76183501491145, 50.343799799042436], [127.76169217064579, 50.343888216949495], [127.76183267689792, 50.34388971320299], [127.76183501491145, 50.343799799042436]]], [[[127.76265234978132, 50.3447978289689], [127.76262664704463, 50.34578688478838], [127.7634697186447, 50.34579585323263], [127.76349773883021, 50.34471688289736], [127.76265935936947, 50.34452808644164], [127.76267571466, 50.34389868715974], [127.76183267689792, 50.34388971320299], [127.7620973267229, 50.34452210434984], [127.76265234978132, 50.3447978289689]], [[127.76238535409482, 50.34425535322315], [127.76252352471981, 50.34434676282391], [127.76238301708256, 50.34434526739532], [127.76238535409482, 50.34425535322315]]], [[[127.7647885307332, 50.34913761267588], [127.76465034197136, 50.34904620570714], [127.76464800883909, 50.34913611988162], [127.7647885307332, 50.34913761267588]]], [[[127.76530631186199, 50.35085195164017], [127.76517044946172, 50.35067063110274], [127.76516578488085, 50.35085045943499], [127.76530631186199, 50.35085195164017]]], [[[127.76642193341566, 50.3566198803904], [127.76655082663875, 50.35707094179332], [127.76782039142165, 50.356904523339615], [127.76796791893216, 50.35663626996416], [127.76755327117588, 50.35636205964543], [127.76770312639192, 50.356003892413355], [127.76729547165897, 50.3554599386839], [127.76759284969494, 50.3548335187163], [127.7669204364049, 50.3536571851624], [127.76694605711513, 50.352668129088656], [127.76653377931545, 50.35230400105004], [127.7662830104674, 50.35113213492391], [127.76586142692365, 50.351127661321584], [127.76600661622852, 50.35094932431193], [127.76642586828352, 50.351043711581596], [127.76630631203291, 50.3502329928692], [127.76574654242754, 50.350137113721175], [127.76591503705755, 50.34905963470151], [127.76521476061747, 50.34896226165173], [127.76494304807245, 50.34859962017439], [127.76509289739002, 50.34824145580157], [127.76397341226526, 50.348049683456885], [127.76396874359727, 50.348229511789505], [127.76424978197439, 50.34823249881103], [127.76410459459494, 50.34841083372134], [127.76452148716422, 50.34859514187689], [127.76451448711383, 50.34886488440391], [127.76493605040909, 50.348869362744026], [127.76479086360024, 50.34904769849664], [127.76506957455693, 50.34914059775511], [127.76505091543787, 50.349859911211624], [127.76547248762799, 50.34986438767094], [127.76559902324425, 50.350405364628514], [127.76544683885494, 50.3508534436756], [127.76530631186199, 50.35085195164017], [127.76527832656528, 50.35193092156649], [127.76428527942502, 50.35228012862933], [127.76413541079295, 50.35263829157957], [127.76483573885379, 50.35273567144845], [127.7648217401513, 50.35327515616689], [127.76523401302471, 50.353639290181654], [127.76508881245746, 50.35381762606445], [127.76536755177155, 50.35391052474226], [127.76535589075182, 50.35436009534341], [127.76605857762448, 50.35436755389705], [127.766332661274, 50.35464027857234], [127.76603992998969, 50.35508686697143], [127.76575885096007, 50.35508388398362], [127.76602827483326, 50.35553643759495], [127.76574252994367, 50.35571328277994], [127.76602361268785, 50.35571626583402], [127.76601428825498, 50.35607592229444], [127.7664335853022, 50.35617030978449], [127.76615016894934, 50.356257241816536], [127.76614084529372, 50.356616898260455], [127.76642193341566, 50.3566198803904]], [[127.76602827483326, 50.35553643759495], [127.766166484891, 50.355627842982834], [127.76602594376648, 50.355626351715216], [127.76602827483326, 50.35553643759495]], [[127.766435915644, 50.35608039565888], [127.76657878819533, 50.355991972308935], [127.7668598726735, 50.355994953353836], [127.76685521359376, 50.356174781634905], [127.766435915644, 50.35608039565888]], [[127.76656713775382, 50.35644154295327], [127.7667123409951, 50.356263205321504], [127.76699342708896, 50.35626618605517], [127.76698643914115, 50.356535928475495], [127.76656713775382, 50.35644154295327]], [[127.76470220632467, 50.35246443626954], [127.76483807192943, 50.35264575732354], [127.76469753967842, 50.35264426451431], [127.76470220632467, 50.35246443626954]]], [[[127.76481474064013, 50.35354489850617], [127.76495294262708, 50.35363630530787], [127.76495527555588, 50.353546391193], [127.76481474064013, 50.35354489850617]]], [[[127.77014227788727, 50.35953732775238], [127.77001102045723, 50.35917618442184], [127.77056858221545, 50.35936195794557], [127.77099952735563, 50.359006758080945], [127.77058716424096, 50.35864264417904], [127.76988673708965, 50.35854529832842], [127.76962655772013, 50.35773309667411], [127.76892614598985, 50.357635745134274], [127.76809682687946, 50.35708732975928], [127.76808286297565, 50.35762681473379], [127.7669491682881, 50.35797455449273], [127.76706642322722, 50.35887518581086], [127.76788877750485, 50.359693350874025], [127.76790274463201, 50.35915386613158], [127.76846727801049, 50.35906990726385], [127.76833603455128, 50.35870876211619], [127.76791903907582, 50.35852446719823], [127.76835697674717, 50.35789953470887], [127.76863807267743, 50.35790251153737], [127.768631093644, 50.358172254048114], [127.76918398753327, 50.358537862459904], [127.76902948376485, 50.35907585980794], [127.7694488133107, 50.35917023661378], [127.76929663557982, 50.359618320095784], [127.76887265037217, 50.35970377102948], [127.76943253872251, 50.359799635838485], [127.77014227788727, 50.35953732775238]], [[127.76750204684396, 50.35834017080274], [127.76791438357954, 50.358704295472286], [127.76776219300483, 50.359152376887025], [127.76721396127735, 50.358606933556814], [127.76750204684396, 50.35834017080274]]], [[[127.77146888764784, 50.36260926735128], [127.77119472926094, 50.36233655460202], [127.77135154136322, 50.36170864036841], [127.77204969790947, 50.36189589193005], [127.77204273722344, 50.36216563459971], [127.77261193780073, 50.36190182739694], [127.77233545716828, 50.361719031530484], [127.77234937489584, 50.361179546077075], [127.77206825922048, 50.361176578079316], [127.7720775395932, 50.36081692111854], [127.77166747353537, 50.36036289674119], [127.77168139816473, 50.359823411296276], [127.77099023943313, 50.359366415008985], [127.77096701880143, 50.3602655572258], [127.7705430306977, 50.360351014220356], [127.77053606185423, 50.36062075680975], [127.77095308585638, 50.36080504248505], [127.76983095718452, 50.360703238814054], [127.76968575171718, 50.36088158019272], [127.77037227285726, 50.36151841253787], [127.77062783866052, 50.36251044058632], [127.77104255727403, 50.36278464017504], [127.77102862394028, 50.36332412521465], [127.77172216084014, 50.36369120720277], [127.77131903900407, 50.36296743909142], [127.77146888764784, 50.36260926735128]]], [[[127.7703583325514, 50.362057897559964], [127.77022241956537, 50.36187658289584], [127.77021777221871, 50.36205641122119], [127.7703583325514, 50.362057897559964]]], [[[127.77315099641578, 50.362806902703724], [127.77272930837538, 50.36280245325512], [127.7727409032364, 50.36235288206555], [127.77246673895722, 50.36208017226115], [127.77244354398536, 50.36297931455353], [127.77285595841451, 50.36334342198155], [127.77270843688358, 50.363611681303404], [127.77354487480663, 50.36389032166709], [127.7731324503964, 50.363526216643294], [127.77315099641578, 50.362806902703724]]], [[[127.78367024821226, 50.36381678805537], [127.7835319806601, 50.36372540318605], [127.7835296819866, 50.36381531776719], [127.78367024821226, 50.36381678805537]]], [[[127.7812622001769, 50.36451108605501], [127.78070453578502, 50.36432536323059], [127.78071144790849, 50.36405561978964], [127.78000861414249, 50.36404824874598], [127.7800016980371, 50.36431799211676], [127.78028283310114, 50.364320941071846], [127.78027130867932, 50.36477051337378], [127.78082897653037, 50.364956238287164], [127.78082436875668, 50.365136067229145], [127.78153182392077, 50.364963604469104], [127.7812622001769, 50.36451108605501]]], [[[127.7731046299545, 50.36460518737559], [127.77269220284153, 50.36424108081388], [127.77199168895191, 50.36414374710485], [127.77212529476965, 50.364414973917214], [127.7725446775181, 50.36450933986043], [127.77183951836987, 50.36459183359649], [127.77182791407253, 50.36504140446033], [127.7722449816015, 50.36522568568283], [127.77211601357337, 50.36477463066073], [127.7730953560971, 50.36496484423914], [127.7731046299545, 50.36460518737559]]], [[[127.77376344285578, 50.36632097053554], [127.77404458909895, 50.366323934653856], [127.77419442830649, 50.365965759532635], [127.77349620365615, 50.3657785204817], [127.77349156803776, 50.3659583489063], [127.77306753339444, 50.36604381468814], [127.7737564907916, 50.3665907131719], [127.77360896392459, 50.3668589734528], [127.77403068805064, 50.366863419969725], [127.774042272287, 50.36641384887686], [127.77375880815809, 50.366500798961255], [127.77376344285578, 50.36632097053554]]], [[[127.7862332074533, 50.36807067929143], [127.78455085530321, 50.367873231621196], [127.78497488641452, 50.367787723963026], [127.78484579093434, 50.367336682338966], [127.785970404831, 50.367348427754365], [127.78640130937711, 50.366993170987314], [127.78626761490746, 50.366721960060445], [127.78669392567474, 50.366546531387584], [127.78670080439164, 50.36627678745086], [127.78628367082239, 50.36609255763917], [127.78644259071238, 50.365374707468185], [127.78616603642426, 50.36519194406691], [127.78617521157246, 50.364832285467706], [127.78548843026275, 50.36419554491627], [127.7838131125922, 50.363728343583226], [127.78352508460458, 50.363995146925014], [127.78394678490935, 50.363999557308], [127.78379472712467, 50.36444766026565], [127.7843409191601, 50.36508294132139], [127.78419345656081, 50.36535121555979], [127.78391920919339, 50.36507853229916], [127.78307578957511, 50.365069709668546], [127.78292831991295, 50.365337982252235], [127.78250660790721, 50.365333568092275], [127.78249970564607, 50.36560331165359], [127.78193741994954, 50.3655974236729], [127.78222316535546, 50.36542053898224], [127.78208719753339, 50.365239237894215], [127.78152261363614, 50.36532326244066], [127.7816562771714, 50.36559447866339], [127.78095802779048, 50.36540728423053], [127.78080363319587, 50.36594529739504], [127.78108477795757, 50.365948244480265], [127.78121383417277, 50.36639929010101], [127.78150188981162, 50.366132492790435], [127.78149267891885, 50.36649215068533], [127.78177152476201, 50.36658501060742], [127.7817554088846, 50.36721441192183], [127.78259426464756, 50.3674030733872], [127.7832833519579, 50.36794991623284], [127.78271643725724, 50.36812386081875], [127.78271183609907, 50.36830368978837], [127.7834009376362, 50.36885053195763], [127.78311287583891, 50.369117333807836], [127.78353232236555, 50.369211660505364], [127.78352542496982, 50.36948140398857], [127.78492895863435, 50.36958601500496], [127.78521471726414, 50.36940912317503], [127.78493814456364, 50.36922635684373], [127.78521930914326, 50.36922929407283], [127.7853667783852, 50.36896101875422], [127.78606968611352, 50.36896835793473], [127.7859382827123, 50.36860723210543], [127.7862332074533, 50.36807067929143]], [[127.7850833192112, 50.36904799644445], [127.78465927701488, 50.36913350440046], [127.78465238602719, 50.369403248000026], [127.78409005497691, 50.369397370106896], [127.78424672210625, 50.36876943817997], [127.78523078863704, 50.368779721291546], [127.7850833192112, 50.36904799644445]], [[127.78565253161088, 50.36878412579117], [127.7857908178122, 50.36887550819579], [127.78565023653204, 50.36887404036435], [127.78565253161088, 50.36878412579117]], [[127.78248820164384, 50.36605288422629], [127.78332933926127, 50.36615162577975], [127.78332014217429, 50.36651128391754], [127.78388014071882, 50.36660707983992], [127.7840115231989, 50.366968207964796], [127.78443324992662, 50.36697261677129], [127.78427888915931, 50.3675106346532], [127.78343542632062, 50.367501814324214], [127.7834561182701, 50.36669258358496], [127.78247439645551, 50.36659237126489], [127.78248820164384, 50.36605288422629]], [[127.7810893848799, 50.36576841554613], [127.78122765355748, 50.365859803297084], [127.78108708142457, 50.36585833001394], [127.7810893848799, 50.36576841554613]], [[127.78547695506937, 50.364645118096725], [127.78561522903935, 50.364736500685275], [127.78547465999574, 50.3647350327284], [127.78547695506937, 50.364645118096725]]], [[[127.77498693035838, 50.36795276009794], [127.77486487539159, 50.36723196537781], [127.77458140782961, 50.36731891743089], [127.77456982831511, 50.36776848854404], [127.77430025565133, 50.36731595456805], [127.7738762102652, 50.367401423201834], [127.77456288046525, 50.36803823119423], [127.77441535349384, 50.368306492432936], [127.77469419579376, 50.36839936927353], [127.774975354415, 50.36840233122997], [127.77470345869615, 50.36803971240847], [127.77498693035838, 50.36795276009794]]], [[[127.77441998600712, 50.36812666401921], [127.77428172403874, 50.36803526825616], [127.77427940753424, 50.36812518246053], [127.77441998600712, 50.36812666401921]]], [[[127.77620356203515, 50.36985427967622], [127.77550527246298, 50.36966705234095], [127.77548212866986, 50.37056619447579], [127.775772555712, 50.3702094977454], [127.7761943098759, 50.370213936629995], [127.77620356203515, 50.36985427967622]]], [[[127.77505574100257, 50.37074158136758], [127.77546592731522, 50.37119559388241], [127.77547287082345, 50.370925851288426], [127.77505574100257, 50.37074158136758]]], [[[127.7750441645642, 50.37119115229445], [127.77532071012439, 50.3713739419022], [127.77532533971979, 50.37119411352299], [127.7750441645642, 50.37119115229445]]], [[[127.77460155641862, 50.37199593662598], [127.7753137656431, 50.37164368445996], [127.77518012200957, 50.37137246136349], [127.77461776966796, 50.3713665375097], [127.77474909415469, 50.371727675393515], [127.77446328298296, 50.37190454105455], [127.77444938393037, 50.37244402593447], [127.77473288243498, 50.37235707450141], [127.77460155641862, 50.37199593662598]]], [[[127.77425550296459, 50.374510569092834], [127.774958489782, 50.37451797600703], [127.77497238408377, 50.373978491217855], [127.77427172223854, 50.37388117033153], [127.77425550296459, 50.374510569092834]]], [[[127.77508519404923, 50.37505894164439], [127.774958489782, 50.37451797600703], [127.77494459505674, 50.375057460743086], [127.77508519404923, 50.37505894164439]]], [[[127.78760621604998, 50.38040656801619], [127.78775370764473, 50.38013829032941], [127.7870506344159, 50.38013096015618], [127.78690313889379, 50.38039923692342], [127.78619776703997, 50.380481815992916], [127.78604797030101, 50.38084000602079], [127.78646752581987, 50.380934322728216], [127.78760621604998, 50.38040656801619]]], [[[127.7850521679801, 50.38127929986914], [127.78518589496181, 50.381550511770094], [127.78561004735559, 50.38146500286086], [127.78604797030101, 50.38084000602079], [127.7853425905016, 50.380922579839996], [127.78433758567127, 50.38172152491141], [127.78489546735389, 50.38190723133415], [127.7850429789848, 50.38163895729627], [127.78476403886482, 50.38154610477504], [127.7850521679801, 50.38127929986914]]], [[[127.75100408663306, 50.38163815538126], [127.75228615597776, 50.381022346324066], [127.75255323491942, 50.38156484256377], [127.75285569194678, 50.38075863913874], [127.75228851512014, 50.38093243306605], [127.75215497812663, 50.38066118471477], [127.75200492516657, 50.38101932897908], [127.75101589460158, 50.38118858934371], [127.75100408663306, 50.38163815538126]]], [[[127.78518359796121, 50.38164042612933], [127.78504527625114, 50.3815490429417], [127.7850429789848, 50.38163895729627], [127.78518359796121, 50.38164042612933]]], [[[127.75167884822632, 50.38272466221183], [127.75123101270145, 50.38370917868985], [127.75149809410028, 50.38425167712911], [127.751779343972, 50.384254695838685], [127.75166468537634, 50.383264141445444], [127.75195300931017, 50.382997420070815], [127.75167884822632, 50.38272466221183]]], [[[127.78594007798567, 50.385065981179984], [127.7851146825166, 50.384337856220995], [127.78426862204192, 50.38441895411938], [127.78426172510086, 50.38468869696722], [127.78481044916613, 50.38523406108102], [127.78594007798567, 50.385065981179984]]], [[[127.75542794648977, 50.38995991803101], [127.75487479849821, 50.38959424424606], [127.75486537852005, 50.38995389708446], [127.75458409460697, 50.38995088559117], [127.75457938348274, 50.39013071198239], [127.7554138225438, 50.390499397358944], [127.75542794648977, 50.38995991803101]]], [[[127.75582634041889, 50.39086356428288], [127.75483711743685, 50.39103285545778], [127.75483005189682, 50.391302595017876], [127.75566686698741, 50.391581365480455], [127.75582634041889, 50.39086356428288]]], [[[127.75595521992959, 50.39131463476421], [127.7558122205407, 50.391403043608136], [127.75595286685254, 50.39140454798616], [127.75595521992959, 50.39131463476421]]], [[[127.75595286685254, 50.39140454798616], [127.75594110128789, 50.391854114073794], [127.75636069193186, 50.39194853948687], [127.75636539662229, 50.39176871303056], [127.75595286685254, 50.39140454798616]]], [[[127.75649898778941, 50.392039956444215], [127.75636069193186, 50.39194853948687], [127.7563583395687, 50.392038452712804], [127.75649898778941, 50.392039956444215]]], [[[127.74785668287078, 50.41569094155087], [127.7477183357938, 50.41559951429719], [127.74771596509763, 50.415689426859856], [127.74785668287078, 50.41569094155087]]], [[[127.77837422065846, 50.416734913520436], [127.77823581119038, 50.41664352213441], [127.77823349817237, 50.41673343571611], [127.77837422065846, 50.416734913520436]]], [[[127.778092775698, 50.41673195774163], [127.77823118514257, 50.416823349296365], [127.77823349817237, 50.41673343571611], [127.778092775698, 50.41673195774163]]], [[[127.77851494315634, 50.41673639115458], [127.77836728233262, 50.41700465427082], [127.77808583577466, 50.41700169846388], [127.77821730671704, 50.41736283074686], [127.77878714025773, 50.417099000299565], [127.77879638818732, 50.416739345912376], [127.77851494315634, 50.41673639115458]]], [[[127.77807658237889, 50.417361352739526], [127.77821268048112, 50.41754265788523], [127.77821730671704, 50.41736283074686], [127.77807658237889, 50.417361352739526]]], [[[127.77532398870994, 50.420390295623825], [127.77491802640499, 50.41975645647809], [127.77449583266991, 50.419752009822794], [127.77462264320415, 50.42029297266504], [127.77532398870994, 50.420390295623825]]], [[[127.77448191037314, 50.420291490248175], [127.77462032304638, 50.42038288606881], [127.77462264320415, 50.42029297266504], [127.77448191037314, 50.420291490248175]]], [[[127.77986864263097, 50.42979157275289], [127.77958943164971, 50.42969870661518], [127.7801594069572, 50.42943487100471], [127.77988250841528, 50.42925209212924], [127.78017788993664, 50.42871556337255], [127.77990330629868, 50.42844287109424], [127.78018713114442, 50.4283559095211], [127.77990792792129, 50.42826304418136], [127.7803325081769, 50.42817755826308], [127.78033943808965, 50.4279078178361], [127.77948565776582, 50.42825861509482], [127.77960098910503, 50.429249139471985], [127.77928016423554, 50.43077471411084], [127.77955475752081, 50.43104740782362], [127.77999091766361, 50.430512356307425], [127.77999553929381, 50.43033252945298], [127.77971401356527, 50.43032957702373], [127.77986864263097, 50.42979157275289]]], [[[127.77995625393909, 50.43186105752778], [127.77996549785748, 50.43150140390145], [127.77968396520083, 50.431498451350336], [127.7795501341038, 50.43122723462634], [127.77954319889015, 50.43149697481939], [127.7792593540097, 50.43158393463208], [127.77924316762012, 50.43221332828828], [127.77995625393909, 50.43186105752778]]], [[[127.78377125491829, 50.44233375417926], [127.7836350660351, 50.442152455635174], [127.78363045625693, 50.442332282365534], [127.78377125491829, 50.44233375417926]]], [[[127.78163388054777, 50.443300705281], [127.78177237347589, 50.44339209281667], [127.781774681978, 50.44330217953071], [127.78163388054777, 50.443300705281]]], [[[127.78191086693731, 50.4434834801899], [127.78177237347589, 50.44339209281667], [127.78177006496203, 50.44348200610115], [127.78191086693731, 50.4434834801899]]], [[[127.7813544342612, 50.45418020161484], [127.78162455328375, 50.45463271662376], [127.7820493674103, 50.45454722648883], [127.78218096762657, 50.45490835296355], [127.78303059739316, 50.45473736709673], [127.78289668386388, 50.45446615468113], [127.78247648810884, 50.454371821653346], [127.78261963024207, 50.45428338197224], [127.78249033633624, 50.453832342797746], [127.78206783821103, 50.45382792147215], [127.78221790495898, 50.4534697428553], [127.78263347679811, 50.45374390307973], [127.78251341577608, 50.45293321125386], [127.78210016030383, 50.452569137466], [127.78181157484646, 50.45283592862085], [127.78181619323803, 50.452656102338246], [127.7812551867819, 50.452560290607614], [127.78113053115862, 50.45192942365293], [127.78169383927586, 50.45193532279045], [127.7817007672936, 50.45166558333416], [127.78099894682781, 50.451568295924936], [127.78100587870624, 50.45129855652122], [127.78044257829383, 50.451292654107355], [127.78044720162153, 50.45111282786832], [127.78087198615846, 50.45102734177038], [127.7800316653406, 50.450838659969705], [127.7800362901513, 50.45065883374405], [127.7803179365287, 50.45066178624835], [127.78019792199932, 50.449851091950826], [127.77963926509439, 50.44966535951815], [127.77963463894193, 50.449845185748075], [127.7793529974838, 50.449842231624515], [127.77936687900099, 50.44930275297329], [127.77964620423485, 50.44939562016218], [127.77939464076455, 50.448223795511645], [127.78023953647227, 50.44823265533154], [127.78025340711665, 50.4476931763523], [127.78067585032825, 50.44769760387809], [127.78083746032691, 50.44688986064227], [127.78154152063794, 50.446897235382345], [127.78155537582224, 50.44635775601748], [127.78240716161474, 50.446096860129], [127.78255489310966, 50.44582859368791], [127.78227327518643, 50.44582564680008], [127.78227789067941, 50.44564582026884], [127.78284343110143, 50.44556180003915], [127.78286419053278, 50.44475258039394], [127.78370902552356, 50.44476141458848], [127.78385444074088, 50.444583059688576], [127.78373668408724, 50.44368245453922], [127.78289186829652, 50.44367362068131], [127.78331658174322, 50.443588125043746], [127.78318039109026, 50.443406825992554], [127.78374359846443, 50.44341271449376], [127.78376434096306, 50.44260349427778], [127.78334194261437, 50.44259907828357], [127.78335116439759, 50.44223942487202], [127.7836350660351, 50.442152455635174], [127.78335577521885, 50.442059598157414], [127.78363967576638, 50.441972628898895], [127.78336038599323, 50.44187977143689], [127.78346642086184, 50.43774375523817], [127.78290789259634, 50.43755803904672], [127.78290328081472, 50.43773786587129], [127.78262171086155, 50.43773492016611], [127.78265630607707, 50.43638621897831], [127.78181162048932, 50.436377378196795], [127.7818323907454, 50.43556815757759], [127.7809900293202, 50.43546939753722], [127.78102235894202, 50.43421061004266], [127.7801777125801, 50.43420175767529], [127.78022623627702, 50.432313576481974], [127.7792408552317, 50.43230324166184], [127.77921079311253, 50.433472115383935], [127.77947152882089, 50.434284289370524], [127.77932150462075, 50.43464246589248], [127.77974614316314, 50.434556982623604], [127.7793076298082, 50.43518194590103], [127.77972533808762, 50.43536620275639], [127.77957531223352, 50.4357243795294], [127.77999764881349, 50.43572880876164], [127.78012918370153, 50.4360899382185], [127.78068768368179, 50.43627566759339], [127.78039919104286, 50.436542456632566], [127.7806784436691, 50.43663532101967], [127.7805284208063, 50.43699349896771], [127.78081229594359, 50.43690653635358], [127.78066227319465, 50.43726471445889], [127.78093691137342, 50.43753740493681], [127.78091612439871, 50.438346625011356], [127.78134079343282, 50.43826113619281], [127.78129230383392, 50.440149316228414], [127.7803067597219, 50.44013898928227], [127.78041520003083, 50.441399251007], [127.77971122158158, 50.441391870031126], [127.77897485212249, 50.44264326978782], [127.77995813586593, 50.44274352161783], [127.77995120013645, 50.443013261315116], [127.78037129050622, 50.44310760288634], [127.78023511251507, 50.44292630046356], [127.78080986500247, 50.44248263686102], [127.78067368707819, 50.442301334933276], [127.78123688080835, 50.44230723547316], [127.7812507371989, 50.441767755741566], [127.78195241359093, 50.44186504075947], [127.78138229758082, 50.44212888360166], [127.78137306091274, 50.442488536757104], [127.78109146293411, 50.44248558714971], [127.78108684346303, 50.44266541369984], [127.78236326883234, 50.442319028377575], [127.78292646312599, 50.442324920742095], [127.7829195443712, 50.44259466075647], [127.7820747482016, 50.442585821103556], [127.78201243145922, 50.44501347987813], [127.78159001193333, 50.44500905737318], [127.78158308492247, 50.445278797128566], [127.78073824138754, 50.445269947435285], [127.78071051308555, 50.44634890598697], [127.77986565077197, 50.446340049824066], [127.77985177638506, 50.44687952885158], [127.77942934058639, 50.44687509838607], [127.7792792745832, 50.44723327380403], [127.77940852101095, 50.44768431670122], [127.77870676424654, 50.44758701585719], [127.77841819065384, 50.44785379890094], [127.77852890991305, 50.44902414742172], [127.77824495778928, 50.44911110373591], [127.77797026936578, 50.44883840706662], [127.77768400064926, 50.44901527508269], [127.77794247460457, 50.44991736384122], [127.77777848747968, 50.4508150152519], [127.77818937852639, 50.45126901719205], [127.77847565912982, 50.45109214808401], [127.77874341858406, 50.45163458274509], [127.77958374815877, 50.45182327388825], [127.77957218127747, 50.45227283927515], [127.78013086844541, 50.45245857216627], [127.7801262436978, 50.45263839834233], [127.78041021368306, 50.45255143761547], [127.78053254953979, 50.45327221830969], [127.78122746306221, 50.45363924800771], [127.78122053186787, 50.453908987324574], [127.78177924478986, 50.454094712434014], [127.7817746260224, 50.454274538669466], [127.7813544342612, 50.45418020161484]], [[127.78247879617611, 50.45428190851443], [127.7823402704442, 50.45419052175051], [127.78248110423162, 50.45419199537404], [127.78247879617611, 50.45428190851443]], [[127.78195240458477, 50.452837402855714], [127.78209092565503, 50.45292879006866], [127.78195009563818, 50.452927315999496], [127.78195240458477, 50.452837402855714]], [[127.77970428478143, 50.44166160976661], [127.77984276922405, 50.44175299956339], [127.77970197249118, 50.441751523008826], [127.77970428478143, 50.44166160976661]], [[127.77902738500313, 50.4515476253533], [127.77917052487726, 50.45145918985799], [127.77945217591532, 50.45146214449117], [127.77944754875867, 50.45164197065276], [127.77902738500313, 50.4515476253533]], [[127.7808119003449, 50.45336508282175], [127.78137753551547, 50.45328107050442], [127.78137522544291, 50.453370983622094], [127.7808119003449, 50.45336508282175]], [[127.78122746306221, 50.45363924800771], [127.78151143710008, 50.45355228463651], [127.78150912725908, 50.45364219775445], [127.78122746306221, 50.45363924800771]], [[127.78218789360537, 50.454638613597], [127.78232642033412, 50.454730000542654], [127.78218558495752, 50.45472852672065], [127.78218789360537, 50.454638613597]], [[127.78068031465551, 50.45300395480984], [127.78081652261265, 50.45318525662241], [127.78067569190114, 50.45318378100571], [127.78068031465551, 50.45300395480984]], [[127.78222944725889, 50.4530201771191], [127.78222483037413, 50.45320000341801], [127.78194316872788, 50.45319705542198], [127.7819477866798, 50.45301722914179], [127.78222944725889, 50.4530201771191]], [[127.7802740090649, 50.45237013533207], [127.7799992903483, 50.45209744338411], [127.78027863320835, 50.452190309137784], [127.7802740090649, 50.45237013533207]], [[127.77975464382097, 50.45065588055828], [127.77989315431402, 50.45074727034521], [127.77975233088796, 50.450745793662456], [127.77975464382097, 50.45065588055828]], [[127.77986149293511, 50.43554750583774], [127.7799999600495, 50.43563889541597], [127.77985918144431, 50.43563741918019], [127.77986149293511, 50.43554750583774]]], [[[127.78078214107167, 50.44356159596103], [127.78035048977682, 50.44391682201186], [127.78133380297707, 50.444017062404626], [127.78132456532248, 50.444376715436256], [127.78160848344555, 50.44428975129395], [127.78148153383475, 50.44374879722919], [127.78177006496203, 50.44348200610115], [127.78134765910663, 50.44347758281297], [127.78093449374157, 50.443113504957445], [127.78064596022963, 50.443380294012435], [127.78078214107167, 50.44356159596103]], [[127.78120916675879, 50.44338619477716], [127.78106605526176, 50.44347463310254], [127.7810683651089, 50.443384719841475], [127.78120916675879, 50.44338619477716]]], [[[127.7729287493465, 50.44770610189143], [127.77279258706224, 50.44752479100893], [127.7727879353127, 50.44770461684581], [127.7729287493465, 50.44770610189143]]], [[[127.77841819065384, 50.44785379890094], [127.77827969138353, 50.4477624073946], [127.77827737589301, 50.447852320494334], [127.77841819065384, 50.44785379890094]]], [[[127.77376201355199, 50.44816457331918], [127.77390515280824, 50.44807614424786], [127.7737643376248, 50.44807466037585], [127.77376201355199, 50.44816457331918]]], [[[127.77321502759888, 50.44752924560646], [127.77306956339214, 50.4477075867667], [127.7729287493465, 50.44770610189143], [127.77306258727941, 50.447977325539256], [127.77277863167163, 50.44806426850188], [127.7731987518695, 50.44815863610875], [127.77318480078313, 50.44869811362462], [127.7738842381282, 50.44888536072713], [127.77388888591763, 50.44870553485317], [127.77332794273026, 50.448609685290705], [127.77403899735005, 50.44834736680334], [127.77361887376232, 50.44825300220924], [127.77376666168574, 50.44798474743105], [127.77348735647033, 50.44789186624854], [127.77349665468242, 50.44753221448638], [127.77293572615297, 50.44743636311975], [127.77321502759888, 50.44752924560646]]], [[[127.77417284339768, 50.44861858920348], [127.77403435018866, 50.44852719269853], [127.77403202659023, 50.448617105643905], [127.77417284339768, 50.44861858920348]]], [[[127.77389120979458, 50.44861562191398], [127.77402970297997, 50.44870701858781], [127.77403202659023, 50.448617105643905], [127.77389120979458, 50.44861562191398]]], [[[127.77767705044687, 50.44928501425921], [127.77753854848991, 50.44919362187302], [127.77753623147726, 50.449283534925684], [127.77767705044687, 50.44928501425921]]], [[[127.77963926509439, 50.44966535951815], [127.77950307153185, 50.449484056324465], [127.77949844489295, 50.44966388255092], [127.77963926509439, 50.44966535951815]]], [[[127.79990384812987, 50.45041574687115], [127.79977894928088, 50.44978489796384], [127.79907939383894, 50.449597805736246], [127.79935420879268, 50.449870453420566], [127.79907256513366, 50.44986754701834], [127.79879547506977, 50.449684812433176], [127.79894767867238, 50.44923669724847], [127.79866376183993, 50.449323703642875], [127.7986546538143, 50.449683358645004], [127.79836845618878, 50.44986027803134], [127.79864782267346, 50.44995309988114], [127.7983593457511, 50.4502199329612], [127.79807997828046, 50.45012711041585], [127.7980754219482, 50.45030693785641], [127.79905207839262, 50.45067677078517], [127.79875676842848, 50.451213346008], [127.79705545875692, 50.45164545670365], [127.79690550973555, 50.452003655396645], [127.79746426306183, 50.452189305527284], [127.79831379078222, 50.45201820725731], [127.79816385000834, 50.45237640760806], [127.79929958820435, 50.45202838342207], [127.79945179495897, 50.45158026777489], [127.79973572395748, 50.45149325957587], [127.79946544878317, 50.451040785282146], [127.79990384812987, 50.45041574687115]], [[127.7995994480499, 50.45131197938415], [127.79945634628, 50.451400440283194], [127.79945862192315, 50.45131052653513], [127.7995994480499, 50.45131197938415]]], [[[127.78114208313174, 50.45147985797874], [127.78100356809183, 50.451388469657275], [127.7810012574657, 50.45147838279185], [127.78114208313174, 50.45147985797874]]], [[[127.78183235723856, 50.452026710302704], [127.78169383927586, 50.45193532279045], [127.78169152991312, 50.452025235939594], [127.78183235723856, 50.452026710302704]]], [[[127.78154839295811, 50.45211367454908], [127.78126904800722, 50.452020811827964], [127.78126673783238, 50.45211072496159], [127.78154839295811, 50.45211367454908]]], [[[127.78317373962028, 50.45464892673996], [127.7830375184987, 50.45446762763712], [127.78303290444008, 50.45464745394501], [127.78317373962028, 50.45464892673996]]], [[[127.78330996177395, 50.45483022568522], [127.78316451242955, 50.455008579356765], [127.7833053486888, 50.455010052000034], [127.78330996177395, 50.45483022568522]]], [[[127.78231718669255, 50.455089653041284], [127.78315297817711, 50.4554581450946], [127.78343465337565, 50.45546109025751], [127.78302598326415, 50.45491719339578], [127.78231718669255, 50.455089653041284]]]]}, "bbox": [127.25514351063103, 50.124935601446445, 127.83387939518757, 50.45804118250024]}], "bbox": [127.25514351063103, 50.124935601446445, 127.83387939518757, 50.45804118250024], "name": "flood_2019_07_amur__blagoveshchensk_water_peak"}