{"type": "FeatureCollection", "features": [{"id": "0", "type": "Feature", "properties": {"contour_id": "water_peak_0001", "area_ha": 5394.72, "pair_id": "flood_2021_06_amur__poyarkovo", "layer": "water_peak", "aoi_name": "Поярково — Михайловский район, Амур", "event_name": "Рекордный подъём Амура у Благовещенска, июнь 2021", "date_peak": "2021-07-01"}, "geometry": {"type": "Polygon", "coordinates": [[[128.6718764390593, 49.62095654465104], [128.6716025687812, 49.6205060346599], [128.67118662828872, 49.62059480072863], [128.6710530268966, 49.619874847613445], [128.67036081048388, 49.619872878677356], [128.67036263073277, 49.61960304374225], [128.6695338005327, 49.619330840652744], [128.66939840136624, 49.61888072048549], [128.66884524910984, 49.61878919279741], [128.6680146080628, 49.61878681377448], [128.6678731113403, 49.61923614152696], [128.66745717495996, 49.61932489422426], [128.66579587499896, 49.61932011026222], [128.6657946447036, 49.61950000014605], [128.66399366002287, 49.619674680430876], [128.65444367060633, 49.61928678182331], [128.65444557870825, 49.619016947302946], [128.6496001588599, 49.61900238292393], [128.6496020936871, 49.61873254852895], [128.64628019176064, 49.6186324996447], [128.64628149385294, 49.618452610102025], [128.64558929937405, 49.61845049309602], [128.64545477585898, 49.61791040058447], [128.64268668704963, 49.6178119432778], [128.64199581974552, 49.6176299153136], [128.64199779646577, 49.61736008107596], [128.64144405351354, 49.6173583673397], [128.64144207373593, 49.6176282015611], [128.64033458187578, 49.61762476611019], [128.64033656776806, 49.617354931921355], [128.63798316126534, 49.61734759648057], [128.6379851601213, 49.617077762348586], [128.63549333275267, 49.61706994334097], [128.6353528845527, 49.617339341432796], [128.63466070667204, 49.617337159119536], [128.6346620514752, 49.617157269765585], [128.6342474194768, 49.61706601372452], [128.63424539998414, 49.617335847745125], [128.63286104457742, 49.617331465737166], [128.63285901741102, 49.617601299703516], [128.6313362184475, 49.617596460329295], [128.63133825402156, 49.61732662640881], [128.63092294757772, 49.6173253031157], [128.63092498541408, 49.61705546919506], [128.6300943772044, 49.61705281816447], [128.6300923347821, 49.617322652059975], [128.62884641581923, 49.61731866430262], [128.6288484651204, 49.61704883044491], [128.62801785721857, 49.617046164516104], [128.62801991107477, 49.616776330670966], [128.62636076781078, 49.61650114717909], [128.62636283077657, 49.616231313359265], [128.6240115580044, 49.61595386021926], [128.62401501781395, 49.61550413725717], [128.62373884986394, 49.615413293143405], [128.61640277352734, 49.615299270167135], [128.61626010668644, 49.61583847847382], [128.61542739725925, 49.61610555577331], [128.61542315056056, 49.616645222729716], [128.6151455756563, 49.61673424713162], [128.61514345071978, 49.617004080577786], [128.6101605351755, 49.616897461221136], [128.61016412255842, 49.616447739060185], [128.60891822878423, 49.61644353688696], [128.6089160694867, 49.61671337014794], [128.60850076933406, 49.61671196643067], [128.60878195619, 49.61617323588192], [128.6080883543844, 49.61635078357499], [128.6083681021639, 49.61599194285033], [128.60767666755694, 49.615899654825576], [128.60656632285153, 49.616255674069], [128.60656125417395, 49.61688528483489], [128.60628438650602, 49.61688434355486], [128.60628583573686, 49.61670445477762], [128.60559221739982, 49.61688198745793], [128.6055958468187, 49.61643226554146], [128.60642644211416, 49.61643509231651], [128.60642861513614, 49.616165259122866], [128.60573645620218, 49.61616290391315], [128.6057408097906, 49.6156232375324], [128.6089275853647, 49.615274259275836], [128.6108634476505, 49.615550623305815], [128.6116961723564, 49.61528357884725], [128.61183817351827, 49.61483432071154], [128.61349931116058, 49.61483987859958], [128.61350073373166, 49.61465998960405], [128.61474729170297, 49.614574197839], [128.61475225451636, 49.61394458620842], [128.61627564296177, 49.613859698913814], [128.6165539051083, 49.613680727167804], [128.6166972676372, 49.61305157371718], [128.6182206250072, 49.61296666073958], [128.62278788944582, 49.613071579943764], [128.6232003857822, 49.613432710826935], [128.62624228283232, 49.613892306217174], [128.62637727066792, 49.61434247626458], [128.6272078324669, 49.6143451538581], [128.62720371610936, 49.61488482171375], [128.62886280936524, 49.61515999308519], [128.62899782479204, 49.61561016004221], [128.6301045888549, 49.61570364849632], [128.63010254658624, 49.61597348245536], [128.63051784150423, 49.61597480866528], [128.6305198814801, 49.615704974693664], [128.630935174136, 49.61570629940126], [128.63093313645297, 49.61597613338542], [128.6325949927281, 49.615891472691686], [128.63260040199813, 49.61517191522746], [128.63176982564295, 49.61516927629059], [128.63177389162374, 49.61462960818315], [128.63094536209135, 49.614357129289814], [128.63067258598386, 49.613816578242], [128.63011888387484, 49.61381481042725], [128.63012228722909, 49.61336508698569], [128.62970974018253, 49.613003980645814], [128.6292944705448, 49.61300265159496], [128.62930060999872, 49.61219314933595], [128.62902376817541, 49.61219226249972], [128.62889081044133, 49.6114722612074], [128.62847623750028, 49.6113809845435], [128.62847828841538, 49.611111150418886], [128.62806303491624, 49.61110981698769], [128.6280691943527, 49.61030031457547], [128.62724075886774, 49.610027809183045], [128.62724898922946, 49.60894847250598], [128.62641851912045, 49.60894579542008], [128.62642676732148, 49.60786645864118], [128.62559631567123, 49.607863775699435], [128.62560458170944, 49.60678443881893], [128.62477414851713, 49.60678175002179], [128.62478864496808, 49.60489291017006], [128.62395824398146, 49.604890215594594], [128.62396862056758, 49.60354104401837], [128.62355827906333, 49.602910081079706], [128.62357835969172, 49.60030168163501], [128.623163198225, 49.60030033084203], [128.62303035819107, 49.59958032161586], [128.6227549757387, 49.59939953028575], [128.62275983279602, 49.59876991640969], [128.62206861389825, 49.598677714581], [128.6219406616176, 49.59732808997059], [128.6215255254729, 49.5973267333633], [128.6215276137209, 49.59705689879455], [128.62069943890384, 49.59678434658367], [128.620703624404, 49.59624467743414], [128.6198733706575, 49.59624195390132], [128.61987686611226, 49.59579222961424], [128.6194652422875, 49.59534114133543], [128.61849663096268, 49.595337952981176], [128.61850154214147, 49.59470833897118], [128.61628830820032, 49.59461107618984], [128.6160122724829, 49.594520213633324], [128.61601721550022, 49.59389059971649], [128.61532607845115, 49.59379835774402], [128.59955207831499, 49.593744861468366], [128.59940781668803, 49.59446394003767], [128.59774811374086, 49.594368237033805], [128.59774441498843, 49.59481796024479], [128.597052558936, 49.59481555386858], [128.59705478201533, 49.59454571996903], [128.59470173976152, 49.59462745204575], [128.5946965222184, 49.5952570642667], [128.59372791543922, 49.595253668656234], [128.59373090403963, 49.594893890295644], [128.59317816676372, 49.59480200174488], [128.5923471905661, 49.59488902542544], [128.5924825641358, 49.59524929096202], [128.58791552078782, 49.5953230693114], [128.5877748739836, 49.59559241016586], [128.5870830078337, 49.59558994417397], [128.58708072965632, 49.59585977768983], [128.58251208686633, 49.59611323162489], [128.58250978342778, 49.59638306496003], [128.5816795311913, 49.5963800674752], [128.58167722313755, 49.5966499007692], [128.58001670992044, 49.59664388787795], [128.58001439267076, 49.59691372110222], [128.57918413169062, 49.59691070569564], [128.57918180982543, 49.597180538878604], [128.5787666770974, 49.59717902892789], [128.57876435290694, 49.59744886208382], [128.5786275245484, 49.59726846966527], [128.57710381318336, 49.597442807336016], [128.5771014797963, 49.59771264042182], [128.57474669010304, 49.59797385499639], [128.57460518074976, 49.59833312383272], [128.5741884721286, 49.5985114860727], [128.5719720107162, 49.59877315298809], [128.57113698620873, 49.599309745429565], [128.5687820884732, 49.599570838300025], [128.56863894379129, 49.60010998806302], [128.56628399448013, 49.60037102993581], [128.5661416179234, 49.60082023227166], [128.56420098479893, 49.60117273109328], [128.56419857990346, 49.601442563548375], [128.56336824374526, 49.601439434493635], [128.56336583423186, 49.60170926690636], [128.56253549363683, 49.60170613186602], [128.56253307950533, 49.601975964236274], [128.56170273447376, 49.601972823210225], [128.561700315724, 49.602242655537985], [128.56114674939587, 49.602240558191845], [128.5611443275551, 49.602510390487005], [128.560867542888, 49.60250934081132], [128.56072672639226, 49.60277864799278], [128.55809400680394, 49.60312841603899], [128.5579515468765, 49.603577607855094], [128.55628753857113, 49.603931030042254], [128.55628345721354, 49.60438075010095], [128.55420503423872, 49.604642605955924], [128.55420257388175, 49.604912437885815], [128.5525417860938, 49.60490603009006], [128.5525442556159, 49.60463619822091], [128.5514370701975, 49.60463191316085], [128.55129371920958, 49.605171040417936], [128.5500506055272, 49.604896373722106], [128.5488050157478, 49.60489152543467], [128.54880252556669, 49.605161357153584], [128.54506573763356, 49.605146731738984], [128.54506322679285, 49.605416563306534], [128.54340242397123, 49.60541002434228], [128.54339990392728, 49.605679855835106], [128.54187749347196, 49.60567384079645], [128.5417365632993, 49.60594312439983], [128.53883012881002, 49.60593158196404], [128.53882758348442, 49.606201413259754], [128.53785876705774, 49.60619754952889], [128.5378570665882, 49.60637743702786], [128.53744100707954, 49.60646572239285], [128.53730515776482, 49.60619533804241], [128.53509072127713, 49.60618646562174], [128.53508815529003, 49.606456296763], [128.5334273194788, 49.606449614585706], [128.5334298946317, 49.60617978350779], [128.53218427505433, 49.60617475628571], [128.5319040260027, 49.606533411995166], [128.52886002420092, 49.60643111573799], [128.5288574238029, 49.60670094662781], [128.52802700240395, 49.606697563809135], [128.52789120459752, 49.60642716857447], [128.52788859885268, 49.60669699942687], [128.52761179176323, 49.60669587016596], [128.52733585429564, 49.60660479663425], [128.52720180025045, 49.60615451336953], [128.52512577074737, 49.60614601553028], [128.5248515893581, 49.60587504891231], [128.52429798474722, 49.60587277523196], [128.52430061023304, 49.605602944480964], [128.52319340733237, 49.60559838922115], [128.5231960388889, 49.60532855850058], [128.52236652018505, 49.6052351915732], [128.52237091364026, 49.604785473724256], [128.52098693358795, 49.604779754992734], [128.52098957724562, 49.60450992432058], [128.52015919400876, 49.60450648517228], [128.52016184220903, 49.60423665452], [128.51974665294156, 49.604234932728524], [128.51974930339316, 49.603965102079805], [128.5196082565279, 49.60423435846712], [128.51905467091768, 49.60423205976695], [128.5189215845541, 49.603691823433444], [128.5172635106505, 49.60341507901897], [128.5172661747288, 49.603145248430216], [128.51671260164005, 49.60314293856675], [128.51630276059797, 49.60260154329285], [128.51478312962377, 49.60232534165159], [128.51478580728718, 49.60205551111056], [128.5128492417899, 49.601957430131954], [128.51271533371423, 49.60150713017782], [128.5118850024856, 49.601503631830234], [128.51188769606375, 49.60123380136677], [128.5093976195282, 49.60113332723186], [128.5093994243785, 49.600953440312836], [128.50856910296295, 49.600949918208954], [128.50843523703108, 49.60049961335522], [128.50608359079018, 49.60039965564016], [128.50539439374984, 49.60012687091828], [128.5053971230118, 49.59985704065274], [128.50401328593833, 49.59985111941944], [128.50401602279447, 49.599581289197296], [128.500559207106, 49.59929658378641], [128.50028520041812, 49.59902555921054], [128.4977943383065, 49.599014779211466], [128.49724636184172, 49.59847271639847], [128.49655538965698, 49.59837976586573], [128.49642071512233, 49.59801939062211], [128.49572975094273, 49.597926435178714], [128.4957325333172, 49.59765660520729], [128.49490226960174, 49.597652985247386], [128.49463109190532, 49.59711211738116], [128.49283314049924, 49.59701430625935], [128.49284060244938, 49.59629475984801], [128.49173548503194, 49.59611001776564], [128.49105110893663, 49.59538743139893], [128.48966927842827, 49.59520145250752], [128.48967490947024, 49.59466179280253], [128.48621663837108, 49.59455654674963], [128.48248830893723, 49.59382035810022], [128.48235470239376, 49.59337002338027], [128.48110941863263, 49.59336444762905], [128.48083555306778, 49.59309337719602], [128.47959123363214, 49.5929978419532], [128.47945478432356, 49.59281733344431], [128.4769652082806, 49.59271616310342], [128.47696713186983, 49.59253627682325], [128.47544611027007, 49.5924394463207], [128.47531064266454, 49.59216898984078], [128.47337358449823, 49.592160192935495], [128.47309976863966, 49.59188910430725], [128.47226766496215, 49.592065208498504], [128.4711656395455, 49.59161044122991], [128.46715321147707, 49.59159203956611], [128.4671561508644, 49.59132221051732], [128.46549682900476, 49.59122461243058], [128.45470388302323, 49.591264216861596], [128.45470187764755, 49.591444102529074], [128.45096821056921, 49.59124655755553], [128.45096518189325, 49.59151638588723], [128.44570754606747, 49.59149132757472], [128.44570448834608, 49.59176115565612], [128.4368463840097, 49.59198823965711], [128.4368432773533, 49.592258067307796], [128.43642819527506, 49.59225604704004], [128.4364250862824, 49.592525874658776], [128.43351637195295, 49.592781518446124], [128.43323652111974, 49.59304999124836], [128.43101853090658, 49.59339889995199], [128.43073761601266, 49.593757309055256], [128.42838646641073, 49.59365577447173], [128.42658456555083, 49.59391670472701], [128.42533399550607, 49.59436024064191], [128.42394927271408, 49.5944433051557], [128.42394715400152, 49.59462318977783], [128.42228674941123, 49.59461491450862], [128.42187058520284, 49.59470278424625], [128.42186845882566, 49.59488266879447], [128.41840819682403, 49.59495528180549], [128.41854442609028, 49.59513586139521], [128.41812932091588, 49.595133775420386], [128.41812718074613, 49.59531365983609], [128.41522143519322, 49.59529901624053], [128.41757798960884, 49.594951107401315], [128.41522573688331, 49.59493924758853], [128.41523003848712, 49.594579478913744], [128.4119103196825, 49.59447271236904], [128.41177411680516, 49.594292125048135], [128.41039154289777, 49.5941951430684], [128.41047826735345, 49.58699977054789], [128.41379855341972, 49.58701663416037], [128.41394228607507, 49.586567623381775], [128.414911770239, 49.586482580468314], [128.41491499721855, 49.58621275358317], [128.41616008508603, 49.586219040800195], [128.41630164751135, 49.58594991158899], [128.41768185973814, 49.58622670698892], [128.41782662469242, 49.585687748836726], [128.41962826761244, 49.58542695361591], [128.41963146846035, 49.585157126455115], [128.42019015886981, 49.584710187828605], [128.4212979345265, 49.58462578414265], [128.42130431757747, 49.5840861295739], [128.42158311864387, 49.58390762769792], [128.42324421989667, 49.58382596929359], [128.42324740062293, 49.5835561418856], [128.42380074372485, 49.58355889791431], [128.42408270878389, 49.58311056249631], [128.42615878212683, 49.58303092639725], [128.4261619466914, 49.582761098814], [128.4278251054898, 49.58249948939428], [128.42796869594392, 49.58205046033861], [128.43045971292167, 49.581972797187646], [128.43046390055076, 49.581613026737905], [128.43170887477663, 49.58161914628395], [128.43046494744488, 49.5815230841219], [128.43046808809584, 49.58125325626541], [128.4335102955163, 49.58135813399416], [128.43559146783056, 49.580828614929615], [128.43531688703135, 49.580647380074936], [128.43614685411862, 49.580651426403016], [128.43614996334253, 49.58038159824067], [128.43642454576067, 49.58056283113293], [128.43642661755453, 49.58038294568143], [128.4378098889258, 49.58038967296666], [128.437812988951, 49.58011984471501], [128.43822796817545, 49.580121859657936], [128.43823106586606, 49.579852031374394], [128.43781608892957, 49.579850016450564], [128.43781918886148, 49.579580188173324], [128.43698923970425, 49.57957615390062], [128.4371337719011, 49.57903717016356], [128.4382372611075, 49.57931237476895], [128.43837145611468, 49.57967281715135], [128.4390672059686, 49.57931640007702], [128.43907339187234, 49.57877674334411], [128.43824552113958, 49.578592832548765], [128.43797610777625, 49.57796189000336], [128.43742282659906, 49.57795920196354], [128.43742903033905, 49.577419545255445], [128.43660222425464, 49.57714567997838], [128.4366053305832, 49.57687585163062], [128.43619037899865, 49.576873830966434], [128.4361945237474, 49.57651405984173], [128.4359199647769, 49.576332826360485], [128.43536670221187, 49.576330128556336], [128.4353729282667, 49.57579047188627], [128.43454304372503, 49.575786420298265], [128.43454823958567, 49.575336706431465], [128.43371940353757, 49.57524270619255], [128.43372564751644, 49.57470304957388], [128.43289578164885, 49.57469898623954], [128.43276268275633, 49.57424859462558], [128.4320721780584, 49.57415526043956], [128.43207530903229, 49.57388543216252], [128.43124545726445, 49.57388135704416], [128.4312485927656, 49.57361152879295], [128.4304218857889, 49.57333761953817], [128.4304281657037, 49.57279796304915], [128.4295993807689, 49.57270393344593], [128.42960671773332, 49.572074334224475], [128.43002162815785, 49.572076378347994], [128.43126113429864, 49.57253221566018], [128.43125695387144, 49.572891986727186], [128.4320847016715, 49.57307594725465], [128.43221674784303, 49.573616282474205], [128.43359670442888, 49.573892887759946], [128.43372876943545, 49.574433221245336], [128.43455863091626, 49.574437278591255], [128.43455447444651, 49.57479704974439], [128.43524603090663, 49.57480042636359], [128.4353760412239, 49.575520643532045], [128.43620592137802, 49.57552468913153], [128.43620281299562, 49.575794517524095], [128.4366177554302, 49.57579653811169], [128.43661154310013, 49.57633619489673], [128.43744143725925, 49.57634023168578], [128.43771186837031, 49.576881232795735], [128.43826513738824, 49.576883919411344], [128.43826100780694, 49.577243690640806], [128.43908885581777, 49.57742760128802], [128.43908473221265, 49.57778737253424], [128.43991259254835, 49.5779712773155], [128.43990847491986, 49.5783310485784], [128.44018305988934, 49.57851227262655], [128.4407363475806, 49.57851494749341], [128.4407301800724, 49.579054604404156], [128.44156012091509, 49.579058611821424], [128.44155498880943, 49.57950832593796], [128.44238391255234, 49.579602270299226], [128.4423787879188, 49.58005198443634], [128.44320772249296, 49.58014592292647], [128.44333991001378, 49.580686245289854], [128.44444653523314, 49.58069156236684], [128.44444347172387, 49.58096139089679], [128.44610036491645, 49.58123917534278], [128.4460973104676, 49.58150900392256], [128.4469272936936, 49.58151297299756], [128.4469242437752, 49.58178280160217], [128.45065616178223, 49.58207041771982], [128.45065313236643, 49.58234024646747], [128.45397011414653, 49.58262578545792], [128.45396710294628, 49.582895614328905], [128.45604212288683, 49.58290538497395], [128.45603912308317, 49.583175213924775], [128.46018918922746, 49.58319464380398], [128.46018621226287, 49.58346447292616], [128.46475131536414, 49.58348567413582], [128.46474836352783, 49.58375550344617], [128.47318597963823, 49.58388416314943], [128.47318404273489, 49.58406404959103], [128.47387766897322, 49.58388730936154], [128.4738757346127, 49.584067195823025], [128.47429074979758, 49.58406908157822], [128.47456452884882, 49.58434016763306], [128.47553290319075, 49.58434455966878], [128.4755300107243, 49.584614389409026], [128.4794025747713, 49.58472182000219], [128.48009236507295, 49.58490481571643], [128.4800894976948, 49.58517464562635], [128.4809195477175, 49.58517837114968], [128.48092241051833, 49.58490854120445], [128.4813393402898, 49.58473051506737], [128.48548955526545, 49.584749038226505], [128.48507074705168, 49.58510696610992], [128.4863148770508, 49.58520244196447], [128.48645038659586, 49.58547288602444], [128.4875571278517, 49.585477791267046], [128.48755524367843, 49.58565767806858], [128.48921442319005, 49.58575495955947], [128.4892116060357, 49.58602478981642], [128.49087173747415, 49.58603210416833], [128.49086892943274, 49.586301934481845], [128.49252907070223, 49.58630922509293], [128.49252627177404, 49.58657905546278], [128.4937713850349, 49.58658450784735], [128.49376859293133, 49.58685433825612], [128.4954287536892, 49.58686158733679], [128.49542597069936, 49.58713141780151], [128.49791622682486, 49.58714224688015], [128.49791345752703, 49.58741207743475], [128.49915859301947, 49.58741747193474], [128.49915583054707, 49.58768730252771], [128.5008132675835, 49.58796430507575], [128.5008105141843, 49.588234135711176], [128.50247072355373, 49.588241283935105], [128.50246797926962, 49.58851111462554], [128.50329808878035, 49.588514679841836], [128.5032953490333, 49.588784510553296], [128.50371040613967, 49.58878629094594], [128.50384602178158, 49.58905671480062], [128.50536790663426, 49.58906322841669], [128.50536517825094, 49.58933305918688], [128.50619530207263, 49.589336603668336], [128.50619257822683, 49.58960643445935], [128.50868206103053, 49.589706975912556], [128.5096523499159, 49.589531195549675], [128.50965866094754, 49.588901590015645], [128.51048967801393, 49.588815160018804], [128.51049687810533, 49.58809561065188], [128.51132788003255, 49.58800917457834], [128.5112084017652, 49.58611977264768], [128.51051667686772, 49.58611684942515], [128.51079516557513, 49.58593813178455], [128.5107987630449, 49.58557835691623], [128.5145393927431, 49.58505442133918], [128.51454207011867, 49.584784589998506], [128.51537300882643, 49.58469812463987], [128.51538280869323, 49.583708742811766], [128.51621283832904, 49.58371221516326], [128.51622884584773, 49.582093226149986], [128.5153997344631, 49.5819998101594], [128.51540418834512, 49.58155009095534], [128.51471252761687, 49.58154719300213], [128.51471520370626, 49.58127736149014], [128.51236626005, 49.5809976461966], [128.51250996696965, 49.580458566005916], [128.512925849311, 49.58037036931399], [128.51293838283922, 49.579111155558515], [128.51376833419127, 49.57911464520384], [128.51377369628244, 49.578574982014615], [128.51515693364126, 49.57858078475551], [128.515297039137, 49.57840147633903], [128.51529258476535, 49.578851195781915], [128.51750577774163, 49.57886044322664], [128.5175031172674, 49.57913027496301], [128.51833306950311, 49.5791337318773], [128.51833041356485, 49.5794035636337], [128.51999032766724, 49.57941045967427], [128.51998768084113, 49.57968029148329], [128.52081764270733, 49.579683730609425], [128.520812358088, 49.58022339425436], [128.52122734365688, 49.580225111618276], [128.52122470357574, 49.580494943437884], [128.52205467940882, 49.580498373734706], [128.5220520438643, 49.5807682055741], [128.52288202443228, 49.58077162995198], [128.52301509401272, 49.58131186381925], [128.52453674229344, 49.58131812468826], [128.52453412035962, 49.5815879565866], [128.52536411513103, 49.58159136320694], [128.52535888029843, 49.58213102702995], [128.52618888438056, 49.58213442776312], [128.52618365854406, 49.582674091599586], [128.527013671937, 49.58267748644536], [128.5270110635367, 49.58294731837665], [128.52742607258048, 49.582949013583644], [128.52742172897365, 49.58339873346759], [128.52825088759835, 49.58349206345435], [128.52838402368866, 49.58403229109176], [128.52990316517455, 49.584308313604126], [128.5298971156787, 49.58493792150729], [128.5307254425039, 49.58512117781652], [128.53072285434936, 49.5853910097772], [128.53238039551616, 49.585667560694596], [128.53237523732332, 49.586207224679605], [128.53444785507463, 49.58648542211983], [128.53444528732592, 49.586755254159755], [128.53610289607047, 49.58703175189968], [128.5361003374006, 49.587301583977315], [128.5367895267258, 49.58757418644739], [128.5377579741521, 49.587578058069624], [128.53775542456157, 49.58784789018471], [128.5385855270999, 49.587851202300456], [128.53858298204932, 49.5881210344342], [128.53941308931903, 49.58812434062829], [128.5394105488085, 49.58839417278061], [128.53982560478983, 49.58839582366092], [128.53982306653023, 49.588665655816165], [128.54120575082283, 49.58876109212019], [128.54189330471374, 49.5892135523999], [128.54230836779138, 49.58921519439725], [128.54230584315306, 49.58948502660785], [128.54396358948117, 49.58976141203612], [128.5439610739244, 49.59003124428337], [128.5447912142325, 49.590034511999455], [128.5447887032167, 49.59030434426492], [128.54561884825472, 49.59030760605848], [128.54575470006424, 49.590577981400735], [128.54685906684418, 49.59085215223308], [128.54685656716268, 49.59112198453754], [128.5485168856156, 49.591128472588046], [128.54865275571606, 49.591398844542276], [128.54975881325086, 49.5914930995269], [128.54975715742697, 49.59167298778311], [128.55141749524404, 49.59167943427999], [128.5514150206356, 49.591949266714806], [128.555425893277, 49.59214463595565], [128.55570425307366, 49.591965810093605], [128.55971676440294, 49.59198114227219], [128.5602734488524, 49.591623469127946], [128.561103618029, 49.591626619928235], [128.5609668710923, 49.59144620667722], [128.5642875369447, 49.591458754230004], [128.56470502160698, 49.591190483035085], [128.56927091613855, 49.591207563842374], [128.56927329218504, 49.59093773072675], [128.5714870485792, 49.59094594742267], [128.57149098822603, 49.590496225405204], [128.573152860648, 49.590322471190625], [128.57315835456438, 49.58969286015128], [128.5723297895894, 49.589509907032934], [128.57233293495702, 49.589150129292484], [128.57274878477077, 49.589061717692395], [128.57551587555295, 49.58907189858117], [128.57676262328906, 49.58889656941595], [128.57676573598795, 49.5885367914302], [128.5784259733162, 49.588542850237594], [128.57842829864248, 49.58827301667603], [128.58091864194805, 49.58828206015227], [128.58092095350418, 49.58801222649224], [128.58382633958442, 49.58802270939787], [128.58382863508163, 49.58775287562575], [128.58548884730257, 49.58775883305893], [128.5854911336087, 49.587488999217626], [128.58631895361953, 49.58776180284591], [128.58632351704094, 49.587222135094294], [128.58895442611524, 49.5869616659848], [128.58895593753746, 49.58678177665529], [128.589510840295, 49.58660385122259], [128.5889582046424, 49.58651194265043], [128.58923716534628, 49.586243090902364], [128.59214319923834, 49.586163420088404], [128.59214769815824, 49.58562375179318], [128.59297776894132, 49.58562667373396], [128.59298001377277, 49.585356839539564], [128.59381008011312, 49.585359755500086], [128.59381232033314, 49.585089921265336], [128.59547467529364, 49.58482590097091], [128.5954769062912, 49.58455606665561], [128.59589193277995, 49.58455751640983], [128.5958941614552, 49.58428768206808], [128.597556478077, 49.58402363173981], [128.5975609169507, 49.58348396288304], [128.59839095198652, 49.58348684591302], [128.59839538157232, 49.58294717695072], [128.59922540758706, 49.58295005397396], [128.59922761775292, 49.58268021944645], [128.60005763932352, 49.58268309049039], [128.60005984487913, 49.58241325592296], [128.60130487061824, 49.58241755128809], [128.60130706927524, 49.582147716667215], [128.60296709490294, 49.58215342293469], [128.6029649053998, 49.58242325760964], [128.60351825044418, 49.58242515442617], [128.6037971079145, 49.582156267140526], [128.60587214101784, 49.5821633516154], [128.60587431446893, 49.58189351683363], [128.61043936499385, 49.581908971589144], [128.61044151323972, 49.58163913664817], [128.61376366404235, 49.58138042821975], [128.6137657939168, 49.581110593147876], [128.61459579030836, 49.581113359873505], [128.61459791557414, 49.58084352476269], [128.6155662395198, 49.58084674505639], [128.61626142637073, 49.580399315006375], [128.6175071063313, 49.580313490898654], [128.61750921548364, 49.580043655658365], [128.61806253457524, 49.58004548287891], [128.61806534266117, 49.579685702515675], [128.61834340319905, 49.579506724926624], [128.6191733728315, 49.579509458762175], [128.61917757260937, 49.57896978808886], [128.62042390888797, 49.57879398734421], [128.62042669948954, 49.5784342068041], [128.6212566511327, 49.578436925658046], [128.6213984556944, 49.57798765246476], [128.62209007582163, 49.577989912768075], [128.62209285409503, 49.577630132108474], [128.62292279226148, 49.57763283898306], [128.6230645791675, 49.57718356364409], [128.62472719949307, 49.576829176652815], [128.6247306479511, 49.576379450597884], [128.62639116912325, 49.57629487523648], [128.62639528883645, 49.57575520381369], [128.62750320038137, 49.57557887991665], [128.6275059386267, 49.57521909888351], [128.62805920380958, 49.57522087818821], [128.62833925152583, 49.57477204048347], [128.63124454576132, 49.57469138604809], [128.63124657875989, 49.574421550119645], [128.63221477749747, 49.574424630839374], [128.63221748099807, 49.57406484954276], [128.6329090465433, 49.57406704507046], [128.6329117449065, 49.5737072637235], [128.63526305110872, 49.57371469751522], [128.63554034518515, 49.573625623572056], [128.63554570309128, 49.57290606058915], [128.63706777887433, 49.5728208960694], [128.63707244727365, 49.57219127826961], [128.63873346978787, 49.572016579983874], [128.63873678897727, 49.57156685284552], [128.64122893707176, 49.57121481505548], [128.64123091478305, 49.57094497866519], [128.64289056809852, 49.57095011149865], [128.64289188045737, 49.570770220532296], [128.64344575145964, 49.57068198068673], [128.6469033453204, 49.570692581025696], [128.64745850387374, 49.570424430897475], [128.647460447191, 49.570154594287814], [128.64829219966475, 49.56988728233874], [128.64829413834974, 49.56961744567974], [128.64870968615895, 49.56952876021361], [128.6487135588483, 49.56898908682514], [128.64940569810219, 49.568901238053336], [128.64996339517418, 49.568273293406286], [128.650378286206, 49.56827454749113], [128.6503802132825, 49.568004710696336], [128.65120999085957, 49.56800721438042], [128.65121191333373, 49.56773737754921], [128.65494589327736, 49.56774857040181], [128.6549477951427, 49.567478733451786], [128.65660922607293, 49.567213832328065], [128.6566111187347, 49.56694399530587], [128.657855758994, 49.56694768153427], [128.65785764476766, 49.566677844464444], [128.65868740050922, 49.566680294490745], [128.65868928168146, 49.566410457385004], [128.66035065635566, 49.56614550238021], [128.6603525283255, 49.56587566520278], [128.6620120131602, 49.565880523475634], [128.66201511780463, 49.56543079474162], [128.6632584830172, 49.56561431429453], [128.663260338926, 49.56534447701127], [128.66948334368354, 49.56536241635158], [128.669485165269, 49.565092578885604], [128.67114462510443, 49.56509730615373], [128.67114281266447, 49.56536714366451], [128.67736404703717, 49.56565449683483], [128.67736226883932, 49.56592433448622], [128.67943721948558, 49.56584015283995], [128.68192586550273, 49.56593696676911], [128.68192411242947, 49.56620680452751], [128.68565798719771, 49.56621700628292], [128.68565971969258, 49.56594716842782], [128.68621288345634, 49.5659486695397], [128.6862157658089, 49.565498939729274], [128.68953528923808, 49.56541794474335], [128.68953985205312, 49.564698376735834], [128.6918913052898, 49.56461471324205], [128.6918958333511, 49.56389514497421], [128.69286439418573, 49.563807771898894], [128.6928689078178, 49.56308820346452], [128.6943905818893, 49.56300228416159], [128.69439507296522, 49.562282715523914], [128.69536415711772, 49.56210537534278], [128.6953703124338, 49.56111596819892], [128.69606169955674, 49.56111778603086], [128.6960661657779, 49.56039821704586], [128.69703520661625, 49.560220862731065], [128.69703910192928, 49.559591239719296], [128.70021993535747, 49.559509575326786], [128.70036261113907, 49.558790363950195], [128.70354338740094, 49.55870860809176], [128.70368329085161, 49.55843912355082], [128.70395983078612, 49.558439831286464], [128.70396146196356, 49.55816999260714], [128.70811061162965, 49.55800063672002], [128.70810953942828, 49.55818052924653], [128.70935396314076, 49.55818366124618], [128.70935556458235, 49.55791382242463], [128.70977037024923, 49.557914863441106], [128.71018464365258, 49.55800584925265], [128.71032078431443, 49.558365980550846], [128.71350099133775, 49.55837389721052], [128.71474489663296, 49.55846691755583], [128.7148815957973, 49.5587370972169], [128.7165408473034, 49.558741173183925], [128.71653980604142, 49.55892106582034], [128.7169556602387, 49.55874218845866], [128.71806131034455, 49.55883483491975], [128.7180592389739, 49.55919462022826], [128.71888835633274, 49.5592865847495], [128.71888680734108, 49.559556423730974], [128.72013126718468, 49.559559439904724], [128.72013280931935, 49.55928960089466], [128.72096244475975, 49.559291604223915], [128.72096551981713, 49.55875192612776], [128.72151860406711, 49.55875325835125], [128.72152269587338, 49.55803368744379], [128.72179923395055, 49.55803435254752], [128.72180434339896, 49.55713488876535], [128.72139005559768, 49.557043944510674], [128.72139363737375, 49.55641431979149], [128.72180894168363, 49.556325371240895], [128.7218135397609, 49.55551585360228], [128.7230573886434, 49.555608784547154], [128.72305331973521, 49.55632835585128], [128.7234676046018, 49.55641929415783], [128.72346506524747, 49.55686902618571], [128.72374159679381, 49.556869686636794], [128.72374058205, 49.557049579442264], [128.72304874201853, 49.55713787346057], [128.7227635529786, 49.5586662998219], [128.72207168835808, 49.558754587931524], [128.7217828819949, 49.56091263570341], [128.72205892580314, 49.56100324654099], [128.7221869971162, 49.56280250482364], [128.72287840969642, 49.562804162491574], [128.7228723007773, 49.56388351804846], [128.7237015066781, 49.56397544816628], [128.7238352265701, 49.564785294813994], [128.72452666724593, 49.564786942682964], [128.72465989711296, 49.56568673456473], [128.72535084599593, 49.56577832380633], [128.7250717386638, 49.566227398471995], [128.72562339530734, 49.566498550025536], [128.7263153630957, 49.56641024097861], [128.7263188827164, 49.56578061702271], [128.72714862857512, 49.56578257619231], [128.72715614733977, 49.564433381675705], [128.7279858704249, 49.564435334804024], [128.72799186673964, 49.56335597888843], [128.72826893419335, 49.56326668224719], [128.72827093084265, 49.56290689688306], [128.72882406236255, 49.56290819427235], [128.7288290436504, 49.562008730722376], [128.72965872576466, 49.56201067178824], [128.72966617436919, 49.56066147610711], [128.7300819956114, 49.56048255157611], [128.73008695336776, 49.55958308755378], [128.7303635003922, 49.559583732207656], [128.7300874491297, 49.559493141143804], [128.73009091939392, 49.55886351623446], [128.73036647187922, 49.5590440537144], [128.7305062288195, 49.55877453651872], [128.7309210425253, 49.55877550173742], [128.73093883273683, 49.55553742941405], [128.73010975584708, 49.55544555123614], [128.73011223406073, 49.55499581884805], [128.72983571294748, 49.55499517363731], [128.7298372013693, 49.55472533419364], [128.72928416221941, 49.55472404180225], [128.72928565366556, 49.55445420235817], [128.72818057992626, 49.554271716718006], [128.72486136628245, 49.554443768183276], [128.72472159076148, 49.55471327873199], [128.72347573010808, 49.554980151431835], [128.72347268311958, 49.555519829996356], [128.72319615920097, 49.555519168915836], [128.7231976842301, 49.55524932964618], [128.72264463947033, 49.555248005515494], [128.72264769555343, 49.554708326963215], [128.72347725356798, 49.55471031213053], [128.72347877700497, 49.554440472816566], [128.72389355376154, 49.554441463160934], [128.72389507489063, 49.55417162382488], [128.72472462390232, 49.55417360003513], [128.72472664594557, 49.553813814209036], [128.72721627711343, 49.55363981412879], [128.72721777989454, 49.55336997468012], [128.72928963074574, 49.55373463044525], [128.73177924206777, 49.55356053216377], [128.731781704788, 49.55311079956678], [128.73205821530723, 49.553111440109994], [128.7321979458882, 49.55284192054964], [128.73206805541653, 49.55131250932932], [128.7326220381015, 49.55113389523575], [128.73263185681935, 49.54933496375427], [128.73304659066133, 49.54933592122125], [128.73304953151612, 49.54879624164873], [128.7326348022428, 49.548795284199905], [128.73263922021204, 49.54798576477325], [128.73222449781372, 49.54798480586538], [128.73222843082132, 49.54726523297012], [128.73153772990918, 49.54717368491482], [128.7313911077356, 49.548702456347414], [128.73042241820127, 49.548880099283956], [128.73041895342024, 49.54950972530243], [128.7295894829943, 49.54950779004316], [128.72959295843577, 49.54887816406747], [128.72973566768513, 49.548068967794165], [128.73056610312273, 49.54789100877657], [128.73044171975693, 49.54537218163123], [128.73140935364472, 49.54537443159252], [128.73140442265148, 49.54627389793272], [128.7322333468592, 49.546365766724186], [128.7322289224362, 49.54717528635185], [128.7330588436396, 49.54708725600114], [128.73293482425973, 49.54447848430639], [128.73224366973696, 49.54447688714908], [128.73211035665162, 49.54357710054962], [128.73072807319028, 49.54357389230124], [128.73073202756115, 49.54285431894273], [128.7312849327965, 49.54285560419096], [128.73128641259999, 49.54258576414609], [128.73100996149972, 49.54258512185828], [128.73101243032667, 49.54213538843213], [128.73059775750068, 49.542134423777334], [128.7305938012585, 49.5428539972179], [128.72976493955596, 49.54276211673258], [128.72976841191561, 49.542132490009905], [128.7305982520198, 49.54204447709091], [128.73060121908253, 49.541504796942846], [128.73018655160686, 49.54150383082347], [128.73018803738813, 49.54123399073956], [128.72936019739626, 49.54096221398319], [128.7293631779804, 49.54042253378867], [128.72811920322195, 49.540419617710114], [128.72798547735712, 49.53960977258114], [128.7267410218172, 49.53969678842312], [128.72673901557044, 49.540056575192224], [128.72715216825313, 49.540327393716055], [128.72590769304094, 49.540414400551406], [128.72590417128663, 49.54104402726024], [128.72631883472425, 49.541045008718555], [128.72630878711152, 49.542843941853846], [128.72713764361606, 49.542935847084685], [128.72726785967373, 49.54437531913353], [128.72878740016495, 49.54455878607807], [128.72877793987942, 49.54626777187729], [128.7282249962524, 49.54626647458548], [128.72808126897465, 49.54725556239193], [128.72725183687436, 49.54725361044173], [128.72724833154456, 49.54788323647302], [128.72627964334043, 49.548060844758304], [128.72627612541595, 49.5486904706503], [128.72544616505314, 49.54877845226441], [128.72557533846452, 49.55039781773909], [128.72626607352325, 49.55048940138976], [128.72626255512282, 49.5511190270154], [128.72543305773326, 49.55111706191776], [128.7254285201862, 49.55192658042196], [128.72376949826412, 49.55192263227749], [128.7237649330952, 49.55273215055529], [128.72321191672995, 49.55273082918439], [128.7232200486905, 49.551291685567286], [128.72405056228618, 49.551113773542475], [128.72392701331958, 49.54850499483798], [128.72309756035443, 49.54850301307589], [128.72324342444588, 49.54715414565835], [128.72393512306138, 49.54706585007759], [128.72408805106096, 49.544457728948586], [128.72325917463374, 49.54436580186372], [128.72326222277465, 49.54382612226316], [128.72284855345697, 49.543645236605954], [128.72285313230154, 49.54283571711281], [128.72188605976325, 49.54274344908304], [128.72189014386208, 49.54202387615181], [128.71954085343884, 49.541928258292415], [128.71871047943864, 49.54210613848287], [128.71856812255183, 49.54282537511933], [128.71773876611218, 49.54282335511608], [128.71774032051152, 49.542553515376795], [128.71691096873244, 49.54255148944884], [128.71691252767542, 49.54228164971609], [128.71608318055706, 49.54227961786351], [128.71608422288398, 49.54209972471413], [128.71456375899314, 49.542095984237356], [128.71441819588475, 49.54335489495017], [128.71317414826433, 49.543351818078676], [128.71317572783005, 49.54308197847106], [128.71234636743563, 49.54307991981289], [128.71234161496542, 49.543889438539125], [128.71317098906164, 49.54389149725583], [128.71316467037136, 49.544970855457876], [128.71371759866835, 49.54497222468528], [128.71371497084385, 49.54542195723119], [128.71399143754576, 49.545422640864956], [128.7139861867747, 49.54632210587264], [128.71453913036092, 49.54632347120182], [128.7145344135782, 49.54713298962702], [128.7148108899552, 49.54713367132023], [128.71480774836073, 49.54767335021986], [128.71522246751417, 49.547674371540516], [128.71507847354226, 49.54866344247328], [128.7156309214928, 49.548754749099324], [128.71562935513438, 49.54902458849871], [128.71604408575618, 49.549025606895164], [128.71645673397862, 49.54938640967713], [128.7162940058855, 49.55361355312222], [128.71560272343802, 49.55361185634719], [128.7155980230204, 49.55442137382222], [128.71725557071088, 49.55469527843219], [128.7172514166956, 49.55541484949418], [128.71559175546707, 49.555500730278006], [128.71559697845433, 49.55460126657894], [128.71490620566226, 49.55450961924324], [128.7147716132352, 49.55387965391818], [128.71477737474456, 49.55289024363333], [128.7156074236437, 49.55280233875797], [128.71561160142633, 49.55208276747174], [128.71395362612122, 49.55189878577394], [128.71395782806425, 49.55117921447827], [128.71340482969674, 49.55117784627363], [128.7134090395943, 49.5504582749223], [128.71313254448782, 49.55045758984637], [128.71313465140398, 49.55009780414552], [128.7123051722399, 49.55009574498005], [128.71230834167272, 49.54955606642553], [128.7118936066953, 49.54955503463282], [128.71189678060156, 49.54901535604711], [128.71106731985583, 49.54901328804189], [128.7110705028039, 49.54847360944461], [128.70941320044932, 49.548199616399025], [128.70941480100043, 49.54792977710803], [128.71121245627393, 49.547844329416556], [128.71108005107408, 49.54685457334831], [128.71025062697123, 49.54685249955512], [128.71025541448748, 49.54604298139465], [128.71108482488626, 49.546045055128886], [128.71108164236873, 49.54658473395453], [128.711496352172, 49.54658576861205], [128.7115011190605, 49.54577625032514], [128.71108641610914, 49.54577521569704], [128.71108800730812, 49.5455053762525], [128.71025860604504, 49.54550330255758], [128.71026498887235, 49.54442394473115], [128.70943560597578, 49.544421865170584], [128.7094372061901, 49.544152025701955], [128.70778005914593, 49.54387800934598], [128.70778327772354, 49.54333833042446], [128.7069539133859, 49.5433362331107], [128.70695552720562, 49.54306639365077], [128.70612616753218, 49.54306429041292], [128.7059863217813, 49.54333377873206], [128.70598956005315, 49.542794099846056], [128.70460784402587, 49.54270063314832], [128.70461163962827, 49.54207100778513], [128.70544098237733, 49.542073121846755], [128.70544584854156, 49.541263603361024], [128.70599873462822, 49.54126500939339], [128.70599441727848, 49.54198458142188], [128.70696198224195, 49.54198703568421], [128.70710450693122, 49.54126781353336], [128.70765739314737, 49.54126921164096], [128.70765363678746, 49.54189883726373], [128.71041704091013, 49.542085681397886], [128.71041331990185, 49.54271530708553], [128.71124267398412, 49.542717379586755], [128.7112511545974, 49.5412782349516], [128.7127721199006, 49.54119207234471], [128.7129145569815, 49.54047284278062], [128.71429727529747, 49.540386317069384], [128.71443077694224, 49.541196177500815], [128.71526010560498, 49.54119822116351], [128.7154025062004, 49.54047898847234], [128.71595590528628, 49.54039040031632], [128.72093230973138, 49.54031256077456], [128.72093691969192, 49.53950304094428], [128.72038405276143, 49.53950170631928], [128.72038764524555, 49.5388720797352], [128.7201122427628, 49.53869151812875], [128.71928192571397, 49.53886940262009], [128.7192783190239, 49.539499029144984], [128.71872545221706, 49.53949768659567], [128.71859601596887, 49.53796825752695], [128.71776622372803, 49.538056184521274], [128.7176238650017, 49.53877542049782], [128.7145831434115, 49.53876796039387], [128.71444912160635, 49.53804804643169], [128.71292983738812, 49.53786439146355], [128.71293352542955, 49.537234765105936], [128.71265763230429, 49.53714413240142], [128.71182784355275, 49.537232016830046], [128.71182361240383, 49.53795158973509], [128.71016559750282, 49.53785750081236], [128.7101693210557, 49.5372278746071], [128.70947827012841, 49.53722614166513], [128.70947453769764, 49.53785576783208], [128.7071243973333, 49.53793979140017], [128.70699102510355, 49.53712992232225], [128.70616176589095, 49.53712781952284], [128.70601870012018, 49.53793698758792], [128.70380784982862, 49.537841401723796], [128.7038116550577, 49.537211775874496], [128.70533250677562, 49.537125710780714], [128.70534170001457, 49.53559661891239], [128.70382252640565, 49.535412844495816], [128.70382633112013, 49.53478321838003], [128.7035504687122, 49.53469256398048], [128.70285890864568, 49.534780738162866], [128.70283545837475, 49.53864844001732], [128.70214438787073, 49.538646663240485], [128.7020247680147, 49.53558812497296], [128.70050450804104, 49.53558420014215], [128.70050066054532, 49.53621382598032], [128.7002231458021, 49.53639300329245], [128.69787416953514, 49.53629694605343], [128.69787749632732, 49.53575726690563], [128.7002291974467, 49.535403591285885], [128.7002330483196, 49.53477396537468], [128.70189203337543, 49.534688303279786], [128.70203351714787, 49.534148979742156], [128.70244812138841, 49.53415004663025], [128.7024497594904, 49.533880206849176], [128.70314021804538, 49.53397192827874], [128.7035553648323, 49.53388304459467], [128.7036951967425, 49.53361355874608], [128.70618279575297, 49.53361990201912], [128.7063193789487, 49.533890092742595], [128.7070103826469, 49.53389184446354], [128.70714697116017, 49.53416203420725], [128.7090817925618, 49.53416691480884], [128.7090801909546, 49.53443675473708], [128.71239704712045, 49.534445046294685], [128.71239546374917, 49.53471488628878], [128.71446851103983, 49.53472002028091], [128.71446693905744, 49.53498986031098], [128.71488155086914, 49.53499088266243], [128.71487998114574, 49.535260722689486], [128.7161238235699, 49.535263780859395], [128.71612226067072, 49.535533620902754], [128.7191622666096, 49.53563098691411], [128.71985226737252, 49.53581255539396], [128.7198507249705, 49.536082395498134], [128.72067996748606, 49.5360844001666], [128.7206784296263, 49.53635424027709], [128.72399237960755, 49.536901879935016], [128.72399085994107, 49.53717172008285], [128.7252332389903, 49.53744452056368], [128.72523021324062, 49.537984200852044], [128.72647362386382, 49.53807709460135], [128.72688725969644, 49.53825796741656], [128.72688425207446, 49.53879764770323], [128.7285413353524, 49.53907139060595], [128.7285398406173, 49.53934123075456], [128.72936764868857, 49.53961301340177], [128.7293661584749, 49.53988285354342], [128.73019398029, 49.54015463027714], [128.73019249459807, 49.540424470411764], [128.73060665846586, 49.5405153832063], [128.73060418605604, 49.540965116744054], [128.73101884898728, 49.54096608135923], [128.731017367795, 49.54123592147411], [128.73143203303187, 49.54123688461253], [128.7314305541007, 49.54150672472385], [128.7321201915361, 49.54177816678156], [128.73239123462622, 49.54276822007387], [128.73280591287664, 49.54276917831074], [128.7330808951331, 49.5430396563856], [128.7330774652273, 49.54366928317988], [128.73390244069475, 49.544480713391614], [128.73403090631547, 49.546279964376474], [128.73430737833164, 49.54628059948178], [128.73430201257818, 49.54727001252612], [128.73402553497874, 49.54726937739874], [128.7340221167012, 49.54789900377868], [128.7342985978538, 49.54789963892011], [128.73443196258646, 49.54879942241048], [128.73387850151548, 49.548888098692494], [128.73371874556938, 49.5528454298776], [128.73344223651435, 49.55284479330447], [128.73344076805128, 49.553114632915914], [128.73302600220225, 49.55311367680841], [128.73288087958716, 49.55437260907149], [128.73232784428185, 49.55437133123194], [128.73218712637717, 49.554820743872625], [128.73191109853485, 49.55473015712347], [128.7320478821311, 49.55500031682309], [128.73177136094853, 49.55499967623739], [128.7317684053659, 49.555539355171994], [128.73232145383466, 49.555540635706954], [128.73232047065196, 49.55572052868197], [128.73259797808382, 49.555541274983334], [128.73259355825465, 49.55635079334473], [128.7321782731627, 49.55643978062963], [128.7320208138967, 49.55994737193624], [128.73174180112275, 49.56039646330077], [128.73173785914108, 49.56111603452595], [128.73118376018047, 49.56129464388082], [128.73090176617396, 49.56228341136029], [128.7304869227525, 49.56228244602267], [128.7304839522534, 49.56282212421766], [128.7296542563332, 49.56282018904473], [128.72964829677758, 49.56389954520919], [128.72923294229844, 49.56398852169022], [128.72923095264193, 49.56434830701539], [128.7288155936002, 49.5644372819839], [128.72881260445297, 49.56497695990251], [128.72853602700272, 49.56497631149119], [128.72797987374946, 49.565514690516714], [128.7279708780601, 49.567133723705275], [128.72714060793646, 49.567221716660534], [128.7274081831993, 49.568841401060716], [128.72795738300425, 49.5695622726321], [128.72795288424643, 49.57037178871278], [128.72864390546115, 49.57046335834348], [128.72864290824583, 49.570643250797794], [128.7282274946863, 49.57073222346548], [128.72822499777985, 49.57118195455417], [128.72876975012994, 49.57271233782838], [128.72889311480736, 49.57541104710176], [128.7291677603042, 49.575771479368335], [128.72930060708575, 49.57676121052386], [128.72929115396283, 49.57847018683549], [128.72956780768453, 49.57847083357037], [128.72956581947255, 49.578830618000396], [128.7302574589051, 49.57883223196493], [128.7302534925313, 49.57955180079812], [128.7298389993306, 49.57946088679474], [128.72984197868735, 49.57892121018818], [128.7295643282874, 49.57910045630811], [128.72968874524145, 49.5816192697239], [128.73010176805468, 49.58198002244656], [128.73106963129194, 49.58207222252586], [128.73106864258588, 49.58225211465339], [128.73051529232723, 49.582250827625536], [128.73051380619808, 49.58252066579404], [128.7310641932859, 49.58306162915749], [128.7311842488794, 49.586389953421246], [128.7318759952638, 49.58639155789244], [128.73200596847627, 49.5879209601659], [128.73255889121958, 49.58801218615768], [128.732693313322, 49.58873207357681], [128.73338313205147, 49.589093452985296], [128.73365984593866, 49.58909409003865], [128.7336613150594, 49.58882425210887], [128.7343530960046, 49.588825841833085], [128.7343491884756, 49.58954540965786], [128.73393313536275, 49.58972434823145], [128.73531623612575, 49.589817466314116], [128.73531477608228, 49.59008730423351], [128.73600657498145, 49.59008888410503], [128.736005118732, 49.59035872202673], [128.7362813549226, 49.5904492987967], [128.7376649631279, 49.59045244286801], [128.7376611040928, 49.59117201068137], [128.73793734795206, 49.591262583499145], [128.74098133733233, 49.59126943515799], [128.74111589218856, 49.591989312603836], [128.74443618815465, 49.592086638067734], [128.7444352482574, 49.59226653007466], [128.74623540686952, 49.5920006494912], [128.74595680766407, 49.59235982653151], [128.74526450767414, 49.59244825208388], [128.74664770751508, 49.59254123487917], [128.74706466851865, 49.592182358615624], [128.7469286295071, 49.59173232605944], [128.7454066195586, 49.59172898841336], [128.74540802401572, 49.59145915035526], [128.74693095626415, 49.591282595902854], [128.74693002556833, 49.591462487969714], [128.74734511694993, 49.59146339475495], [128.74734604611925, 49.59128350268237], [128.7479004264166, 49.59110481732039], [128.74790784307925, 49.58966568043079], [128.7487379954322, 49.589667485452225], [128.74874122935066, 49.5890378629097], [128.75067822690121, 49.589042051380275], [128.7506809773729, 49.58850237478094], [128.75151111016066, 49.588504159883215], [128.75151248078672, 49.58823432154761], [128.75192754492213, 49.58823521185775], [128.75192891323823, 49.58796537350104], [128.75151385139216, 49.58796448319934], [128.75151522197697, 49.58769464483839], [128.75123851561725, 49.5876940504827], [128.7512408024231, 49.58724431986235], [128.75456170006836, 49.58716146221014], [128.7545653099842, 49.5864418929539], [128.75857789524915, 49.58636038470763], [128.75871801910537, 49.58600088841201], [128.76356369422103, 49.58529131110869], [128.7635649982194, 49.585021472382024], [128.76508680155862, 49.58502457096077], [128.7652264421527, 49.584755012886255], [128.76605651224696, 49.584756693578925], [128.7660578024726, 49.584486854778945], [128.76813296660268, 49.58449103042782], [128.76813424536448, 49.5842211915756], [128.77131740827627, 49.58395768299328], [128.77145701150448, 49.5836881172986], [128.7718720376744, 49.5836889360352], [128.7718732957795, 49.58341909707461], [128.7732567088531, 49.58342181542323], [128.77353464042412, 49.58315251810462], [128.7742263432456, 49.58315386941217], [128.7743659281511, 49.58288430014544], [128.7751959670406, 49.58288591525075], [128.7751972067795, 49.58261607619056], [128.77602724116616, 49.58261768532825], [128.7760284763091, 49.582347846240154], [128.77727352116244, 49.582350248763326], [128.77727474942097, 49.58208040963978], [128.77810477483837, 49.58208200386648], [128.77810599850125, 49.581812164715146], [128.7797672548926, 49.58154549608786], [128.77976968381833, 49.58100581766176], [128.78059969114753, 49.581007393972115], [128.78060211084647, 49.580467715465446], [128.78101710996154, 49.58046850137374], [128.78101831749535, 49.58019866209395], [128.7818483112031, 49.58020022943177], [128.78185071706295, 49.57966055080448], [128.78268070168977, 49.5796621121609], [128.7826830983242, 49.57912243345334], [128.7832364153468, 49.57912347103144], [128.78323721217495, 49.57894357811111], [128.78351386968126, 49.578944095904966], [128.78351546127968, 49.578584310040846], [128.7843454277446, 49.57858585943513], [128.7843478059299, 49.57804618056736], [128.78517776331384, 49.57804772398091], [128.7851801322754, 49.57750804503322], [128.785595106418, 49.57750881449365], [128.78559628858406, 49.577238974993506], [128.78642662487263, 49.57715056292866], [128.78642976501044, 49.57643099081631], [128.78725969511615, 49.57643251926453], [128.78726204098547, 49.57589284009217], [128.78809196201036, 49.575894362560504], [128.7880954669554, 49.57508484366367], [128.78878705642435, 49.57508610780549], [128.78892886538497, 49.57427684108398], [128.78962044347395, 49.574278100231055], [128.7897622362757, 49.57346883235364], [128.7901771762955, 49.57346958534107], [128.79017948975215, 49.5729299057895], [128.79100936069395, 49.57293140727309], [128.7910139690996, 49.571852047961], [128.7918438218117, 49.57185354343759], [128.7918484116423, 49.57077418386613], [128.79253994037356, 49.57077542550436], [128.79268281738325, 49.569696313505546], [128.79323602821248, 49.569697303142604], [128.79323906743338, 49.56897772978459], [128.7935160481795, 49.56888827692137], [128.79351718632557, 49.56861843687997], [128.793932463947, 49.568529229667206], [128.79393814295827, 49.5671800292141], [128.79421549032682, 49.56700062792403], [128.79435794134025, 49.56601145981645], [128.79463452596138, 49.566011950935476], [128.79477394937874, 49.56574235604963], [128.7949171388831, 49.5645732935148], [128.7947980755452, 49.55998576215209], [128.79396842380902, 49.55998428811559], [128.79399680108295, 49.553238272654205], [128.7931672636832, 49.5532367930207], [128.79317182133627, 49.55215742986819], [128.7935846857074, 49.552607905083356], [128.79413694749258, 49.55278878403218], [128.79399717937457, 49.55314832572789], [128.79441119227658, 49.55332895716836], [128.79454643048422, 49.554048778074474], [128.7946888363441, 49.553059607278115], [128.7934498448282, 49.55179813595254], [128.79234344622395, 49.551886103539104], [128.79234802181205, 49.55080674018952], [128.7919332737352, 49.55080599523341], [128.79193441987383, 49.5505361543714], [128.79110492834107, 49.55053466001407], [128.7911072297049, 49.54999497828037], [128.7904159944289, 49.549993728464486], [128.79028313828076, 49.548734220496485], [128.78959230714952, 49.54864301880997], [128.7895930797817, 49.54846312486264], [128.78876517480654, 49.54810182587676], [128.78876866519118, 49.54729230303641], [128.78945986227876, 49.54729356264208], [128.7894621815006, 49.546753880661285], [128.78849412794227, 49.54684206308557], [128.7884964577651, 49.54630238109599], [128.7879435113123, 49.54630136915305], [128.7879470150512, 49.54549184610242], [128.78711839076703, 49.54531042926023], [128.7871211264188, 49.54468080015599], [128.78684544497563, 49.54450039720184], [128.78629251891837, 49.54449937739702], [128.78629565740889, 49.54377980120951], [128.78546667438704, 49.54368831956251], [128.78533199179265, 49.542878539934655], [128.7845026302532, 49.54287699842637], [128.78450342141394, 49.542697104358304], [128.7853327799086, 49.54269864585685], [128.78602273367088, 49.54296976702516], [128.7861617459397, 49.54279012845588], [128.78588568561116, 49.542699670220344], [128.7857494256319, 49.542249679145876], [128.78519691931064, 49.542158707090884], [128.78492283831616, 49.54161851129471], [128.78409349812534, 49.541616966882714], [128.78409468706366, 49.5413471257267], [128.78285028516757, 49.54143474503231], [128.78326415800598, 49.54161541652697], [128.78326296448284, 49.54188525765562], [128.7839540850498, 49.54188655004375], [128.78395289531457, 49.54215639117197], [128.78215637192787, 49.54206307531474], [128.78215917102335, 49.54143344606047], [128.78105459416824, 49.541161518009886], [128.78105700545666, 49.54062183575124], [128.78008986548554, 49.5405300540205], [128.77995406861132, 49.53999010898455], [128.77788078785412, 49.5399861478791], [128.7778787493475, 49.54043588305175], [128.7770494295622, 49.540434288183434], [128.77705393095303, 49.53944487081256], [128.7753945005867, 49.53962155741672], [128.77539779855607, 49.538901981143574], [128.77456850486922, 49.538900368531365], [128.77456974613978, 49.53863052742097], [128.77346361164413, 49.538718315078285], [128.77318884663333, 49.53835798545507], [128.77249777633227, 49.53835662884294], [128.7724990289806, 49.53808678774566], [128.77084173136512, 49.53781367399001], [128.77084425483108, 49.53727399179407], [128.7691869939889, 49.53700085435336], [128.7691882648058, 49.53673101325495], [128.768360283576, 49.53645951509925], [128.76836155892022, 49.536189673991196], [128.7679473610893, 49.536098896212046], [128.76781043180875, 49.53582877785401], [128.7671202521982, 49.535647495098615], [128.7671249532647, 49.534658077587764], [128.76560557438174, 49.53447511399805], [128.76560901545986, 49.53375553757452], [128.76505664256322, 49.53366446942124], [128.76479103152985, 49.53141523107701], [128.76382453746186, 49.53123336648246], [128.76382930431484, 49.53024394844603], [128.7632782773425, 49.52988303049976], [128.76328044903454, 49.529433294962], [128.76300363658777, 49.52952267632575], [128.7630105937847, 49.52808352241936], [128.76218410176995, 49.52754213852903], [128.76218715592432, 49.52691250856005], [128.7614962475074, 49.52691108648467], [128.76136200613226, 49.52610127727581], [128.76067154825648, 49.52600990314362], [128.76053512639106, 49.525649828654565], [128.76012059206028, 49.525648970001704], [128.7601223523301, 49.5252891813922], [128.75929417297527, 49.5251075653506], [128.75929638084529, 49.52465782957012], [128.75846777214093, 49.52456615477387], [128.75846998754875, 49.52411641897842], [128.75764138955674, 49.52402473827188], [128.75764272333052, 49.52375489678991], [128.75598867913652, 49.5229418874934], [128.7559900219543, 49.52267204599372], [128.75516235129936, 49.52240045321757], [128.7551636986387, 49.522130611709144], [128.75474964409273, 49.52203978668866], [128.75475054382383, 49.52185989234538], [128.75433604171013, 49.521859013017824], [128.7543373935708, 49.521589171500686], [128.7539228937583, 49.521588290696585], [128.7537869852832, 49.521138260893714], [128.7530966115399, 49.521046841611565], [128.75309932880373, 49.52050715853867], [128.752270347568, 49.52050538660346], [128.75227216511377, 49.52014559788241], [128.75144410184203, 49.519963925672606], [128.75144546952515, 49.51969408412541], [128.75061650213772, 49.51969230036229], [128.7504810868619, 49.51915231939805], [128.74979028838214, 49.51915082759533], [128.74979166512583, 49.51888098604398], [128.74896363244545, 49.51869929609034], [128.74896547413445, 49.51833950734689], [128.74855100195722, 49.51833860734165], [128.7485523854802, 49.51806876577778], [128.74772344574902, 49.51806696133028], [128.7477252964951, 49.51770717258152], [128.74689729132808, 49.517525467846724], [128.74662376935484, 49.5169851799398], [128.74607115515002, 49.51698396844247], [128.7460734836396, 49.516534232475735], [128.74538365618324, 49.516352820029475], [128.74524784043163, 49.51590277993739], [128.74441893752044, 49.515900951873306], [128.744421749774, 49.51536126867671], [128.7435928560678, 49.515359434709055], [128.74345705947195, 49.51490939246835], [128.74276679285583, 49.51481791162547], [128.74276820802868, 49.514548070017604], [128.74194074788403, 49.5142763826229], [128.74180402245975, 49.514006232803744], [128.74138958713064, 49.51400530720386], [128.740701239132, 49.513554025228004], [128.7405649982778, 49.513193926715125], [128.73987428424758, 49.5131923758456], [128.7398757152514, 49.51292253422309], [128.73904829859538, 49.512650826136884], [128.73905021261763, 49.51229103729381], [128.73822377121758, 49.51183942887282], [128.7382266512256, 49.51129974555913], [128.73739878957943, 49.51111797288449], [128.73726354317995, 49.51057797592989], [128.73657334917834, 49.510486458188396], [128.7358855791158, 49.5099452002127], [128.73533304468768, 49.50994393755897], [128.7353349857749, 49.50958414865382], [128.7345071638521, 49.50940235530061], [128.7345081374105, 49.50922246084595], [128.7336813012511, 49.50886076712662], [128.73368276609963, 49.50859092543518], [128.7332683767884, 49.50858997082138], [128.73326984389413, 49.50832012912629], [128.73285545688415, 49.50831917303735], [128.73272124816356, 49.50759927612784], [128.7320311046276, 49.507507731327195], [128.732034052315, 49.50696804787728], [128.7317592772769, 49.506697565973596], [128.73120677960932, 49.50669628367542], [128.73121269286116, 49.505616916645465], [128.73038693027303, 49.50507530476974], [128.73039137851785, 49.50426577934277], [128.72970079074545, 49.5042641679502], [128.72957010928022, 49.502914635969994], [128.73040620455308, 49.50156736042831], [128.72999187466718, 49.50156639417898], [128.72958497976853, 49.50021621660448], [128.72960133472623, 49.49724795383715], [128.73042992157806, 49.49724988752649], [128.73044177795344, 49.495091149857714], [128.73127032845204, 49.49509307746653], [128.73127919246994, 49.493474023572546], [128.73210820663226, 49.49338599768015], [128.73211066111452, 49.49293626036893], [128.73169640402872, 49.49293530034602], [128.7316978789658, 49.49266545795147], [128.73252687872773, 49.492577429022006], [128.73253226991483, 49.49158800671798], [128.73336125000054, 49.491499971759595], [128.7333666241659, 49.49051054920307], [128.73419607160181, 49.49033256069523], [128.73421116818096, 49.48754418684427], [128.73476345042593, 49.48754545443791], [128.7350439603431, 49.48673655904605], [128.735050755832, 49.485477292730316], [128.75120434827707, 49.4855131622155], [128.75106263488738, 49.48623244688016], [128.75037184234483, 49.486320906972], [128.75008884010052, 49.48766952606879], [128.74939756646563, 49.4878479279576], [128.74938976090792, 49.48937703811413], [128.74856084500357, 49.48946518806551], [128.74855485583663, 49.49063450723006], [128.7480025382386, 49.490633305423245], [128.74799930605715, 49.491262938694334], [128.74772268147456, 49.49135228439139], [128.74771389818105, 49.4930612885734], [128.74743772574251, 49.49306068597053], [128.74743448603925, 49.493690318948666], [128.74771066202024, 49.493690921564856], [128.74756054643035, 49.4960292565353], [128.74769632908763, 49.4964792954113], [128.7482487124565, 49.49648049878356], [128.7485096941858, 49.49944936711393], [128.74906211101904, 49.49945056665502], [128.7490552117537, 49.500799778765156], [128.749331427778, 49.50080037757491], [128.7493286709645, 49.50134006234153], [128.74988110911607, 49.5013412580053], [128.74987698285398, 49.50215078509411], [128.7501532065003, 49.502151381953745], [128.75015045859354, 49.50269106662752], [128.75111588339266, 49.50296299281977], [128.75111177726583, 49.50377251975652], [128.7519404756979, 49.50377429955487], [128.75193638305805, 49.504583826428075], [128.75276509524411, 49.504585600341024], [128.75276237583012, 49.505125284893374], [128.75359109721296, 49.50512705290384], [128.7535888385683, 49.50557679001997], [128.75441576674916, 49.50593834181197], [128.7544144160659, 49.50620818406452], [128.7552431558422, 49.50620994026934], [128.75524046353075, 49.50674962476971], [128.75606921250377, 49.50675137507136], [128.75606787087574, 49.5070212173191], [128.75689662448747, 49.50702296170085], [128.75689528739736, 49.50729280395244], [128.75813709452973, 49.50756525168238], [128.75813576423684, 49.507835093933295], [128.7602063641855, 49.50810924905526], [128.7606194336397, 49.508379949453996], [128.76061811696223, 49.508649791715875], [128.76144689836215, 49.508651503544165], [128.76227437226072, 49.50892305171716], [128.76227306466086, 49.50919289398607], [128.76351494992045, 49.50946528402027], [128.7635127819079, 49.50991502112603], [128.7643411527669, 49.51000665967238], [128.76433899228738, 49.510456396762585], [128.7651673738487, 49.51054802940063], [128.76530292744485, 49.511087994184656], [128.76599361316642, 49.51108939320468], [128.76599189684103, 49.511449182854555], [128.76681987072064, 49.5116307510842], [128.76681730526096, 49.51217043553156], [128.76764614651185, 49.51217210303884], [128.76764486831254, 49.5124419452593], [128.76805886593573, 49.512532724200845], [128.76805716467126, 49.512892513813284], [128.76847116686253, 49.51298329127912], [128.76874533157533, 49.513433580830565], [128.76915933961195, 49.51352435583393], [128.7691606095286, 49.51325451363535], [128.76957503937203, 49.51325533975092], [128.76957292663346, 49.51370507675455], [128.77040095190665, 49.51388661936034], [128.77053530983684, 49.51469641996582], [128.77205493083952, 49.51469942380736], [128.77205033253415, 49.51568884509209], [128.7705319433459, 49.51541599902299], [128.77066504577695, 49.51649564135828], [128.77135454992597, 49.516766850564686], [128.77135203390085, 49.51730653470276], [128.77176649804693, 49.51730735301752], [128.77190339776604, 49.51757746751955], [128.77217970873167, 49.51757801191316], [128.77217845523265, 49.51784785396599], [128.77300614378356, 49.51811932525869], [128.7732799628936, 49.51865955110655], [128.77383259707912, 49.518660632676315], [128.77382927849843, 49.51938021140269], [128.77465782869052, 49.51947177618863], [128.77479351114297, 49.52001172919941], [128.7754843229991, 49.520013071739385], [128.77548308757633, 49.52028291373956], [128.77672532729025, 49.520555161950966], [128.77699920091257, 49.52109537884526], [128.77755186268905, 49.52109644268888], [128.7775506385963, 49.52136628467629], [128.77920822825112, 49.521459407735044], [128.77920741825736, 49.52163930240352], [128.78003642025317, 49.52164088137041], [128.78031154534455, 49.52191124838488], [128.78210772652093, 49.521914644846234], [128.78210652746353, 49.52218448687784], [128.78542257338512, 49.52219068407125], [128.78542375419485, 49.521920841980936], [128.78625276129142, 49.5219223764155], [128.78625158504363, 49.52219221852036], [128.78708059677282, 49.52219374702978], [128.78707942506938, 49.52246358913644], [128.7874939332414, 49.52246435117099], [128.78749120452068, 49.52309398272077], [128.78831945495173, 49.523275397094075], [128.78859114458461, 49.52435527058009], [128.79066146161617, 49.5248987230516], [128.79121148557726, 49.525529353127375], [128.791901612386, 49.52571049243521], [128.79190046707052, 49.52598033446052], [128.79245318444907, 49.525981327199794], [128.79245204215837, 49.52625116922184], [128.7932811228464, 49.52625265339441], [128.79327998510155, 49.52652249541785], [128.7936945277527, 49.52652323528343], [128.7936922567749, 49.52706291930632], [128.7953493194144, 49.5273357059933], [128.79534706658762, 49.52787538999597], [128.79617617489302, 49.5278768534598], [128.7961739311255, 49.528416537439504], [128.79783105341042, 49.52868928859806], [128.7978291987368, 49.52913902523394], [128.79865795912136, 49.52923041826653], [128.7986564814267, 49.52959020756254], [128.799346324832, 49.529861249765915], [128.7993444839831, 49.53031098635207], [128.79989688328294, 49.53040189090951], [128.79989504744995, 49.53085162746855], [128.8001714337342, 49.53085210510808], [128.80030742838306, 49.53139202751825], [128.80072201239292, 49.53139274225814], [128.80071872137168, 49.532202267940384], [128.80099511528516, 49.532202743621944], [128.80099292423162, 49.53274242735579], [128.80154571816666, 49.53274337675627], [128.80154098384529, 49.533912691378085], [128.80236946924222, 49.53409400513055], [128.80236112729636, 49.536162791993945], [128.80263754357154, 49.53616326377987], [128.80263609472937, 49.53652305272954], [128.80318893135973, 49.53652399433238], [128.80318242947402, 49.538143044380746], [128.80345813547848, 49.538323408643066], [128.8034566925503, 49.53868319747544], [128.80400955357553, 49.53868413518757], [128.80400595627583, 49.53958360719962], [128.80441989171473, 49.53976420316239], [128.8044180967847, 49.54021393911263], [128.8040034380588, 49.540213237524284], [128.80399768180254, 49.541652392293145], [128.80344478728924, 49.541651454483265], [128.80344262248488, 49.54219113741091], [128.80316617219438, 49.54219066750644], [128.80316292029863, 49.543000191789545], [128.8026100106051, 49.542999249972524], [128.80260240096297, 49.54488813946059], [128.80315533197157, 49.544889081340095], [128.80314991124914, 49.54623828778187], [128.80397933065595, 49.54623969571411], [128.8039559351418, 49.552086253591504], [128.80423208180625, 49.552176668676594], [128.80436710199527, 49.55298642540949], [128.8047818688512, 49.55298712582608], [128.8047754158415, 49.55460617139794], [128.80560497702191, 49.5546075678509], [128.8056014069995, 49.555507037460124], [128.80643027249982, 49.55568832192427], [128.8064260064764, 49.55676768528849], [128.80725560434942, 49.556769069953475], [128.8072311748816, 49.562975405666805], [128.80792224127075, 49.56306650211082], [128.80804465707647, 49.56711433830577], [128.8083212481575, 49.56711479672343], [128.80859537763607, 49.56774488196411], [128.80721311288798, 49.56756269297471], [128.80707127144063, 49.56846193018594], [128.80624040744328, 49.56873038421896], [128.80623755935582, 49.56944995817931], [128.80554569147793, 49.569538745141614], [128.80539916511327, 49.5716072871913], [128.80512254869595, 49.57160682175951], [128.80512075820332, 49.57205655524078], [128.80456716118678, 49.57214556906823], [128.80456500642595, 49.57268524917317], [128.80428838393058, 49.57268478174033], [128.80428730500094, 49.57295462176937], [128.80387200857467, 49.57304386604512], [128.80386948565885, 49.57367349270493], [128.80345418237192, 49.57376273546182], [128.80345129281642, 49.57448230867382], [128.80289766533787, 49.57457131444063], [128.80289549198383, 49.57511099426425], [128.80220244753122, 49.57546960093078], [128.80219990292105, 49.57609922726214], [128.80206012692446, 49.57645877723124], [128.80178348314294, 49.576458303785316], [128.80178166165993, 49.57690803679757], [128.80122800371552, 49.576997034502284], [128.80122508109795, 49.57771660721346], [128.8003947616259, 49.57780512545585], [128.80039072603563, 49.578794537721535], [128.79956038677724, 49.57888304993681], [128.79955707101902, 49.579692568883175], [128.7988654159823, 49.5796913690145], [128.7987204255543, 49.58131016601363], [128.79802837643194, 49.58139890762554], [128.79788409617413, 49.582837810087696], [128.7959465876963, 49.58301430483496], [128.7959424614151, 49.58400371593449], [128.79511240243335, 49.58400224958298], [128.79510901248244, 49.58481176758698], [128.79455563071005, 49.58481078668441], [128.7942744013505, 49.58588965234649], [128.79372024894002, 49.58606856026304], [128.79344013315463, 49.5868775844423], [128.7928867280738, 49.58687659553081], [128.7928844433422, 49.58741627386791], [128.79260735645687, 49.58750572479361], [128.79260621253334, 49.58777556393424], [128.79219115112332, 49.587774819498534], [128.79205050332016, 49.588314249247006], [128.79135757587673, 49.588582843444364], [128.7912180681755, 49.588852433035456], [128.79052628400174, 49.58885118316645], [128.79052320274448, 49.589570753916625], [128.78900086738182, 49.58965793591032], [128.7888594024657, 49.59037725418665], [128.7878904845767, 49.59046542974689], [128.7878881444337, 49.591005107575214], [128.7876114186404, 49.59100460014711], [128.787610247016, 49.59127443903745], [128.78678006510353, 49.59127291276928], [128.78677771264262, 49.59181259048303], [128.78594673441916, 49.591990950782005], [128.78594515995047, 49.592350735865736], [128.78511495986106, 49.59234919763099], [128.78511377440896, 49.59261903641443], [128.78456030466904, 49.59261800760687], [128.7845595123222, 49.59279790011562], [128.78428277644642, 49.59279738471618], [128.78428118969336, 49.59315716971029], [128.7834509760071, 49.59315561952276], [128.78344978134135, 49.59342545823887], [128.7830338742546, 49.59360457337024], [128.78303227826953, 49.59396435828426], [128.7822020509508, 49.59396279912061], [128.78219964775258, 49.59450247641985], [128.78136900927868, 49.59459085747852], [128.7813661947542, 49.59522048088579], [128.7798436675877, 49.59530754209522], [128.77970205142555, 49.596026848264295], [128.77762476029926, 49.59638266398746], [128.7776235333516, 49.596652502447114], [128.77596175199852, 49.59691913886739], [128.77596051585192, 49.597188977271344], [128.77513023418888, 49.5971873673098], [128.7751289934426, 49.59745720568583], [128.77471385034852, 49.59745639846414], [128.774712607293, 49.59772623681985], [128.77222047856097, 49.59799120047449], [128.7722192217242, 49.59826103875864], [128.77055862250077, 49.59825775915773], [128.77055651245954, 49.59870748955134], [128.76848031893752, 49.59879330254625], [128.7684790414273, 49.59906314072213], [128.7679254993853, 49.59906203227051], [128.7676465915148, 49.59951120729077], [128.76598551994093, 49.59959780806357], [128.76598422862799, 49.59986764615395], [128.76515390206526, 49.59986596456888], [128.7651526061511, 49.60013580263065], [128.7643222750846, 49.600134115073686], [128.76404419603708, 49.600403389258915], [128.76307547124347, 49.600401410579835], [128.7630741638356, 49.60067124857617], [128.761412167255, 49.60093767561318], [128.76141085064376, 49.601207513551834], [128.7597501526436, 49.60120407874816], [128.75974882684832, 49.60147391664159], [128.7590568656239, 49.60147247842816], [128.75905553599023, 49.60174231629528], [128.7585019639959, 49.60174116273549], [128.75850107552583, 49.60192105463257], [128.75600954400863, 49.602005776750865], [128.75600819753322, 49.602275614532175], [128.75559301409965, 49.60227473867406], [128.75559166531278, 49.6025445764344], [128.7551764796083, 49.60254369907887], [128.75517557887832, 49.60272359090652], [128.74977768642844, 49.60280199557776], [128.74977630552357, 49.60307183319504], [128.74770035573601, 49.60306732720309], [128.7477017480971, 49.602797489628536], [128.74521062279115, 49.602792033348415], [128.743412893226, 49.602518221864024], [128.74341525320523, 49.60206849267279], [128.73954214525457, 49.60170005529419], [128.73954454076582, 49.6012503261763], [128.73926823756653, 49.601159757253875], [128.7378828797829, 49.6014264692976], [128.7377459351199, 49.60115631840399], [128.73567006861924, 49.60115159680084], [128.735668609944, 49.601421434196766], [128.7331775571217, 49.601415719080734], [128.73317608467818, 49.6016855564098], [128.73248313769668, 49.601863850884655], [128.73068353269483, 49.60194962489514], [128.73068056020335, 49.60248929938051], [128.7298496944267, 49.602577310224085], [128.72984820355757, 49.60284714742517], [128.7288769391712, 49.60329461109775], [128.72859714940708, 49.60383363674163], [128.72776675789405, 49.603831686865256], [128.72776375301024, 49.60437136104423], [128.72707175251387, 49.60436973156612], [128.72720864707705, 49.60463989485079], [128.72693184536345, 49.60463924222603], [128.7269288311781, 49.60517891629184], [128.72609740912796, 49.605356845740744], [128.7260938817344, 49.60598646535698], [128.72526345382985, 49.60598449746133], [128.72525890467764, 49.60679400823909], [128.7245668700352, 49.6067923637287], [128.72442542106512, 49.6073317080812], [128.72401019573428, 49.60733071887402], [128.72400562561324, 49.60814022937731], [128.72317516126932, 49.60813824643848], [128.7231721052397, 49.60867792000634], [128.72234163182006, 49.60867593107222], [128.72233856653048, 49.609215604551665], [128.72150808403512, 49.60921360962204], [128.72150500948507, 49.60975328301293], [128.72067451791403, 49.60975128208757], [128.72067143410294, 49.61029095538981], [128.71984093345614, 49.61028894846849], [128.71983938693145, 49.61055878508155], [128.71942413435076, 49.61055777937711], [128.71942258551059, 49.610827615967956], [128.71859207583478, 49.61082560007138], [128.71845106719812, 49.61127499109544], [128.71692793150646, 49.611361223432525], [128.71692636884248, 49.611631059927824], [128.71526532264048, 49.61162698631193], [128.71526375078358, 49.611896822755945], [128.71332585332874, 49.61189204003624], [128.71318584875934, 49.612161533554804], [128.7086179245459, 49.612150126078554], [128.7084811119682, 49.61187994131248], [128.70488216337387, 49.61187082244018], [128.70460695194387, 49.61160028016336], [128.70322274913084, 49.61159673983651], [128.7032260257263, 49.611057067483905], [128.70239770379376, 49.610695153814206], [128.70226312106382, 49.610065180096164], [128.7015721397334, 49.609883507229675], [128.70157543435306, 49.60934383479735], [128.7011612924754, 49.60916287278298], [128.7011640417085, 49.6087131457201], [128.70061204598682, 49.608441878928296], [128.700477492352, 49.60781190294303], [128.69992440641167, 49.607720523707066], [128.69992716688307, 49.60727079658235], [128.69951526002131, 49.60673004692798], [128.69910004071016, 49.60672896838048], [128.69910336225144, 49.60618929577443], [128.69785938582595, 49.60591621496629], [128.6978616092642, 49.60555643322482], [128.69703230548578, 49.60537437194971], [128.69703397760145, 49.60510453564092], [128.69537315610793, 49.605100177019544], [128.69523811835012, 49.60456014015946], [128.68997891112548, 49.6045461746395], [128.6899754890606, 49.605085846940824], [128.68914336347586, 49.605353456085496], [128.68913993209034, 49.60589312826846], [128.68872472028912, 49.60589201251997], [128.68858402463948, 49.60625142168118], [128.6880304048823, 49.60624993101917], [128.68788396073802, 49.607508792608925], [128.68732975150937, 49.60759724388952], [128.6869116450954, 49.60804584817231], [128.68621901779136, 49.60813391968442], [128.6862161311273, 49.60858364616466], [128.68593757453863, 49.608852731340846], [128.68538392546242, 49.60885122796495], [128.68538045214993, 49.60939089962656], [128.68468838323008, 49.60938901664742], [128.684127753703, 49.61046685032753], [128.6832966700778, 49.61055452647057], [128.6832920079671, 49.61127408831735], [128.68246149344463, 49.61127181320048], [128.68245798756968, 49.6118114844832], [128.68162629227865, 49.61198909376681], [128.68162394883365, 49.61234887455364], [128.68079341618386, 49.612346587433706], [128.68079165398444, 49.612616422987344], [128.6795440792282, 49.612882816611155], [128.67954231009833, 49.61315265210678], [128.67871176395957, 49.613150350025414], [128.67870821644982, 49.61369002093494], [128.67704532318746, 49.613955234200816], [128.67704175717654, 49.614494904946554], [128.67538061979732, 49.614490258853714], [128.67495995191155, 49.615298599464374], [128.67329698379834, 49.615563758660734], [128.67329518000994, 49.615833593864366], [128.67246458882548, 49.61583124687138], [128.67246097199586, 49.61637091719608], [128.6716303717488, 49.61636856419938], [128.67162674563858, 49.6169082344287], [128.67121144097007, 49.61690705567329], [128.67107118993331, 49.61717649750445], [128.67079431864693, 49.61717571050129], [128.67079250093758, 49.61744554556186], [128.67051562813464, 49.617444757889075], [128.67051198957645, 49.61798442795718], [128.67120417925008, 49.617986395934885], [128.6712023637518, 49.61825623096856], [128.67161767988554, 49.618257409779844], [128.67161042679194, 49.61933674983228], [128.67244107748692, 49.61933910307437], [128.67243745994966, 49.61987877306904], [128.67326811992677, 49.619881120395796], [128.673266315704, 49.620150955396355], [128.67395913639336, 49.620062961962795], [128.67396033665733, 49.619883071948685], [128.67506788358273, 49.61988618582448], [128.67492405497765, 49.62069530226605], [128.6718764390593, 49.62095654465104]], [[128.60905881991215, 49.616174171179104], [128.60961254739973, 49.61617603978712], [128.60961470281094, 49.61590620647856], [128.60906097838043, 49.61590433788827], [128.60905881991215, 49.616174171179104]], [[128.60989371889812, 49.61563730645045], [128.61003071387063, 49.61581766173982], [128.6101705796209, 49.61563823908147], [128.60989371889812, 49.61563730645045]], [[128.6551644387731, 49.61524132648138], [128.66416239144561, 49.61526777926672], [128.66416424561993, 49.61499794428554], [128.66541011015207, 49.61500155182424], [128.66541318891717, 49.614551826770395], [128.66707310134814, 49.61473650594613], [128.667074939418, 49.61446667085996], [128.66790550696263, 49.61446905647403], [128.6679073404196, 49.61419922135254], [128.66957029092805, 49.61393413947992], [128.66957211515955, 49.613664304287994], [128.66998739220548, 49.61366548886797], [128.669989214117, 49.61339565365212], [128.670819763706, 49.61339801832064], [128.67082339827687, 49.612858347806025], [128.67151551537634, 49.612860313774156], [128.67165756409716, 49.61232103586112], [128.67221125173032, 49.61232260496458], [128.67248930091492, 49.612143498293726], [128.6724917115784, 49.611783717817744], [128.67332343624298, 49.61160617421574], [128.6733276440482, 49.61097655825682], [128.6741581528105, 49.610978898891254], [128.67429956751877, 49.61052956264736], [128.6745764012561, 49.610530341191506], [128.6745787964211, 49.610170560539984], [128.67540929159273, 49.61017289217096], [128.67541227784113, 49.60972316628797], [128.67624395690268, 49.609545601546515], [128.67639070706684, 49.60828675575146], [128.67722295202194, 49.60801923865764], [128.677231265978, 49.6067600054], [128.67792448229375, 49.606582042385654], [128.6782089901083, 49.605413523796855], [128.67876319085588, 49.605325116132356], [128.67876732767684, 49.60469549914826], [128.67904471895494, 49.60460632165118], [128.6791860700666, 49.604156978814224], [128.67988042017157, 49.60379911330356], [128.67988277573878, 49.6034393320436], [128.68029855447907, 49.60335053414293], [128.6804487078062, 49.60155200952147], [128.68086916568188, 49.600743646621424], [128.6808973390343, 49.59642626730544], [128.68131247015486, 49.59642741097038], [128.68131774503263, 49.595617901954384], [128.6821497472705, 49.595350348367354], [128.68215500808984, 49.59454083913414], [128.68298523845252, 49.594543115891575], [128.6829887363732, 49.594003442962816], [128.68368058745557, 49.59400533567611], [128.68382244633617, 49.593466040699965], [128.68728511512876, 49.59293576467492], [128.68728684028213, 49.59266592803014], [128.68811703922935, 49.59266816791846], [128.68881230520114, 49.592130356538256], [128.69005759020592, 49.59213369770024], [128.69005930001612, 49.591863860946845], [128.6904743927794, 49.59186497167988], [128.6904761002741, 49.59159513490326], [128.69130628129813, 49.59159735188274], [128.6913074165607, 49.59141746067727], [128.69545886794197, 49.59133851055461], [128.6954605479089, 49.59106867362736], [128.69808942776103, 49.59107556037871], [128.69809109320147, 49.5908057233735], [128.69864453866683, 49.59080716559437], [128.69864287627928, 49.59107700261324], [128.69974977344907, 49.5910798791437], [128.69975142973084, 49.59081004209756], [128.70279538106837, 49.59081789790376], [128.70279374157758, 49.59108773502438], [128.7045924506414, 49.59109233950987], [128.70459082104801, 49.59136217666142], [128.7069424538455, 49.59145810152757], [128.7069397594141, 49.59190783017275], [128.70749321779283, 49.59190923010769], [128.70749160415465, 49.592179067291156], [128.7128873274019, 49.592282523870374], [128.71274684878853, 49.59264196363307], [128.71302305454705, 49.59273259581736], [128.71454509167168, 49.59273635932744], [128.7145482411651, 49.592196684664586], [128.7163469928772, 49.59220110656325], [128.71635273032024, 49.59121170272923], [128.7185670519092, 49.59112716067791], [128.7191199855361, 49.59121845083525], [128.7191189525648, 49.59139834249677], [128.719949132385, 49.59140035404089], [128.7199470725173, 49.591760137372425], [128.72063940789224, 49.59167186329602], [128.72050772496218, 49.59050223329276], [128.720784446522, 49.590502901140106], [128.72078136601857, 49.591042576251525], [128.72119594029394, 49.591133522651255], [128.72119901623347, 49.59059384752933], [128.72092280730578, 49.590503234815706], [128.7212000415261, 49.59041395581075], [128.7212067056774, 49.58924465950257], [128.72189695782617, 49.58951616131879], [128.72189440106374, 49.58996589070142], [128.72244528645223, 49.590416948462384], [128.7228603681404, 49.59041794303599], [128.72285680094149, 49.59104756411456], [128.72368595890214, 49.59122944057686], [128.72368900738076, 49.59068976535018], [128.72286087773, 49.59032799716198], [128.72286342563982, 49.58987826777083], [128.72203684909567, 49.58924665601012], [128.72203940448367, 49.58879692656587], [128.72162536024223, 49.5886160372908], [128.7205180028133, 49.58870331593053], [128.72052314135237, 49.58780385703805], [128.72079882097935, 49.58798441661609], [128.72065841293315, 49.58834386637149], [128.72121183165208, 49.588345200641925], [128.7212174699274, 49.58735579573246], [128.72094230534245, 49.587085291225314], [128.7209458966809, 49.58645566981568], [128.7206717657177, 49.58600527278396], [128.72067895495766, 49.584746029688425], [128.72124104480088, 49.58321828244556], [128.72111654637393, 49.58078940741823], [128.7208378271932, 49.58114852448203], [128.72096590325935, 49.58294777784086], [128.72027112088375, 49.58348578404847], [128.72040329397183, 49.584565469756285], [128.7197115740696, 49.58456379676564], [128.7197156961806, 49.583844229195094], [128.71860896074756, 49.583841543879664], [128.71860016647653, 49.585370624715026], [128.71832243831057, 49.58554984352851], [128.71833538364828, 49.58330119522391], [128.72041254560136, 49.5829464425006], [128.72043156021823, 49.57961844059674], [128.7209848802438, 49.579619775780905], [128.72111808423156, 49.580519569380606], [128.721123722845, 49.57953016313419], [128.72140038236984, 49.579530829401584], [128.72142137543457, 49.57584304089461], [128.72171284552934, 49.57323526914997], [128.7217148910713, 49.57287548460668], [128.72143929293014, 49.57269492688028], [128.7214556718898, 49.569816649699334], [128.7213189057326, 49.56954647820538], [128.72062893796468, 49.56927497250168], [128.7204947456282, 49.56855506904963], [128.72008036373037, 49.568464120121014], [128.71966907371265, 49.56783349252492], [128.719672678986, 49.5672038690782], [128.71884342611673, 49.56711191006247], [128.71884652538134, 49.56657223279716], [128.718016766723, 49.566570214083015], [128.71801883894508, 49.56621042923679], [128.7164976261599, 49.56620671285728], [128.71636350281292, 49.56548680435553], [128.71429072743214, 49.56521186339643], [128.71401572515168, 49.56494134167609], [128.712632840752, 49.56493791620615], [128.71263442450487, 49.56466807762322], [128.70890065852802, 49.56465874640702], [128.70889905419804, 49.564928584901516], [128.70640824617362, 49.565192135533124], [128.70640662807688, 49.565461973942654], [128.70516201971046, 49.56545880991114], [128.7051603947301, 49.565728648278], [128.70460723247808, 49.56572723773217], [128.7046056044246, 49.565997076072975], [128.70266952621552, 49.56599211829522], [128.7026678874672, 49.566261956576334], [128.70183813525435, 49.566259821879655], [128.7018364919083, 49.566529660127856], [128.7011450279955, 49.566527876652856], [128.70100508727725, 49.56679735767732], [128.69975879074426, 49.56706397366608], [128.69975548101255, 49.567603649972], [128.69809426759866, 49.56786917087681], [128.6980926035236, 49.56813900895713], [128.69726281984475, 49.56813684139835], [128.69726115117112, 49.568406679445445], [128.6964296897467, 49.568674343930695], [128.6955998971217, 49.568672164432265], [128.69559821925048, 49.56894200241272], [128.69476842215266, 49.568939816944294], [128.69476673968248, 49.56920965489134], [128.69435183888461, 49.569208559915744], [128.69435071569913, 49.56938845186648], [128.69310544500004, 49.56947510395764], [128.69296545157187, 49.56974457502103], [128.69268884806127, 49.56974384089187], [128.69268715408023, 49.57001367874881], [128.69102582095218, 49.57027909785216], [128.691024117772, 49.57054893564185], [128.6906092057685, 49.570547827227614], [128.69060750027566, 49.5708176649941], [128.68977767177145, 49.57081544368232], [128.68963765617565, 49.57108491061448], [128.68894612870318, 49.57108305413246], [128.68894498557754, 49.57126294593316], [128.68742304543707, 49.57134879298823], [128.68728129145998, 49.57188809464951], [128.6852049403286, 49.572152308069136], [128.6852032049472, 49.57242214562162], [128.67814588983703, 49.57294241969886], [128.67814411549185, 49.57321225702938], [128.67731424738915, 49.57320994627489], [128.67731246844244, 49.573479783570825], [128.6768975321438, 49.57347862595129], [128.67689634463952, 49.573658517467535], [128.67523599680672, 49.57374381782573], [128.67495578721713, 49.57428271568241], [128.67357264395935, 49.57427882295656], [128.67357084431774, 49.574548660102444], [128.67274095393222, 49.574546316510826], [128.67273914968843, 49.57481615362181], [128.6719092548363, 49.57481380405746], [128.67190744599014, 49.57508364113346], [128.6710775466716, 49.57508128559627], [128.67107633770888, 49.57526117695833], [128.6673411670546, 49.57534044898025], [128.66733933298963, 49.57561028590738], [128.6619467976509, 49.57532481874079], [128.66180350830714, 49.576043979365046], [128.65986641563154, 49.57612825029178], [128.659864540304, 49.576398086975054], [128.6593112599002, 49.57639645967881], [128.65930750305958, 49.57693613297643], [128.6590308598261, 49.57693531832106], [128.65902960650394, 49.57711520940382], [128.65681582222146, 49.57719861383438], [128.6562606376747, 49.57746680847675], [128.65611852245198, 49.57800607060489], [128.65445926258886, 49.577911181459356], [128.65431839691564, 49.57827055033582], [128.65390342097214, 49.57826931019323], [128.65362677035907, 49.578268482604926], [128.6536286802041, 49.577998646185534], [128.65196878594614, 49.57799366681682], [128.65182662189721, 49.57853292351873], [128.65127331782523, 49.578531257746434], [128.6511388389902, 49.577991168205735], [128.64961726987164, 49.57798657196227], [128.64947507994665, 49.57852582571937], [128.6469839153454, 49.578698149132826], [128.64684299252914, 49.57905750873479], [128.64642671049936, 49.57923613255211], [128.6446271412894, 49.579410515904485], [128.64434852339872, 49.579679502214844], [128.64434525483188, 49.58012922899535], [128.64199232197686, 49.580301869683154], [128.64198968974893, 49.58066165097925], [128.64115969843695, 49.580659080710845], [128.64115574084266, 49.5811987525639], [128.64004642714193, 49.58155509737973], [128.63990478315745, 49.58200439350292], [128.6383810969153, 49.582269485082065], [128.6382367754995, 49.58307856006896], [128.63740674353318, 49.5830759627964], [128.63740274420746, 49.58361563420007], [128.63629401708891, 49.58388199749508], [128.636151662939, 49.58442123395593], [128.63532026756218, 49.584598512069086], [128.63531758587231, 49.58495829283213], [128.63448550640558, 49.58522551008583], [128.63448349049483, 49.58549534560576], [128.63365341787429, 49.58549272132449], [128.63364937680603, 49.58603239227648], [128.63337133484046, 49.58621140647714], [128.63198718388253, 49.586296961163065], [128.63156401246832, 49.58737498225086], [128.63073390822794, 49.587372336959675], [128.63073187147205, 49.58764217226556], [128.62990040186935, 49.58781941117628], [128.62989768001532, 49.58817919151956], [128.6290675622851, 49.588176534246664], [128.6290655162802, 49.5884463694641], [128.6282340270218, 49.58862359633379], [128.62823129283515, 49.58898337655899], [128.62698609605212, 49.58897937044354], [128.62698198093304, 49.58951904066303], [128.62615184074147, 49.58951636242686], [128.62614977855662, 49.58978619749215], [128.62448948938825, 49.58978082310833], [128.6243476784012, 49.59023009915665], [128.62351614188452, 49.59040729196802], [128.6236489649151, 49.591127301739384], [128.62447706067837, 49.59139983292753], [128.62447084590278, 49.59220933766554], [128.62612915500205, 49.59248454744605], [128.62612502991885, 49.59302421728431], [128.62695522964123, 49.59302689585052], [128.6269449392898, 49.5943760703507], [128.6277751620356, 49.59437874308932], [128.62776900119383, 49.59518824771295], [128.62859923780374, 49.59519091457286], [128.6285930904251, 49.59600041915793], [128.62942334089954, 49.59600308013882], [128.6294151622857, 49.59708241950857], [128.6302433910562, 49.59735490947108], [128.63024135087596, 49.5976247442942], [128.63065648996292, 49.5976260696495], [128.63092103055095, 49.599245961190064], [128.63147456773297, 49.59924772479147], [128.63146575557892, 49.60041700871092], [128.63174253080803, 49.6004178895552], [128.6317371117311, 49.601137448793914], [128.63229067037534, 49.6011392085417], [128.6322805242934, 49.60248838195415], [128.6325566353491, 49.60257920576269], [128.63269029932115, 49.60320925914704], [128.63310481100288, 49.60330052070733], [128.63309671155145, 49.604379859156], [128.633509885477, 49.60465100899418], [128.6335078627989, 49.60492084357432], [128.63392306398526, 49.60492215735538], [128.63391834963136, 49.60555177135543], [128.634330192517, 49.60600280794043], [128.63474540293004, 49.60600411879281], [128.63473801094452, 49.60699351209519], [128.6355677781754, 49.60708607426865], [128.63556174360394, 49.607895577814375], [128.6363901897244, 49.60816802378228], [128.6363855066052, 49.608797637600226], [128.6368007408506, 49.60879894113407], [128.63721397260855, 49.60907007767543], [128.63721063501225, 49.609519801808766], [128.63803911786346, 49.60979223598287], [128.63803578777342, 49.610241960100815], [128.63886495197977, 49.61042444354876], [128.63886229393322, 49.610784222839186], [128.63927688141135, 49.61087546234983], [128.63955039981076, 49.61132604875833], [128.64051866873305, 49.61141900647035], [128.6412068019224, 49.61196082254555], [128.64176048371084, 49.61196253728097], [128.6418969272767, 49.61223280003869], [128.64258903342366, 49.612234938926804], [128.64258574490935, 49.61268466307842], [128.64299772768166, 49.613135668582004], [128.64341299908043, 49.613136948479635], [128.6434156238513, 49.61277716915702], [128.64424616062453, 49.61277972445111], [128.64424288729415, 49.613229448641235], [128.64534962739276, 49.61332279132959], [128.6454841373849, 49.613862884362156], [128.64797450831577, 49.61405037768796], [128.6479719169853, 49.614410157108274], [128.6488024819155, 49.614412679774524], [128.64880054296884, 49.61468251434885], [128.65309118222694, 49.61478539821676], [128.65336676362645, 49.61496611732285], [128.6548894842809, 49.61497066673667], [128.6551644387731, 49.61524132648138]], [[128.63400961699853, 49.61184834525357], [128.634563297073, 49.61185009440881], [128.6345659868618, 49.61149031535634], [128.63401231086246, 49.61148856622322], [128.63400961699853, 49.61184834525357]], [[128.7077938456116, 49.61106868753206], [128.71236166843377, 49.6110801273457], [128.7127774537138, 49.61099121291834], [128.71305640305957, 49.6106321175371], [128.71610211454725, 49.6105496801188], [128.716245231109, 49.60974050986321], [128.71776883676065, 49.60956434086282], [128.7181871920352, 49.609025679234804], [128.71957390372154, 49.60857931270035], [128.71957648351196, 49.608129584860464], [128.72040849071482, 49.60786175687556], [128.7204115771641, 49.607322083357744], [128.72124305318948, 49.60714419490165], [128.72152396773657, 49.606425296294404], [128.7231904400382, 49.605439877838336], [128.72333189706697, 49.60490053483203], [128.72360870017638, 49.6049011960674], [128.7240259356833, 49.604542404044714], [128.72402796646625, 49.60418262138747], [128.72444417891052, 49.60400371914194], [128.72444671348757, 49.60355399075899], [128.7237562492861, 49.60328250444076], [128.72348149005074, 49.602922060854475], [128.72292790625661, 49.60292073715202], [128.72293555134362, 49.60157155181608], [128.72279970872736, 49.60112149198199], [128.72238504684776, 49.60103055133116], [128.7228058272841, 49.60004214341302], [128.72281041596005, 49.59923263185314], [128.7223952594591, 49.5992316369715], [128.72239679126247, 49.59896179976896], [128.72156648291121, 49.598959805557826], [128.72156955561152, 49.59842013115247], [128.71991050299007, 49.598146287755476], [128.71991256359127, 49.597786504824114], [128.7196368321437, 49.5976059433508], [128.71853030300048, 49.59751331100834], [128.71811775344375, 49.59706257215374], [128.71618200936015, 49.59678800108469], [128.71618357531239, 49.59651816391115], [128.71452304256454, 49.59651408054691], [128.71452461765475, 49.59624424339938], [128.71286567867543, 49.59597029913228], [128.71286884705975, 49.59543062485167], [128.71203859934084, 49.59542856240481], [128.71038129996174, 49.59488474543267], [128.70913594259227, 49.59488162279145], [128.70913754731254, 49.59461178569517], [128.70886133819698, 49.59452114426259], [128.7065100939518, 49.594335312470214], [128.70623497175777, 49.594064773406046], [128.70568148905042, 49.59406336741032], [128.7059566081693, 49.59433390778442], [128.70554149386086, 49.5943328525333], [128.70540637297142, 49.59379282637527], [128.70236278311833, 49.59369509322894], [128.70222715148878, 49.593245009036735], [128.7008434684948, 49.5932414412191], [128.70084511886932, 49.59297160424728], [128.69724700748785, 49.59305219623172], [128.69724422375867, 49.59350192435621], [128.6966907478738, 49.59350047538255], [128.696689632327, 49.59368036661332], [128.6947518986186, 49.59376521992983], [128.69447178809327, 49.594304163352035], [128.69308581845766, 49.59466028505663], [128.69294292874903, 49.59537948257782], [128.6921121171723, 49.59546722276221], [128.6920973942404, 49.597805806525564], [128.69292768081584, 49.59780801207771], [128.69305815833638, 49.599067616220815], [128.6937495184335, 49.59915939439014], [128.69387664206303, 49.60095867024518], [128.69443020221627, 49.60096013283453], [128.69456578312122, 49.601410225463326], [128.69622536159162, 49.60159448640811], [128.69622368522084, 49.601864322861196], [128.6982995749261, 49.601869751905], [128.6982979099855, 49.60213958839687], [128.699956975564, 49.6024137413899], [128.69995531973794, 49.602683577897324], [128.7007856897419, 49.602685727240114], [128.70078348804495, 49.603045509257434], [128.70161276644808, 49.60322754368465], [128.70188626911826, 49.60376792985759], [128.70243986148418, 49.603769354203095], [128.70271337630876, 49.60430973839376], [128.7032669748508, 49.6043111587951], [128.7032620617691, 49.60512066825637], [128.70367726757868, 49.60512173185025], [128.70366909007424, 49.606470914082394], [128.7040843073663, 49.60647197623738], [128.70408104077563, 49.60701164906159], [128.7044962626757, 49.607012709747394], [128.70449082577878, 49.607912164375165], [128.70518179019987, 49.608093819850765], [128.7053136942085, 49.60917351768141], [128.70614417484992, 49.60917562878781], [128.70613768642875, 49.61025497407864], [128.7069681855044, 49.6102570793071], [128.70696495031606, 49.610796751916304], [128.7077954586578, 49.61079885122657], [128.7077938456116, 49.61106868753206]], [[128.633048779822, 49.61076594081741], [128.6336024475767, 49.61076769454031], [128.63332831248798, 49.61040703893942], [128.6333323605796, 49.60986737029141], [128.63277667595239, 49.61013544961371], [128.63277532454435, 49.61031533914912], [128.63318989656972, 49.61040660043149], [128.633048779822, 49.61076594081741]], [[128.68625769210655, 49.60210758144857], [128.6891639496207, 49.60211542192184], [128.68916566496503, 49.601845585659056], [128.6899960199054, 49.60184781237158], [128.68999773064184, 49.60157797607499], [128.69082921852507, 49.60140030592478], [128.69083149333477, 49.60104052413691], [128.69166183473476, 49.60104273887404], [128.69166523770008, 49.60050306610796], [128.69208040385664, 49.60050417122204], [128.69209569531705, 49.59807564305231], [128.6916805497771, 49.5980745380325], [128.69140889424403, 49.59726429095956], [128.69085537608208, 49.59726281400239], [128.69072382232085, 49.596183098154015], [128.69044593075233, 49.59636224942209], [128.68975461646434, 49.59627045156633], [128.689750622324, 49.596900070137856], [128.68864244918345, 49.59707698872259], [128.68863786794623, 49.597796552622036], [128.68836110591994, 49.597795807843234], [128.68835766681732, 49.598335480694494], [128.68794251921835, 49.59833436226438], [128.68780069137662, 49.598873661895695], [128.6862784669693, 49.59886954634946], [128.68625769210655, 49.60210758144857]], [[128.7245932173885, 49.6021151890412], [128.72528619651126, 49.60193694186078], [128.72542661000395, 49.60157748734811], [128.726536765613, 49.60104043377017], [128.72654028668816, 49.60041081358983], [128.72584884658463, 49.600319231152774], [128.72557358369286, 49.60004873809436], [128.72377403382745, 49.60013440480821], [128.72376742850506, 49.60130369915892], [128.72418108057073, 49.60157452628282], [128.72417955847254, 49.60184436340358], [128.7245947372185, 49.60184535192376], [128.7245932173885, 49.6021151890412]], [[128.5347371416524, 49.599708846493144], [128.5395831215396, 49.59945838123555], [128.54028011147585, 49.59892146794524], [128.54111209031797, 49.598744874675965], [128.55232181292413, 49.59869882382825], [128.55232840002756, 49.597979271394784], [128.55717249425086, 49.5979079571307], [128.55732552853206, 49.59628949201147], [128.5563577219064, 49.596195839495955], [128.55622506057543, 49.59556570008585], [128.55387354752781, 49.595466713577366], [128.55387108613886, 49.59573654592511], [128.5530408480137, 49.59573334305966], [128.55303673798264, 49.59618306356033], [128.5517905453136, 49.59626819210176], [128.55178807236248, 49.59653802433529], [128.55109619610653, 49.59653534321248], [128.5505377354208, 49.59707285967411], [128.5484620846209, 49.597064781416066], [128.54845959323563, 49.597334613489025], [128.54804446089764, 49.59733299335586], [128.54804030468833, 49.59778271342356], [128.54471837943763, 49.59785964252594], [128.54472089151125, 49.597589810617166], [128.5455511602035, 49.59759307324562], [128.54555366765865, 49.59732324129318], [128.5472166945904, 49.597059916596436], [128.54736006611657, 49.596520793691425], [128.54832869211904, 49.59652457736829], [128.54846955855174, 49.596255285120726], [128.55013253370862, 49.59599191833558], [128.5501350157459, 49.595722086137634], [128.55068850746576, 49.595724235937105], [128.55096773077028, 49.59545547760316], [128.55179796394376, 49.59545869532476], [128.55180043674608, 49.59518886304028], [128.55221555109856, 49.59519046965288], [128.55221802157362, 49.594920637340444], [128.5526339563933, 49.59483229833714], [128.5526356018211, 49.5946524101088], [128.55235886194393, 49.59465134021185], [128.55236215478556, 49.5942915637517], [128.55263971531843, 49.59420268951319], [128.54987068717077, 49.59437184911568], [128.55001319387637, 49.59392266666312], [128.54890956953307, 49.593558581737966], [128.5480793689421, 49.59355534339015], [128.5478051301221, 49.59328443039202], [128.54683656835692, 49.593280642514515], [128.54670070315277, 49.59301026853018], [128.5460105469701, 49.5928276690188], [128.54490279299026, 49.592913266269946], [128.54477112504867, 49.592193169766546], [128.5432499740026, 49.5920972299129], [128.54297745090147, 49.591646417422105], [128.54145800687363, 49.59137056599322], [128.54146053635685, 49.59110073390295], [128.54035196864692, 49.59127623174087], [128.54022037197822, 49.59055613006316], [128.5393902233483, 49.59055282954058], [128.53939276416457, 49.59028299749018], [128.5385617718056, 49.590369635053136], [128.5384268090849, 49.59000930736586], [128.537735026457, 49.590006546646684], [128.5376009210236, 49.58955627398647], [128.53608242563382, 49.589190408163816], [128.53608498457314, 49.5889205761754], [128.5352548641824, 49.58891724607448], [128.53525742766166, 49.58864741410489], [128.53442731200366, 49.5886440780824], [128.5344298800227, 49.58837424613168], [128.5331872885409, 49.58809939906743], [128.53318986335006, 49.58782956713875], [128.53277481256248, 49.587827892477854], [128.53222657175715, 49.587285993460156], [128.53153482824715, 49.58728319579727], [128.53153827337056, 49.58692341992333], [128.53126330158454, 49.586742411776456], [128.53029487159446, 49.58673848586289], [128.52947257444546, 49.585925618759966], [128.5290575400308, 49.58592393081691], [128.52906273476717, 49.58538426706161], [128.52823267521032, 49.58538088677516], [128.52782024966643, 49.585109362551066], [128.5278254579007, 49.58456969881544], [128.5271337532318, 49.584566874963194], [128.52700062954324, 49.58402664597435], [128.52617146431427, 49.583933307019734], [128.5261758194946, 49.58348358725869], [128.525345792528, 49.58348018636436], [128.52535102775425, 49.582940522668835], [128.52452101009908, 49.58293711588705], [128.52452363223006, 49.58266728405246], [128.52286360654705, 49.582660452697866], [128.52287150016386, 49.581850957311836], [128.52204150128986, 49.58184753280413], [128.52204413699295, 49.58157770101575], [128.5212132627653, 49.58166421450892], [128.52121678309408, 49.58130443882026], [128.5188660312578, 49.58120474315433], [128.51830916462086, 49.58156221722576], [128.51829676822285, 49.582821431444245], [128.51856989989807, 49.58318235803017], [128.51912147930813, 49.58336454607138], [128.5192562816981, 49.58372489619552], [128.52077536130167, 49.58400103834087], [128.52077007541055, 49.5845407015778], [128.5216001198164, 49.58454413533848], [128.52159396342307, 49.58517374245971], [128.52242226271073, 49.585357058101785], [128.52241436068397, 49.58616655294191], [128.52269105139578, 49.58616769428691], [128.52268841883355, 49.58643752588559], [128.52324180336183, 49.586439806612994], [128.5232356676838, 49.58706941367748], [128.52351236353488, 49.58707055307428], [128.5235027269155, 49.58805993550354], [128.52405612986132, 49.588062212391996], [128.52404825411588, 49.58887170704407], [128.5237706724424, 49.58896051273777], [128.5243240855974, 49.58896278837524], [128.5244405789302, 49.59121195262434], [128.52402462474723, 49.591300190311955], [128.52402199906436, 49.59157002172242], [128.5231918351492, 49.591566604976556], [128.52318920484768, 49.5918364363419], [128.5223590365116, 49.591833013609886], [128.52207967732144, 49.59210170268546], [128.52152622883455, 49.59209941621173], [128.5215288683341, 49.5918295849241], [128.52069870031536, 49.59182615028455], [128.52069605623663, 49.592095981539615], [128.51945079763811, 49.59209081836803], [128.51944814665063, 49.592360649561435], [128.51861796987168, 49.59235719997205], [128.518615314265, 49.59262703111998], [128.51460098810816, 49.592790161331784], [128.51460902128832, 49.59198066835172], [128.5148857445699, 49.59198182845405], [128.51488752865424, 49.59180194110224], [128.5176547522766, 49.59181350566838], [128.51793236117555, 49.59172471476837], [128.51779754692558, 49.59136436356401], [128.5169664990551, 49.59145084589833], [128.516968275454, 49.59127095847466], [128.5197354698841, 49.59128247320785], [128.5198773610279, 49.5909232721909], [128.51946228478963, 49.59092154971599], [128.51946405197725, 49.590741662209815], [128.51987912668923, 49.590743384673836], [128.519881775148, 49.590473553387625], [128.5205717995165, 49.59065630836996], [128.5207119201126, 49.59047699381788], [128.52195713785764, 49.5904821433005], [128.52195977482955, 49.5902123119201], [128.52307189085698, 49.58967721506363], [128.52307890609742, 49.58895766447019], [128.52279868997027, 49.58931629929924], [128.52280307698416, 49.588866580178646], [128.52238889617206, 49.588774924423966], [128.522405580236, 49.58706599151858], [128.52199141539913, 49.58697433436095], [128.52213766998975, 49.586165410935514], [128.52158428865417, 49.58616312493853], [128.52145034229125, 49.585712833747635], [128.52076214627573, 49.585350196337565], [128.52076567037983, 49.58499042090295], [128.52035240797338, 49.58480881404842], [128.52035505326725, 49.58453898246538], [128.51924921153648, 49.58444444704125], [128.5191152912763, 49.583994153093315], [128.5174552218891, 49.58398724403723], [128.51745256065453, 49.584257075531305], [128.5170375411191, 49.58425534453081], [128.51689564883918, 49.584614542476416], [128.51634228547005, 49.58461223147046], [128.51619682936575, 49.58533120371746], [128.51536677226613, 49.58532773116848], [128.51535875350987, 49.58613722517468], [128.51452779031706, 49.58622369033479], [128.51451886485935, 49.58712312786076], [128.51368698936616, 49.587299530652984], [128.51368073053462, 49.58792913673995], [128.51298897979942, 49.58792622821503], [128.51243109711805, 49.588373616926916], [128.51242751129794, 49.58873339170803], [128.51173395383867, 49.58891036302267], [128.5115893148434, 49.58953938502823], [128.5110358962025, 49.58953704848459], [128.5110188134746, 49.59124597779256], [128.5126782315281, 49.59134292356188], [128.5126710626996, 49.59206247275678], [128.5135003391508, 49.59215590863646], [128.5134940768436, 49.59278551417493], [128.5143224740471, 49.592968887840875], [128.51432068781116, 49.5931487751412], [128.51404395795075, 49.59314761366809], [128.51403680875708, 49.5938671627833], [128.51486344200626, 49.59423041987363], [128.51486076551075, 49.59450025078447], [128.51569097820513, 49.59450372742988], [128.51568563425315, 49.59504338927921], [128.51651585626814, 49.595046860036106], [128.5165131888119, 49.595316690974535], [128.5169283021696, 49.5953184241365], [128.51692297171684, 49.59585808600798], [128.51761483503572, 49.5958609713579], [128.517479124556, 49.59559056366747], [128.51775586837906, 49.59559171696949], [128.51775054700653, 49.59613137888109], [128.51858078774282, 49.59613483488293], [128.51871650581182, 49.59640524127919], [128.51941014478146, 49.59622822859889], [128.51940660930728, 49.59658800325992], [128.52023597564403, 49.59668139107942], [128.52023332855904, 49.59695122208871], [128.52189383863026, 49.59695809260508], [128.5218912006665, 49.597227923666736], [128.52216795393366, 49.59722906644785], [128.52216971156267, 49.59704917906762], [128.52230633057385, 49.597229637590296], [128.52313659050748, 49.59723306097125], [128.52313395937492, 49.59750289206885], [128.5239642240475, 49.59750630952728], [128.52396159745604, 49.59777614064454], [128.52562213643643, 49.59778295776112], [128.52561951896695, 49.59805278893024], [128.52644718034622, 49.59832601977681], [128.5278301104026, 49.59842161643807], [128.52810253094364, 49.59887246375932], [128.53225397510943, 49.59888931365104], [128.53183710834242, 49.59906752293527], [128.53377359969815, 49.5991652860741], [128.53377102707935, 49.599435117493925], [128.53473970896516, 49.5994390150491], [128.5347371416524, 49.599708846493144]], [[128.50775507952397, 49.59932740802417], [128.50803184409403, 49.59932858463883], [128.50817294025458, 49.599059342282445], [128.508587181012, 49.59915104892961], [128.50858537328867, 49.599330935883046], [128.5092772848839, 49.59933387121625], [128.5092790900622, 49.59915398424426], [128.5079016078713, 49.598518505162666], [128.50734808792936, 49.5985161506769], [128.5073508062564, 49.59824632025652], [128.50596974027522, 49.597970592141365], [128.5061099354302, 49.597791295724974], [128.50555824263475, 49.597609045777375], [128.50486544517665, 49.59769603174057], [128.5048681771228, 49.59742620138267], [128.50376116254424, 49.597421460830176], [128.50362552451838, 49.59715103719666], [128.5018293850963, 49.596873478883175], [128.50183396610274, 49.59642376175548], [128.4999004103562, 49.5960556345621], [128.50004062216638, 49.595876345490026], [128.49866150887163, 49.59542064358343], [128.4986633528455, 49.59524075677806], [128.49492735031126, 49.59522451523915], [128.49492456373343, 49.595494345291115], [128.49450945025987, 49.59549253321548], [128.4945066613501, 49.595762363237505], [128.4940915456284, 49.595760549656056], [128.49422247616184, 49.596480700981054], [128.49491063021554, 49.59684349535949], [128.49574088018952, 49.596847115216455], [128.49573531564982, 49.59738677522311], [128.496980704666, 49.59739219394613], [128.49697792920423, 49.59766202398167], [128.49780819333773, 49.59766562905427], [128.49780542241484, 49.59793545911123], [128.50485998116096, 49.59823569241811], [128.5048581597859, 49.59841557929928], [128.5040269698073, 49.59850196818109], [128.5048572490915, 49.59850552273774], [128.5048545169809, 49.59877535304462], [128.50582318169793, 49.59877949253999], [128.50568752854008, 49.59850907133926], [128.50651780815278, 49.59851261398564], [128.5065123622142, 49.599052274721075], [128.50775779568318, 49.599057577625324], [128.50775507952397, 49.59932740802417]], [[128.74522608858902, 49.59982381976065], [128.74979287501117, 49.59983378095125], [128.74979425566679, 49.5995639431819], [128.75436237483916, 49.59930388623985], [128.75436373025485, 49.599034048352415], [128.7551940420375, 49.59903580731406], [128.7551953928513, 49.59876596939728], [128.75685734912796, 49.598499631457585], [128.75685869073848, 49.59822979348229], [128.7585192873819, 49.598233269616685], [128.7585206198097, 49.59796343159575], [128.75893576673016, 49.597964296898944], [128.75893709684732, 49.59769445885715], [128.7605989965013, 49.5974280670613], [128.76073913750972, 49.597068569034754], [128.76060295918685, 49.59661855272387], [128.75977401354783, 49.59634699449963], [128.75977533896418, 49.59607715636543], [128.7593602080372, 49.596076294097216], [128.75894818037906, 49.59544580801601], [128.7581179293134, 49.59544407607402], [128.75812015348723, 49.594994345827544], [128.7565980407383, 49.594991155184594], [128.7546585507406, 49.59543679555047], [128.75064475620027, 49.59560811261131], [128.75064383902233, 49.59578800459421], [128.75009033477463, 49.59578681091306], [128.75008895593666, 49.596056648865535], [128.7491193954482, 49.59623444548313], [128.7427540414922, 49.59622047443488], [128.74275498770453, 49.596040582575135], [128.74178635088495, 49.59603842587432], [128.74151197447028, 49.595588078555146], [128.73985194824078, 49.59549441266624], [128.7398533835307, 49.59522457490227], [128.73819289142668, 49.59522083115931], [128.73819433585592, 49.59495099341814], [128.73736409451462, 49.59494911263214], [128.7373655435025, 49.59467927489613], [128.73612018852475, 49.594676442578674], [128.73612164436133, 49.594406604856836], [128.73529141239922, 49.59440470921969], [128.73501613035307, 49.594134238306836], [128.73363241829438, 49.59413106240081], [128.73363388782772, 49.593861224707695], [128.72865305294022, 49.59375970873462], [128.72920802723735, 49.593491167271516], [128.7290716507962, 49.59313105998616], [128.72796620512128, 49.59285862616027], [128.72644265330305, 49.59312487669977], [128.72657549064292, 49.59411460798939], [128.7269906038543, 49.594115587805234], [128.72698759143688, 49.594655262860066], [128.7274027092512, 49.59465624120581], [128.72739819732584, 49.59546575372079], [128.72822844676364, 49.59546770600171], [128.72822594768476, 49.59591743515824], [128.72905570655072, 49.59600932734821], [128.72919109470376, 49.596549326138984], [128.73071176690354, 49.59682271475471], [128.73071028109374, 49.59709255224463], [128.7323693590759, 49.59736624094486], [128.73236788238356, 49.597636078445944], [128.73361331234926, 49.597638951257665], [128.7336118425064, 49.597908788773275], [128.73610271677737, 49.597914494251896], [128.73693252453236, 49.59800633002693], [128.73720735556196, 49.59836674210998], [128.73734670495955, 49.59818716447543], [128.73817700127094, 49.59818904547537], [128.73817555658096, 49.598458883064424], [128.73983615862687, 49.59846262723326], [128.73983472307788, 49.59873246484511], [128.7406650288119, 49.598734328013826], [128.7406635978227, 49.59900416563067], [128.74232421871176, 49.59900787413637], [128.74232279686404, 49.59927771177568], [128.7435682696278, 49.59928047754748], [128.74356685463107, 49.59955031520034], [128.74522749444372, 49.599553982085716], [128.74522608858902, 49.59982381976065]], [[128.68683949095453, 49.59770175426466], [128.6873935888262, 49.5976133049613], [128.68739588860683, 49.597253523054], [128.68698017452616, 49.5973423466678], [128.68683949095453, 49.59770175426466]], [[128.68628885299432, 49.597250528114614], [128.68725980989757, 49.596893367340435], [128.68726268577322, 49.596443639902276], [128.6875394401186, 49.596444387292486], [128.68753599211303, 49.59698406022821], [128.6879511282335, 49.596985180094094], [128.68837428818816, 49.59572706144323], [128.68810327391606, 49.59482686089126], [128.6885189645731, 49.594738033159466], [128.68865561921677, 49.59500824200901], [128.68879685392267, 49.59455888646281], [128.68907359764347, 49.594559630164454], [128.68907645660462, 49.59410990246645], [128.68852297426352, 49.594108414425044], [128.68865848206653, 49.594558514363875], [128.68838345756507, 49.594287933072856], [128.686861375798, 49.594283825467635], [128.68671954799444, 49.59482312415276], [128.68588931258006, 49.594820874170026], [128.6857480504095, 49.595270226093895], [128.6846387399793, 49.59562699741967], [128.68463526006525, 49.59616667028213], [128.68435966836932, 49.59598602500774], [128.68408117366943, 49.59625510642655], [128.6842183887377, 49.5964353749395], [128.68532540567915, 49.59643838964396], [128.68532193324268, 49.596978062465965], [128.68629000693923, 49.597070637171434], [128.68628885299432, 49.597250528114614]], [[128.72489783667763, 49.59716883128484], [128.72641900706867, 49.59735233047284], [128.72683665976044, 49.59690358190409], [128.72476553144276, 49.59608915284034], [128.72352014185665, 49.59608618490191], [128.72365343608968, 49.5969859731721], [128.72434482492557, 49.59707756868722], [128.72448573794924, 49.59662816921337], [128.72476300046537, 49.596538881818404], [128.72559326793834, 49.59654085303134], [128.7261447649897, 49.596901947063465], [128.72489783667763, 49.59716883128484]], [[128.49339875450414, 49.595847467034794], [128.49353619520605, 49.59593801587932], [128.4935371266378, 49.59584807255627], [128.49339875450414, 49.595847467034794]], [[128.55802065330198, 49.595932359257695], [128.55843577431526, 49.59593394358075], [128.55843658639336, 49.59584399941375], [128.55816065213898, 49.59575299920206], [128.55802065330198, 49.595932359257695]], [[128.55484379086045, 49.59529055442987], [128.5549813442372, 49.59538103062921], [128.5549821626522, 49.59529108649559], [128.55484379086045, 49.59529055442987]], [[128.5555381020272, 49.59502338067493], [128.55636751252388, 49.59511650975052], [128.55636832838206, 49.595026565595866], [128.5555381020272, 49.59502338067493]], [[128.76296062571825, 49.59554404119718], [128.76600445696593, 49.59564018128221], [128.76683514064598, 49.59555191056236], [128.7669748018686, 49.59528235090094], [128.76877367447727, 49.59528595826663], [128.7689137492386, 49.59492645011407], [128.77126820762194, 49.59448139167557], [128.77154747354106, 49.59394226129332], [128.7707180905366, 49.59376072745246], [128.77224058537843, 49.59367378620496], [128.77210347235575, 49.59340367536171], [128.77154915400502, 49.593582476658575], [128.77155209473585, 49.59295285349358], [128.77293494229562, 49.59313546841789], [128.77349133317944, 49.59250692952191], [128.77349466530774, 49.591787359953486], [128.7743256851721, 49.591609089101844], [128.77432858995988, 49.59097946559998], [128.77515876620237, 49.590981081164614], [128.77516372728408, 49.58990172636825], [128.775994709049, 49.589723443421875], [128.77599882775087, 49.58882398085773], [128.77682896750875, 49.58882558439265], [128.77683512228063, 49.587476390206476], [128.77655923826973, 49.58729596380291], [128.7728212207276, 49.587828370052726], [128.77268203106624, 49.58800799093799], [128.77060671709071, 49.58800389663411], [128.7706054517958, 49.58827373535597], [128.7689439173287, 49.58854027176905], [128.76866550447266, 49.58889950394826], [128.7681112247086, 49.589078288977], [128.7681090928511, 49.5895280200102], [128.7657565673556, 49.5896132301467], [128.76561476086948, 49.59033251950801], [128.76395356352822, 49.59050903788137], [128.7639505252468, 49.59113866097475], [128.7628440569983, 49.59104645223355], [128.762843184832, 49.59122634452178], [128.76242809498083, 49.5912254933165], [128.76214699474045, 49.592124386331214], [128.76159353147685, 49.59212324771625], [128.76130977708158, 49.593561815136106], [128.7621391215568, 49.59374341633774], [128.76227355738996, 49.59455321543442], [128.76296542088014, 49.59455463427575], [128.76296062571825, 49.59554404119718]], [[128.55277643911333, 49.59438311245098], [128.55291316391364, 49.59456353522447], [128.5529148082989, 49.59438364698088], [128.55277643911333, 49.59438311245098]], [[128.4110887855868, 49.593748954493606], [128.41939065282637, 49.5937908952838], [128.41939385593034, 49.59352106852633], [128.4196716508271, 49.59343251402587], [128.41953755691267, 49.59307205118678], [128.42036773252178, 49.59307621142192], [128.4205039638687, 49.59325678877128], [128.4218907847227, 49.59299388075458], [128.4219003522447, 49.592184399974116], [128.414014910931, 49.59205480011456], [128.41193843661136, 49.59213421677341], [128.41193519253738, 49.592404043237366], [128.41096666911127, 49.59239911854184], [128.4110887855868, 49.593748954493606]], [[128.5965027843636, 49.594363902647814], [128.5976090037977, 49.59445770074047], [128.59760974379518, 49.594367756096965], [128.5965027843636, 49.594363902647814]], [[128.42245273079752, 49.59227710511579], [128.42259002943817, 49.59236773773322], [128.42259109120823, 49.59227779540912], [128.42245273079752, 49.59227710511579]], [[128.75992916875563, 49.59292933092364], [128.76048220061966, 49.593020423610184], [128.76048264107317, 49.59293047751023], [128.75992916875563, 49.59292933092364]], [[128.74429500138, 49.59262600848947], [128.74512473505314, 49.5927177855019], [128.74512520374256, 49.59262783950136], [128.74429500138, 49.59262600848947]], [[128.76076069706576, 49.59266121149739], [128.76089862470823, 49.592751443503914], [128.76089906439177, 49.59266149739704], [128.76076069706576, 49.59266121149739]], [[128.76117755572707, 49.592302284251254], [128.76131460530104, 49.592572407992535], [128.76145384970204, 49.59239280100164], [128.76117755572707, 49.592302284251254]], [[128.7184229939534, 49.59211622820895], [128.719391551243, 49.59211858027968], [128.71953197954252, 49.591759132331916], [128.71842506505703, 49.59175644494661], [128.7184229939534, 49.59211622820895]], [[128.74748069471116, 49.59200337287563], [128.7478962542824, 49.59191433166237], [128.74831320078124, 49.59155545083934], [128.74748348074846, 49.59146369668593], [128.74748069471116, 49.59200337287563]], [[128.76201037943883, 49.59176431742133], [128.76214786949478, 49.59194449408011], [128.76214874424033, 49.59176460182337], [128.76201037943883, 49.59176431742133]], [[128.72133174078476, 49.59158358507285], [128.72257752563178, 49.5914966305053], [128.72133379045513, 49.59122380168784], [128.72133174078476, 49.59158358507285]], [[128.72312996187912, 49.59167784737552], [128.72382178257814, 49.59167950010976], [128.72396166948806, 49.5914099925683], [128.72326985259258, 49.59140834067668], [128.72312996187912, 49.59167784737552]], [[128.71842817163463, 49.59121677001086], [128.71856601690772, 49.591307052333725], [128.71856653440975, 49.59121710650652], [128.71842817163463, 49.59121677001086]], [[128.74900640574887, 49.59128711491525], [128.7495603195434, 49.59119836764674], [128.74970006337017, 49.59092882875647], [128.74900825184764, 49.5909273307075], [128.74900640574887, 49.59128711491525]], [[128.74983888567405, 49.59083918180897], [128.75025397185897, 49.59084007815467], [128.75053298956115, 49.590390944541156], [128.7512252510127, 49.59030248738648], [128.75136544026626, 49.58994300034039], [128.7526134054542, 49.58940599186063], [128.75275358191948, 49.589046503057524], [128.75372298674395, 49.58886867553748], [128.75289375631547, 49.588687014059076], [128.7524768678873, 49.58904591165049], [128.7520617968562, 49.58904502329957], [128.7519211591749, 49.58949445735483], [128.75122845299038, 49.58967286479402], [128.75108826351223, 49.59003235169068], [128.74984072562074, 49.59047939755035], [128.74983888567405, 49.59083918180897]], [[128.76436951387987, 49.590329991276946], [128.76478459619022, 49.59033083550911], [128.76478502869097, 49.59024088933913], [128.76450874066472, 49.590150380515226], [128.76436951387987, 49.590329991276946]], [[128.62532238958832, 49.589423733221075], [128.62615184074147, 49.58951636242686], [128.62615252812955, 49.58942641740228], [128.62532238958832, 49.589423733221075]], [[128.7653410596374, 49.58970233559229], [128.765478987424, 49.58979256218735], [128.7654794186397, 49.5897026160045], [128.7653410596374, 49.58970233559229]], [[128.73379673450623, 49.589364246237395], [128.73393411379584, 49.589544456295364], [128.73393509221913, 49.58936456435365], [128.73379673450623, 49.589364246237395]], [[128.42693190041527, 49.587891933551134], [128.43191243593867, 49.58791648560553], [128.43192288034288, 49.58701706014037], [128.43123115160694, 49.587013663055004], [128.43110117322874, 49.586293442770476], [128.42293996533112, 49.58616309382752], [128.42266115626327, 49.586341598873666], [128.4227899492206, 49.58715177058778], [128.42680198314875, 49.58717170876773], [128.42693190041527, 49.587891933551134]], [[128.52253163832702, 49.588325776086364], [128.5228092186189, 49.58823697335032], [128.52267437783286, 49.58787662752997], [128.52253602764245, 49.587876056905884], [128.52253163832702, 49.588325776086364]], [[128.75372570361003, 49.58832899879771], [128.75469373763553, 49.58842100149076], [128.75469418866024, 49.58833105535745], [128.75372570361003, 49.58832899879771]], [[128.7553882124942, 49.587882788656636], [128.75621833506193, 49.58788453998363], [128.75621878327502, 49.5877945938317], [128.75580417171807, 49.58770377276458], [128.7553882124942, 49.587882788656636]], [[128.59974343999076, 49.58726931968327], [128.60002013980227, 49.5872702761907], [128.6000223459219, 49.5870004418395], [128.6020975835322, 49.58700759449383], [128.60209977817337, 49.58673776006211], [128.6029298688707, 49.586740610679165], [128.60293205890076, 49.586470776207705], [128.60376433057098, 49.586203786333776], [128.60376942975455, 49.58557417242499], [128.6039099594792, 49.58530481137945], [128.60446479148757, 49.5851268140336], [128.6046074967338, 49.584587617495885], [128.60377744239577, 49.58458477899985], [128.60364492915116, 49.583864746388414], [128.60309156781776, 49.58386285013736], [128.60308718988725, 49.584402519322445], [128.60142635520933, 49.584486759429566], [128.60128508121682, 49.584846062303505], [128.60059336588418, 49.584843677439444], [128.60058969452842, 49.585293401550835], [128.59809875834597, 49.585374726468046], [128.59808619716054, 49.58690378769547], [128.59974491175822, 49.58708943012327], [128.59974343999076, 49.58726931968327]], [[128.6166242696702, 49.58705662130677], [128.61814611526, 49.58706165194917], [128.61856467051584, 49.58661329553445], [128.61801408622856, 49.58625169058737], [128.61718400233667, 49.586248948166826], [128.61704424692314, 49.586428380475986], [128.61732023899808, 49.586519240593866], [128.61731812832124, 49.58678907552469], [128.61662638419395, 49.58678678641034], [128.6166242696702, 49.58705662130677]], [[128.62105981826036, 49.585991860126896], [128.62202824482617, 49.58599502659894], [128.62217006460364, 49.58554575308401], [128.62286179162868, 49.58554800902671], [128.6228645649686, 49.58518822880746], [128.62355628699416, 49.5851904805879], [128.6236967068004, 49.58492109524305], [128.62452814931333, 49.584743900744684], [128.62453298104083, 49.58411428513781], [128.62536509553198, 49.583847139464325], [128.62537129367857, 49.583037633467775], [128.6257863087606, 49.58303897600136], [128.62579043612587, 49.58249930524799], [128.62634378351402, 49.58250109294415], [128.62634584409875, 49.58223125753145], [128.6266225162878, 49.58223215037907], [128.62662663431303, 49.58169247949862], [128.62717997262988, 49.58169426317605], [128.6271820285448, 49.58142442769985], [128.62745869619826, 49.58142531853814], [128.62746417441878, 49.58070575718362], [128.62663486999185, 49.58061313758522], [128.62663281111858, 49.58088297308263], [128.62580281747677, 49.580880292682835], [128.6258007539959, 49.581150128142134], [128.62469408989773, 49.581146544983554], [128.62455368652394, 49.581415931753135], [128.6237216090546, 49.581683071793094], [128.62261493316723, 49.58167946872699], [128.6213671390744, 49.58203518300671], [128.62136574706065, 49.58221507318664], [128.62205673219503, 49.58230727892059], [128.62205325843917, 49.58275700437433], [128.62177866921698, 49.58248626533817], [128.6217765834273, 49.58275610059762], [128.62122323344542, 49.58275429106013], [128.62122184086726, 49.582934181214604], [128.61970012311102, 49.58292919131479], [128.6194220479973, 49.58310817202244], [128.6194164510426, 49.58382773241209], [128.61913977006063, 49.5838268223181], [128.61913766961896, 49.584096657432276], [128.61830762217986, 49.584093923156175], [128.61830130693264, 49.584903428344724], [128.61996142940248, 49.58490889109988], [128.61996282671188, 49.58472900103337], [128.62023951282202, 49.58472990917195], [128.62023392756944, 49.5854494694271], [128.6210633015447, 49.585542134977395], [128.62105981826036, 49.585991860126896]], [[128.45255960468901, 49.58504770991206], [128.45297462674355, 49.58504967212548], [128.45297764364622, 49.58477984340009], [128.4525626238803, 49.58477788120526], [128.45255960468901, 49.58504770991206]], [[128.45020882463058, 49.58494661972956], [128.45062384566447, 49.584948590368995], [128.4506258655737, 49.58476870462103], [128.45021387818005, 49.58449690538012], [128.44965951024136, 49.58458421845209], [128.44965748679235, 49.58476410417668], [128.45021084606557, 49.58476673399402], [128.45020882463058, 49.58494661972956]], [[128.617742310958, 49.585621162160564], [128.618849075379, 49.585624812026325], [128.61884977609802, 49.585534867016555], [128.6180204065286, 49.58544218561548], [128.617608886403, 49.58499109017611], [128.617742310958, 49.585621162160564]], [[128.4511812428435, 49.58459144403873], [128.4525626238803, 49.58477788120526], [128.45256463664927, 49.58459799539363], [128.4511812428435, 49.58459144403873]], [[128.79067772614908, 49.58579325675093], [128.79123111889842, 49.58579425620801], [128.79123265413133, 49.585434470591935], [128.79095480683972, 49.58570381040985], [128.79067772614908, 49.58579325675093]], [[128.7922010843952, 49.58543621325341], [128.79247663421893, 49.58570654890385], [128.79261612596562, 49.58543695762795], [128.7922010843952, 49.58543621325341]], [[128.61719596638264, 49.584719883271184], [128.6173336058808, 49.58481028573669], [128.61733430936567, 49.58472034073009], [128.61719596638264, 49.584719883271184]], [[128.79261688848382, 49.58525706479575], [128.79330976187734, 49.5849884628344], [128.79331128178126, 49.584628677120605], [128.79206503084453, 49.584896286303184], [128.79261765099437, 49.58507717195792], [128.79261688848382, 49.58525706479575]], [[128.79317521819334, 49.58408875138668], [128.79331318161832, 49.58417894494668], [128.79331356158, 49.58408899850767], [128.79317521819334, 49.58408875138668]], [[128.4278251054898, 49.58249948939428], [128.4279602837798, 49.58277000084813], [128.42796343838089, 49.582500173167716], [128.4278251054898, 49.58249948939428]], [[128.52341870050486, 49.582482844593294], [128.5235561596529, 49.582573358053764], [128.5235570354633, 49.582483414117235], [128.52341870050486, 49.582482844593294]], [[128.62039390638688, 49.58266162672307], [128.62122392972924, 49.58266434598078], [128.62122532228648, 49.58248445581785], [128.6205336387019, 49.58248219019742], [128.62039390638688, 49.58266162672307]], [[128.44043090619635, 49.58103200875149], [128.44098422240097, 49.581034682532476], [128.44113179681398, 49.580225865403456], [128.44085617101084, 49.58013458641368], [128.44057437668084, 49.58058296352283], [128.44002415347617, 49.58031045945553], [128.4400200363279, 49.580670230579116], [128.44043090619635, 49.58103200875149]], [[128.5221851042655, 49.58130844036839], [128.52273755346727, 49.581400667274394], [128.52273843074607, 49.581310723330255], [128.5221851042655, 49.58130844036839]], [[128.4371141146514, 49.58074608233025], [128.4372514084183, 49.580836697718155], [128.43725244280802, 49.58074675498462], [128.4371141146514, 49.58074608233025]], [[128.43794408366892, 49.58075011577678], [128.4380813789923, 49.58084073018554], [128.43808241185667, 49.58075078743928], [128.43794408366892, 49.58075011577678]], [[128.52191107743818, 49.58103746608706], [128.52204765120203, 49.581217925278075], [128.52204940828014, 49.581038037400745], [128.52191107743818, 49.58103746608706]], [[128.5133363629847, 49.5808218341164], [128.51388878971497, 49.58091410319856], [128.51388968324338, 49.58082415936372], [128.5133363629847, 49.5808218341164]], [[128.52039472790148, 49.58049150718967], [128.52080883492013, 49.580583169989325], [128.52080971571874, 49.5804932260577], [128.52039472790148, 49.58049150718967]], [[128.5143100299846, 49.58028623849165], [128.51444657357482, 49.58046670658315], [128.5144483585485, 49.58028681888324], [128.5143100299846, 49.58028623849165]], [[128.4390610198788, 49.57985605675877], [128.4394770272202, 49.57976812443623], [128.43948114822953, 49.57940835328965], [128.4390672059686, 49.57931640007702], [128.4390610198788, 49.57985605675877]], [[128.51542111207866, 49.57984115765681], [128.51569687656587, 49.57993225948554], [128.5156986569098, 49.579752371735665], [128.51542111207866, 49.57984115765681]], [[128.65544019821462, 49.57611515799121], [128.65696171008716, 49.5761196775616], [128.65710507077318, 49.57540052309534], [128.65890256840592, 49.57549578190072], [128.65862718805968, 49.57531507516892], [128.65945896779075, 49.575047683265296], [128.6594620968987, 49.57459795536624], [128.66278227784989, 49.57451772927523], [128.6629255482375, 49.573798567208975], [128.66361711229945, 49.573800579242516], [128.66348993044568, 49.57218115554187], [128.66293669750112, 49.572179545676015], [128.66293236179592, 49.572809165215375], [128.65961167147864, 49.57297934149535], [128.65919235622977, 49.57360773963453], [128.65531898212308, 49.573686216560304], [128.65517560035474, 49.574405368981935], [128.6544840283549, 49.57440330649061], [128.65447767862003, 49.57530276181543], [128.655306946814, 49.57539518191987], [128.65544019821462, 49.57611515799121]], [[128.65751813431615, 49.575671588358624], [128.65765582318053, 49.57576194311815], [128.65765645233793, 49.57567199756921], [128.65751813431615, 49.575671588358624]], [[128.65959853522156, 49.57486819899476], [128.65973622568652, 49.574958551295296], [128.6597368510029, 49.57486860571433], [128.65959853522156, 49.57486819899476]], [[128.7945245442492, 49.55926569683728], [128.7946613088955, 49.55962572958546], [128.79466281750967, 49.559265942256005], [128.7945245442492, 49.55926569683728]], [[128.7945452985936, 49.55431861881627], [128.79468280379234, 49.554498758014724], [128.79468355788777, 49.55431886419235], [128.7945452985936, 49.55431861881627]], [[128.79289721645776, 49.55170720065551], [128.7931744798407, 49.55152780126895], [128.79317599894424, 49.551168013466985], [128.79262337819137, 49.55107707686224], [128.79248398493826, 49.551346669882754], [128.79289721645776, 49.55170720065551]], [[128.71395782806425, 49.55117921447827], [128.7147873256945, 49.55118126183048], [128.7147951810384, 49.5498320653109], [128.71396570625353, 49.54983001805569], [128.71395782806425, 49.55117921447827]], [[128.7915219708935, 49.54999572618807], [128.7917973181632, 49.550266064852416], [128.79179846502888, 49.549996223967426], [128.7915219708935, 49.54999572618807]], [[128.78945522362588, 49.54837292645162], [128.7902846784688, 49.548374432585994], [128.79028583358956, 49.54810459163835], [128.78945638331524, 49.548103085518235], [128.78945522362588, 49.54837292645162]], [[128.78904359478815, 49.54765259532358], [128.78945754298718, 49.54783324457219], [128.78973479697112, 49.54765385329379], [128.78904359478815, 49.54765259532358]], [[128.7087481963126, 49.5437905022546], [128.70930111107464, 49.5437918925604], [128.70930644737916, 49.542892427527924], [128.70875354276654, 49.54289103726606], [128.7087481963126, 49.5437905022546]], [[128.7862987957736, 49.54306022493189], [128.78657485889715, 49.543150682180006], [128.7865752506784, 49.54306073513876], [128.7862987957736, 49.54306022493189]], [[128.80040899708496, 49.54038698917756], [128.80054685101996, 49.540477174661596], [128.80054721711855, 49.54038722749945], [128.80040899708496, 49.54038698917756]], [[128.80027114365734, 49.54029680352853], [128.80096224256613, 49.54029799430875], [128.80110265280695, 49.5397585489406], [128.80137908934262, 49.53975902375782], [128.80124743747328, 49.53813973702749], [128.80152386488012, 49.53814021148753], [128.80152932881757, 49.5367910032798], [128.80125290902052, 49.53679052884222], [128.80125838015658, 49.53544132034024], [128.8007055558028, 49.53544036952923], [128.8007088474176, 49.53463084430305], [128.80015639896394, 49.534539943626655], [128.80015896609453, 49.53391031282759], [128.79960615904557, 49.53390935678571], [128.79946942925142, 49.53354932831869], [128.7987787948173, 49.53345818148165], [128.7987810103041, 49.53291849788784], [128.79836715344123, 49.532737881639335], [128.79823117648118, 49.53219795709744], [128.79781658572432, 49.53219723342454], [128.79781881170615, 49.531657549744445], [128.79837196327588, 49.53156856700529], [128.7980981663138, 49.530938454017814], [128.79795849003818, 49.53129800197796], [128.79754390689982, 49.53129727733765], [128.7975446498783, 49.53111738275815], [128.79782103762108, 49.53111786601367], [128.7978232634691, 49.53057818223223], [128.7972716100182, 49.53030737317875], [128.79533730355573, 49.53021402008849], [128.79534030770097, 49.52949444169985], [128.79478755061382, 49.52949346270114], [128.79451343423898, 49.528953288388806], [128.793272020409, 49.52841138922711], [128.7929983065433, 49.52778126393568], [128.79244556885348, 49.52778027377407], [128.79217110652564, 49.52733004112018], [128.79161837395202, 49.52732904701369], [128.79161952087463, 49.52705920505645], [128.7907908104597, 49.52696776164307], [128.7907927295547, 49.52651802503611], [128.79037818702395, 49.526517274774456], [128.79037934073938, 49.52624743280048], [128.78996480050745, 49.5262466810608], [128.78996595648707, 49.52597683908128], [128.78913688063832, 49.5259753311608], [128.7891392016711, 49.525435647192346], [128.78831013501784, 49.525434133360044], [128.78831130007086, 49.525164291371155], [128.78748223805033, 49.525162771612884], [128.78748340764855, 49.52489292962573], [128.7872070551782, 49.524892421724374], [128.78693226620823, 49.52453212383991], [128.78624139015582, 49.52453084956495], [128.78624452718577, 49.52381127088338], [128.78486319016056, 49.52371876268932], [128.7845888201329, 49.523268511858596], [128.7840353412824, 49.52344737626365], [128.7838979619907, 49.52326722361516], [128.78293076067507, 49.52326541314444], [128.7827937843942, 49.52299531185256], [128.7816884176806, 49.52299323154305], [128.78168921861098, 49.522813336887], [128.7812751088697, 49.52272260672579], [128.77851089539203, 49.522897244523826], [128.77850967649917, 49.52316708644433], [128.77975281418546, 49.52325940753075], [128.77961383406895, 49.52343903905427], [128.78099394785824, 49.52380145183259], [128.7819579597328, 49.52452285698732], [128.7820941361486, 49.52497285379559], [128.78292239820152, 49.52515430675928], [128.78292000876178, 49.525693990535174], [128.78374907951783, 49.525695542994605], [128.78374669913214, 49.52623522674923], [128.78457577908554, 49.52623677329753], [128.7845738029812, 49.526686509745424], [128.78485016551656, 49.52668702394953], [128.78498676891022, 49.527047069946775], [128.78540131577608, 49.527047839529956], [128.7853993471881, 49.527497575938824], [128.78622687975707, 49.52785889979504], [128.78622531090423, 49.52821868889365], [128.78650089868233, 49.528399093708806], [128.78774457375278, 49.528401381774295], [128.78788003558276, 49.529031266094776], [128.7876040494763, 49.52894081184191], [128.78760327007743, 49.52912070637631], [128.78787964638946, 49.52912121336288], [128.78787575434896, 49.53002068596643], [128.78842618790577, 49.53056138150486], [128.78870257235477, 49.53056188653655], [128.78870140923362, 49.5308317282792], [128.78911598820375, 49.53083248459612], [128.7891125055819, 49.531642009769534], [128.78994167726725, 49.531643517990105], [128.7900775613701, 49.53218345220146], [128.79063034862597, 49.53218445373972], [128.79049330512797, 49.531914361892476], [128.79076969724207, 49.53191486199666], [128.79076854544473, 49.53218470371164], [128.79104455565894, 49.53227515039745], [128.79076777757024, 49.53236459818127], [128.79173401240476, 49.53263618508487], [128.79173248371018, 49.53299597401236], [128.79242347931145, 49.532997215654866], [128.79242119382008, 49.5335368990274], [128.79325039773414, 49.53353838357974], [128.79324698306317, 49.53434790858572], [128.7940762007405, 49.53434938723803], [128.79407506704774, 49.53461922889537], [128.79531551990215, 49.53543096071173], [128.7953140173479, 49.535790749545676], [128.79614138891708, 49.53624194945022], [128.79613989238254, 49.53660173825198], [128.79682982039472, 49.536872795237365], [128.79737857020015, 49.53786318370321], [128.79779320887533, 49.53786390900588], [128.79778838416271, 49.53903322231932], [128.79820118081076, 49.53948368200384], [128.7986158332178, 49.53948440437608], [128.79875109561286, 49.54020422212838], [128.79916575413077, 49.54020494253773], [128.79944366563169, 49.539845633335375], [128.79944292939552, 49.540025527663076], [128.79999580543043, 49.5400264845707], [128.80027114365734, 49.54029680352853]], [[128.77719051229556, 49.53980492518537], [128.77774297710215, 49.53989593544673], [128.777743385049, 49.539805988407416], [128.77719051229556, 49.53980492518537]], [[128.71846297074472, 49.5370684546686], [128.7192911994791, 49.53725036266753], [128.7192958360481, 49.53644084251998], [128.71846658759998, 49.53643882792186], [128.71846297074472, 49.5370684546686]], [[128.7129387938358, 49.536335298760946], [128.7136303579704, 49.53624706436665], [128.71363403680223, 49.53561743779355], [128.71280480269243, 49.535615382646235], [128.7129387938358, 49.536335298760946]], [[128.7146020004782, 49.53552988128838], [128.71487841139876, 49.53553056270387], [128.71487998114574, 49.535260722689486], [128.71446536705147, 49.535259700328346], [128.7146020004782, 49.53552988128838]], [[128.7053427815206, 49.53541672572463], [128.70686303696334, 49.53542058698055], [128.7068668026206, 49.53479096069357], [128.70534656670648, 49.53478709952303], [128.7053427815206, 49.53541672572463]], [[128.70797296485617, 49.53470380964602], [128.71032188545354, 49.53479966180337], [128.71032241705345, 49.53470971515782], [128.70783637028862, 49.53443362089158], [128.70797296485617, 49.53470380964602]], [[128.7112898387705, 49.53471213297399], [128.7115657156819, 49.53480276894842], [128.71156624499926, 49.53471282229305], [128.7112898387705, 49.53471213297399]], [[128.79891773329348, 49.533278527199116], [128.7993323332241, 49.5332792469381], [128.79933454260242, 49.532739563309214], [128.79905814568997, 49.53273908365736], [128.79891773329348, 49.533278527199116]], [[128.79850572163207, 49.532648175101194], [128.7990585144204, 49.53264913638248], [128.79905998932372, 49.53228934726883], [128.79878359495459, 49.53228886696435], [128.79850572163207, 49.532648175101194]], [[128.79837159329972, 49.53165851429326], [128.79850794006208, 49.532108491440496], [128.79850978870277, 49.53165875501786], [128.79837159329972, 49.53165851429326]], [[128.78718948654412, 49.528940050129144], [128.78760443917278, 49.5288508645726], [128.78732962518455, 49.5284905678458], [128.78705325243766, 49.52849005955022], [128.78718948654412, 49.528940050129144]], [[128.7753065935523, 49.52864774119916], [128.77958997807698, 49.52874592772591], [128.77973543938572, 49.52712714059369], [128.77876897395552, 49.52694540073118], [128.77877222092357, 49.52622582270815], [128.77780536921236, 49.52613402205652], [128.77780740736347, 49.52568428576859], [128.77753105061018, 49.525683754751164], [128.7775318668703, 49.525503860229485], [128.77546084679145, 49.52514006757539], [128.77546373019553, 49.52451043675427], [128.77491103001793, 49.52450936288267], [128.7746367470581, 49.524059088639234], [128.77380770448283, 49.5240574709272], [128.7738101940791, 49.52351778733025], [128.77298116070332, 49.523516163708905], [128.7729836593492, 49.52297648009203], [128.77215463517294, 49.5229748505616], [128.77215839668708, 49.52216532508755], [128.77132938627233, 49.52216368966378], [128.77133190297798, 49.52162400598203], [128.77091740236082, 49.521623186058285], [128.77091866296615, 49.52135334420617], [128.77008966635043, 49.52135169991961], [128.77009219662762, 49.52081201620851], [128.7692632092113, 49.520810366013734], [128.76926574853547, 49.52027068228319], [128.76843677031846, 49.52026902618041], [128.76844059284576, 49.51945950053661], [128.76761162838937, 49.519457838541776], [128.76761546442782, 49.51864831283114], [128.76678651373172, 49.518646644944624], [128.76679036328005, 49.517837119167304], [128.7659614263439, 49.51783544538942], [128.76596400173457, 49.51729576150622], [128.7651350739973, 49.51729408182141], [128.7651367969623, 49.51693429255898], [128.7643087398935, 49.5167527123278], [128.76431176561013, 49.51612308108188], [128.7638973116907, 49.51612223607785], [128.76390077560308, 49.5154026574479], [128.7615518009299, 49.515487788489416], [128.76155005175468, 49.51584757774917], [128.7607220263896, 49.5156659718618], [128.7605803637961, 49.51638526449839], [128.76140621289446, 49.51701660787657], [128.76140358737487, 49.51755629160867], [128.76223251932126, 49.517557998033574], [128.76223077501209, 49.517917787181695], [128.7626452440553, 49.517918638177896], [128.76305884399105, 49.51809938226573], [128.76305754028405, 49.5183692241197], [128.76388518690442, 49.5186407605727], [128.7640198827934, 49.51936062066196], [128.76457209270887, 49.51945169374841], [128.76470766401482, 49.51999165842203], [128.76512171984817, 49.520082447841055], [128.76511913493468, 49.520622131430436], [128.76594726031163, 49.520803705840706], [128.76607941783334, 49.5220632468038], [128.76676983035037, 49.522154588661316], [128.76676726338704, 49.52269427211989], [128.76704317575715, 49.52278477606098], [128.76704189376088, 49.52305461777232], [128.76759457723756, 49.52305572920877], [128.76786878988912, 49.523506020120706], [128.76842147848618, 49.52350712761476], [128.7684197792235, 49.52386691655033], [128.76883387467458, 49.52395769268185], [128.76883217841097, 49.52431748159973], [128.76924670174378, 49.52431830902631], [128.76924543180505, 49.524588150707785], [128.7697964434278, 49.52494904054643], [128.77007321769517, 49.52485964280592], [128.77006942139533, 49.52566916778318], [128.77048395619195, 49.525669990793645], [128.77089680979205, 49.52603060118196], [128.7708942879057, 49.5265702844341], [128.77185862375245, 49.52720182605064], [128.7729645011451, 49.52711405319239], [128.77309935322455, 49.527833901875844], [128.77530989153496, 49.52792816355837], [128.7753065935523, 49.52864774119916]], [[128.7726873023448, 49.52729340500833], [128.77282465163023, 49.52747357079806], [128.77282548521114, 49.527293676390386], [128.7726873023448, 49.52729340500833]], [[128.79203750184013, 49.52625042490784], [128.792451661391, 49.5263411165597], [128.79245204215837, 49.52625116922184], [128.79203750184013, 49.52625042490784]], [[128.7863862270919, 49.523001999930194], [128.78707708160965, 49.52300327331176], [128.7870782533483, 49.52273343123044], [128.78624923249504, 49.52273190269206], [128.7863862270919, 49.523001999930194]], [[128.77025480193484, 49.51559534545857], [128.77053236416467, 49.51532605164577], [128.77039505717786, 49.5151458828166], [128.76998018950874, 49.515235006991915], [128.77025480193484, 49.51559534545857]], [[128.75906599411172, 49.515302742320294], [128.75975762002403, 49.51512428404147], [128.75990281332585, 49.51368541363182], [128.7589353605223, 49.51377335019583], [128.75893801284803, 49.513233666206425], [128.7581091541821, 49.513231936288996], [128.75811181554735, 49.512692252281646], [128.75769739080394, 49.51269138511269], [128.75769872373635, 49.512421543098206], [128.75894199118733, 49.51242414012721], [128.75894287523838, 49.51224424542744], [128.75770050094837, 49.51206175372585], [128.7574251109493, 49.51188128011037], [128.7572900869801, 49.511251358946154], [128.75618498690446, 49.511249035397405], [128.75618811630238, 49.51061940392335], [128.75536019911027, 49.51043775966502], [128.75508752119356, 49.50971759629048], [128.75439685533726, 49.50971613219389], [128.7544009081175, 49.5089066058927], [128.75357212284027, 49.50890484358458], [128.7535739300953, 49.50854505410301], [128.75288328082485, 49.50854358099641], [128.7527487775347, 49.50782370689427], [128.75192001065426, 49.507821932779635], [128.75123347642295, 49.50701092344125], [128.75068097437685, 49.507009734135664], [128.75054559288031, 49.50646975211208], [128.7499926386153, 49.506558506911624], [128.75012343311295, 49.50799796321785], [128.7506750320327, 49.50817904992456], [128.7506727464127, 49.50862878670302], [128.75136202916664, 49.50890011507149], [128.7513597497865, 49.509349851817085], [128.75177369098168, 49.50944068899085], [128.75176822932673, 49.51052005705336], [128.75259658814653, 49.510611779660636], [128.7527310966965, 49.51133165359973], [128.75355992292194, 49.511333421995516], [128.75355630781453, 49.512053000586704], [128.7547986663023, 49.5122355367649], [128.75521084276517, 49.51268615092613], [128.75520904725258, 49.51304594019292], [128.7558997600346, 49.51304739951247], [128.7563106128099, 49.513767851649845], [128.75686319120882, 49.51376901418673], [128.75699910774904, 49.51421904096381], [128.7576893927891, 49.51431043693329], [128.75768805971654, 49.51458027885901], [128.75879146561329, 49.514942377407756], [128.75906599411172, 49.515302742320294]], [[128.76943266802547, 49.514154538507356], [128.76956996871056, 49.51433470850046], [128.76957081384194, 49.51415481372297], [128.76943266802547, 49.514154538507356]], [[128.75893978102096, 49.51287387685197], [128.7590774813399, 49.51296411193225], [128.75907792312648, 49.51287416459061], [128.75893978102096, 49.51287387685197]], [[128.75922533692253, 49.51098555764551], [128.75977788409864, 49.51098670621482], [128.76005591754654, 49.510627489985566], [128.75922710284786, 49.51062576814292], [128.75922533692253, 49.51098555764551]], [[128.73424210670305, 49.50733293449414], [128.73437974596277, 49.50742319895188], [128.73438023294278, 49.50733325169524], [128.73424210670305, 49.50733293449414]], [[128.73715287791447, 49.50545066795412], [128.73729051727605, 49.505540928978604], [128.7372909988876, 49.50545098167144], [128.73715287791447, 49.50545066795412]], [[128.73673996286814, 49.50517988389478], [128.7368776007105, 49.50527014541222], [128.7368780830744, 49.50518019810381], [128.73673996286814, 49.50517988389478]], [[128.73259831863638, 49.50481059182598], [128.7349492593599, 49.504276311150214], [128.7349521746151, 49.50373662726924], [128.7353665229937, 49.50373757578446], [128.73536797830985, 49.50346773381597], [128.7356432398597, 49.50364825998012], [128.73564711658403, 49.50292868134203], [128.73495800486276, 49.5026572593551], [128.73454755833313, 49.50193673069374], [128.73455047776557, 49.501397046610904], [128.73413663650035, 49.50130614785685], [128.7337281654919, 49.50022582670841], [128.73331433563007, 49.50013492501357], [128.7330410595469, 49.49959460378323], [128.73305622668104, 49.49680623468191], [128.7329200879753, 49.49644612629346], [128.73250580123837, 49.49644516911945], [128.7325126641749, 49.49518590518782], [128.7322364801151, 49.49518526627585], [128.73209298747093, 49.49617436822313], [128.7323686866194, 49.49626495490331], [128.73236672469938, 49.49662474455456], [128.73126146363535, 49.49671213090382], [128.7312235329002, 49.503638076563405], [128.73191362050989, 49.503729626148136], [128.73190919746386, 49.504539151751565], [128.73259929903557, 49.50463069725568], [128.73259831863638, 49.50481059182598]], [[128.73591366232634, 49.50472825864955], [128.73618990018036, 49.504728888871455], [128.7360566198289, 49.5038291006705], [128.73591850343496, 49.50382878548707], [128.73591366232634, 49.50472825864955]], [[128.73429471353776, 49.4976186225893], [128.73581283317986, 49.497801996381256], [128.73582300062438, 49.495913100319136], [128.73554681239844, 49.495912469303235], [128.7354130822708, 49.49510262650089], [128.73499929242394, 49.49501173081946], [128.73500317740752, 49.49429215113884], [128.7343132165861, 49.49420062004628], [128.73417025589424, 49.4950997773673], [128.73389358462103, 49.49518908985765], [128.73402046562808, 49.49725819827138], [128.73429471353776, 49.4976186225893]]]}}, {"id": "1", "type": "Feature", "properties": {"contour_id": "water_peak_0002", "area_ha": 240.98, "pair_id": "flood_2021_06_amur__poyarkovo", "layer": "water_peak", "aoi_name": "Поярково — Михайловский район, Амур", "event_name": "Рекордный подъём Амура у Благовещенска, июнь 2021", "date_peak": "2021-07-01"}, "geometry": {"type": "Polygon", "coordinates": [[[128.86384859623706, 49.49199698145568], [128.86053457633906, 49.49199303369001], [128.86053508744402, 49.49181313729106], [128.85846383297144, 49.491810621743944], [128.85846461100502, 49.491540777158804], [128.85680761674564, 49.49153873804], [128.85680840387596, 49.49126889346151], [128.85390868031826, 49.491265267929236], [128.8539094833763, 49.490995423372425], [128.8517001827299, 49.490992612303735], [128.8514248368817, 49.490722413414034], [128.84894021814063, 49.49044935010467], [128.84852625648676, 49.490358860278654], [128.84852681156704, 49.49017896392445], [128.84714602192724, 49.49017714772559], [128.8468712668719, 49.48972704163245], [128.83983048044414, 49.48935771339456], [128.83983136083003, 49.48908786892572], [128.83900290578606, 49.489086718930366], [128.83900349573838, 49.48890682261803], [128.8381744507953, 49.489085563002156], [128.83817534027514, 49.48881571854249], [128.83693356101634, 49.48854412908683], [128.83679698178386, 49.48809419359107], [128.83527878212718, 49.487912144616914], [128.83514221980866, 49.48746220713574], [128.8345899348568, 49.487461418763225], [128.83445095372002, 49.48773106573113], [128.83445186362266, 49.487461221258116], [128.83376150747458, 49.487460231260684], [128.83348658529098, 49.48710004147528], [128.83196842875148, 49.48691794907056], [128.83196935227224, 49.48664810459348], [128.83072673197083, 49.486646292987075], [128.8307276623071, 49.486376448514484], [128.83031376871216, 49.48628589352684], [128.8282433797223, 49.48610294084258], [128.82824432368912, 49.48583309637935], [128.8274159240526, 49.485831863464384], [128.827416872558, 49.48556201900018], [128.82658847753117, 49.48556078016477], [128.8265891128953, 49.48538088385609], [128.8514411684708, 49.4853255199649], [128.85240681473243, 49.48559660186478], [128.8551681371666, 49.48560009196554], [128.85516734117888, 49.48586993679042], [128.85682414400063, 49.48587199923235], [128.85682335710666, 49.48614184406413], [128.8576515023584, 49.48623281467416], [128.8689730768349, 49.48624619204851], [128.87049206252004, 49.486157953961275], [128.8704927742918, 49.485888108976894], [128.87201174620438, 49.48579985091829], [128.87228858168695, 49.48553031107818], [128.87380777052402, 49.48535208107309], [128.89617459314843, 49.48528436926238], [128.89617383232985, 49.485644162938605], [128.89534543350499, 49.48564341647077], [128.89534428314286, 49.486183106928756], [128.89451587524684, 49.4861823545145], [128.89437625923267, 49.486901815711725], [128.8928572929743, 49.48699036741651], [128.89285611520663, 49.4875300577048], [128.89244189992408, 49.48752967332257], [128.89244130875034, 49.48779951844409], [128.89037022108823, 49.48779757426745], [128.89036901594707, 49.48833726443567], [128.88995479388828, 49.48833687114342], [128.88995398740508, 49.4886966645558], [128.88884877625316, 49.48896545354654], [128.8888481652995, 49.48923529856838], [128.8882954498173, 49.48941466325206], [128.8882950404818, 49.48959455991727], [128.8870521356489, 49.48968330161662], [128.8869128146413, 49.49022285665048], [128.88539394231373, 49.49022136190926], [128.88539331234236, 49.49049120684013], [128.88456483202685, 49.49049038311369], [128.88456419749198, 49.49076022802408], [128.88387421901746, 49.49057964044539], [128.88373507356204, 49.49102924324647], [128.88042067819103, 49.491205761777174], [128.8800062122042, 49.49129528112423], [128.8800055525924, 49.491565125952704], [128.87972938649483, 49.4915648391704], [128.8794541039301, 49.49120475862861], [128.87034045461425, 49.49128485157908], [128.86978788718864, 49.49137417945515], [128.86978741000027, 49.49155407593628], [128.86757808271457, 49.49155156807579], [128.86757735477823, 49.491821412763166], [128.86384909519708, 49.491817085031805], [128.86384859623706, 49.49199698145568]]]}}, {"id": "2", "type": "Feature", "properties": {"contour_id": "water_peak_0003", "area_ha": 100.84, "pair_id": "flood_2021_06_amur__poyarkovo", "layer": "water_peak", "aoi_name": "Поярково — Михайловский район, Амур", "event_name": "Рекордный подъём Амура у Благовещенска, июнь 2021", "date_peak": "2021-07-01"}, "geometry": {"type": "Polygon", "coordinates": [[[128.424663740356, 49.56899163702405], [128.4246700827824, 49.56845198067016], [128.42425520346455, 49.568449917471874], [128.4242615502731, 49.56791026110591], [128.4238466755758, 49.5679081964596], [128.42385937776564, 49.56682888365237], [128.4234445122614, 49.56682681759726], [128.4234699326384, 49.56466819152516], [128.42430068470867, 49.564582379051316], [128.42430808770453, 49.56395277952472], [128.42389430484897, 49.563860772376685], [128.4239006546072, 49.56332111561474], [128.42348581882143, 49.56331904981416], [128.42348899591474, 49.563049221433566], [128.42238171242423, 49.56313364819259], [128.42237428487212, 49.56376324759549], [128.42140526342155, 49.56384835503456], [128.42127548829984, 49.56312812158333], [128.42058516275446, 49.563034719334134], [128.42045965998645, 49.561954713866314], [128.41976828674976, 49.561951249552266], [128.41921092088492, 49.56230824609613], [128.41893436963872, 49.56230685787495], [128.41893863904198, 49.56194708692378], [128.41810899152676, 49.561942918348045], [128.4181047160284, 49.56230268924654], [128.41741333816717, 49.56229921084644], [128.4174058469499, 49.56292880978713], [128.41892689797703, 49.56293645698474], [128.41891729116972, 49.563745941452076], [128.41974590342824, 49.563840047068204], [128.4197427056186, 49.56410987523356], [128.42057239009102, 49.564114032229966], [128.42070428575926, 49.564654380868674], [128.42153291692213, 49.56474847374359], [128.42137762672263, 49.56618686605819], [128.42040962040468, 49.56618202223787], [128.4204170738554, 49.565552423317804], [128.41958736503102, 49.56554826511996], [128.41958949758842, 49.56536837972769], [128.41820665505563, 49.56536143622403], [128.41820451741802, 49.565541321572425], [128.41792794795967, 49.56553993088025], [128.4179226012318, 49.56598964420437], [128.4172311713294, 49.565986164527594], [128.41723759500712, 49.56544650860033], [128.41682274170228, 49.565444418851186], [128.41682595575477, 49.56517459088816], [128.4164111047843, 49.56517249967183], [128.41640467205886, 49.56571215554545], [128.41516010572133, 49.56570587285552], [128.4151568824277, 49.56597570071358], [128.414327167206, 49.56597150477883], [128.4143303950719, 49.56570167696053], [128.41267421131732, 49.56542343957513], [128.41268068509464, 49.564883784033924], [128.41212755417305, 49.56488097561531], [128.41213079403667, 49.56461114785211], [128.4124084373984, 49.56452260978353], [128.41241599329706, 49.56389301157861], [128.41158631377553, 49.56388879612326], [128.41157766624963, 49.564608336816654], [128.41047032793855, 49.56469264937786], [128.41035912544314, 49.56244338044861], [128.4172729217821, 49.56247840008515], [128.4172793442044, 49.56193874382506], [128.41479040339703, 49.561926184572684], [128.4147936282494, 49.56165635654247], [128.4135491653566, 49.561650056904064], [128.41355239701724, 49.56138022892074], [128.41189636373696, 49.56110198075126], [128.4119028450991, 49.5605623248802], [128.41038186972605, 49.56055458563736], [128.41039161654317, 49.55974510195476], [128.41564903092706, 49.559501923846916], [128.41564581103316, 49.55977175201931], [128.41689022665778, 49.55977802893937], [128.4168838004371, 49.56031768536468], [128.4181282302088, 49.56032394902319], [128.4181250238823, 49.560593777276004], [128.41909291933743, 49.56059863980575], [128.41936626142592, 49.56086985591246], [128.4197810761616, 49.56087193640443], [128.4199161512318, 49.56114245788409], [128.4203309683171, 49.561144536413416], [128.42032883880142, 49.56132442196126], [128.42102126674715, 49.5612379401106], [128.4210159492401, 49.561687654017085], [128.42143077102446, 49.56168972862102], [128.4214275827419, 49.561959556967494], [128.4235006448482, 49.562059850595226], [128.42349852690805, 49.562239736215], [128.42405162910902, 49.56224249018095], [128.42404845520662, 49.56251231862605], [128.4245983896375, 49.56278489843317], [128.42708843080106, 49.562707304052026], [128.42723512473958, 49.56198844558202], [128.42875929708768, 49.56172613479981], [128.42905996620206, 49.55965881237267], [128.42933650298542, 49.559660176344806], [128.4293406955695, 49.55930040457093], [128.4297554977368, 49.55930244926438], [128.42978691658718, 49.55660416004158], [128.42937213727126, 49.55660211554191], [128.42924226319636, 49.555881889771726], [128.4277224794883, 49.55578443595249], [128.42772563239612, 49.55551460701847], [128.42648132271933, 49.55550844699525], [128.42648448243418, 49.5552386181068], [128.42482858147594, 49.55496055518658], [128.42483175023472, 49.55469072635058], [128.42317269951022, 49.55468246862664], [128.4231758773602, 49.554412639856075], [128.4215168365388, 49.55440435842765], [128.42152002347962, 49.55413452972277], [128.42027575022047, 49.554128303103056], [128.42027894396728, 49.55385847444439], [128.4198641885948, 49.55385639595137], [128.41986738457817, 49.553586567299604], [128.41779361986016, 49.55357615263734], [128.4177968272182, 49.55330632407147], [128.41613782544962, 49.553297965666154], [128.4161410418975, 49.55302813716667], [128.41489679793216, 49.553021852815476], [128.4149000211851, 49.55275202436275], [128.41324103904768, 49.55274362449862], [128.4132442713899, 49.55247379611271], [128.4104793181191, 49.55245974362516], [128.41048256564207, 49.552189915359605], [128.41490646754568, 49.55221236741891], [128.41490324438962, 49.55248219589723], [128.4178064490031, 49.55249683829704], [128.41780324178967, 49.552766666901306], [128.42015134018538, 49.55295835284575], [128.4202853313168, 49.55331881708866], [128.42484442479355, 49.55361141087855], [128.4248412562253, 49.55388123976575], [128.42567076816547, 49.55388535959197], [128.42566760411887, 49.55415518850541], [128.4262206152309, 49.55415793177912], [128.42621534679122, 49.55460764664975], [128.42649080172137, 49.55469896029152], [128.4277350908352, 49.55470512013962], [128.42773193806954, 49.55497494911203], [128.42925169669198, 49.55507240273052], [128.4295606817455, 49.5522855319957], [128.4302519197327, 49.55228893732707], [128.4302738888393, 49.55040013254121], [128.42944548286363, 49.550306102831456], [128.42945386357914, 49.54958655807811], [128.42876581030865, 49.54931331884185], [128.42849667713992, 49.548682352055735], [128.42780654081253, 49.54858899333255], [128.42781389457534, 49.547959391670354], [128.42698448266668, 49.54795528756382], [128.42698763876808, 49.54768545829759], [128.42643575368444, 49.54759277586716], [128.42602737359616, 49.5470510611408], [128.4256126754365, 49.54704900345586], [128.4250650222722, 49.546596542193996], [128.42451209662616, 49.54659379370402], [128.4245152661924, 49.5463239644908], [128.4236890565353, 49.54605000765468], [128.42369223057347, 49.54578017845498], [128.42217489331728, 49.54550276666326], [128.42203984813085, 49.54523224720033], [128.4216251656564, 49.54523017528127], [128.42162835096892, 49.5449603461412], [128.4207989907307, 49.54495619788456], [128.42080218056222, 49.544686368771], [128.42024927688786, 49.54468359999075], [128.4199760194331, 49.544412385523025], [128.41831731818414, 49.544404059449015], [128.41832052162007, 49.54413423042811], [128.41292977757638, 49.54410700675425], [128.41292654445658, 49.54437683551718], [128.41043849780914, 49.54436418592978], [128.4104482381228, 49.543554699962186], [128.41086290559227, 49.54355681188144], [128.41085966115313, 49.54382664057012], [128.41210367070383, 49.54383296747274], [128.41211014583362, 49.543293309962664], [128.41501280452076, 49.54330802045151], [128.41542854332215, 49.543220173030164], [128.41543068946748, 49.54304028707308], [128.41667468007, 49.54304656476376], [128.41680968965963, 49.543317090459084], [128.41915946390074, 49.54332890913949], [128.41915626517581, 49.54359873823827], [128.41998560219636, 49.54360289818522], [128.41998240798995, 49.54387272731062], [128.4216379066192, 49.5441508586442], [128.42163153623355, 49.54469051698834], [128.4237028103561, 49.54488074769688], [128.42369540456392, 49.545510349242484], [128.42452477460523, 49.54551447677436], [128.42452160518195, 49.545784306025965], [128.42493629255765, 49.54578636758251], [128.42589546488986, 49.54651071688423], [128.42700026269924, 49.54660614110467], [128.42699395082852, 49.54714579972672], [128.42795843140934, 49.54742041647418], [128.4283678854545, 49.54787218133005], [128.42905801279352, 49.5479655366845], [128.4290548680641, 49.548235366035065], [128.42988114480488, 49.548509284695974], [128.4298759110186, 49.54895900029507], [128.4307022045714, 49.54923291311933], [128.43069488759917, 49.549862514958804], [128.43097032436148, 49.54995381794699], [128.4312384519588, 49.550674722091834], [128.4315159819482, 49.550586137563315], [128.43148048907307, 49.55364420270103], [128.431065734701, 49.55364216436002], [128.43102498513605, 49.55714994268437], [128.43129628550705, 49.55760101694585], [128.43128688496495, 49.55841050391907], [128.43100931010582, 49.55849908761797], [128.43099363389732, 49.559848232231715], [128.43057882701768, 49.55984619195966], [128.43057255163347, 49.560385849676926], [128.4302960106927, 49.5603844886438], [128.43015460018185, 49.56065363669954], [128.43014203951648, 49.56173295185196], [128.42972721673272, 49.56173090847092], [128.4297146461692, 49.56281022334116], [128.43095914209042, 49.56281634925607], [128.43096227794493, 49.56254652049963], [128.43179506879267, 49.56228076816208], [128.43179819998156, 49.562010939341434], [128.43262785063888, 49.56201500978717], [128.43263410373288, 49.56147535203034], [128.43318719818058, 49.56147806230542], [128.43318928047182, 49.56129817635798], [128.4342954655543, 49.56130358894433], [128.43429026994522, 49.56175330388775], [128.43470509324644, 49.561755330913854], [128.43470197810416, 49.562025159882054], [128.43553162941836, 49.56202920951222], [128.43553992417037, 49.56130966546624], [128.43636956348163, 49.56131370904691], [128.43637681045107, 49.56068410784263], [128.43720643928324, 49.56068814538684], [128.43723124753978, 49.55852951185169], [128.43806083999266, 49.55853354314321], [128.43804226150394, 49.56015251860057], [128.43873361154354, 49.56015587365841], [128.43886260540705, 49.56096603184484], [128.43844778849584, 49.5609640197441], [128.438444694064, 49.561233848922924], [128.43720127052092, 49.56113786060363], [128.4371919664223, 49.56194734790431], [128.4365016263517, 49.56185404053124], [128.43621989884815, 49.562302408686676], [128.4355285188006, 49.562299038506005], [128.4355254081361, 49.56256886748701], [128.4351105778842, 49.562566843376985], [128.43510850255805, 49.56274672934441], [128.4317888062737, 49.56282042576498], [128.43178254356638, 49.56336008331672], [128.4313677068796, 49.56335804576706], [128.4313708405426, 49.56308821701691], [128.43095600618875, 49.56308617799968], [128.43095182491317, 49.563445949637945], [128.4306763125063, 49.56335464654677], [128.43053489536558, 49.56362379490578], [128.42804586308742, 49.563611520424054], [128.42805216703377, 49.563071863246506], [128.42736077710057, 49.56306844423338], [128.42735446553482, 49.56360810134612], [128.4263865091826, 49.56360330769812], [128.42637702547674, 49.56441279313497], [128.42595585298136, 49.56495039303269], [128.4259495255109, 49.565490049836434], [128.4255346711992, 49.56548799131422], [128.42551884025966, 49.566837133002096], [128.42593370600227, 49.56683919162186], [128.42591788530433, 49.56818833308737], [128.42619447011367, 49.56818970473938], [128.42619025309241, 49.56854947576015], [128.4259105019049, 49.568817932328464], [128.42535732523618, 49.56881518698087], [128.42535521361344, 49.56899507244819], [128.424663740356, 49.56899163702405]], [[128.41807692319992, 49.56464119953207], [128.41849176979147, 49.564643284760955], [128.41849497455516, 49.56437345668039], [128.4180801302496, 49.56437137147127], [128.41807692319992, 49.56464119953207]], [[128.41435621625178, 49.56354305395329], [128.4147710532645, 49.56354515248517], [128.4147742784078, 49.56327532453175], [128.41435944368087, 49.56327322601975], [128.41435621625178, 49.56354305395329]], [[128.42888393335295, 49.56289607484727], [128.42901696654542, 49.5633464715666], [128.429022210879, 49.562896757158704], [128.42888393335295, 49.56289607484727]], [[128.43150911867102, 49.5630888963589], [128.43164530871718, 49.56326946137912], [128.4316473968047, 49.56308957553568], [128.43150911867102, 49.5630888963589]], [[128.42737234781157, 49.56207907272707], [128.42764784683317, 49.56217038365606], [128.42764889818173, 49.56208044078041], [128.42737234781157, 49.56207907272707]], [[128.4164529127851, 49.56166473524521], [128.41728255534312, 49.56166891567582], [128.41728576643362, 49.56139908751377], [128.4164561284467, 49.561394907122775], [128.4164529127851, 49.56166473524521]], [[128.41479685305333, 49.561386528499426], [128.4156264906532, 49.56139072078467], [128.41562971083755, 49.56112089268912], [128.41480007780876, 49.56111670044361], [128.41479685305333, 49.561386528499426]], [[128.41397367425182, 49.56084267422221], [128.41438848835952, 49.56084477404197], [128.41439494219887, 49.560305117906076], [128.4139801326621, 49.56030301812611], [128.41397367425182, 49.56084267422221]], [[128.4295858195643, 49.550126898161686], [128.42972196686463, 49.55030746569501], [128.42972406105983, 49.550127579506615], [128.4295858195643, 49.550126898161686]], [[128.42121685837392, 49.54468844362262], [128.42163047448398, 49.54478046004071], [128.42163153623355, 49.54469051698834], [128.42121685837392, 49.54468844362262]]]}}, {"id": "3", "type": "Feature", "properties": {"contour_id": "water_peak_0004", "area_ha": 65.42, "pair_id": "flood_2021_06_amur__poyarkovo", "layer": "water_peak", "aoi_name": "Поярково — Михайловский район, Амур", "event_name": "Рекордный подъём Амура у Благовещенска, июнь 2021", "date_peak": "2021-07-01"}, "geometry": {"type": "Polygon", "coordinates": [[[128.6862543823657, 49.55947255686785], [128.68598302793708, 49.5586622922363], [128.68515282751127, 49.558749984233586], [128.6851487794924, 49.559379606632326], [128.68459568999114, 49.559378100580076], [128.68459974512075, 49.558748478214646], [128.68404724308508, 49.558657023499435], [128.68405072487448, 49.558117347151345], [128.68377418727513, 49.55811659184578], [128.6836428908862, 49.55703686113965], [128.68267561352351, 49.55694426524266], [128.68268493780505, 49.55550512796401], [128.68213189218972, 49.55550361022331], [128.68212255165764, 49.556942747425246], [128.6818454364263, 49.55703193358613], [128.68115469350508, 49.55694008488498], [128.6811646480113, 49.555411001738925], [128.68033508132274, 49.55540871324208], [128.6803297976846, 49.556218227834535], [128.67950021739088, 49.55621593332598], [128.67951434312457, 49.55405722766614], [128.68117577263246, 49.55370202597561], [128.68117987091009, 49.5530724031976], [128.68159463449084, 49.5530735451223], [128.68158293997772, 49.55487246723394], [128.68241249768425, 49.554874746767844], [128.68242532807184, 49.552895932255595], [128.6828400902084, 49.55289706971361], [128.68284416697674, 49.552267446745915], [128.68215348930207, 49.5521756040608], [128.68202749866924, 49.55028635506073], [128.68217041396963, 49.54956716544839], [128.68286221951772, 49.5494791156297], [128.6828721181078, 49.54795003024853], [128.68370213941583, 49.54786235409187], [128.68370678507878, 49.547142784291026], [128.68453679123786, 49.54705510210522], [128.68454026620932, 49.54651542464397], [128.68620255577403, 49.545980257218034], [128.686343093675, 49.545620846887275], [128.68703541063465, 49.54544282565344], [128.68745470008113, 49.544724376104334], [128.6880087697961, 49.54454597555784], [128.68801106075563, 49.54418619031296], [128.68884329405634, 49.54373869179522], [128.6891237453937, 49.54310981048299], [128.6896766514798, 49.543111294540424], [128.68995822675194, 49.542302518394784], [128.69051225998066, 49.54212410571516], [128.69051453236298, 49.54176432023354], [128.69079154542678, 49.54167511287899], [128.69093260451268, 49.54122575023272], [128.6919012842219, 49.54104843761396], [128.69190524286319, 49.54041881280629], [128.69246207013066, 49.53979065860628], [128.69246545693397, 49.53925098005759], [128.69315766171854, 49.53907292178183], [128.6932986915215, 49.53862355599204], [128.6937144575887, 49.53844476134801], [128.69371726830502, 49.53799502906975], [128.69454766247202, 49.53781732814384], [128.6945504654802, 49.537367595781596], [128.6948268862662, 49.537368325114535], [128.69482800643524, 49.53718843215516], [128.69607245334282, 49.53710175946928], [128.69635277362178, 49.53647285966313], [128.69787416953514, 49.53629694605343], [128.6978697336567, 49.53701651817155], [128.69690115507788, 49.53719388107057], [128.69689670477268, 49.537913453011925], [128.69786363403352, 49.53800592968656], [128.69785919773284, 49.53872550159032], [128.6985497157964, 49.53881725044817], [128.6985458427466, 49.5394468758199], [128.69799297754724, 49.53944543421722], [128.6978497700035, 49.54025459158615], [128.69632880846254, 49.54034055807497], [128.6961872437579, 49.54087987390304], [128.6953579219056, 49.5408776935593], [128.6952135476448, 49.54186674019955], [128.69369309384356, 49.541862725510605], [128.69369702957593, 49.5412331006863], [128.6945274787402, 49.541055400111205], [128.69453140363984, 49.54042577514958], [128.69301099464496, 49.54042175158339], [128.6930070502107, 49.54105137645603], [128.69203893968276, 49.54113875194367], [128.69202254539417, 49.543747196832086], [128.69133083703952, 49.543835301689604], [128.69132630388546, 49.54455487242675], [128.69049578384718, 49.54473254978206], [128.69049180649077, 49.5453621740343], [128.68952303637877, 49.5455394745445], [128.68951334620783, 49.54706856153936], [128.68785449413696, 49.54706409884032], [128.68772141636862, 49.54625420941928], [128.68716847491768, 49.54625271595066], [128.68689142937768, 49.54634191449703], [128.68688740547458, 49.54697153835777], [128.68619506635295, 49.54714955861513], [128.6860476060003, 49.54858832350229], [128.6854946382935, 49.548586821984216], [128.68549868032574, 49.54795719838409], [128.6846692395121, 49.54795494120268], [128.68466518682015, 49.54858456475289], [128.68535639637406, 49.54858644619185], [128.6853459973572, 49.550205477967715], [128.6860366533456, 49.5502973015872], [128.68618008604722, 49.549488160694224], [128.68700955294014, 49.54949040709721], [128.68699690927852, 49.551469223652454], [128.6853384863728, 49.551374778410526], [128.68520717286742, 49.55029504818402], [128.68382412508987, 49.55038122548186], [128.68381831947283, 49.551280687222956], [128.6846472374758, 49.55137289678731], [128.68449392466584, 49.55371111995223], [128.68615184862725, 49.55389552355928], [128.68614723777785, 49.554615092685054], [128.68683795743067, 49.55470691157787], [128.686833931652, 49.555336534520414], [128.68710930440278, 49.55551717474543], [128.69015048911683, 49.55561530494452], [128.6901482129492, 49.55597508954804], [128.68945689880962, 49.555973236528814], [128.68945575816952, 49.5561531288104], [128.68779659843244, 49.55614866468731], [128.68779143798727, 49.55695817975773], [128.68709896078929, 49.55713620484356], [128.68709493802095, 49.55776582753609], [128.68681725192167, 49.55794497168905], [128.68680747302167, 49.559474054995064], [128.6862543823657, 49.55947255686785]], [[128.68033860361578, 49.554869036783636], [128.681168161164, 49.5548713252371], [128.68116991770071, 49.55460148696714], [128.6803403647226, 49.554599198535364], [128.68033860361578, 49.554869036783636]], [[128.68967266382523, 49.54374091892125], [128.6903638053778, 49.54374277031901], [128.69036778415168, 49.54311314589723], [128.6896766514798, 49.543111294540424], [128.68967266382523, 49.54374091892125]]]}}, {"id": "4", "type": "Feature", "properties": {"contour_id": "water_peak_0005", "area_ha": 57.42, "pair_id": "flood_2021_06_amur__poyarkovo", "layer": "water_peak", "aoi_name": "Поярково — Михайловский район, Амур", "event_name": "Рекордный подъём Амура у Благовещенска, июнь 2021", "date_peak": "2021-07-01"}, "geometry": {"type": "Polygon", "coordinates": [[[128.71429343852182, 49.49361321849573], [128.71429448561952, 49.493433323853125], [128.71291361685505, 49.49342990532567], [128.7129162472049, 49.49298016874846], [128.71208826124362, 49.49288816243985], [128.71181367483322, 49.49261763285019], [128.71015666024434, 49.4926134931554], [128.71015825357213, 49.49234365124047], [128.7089154997131, 49.49234053092368], [128.70877955048468, 49.49198039420188], [128.70739979556882, 49.49179701533718], [128.70712738769166, 49.49116668543344], [128.70560958200014, 49.49098293559176], [128.7056112002308, 49.49071309370968], [128.70395587816037, 49.49043902343915], [128.70395750544998, 49.49016918157175], [128.70354327271863, 49.49016812077974], [128.70354490226066, 49.48989827890969], [128.70271644142514, 49.48989615289616], [128.7027180754963, 49.48962631103355], [128.70106280638097, 49.4893521994135], [128.70106609261438, 49.48881251570571], [128.7002376502882, 49.48881037197485], [128.7002409455295, 49.4882706882569], [128.69941251240888, 49.48826853863414], [128.69941581665756, 49.487728854906145], [128.697758968927, 49.487724537944885], [128.69775730770883, 49.48799437977433], [128.69651466534302, 49.487991126450005], [128.6965163333909, 49.48772128465139], [128.69568790982532, 49.48771910837356], [128.69569125495195, 49.48717942477946], [128.69486284059292, 49.48717724261059], [128.69487122573386, 49.48582803350651], [128.693214442846, 49.4858236515795], [128.6932127567629, 49.48609349338419], [128.69155426996102, 49.48635892943775], [128.69155257472175, 49.486628771175305], [128.69030996763965, 49.48662545126824], [128.6903116697081, 49.48635560956213], [128.68948326966722, 49.486353388896596], [128.68948156304603, 49.48662323058168], [128.68782475416654, 49.48661877141206], [128.68782303841402, 49.48688861304219], [128.68699462957593, 49.48688637453797], [128.68699290924476, 49.487156216134196], [128.6857502893521, 49.487152847223044], [128.68575201651257, 49.48688300565873], [128.68492360793329, 49.48688075232398], [128.6849218762199, 49.48715059386695], [128.6835406081246, 49.48723677225694], [128.68353654963244, 49.4878664023813], [128.6828473575754, 49.487684617463714], [128.68285026280745, 49.487234881683406], [128.68160822473413, 49.48714152112004], [128.68160997465907, 49.486871679663004], [128.68326679108705, 49.48687622785789], [128.68326853188006, 49.48660638634508], [128.68409693569822, 49.48660865152277], [128.68409867191235, 49.486338809975805], [128.6853412710059, 49.486342196587486], [128.68534300036495, 49.486072354995734], [128.68617139533788, 49.48607460530042], [128.6861696705315, 49.48634444691349], [128.68768840326402, 49.486348557104215], [128.6878310450386, 49.48562935199292], [128.68935032498987, 49.48554349308805], [128.6968058059421, 49.48556327385807], [128.6970725007554, 49.48709310126266], [128.69762477615012, 49.4870945461502], [128.69762865386363, 49.486464915104314], [128.69790534147864, 49.48637568924324], [128.69928545906697, 49.48646923385212], [128.7002524780947, 49.48638179484422], [128.70039219163084, 49.486112310543916], [128.70191091919548, 49.486116234000846], [128.7019092808906, 49.48638607600828], [128.70232348165112, 49.48638714259174], [128.70232184559802, 49.486656984596564], [128.70315025174557, 49.48665911333452], [128.70314862022076, 49.48692895534684], [128.70438961173517, 49.48720197939083], [128.70397431934498, 49.48738081486521], [128.70521748717198, 49.48729404068549], [128.70521640704175, 49.487473935375476], [128.7056306171037, 49.487474990134615], [128.7056289991646, 49.487744832169035], [128.70728584876113, 49.48774903641456], [128.70728423990403, 49.4880188784761], [128.7085263501705, 49.488111963478325], [128.7087998262965, 49.48856239571592], [128.70852261199434, 49.48874159496536], [128.70990228533768, 49.48892496038579], [128.70990122231197, 49.48910485509997], [128.71017737163936, 49.4891055472713], [128.71017418553404, 49.48964523139308], [128.71265903080575, 49.48974137875724], [128.71265797785136, 49.48992127348956], [128.71348643984342, 49.48992332830868], [128.71375944707873, 49.490463696144964], [128.71431176121865, 49.490465061435785], [128.71431071429387, 49.49064495617145], [128.7150005873563, 49.490736606458725], [128.71472599685112, 49.490466083673454], [128.71555446818667, 49.490468123699024], [128.71555290462635, 49.490737965829425], [128.71638138060965, 49.490739999941276], [128.71637982157978, 49.49100984207826], [128.71720830221068, 49.491011870276274], [128.7172020840734, 49.49209123877417], [128.71761633353208, 49.4920922506866], [128.71761478121653, 49.49236209278894], [128.7174751442041, 49.49263159773286], [128.7171989748647, 49.49263092294697], [128.7171958655626, 49.49317060706902], [128.71636734849787, 49.49316857871728], [128.71636578925728, 49.493438420740056], [128.7155372677317, 49.4934363864355], [128.71553622518854, 49.493616281097445], [128.71429343852182, 49.49361321849573]], [[128.71555238343433, 49.490827913203404], [128.7156899420698, 49.490918200008785], [128.71569046301138, 49.49082825263513], [128.71555238343433, 49.490827913203404]], [[128.712933605863, 49.490011906454676], [128.71334731240307, 49.490102880988324], [128.71334783762194, 49.490012933620285], [128.712933605863, 49.490011906454676]], [[128.70948753061393, 49.4890138682539], [128.70962507299524, 49.48910416226945], [128.70962560501533, 49.48901421491526], [128.70948753061393, 49.4890138682539]]]}}, {"id": "5", "type": "Feature", "properties": {"contour_id": "water_peak_0006", "area_ha": 48.99, "pair_id": "flood_2021_06_amur__poyarkovo", "layer": "water_peak", "aoi_name": "Поярково — Михайловский район, Амур", "event_name": "Рекордный подъём Амура у Благовещенска, июнь 2021", "date_peak": "2021-07-01"}, "geometry": {"type": "Polygon", "coordinates": [[[128.48377267348081, 49.629445175089074], [128.48377837647553, 49.6289055190915], [128.48336297987865, 49.62890366613508], [128.4833686872902, 49.62836401012159], [128.4837840792986, 49.628365863042866], [128.48378978195, 49.627826206943176], [128.48462055691883, 49.627829908244564], [128.4846234035919, 49.627560080140476], [128.4850387888465, 49.62756192853819], [128.48504163318265, 49.62729210040383], [128.4896136676244, 49.627042505888724], [128.48975494626387, 49.62677328785664], [128.49003186552443, 49.62677450799916], [128.49003468220425, 49.62650467961732], [128.49031159995434, 49.62650589908594], [128.49099920884322, 49.62695865888986], [128.4916905739372, 49.6270516433836], [128.49182622757203, 49.627322079656594], [128.49376468518844, 49.62733057213367], [128.4937674813064, 49.62706074362181], [128.49459824454888, 49.627064373285215], [128.4946010360367, 49.626794544726174], [128.49543179485917, 49.626798168394146], [128.49543736853275, 49.62625851116909], [128.49626811834702, 49.62626212880743], [128.49627090053303, 49.625992300141476], [128.4971016459269, 49.625995911784685], [128.49723547542982, 49.62644622764842], [128.49820376370857, 49.626540375515255], [128.49903544098424, 49.62645403039703], [128.49917851014257, 49.626004914813876], [128.50153320854554, 49.62592513024585], [128.50540910901697, 49.62603170036871], [128.50402361756852, 49.626115719995575], [128.50402179132016, 49.62629560598304], [128.50914476171582, 49.626317439948], [128.50914205060158, 49.62658726912559], [128.50983525063393, 49.62650025923604], [128.5096985967261, 49.62631978679891], [128.51080626696395, 49.626324472552795], [128.51052664590978, 49.626593131340975], [128.5108035650257, 49.62659430179705], [128.51080086304682, 49.62686413102855], [128.5116316250911, 49.62686763845602], [128.51162892765967, 49.627137467708], [128.51329046141143, 49.627144464745996], [128.51343071425143, 49.62696516054171], [128.51315468926052, 49.62687405325741], [128.51412391219716, 49.62687812497187], [128.51398276733252, 49.62714737314105], [128.5145366121502, 49.6271496968765], [128.5145392935231, 49.62687986750856], [128.5162034913863, 49.62661699330596], [128.51621685156474, 49.625267845881574], [128.51538611615825, 49.62526437143774], [128.51538343961525, 49.62553420091518], [128.51372196011047, 49.62552723407921], [128.51371927435156, 49.625797063477854], [128.51288853025375, 49.62579357108555], [128.51288583986653, 49.626063400438326], [128.5108089688615, 49.62605464329578], [128.51081347193377, 49.62560492783911], [128.51122974206663, 49.62551673911923], [128.51123514098944, 49.62497708048268], [128.51455806200332, 49.62499106157597], [128.51456074305335, 49.62472123210602], [128.5162221953546, 49.62472818682256], [128.51622486718924, 49.62445835727394], [128.51996311657203, 49.624473918064176], [128.5199657677228, 49.62420408835528], [128.52148963163427, 49.62412045001308], [128.52079913218356, 49.62393770013012], [128.52620138949493, 49.62369009459251], [128.52620400612128, 49.62342026460205], [128.52828598002304, 49.62288908506721], [128.52828858506348, 49.6226192549581], [128.52870653374885, 49.622351116430835], [128.52995516082422, 49.622086352075634], [128.52995775657322, 49.62181652186425], [128.5303730958269, 49.62181820746668], [128.5305141349055, 49.62154893875761], [128.53190117673304, 49.62128471465108], [128.53204478996958, 49.62074561368419], [128.53287803005912, 49.62047913798499], [128.5328883476739, 49.61939981631088], [128.53371898548576, 49.61940316487974], [128.53370353634955, 49.62102214750491], [128.5328728710188, 49.62101879874556], [128.53286771182326, 49.621558459455194], [128.5320370374743, 49.62155510467233], [128.5320344532315, 49.62182493497622], [128.53092429116148, 49.62209028286744], [128.53078066151625, 49.62262938227086], [128.5303653153431, 49.622627698110556], [128.52952769460094, 49.623343872377205], [128.52855680385383, 49.62351981654713], [128.5282755594692, 49.62396840537613], [128.52744484469534, 49.62396501752416], [128.52744223487142, 49.62423484753741], [128.52702600453506, 49.62432309468971], [128.52702426309273, 49.62450298134458], [128.5253601944527, 49.62476601157688], [128.5253575730418, 49.625035841471345], [128.52452684046887, 49.62503243262832], [128.52452421443078, 49.62530226247774], [128.52369347742822, 49.62529884764161], [128.52369610805397, 49.62502901782457], [128.52161751631803, 49.625200341229], [128.52162191976558, 49.624750624988415], [128.51954421738134, 49.62483196795167], [128.519819358883, 49.62501300325972], [128.51912708261042, 49.625010129856015], [128.51912088554593, 49.625639732324785], [128.51898419964243, 49.62545927072566], [128.5185670574713, 49.625637430570556], [128.51828304860032, 49.62635582420624], [128.5174522944408, 49.626352364533126], [128.51744962920674, 49.62662219404181], [128.51703424989307, 49.62662046195346], [128.51703158232485, 49.62689029143298], [128.51536737951125, 49.627153177512064], [128.51536470268624, 49.62742300690025], [128.514533930737, 49.62741952623169], [128.5145312492834, 49.62768935557413], [128.5082977145099, 49.62793288937784], [128.50830043041648, 49.62766306029744], [128.50788504281775, 49.62766129535649], [128.5078877609776, 49.62739146628009], [128.50733391396847, 49.627389110729574], [128.50705971319834, 49.627118102905115], [128.50539818189387, 49.627111016450186], [128.5053954500103, 49.62738084543866], [128.50082621708674, 49.627361234553675], [128.50082345992666, 49.62763106334347], [128.49999268625407, 49.627627478320264], [128.49985146143686, 49.62789670897423], [128.49832836844143, 49.62789011906512], [128.49833113940795, 49.62762029039021], [128.49708497971113, 49.62761488379451], [128.49708775751827, 49.627345055158095], [128.4954262210178, 49.62733782556816], [128.4954234340342, 49.62760765413603], [128.49459266144729, 49.627604030364985], [128.49445140698722, 49.627873254338624], [128.48794083014258, 49.62811448206907], [128.48793800173738, 49.628384310287416], [128.48710721690796, 49.62838063276117], [128.48710438387172, 49.62865046093191], [128.48502741107382, 49.62864124094804], [128.48502456652363, 49.62891106901859], [128.48460916979806, 49.62890922053325], [128.4844650088854, 49.62944826009636], [128.48377267348081, 49.629445175089074]], [[128.4947385655924, 49.62688509194113], [128.4950145559691, 49.62697624302418], [128.49501548570035, 49.62688630016545], [128.4947385655924, 49.62688509194113]], [[128.51275724912682, 49.62507344345228], [128.51400245222644, 49.625168624308266], [128.5140033469427, 49.62507868116321], [128.51275724912682, 49.62507344345228]], [[128.51497521315395, 49.62481291618396], [128.5153896848196, 49.62490459878132], [128.51539057697374, 49.62481465561367], [128.51497521315395, 49.62481291618396]], [[128.5163606497421, 49.624728765306045], [128.51691535667848, 49.62464113439366], [128.5169162460157, 49.624551191201654], [128.51636243045994, 49.62454887893806], [128.5163606497421, 49.624728765306045]]]}}, {"id": "6", "type": "Feature", "properties": {"contour_id": "water_peak_0007", "area_ha": 37.37, "pair_id": "flood_2021_06_amur__poyarkovo", "layer": "water_peak", "aoi_name": "Поярково — Михайловский район, Амур", "event_name": "Рекордный подъём Амура у Благовещенска, июнь 2021", "date_peak": "2021-07-01"}, "geometry": {"type": "Polygon", "coordinates": [[[128.60932575331222, 49.565444822267494], [128.60932790644736, 49.565174986590584], [128.6089130436058, 49.565173585412374], [128.6089195096758, 49.56436407834517], [128.60974922167384, 49.56436687913487], [128.6097556737353, 49.56355737187359], [128.60809843706934, 49.56328192877933], [128.60811355452765, 49.56139307834087], [128.60935804694068, 49.561397285778526], [128.60936665734502, 49.56031794223154], [128.61019630082956, 49.56032073964943], [128.61020346053346, 49.5594212864498], [128.61048000331118, 49.55942221757137], [128.61048501133516, 49.55879260022695], [128.6102084721127, 49.558791669125974], [128.6102220740845, 49.55708270746944], [128.60939248545137, 49.55707991036969], [128.60939894174996, 49.556270402118066], [128.61022851667178, 49.55627319913832], [128.6102342431721, 49.55555363608122], [128.61106452030876, 49.55546648168708], [128.61120706458425, 49.554927273852314], [128.61286616941362, 49.55493283591436], [128.61286261462308, 49.55538256302438], [128.6131384242225, 49.55547343315757], [128.6147975479305, 49.55547896757528], [128.61479118104273, 49.556288476455215], [128.615620756799, 49.556291234822915], [128.61560804958532, 49.557910252396304], [128.6164376528923, 49.55791300497396], [128.61643553948272, 49.55818284121778], [128.6180947556193, 49.558188328584414], [128.6180975613029, 49.55782854685384], [128.61878889643066, 49.55783082620711], [128.6187923971079, 49.55738109897609], [128.61934546019472, 49.557382919456494], [128.6193475575119, 49.557113083083685], [128.61962478614367, 49.55702404686084], [128.62045437482683, 49.55702677060912], [128.62045995123998, 49.55630720678301], [128.6210130023067, 49.55630901926565], [128.62100673796715, 49.557118528615206], [128.62017714767663, 49.55711580882281], [128.6201708693425, 49.557925317980605], [128.61934126546578, 49.557922592163976], [128.619339168054, 49.55819242849866], [128.6189243638775, 49.55819106334731], [128.61892226414878, 49.55846089965633], [128.61809265131967, 49.55845816486752], [128.61809054698844, 49.558728001137915], [128.61726092971492, 49.558725260376114], [128.617258117796, 49.559085042015546], [128.61642708552665, 49.55926218606587], [128.61642497195817, 49.55953202224611], [128.61559534122537, 49.559529269511934], [128.61559110485064, 49.56006894178207], [128.6147614651027, 49.56006618304837], [128.61475509658754, 49.56087569127981], [128.61350848687417, 49.5611413779224], [128.613504227259, 49.56168104990903], [128.61267456040167, 49.561678276149266], [128.61267029151486, 49.56221794803244], [128.6118406156423, 49.5622151682723], [128.61183633748325, 49.56275484005193], [128.6110066525955, 49.562752054291224], [128.6109959337743, 49.56410123338575], [128.61016622615466, 49.56409844154484], [128.61016192925575, 49.56463811304072], [128.609747070922, 49.5646367148632], [128.6097406184725, 49.56544622197188], [128.60932575331222, 49.565444822267494]], [[128.61961919731863, 49.557743610527694], [128.62003329988156, 49.55783491863593], [128.62003469559227, 49.5576550277219], [128.61961919731863, 49.557743610527694]]]}}, {"id": "7", "type": "Feature", "properties": {"contour_id": "water_peak_0008", "area_ha": 32.4, "pair_id": "flood_2021_06_amur__poyarkovo", "layer": "water_peak", "aoi_name": "Поярково — Михайловский район, Амур", "event_name": "Рекордный подъём Амура у Благовещенска, июнь 2021", "date_peak": "2021-07-01"}, "geometry": {"type": "Polygon", "coordinates": [[[128.51047822058263, 49.576132504202796], [128.5104809195054, 49.57586267260689], [128.5097893396622, 49.57585974547836], [128.50951901753928, 49.57522896645384], [128.50882744675008, 49.575226033605055], [128.50841882812497, 49.57459466493065], [128.50593283828616, 49.57422428845471], [128.50594100956062, 49.57341479391226], [128.50510842754127, 49.57368107993072], [128.50511115583296, 49.57341124843742], [128.5042813022694, 49.57340769701269], [128.50427765843872, 49.57376747228938], [128.5039992156283, 49.573946174766306], [128.50303104273544, 49.573942021524914], [128.50302830292517, 49.57421185290845], [128.50219843604947, 49.57420828650762], [128.50219569162334, 49.57447811784459], [128.50136582033807, 49.57447454545988], [128.50123025823646, 49.57420411818648], [128.50095363604552, 49.574202925750086], [128.50095088475737, 49.57447275703624], [128.49887620747538, 49.57446379260519], [128.49818649297458, 49.57428090875038], [128.4980518714104, 49.57392053407312], [128.4976369407363, 49.57391873378344], [128.49763971023978, 49.57364890260787], [128.49708647245546, 49.5736464999305], [128.49722201010385, 49.573916932006256], [128.4968070795131, 49.57391512874158], [128.49681262762738, 49.573375466446], [128.49722755364365, 49.5733772696765], [128.4972321731328, 49.57292755102938], [128.49764709537882, 49.572929352743955], [128.49765078783724, 49.572569577777955], [128.4980657070754, 49.57257137798233], [128.49807124105013, 49.57203171545669], [128.49738156379564, 49.571848826845674], [128.4972506499317, 49.57112867608641], [128.49600592918452, 49.57112326236013], [128.49600778133637, 49.57094337486885], [128.49573117779332, 49.570942170008315], [128.49573673718655, 49.57040250752326], [128.49490786389018, 49.570308945302976], [128.49478627303913, 49.568689354099696], [128.494094796186, 49.56868633351082], [128.4940975847016, 49.56841650223696], [128.4936827009322, 49.56841468791787], [128.49355743309712, 49.56715487014124], [128.4943871793093, 49.56715849812322], [128.49438160567612, 49.56769816080021], [128.4952113612017, 49.56770178290231], [128.49520857889524, 49.56797161425599], [128.49548423869533, 49.5680627640984], [128.49797352473388, 49.568073588900816], [128.49810444140383, 49.56879373923088], [128.49893421597267, 49.56879733470027], [128.49892685082958, 49.56951688522235], [128.4993408243727, 49.569608624586145], [128.49960914578696, 49.57041931509768], [128.5004361943428, 49.570692731306764], [128.50056898939098, 49.571232991052575], [128.50139880561946, 49.57123656898044], [128.5013933084859, 49.5717762318546], [128.50222587804103, 49.571509972436196], [128.5022149017396, 49.57258929821788], [128.50262982143354, 49.572591082060605], [128.50262707954215, 49.57286091349103], [128.50553153456218, 49.572873358860086], [128.50553426044362, 49.57260352731169], [128.5051193404618, 49.57260175388097], [128.50512206858937, 49.57233192233664], [128.50428950062124, 49.57259820255722], [128.50401835578947, 49.57205735444883], [128.50346513545585, 49.572054982317084], [128.503470609802, 49.57151531929937], [128.50402382403692, 49.57151769138616], [128.50402655809896, 49.571247859835694], [128.50430316371921, 49.57124904487627], [128.5042976986033, 49.571788707986926], [128.50457430729108, 49.571789892388914], [128.50457157619618, 49.57205972393632], [128.50595462753225, 49.57206563608638], [128.5060883947514, 49.57251594571248], [128.50677992696586, 49.57251889481026], [128.50691460908791, 49.572879259609245], [128.50760614652114, 49.57288220378614], [128.50760162235417, 49.57333192314483], [128.50843057172548, 49.57342539463749], [128.50842786173175, 49.57369522626487], [128.50884279118932, 49.573696987862945], [128.50897568700725, 49.57423723799275], [128.5096672438406, 49.57424016991321], [128.50980015019715, 49.574780419078124], [128.51049171479053, 49.57478334609568], [128.51048541761975, 49.57541295325202], [128.5113135097731, 49.57559634806467], [128.51130812111836, 49.57613601133574], [128.51047822058263, 49.576132504202796]], [[128.50552880863972, 49.57314319039571], [128.50635865787493, 49.57314673286204], [128.50636047211154, 49.57296684515067], [128.50553153456218, 49.572873358860086], [128.50552880863972, 49.57314319039571]]]}}, {"id": "8", "type": "Feature", "properties": {"contour_id": "water_peak_0009", "area_ha": 27.9, "pair_id": "flood_2021_06_amur__poyarkovo", "layer": "water_peak", "aoi_name": "Поярково — Михайловский район, Амур", "event_name": "Рекордный подъём Амура у Благовещенска, июнь 2021", "date_peak": "2021-07-01"}, "geometry": {"type": "Polygon", "coordinates": [[[128.54058997021065, 49.63957871375318], [128.5405942011706, 49.63912899741525], [128.54017871409974, 49.639127348062885], [128.54018040798442, 49.638947461528225], [128.53934774007283, 49.639124044885364], [128.53935028548477, 49.63885421511257], [128.53851931620238, 49.638850906002716], [128.53852186616726, 49.638581076248556], [128.53561349095924, 49.638569447510505], [128.5356160569547, 49.63829961785387], [128.53644701651606, 49.63830294777337], [128.53644957788185, 49.63803311807243], [128.53769686211095, 49.637948158470586], [128.53769856506713, 49.63776827196188], [128.53797554863817, 49.63776937760708], [128.53798065434364, 49.63722971802603], [128.54019649904112, 49.63723853916666], [128.54019903959406, 49.63696870927338], [128.53936810229553, 49.63696540634639], [128.53937064740097, 49.63669557647172], [128.53853971484645, 49.63669226761283], [128.53854226450423, 49.636422437756764], [128.53757284874044, 49.636418569921254], [128.53757455206144, 49.636238683367914], [128.53563658352797, 49.63614098014214], [128.5356391491758, 49.63587115037085], [128.53231547774644, 49.6358577721991], [128.53231289373656, 49.63612760184355], [128.53023558887998, 49.63611919195695], [128.53024337522123, 49.63530970322457], [128.53149232584482, 49.63504492383433], [128.53149491428937, 49.634775094170756], [128.53398761207902, 49.63478515425163], [128.5339850374052, 49.635054984010594], [128.53481594156904, 49.63505832547698], [128.53481337144675, 49.63532815525488], [128.53772155330321, 49.635339803540184], [128.53771899920852, 49.63560963341577], [128.53841142756352, 49.635612396076844], [128.5386841509514, 49.636063216473914], [128.54103758470288, 49.63616251638709], [128.54103504885526, 49.63643234634984], [128.54228144154658, 49.63643728052074], [128.54227891254683, 49.63670711051753], [128.54297135690456, 49.63670984595199], [128.54310732134172, 49.6369802225571], [128.5457386254801, 49.636990576391916], [128.54684904725463, 49.63672508785697], [128.54685155100557, 49.63645525768974], [128.55017526984275, 49.63646821869418], [128.55017775519352, 49.63619838839133], [128.5529466840734, 49.636299059712876], [128.5529409205399, 49.636928663960475], [128.55141670798344, 49.63701271513191], [128.55141422940673, 49.63728254544241], [128.55016781356602, 49.63727770952632], [128.55016532806562, 49.63754753977823], [128.54767248362262, 49.637537827601356], [128.54766998431188, 49.637807657748446], [128.54683903187382, 49.63780440839854], [128.5468365279344, 49.638074238502085], [128.54642104947638, 49.63807261157541], [128.5464160368933, 49.63861227171347], [128.5439231393919, 49.638602478659266], [128.54392061927, 49.63887230861634], [128.5430896491481, 49.63886903230664], [128.54308459960788, 49.63940869212044], [128.54058997021065, 49.63957871375318]]]}}, {"id": "9", "type": "Feature", "properties": {"contour_id": "water_peak_0010", "area_ha": 23.41, "pair_id": "flood_2021_06_amur__poyarkovo", "layer": "water_peak", "aoi_name": "Поярково — Михайловский район, Амур", "event_name": "Рекордный подъём Амура у Благовещенска, июнь 2021", "date_peak": "2021-07-01"}, "geometry": {"type": "Polygon", "coordinates": [[[128.90775367387064, 49.49509856982102], [128.90775468814945, 49.49455887999811], [128.9069261385901, 49.49455821637327], [128.90692716194843, 49.494018526512306], [128.9060986215298, 49.49401785696613], [128.90609896567898, 49.49383796033877], [128.90513233877246, 49.49383717170673], [128.9051314695362, 49.49428691325208], [128.9036124705659, 49.494285657635146], [128.90361335372, 49.49383591610961], [128.90278481646362, 49.493835222832125], [128.90278356941346, 49.49446486094271], [128.90112647374093, 49.49446345655507], [128.90112774204746, 49.49383381847553], [128.89795187011993, 49.49374111215399], [128.89767625413376, 49.493471023317426], [128.8976773791524, 49.49293133350324], [128.8969871330503, 49.492840772459644], [128.89698845437883, 49.4922111342828], [128.89615994471492, 49.49221039357641], [128.8961586127591, 49.492840031736876], [128.89533009250226, 49.492839285080436], [128.89533105149494, 49.49238954355607], [128.89367461076003, 49.492118187548854], [128.89367519524424, 49.491848342619015], [128.89326094351358, 49.491847961145254], [128.89326153026616, 49.49157811620636], [128.89243342558527, 49.4913974521879], [128.89243421397282, 49.4910376589148], [128.89160572423617, 49.4910368856057], [128.89160751171258, 49.49022735068089], [128.89133135302902, 49.490227091600055], [128.8913323485666, 49.48977734993002], [128.89367987080206, 49.489689582724516], [128.89354023248217, 49.49040904245935], [128.89436871167504, 49.49040980190731], [128.89450833785708, 49.48969034116446], [128.89492257139764, 49.48969071815955], [128.89464602963645, 49.489870363688695], [128.89547449976794, 49.48987111521155], [128.89547162691622, 49.49122034027584], [128.89864714526524, 49.49140306295331], [128.89864584524977, 49.49203270125112], [128.900992918229, 49.49221463071731], [128.90099164826552, 49.492844268971446], [128.90955286240617, 49.49294122764182], [128.90941079130099, 49.49509987929341], [128.90775367387064, 49.49509856982102]]]}}, {"id": "10", "type": "Feature", "properties": {"contour_id": "water_peak_0011", "area_ha": 20.47, "pair_id": "flood_2021_06_amur__poyarkovo", "layer": "water_peak", "aoi_name": "Поярково — Михайловский район, Амур", "event_name": "Рекордный подъём Амура у Благовещенска, июнь 2021", "date_peak": "2021-07-01"}, "geometry": {"type": "Polygon", "coordinates": [[[128.86332737678654, 49.530404250163045], [128.86332963371933, 49.52959472163142], [128.86250049345838, 49.52959373932753], [128.86250125031057, 49.52932389646766], [128.86084297905325, 49.529321914054734], [128.8608437450217, 49.52905207120097], [128.85918548307617, 49.529050065042064], [128.8591862581606, 49.52878022219465], [128.85794256866922, 49.52877870199424], [128.8579433505875, 49.52850885914857], [128.85877247233972, 49.52850987409118], [128.85877324968268, 49.528240031223234], [128.86250427760567, 49.52824452490151], [128.86250503440098, 49.52797468197832], [128.86333414727963, 49.52797566422636], [128.86333565170932, 49.52743597832338], [128.86457930742168, 49.52743744052841], [128.86458005277456, 49.52716759754408], [128.86637643464954, 49.52716968599978], [128.86637594434035, 49.527349581337276], [128.86706661914783, 49.52744032483763], [128.86706735081071, 49.52717048182597], [128.86858760756905, 49.527082270442754], [128.8687269947616, 49.52663268887934], [128.8691415399534, 49.52663315844508], [128.8691422601754, 49.52636331537306], [128.87038612676088, 49.526274767448044], [128.87038731569334, 49.52582502893739], [128.87080185408357, 49.52582549254925], [128.87080256514727, 49.52555564942159], [128.8716316373969, 49.525556572181166], [128.8716330503666, 49.525016885870386], [128.87329117674156, 49.52501871353348], [128.873291874085, 49.52474887034177], [128.8745354621323, 49.52475022548278], [128.87453408112313, 49.525289911879206], [128.8753631489988, 49.525290807898145], [128.8753624630415, 49.525560651085854], [128.87702128487348, 49.525292582114766], [128.87701993120024, 49.525832268511145], [128.87619085411663, 49.525831384356295], [128.87619017270174, 49.526101227527136], [128.87411746876495, 49.52609899112897], [128.87411677593215, 49.526368834265945], [128.8728731468501, 49.52636747459239], [128.8728738465275, 49.526097631468296], [128.87245930580266, 49.52609717527779], [128.87246000775107, 49.52582733214535], [128.8716309308961, 49.52582641531756], [128.8716281047868, 49.52690578773659], [128.87079900972188, 49.5269048649333], [128.87079758747691, 49.52744455104936], [128.8699684833281, 49.52744362228771], [128.8699670519135, 49.52798330833554], [128.86955249529177, 49.527982841718064], [128.86955177728657, 49.52825268471857], [128.86872265951197, 49.52825174701897], [128.86872193693236, 49.52852158999792], [128.86623457017933, 49.5285187412259], [128.86623236130157, 49.529328270005855], [128.86540322544747, 49.52932730850568], [128.86540174367917, 49.52986699427745], [128.86457259874172, 49.52986602681767], [128.86457110780074, 49.530405712520476], [128.86332737678654, 49.530404250163045]], [[128.87094050708603, 49.5256457513385], [128.87107844953178, 49.525735853089955], [128.87107868604602, 49.52564590537977], [128.87094050708603, 49.5256457513385]], [[128.87301458937688, 49.52510835829985], [128.87329071184007, 49.52519860898757], [128.87329094429137, 49.525108661261214], [128.87301458937688, 49.52510835829985]]]}}, {"id": "11", "type": "Feature", "properties": {"contour_id": "water_peak_0012", "area_ha": 19.34, "pair_id": "flood_2021_06_amur__poyarkovo", "layer": "water_peak", "aoi_name": "Поярково — Михайловский район, Амур", "event_name": "Рекордный подъём Амура у Благовещенска, июнь 2021", "date_peak": "2021-07-01"}, "geometry": {"type": "Polygon", "coordinates": [[[128.74635859936615, 49.541540408414704], [128.74636139280335, 49.541000727540975], [128.74553206536027, 49.54099890678059], [128.74553486784677, 49.54045922589066], [128.74470554962116, 49.54045739922131], [128.74470836115637, 49.53991771831529], [128.74387905214823, 49.53991588573721], [128.74388610344778, 49.53856668333706], [128.74305681735564, 49.53856484490276], [128.74305964685908, 49.538025163888776], [128.742230369984, 49.53802331954637], [128.74223462777718, 49.53721379798273], [128.74140536468488, 49.53721194774996], [128.741409635983, 49.53640242612481], [128.74099501131732, 49.53640149880625], [128.74099786330785, 49.53586181767697], [128.7401686231718, 49.535859958618126], [128.74017434515662, 49.53478059627788], [128.7393451233675, 49.534778731347224], [128.73935086326827, 49.533699368874764], [128.73852165982524, 49.53369749807276], [128.73852022031755, 49.533967338692186], [128.73810561634605, 49.53396640105403], [128.73810657754188, 49.533786507315085], [128.73769245646878, 49.53369562132873], [128.73769390051962, 49.53342578071441], [128.7374175009417, 49.533425153818555], [128.73741991018082, 49.5329754194431], [128.73659168583458, 49.53279364107582], [128.73659506928476, 49.532164012912915], [128.73604228441687, 49.53216275323493], [128.7360471278542, 49.53126328435081], [128.73521796583955, 49.53126138994224], [128.73522233841803, 49.53045186787989], [128.73439416488327, 49.53027007378868], [128.73439757625633, 49.52964044546133], [128.73495033260863, 49.52964171294951], [128.73577510395657, 49.530453131443196], [128.7368806351501, 49.53045565064798], [128.7368791867739, 49.53072549138396], [128.73770833983468, 49.5307273738738], [128.73770689600082, 49.53099721461494], [128.73687773837594, 49.53099533210725], [128.73687484151472, 49.531535013515786], [128.737704008268, 49.531536896059144], [128.7377011204484, 49.532076577452635], [128.73853029641717, 49.53207845408998], [128.73852741763972, 49.53261813546829], [128.73935660282396, 49.53262000619939], [128.73935229818954, 49.533429528224936], [128.74018149715403, 49.53343139306723], [128.74018006679754, 49.53370123373472], [128.7405946685944, 49.53370216393643], [128.74059324049887, 49.53397200460006], [128.74142244872186, 49.53397386056453], [128.7414196015963, 49.53451354188893], [128.74307803655864, 49.53451723606158], [128.7430766220939, 49.534787076739754], [128.74224740000503, 49.534785232607064], [128.7422459809539, 49.53505507325508], [128.74307520760794, 49.53505691740524], [128.7430723785722, 49.5355965986982], [128.7422431427877, 49.53559475451307], [128.74224172367258, 49.535864595123044], [128.74389879445175, 49.53613811821794], [128.74389456430782, 49.536947640038434], [128.74472382308954, 49.53694947242549], [128.74471820086416, 49.53802883474476], [128.74554747799357, 49.53803066125832], [128.74554187369446, 49.539110023443925], [128.7463711691724, 49.53911184408354], [128.74636558280176, 49.5401912061353], [128.74719489662903, 49.540193020900524], [128.74718793602673, 49.54154222326591], [128.74635859936615, 49.541540408414704]], [[128.74223746619936, 49.536674116876895], [128.74306672024562, 49.53667596113193], [128.74306813485916, 49.536406120542516], [128.7422388853784, 49.536404276304964], [128.74223746619936, 49.536674116876895]], [[128.74141533074754, 49.535323063780375], [128.74224456188148, 49.53532491389042], [128.7422459809539, 49.53505507325508], [128.7414167543852, 49.53505322316258], [128.74141533074754, 49.535323063780375]], [[128.73728894282254, 49.53162590242963], [128.73756485069907, 49.531716476516024], [128.73756533225227, 49.53162652961597], [128.73728894282254, 49.53162590242963]], [[128.73660086920904, 49.531084650187324], [128.73673857932903, 49.53117491158482], [128.73673906238918, 49.53108496468228], [128.73660086920904, 49.531084650187324]]]}}, {"id": "12", "type": "Feature", "properties": {"contour_id": "water_peak_0013", "area_ha": 18.02, "pair_id": "flood_2021_06_amur__poyarkovo", "layer": "water_peak", "aoi_name": "Поярково — Михайловский район, Амур", "event_name": "Рекордный подъём Амура у Благовещенска, июнь 2021", "date_peak": "2021-07-01"}, "geometry": {"type": "Polygon", "coordinates": [[[128.8347334195268, 49.52685897309271], [128.8347352387233, 49.5263192877957], [128.83307798993965, 49.52604706492293], [128.83294164897333, 49.525507180175794], [128.83142168741705, 49.52550497567316], [128.83142354297917, 49.52496529034017], [128.8310090126045, 49.52496468565838], [128.831009942646, 49.52469484297863], [128.83018088650132, 49.52469362917132], [128.83018182109146, 49.524423786490395], [128.83142539848552, 49.52442560495653], [128.83142447073934, 49.524695447654686], [128.83308258325164, 49.52469785150824], [128.83308166461686, 49.52496769421651], [128.8347397864754, 49.52497007433157], [128.8347406959848, 49.52470023160074], [128.83391163959075, 49.524699044524624], [128.83391346769378, 49.5241593590475], [128.83308442047982, 49.524158166053724], [128.83308625765275, 49.52361848054855], [128.8322572196189, 49.523617281637335], [128.83225906586128, 49.5230775961042], [128.8314300370075, 49.52307639127581], [128.83143189231873, 49.522536705714856], [128.83060287264504, 49.52253549496946], [128.8306038048418, 49.52226565218146], [128.830189297307, 49.522265044587094], [128.83019023177076, 49.521995201792194], [128.82936122130525, 49.52199398216018], [128.82936403829785, 49.52118445373415], [128.82853504157436, 49.52118322819729], [128.82853881561346, 49.52010385683171], [128.82770983719314, 49.520102625402], [128.82771268125774, 49.51929309677982], [128.8285416459939, 49.51929432817454], [128.82853975908776, 49.51983401395865], [128.8301967726239, 49.52010630187324], [128.83019490387892, 49.52064598762769], [128.8314383854689, 49.52064780585261], [128.8314356027739, 49.521457334440996], [128.83226460425547, 49.521458539200914], [128.83226091204816, 49.522537910520434], [128.83308993183306, 49.5225391093862], [128.83308717621856, 49.52334863777696], [128.83474433388582, 49.52362086055084], [128.8347470621681, 49.52281133213042], [128.83557608667996, 49.52281251318794], [128.83557427696323, 49.52335219883659], [128.83640331065396, 49.52335337397649], [128.83640241033754, 49.523623216792956], [128.8368169294844, 49.52362380214095], [128.83681423529774, 49.524433330531004], [128.8384714504306, 49.52470549993243], [128.83846878345855, 49.52551502823666], [128.83929785383813, 49.52551618267411], [128.83929696938364, 49.525786025427806], [128.83846789444115, 49.525784870979415], [128.83846611636628, 49.526324556426914], [128.8376370323512, 49.526323396016046], [128.83763613873066, 49.52659323870981], [128.83556341752086, 49.52659031166473], [128.83556251247893, 49.52686015431809], [128.8347334195268, 49.52685897309271]], [[128.8368079483899, 49.526322229664565], [128.8376370323512, 49.526323396016046], [128.8376397131324, 49.525513867858784], [128.83681064285992, 49.52551270154046], [128.8368079483899, 49.526322229664565]], [[128.83487887205584, 49.52470042886924], [128.83557005407945, 49.52461146515311], [128.8355730704552, 49.52371198924087], [128.83474403073578, 49.52371080814607], [128.83487887205584, 49.52470042886924]]]}}, {"id": "13", "type": "Feature", "properties": {"contour_id": "water_peak_0014", "area_ha": 17.94, "pair_id": "flood_2021_06_amur__poyarkovo", "layer": "water_peak", "aoi_name": "Поярково — Михайловский район, Амур", "event_name": "Рекордный подъём Амура у Благовещенска, июнь 2021", "date_peak": "2021-07-01"}, "geometry": {"type": "Polygon", "coordinates": [[[128.6210130023067, 49.55630901926565], [128.62104431976704, 49.55226147080153], [128.62021481173565, 49.552258751473055], [128.62021690388457, 49.551988914832826], [128.618559998594, 49.55171362178919], [128.61856420101108, 49.55117394854861], [128.61690733268412, 49.55089863189193], [128.61691155318738, 49.550358958678906], [128.61649681546345, 49.55035758498473], [128.61649892795194, 49.550087748372164], [128.61566945716822, 49.550084996550886], [128.61567157419364, 49.549815159951685], [128.61484422966825, 49.5495425656255], [128.6148484726971, 49.549002892415785], [128.61402114647785, 49.548730292211005], [128.61402327248098, 49.54846045560054], [128.61485271559843, 49.548463219155195], [128.61485483700127, 49.548193382505836], [128.61609899506405, 49.548197516651925], [128.616109567339, 49.54684833301845], [128.6169389833659, 49.546851081554514], [128.61693265380043, 49.54766059185089], [128.61776208365836, 49.547663334520344], [128.61775997830793, 49.54793317128637], [128.61927851141084, 49.54820802092216], [128.6192750163293, 49.548657748895245], [128.62024200721865, 49.5487508741585], [128.62023573180963, 49.549560384498726], [128.62092695041878, 49.549562650803914], [128.62105058241173, 49.55145196076543], [128.62174182777736, 49.551454222266315], [128.62186966180937, 49.55280385752954], [128.62228442050423, 49.552805212016956], [128.62228233968472, 49.55307504868334], [128.62186757870512, 49.553073694183105], [128.6218425790114, 49.556311733034164], [128.6210130023067, 49.55630901926565]]]}}, {"id": "14", "type": "Feature", "properties": {"contour_id": "water_peak_0015", "area_ha": 15.9, "pair_id": "flood_2021_06_amur__poyarkovo", "layer": "water_peak", "aoi_name": "Поярково — Михайловский район, Амур", "event_name": "Рекордный подъём Амура у Благовещенска, июнь 2021", "date_peak": "2021-07-01"}, "geometry": {"type": "Polygon", "coordinates": [[[128.62317413566282, 49.544982646933235], [128.62317828625945, 49.54444297277366], [128.62234891039682, 49.544440269052615], [128.62235099021566, 49.544170431979374], [128.61986287708103, 49.54416228522894], [128.61959061012783, 49.54362170271919], [128.6198670640282, 49.543622611198714], [128.61987125084949, 49.543082937117624], [128.62152995627673, 49.54308837402253], [128.62153412470445, 49.54254869978753], [128.62319488739837, 49.54228427562675], [128.62320111231085, 49.541474763986876], [128.6223717866849, 49.54147206054767], [128.62237386615993, 49.541202223334565], [128.62320318721927, 49.54120492674817], [128.62320941175756, 49.540395414955725], [128.62445337303149, 49.54039945881725], [128.62445957674112, 49.53958994679543], [128.6252888707139, 49.539592635197614], [128.62529574817646, 49.53869317717646], [128.62598681389852, 49.53869541290114], [128.62613463361532, 49.53743661796531], [128.62696389130906, 49.53743929427843], [128.62696799906985, 49.5368996191777], [128.62779724775604, 49.53690228949758], [128.62779929702472, 49.536632451902854], [128.62904316343676, 49.53663644620258], [128.62904520582666, 49.53636660855729], [128.62987444568952, 49.536369263970506], [128.62987037000985, 49.536908939298705], [128.6290411210162, 49.53690628383515], [128.62903907856494, 49.53717612145502], [128.62862377024658, 49.53726473734845], [128.62862036227122, 49.537714466658585], [128.6277910997652, 49.53771180220549], [128.62778495149715, 49.538521314799], [128.6269556754171, 49.538518644327276], [128.626949513174, 49.53932815673044], [128.62612022351954, 49.539325480239796], [128.62611816481066, 49.53959531765671], [128.6269474590312, 49.53959799417274], [128.6269419811662, 49.54031756062337], [128.6261119884984, 49.54040482983123], [128.62596553196332, 49.54148373252583], [128.62568702869626, 49.54175267594619], [128.62527236339778, 49.54175133387202], [128.6251272604672, 49.54265034371048], [128.6244354496324, 49.542738048459775], [128.6242923973975, 49.54336721988062], [128.62359850208267, 49.5437247567458], [128.62359090123854, 49.544714159504075], [128.62345059735637, 49.54498354686972], [128.62317413566282, 49.544982646933235]]]}}, {"id": "15", "type": "Feature", "properties": {"contour_id": "water_peak_0016", "area_ha": 15.5, "pair_id": "flood_2021_06_amur__poyarkovo", "layer": "water_peak", "aoi_name": "Поярково — Михайловский район, Амур", "event_name": "Рекордный подъём Амура у Благовещенска, июнь 2021", "date_peak": "2021-07-01"}, "geometry": {"type": "Polygon", "coordinates": [[[128.56554325168378, 49.49674817150114], [128.5655480289137, 49.49620849666639], [128.5647202720462, 49.49611543632084], [128.5648647437193, 49.49539638935069], [128.56403620292687, 49.49539326994978], [128.56404339323046, 49.49458375764988], [128.5655599713607, 49.494859309356606], [128.5655623597425, 49.49458947185642], [128.56514809610042, 49.49458791541432], [128.56515048672358, 49.494318077916155], [128.5659790094891, 49.49432118928749], [128.56598616748005, 49.49351167662813], [128.56640042208497, 49.49351323004459], [128.56640439481208, 49.49306350071532], [128.5657147726143, 49.49297096504279], [128.56572193462185, 49.49216145222181], [128.5648942456146, 49.49206839324233], [128.56490062368437, 49.49134882626142], [128.56434910693525, 49.491256801743106], [128.56435070342866, 49.49107690999403], [128.5651791714016, 49.49108002694452], [128.56518395167873, 49.49054035160425], [128.565736257669, 49.49054242623592], [128.56574103173125, 49.490002750805374], [128.56601718171464, 49.490003787112784], [128.56601241068802, 49.49054346256296], [128.5668408698406, 49.49054656758894], [128.56683848882713, 49.49081640532433], [128.56725272073388, 49.49081795562723], [128.56709639944077, 49.49288619464766], [128.56875181674238, 49.493072275251386], [128.5688788402953, 49.49433203236071], [128.5692931019817, 49.49433357543765], [128.5692907341312, 49.49460341308263], [128.56956612134138, 49.4946943868683], [128.5705327392213, 49.49469797935031], [128.57052644296655, 49.49541754644676], [128.57094071390426, 49.49541908364841], [128.57093835502113, 49.49568892130078], [128.5701098086263, 49.4956858453849], [128.57010744515287, 49.49595568299541], [128.56969316973127, 49.495954142797686], [128.56969711262965, 49.495504413464104], [128.56928363036624, 49.495412925941174], [128.56927889434516, 49.495952601116514], [128.56886461899464, 49.495951057951864], [128.56886224865326, 49.496220895505814], [128.56761941598302, 49.49621625706714], [128.5676170387735, 49.4964860945644], [128.56678847928342, 49.496482994825186], [128.56678609748317, 49.49675283228034], [128.56554325168378, 49.49674817150114]]]}}, {"id": "16", "type": "Feature", "properties": {"contour_id": "water_peak_0017", "area_ha": 13.19, "pair_id": "flood_2021_06_amur__poyarkovo", "layer": "water_peak", "aoi_name": "Поярково — Михайловский район, Амур", "event_name": "Рекордный подъём Амура у Благовещенска, июнь 2021", "date_peak": "2021-07-01"}, "geometry": {"type": "Polygon", "coordinates": [[[128.63449563450763, 49.52828862237656], [128.63463649980292, 49.52792927451887], [128.6351892315636, 49.52793101852595], [128.63519391669774, 49.52730139594737], [128.6336745960851, 49.52720664760771], [128.6336786284942, 49.52666697113923], [128.6328495523894, 49.52666434336348], [128.63286369680537, 49.52477547549765], [128.63369274097192, 49.5247781030991], [128.63369878872228, 49.5239685880341], [128.6353548432829, 49.524243663685475], [128.63535283649065, 49.524513502090095], [128.63576735645904, 49.52451480771096], [128.6357653519178, 49.52478464611524], [128.6363180482974, 49.524786384649516], [128.63631471239782, 49.52523611532254], [128.6374194502939, 49.5253295306672], [128.63741745478742, 49.525599369082705], [128.63824651330447, 49.525601964087855], [128.63824452233064, 49.52587180251523], [128.6407317122865, 49.52587955196296], [128.64073368957244, 49.52560971346216], [128.641977278108, 49.52561356810115], [128.64197924852036, 49.5253437295511], [128.64280830312958, 49.5253462918609], [128.64280437140042, 49.52588596899683], [128.64197530766597, 49.52588340663847], [128.6419733371944, 49.52615324516311], [128.64155880309022, 49.52615196174417], [128.64155683030762, 49.52642180024392], [128.64072775762548, 49.52641922892646], [128.6407257802504, 49.526689067389135], [128.6382385492296, 49.52668131772111], [128.63823655813613, 49.52695115609766], [128.6374074768053, 49.52694856096955], [128.6374054811189, 49.527218399308786], [128.63616185250316, 49.52721449544127], [128.63615984994223, 49.527484333730804], [128.63533075978577, 49.52748172370208], [128.63532473823295, 49.52829123842023], [128.63449563450763, 49.52828862237656]], [[128.6378313196159, 49.52569061346759], [128.6381070090571, 49.52578142428312], [128.63810767296854, 49.52569147814202], [128.6378313196159, 49.52569061346759]]]}}, {"id": "17", "type": "Feature", "properties": {"contour_id": "water_peak_0018", "area_ha": 12.26, "pair_id": "flood_2021_06_amur__poyarkovo", "layer": "water_peak", "aoi_name": "Поярково — Михайловский район, Амур", "event_name": "Рекордный подъём Амура у Благовещенска, июнь 2021", "date_peak": "2021-07-01"}, "geometry": {"type": "Polygon", "coordinates": [[[128.48990988480202, 49.611932708541055], [128.48991270067955, 49.61166287946889], [128.49088255538263, 49.61157720176463], [128.4906075968635, 49.6113960978512], [128.4937939623797, 49.61114023365238], [128.49407917160485, 49.61033195596874], [128.49560171645635, 49.61033860007029], [128.49574755232425, 49.60961965801778], [128.49644053472903, 49.60953272739131], [128.4964562851943, 49.60800369363288], [128.49742605619005, 49.60791796078698], [128.49742975483875, 49.60755818801951], [128.49701546419237, 49.607466441418666], [128.49812455181802, 49.607291360776316], [128.49812916858968, 49.606841644716376], [128.4984059752926, 49.606842844478045], [128.49854068829825, 49.60720321698421], [128.49978632789782, 49.60720860629994], [128.50130969430776, 49.60712523178561], [128.50145085024403, 49.60685599817278], [128.50352690262463, 49.606864920683506], [128.503524162365, 49.60713475054437], [128.50269373670582, 49.60713118597394], [128.50269099182194, 49.607401015788255], [128.50186056174485, 49.60739744522705], [128.50185506268681, 49.607937104749716], [128.50102462360886, 49.60793352816372], [128.50102186943448, 49.608203357872014], [128.50060664766602, 49.60820156732813], [128.50060113460958, 49.6087412266725], [128.49977068203034, 49.6087376410489], [128.49976515964096, 49.60927730027426], [128.49893469806088, 49.60927370862531], [128.49879075456295, 49.60981276853281], [128.49726545025158, 49.61007599589072], [128.49726267511846, 49.61034582534367], [128.49643219570376, 49.61034221568577], [128.49642941594502, 49.61061204509174], [128.49601417400845, 49.61061023801156], [128.4960113919159, 49.61088006738765], [128.49434762411823, 49.61114265339886], [128.49434483277378, 49.611412482680755], [128.49268383861437, 49.61140521542877], [128.4926810380597, 49.61167504462902], [128.4918505366485, 49.611671402031796], [128.49184773146746, 49.611941231184765], [128.48990988480202, 49.611932708541055]]]}}, {"id": "18", "type": "Feature", "properties": {"contour_id": "water_peak_0019", "area_ha": 11.76, "pair_id": "flood_2021_06_amur__poyarkovo", "layer": "water_peak", "aoi_name": "Поярково — Михайловский район, Амур", "event_name": "Рекордный подъём Амура у Благовещенска, июнь 2021", "date_peak": "2021-07-01"}, "geometry": {"type": "Polygon", "coordinates": [[[128.46687082430537, 49.61749556877531], [128.4668737679412, 49.61722574095276], [128.4661835726009, 49.617042666122], [128.4643819914848, 49.61721423892253], [128.4642544057001, 49.616224229978506], [128.46231738730646, 49.61612530231293], [128.46522439424257, 49.61613876776422], [128.4652214416134, 49.61640859556521], [128.46605202000939, 49.61641242946625], [128.4660490719211, 49.61668225729081], [128.46771023841586, 49.61668990728911], [128.46771611620676, 49.61615025148215], [128.46688554204144, 49.61614642953489], [128.46689142882582, 49.61560677374932], [128.46869098653846, 49.615615046947035], [128.46868609745465, 49.61606476023595], [128.4692398127816, 49.6160673002478], [128.46924176639197, 49.61588741492044], [128.46979547975945, 49.61588995226794], [128.46979840708147, 49.61562012424221], [128.47062897269436, 49.61562392526186], [128.47090874910228, 49.61535536285774], [128.47229301797026, 49.61536168127887], [128.47229690259903, 49.6150019103971], [128.47299388142974, 49.61455534967701], [128.4735475800408, 49.614557869029056], [128.4735504865109, 49.61428804077777], [128.47438102998842, 49.61429181480473], [128.47439553875995, 49.61294267317787], [128.4746665786623, 49.613483586516075], [128.47481079910267, 49.612944557867614], [128.47522605948902, 49.61294644106787], [128.47523378482924, 49.61222689864108], [128.4757826340546, 49.61267912126131], [128.47619885613753, 49.6125910581517], [128.4759239466234, 49.61240991955388], [128.47634305698432, 49.612052027446985], [128.47620945857696, 49.611601687076515], [128.47676312401438, 49.611604190940405], [128.47675156991247, 49.61268350492703], [128.47605947284697, 49.61268037456474], [128.47604018899494, 49.614479230557286], [128.47520867634015, 49.61456541119611], [128.47492602912007, 49.61510381240685], [128.47437232420154, 49.61510129962761], [128.47437038952887, 49.6152811851282], [128.4736763187033, 49.61545792588525], [128.47201519247886, 49.61545036163168], [128.47242950304974, 49.61554219764702], [128.4724236774304, 49.61608185392206], [128.4721458480693, 49.61617053456463], [128.4721409906808, 49.61662024806111], [128.471725699285, 49.61661835369233], [128.47172472702846, 49.616708296381375], [128.4714478656128, 49.61670703263726], [128.4714459200661, 49.61688691800312], [128.46826102483328, 49.616962279900235], [128.4679831829796, 49.61705095049716], [128.4679782871346, 49.617500663622316], [128.46687082430537, 49.61749556877531]], [[128.47061728148296, 49.616703237432304], [128.4714478656128, 49.61670703263726], [128.4714537021358, 49.61616737650561], [128.47062312717662, 49.61616358137263], [128.47061728148296, 49.616703237432304]]]}}, {"id": "19", "type": "Feature", "properties": {"contour_id": "water_peak_0020", "area_ha": 10.77, "pair_id": "flood_2021_06_amur__poyarkovo", "layer": "water_peak", "aoi_name": "Поярково — Михайловский район, Амур", "event_name": "Рекордный подъём Амура у Благовещенска, июнь 2021", "date_peak": "2021-07-01"}, "geometry": {"type": "Polygon", "coordinates": [[[128.48418936178038, 49.60309253100361], [128.4840566639673, 49.60255225575132], [128.483643390976, 49.60237051834642], [128.4835097510274, 49.601920185515574], [128.4828168542284, 49.6020070391229], [128.48281209741256, 49.60245675449032], [128.482396925618, 49.602454898787634], [128.48226329693594, 49.60200456456087], [128.4819846125519, 49.602183212414985], [128.4820103387866, 49.59975474921153], [128.48381311518608, 49.59940301301058], [128.4838178622835, 49.59895329733372], [128.48409462371797, 49.59895453117339], [128.48409652150565, 49.598774644884934], [128.49114923892023, 49.5992556002362], [128.49128481359122, 49.59952603818835], [128.4921151086438, 49.59952968419483], [128.49225068941348, 49.59980012102233], [128.49349613922226, 49.59980557742872], [128.49322216897616, 49.59953453627298], [128.4940524644218, 49.59953816838373], [128.49404408880665, 49.60034765778567], [128.49293607724172, 49.60043275675467], [128.49044889530288, 49.60006204554143], [128.4903161362434, 49.599521776987295], [128.48616466451006, 49.599503422886166], [128.48601871912763, 49.60022235376562], [128.48532585075228, 49.60030922250903], [128.4853182771656, 49.601028767576125], [128.48448606104176, 49.60120495896551], [128.48418936178038, 49.60309253100361]], [[128.48241311128626, 49.60092586649343], [128.48282731880332, 49.60101766518978], [128.48269178691123, 49.6007472175405], [128.48241311128626, 49.60092586649343]], [[128.48324152788567, 49.60110946240753], [128.48407469579826, 49.60084333685978], [128.48408323659226, 49.60003384878507], [128.48325293402186, 49.60003014514055], [128.48324152788567, 49.60110946240753]], [[128.48422162037065, 49.60003446548016], [128.48463771966965, 49.59994637143857], [128.48450502517036, 49.59940609641782], [128.4842282611624, 49.5994048635512], [128.48408703237695, 49.599674076270546], [128.48422162037065, 49.60003446548016]]]}}, {"id": "20", "type": "Feature", "properties": {"contour_id": "water_peak_0021", "area_ha": 10.35, "pair_id": "flood_2021_06_amur__poyarkovo", "layer": "water_peak", "aoi_name": "Поярково — Михайловский район, Амур", "event_name": "Рекордный подъём Амура у Благовещенска, июнь 2021", "date_peak": "2021-07-01"}, "geometry": {"type": "Polygon", "coordinates": [[[128.45768236355494, 49.62213013865659], [128.45768635668867, 49.62177036905538], [128.4572710225033, 49.62176842268693], [128.4572740195943, 49.62149859548957], [128.45602802418898, 49.62149274749985], [128.4560310281147, 49.62122292034516], [128.45713757418554, 49.62131806157391], [128.4571465673909, 49.62050857989808], [128.458117650422, 49.620333235203574], [128.45812562969311, 49.61961369570215], [128.45854094562304, 49.61961563894328], [128.45854393547415, 49.6193458115884], [128.45937456288286, 49.6193496935643], [128.45938351840834, 49.618540211312585], [128.45855290475745, 49.618536329447096], [128.45855888405472, 49.61799667462234], [128.4598047908412, 49.61800249507552], [128.45980777354384, 49.61773266758881], [128.460361506966, 49.617735250128625], [128.46035554763006, 49.61827490513825], [128.45980180809366, 49.618272322549466], [128.4597898766546, 49.61935163231749], [128.46062050433278, 49.61935550535433], [128.46061752594687, 49.6196253328011], [128.4622787910129, 49.61963306106993], [128.46227582175447, 49.619902888577215], [128.46310645914193, 49.61990674380903], [128.46310349442504, 49.62017657134007], [128.46393413657714, 49.62018042064888], [128.46393709670778, 49.619910593081336], [128.4676720284627, 49.62019766878897], [128.46766908892587, 49.62046749650723], [128.46600779402695, 49.620459845493556], [128.46600484527315, 49.62072967312653], [128.46475886768516, 49.620723919167744], [128.46476182331853, 49.62045409158931], [128.46393117640196, 49.62045024820362], [128.4639282161822, 49.62072007574562], [128.46309756485743, 49.620716226363825], [128.463090646803, 49.62134582382697], [128.46239842858387, 49.62134261138523], [128.46225503569437, 49.62179168077041], [128.46017836274595, 49.62178201597676], [128.46018134378374, 49.62151218865054], [128.45852300557164, 49.621234602804265], [128.45851403493845, 49.62204408456228], [128.45768236355494, 49.62213013865659]], [[128.45824512188074, 49.62132324982118], [128.45838157140653, 49.62150378244523], [128.45838356536518, 49.62132389760712], [128.45824512188074, 49.62132324982118]], [[128.46059667599053, 49.621514124570844], [128.46142734053853, 49.62151799194162], [128.46143328872, 49.62097833714082], [128.46226394427399, 49.620982198478536], [128.46226988310363, 49.62044254355342], [128.4614392367224, 49.6204386822889], [128.46144518454582, 49.61989902738592], [128.46061454751617, 49.61989516023512], [128.46061156904062, 49.620164987656345], [128.45978092760402, 49.62016111450935], [128.45978391066575, 49.61989128712484], [128.4593685923079, 49.619889348334894], [128.45935963610853, 49.62069883039496], [128.45977496134583, 49.62070076924004], [128.45977794449738, 49.620430941881075], [128.46060859052025, 49.6204348150648], [128.46060561195506, 49.620704642460474], [128.460190286628, 49.62070270659521], [128.46018432477672, 49.62124236131154], [128.4605996546902, 49.621244297213494], [128.46059667599053, 49.621514124570844]]]}}, {"id": "21", "type": "Feature", "properties": {"contour_id": "water_peak_0022", "area_ha": 9.83, "pair_id": "flood_2021_06_amur__poyarkovo", "layer": "water_peak", "aoi_name": "Поярково — Михайловский район, Амур", "event_name": "Рекордный подъём Амура у Благовещенска, июнь 2021", "date_peak": "2021-07-01"}, "geometry": {"type": "Polygon", "coordinates": [[[128.7031438415011, 49.556189050216254], [128.70314656739333, 49.55573931893433], [128.7027317803984, 49.5557382542104], [128.7027334181861, 49.55546841543441], [128.70190384884052, 49.555466281546835], [128.70190549117387, 49.55519644277838], [128.70024471044582, 49.55546199593206], [128.7002496647931, 49.55465247971049], [128.6994201094552, 49.554650328044495], [128.6994234213693, 49.554110650540785], [128.69859387527097, 49.55410849296932], [128.698598856665, 49.55329897667991], [128.6977693243761, 49.55329681322372], [128.69777098936058, 49.55302697445571], [128.69486764313365, 49.55301935560592], [128.69486932408682, 49.552749516897414], [128.69653004157226, 49.55248404064101], [128.6965317133359, 49.55221420186578], [128.69570219957623, 49.552212023626986], [128.6957055521669, 49.55167234607974], [128.69487604764683, 49.55167016193649], [128.69487772847367, 49.551400323164536], [128.69778097874178, 49.55140794158112], [128.69777931390746, 49.55167778042529], [128.69860881877912, 49.551679943758465], [128.69860549817426, 49.55221962144971], [128.70026287529356, 49.55249376922797], [128.70039232567132, 49.55393326766372], [128.70108361172032, 49.55393505530531], [128.70108086705972, 49.5543847866439], [128.7019104180259, 49.55438692639691], [128.7019071334826, 49.55492660399725], [128.7027366936877, 49.554928737844385], [128.70273505594923, 49.55519857664574], [128.70314983837386, 49.5551996413495], [128.70314820289587, 49.55546948014826], [128.70397777238912, 49.555471605116054], [128.7039794032968, 49.555201766297145], [128.7043941857951, 49.555202826541034], [128.70439255717255, 49.55547266536999], [128.70480679986252, 49.55556367041414], [128.7048030049611, 49.556193294312536], [128.7031438415011, 49.556189050216254]]]}}, {"id": "22", "type": "Feature", "properties": {"contour_id": "water_peak_0023", "area_ha": 9.72, "pair_id": "flood_2021_06_amur__poyarkovo", "layer": "water_peak", "aoi_name": "Поярково — Михайловский район, Амур", "event_name": "Рекордный подъём Амура у Благовещенска, июнь 2021", "date_peak": "2021-07-01"}, "geometry": {"type": "Polygon", "coordinates": [[[128.83096156195174, 49.53872664553337], [128.83096342344686, 49.53818696145292], [128.83013413908415, 49.538185747070386], [128.83013507437678, 49.53791590502267], [128.83179456017268, 49.53764848573837], [128.83179641242415, 49.53710880153372], [128.83304031176078, 49.53711060298135], [128.8330421502594, 49.536570918691886], [128.8345627587195, 49.5364831548677], [128.83470430494575, 49.53549393095581], [128.8355335439554, 49.53549511253942], [128.83553444943263, 49.5352252702913], [128.83719291848425, 49.535227615608754], [128.83719381481728, 49.53495777332573], [128.83843765989963, 49.534959516698315], [128.83843854937138, 49.534689674386115], [128.8392677749279, 49.534690829195554], [128.83926600510162, 49.5352305138292], [128.83843677041452, 49.53522935899787], [128.83843410187902, 49.53603888582051], [128.83719022940429, 49.536037142381836], [128.83718933301736, 49.536306984614214], [128.8363600802026, 49.53630581488238], [128.83635737726388, 49.53711534147027], [128.83552811080617, 49.53711416576231], [128.83552629964757, 49.53765385006865], [128.83469702411256, 49.53765266839545], [128.83469520376747, 49.53819235262874], [128.83303571527253, 49.538459813483385], [128.83303479593343, 49.538729655545794], [128.83096156195174, 49.53872664553337]], [[128.83318005362364, 49.53666106540929], [128.83331795749515, 49.53675121196145], [128.833318263402, 49.536661264576516], [128.83318005362364, 49.53666106540929]], [[128.83484220834663, 49.53558407570921], [128.83497980940842, 49.53576416770532], [128.83498041509958, 49.53558427288804], [128.83484220834663, 49.53558407570921]], [[128.8369162076727, 49.53531717379682], [128.83705411465158, 49.53540731592059], [128.83705441368738, 49.53531736849775], [128.8369162076727, 49.53531717379682]]]}}, {"id": "23", "type": "Feature", "properties": {"contour_id": "water_peak_0024", "area_ha": 9.07, "pair_id": "flood_2021_06_amur__poyarkovo", "layer": "water_peak", "aoi_name": "Поярково — Михайловский район, Амур", "event_name": "Рекордный подъём Амура у Благовещенска, июнь 2021", "date_peak": "2021-07-01"}, "geometry": {"type": "Polygon", "coordinates": [[[128.654418610838, 49.58366768957706], [128.6544205166802, 49.58339785338817], [128.65359047784577, 49.58339537216025], [128.6535962089321, 49.58258586358794], [128.65442623403482, 49.58258834474531], [128.65442813976236, 49.582318508505615], [128.65359811923673, 49.58231602737175], [128.65360002951263, 49.58204619114288], [128.65443004546128, 49.582048672253215], [128.65443385677304, 49.58150899971032], [128.65360384997828, 49.581506518647025], [128.65360512344128, 49.58132662780377], [128.65595743341638, 49.58124369653452], [128.6561014563721, 49.5804345985556], [128.654443384551, 49.580159818130824], [128.6544414790527, 49.58042965447212], [128.6537498219715, 49.58042758741106], [128.65361658403384, 49.57970760996056], [128.65444719546156, 49.579620145410104], [128.65444910087385, 49.5793503090307], [128.65680068367806, 49.5793573058574], [128.65693712042355, 49.57962755239719], [128.65652213285856, 49.57962632161903], [128.65652023885863, 49.57989615804427], [128.65707355866923, 49.57989779876674], [128.65706977668594, 49.580437471610225], [128.65734643966124, 49.580438290995055], [128.65734077104972, 49.58124780018835], [128.65817077378134, 49.581250254444846], [128.6581632335425, 49.58232959995113], [128.65733321250315, 49.58232714560159], [128.65732943305935, 49.582866818232], [128.6560843879821, 49.582863125477544], [128.65608059469278, 49.583402797987155], [128.654418610838, 49.58366768957706]], [[128.65442242249372, 49.58312801718659], [128.65525245686553, 49.58313049243877], [128.65525435807317, 49.58286065620101], [128.65442432827862, 49.5828581809723], [128.65442242249372, 49.58312801718659]], [[128.65650698006158, 49.58178501266538], [128.65733699183326, 49.58178747292037], [128.6573388814557, 49.581517636560704], [128.65650887426088, 49.58151517632905], [128.65650698006158, 49.58178501266538]], [[128.65609387070623, 49.58151394398126], [128.65650887426088, 49.58151517632905], [128.65651076843173, 49.58124533998], [128.65609576716545, 49.58124410764389], [128.65609387070623, 49.58151394398126]]]}}, {"id": "24", "type": "Feature", "properties": {"contour_id": "water_peak_0025", "area_ha": 8.9, "pair_id": "flood_2021_06_amur__poyarkovo", "layer": "water_peak", "aoi_name": "Поярково — Михайловский район, Амур", "event_name": "Рекордный подъём Амура у Благовещенска, июнь 2021", "date_peak": "2021-07-01"}, "geometry": {"type": "Polygon", "coordinates": [[[128.877068637819, 49.50640352634073], [128.87706999002876, 49.50586383812142], [128.87541182563137, 49.50613190921395], [128.8754131960524, 49.50559222100292], [128.87624193106492, 49.50559311046601], [128.8762432923293, 49.50505342218749], [128.87707201826717, 49.50505430569751], [128.87707404641424, 49.50424477315966], [128.87624533414908, 49.504243889674754], [128.87624601473524, 49.503974045478515], [128.87790410165238, 49.503705962270054], [128.8779054445444, 49.50316627378092], [128.8783197915977, 49.503166710312804], [128.87832046075005, 49.50289686604513], [128.87887269842832, 49.50298739386624], [128.87887114413854, 49.50361703047413], [128.87942361197332, 49.50361760757923], [128.8794253801983, 49.5028980228643], [128.87887292046526, 49.50289744577377], [128.87887469672086, 49.50217786098339], [128.87956548202425, 49.50208863380873], [128.87956680656777, 49.50154894513477], [128.87998113999004, 49.501549375706354], [128.87998179996848, 49.5012795313463], [128.88081046228592, 49.50128038802978], [128.88080718507905, 49.502629609744034], [128.87997849997706, 49.50262875301998], [128.87997189925068, 49.50532719541784], [128.87914316861406, 49.50532633267634], [128.8791418392341, 49.505866020987646], [128.8783130995218, 49.50586515229344], [128.8783124302589, 49.50613499642188], [128.8778980581388, 49.5061345598445], [128.87789738658688, 49.50640440395613], [128.877068637819, 49.50640352634073]]]}}, {"id": "25", "type": "Feature", "properties": {"contour_id": "water_peak_0026", "area_ha": 8.82, "pair_id": "flood_2021_06_amur__poyarkovo", "layer": "water_peak", "aoi_name": "Поярково — Михайловский район, Амур", "event_name": "Рекордный подъём Амура у Благовещенска, июнь 2021", "date_peak": "2021-07-01"}, "geometry": {"type": "Polygon", "coordinates": [[[128.7468234545307, 49.531827052786596], [128.74682484822216, 49.53155721189099], [128.74599568052923, 49.53155539470518], [128.7459984769778, 49.531015712910396], [128.74558389772707, 49.53101480210665], [128.74544850709813, 49.53047481635283], [128.74392840011984, 49.53047146227902], [128.7439340382355, 49.529392098609], [128.74310490735004, 49.52939026076692], [128.74310773540813, 49.52885057889065], [128.742278613735, 49.528848735142354], [128.74228286935326, 49.52803921228527], [128.74159194609948, 49.52803767133387], [128.74159479067728, 49.52749798939493], [128.74311339126933, 49.52777121498595], [128.7431119773359, 49.528041055981156], [128.74394108540352, 49.52804289373618], [128.74393685716626, 49.52885241669791], [128.74600966193162, 49.52885698522403], [128.7460068658192, 49.529396667221704], [128.7451777347225, 49.52939484423249], [128.74517913735286, 49.52912500325726], [128.74476457411794, 49.529124089543394], [128.7447617642723, 49.52966377146383], [128.7460054677315, 49.52966650820152], [128.74600406962278, 49.529936349168665], [128.74766235032337, 49.52993997739239], [128.74766096132146, 49.53020981838122], [128.74849010636103, 49.5302116235983], [128.74848872190225, 49.53048146459156], [128.75014702135874, 49.530485057235765], [128.74973198725468, 49.53057410830619], [128.7498651304775, 49.5315638240719], [128.74765401599885, 49.5315590231352], [128.7476526268717, 49.53182886404797], [128.7468234545307, 49.531827052786596]]]}}, {"id": "26", "type": "Feature", "properties": {"contour_id": "water_peak_0027", "area_ha": 8.82, "pair_id": "flood_2021_06_amur__poyarkovo", "layer": "water_peak", "aoi_name": "Поярково — Михайловский район, Амур", "event_name": "Рекордный подъём Амура у Благовещенска, июнь 2021", "date_peak": "2021-07-01"}, "geometry": {"type": "Polygon", "coordinates": [[[128.74712805324774, 49.55314535052366], [128.74713083935166, 49.5526056707059], [128.745471791519, 49.55260203364691], [128.74547459581743, 49.5520623538474], [128.7446450811666, 49.55206052643355], [128.74464930116437, 49.55125100669113], [128.74423455072474, 49.55125009078055], [128.74423736852012, 49.55071041090622], [128.7446521143905, 49.55071132679945], [128.74465492753205, 49.55017164685706], [128.74382544495063, 49.55016981361894], [128.74382967821117, 49.54936029366238], [128.74341494380562, 49.54935937483989], [128.74342483666112, 49.547470494558404], [128.74259539989387, 49.547468652576626], [128.74259965307513, 49.54665913231817], [128.74384378770088, 49.54666189298299], [128.74383673322112, 49.54801109348119], [128.74549562536856, 49.54801475373441], [128.74549282170236, 49.5485544339143], [128.74632227703972, 49.548556255157884], [128.7463138929483, 49.550175295496814], [128.74548441019803, 49.55017347414967], [128.745478802107, 49.55125283405303], [128.74630830313396, 49.55125465546921], [128.74631249552624, 49.55044513550894], [128.7471419829296, 49.55044695092779], [128.74713641130813, 49.55152631091826], [128.74630690562785, 49.5515244954306], [128.7463041105526, 49.55206417531536], [128.7479645286839, 49.55179796044324], [128.74795758642927, 49.55314716016844], [128.74712805324774, 49.55314535052366]], [[128.7446563340711, 49.54990180686684], [128.7454858121681, 49.549903634142154], [128.74549282170236, 49.5485544339143], [128.7446633664493, 49.54855260672557], [128.7446563340711, 49.54990180686684]]]}}, {"id": "27", "type": "Feature", "properties": {"contour_id": "water_peak_0028", "area_ha": 8.66, "pair_id": "flood_2021_06_amur__poyarkovo", "layer": "water_peak", "aoi_name": "Поярково — Михайловский район, Амур", "event_name": "Рекордный подъём Амура у Благовещенска, июнь 2021", "date_peak": "2021-07-01"}, "geometry": {"type": "Polygon", "coordinates": [[[128.43585749178558, 49.6057453895957], [128.43586060536205, 49.60547556262279], [128.43503021698373, 49.605471512764645], [128.43503645316088, 49.60493185885724], [128.4342060741349, 49.60492780311958], [128.43420919673534, 49.604657976185145], [128.43379400958392, 49.604655946101964], [128.43379088469234, 49.60492577301716], [128.43337569529683, 49.60492374142566], [128.4333788224795, 49.60465391452972], [128.43296363542217, 49.60465188146841], [128.43282836993725, 49.604381376567396], [128.43227374593323, 49.604468605153805], [128.43186587663342, 49.60383697213946], [128.43297302356103, 49.60384240076171], [128.4329698942285, 49.604112227676715], [128.43352242876952, 49.604204880353564], [128.4339396947447, 49.60402702676165], [128.4338033839765, 49.60384646527965], [128.43421856425476, 49.60384849530511], [128.4342133601295, 49.60429820691934], [128.43587305919954, 49.60439625460329], [128.43586994581042, 49.60466608162734], [128.441267385469, 49.604692259773515], [128.44126430181774, 49.60496208703293], [128.44237147600847, 49.604967425854845], [128.44251192399582, 49.604788207586914], [128.44209776149884, 49.60469626484469], [128.44292813771403, 49.604700263959636], [128.44292506322734, 49.60497009129494], [128.44347865052842, 49.60497275408776], [128.4431998082024, 49.60515130791377], [128.444165521979, 49.605425791147795], [128.4437493042624, 49.60551373919941], [128.44374623421945, 49.605783566534214], [128.43585749178558, 49.6057453895957]]]}}, {"id": "28", "type": "Feature", "properties": {"contour_id": "water_peak_0029", "area_ha": 7.95, "pair_id": "flood_2021_06_amur__poyarkovo", "layer": "water_peak", "aoi_name": "Поярково — Михайловский район, Амур", "event_name": "Рекордный подъём Амура у Благовещенска, июнь 2021", "date_peak": "2021-07-01"}, "geometry": {"type": "Polygon", "coordinates": [[[128.81608592869043, 49.524941928051796], [128.81608694086, 49.524672085587675], [128.8152578857684, 49.524670764855784], [128.815267035671, 49.52224218222133], [128.81443802170136, 49.52224085566234], [128.8144400639689, 49.52170117051825], [128.81402556156897, 49.521700505023965], [128.81402760833694, 49.52116081984182], [128.81319861270694, 49.521159484423826], [128.81320066853672, 49.52061979921633], [128.813753326201, 49.520620690138045], [128.8137516180823, 49.521070427828555], [128.81527110189725, 49.52116281183221], [128.8151356486484, 49.520443010793464], [128.81444516936924, 49.52035195743636], [128.8144461904033, 49.52008211478198], [128.8152751678791, 49.52008344124042], [128.8152731349187, 49.52062312656165], [128.8169301009196, 49.520895604377195], [128.8169280861145, 49.521435289672354], [128.81775708658088, 49.52143659837493], [128.8177520721132, 49.522785811453176], [128.81858109544976, 49.52278711427791], [128.81857909868162, 49.52332679944522], [128.81775006622064, 49.52332549659581], [128.81774505122547, 49.52467470923071], [128.81608592869043, 49.524941928051796]], [[128.81608795301437, 49.52440224311089], [128.81691700360423, 49.52440355789007], [128.8169230488369, 49.5227845026886], [128.81609402562114, 49.52278318798417], [128.81608795301437, 49.52440224311089]], [[128.81526805225047, 49.52197233964304], [128.81609706171926, 49.52197366024979], [128.81609908570863, 49.52143397503022], [128.8152700853636, 49.521432654448496], [128.81526805225047, 49.52197233964304]]]}}, {"id": "29", "type": "Feature", "properties": {"contour_id": "water_peak_0030", "area_ha": 7.87, "pair_id": "flood_2021_06_amur__poyarkovo", "layer": "water_peak", "aoi_name": "Поярково — Михайловский район, Амур", "event_name": "Рекордный подъём Амура у Благовещенска, июнь 2021", "date_peak": "2021-07-01"}, "geometry": {"type": "Polygon", "coordinates": [[[128.52693803985366, 49.63340736368095], [128.52694065330834, 49.6331375341171], [128.5248661021187, 49.632859198721945], [128.5248687269689, 49.63258936921325], [128.52403786599285, 49.63258595648404], [128.52376529723082, 49.63213510177845], [128.52321139513612, 49.63213282202431], [128.5232149070256, 49.63177304938424], [128.5226610090809, 49.63177076700909], [128.52266540394294, 49.63132105121321], [128.52072766206865, 49.63122309902115], [128.52073295714732, 49.63068344016271], [128.5199021290911, 49.63067999785046], [128.5199153890351, 49.62933085064447], [128.52157964210912, 49.62906789943639], [128.52157435668616, 49.629607558512944], [128.52240516670494, 49.62961098877132], [128.52239989030073, 49.63015064786193], [128.5232307096562, 49.63015407222355], [128.52322544227124, 49.630693731328094], [128.52405627096337, 49.63069714979274], [128.52405364180058, 49.630966979358305], [128.5244690585006, 49.6309686863711], [128.52446380464562, 49.63150834549635], [128.52529464734278, 49.631511755115085], [128.52528678003205, 49.63232124380438], [128.52611763665544, 49.63232464755785], [128.52611240076348, 49.63286430668486], [128.528604999116, 49.63287448236463], [128.5286023948801, 49.63314431200549], [128.5277715240157, 49.63314092604251], [128.52776891515077, 49.63341075563852], [128.52693803985366, 49.63340736368095]]]}}, {"id": "30", "type": "Feature", "properties": {"contour_id": "water_peak_0031", "area_ha": 7.74, "pair_id": "flood_2021_06_amur__poyarkovo", "layer": "water_peak", "aoi_name": "Поярково — Михайловский район, Амур", "event_name": "Рекордный подъём Амура у Благовещенска, июнь 2021", "date_peak": "2021-07-01"}, "geometry": {"type": "Polygon", "coordinates": [[[128.8094408679038, 49.52816930312928], [128.8094450632489, 49.52708993421163], [128.80985961110326, 49.52709061616908], [128.80986065761851, 49.52682077390155], [128.81068974881117, 49.52682213334805], [128.81069183266837, 49.526282448749186], [128.81235102976797, 49.52601530742492], [128.81235206253157, 49.52574546506821], [128.81401123247085, 49.5254782998802], [128.81401225607786, 49.5252084574728], [128.8152558522887, 49.52521044974633], [128.81525483552588, 49.5254802921726], [128.8177420420475, 49.52548423665965], [128.81774103895805, 49.52575407911063], [128.81939819208813, 49.52602652155416], [128.81939719809455, 49.52629636400444], [128.8202262808646, 49.52629765510849], [128.82022529141918, 49.52656749755835], [128.8214689225303, 49.52656942309407], [128.8214679399147, 49.5268392655495], [128.82063884792933, 49.52683798333202], [128.82063786073573, 49.52710782576265], [128.82022331248368, 49.52710718242005], [128.82022430195886, 49.52683733999554], [128.81856711681263, 49.526564909385144], [128.81856811538424, 49.52629506695981], [128.81525280195447, 49.52601997698715], [128.81525178514588, 49.526289819375414], [128.81400816155764, 49.526287827026366], [128.81400713788915, 49.526557669383095], [128.81234793138407, 49.52682483441898], [128.8123468985584, 49.527094676725], [128.81068766489136, 49.52736181789623], [128.8106855809089, 49.52790150239375], [128.80985647146306, 49.527900142895724], [128.80985542488486, 49.5281699851126], [128.8094408679038, 49.52816930312928]]]}}, {"id": "31", "type": "Feature", "properties": {"contour_id": "water_peak_0032", "area_ha": 7.51, "pair_id": "flood_2021_06_amur__poyarkovo", "layer": "water_peak", "aoi_name": "Поярково — Михайловский район, Амур", "event_name": "Рекордный подъём Амура у Благовещенска, июнь 2021", "date_peak": "2021-07-01"}, "geometry": {"type": "Polygon", "coordinates": [[[128.42537947665838, 49.57870956606083], [128.4253868694679, 49.578079967960065], [128.42607952604044, 49.577993456919316], [128.42636354632674, 49.57736523009594], [128.42664018301755, 49.57736660086771], [128.42664966670807, 49.57655711721501], [128.4270667208249, 49.576379286789745], [128.42707725002666, 49.57547986028056], [128.42638568494738, 49.57547643481814], [128.4262558071278, 49.57475620802401], [128.42542805322978, 49.574572205837555], [128.42543650018587, 49.57385266462205], [128.42460770730497, 49.57375859926025], [128.42461933803025, 49.57276923006798], [128.42378950626642, 49.572765101558254], [128.42379585917607, 49.57222544564094], [128.42462568179195, 49.5722295740724], [128.42462885360123, 49.57195974605543], [128.42421394455636, 49.57195768260293], [128.42422346655871, 49.57114819853388], [128.42505644030672, 49.57088249574654], [128.42506277882723, 49.57034283953272], [128.4257553263504, 49.57025632992276], [128.42590100858214, 49.56962741696464], [128.4275605665344, 49.56963563737793], [128.4275553075255, 49.570085351144776], [128.42783190313213, 49.57008671892181], [128.427828749188, 49.57035654717782], [128.42838194351341, 49.570359280774795], [128.42837564158089, 49.570898937300264], [128.42865224182418, 49.57090030313313], [128.4286490923114, 49.571170131389614], [128.42961405444032, 49.57144473493337], [128.42960776585008, 49.571984391472874], [128.42836618832672, 49.57170842199247], [128.42837459124036, 49.57098888004952], [128.42754584097736, 49.57089483583553], [128.42754899654085, 49.57062500761808], [128.42713725639982, 49.57035312646344], [128.42561491733974, 49.570435529064305], [128.42560858488548, 49.57097518532164], [128.42505327097498, 49.57115232383424], [128.4250310843184, 49.5730411200899], [128.42544389099456, 49.573223065983846], [128.42543966770705, 49.57358283664277], [128.42585459061704, 49.57358489575034], [128.42584826010133, 49.57412455173513], [128.42667495445787, 49.57439849357816], [128.42666863280562, 49.57493814956414], [128.42708356729437, 49.57494020430681], [128.42707830291778, 49.57538991762182], [128.42749218913755, 49.575481913574656], [128.42746693646671, 49.57764053711353], [128.42705197905576, 49.577638483663755], [128.42662753743133, 49.578445912225504], [128.42621257325231, 49.57844385574197], [128.42620940944914, 49.578713683529934], [128.42537947665838, 49.57870956606083]]]}}, {"id": "32", "type": "Feature", "properties": {"contour_id": "water_peak_0033", "area_ha": 7.47, "pair_id": "flood_2021_06_amur__poyarkovo", "layer": "water_peak", "aoi_name": "Поярково — Михайловский район, Амур", "event_name": "Рекордный подъём Амура у Благовещенска, июнь 2021", "date_peak": "2021-07-01"}, "geometry": {"type": "Polygon", "coordinates": [[[128.68733357135565, 49.56370301419067], [128.6867856112913, 49.562892004440585], [128.68526450593276, 49.56288787773503], [128.68526855296486, 49.56225825571304], [128.68540798923848, 49.56207873966453], [128.6867907894458, 49.56208249028227], [128.68679481673786, 49.56145286808017], [128.687072522871, 49.56127372412937], [128.6870834436195, 49.55956474913395], [128.68791308124824, 49.55956698939327], [128.68791537412565, 49.55920720509052], [128.68846846187225, 49.55920869527381], [128.6884621675232, 49.560198102103854], [128.69012089537821, 49.56029250303017], [128.69025291199546, 49.561282280006154], [128.68942267463405, 49.56137000252254], [128.68941811063306, 49.5620895709381], [128.6876198958937, 49.56217467875272], [128.68761473142953, 49.562984192962084], [128.68844385471655, 49.56307637554826], [128.6881644248133, 49.56352536076931], [128.68844099307523, 49.56352610564349], [128.68843984839862, 49.56370599767172], [128.68733357135565, 49.56370301419067]]]}}, {"id": "33", "type": "Feature", "properties": {"contour_id": "water_peak_0034", "area_ha": 7.06, "pair_id": "flood_2021_06_amur__poyarkovo", "layer": "water_peak", "aoi_name": "Поярково — Михайловский район, Амур", "event_name": "Рекордный подъём Амура у Благовещенска, июнь 2021", "date_peak": "2021-07-01"}, "geometry": {"type": "Polygon", "coordinates": [[[128.54872937444648, 49.65804974878888], [128.54873686005465, 49.65724026103627], [128.5479089096152, 49.65687724608834], [128.54805411948544, 49.65615824219003], [128.5487476720028, 49.65607100074684], [128.54875349352886, 49.655441398953485], [128.55041682806035, 49.655357922737906], [128.55041434234928, 49.65562775215196], [128.55207685504087, 49.655634195247885], [128.5520595183569, 49.65752300121746], [128.5512282297656, 49.65751978243946], [128.5512232668994, 49.658059441112286], [128.54872937444648, 49.65804974878888]]]}}, {"id": "34", "type": "Feature", "properties": {"contour_id": "water_peak_0035", "area_ha": 7.01, "pair_id": "flood_2021_06_amur__poyarkovo", "layer": "water_peak", "aoi_name": "Поярково — Михайловский район, Амур", "event_name": "Рекордный подъём Амура у Благовещенска, июнь 2021", "date_peak": "2021-07-01"}, "geometry": {"type": "Polygon", "coordinates": [[[128.41829298030197, 49.58137260075702], [128.41830260341587, 49.58056311885774], [128.41788976182815, 49.58038114759354], [128.41789725143562, 49.57975155050736], [128.41748227682396, 49.57974946268372], [128.41735037751945, 49.57920911176391], [128.4162437910361, 49.579203535744085], [128.4162470098421, 49.57893370845373], [128.4155553972778, 49.57893021810214], [128.41555861984838, 49.578660390832056], [128.41459359568282, 49.57838567020712], [128.4133487074728, 49.57837936686598], [128.41335194214753, 49.57810953967643], [128.41293698179578, 49.57810743560733], [128.41293913974368, 49.57792755082048], [128.41446173184886, 49.57784531599894], [128.41625022859972, 49.57866388115058], [128.41749512469093, 49.578670153310135], [128.4174983365369, 49.578400325934744], [128.41722169444864, 49.57839893329179], [128.41722812104598, 49.577859278529], [128.41750476008397, 49.577860671145544], [128.41750797178506, 49.57759084373175], [128.4179229280947, 49.577592931397085], [128.41791971868122, 49.57786275883067], [128.41833467732675, 49.57786484502815], [128.41833040108398, 49.57822461494605], [128.4191581895169, 49.5784086679075], [128.41914537844787, 49.579487977648554], [128.4228801328279, 49.579506660766704], [128.42287695053125, 49.57977648834705], [128.4224587907101, 49.58004424592425], [128.4216288359006, 49.580040101480314], [128.4216267097351, 49.580219986478966], [128.42093294960253, 49.580396413179024], [128.4188591167468, 49.58029607105199], [128.41870903723182, 49.58128474328958], [128.41829298030197, 49.58137260075702]], [[128.41858460123646, 49.58011479672332], [128.41899851111182, 49.58020682306302], [128.41899957902737, 49.58011688060599], [128.41858460123646, 49.58011479672332]], [[128.42010618670523, 49.58012243035291], [128.42052009955347, 49.580214451261575], [128.42052116467264, 49.58012450878044], [128.42010618670523, 49.58012243035291]], [[128.41887513881144, 49.578946934101474], [128.41901132574512, 49.579127513484806], [128.4190134614424, 49.578947628535204], [128.41887513881144, 49.578946934101474]]]}}, {"id": "35", "type": "Feature", "properties": {"contour_id": "water_peak_0036", "area_ha": 6.95, "pair_id": "flood_2021_06_amur__poyarkovo", "layer": "water_peak", "aoi_name": "Поярково — Михайловский район, Амур", "event_name": "Рекордный подъём Амура у Благовещенска, июнь 2021", "date_peak": "2021-07-01"}, "geometry": {"type": "Polygon", "coordinates": [[[128.8233480831258, 49.580271007745125], [128.82348836262844, 49.579731538817825], [128.82418001921084, 49.579732591546396], [128.8241813118702, 49.57937280485629], [128.82501193698928, 49.57919416929746], [128.82501290188057, 49.578924329244735], [128.82556750049255, 49.57856537769295], [128.82557006527787, 49.577845804091005], [128.82584671727614, 49.57784622069098], [128.8258486377469, 49.57730654042255], [128.8255719887994, 49.577306123830475], [128.82543494766043, 49.57694612842061], [128.82474333041222, 49.57694508323411], [128.82474558507957, 49.57631545618781], [128.82529887175687, 49.57631629264913], [128.82502254999545, 49.57622592802124], [128.82502351472712, 49.57595608782924], [128.82543847669186, 49.575956714423434], [128.8253020824048, 49.575416825294134], [128.82212172353363, 49.575142139487106], [128.82212303111396, 49.57478235255006], [128.822538635318, 49.574603096051284], [128.82254059204442, 49.57406341557456], [128.8229545618393, 49.57433389130375], [128.8241994063795, 49.574335788831306], [128.82419843715957, 49.57460562908735], [128.8253049718503, 49.57460730455433], [128.82557872066903, 49.57541724251976], [128.82668527379022, 49.57541890481027], [128.82667954026567, 49.57703794606626], [128.82709451143978, 49.577038566733016], [128.82709196914197, 49.57775814049395], [128.82626169528555, 49.57784684435108], [128.8262588213355, 49.5786563646765], [128.82584383646167, 49.57865574099867], [128.82584191584652, 49.57919542114049], [128.8262569052968, 49.579196044830134], [128.82625626660442, 49.57937593820343], [128.82445732717102, 49.57955311813565], [128.8244557138692, 49.580002851487315], [128.82417904969932, 49.5800024315492], [128.82417808017325, 49.58027227153934], [128.8233480831258, 49.580271007745125]]]}}, {"id": "36", "type": "Feature", "properties": {"contour_id": "water_peak_0037", "area_ha": 6.95, "pair_id": "flood_2021_06_amur__poyarkovo", "layer": "water_peak", "aoi_name": "Поярково — Михайловский район, Амур", "event_name": "Рекордный подъём Амура у Благовещенска, июнь 2021", "date_peak": "2021-07-01"}, "geometry": {"type": "Polygon", "coordinates": [[[128.72826132809473, 49.51478475265275], [128.728268802733, 49.51343554605745], [128.72661258663382, 49.513161799532725], [128.7266155945251, 49.51262211685443], [128.72703001767164, 49.512623095354435], [128.7270315193037, 49.512353253986994], [128.72661709843686, 49.512352275496255], [128.72662010619257, 49.51181259274185], [128.72744893883018, 49.51181454820187], [128.72746093247767, 49.50965581652857], [128.72690840169045, 49.50965451364703], [128.72691240735682, 49.50893493627509], [128.72663614603036, 49.5089342838613], [128.72663815082936, 49.50857449514973], [128.72746692876092, 49.50857645038746], [128.72746243158224, 49.509385975012314], [128.72829122327946, 49.50938792436865], [128.7278748316476, 49.50974673913045], [128.7278713389504, 49.5103763692974], [128.72828574316796, 49.510377343267265], [128.72828076098648, 49.51127681484529], [128.7291095846856, 49.511278758393566], [128.72910064348616, 49.51289780698929], [128.72965321090598, 49.51289909946309], [128.7296482533572, 49.513798570748655], [128.72992454214827, 49.51379921601631], [128.72992057998374, 49.514518792959564], [128.72826132809473, 49.51478475265275]], [[128.72702851601704, 49.5128929367092], [128.72744294146588, 49.51289391373407], [128.72744444084074, 49.512624072370045], [128.72703001767164, 49.512623095354435], [128.72702851601704, 49.5128929367092]]]}}, {"id": "37", "type": "Feature", "properties": {"contour_id": "water_peak_0038", "area_ha": 6.51, "pair_id": "flood_2021_06_amur__poyarkovo", "layer": "water_peak", "aoi_name": "Поярково — Михайловский район, Амур", "event_name": "Рекордный подъём Амура у Благовещенска, июнь 2021", "date_peak": "2021-07-01"}, "geometry": {"type": "Polygon", "coordinates": [[[128.782153277356, 49.51166063825456], [128.78215926895126, 49.51031142549849], [128.78298807966448, 49.51031298305689], [128.78299046705882, 49.509773297836226], [128.78381926872603, 49.509774849428034], [128.78382045783752, 49.50950500678398], [128.7846492550174, 49.50950655242402], [128.78465162406945, 49.50896686706863], [128.78382283600695, 49.508965321457886], [128.7838264031271, 49.508155793373675], [128.7846551775141, 49.508157338940485], [128.78465320339797, 49.508607076803536], [128.78534385510605, 49.50860836026112], [128.78534582289103, 49.508158622377806], [128.78589833922803, 49.50815964615927], [128.78590069442717, 49.50761996063343], [128.78755822539324, 49.507623016088544], [128.78756056228883, 49.5070833304541], [128.78838931876092, 49.50708484924789], [128.78838582706584, 49.507894377723716], [128.7875570569191, 49.50789285888676], [128.78755355139137, 49.50870238720535], [128.7867247676395, 49.50870086238833], [128.78672124827787, 49.50951039054952], [128.78589245092058, 49.50950885975212], [128.78589009547375, 49.51004854510053], [128.7856138266645, 49.51004803350568], [128.78561579207445, 49.50959829572695], [128.7839581945806, 49.50959521235319], [128.78395542171833, 49.51022484516543], [128.78450796127618, 49.51022587561816], [128.78464451669973, 49.510585922982735], [128.78381570128434, 49.51058437728411], [128.78381332290056, 49.51112406245813], [128.78298449843848, 49.51112251079284], [128.78298211086482, 49.51166219588676], [128.782153277356, 49.51166063825456]]]}}, {"id": "38", "type": "Feature", "properties": {"contour_id": "water_peak_0039", "area_ha": 6.33, "pair_id": "flood_2021_06_amur__poyarkovo", "layer": "water_peak", "aoi_name": "Поярково — Михайловский район, Амур", "event_name": "Рекордный подъём Амура у Благовещенска, июнь 2021", "date_peak": "2021-07-01"}, "geometry": {"type": "Polygon", "coordinates": [[[128.46040181614939, 49.601544931056615], [128.460404793825, 49.60127510277217], [128.45860576634868, 49.60126670254134], [128.45860875390582, 49.60099687432374], [128.45875012658993, 49.600727693245304], [128.45958043772615, 49.600731572682875], [128.45958341984863, 49.60046174439682], [128.46041372658303, 49.60046561784219], [128.46042265893794, 49.59965613279722], [128.46125295210823, 49.5996600001772], [128.4612559248893, 49.599390171766665], [128.46333164714449, 49.59939981407098], [128.4633286858159, 49.599669642572906], [128.46415897961106, 49.59967348910949], [128.46415602281894, 49.59994331763512], [128.4649863213731, 49.599947158252846], [128.46498041681775, 49.60048681533858], [128.46331980156276, 49.600479128002064], [128.46330795526814, 49.60155844172874], [128.46289279240295, 49.60155651609947], [128.46289575633418, 49.60128668770522], [128.46123511448255, 49.601278970372114], [128.46123214138842, 49.60154879869321], [128.46040181614939, 49.601544931056615]]]}}, {"id": "39", "type": "Feature", "properties": {"contour_id": "water_peak_0040", "area_ha": 6.26, "pair_id": "flood_2021_06_amur__poyarkovo", "layer": "water_peak", "aoi_name": "Поярково — Михайловский район, Амур", "event_name": "Рекордный подъём Амура у Благовещенска, июнь 2021", "date_peak": "2021-07-01"}, "geometry": {"type": "Polygon", "coordinates": [[[128.74147225956992, 49.52452942917676], [128.7414736823521, 49.5242595880517], [128.74064463842097, 49.52425773272023], [128.7406460657442, 49.523987891600065], [128.73898942369075, 49.52371432205472], [128.73899086009558, 49.52344448094452], [128.73857634509176, 49.52344354513779], [128.7385777837561, 49.52317370402377], [128.73774875837557, 49.52317182797315], [128.73775020158038, 49.522901986864234], [128.73609361251127, 49.52262837589332], [128.7360965170603, 49.52208869368351], [128.73526751018883, 49.522086799885145], [128.73527042377412, 49.52154711766049], [128.73444142611382, 49.52154521795852], [128.73444581001255, 49.5207356945804], [128.73527479398797, 49.52073759422837], [128.735271880534, 49.52127727652913], [128.73610087372012, 49.52127917027366], [128.73609942152203, 49.52154901142296], [128.7377559741829, 49.52182262230173], [128.737753087925, 49.52236230460836], [128.73899660549904, 49.522365116376896], [128.73899516918055, 49.52263495753783], [128.7395478467616, 49.52263620293478], [128.7398227537885, 49.522906665809224], [128.7414793732671, 49.52318022342464], [128.74147652785234, 49.523719905763535], [128.7423055627443, 49.52372175511989], [128.74230272636876, 49.52426143744311], [128.74313177047063, 49.524263280894424], [128.74313035681337, 49.52453312205447], [128.74147225956992, 49.52452942917676]]]}}, {"id": "40", "type": "Feature", "properties": {"contour_id": "water_peak_0041", "area_ha": 6.21, "pair_id": "flood_2021_06_amur__poyarkovo", "layer": "water_peak", "aoi_name": "Поярково — Михайловский район, Амур", "event_name": "Рекордный подъём Амура у Благовещенска, июнь 2021", "date_peak": "2021-07-01"}, "geometry": {"type": "Polygon", "coordinates": [[[128.76540881740414, 49.54670761925331], [128.76541140150738, 49.54616793809863], [128.76458198542224, 49.54616625373757], [128.76458328201275, 49.54589641315718], [128.7641685762834, 49.54589556875539], [128.76417117397378, 49.5453558875726], [128.7633417717095, 49.54535419434265], [128.7633443784573, 49.54481451314125], [128.76251498540688, 49.544812813999], [128.76251760121156, 49.5442731327791], [128.761688217375, 49.54427142772478], [128.76168952981536, 49.54400158711198], [128.76003209306978, 49.54372831860999], [128.7600347361212, 49.543188637385974], [128.75920537079182, 49.54318691456413], [128.759206696855, 49.54291707394944], [128.75837733617254, 49.54291534519994], [128.75837866678293, 49.542645504588926], [128.75796398875528, 49.5426446379934], [128.75796532162923, 49.54237479737793], [128.7563079608414, 49.542101475573816], [128.75631198668424, 49.541291953712296], [128.75796932013085, 49.54156527545549], [128.75796665448314, 49.542104956749796], [128.7592106749249, 49.54210755202926], [128.7592080228982, 49.54264723332205], [128.76086541845876, 49.54292051361646], [128.76086410153007, 49.54319035426375], [128.7616934670181, 49.54319206519749], [128.76169084223602, 49.543731746486486], [128.7633482884321, 49.54400499124406], [128.7633456818018, 49.544544672521525], [128.76458976467282, 49.544547210065105], [128.76458587513523, 49.54535673195838], [128.76541527751658, 49.54535841627156], [128.76541269352987, 49.54589809750228], [128.76624210512466, 49.54589977590278], [128.76623824270317, 49.54670929770151], [128.76540881740414, 49.54670761925331]]]}}, {"id": "41", "type": "Feature", "properties": {"contour_id": "water_peak_0042", "area_ha": 6.14, "pair_id": "flood_2021_06_amur__poyarkovo", "layer": "water_peak", "aoi_name": "Поярково — Михайловский район, Амур", "event_name": "Рекордный подъём Амура у Благовещенска, июнь 2021", "date_peak": "2021-07-01"}, "geometry": {"type": "Polygon", "coordinates": [[[128.66331469930813, 49.49707403128446], [128.6633313583525, 49.49464546634378], [128.66415989619856, 49.49464787457668], [128.66416728127695, 49.493568511959246], [128.6633387616495, 49.4935661038176], [128.66333691086695, 49.493835944468195], [128.66250838679613, 49.49383353037013], [128.6622303552475, 49.49410256495958], [128.6616780029172, 49.494100950930545], [128.66168172272842, 49.49356126973364], [128.66251024213324, 49.4935636897424], [128.6625133342998, 49.493113955334614], [128.66610477713294, 49.492944479470374], [128.66624897774557, 49.492045408642895], [128.6672155543306, 49.492048193186406], [128.66693206585038, 49.49312676163457], [128.66637972423462, 49.49312517007692], [128.66623735760547, 49.49375440017558], [128.6654082215298, 49.493841953753815], [128.66540454265453, 49.49438163513078], [128.66499027591195, 49.49438043621774], [128.66498782023055, 49.494740223758996], [128.66471164039316, 49.494739423649406], [128.66470303803553, 49.49599867983059], [128.66415066422667, 49.495997077562635], [128.66414389367336, 49.4969864928838], [128.66331469930813, 49.49707403128446]]]}}, {"id": "42", "type": "Feature", "properties": {"contour_id": "water_peak_0043", "area_ha": 6.13, "pair_id": "flood_2021_06_amur__poyarkovo", "layer": "water_peak", "aoi_name": "Поярково — Михайловский район, Амур", "event_name": "Рекордный подъём Амура у Благовещенска, июнь 2021", "date_peak": "2021-07-01"}, "geometry": {"type": "Polygon", "coordinates": [[[128.83603841579043, 49.50851141304635], [128.83604202306321, 49.50743203888992], [128.8352132584567, 49.50743086143843], [128.8352153732348, 49.50680122644628], [128.83576787587597, 49.506802012056205], [128.83590750571983, 49.506352468708606], [128.83687527371964, 49.50608399236874], [128.83687617087836, 49.50581414872352], [128.8377049082446, 49.50581531423541], [128.837706693406, 49.505275626884945], [128.83853542171028, 49.505276786438536], [128.8385363097132, 49.50500694273331], [128.83895008112532, 49.50518741608708], [128.83881255097393, 49.505007327928354], [128.83977939543306, 49.5050086709169], [128.8397802765862, 49.50473882718264], [128.84060899590807, 49.50473997187398], [128.84130075909277, 49.504381129557075], [128.84074857549743, 49.50429042247243], [128.8406098724904, 49.504470128116196], [128.84061074905958, 49.50420028434578], [128.84226903707213, 49.50393271207246], [128.84226643470953, 49.50474224344832], [128.84060811931258, 49.50500981561908], [128.84060636608203, 49.50554950307131], [128.8397776330871, 49.505548358347426], [128.83977675189425, 49.50581820204369], [128.8393623831377, 49.505817627450206], [128.83936149965268, 49.50608747112835], [128.83770312302957, 49.506355001535226], [128.83770044510644, 49.507164532389965], [128.83687168495004, 49.507163366822866], [128.83686719868479, 49.50851258460557], [128.83603841579043, 49.50851141304635]]]}}, {"id": "43", "type": "Feature", "properties": {"contour_id": "water_peak_0044", "area_ha": 6.12, "pair_id": "flood_2021_06_amur__poyarkovo", "layer": "water_peak", "aoi_name": "Поярково — Михайловский район, Амур", "event_name": "Рекордный подъём Амура у Благовещенска, июнь 2021", "date_peak": "2021-07-01"}, "geometry": {"type": "Polygon", "coordinates": [[[128.84717907143303, 49.523907796155484], [128.8471799124515, 49.52363795321205], [128.8455218346321, 49.52363575141122], [128.8455235348804, 49.52309606552809], [128.8446945051719, 49.523094955738614], [128.84469621449347, 49.52255526982587], [128.84386719396065, 49.52255415411759], [128.84386891235496, 49.52201446817534], [128.8430399009979, 49.52201334654851], [128.84304508324166, 49.52039428848159], [128.8422160993071, 49.52039316097915], [128.8422187039382, 49.51958363180677], [128.8438757854159, 49.51985572389978], [128.84387148984962, 49.521204939166964], [128.84552863531883, 49.52147700757478], [128.84552693522377, 49.52201669360987], [128.84635594673497, 49.52201779741755], [128.84635425571292, 49.5225574834229], [128.84718327639902, 49.52255858131168], [128.84718243543108, 49.522828424305764], [128.84759694807417, 49.52282897102789], [128.84759359320077, 49.52390834289833], [128.84717907143303, 49.523907796155484]]]}}, {"id": "44", "type": "Feature", "properties": {"contour_id": "water_peak_0045", "area_ha": 6.07, "pair_id": "flood_2021_06_amur__poyarkovo", "layer": "water_peak", "aoi_name": "Поярково — Михайловский район, Амур", "event_name": "Рекордный подъём Амура у Благовещенска, июнь 2021", "date_peak": "2021-07-01"}, "geometry": {"type": "Polygon", "coordinates": [[[128.67683582171108, 49.56187522518812], [128.67684413209093, 49.5606159818859], [128.677813246081, 49.56043878868175], [128.6778191638724, 49.55953932889744], [128.67685066126606, 49.559626576240206], [128.67685778359208, 49.558547224432054], [128.67630470393843, 49.55854567877499], [128.67630767652673, 49.558095948819386], [128.6768619380845, 49.55791760245015], [128.67701088396836, 49.55629896015006], [128.67867122733296, 49.5561236868251], [128.67866532590352, 49.55702314721831], [128.67797340630665, 49.55711117160058], [128.67796808331371, 49.55792068576655], [128.67852115599948, 49.55792222346008], [128.6785170228383, 49.55855184554418], [128.6779639430421, 49.55855030781664], [128.67795861962233, 49.55935982177948], [128.6787876630657, 49.55945207344124], [128.67878117306688, 49.56044147930525], [128.6779503382699, 49.560619065494535], [128.6779461973758, 49.5612486872484], [128.67863758522336, 49.56125060917695], [128.67863522401268, 49.56161039302956], [128.67739071679685, 49.561606930540535], [128.67738893899997, 49.56187676838236], [128.67683582171108, 49.56187522518812]]]}}, {"id": "45", "type": "Feature", "properties": {"contour_id": "water_peak_0046", "area_ha": 5.56, "pair_id": "flood_2021_06_amur__poyarkovo", "layer": "water_peak", "aoi_name": "Поярково — Михайловский район, Амур", "event_name": "Рекордный подъём Амура у Благовещенска, июнь 2021", "date_peak": "2021-07-01"}, "geometry": {"type": "Polygon", "coordinates": [[[128.76641370976625, 49.71266082066375], [128.76613845316987, 49.712210539543634], [128.76558362639977, 49.71220941803875], [128.76544665228693, 49.71184936015539], [128.76461572237568, 49.71157783912226], [128.76462093825202, 49.710498507724886], [128.76545314913014, 49.71050019586025], [128.76545444844004, 49.71023036296323], [128.7679510677131, 49.71023539144704], [128.7679497822334, 49.71050522439175], [128.76836588781862, 49.71050605724861], [128.7683586161302, 49.71203511040758], [128.76724810681415, 49.712212774580784], [128.76696854171132, 49.71266193819999], [128.76641370976625, 49.71266082066375]]]}}, {"id": "46", "type": "Feature", "properties": {"contour_id": "water_peak_0047", "area_ha": 5.29, "pair_id": "flood_2021_06_amur__poyarkovo", "layer": "water_peak", "aoi_name": "Поярково — Михайловский район, Амур", "event_name": "Рекордный подъём Амура у Благовещенска, июнь 2021", "date_peak": "2021-07-01"}, "geometry": {"type": "Polygon", "coordinates": [[[128.46417415638348, 49.610916974284066], [128.46417612828026, 49.610737088944006], [128.46362247379062, 49.61073452491336], [128.4634870218085, 49.61046405550166], [128.46279495765245, 49.610460845942846], [128.4626644545159, 49.609740662262034], [128.46197240069452, 49.609737447819874], [128.4611459021979, 49.60937381444746], [128.46101245106456, 49.60892345682993], [128.45990915873392, 49.608558525438525], [128.45991213986616, 49.60828869750463], [128.45935851349358, 49.60828611317395], [128.45936050292715, 49.60810622789393], [128.45756721242915, 49.607558154873026], [128.45743280089604, 49.60719773574533], [128.45494153946754, 49.60718603223798], [128.4554971565495, 49.607008752451165], [128.4543909374984, 49.606913596426345], [128.4543959564987, 49.60646388347849], [128.453011943645, 49.60645735191102], [128.4530069119147, 49.60690706475568], [128.45203809430637, 49.606902482741035], [128.45190271697481, 49.606631999852766], [128.45273312743942, 49.606635928745824], [128.45287454897286, 49.6063667552731], [128.45647297668876, 49.60638370718075], [128.4566083786733, 49.60665418481942], [128.45743879016436, 49.60665807995787], [128.4574357955527, 49.606927907857994], [128.4582662118068, 49.60693179707661], [128.45826322173303, 49.60720162500081], [128.45909364274996, 49.60720550829948], [128.4590896620256, 49.607565278894285], [128.45950388122705, 49.60765716098561], [128.45963830928503, 49.60801757773582], [128.4610223678269, 49.60802403022766], [128.46129025911452, 49.60883480272544], [128.46239752471868, 49.60883995030373], [128.46280879581877, 49.60920164862776], [128.46280385372808, 49.609651361986515], [128.46321809766224, 49.60974323083706], [128.46321414693637, 49.61010300151719], [128.463628395474, 49.6101948689078], [128.46362543465457, 49.610464696916964], [128.46431651328274, 49.6105578441882], [128.46417415638348, 49.610916974284066]], [[128.45577396231633, 49.60701005415637], [128.45646497682017, 49.60710324813851], [128.4564659768213, 49.60701330552375], [128.45577396231633, 49.60701005415637]], [[128.45715699272353, 49.60710649537951], [128.45743379911994, 49.607107793117635], [128.4574357955527, 49.606927907857994], [128.45715899017472, 49.606926610128056], [128.45715699272353, 49.60710649537951]]]}}, {"id": "47", "type": "Feature", "properties": {"contour_id": "water_peak_0048", "area_ha": 5.24, "pair_id": "flood_2021_06_amur__poyarkovo", "layer": "water_peak", "aoi_name": "Поярково — Михайловский район, Амур", "event_name": "Рекордный подъём Амура у Благовещенска, июнь 2021", "date_peak": "2021-07-01"}, "geometry": {"type": "Polygon", "coordinates": [[[128.60530760550645, 49.549240588310965], [128.60531775073008, 49.547981352104514], [128.60545091899937, 49.54861144165421], [128.60600388220413, 49.548613325650216], [128.60615441580353, 49.547084723343986], [128.60767285663192, 49.54735972508668], [128.60766925511817, 49.547809452510755], [128.6093281181902, 49.547815064706306], [128.6094677908208, 49.54763564031212], [128.60946348872406, 49.54817531330654], [128.61070764553654, 49.54817950541496], [128.61070335701547, 49.54871917843795], [128.60959742765223, 49.54871545270929], [128.60945703533642, 49.548984822702785], [128.60696868147005, 49.54897639811875], [128.60696651657065, 49.54924623447888], [128.60530760550645, 49.549240588310965]]]}}, {"id": "48", "type": "Feature", "properties": {"contour_id": "water_peak_0049", "area_ha": 5.22, "pair_id": "flood_2021_06_amur__poyarkovo", "layer": "water_peak", "aoi_name": "Поярково — Михайловский район, Амур", "event_name": "Рекордный подъём Амура у Благовещенска, июнь 2021", "date_peak": "2021-07-01"}, "geometry": {"type": "Polygon", "coordinates": [[[128.43739431211517, 49.55637154974179], [128.43726845433073, 49.555291560013984], [128.43643891690476, 49.55528752323496], [128.43644823126237, 49.55447803510249], [128.43727878835935, 49.55439212862105], [128.43728395517948, 49.55394241287131], [128.4368691978668, 49.55394039532064], [128.4368785046706, 49.55313090693887], [128.437708005635, 49.55313494043914], [128.43771729831218, 49.55232545182759], [128.43688781105467, 49.55232141844199], [128.4368940150776, 49.55178175938013], [128.43620278345352, 49.5517783937477], [128.43620588920226, 49.55150856422948], [128.43689711701913, 49.551511929830006], [128.43690332076224, 49.55097227069137], [128.43773278517622, 49.550976303885854], [128.43772349319747, 49.55178579268927], [128.43855297150358, 49.55178982005325], [128.43854678575588, 49.552329479267904], [128.43909771756176, 49.552512047335625], [128.43854369281232, 49.552599308856045], [128.43852822739694, 49.55394845660488], [128.43880473239105, 49.55394979784006], [128.43880164069157, 49.55421962736416], [128.4376925169084, 49.554484087869234], [128.43768322311365, 49.55529357617379], [128.43809799194312, 49.5552955908471], [128.43808664066933, 49.55628496535521], [128.43739431211517, 49.55637154974179]]]}}, {"id": "49", "type": "Feature", "properties": {"contour_id": "water_peak_0050", "area_ha": 5.08, "pair_id": "flood_2021_06_amur__poyarkovo", "layer": "water_peak", "aoi_name": "Поярково — Михайловский район, Амур", "event_name": "Рекордный подъём Амура у Благовещенска, июнь 2021", "date_peak": "2021-07-01"}, "geometry": {"type": "Polygon", "coordinates": [[[128.81152610135211, 49.524934590446406], [128.81153232470345, 49.52331553588883], [128.81070329276355, 49.52331418254973], [128.81070641791533, 49.522504655138405], [128.80987739972457, 49.52250329589798], [128.80987949220483, 49.52196361091951], [128.8093268195286, 49.52196270147659], [128.8093296175144, 49.521243121449444], [128.80780908504033, 49.521420501932546], [128.80781014262985, 49.52115065943141], [128.80698114746986, 49.52114927946713], [128.80698220960514, 49.52087943696641], [128.80532422860028, 49.52087665924566], [128.80518785019063, 49.52042668921471], [128.80449738978655, 49.52033557651579], [128.80781331530304, 49.520341131852014], [128.8078122577612, 49.520610974391154], [128.80864124386147, 49.52061234838989], [128.80864019086536, 49.520882190929385], [128.80905468622004, 49.52088287570797], [128.80905363548894, 49.521152718241275], [128.80988263080735, 49.52115408335679], [128.8098805384214, 49.52169376841128], [128.81153751040097, 49.521966323409146], [128.8115333618741, 49.523045693418226], [128.8123623893141, 49.52304704080459], [128.81235516072925, 49.524935937922145], [128.81152610135211, 49.524934590446406]]]}}, {"id": "50", "type": "Feature", "properties": {"contour_id": "water_peak_0051", "area_ha": 4.91, "pair_id": "flood_2021_06_amur__poyarkovo", "layer": "water_peak", "aoi_name": "Поярково — Михайловский район, Амур", "event_name": "Рекордный подъём Амура у Благовещенска, июнь 2021", "date_peak": "2021-07-01"}, "geometry": {"type": "Polygon", "coordinates": [[[128.4142077020429, 49.57595512505568], [128.41421093170504, 49.575685297711054], [128.41296611226718, 49.57567899050473], [128.4129725851699, 49.57513933589665], [128.4138024555972, 49.57514354210867], [128.41380891915614, 49.57460388736966], [128.41463878062874, 49.574608087552065], [128.4146452348445, 49.57406843268223], [128.41381538252074, 49.57406423257944], [128.4138218456909, 49.57352457773799], [128.41465168886614, 49.573528777761176], [128.4146484618796, 49.57379860522811], [128.41506338582712, 49.57380070302846], [128.4150601610792, 49.57407053050247], [128.41589001369402, 49.57407472168061], [128.41588679347197, 49.57434454918153], [128.41671665085488, 49.57434873444957], [128.41670700362172, 49.57515821699454], [128.41753687492158, 49.57516239643157], [128.41753259322226, 49.575522166467394], [128.41670057189114, 49.575697871960514], [128.41669735595332, 49.5759676994243], [128.4142077020429, 49.57595512505568]]]}}, {"id": "51", "type": "Feature", "properties": {"contour_id": "water_peak_0052", "area_ha": 4.86, "pair_id": "flood_2021_06_amur__poyarkovo", "layer": "water_peak", "aoi_name": "Поярково — Михайловский район, Амур", "event_name": "Рекордный подъём Амура у Благовещенска, июнь 2021", "date_peak": "2021-07-01"}, "geometry": {"type": "Polygon", "coordinates": [[[128.74123435472393, 49.56959271917796], [128.74125289570728, 49.566084811091756], [128.73959195668252, 49.566350928149895], [128.739594827155, 49.56581124988852], [128.7404245744278, 49.565813113878356], [128.74043172736722, 49.56446391791468], [128.74126145186193, 49.56446577586771], [128.74125859989616, 49.56500545432643], [128.74167346674838, 49.56500638108984], [128.74166919549825, 49.56581589870918], [128.74249894298566, 49.56581774782715], [128.74249752376585, 49.56608758702576], [128.74208264772494, 49.566086663201624], [128.74208122619723, 49.566356502378795], [128.7424961045247, 49.5663574262117], [128.74249326597834, 49.56689710454554], [128.74207838307765, 49.56689618069513], [128.74207696148582, 49.567166019834275], [128.74249184667315, 49.567166943693444], [128.74248616923902, 49.56824630015826], [128.7420712749047, 49.568245376264066], [128.7420641661973, 49.569594571516056], [128.74123435472393, 49.56959271917796]]]}}, {"id": "52", "type": "Feature", "properties": {"contour_id": "water_peak_0053", "area_ha": 4.86, "pair_id": "flood_2021_06_amur__poyarkovo", "layer": "water_peak", "aoi_name": "Поярково — Михайловский район, Амур", "event_name": "Рекордный подъём Амура у Благовещенска, июнь 2021", "date_peak": "2021-07-01"}, "geometry": {"type": "Polygon", "coordinates": [[[128.76323743750538, 49.56694140082559], [128.76324004739016, 49.56640172165211], [128.76490086076203, 49.56613526502952], [128.76490345223692, 49.56559558571588], [128.7657331974373, 49.56559726825229], [128.76573448857258, 49.56532742856051], [128.76739525203027, 49.56506093601923], [128.7673990978249, 49.56425141673467], [128.76781395909953, 49.56425224978389], [128.76781523870622, 49.563982409989116], [128.76864495674053, 49.56398407161047], [128.76865260654247, 49.562365032481274], [128.76948229721927, 49.56236668806006], [128.76947340439006, 49.56425556710962], [128.76864368170644, 49.564253911420984], [128.76863985648916, 49.56506343077647], [128.767810120164, 49.56506176909213], [128.76780884048034, 49.56533160883621], [128.76739397006017, 49.56533077575541], [128.76739140606216, 49.56587045518974], [128.7665616561337, 49.56586878453496], [128.76655908291235, 49.56640846388692], [128.76489956499537, 49.56640510466733], [128.76489826920923, 49.56667494429247], [128.7640685057943, 49.56667325574332], [128.7640672054154, 49.56694309533978], [128.76323743750538, 49.56694140082559]]]}}, {"id": "53", "type": "Feature", "properties": {"contour_id": "water_peak_0054", "area_ha": 4.68, "pair_id": "flood_2021_06_amur__poyarkovo", "layer": "water_peak", "aoi_name": "Поярково — Михайловский район, Амур", "event_name": "Рекордный подъём Амура у Благовещенска, июнь 2021", "date_peak": "2021-07-01"}, "geometry": {"type": "Polygon", "coordinates": [[[128.8099181917506, 49.51197942967762], [128.8099192373857, 49.51170958670065], [128.8115769089739, 49.51171229821382], [128.81157794547474, 49.51144245519849], [128.81240677680307, 49.511443802036005], [128.81240780872912, 49.51117395899525], [128.8161385413479, 49.51091010312082], [128.816139552727, 49.510640259998006], [128.82152687072644, 49.51064869580431], [128.8215239254473, 49.511458225374575], [128.82069509345192, 49.51145694384943], [128.82069607978562, 49.511187100684154], [128.81903942052864, 49.51091467669235], [128.8190384250914, 49.511184519845834], [128.81613752995358, 49.511179946230975], [128.81613651854408, 49.51144978932846], [128.81240574486156, 49.511713645064106], [128.8124047129045, 49.51198348807954], [128.8099181917506, 49.51197942967762]]]}}, {"id": "54", "type": "Feature", "properties": {"contour_id": "water_peak_0055", "area_ha": 4.67, "pair_id": "flood_2021_06_amur__poyarkovo", "layer": "water_peak", "aoi_name": "Поярково — Михайловский район, Амур", "event_name": "Рекордный подъём Амура у Благовещенска, июнь 2021", "date_peak": "2021-07-01"}, "geometry": {"type": "Polygon", "coordinates": [[[128.58892949487768, 49.622850457670765], [128.58893403512295, 49.6223107930306], [128.58810334173765, 49.62230784049903], [128.58810561639612, 49.62203800818785], [128.58727492773488, 49.62203504972402], [128.58727036920942, 49.62257471427755], [128.58602432271346, 49.62257026532196], [128.5860266088741, 49.62230043309375], [128.58644195537812, 49.62230191755495], [128.5864465230092, 49.6217622530322], [128.58811016561043, 49.621498343527364], [128.58811471468778, 49.62095867881598], [128.58853004989592, 49.6209601557568], [128.58852777766776, 49.62122998813286], [128.59101980339392, 49.62123881857135], [128.59102206186154, 49.62096898611158], [128.5926834038522, 49.62097484321464], [128.59268115455825, 49.621244675729926], [128.5914351411341, 49.621240285096036], [128.5914291245035, 49.621959838296966], [128.59059768320037, 49.62204684781788], [128.59059316137203, 49.62258651259511], [128.58892949487768, 49.622850457670765]]]}}, {"id": "55", "type": "Feature", "properties": {"contour_id": "water_peak_0056", "area_ha": 4.49, "pair_id": "flood_2021_06_amur__poyarkovo", "layer": "water_peak", "aoi_name": "Поярково — Михайловский район, Амур", "event_name": "Рекордный подъём Амура у Благовещенска, июнь 2021", "date_peak": "2021-07-01"}, "geometry": {"type": "Polygon", "coordinates": [[[128.71855675640344, 49.54480419962672], [128.71607067181907, 49.54443833521632], [128.71607536277207, 49.54362881630416], [128.71510828759125, 49.543536491639195], [128.7151119483787, 49.542906865782406], [128.7152512200579, 49.54272731288375], [128.716080574694, 49.5427293507123], [128.71608161704705, 49.54254945757701], [128.71773876611218, 49.54282335511608], [128.71773565724342, 49.54336303455655], [128.71856502281742, 49.543365054598084], [128.7185603730411, 49.544174573721094], [128.71938975241034, 49.54417658787585], [128.71938666157806, 49.54471626726594], [128.71855675640344, 49.54480419962672]]]}}, {"id": "56", "type": "Feature", "properties": {"contour_id": "water_peak_0057", "area_ha": 4.22, "pair_id": "flood_2021_06_amur__poyarkovo", "layer": "water_peak", "aoi_name": "Поярково — Михайловский район, Амур", "event_name": "Рекордный подъём Амура у Благовещенска, июнь 2021", "date_peak": "2021-07-01"}, "geometry": {"type": "Polygon", "coordinates": [[[128.59725028211577, 49.57080028699739], [128.59725472229366, 49.57026061692136], [128.59808453306047, 49.57026350158742], [128.5980867485255, 49.56999366650299], [128.599746361311, 49.569999417932294], [128.59974415499363, 49.570269253071245], [128.6005739661594, 49.57027211988899], [128.60057836961332, 49.56973244954403], [128.59974856759516, 49.569729582780624], [128.59975077384618, 49.56945974761625], [128.6018252677055, 49.56946690330195], [128.6018274624892, 49.56919706805702], [128.60058277293479, 49.5691927791482], [128.60058717612387, 49.56865310870148], [128.6032126383594, 49.56893198250927], [128.60320899312765, 49.56938170800663], [128.6034855919363, 49.56938265598053], [128.60265506548046, 49.569469755164995], [128.60265287523745, 49.56973959042423], [128.60182307288875, 49.56973673853415], [128.60181648824053, 49.57054624415444], [128.59725028211577, 49.57080028699739]]]}}, {"id": "57", "type": "Feature", "properties": {"contour_id": "water_peak_0058", "area_ha": 4.11, "pair_id": "flood_2021_06_amur__poyarkovo", "layer": "water_peak", "aoi_name": "Поярково — Михайловский район, Амур", "event_name": "Рекордный подъём Амура у Благовещенска, июнь 2021", "date_peak": "2021-07-01"}, "geometry": {"type": "Polygon", "coordinates": [[[128.81175615604698, 49.57296701051338], [128.81175719380278, 49.572697170366915], [128.8125870618821, 49.57269851712966], [128.81258912819737, 49.572158836773205], [128.8117592692676, 49.572157490036], [128.81176307412434, 49.571168075964394], [128.8128695303466, 49.5711698702294], [128.81300405768562, 49.57215950791049], [128.81397188471163, 49.572251014849286], [128.81535566437415, 49.5720733361788], [128.81535803940443, 49.571443708924086], [128.8163255192279, 49.57162514293683], [128.81632619424147, 49.571445249418716], [128.81715604131065, 49.57144656339683], [128.81715335341474, 49.57216613746877], [128.81590856453528, 49.57216416422046], [128.81590754968437, 49.572434004455495], [128.81507768593292, 49.57243268150639], [128.81507666649196, 49.57270252171624], [128.81590653481823, 49.57270384467789], [128.81590551993682, 49.572973684887614], [128.81175615604698, 49.57296701051338]]]}}, {"id": "58", "type": "Feature", "properties": {"contour_id": "water_peak_0059", "area_ha": 4.1, "pair_id": "flood_2021_06_amur__poyarkovo", "layer": "water_peak", "aoi_name": "Поярково — Михайловский район, Амур", "event_name": "Рекордный подъём Амура у Благовещенска, июнь 2021", "date_peak": "2021-07-01"}, "geometry": {"type": "Polygon", "coordinates": [[[128.73279960473596, 49.51857314818943], [128.73280107493787, 49.518303306972726], [128.73197213227763, 49.51830138967026], [128.73197360701832, 49.518031548459035], [128.73155913800187, 49.51803058758986], [128.7315606150008, 49.517760746375046], [128.73073168159524, 49.51775882020087], [128.73073760761162, 49.5166794552878], [128.7299086925376, 49.51667752324814], [128.7299116645331, 49.516137840752116], [128.72908275866922, 49.51613590281071], [128.72908872063311, 49.51505653773986], [128.73074649596845, 49.51506040753765], [128.73074057048626, 49.51613977275515], [128.73156947652845, 49.51614169881984], [128.73156799966264, 49.51641154011075], [128.73198245499722, 49.5164125009253], [128.732112254684, 49.51794192134459], [128.73363148330543, 49.51803537708884], [128.7336285520455, 49.51857505957116], [128.73279960473596, 49.51857314818943]]]}}, {"id": "59", "type": "Feature", "properties": {"contour_id": "water_peak_0060", "area_ha": 4.0, "pair_id": "flood_2021_06_amur__poyarkovo", "layer": "water_peak", "aoi_name": "Поярково — Михайловский район, Амур", "event_name": "Рекордный подъём Амура у Благовещенска, июнь 2021", "date_peak": "2021-07-01"}, "geometry": {"type": "Polygon", "coordinates": [[[128.5231516822295, 49.63824895343853], [128.52315695183495, 49.63770929504775], [128.52398789986773, 49.63771271435515], [128.52399316013285, 49.63717305584855], [128.52565591194474, 49.637089933332945], [128.52607836362333, 49.636372089767804], [128.52926444636466, 49.63629514093339], [128.52953968833498, 49.63647615307699], [128.5295379554041, 49.6366560394173], [128.5285685362458, 49.63665209617703], [128.52856593146106, 49.63692192563947], [128.52773499633318, 49.636918539227025], [128.52773238691842, 49.63718836864462], [128.5269014473569, 49.637184976236796], [128.5268962192278, 49.63772463496944], [128.52440074604706, 49.637984251022964], [128.52439811811104, 49.6382540802606], [128.5231516822295, 49.63824895343853]]]}}, {"id": "60", "type": "Feature", "properties": {"contour_id": "water_peak_0061", "area_ha": 3.97, "pair_id": "flood_2021_06_amur__poyarkovo", "layer": "water_peak", "aoi_name": "Поярково — Михайловский район, Амур", "event_name": "Рекордный подъём Амура у Благовещенска, июнь 2021", "date_peak": "2021-07-01"}, "geometry": {"type": "Polygon", "coordinates": [[[128.82147285284503, 49.525490053145674], [128.82147678292358, 49.524410682994635], [128.82230583390216, 49.524411959162556], [128.8223117012029, 49.52279290348347], [128.82314104929105, 49.52270422608388], [128.82313391156725, 49.52468307197118], [128.8239629672257, 49.52468433627069], [128.82396490483052, 49.5241446510723], [128.82479395142207, 49.5241459094077], [128.8247968440329, 49.52333638147934], [128.82562587699525, 49.523337633839006], [128.82562203840152, 49.52441700443228], [128.82479298718948, 49.52441575202515], [128.82479105868083, 49.52495543722207], [128.82396199840147, 49.5249541788509], [128.82396038366204, 49.52540391645642], [128.82313099136263, 49.52549259963785], [128.82313293818032, 49.524952914539405], [128.8223038780177, 49.524951644287604], [128.82230192207444, 49.52549132936197], [128.82147285284503, 49.525490053145674]]]}}, {"id": "61", "type": "Feature", "properties": {"contour_id": "water_peak_0062", "area_ha": 3.94, "pair_id": "flood_2021_06_amur__poyarkovo", "layer": "water_peak", "aoi_name": "Поярково — Михайловский район, Амур", "event_name": "Рекордный подъём Амура у Благовещенска, июнь 2021", "date_peak": "2021-07-01"}, "geometry": {"type": "Polygon", "coordinates": [[[128.51564363425206, 49.64118602773166], [128.51565166388568, 49.64037654143002], [128.5164826563931, 49.64038001473706], [128.5164853282655, 49.64011018591142], [128.51773181044084, 49.640115384640325], [128.5177344753858, 49.63984555575265], [128.51856545911184, 49.63984901408429], [128.51856811942528, 49.63957918515107], [128.52023272926547, 49.639316254846115], [128.5202380313271, 49.63877659678513], [128.5210689971676, 49.63878003709483], [128.52107164354737, 49.638510208012605], [128.5223180857201, 49.63851535724659], [128.52231544622703, 49.63878518637763], [128.52189908256238, 49.63887341447636], [128.52189732133903, 49.639053300542976], [128.52106635074796, 49.639049866164314], [128.5210610577892, 49.639589524265055], [128.5193964429981, 49.63985246645211], [128.51925263257817, 49.64039154935438], [128.51772648043055, 49.64065504237743], [128.51772381536523, 49.64092487122688], [128.5173083143792, 49.640923139758954], [128.5173056469779, 49.64119296857923], [128.51564363425206, 49.64118602773166]]]}}, {"id": "62", "type": "Feature", "properties": {"contour_id": "water_peak_0063", "area_ha": 3.84, "pair_id": "flood_2021_06_amur__poyarkovo", "layer": "water_peak", "aoi_name": "Поярково — Михайловский район, Амур", "event_name": "Рекордный подъём Амура у Благовещенска, июнь 2021", "date_peak": "2021-07-01"}, "geometry": {"type": "Polygon", "coordinates": [[[128.86044774274023, 49.66801946571114], [128.86003225557354, 49.66792901850912], [128.86003354591728, 49.66747929125451], [128.8592020646721, 49.66747828328529], [128.85920362223996, 49.66693861055249], [128.85795641425744, 49.6669370874335], [128.85782019485754, 49.666127408222955], [128.85643363727064, 49.66639553488297], [128.85629744464032, 49.66558585382914], [128.85712889352783, 49.66558688262562], [128.8571299471308, 49.665227100723484], [128.85782255400918, 49.665317898963195], [128.8579626992443, 49.664778396111814], [128.85837841683178, 49.66477890527203], [128.85837685025456, 49.66531857818801], [128.85893114652094, 49.66531925475961], [128.85879048974095, 49.66603864968755], [128.86003715870737, 49.66622005475465], [128.86003432010796, 49.66720945488488], [128.8605883808577, 49.66730006900132], [128.86058658153982, 49.66792968718243], [128.86086374453072, 49.66793002052402], [128.86044774274023, 49.66801946571114]]]}}, {"id": "63", "type": "Feature", "properties": {"contour_id": "water_peak_0064", "area_ha": 3.83, "pair_id": "flood_2021_06_amur__poyarkovo", "layer": "water_peak", "aoi_name": "Поярково — Михайловский район, Амур", "event_name": "Рекордный подъём Амура у Благовещенска, июнь 2021", "date_peak": "2021-07-01"}, "geometry": {"type": "Polygon", "coordinates": [[[128.773308337214, 49.54240587145204], [128.77331208224885, 49.54159634864621], [128.7724827430837, 49.54159472102185], [128.77248399595797, 49.541324880076644], [128.77082658897658, 49.541051766100914], [128.77083037482976, 49.540242243244286], [128.77000105872492, 49.540240597866706], [128.77000359166513, 49.539700915930105], [128.76945072039277, 49.53969981573066], [128.7695927443247, 49.53889056805164], [128.77000739093268, 49.53889139293013], [128.7700061245292, 49.53916123394279], [128.77083542236846, 49.53916287925801], [128.7711089141893, 49.53979305540443], [128.77166178657768, 49.53979414768289], [128.77165969101046, 49.540243882678425], [128.77248900726678, 49.5402455161691], [128.77262513990993, 49.54069552283013], [128.77331582711486, 49.5407868257263], [128.77331333055628, 49.54132650768557], [128.7741410069047, 49.541687917316004], [128.77413769015516, 49.54240749317876], [128.773308337214, 49.54240587145204]]]}}, {"id": "64", "type": "Feature", "properties": {"contour_id": "water_peak_0065", "area_ha": 3.79, "pair_id": "flood_2021_06_amur__poyarkovo", "layer": "water_peak", "aoi_name": "Поярково — Михайловский район, Амур", "event_name": "Рекордный подъём Амура у Благовещенска, июнь 2021", "date_peak": "2021-07-01"}, "geometry": {"type": "Polygon", "coordinates": [[[128.82985716947655, 49.4985182215806], [128.8298581049838, 49.498248377676894], [128.82737322656385, 49.497974851242454], [128.82737512484283, 49.497435163441466], [128.82696082712948, 49.49743454450732], [128.82696177852543, 49.49716470059369], [128.8298618468722, 49.497169001935355], [128.82986091142118, 49.49743884588973], [128.83151810275484, 49.49744127118235], [128.8315171764013, 49.49771111514706], [128.8323457767075, 49.49771231890289], [128.8323439330704, 49.4982520068171], [128.83151532365244, 49.49825080303844], [128.83151439725717, 49.49852064696514], [128.82985716947655, 49.4985182215806]]]}}, {"id": "65", "type": "Feature", "properties": {"contour_id": "water_peak_0066", "area_ha": 3.68, "pair_id": "flood_2021_06_amur__poyarkovo", "layer": "water_peak", "aoi_name": "Поярково — Михайловский район, Амур", "event_name": "Рекордный подъём Амура у Благовещенска, июнь 2021", "date_peak": "2021-07-01"}, "geometry": {"type": "Polygon", "coordinates": [[[128.47276942444114, 49.60969717917592], [128.47277524493057, 49.60915752227252], [128.47069910518724, 49.60914804794813], [128.47069618350568, 49.6094178763164], [128.4698657233323, 49.6094140761254], [128.46987060041633, 49.60896436223121], [128.4719477036641, 49.608883908575734], [128.4719535330575, 49.608344251667475], [128.47278397533634, 49.608348036821624], [128.47278688538404, 49.608078208312456], [128.47444776130035, 49.60808576067788], [128.4744506621379, 49.60781593208435], [128.47513882745594, 49.608178843335764], [128.47528302658694, 49.60763981353585], [128.47569920657804, 49.60755175200776], [128.4757021004538, 49.607281923335144], [128.47653252518597, 49.60728568153982], [128.47652963589329, 49.60755551024805], [128.47597601633046, 49.607553005416406], [128.47583471829643, 49.60782220746061], [128.47541853623935, 49.607910269464995], [128.47541081479574, 49.60862981245245], [128.47430258437416, 49.60871473221221], [128.474297748105, 49.6091644464468], [128.47360570113466, 49.609161301577046], [128.4735998898123, 49.609700958552104], [128.47276942444114, 49.60969717917592]], [[128.4715315056606, 49.6089719565359], [128.47180735142754, 49.60906316274631], [128.47180832326967, 49.608973219936644], [128.4715315056606, 49.6089719565359]]]}}, {"id": "66", "type": "Feature", "properties": {"contour_id": "water_peak_0067", "area_ha": 3.56, "pair_id": "flood_2021_06_amur__poyarkovo", "layer": "water_peak", "aoi_name": "Поярково — Михайловский район, Амур", "event_name": "Рекордный подъём Амура у Благовещенска, июнь 2021", "date_peak": "2021-07-01"}, "geometry": {"type": "Polygon", "coordinates": [[[128.86915018190365, 49.523395040745264], [128.8691530622075, 49.52231566777357], [128.8699820796215, 49.52231660230781], [128.8699835105845, 49.521776915728296], [128.87164223363476, 49.52150892361602], [128.87164364628606, 49.520969236925474], [128.87330233297988, 49.52070122094722], [128.8733002413895, 49.52151075105399], [128.87247123749103, 49.521509840304816], [128.87246983392117, 49.522049526962114], [128.87164082094102, 49.52204861025596], [128.87163940820486, 49.52258829684523], [128.870810386143, 49.52258737418183], [128.87080896423993, 49.523127060703], [128.86915018190365, 49.523395040745264]], [[128.8717808713228, 49.52132918125111], [128.87233330435637, 49.52141974015518], [128.87233353853284, 49.52132979237311], [128.8717808713228, 49.52132918125111]]]}}, {"id": "67", "type": "Feature", "properties": {"contour_id": "water_peak_0068", "area_ha": 3.55, "pair_id": "flood_2021_06_amur__poyarkovo", "layer": "water_peak", "aoi_name": "Поярково — Михайловский район, Амур", "event_name": "Рекордный подъём Амура у Благовещенска, июнь 2021", "date_peak": "2021-07-01"}, "geometry": {"type": "Polygon", "coordinates": [[[128.69612867407758, 49.5503242417799], [128.69613369554335, 49.549514725142494], [128.69696316366208, 49.54951690020224], [128.69696817119538, 49.54870738338879], [128.69945653503447, 49.54871387271183], [128.69959036494666, 49.549433802340474], [128.70014334294373, 49.54943523652169], [128.7004176317094, 49.549795737954526], [128.70027608420543, 49.55033505793328], [128.69930835495234, 49.55033254745885], [128.69931277178435, 49.54961297691024], [128.69779207699756, 49.5496090156291], [128.69792588482608, 49.55032894702893], [128.69612867407758, 49.5503242417799]]]}}, {"id": "68", "type": "Feature", "properties": {"contour_id": "water_peak_0069", "area_ha": 3.45, "pair_id": "flood_2021_06_amur__poyarkovo", "layer": "water_peak", "aoi_name": "Поярково — Михайловский район, Амур", "event_name": "Рекордный подъём Амура у Благовещенска, июнь 2021", "date_peak": "2021-07-01"}, "geometry": {"type": "Polygon", "coordinates": [[[128.52904384801923, 49.63044770560871], [128.5290594567285, 49.628828726711596], [128.52989025440053, 49.62883210321869], [128.52990064106953, 49.62775278357103], [128.53073142054376, 49.62775615398877], [128.53073401252496, 49.627486324013056], [128.53156478756688, 49.62748968843757], [128.5315673749208, 49.62721985841721], [128.53364430173576, 49.62722824331852], [128.53364172585262, 49.62749807341838], [128.5323955627646, 49.627493046900845], [128.53239039711679, 49.62803270696703], [128.53155961274229, 49.62802934844009], [128.5315544377619, 49.628569008391615], [128.53086383748123, 49.62838631838505], [128.5305773999922, 49.629374572221295], [128.5298850608315, 49.629371762966066], [128.52987727018487, 49.63018125249154], [128.52904384801923, 49.63044770560871]]]}}, {"id": "69", "type": "Feature", "properties": {"contour_id": "water_peak_0070", "area_ha": 3.42, "pair_id": "flood_2021_06_amur__poyarkovo", "layer": "water_peak", "aoi_name": "Поярково — Михайловский район, Амур", "event_name": "Рекордный подъём Амура у Благовещенска, июнь 2021", "date_peak": "2021-07-01"}, "geometry": {"type": "Polygon", "coordinates": [[[128.7441175374683, 49.573646760840994], [128.74412035878217, 49.57310708307127], [128.74495023002115, 49.57310891481165], [128.7449530421006, 49.57256923695651], [128.7457829042745, 49.572571062712], [128.74578710851122, 49.57176154578229], [128.74661695704557, 49.57176336553587], [128.74662114736938, 49.57095384844031], [128.74745098226447, 49.570955662192326], [128.7474537665601, 49.57041598403086], [128.74786867946486, 49.570416888658535], [128.7478700692942, 49.5701470495502], [128.74869989059212, 49.57014885432615], [128.74869573476403, 49.570958371664396], [128.74828081724328, 49.57095746999451], [128.74827804201266, 49.57149714813952], [128.74744819788503, 49.57149534030307], [128.7474454134219, 49.57203501836314], [128.74661556022897, 49.572033204542365], [128.74661136965315, 49.57284272148578], [128.74578150282014, 49.572840901663206], [128.74577869984813, 49.57338057952761], [128.7441175374683, 49.573646760840994]]]}}, {"id": "70", "type": "Feature", "properties": {"contour_id": "water_peak_0071", "area_ha": 3.41, "pair_id": "flood_2021_06_amur__poyarkovo", "layer": "water_peak", "aoi_name": "Поярково — Михайловский район, Амур", "event_name": "Рекордный подъём Амура у Благовещенска, июнь 2021", "date_peak": "2021-07-01"}, "geometry": {"type": "Polygon", "coordinates": [[[128.68712079621247, 49.55371825187825], [128.6871340103699, 49.551649489883545], [128.68782526333447, 49.551651356660315], [128.68797669154128, 49.54958296661666], [128.6885296706232, 49.549584456296344], [128.68851766027905, 49.55147332690192], [128.68920891084858, 49.551475185409], [128.68934887224268, 49.551205717973964], [128.68933289937402, 49.55372421146291], [128.68877987351482, 49.55372272553085], [128.68865133671642, 49.55219326853395], [128.68782182392542, 49.55219103380972], [128.68767382193394, 49.55371974573851], [128.68712079621247, 49.55371825187825]], [[128.68782354364288, 49.55192119524136], [128.68865305186446, 49.55192342994441], [128.68865476698673, 49.551653591342195], [128.68782526333447, 49.551651356660315], [128.68782354364288, 49.55192119524136]]]}}, {"id": "71", "type": "Feature", "properties": {"contour_id": "water_peak_0072", "area_ha": 3.33, "pair_id": "flood_2021_06_amur__poyarkovo", "layer": "water_peak", "aoi_name": "Поярково — Михайловский район, Амур", "event_name": "Рекордный подъём Амура у Благовещенска, июнь 2021", "date_peak": "2021-07-01"}, "geometry": {"type": "Polygon", "coordinates": [[[128.57979177429797, 49.62281765138504], [128.57979641546154, 49.622277987366914], [128.58062710746512, 49.62228099950143], [128.58063405518755, 49.62147150329314], [128.5810493943611, 49.621473007082514], [128.58105170790543, 49.62120317497338], [128.58188238177007, 49.621206178053576], [128.5818846906928, 49.62093634590325], [128.5827153601096, 49.62093934299498], [128.58271996867737, 49.62039967859934], [128.58437899448685, 49.62067548705031], [128.58437669935913, 49.620945319298414], [128.58354602966514, 49.6209423341267], [128.58353913031405, 49.62175183070983], [128.58187545479348, 49.62201567442821], [128.58187314573175, 49.62228550652766], [128.5814577996081, 49.622284005675645], [128.58145548821804, 49.62255383774813], [128.5806247914879, 49.6225508315454], [128.58062247547588, 49.62282066357667], [128.57979177429797, 49.62281765138504]]]}}, {"id": "72", "type": "Feature", "properties": {"contour_id": "water_peak_0073", "area_ha": 3.28, "pair_id": "flood_2021_06_amur__poyarkovo", "layer": "water_peak", "aoi_name": "Поярково — Михайловский район, Амур", "event_name": "Рекордный подъём Амура у Благовещенска, июнь 2021", "date_peak": "2021-07-01"}, "geometry": {"type": "Polygon", "coordinates": [[[128.42341108826483, 49.557921790970596], [128.4231377400077, 49.557650584258], [128.42272295231197, 49.55764851589533], [128.42259105255405, 49.557108168890686], [128.4217625484491, 49.557014083931115], [128.4217699820961, 49.55638448385798], [128.42121694627633, 49.556381719225925], [128.42120950552055, 49.55701131923792], [128.42024061583706, 49.557096417503566], [128.41955037724657, 49.55700300930177], [128.41955890531904, 49.556283466635215], [128.42273885513663, 49.5562993727165], [128.42286757462182, 49.557109548268535], [128.42563174159937, 49.55721324863007], [128.4256264671841, 49.55766296321565], [128.42479689126793, 49.557658842842805], [128.4247937219851, 49.557928671538036], [128.42341108826483, 49.557921790970596]]]}}, {"id": "73", "type": "Feature", "properties": {"contour_id": "water_peak_0074", "area_ha": 3.24, "pair_id": "flood_2021_06_amur__poyarkovo", "layer": "water_peak", "aoi_name": "Поярково — Михайловский район, Амур", "event_name": "Рекордный подъём Амура у Благовещенска, июнь 2021", "date_peak": "2021-07-01"}, "geometry": {"type": "Polygon", "coordinates": [[[128.57810241234222, 49.626049591473155], [128.57810940282044, 49.6252400960568], [128.57727866077448, 49.625237065725464], [128.5772809954516, 49.624967233923286], [128.57977320824656, 49.624976306948604], [128.57977552912524, 49.62470647504769], [128.58060626241564, 49.62470948743921], [128.58060162979896, 49.62524915128543], [128.58143237240438, 49.62525215777317], [128.58143468414232, 49.62498232582793], [128.58268079142954, 49.62498682434019], [128.58267618168253, 49.62552648830326], [128.58226080796416, 49.62552499026098], [128.58225850074467, 49.62579482220923], [128.57893549389883, 49.62578278410822], [128.5789331682924, 49.626052615929616], [128.57810241234222, 49.626049591473155]]]}}, {"id": "74", "type": "Feature", "properties": {"contour_id": "water_peak_0075", "area_ha": 3.24, "pair_id": "flood_2021_06_amur__poyarkovo", "layer": "water_peak", "aoi_name": "Поярково — Михайловский район, Амур", "event_name": "Рекордный подъём Амура у Благовещенска, июнь 2021", "date_peak": "2021-07-01"}, "geometry": {"type": "Polygon", "coordinates": [[[128.88371653552966, 49.4988547395456], [128.88372037164712, 49.49723567221932], [128.8845489657961, 49.49723650207547], [128.88455087005835, 49.496426968217826], [128.88537945057865, 49.496427792115966], [128.88538134108884, 49.49561825812097], [128.88620990798074, 49.49561907606146], [128.88620677986046, 49.49696829936189], [128.88537819019115, 49.49696748138265], [128.88537503905687, 49.49831670432784], [128.8845464266463, 49.49831588037506], [128.8845451570142, 49.498855569448914], [128.88371653552966, 49.4988547395456]]]}}, {"id": "75", "type": "Feature", "properties": {"contour_id": "water_peak_0076", "area_ha": 3.23, "pair_id": "flood_2021_06_amur__poyarkovo", "layer": "water_peak", "aoi_name": "Поярково — Михайловский район, Амур", "event_name": "Рекордный подъём Амура у Благовещенска, июнь 2021", "date_peak": "2021-07-01"}, "geometry": {"type": "Polygon", "coordinates": [[[128.7492999310695, 49.53399119586457], [128.74930269137755, 49.53345151416093], [128.7484734914824, 49.533449714680586], [128.7484762608369, 49.532910032960324], [128.7476470701544, 49.532908227572186], [128.7476526268717, 49.53182886404797], [128.749310971804, 49.53183246874572], [128.74930959178474, 49.532102309679956], [128.7484804147126, 49.532100510284856], [128.74847903010817, 49.53237035118936], [128.75013739346434, 49.532373944071885], [128.75013601796817, 49.532643784997745], [128.75096520433496, 49.53264557254327], [128.75096383338274, 49.53291541347341], [128.75068743639645, 49.53291481827947], [128.7506833188514, 49.53372434097686], [128.7492999310695, 49.53399119586457]]]}}, {"id": "76", "type": "Feature", "properties": {"contour_id": "water_peak_0077", "area_ha": 3.15, "pair_id": "flood_2021_06_amur__poyarkovo", "layer": "water_peak", "aoi_name": "Поярково — Михайловский район, Амур", "event_name": "Рекордный подъём Амура у Благовещенска, июнь 2021", "date_peak": "2021-07-01"}, "geometry": {"type": "Polygon", "coordinates": [[[128.7409664866967, 49.54179830730921], [128.74097361865572, 49.54044910565899], [128.74014430089832, 49.54044724630065], [128.74015002434527, 49.539367884822695], [128.74180720171768, 49.5396414378789], [128.74180577999942, 49.539911278289914], [128.7422204343866, 49.53991220275104], [128.74221617595344, 49.54072172393427], [128.74304549849128, 49.540723568451455], [128.74304125356625, 49.541533089573], [128.74221191732826, 49.54153124500337], [128.74221333689133, 49.54126140465968], [128.7417986710877, 49.54126048015475], [128.7417958273734, 49.54180016081192], [128.7409664866967, 49.54179830730921]]]}}, {"id": "77", "type": "Feature", "properties": {"contour_id": "water_peak_0078", "area_ha": 3.15, "pair_id": "flood_2021_06_amur__poyarkovo", "layer": "water_peak", "aoi_name": "Поярково — Михайловский район, Амур", "event_name": "Рекордный подъём Амура у Благовещенска, июнь 2021", "date_peak": "2021-07-01"}, "geometry": {"type": "Polygon", "coordinates": [[[128.82610928459843, 49.503909552032766], [128.82611024089474, 49.50363970843492], [128.82528154076863, 49.50363845990909], [128.82528250160786, 49.503368616310404], [128.8261111971767, 49.503369864824386], [128.82611215344423, 49.50310002120119], [128.8252834624326, 49.503098772699026], [128.82528442324292, 49.502828929075015], [128.82362705050735, 49.502826414287256], [128.82362802041735, 49.50255657067439], [128.8227993386939, 49.502555304388956], [128.8228012875841, 49.502015617149226], [128.8244586328615, 49.50201814373654], [128.82445766753756, 49.502287987386694], [128.82611406593628, 49.50256033391681], [128.82611310969745, 49.502830177565336], [128.82776953563962, 49.50310250039822], [128.82776764131904, 49.50364218767893], [128.82818199146075, 49.50364280378001], [128.82818104655777, 49.503912647407184], [128.82610928459843, 49.503909552032766]]]}}, {"id": "78", "type": "Feature", "properties": {"contour_id": "water_peak_0079", "area_ha": 3.13, "pair_id": "flood_2021_06_amur__poyarkovo", "layer": "water_peak", "aoi_name": "Поярково — Михайловский район, Амур", "event_name": "Рекордный подъём Амура у Благовещенска, июнь 2021", "date_peak": "2021-07-01"}, "geometry": {"type": "Polygon", "coordinates": [[[128.4571778522498, 49.70487849418233], [128.45718386503805, 49.70433884756976], [128.45635178986834, 49.70433494501554], [128.45635781169094, 49.703795298425916], [128.45552574591827, 49.703791389968664], [128.45553479213459, 49.70298192009964], [128.45470274036643, 49.70297800577669], [128.45470576028845, 49.7027081824986], [128.4562341916516, 49.70244553076475], [128.45622917257697, 49.70289523635579], [128.45719989825417, 49.70289978968649], [128.45719589007095, 49.70325955419137], [128.45802794699108, 49.70326345062056], [128.4580129386254, 49.704612567496405], [128.45884501876515, 49.70461645813314], [128.45884202156427, 49.7048862815069], [128.45870533941135, 49.70470575123273], [128.4571778522498, 49.70487849418233]]]}}, {"id": "79", "type": "Feature", "properties": {"contour_id": "water_peak_0080", "area_ha": 3.06, "pair_id": "flood_2021_06_amur__poyarkovo", "layer": "water_peak", "aoi_name": "Поярково — Михайловский район, Амур", "event_name": "Рекордный подъём Амура у Благовещенска, июнь 2021", "date_peak": "2021-07-01"}, "geometry": {"type": "Polygon", "coordinates": [[[128.81940316183207, 49.52467730911275], [128.81941608141906, 49.52116935528309], [128.81983057945394, 49.52117000146135], [128.81982859655122, 49.52170968681749], [128.8206576017892, 49.52171097474377], [128.82064773200403, 49.52440940088651], [128.8202332065665, 49.52440875760488], [128.8202322172251, 49.524678600143396], [128.81940316183207, 49.52467730911275]]]}}, {"id": "80", "type": "Feature", "properties": {"contour_id": "water_peak_0081", "area_ha": 3.06, "pair_id": "flood_2021_06_amur__poyarkovo", "layer": "water_peak", "aoi_name": "Поярково — Михайловский район, Амур", "event_name": "Рекордный подъём Амура у Благовещенска, июнь 2021", "date_peak": "2021-07-01"}, "geometry": {"type": "Polygon", "coordinates": [[[128.74414010560378, 49.569329337263376], [128.74414997745578, 49.567440463427616], [128.74497975263773, 49.56744229480345], [128.74498678045822, 49.56609309873935], [128.74581653285844, 49.5660949240796], [128.7458095279042, 49.5674441202302], [128.74663930325494, 49.567445939707845], [128.74663511375022, 49.568255457297795], [128.74497694136159, 49.56798197314034], [128.74496991280134, 49.56933116876072], [128.74414010560378, 49.569329337263376]]]}}, {"id": "81", "type": "Feature", "properties": {"contour_id": "water_peak_0082", "area_ha": 2.97, "pair_id": "flood_2021_06_amur__poyarkovo", "layer": "water_peak", "aoi_name": "Поярково — Михайловский район, Амур", "event_name": "Рекордный подъём Амура у Благовещенска, июнь 2021", "date_peak": "2021-07-01"}, "geometry": {"type": "Polygon", "coordinates": [[[128.744687272582, 49.54396532387425], [128.74469008466664, 49.54342564329789], [128.74386071628933, 49.543423810494055], [128.7438635374239, 49.5428841299017], [128.74303417826587, 49.54288229118863], [128.74303134799683, 49.54342197174613], [128.74261666388247, 49.54342105014314], [128.74262091610493, 49.54261152931407], [128.7430355933685, 49.542612450890864], [128.74304125356625, 49.541533089573], [128.74469852041332, 49.5418066012645], [128.74469289666675, 49.54288596267081], [128.7455222559941, 49.54288778949596], [128.74551665017862, 49.54396715076863], [128.744687272582, 49.54396532387425]]]}}, {"id": "82", "type": "Feature", "properties": {"contour_id": "water_peak_0083", "area_ha": 2.97, "pair_id": "flood_2021_06_amur__poyarkovo", "layer": "water_peak", "aoi_name": "Поярково — Михайловский район, Амур", "event_name": "Рекордный подъём Амура у Благовещенска, июнь 2021", "date_peak": "2021-07-01"}, "geometry": {"type": "Polygon", "coordinates": [[[128.75085683560093, 49.5539629669613], [128.75086095322033, 49.553153447099575], [128.75003141974778, 49.55315165826619], [128.75003555089054, 49.55234213834122], [128.7496207910398, 49.55234124172022], [128.7496249288505, 49.55153172170664], [128.74879542291973, 49.55152992405629], [128.74880095798733, 49.55045056392884], [128.74921570180385, 49.55045146346314], [128.74921432035273, 49.55072130352254], [128.75004381261715, 49.55072309814898], [128.750039681847, 49.55153261830215], [128.75086918790203, 49.55153440703382], [128.75086232571886, 49.55288360712031], [128.75169185470418, 49.55288538999069], [128.75168638286573, 49.55396474989927], [128.75085683560093, 49.5539629669613]]]}}, {"id": "83", "type": "Feature", "properties": {"contour_id": "water_peak_0084", "area_ha": 2.88, "pair_id": "flood_2021_06_amur__poyarkovo", "layer": "water_peak", "aoi_name": "Поярково — Михайловский район, Амур", "event_name": "Рекордный подъём Амура у Благовещенска, июнь 2021", "date_peak": "2021-07-01"}, "geometry": {"type": "Polygon", "coordinates": [[[128.6169389833659, 49.546851081554514], [128.6169432029176, 49.546311407960026], [128.619431424351, 49.54631961774514], [128.61942932829453, 49.546589454626535], [128.62025874025926, 49.54659217935844], [128.62026083174788, 49.546322342451205], [128.62150494307883, 49.54632641836444], [128.62150911225848, 49.545786744434594], [128.62233851083366, 49.545789454228114], [128.62234267075272, 49.54524978019606], [128.6231720603177, 49.54525248399395], [128.62316375862534, 49.5463318321097], [128.62150285844203, 49.54659625531028], [128.62150077377387, 49.54686609224342], [128.61859781579994, 49.54685656079292], [128.61859991645585, 49.5465867239501], [128.61777050474345, 49.54658398732913], [128.61776839951963, 49.54685382414601], [128.6169389833659, 49.546851081554514]]]}}, {"id": "84", "type": "Feature", "properties": {"contour_id": "water_peak_0085", "area_ha": 2.87, "pair_id": "flood_2021_06_amur__poyarkovo", "layer": "water_peak", "aoi_name": "Поярково — Михайловский район, Амур", "event_name": "Рекордный подъём Амура у Благовещенска, июнь 2021", "date_peak": "2021-07-01"}, "geometry": {"type": "Polygon", "coordinates": [[[128.68124378085895, 49.56449592952394], [128.68125197864467, 49.56323668625167], [128.6827713460143, 49.563510703623336], [128.68277484246283, 49.56297102779675], [128.68443423256545, 49.562975564368685], [128.68442959499615, 49.563695132240824], [128.68346044018276, 49.56387238066903], [128.6834563696691, 49.564502002404915], [128.68124378085895, 49.56449592952394]]]}}, {"id": "85", "type": "Feature", "properties": {"contour_id": "water_peak_0086", "area_ha": 2.79, "pair_id": "flood_2021_06_amur__poyarkovo", "layer": "water_peak", "aoi_name": "Поярково — Михайловский район, Амур", "event_name": "Рекордный подъём Амура у Благовещенска, июнь 2021", "date_peak": "2021-07-01"}, "geometry": {"type": "Polygon", "coordinates": [[[128.83309911631773, 49.51984068059385], [128.83310003469032, 49.51957083764497], [128.83144302301525, 49.51929859128534], [128.83144487793626, 49.51875890536979], [128.83310278972525, 49.51876130872232], [128.83310187139406, 49.5190311517092], [128.8360032335188, 49.51903530045226], [128.8360023311382, 49.519305143465786], [128.836831296429, 49.5193063154691], [128.8368295007498, 49.519846001480374], [128.8355860391498, 49.519844241214855], [128.83558694383822, 49.51957439823223], [128.83392900435146, 49.51957203044659], [128.83392809054027, 49.519841873406776], [128.83309911631773, 49.51984068059385]]]}}, {"id": "86", "type": "Feature", "properties": {"contour_id": "water_peak_0087", "area_ha": 2.71, "pair_id": "flood_2021_06_amur__poyarkovo", "layer": "water_peak", "aoi_name": "Поярково — Михайловский район, Амур", "event_name": "Рекордный подъём Амура у Благовещенска, июнь 2021", "date_peak": "2021-07-01"}, "geometry": {"type": "Polygon", "coordinates": [[[128.7064745671974, 49.554128749818425], [128.70648265233086, 49.552779554979466], [128.70565312824397, 49.55277744805097], [128.70566123561701, 49.55142825299464], [128.70483173447488, 49.55142614022028], [128.70483390243044, 49.551066354845055], [128.7051104007695, 49.55106705975489], [128.70511635683886, 49.5500776498322], [128.70566934238076, 49.550079057621105], [128.70566447839565, 49.55088857488328], [128.7064923536889, 49.55116052075401], [128.70648426928463, 49.55250971597361], [128.7073137888992, 49.55251181693621], [128.7071728470336, 49.55296119888573], [128.70689579971756, 49.5530504452171], [128.70689149375022, 49.55377001583008], [128.7075822409119, 49.553861710970835], [128.70771888778353, 49.554131899211676], [128.7064745671974, 49.554128749818425]]]}}, {"id": "87", "type": "Feature", "properties": {"contour_id": "water_peak_0088", "area_ha": 2.66, "pair_id": "flood_2021_06_amur__poyarkovo", "layer": "water_peak", "aoi_name": "Поярково — Михайловский район, Амур", "event_name": "Рекордный подъём Амура у Благовещенска, июнь 2021", "date_peak": "2021-07-01"}, "geometry": {"type": "Polygon", "coordinates": [[[128.4798408276657, 49.60855985598117], [128.47984561283982, 49.6081101413018], [128.4779079216997, 49.60810141824089], [128.47763399202537, 49.607830340711644], [128.47818761487525, 49.607832837624365], [128.47819049504517, 49.607563008857795], [128.47902092488124, 49.607566749227246], [128.47902571742978, 49.60711703452885], [128.4797186932823, 49.607030203949996], [128.47985996764223, 49.606760997050884], [128.48027517583716, 49.60676286197024], [128.48027230725452, 49.60703269086364], [128.47985709676817, 49.60703082592661], [128.47985135489037, 49.60757048363974], [128.48192743066855, 49.60757979360927], [128.48193314963117, 49.607040135719636], [128.48262516749145, 49.60704323071057], [128.4826175523542, 49.60776277463031], [128.481094136099, 49.60784590297959], [128.48067127465276, 49.6085635845663], [128.4798408276657, 49.60855985598117]]]}}, {"id": "88", "type": "Feature", "properties": {"contour_id": "water_peak_0089", "area_ha": 2.64, "pair_id": "flood_2021_06_amur__poyarkovo", "layer": "water_peak", "aoi_name": "Поярково — Михайловский район, Амур", "event_name": "Рекордный подъём Амура у Благовещенска, июнь 2021", "date_peak": "2021-07-01"}, "geometry": {"type": "Polygon", "coordinates": [[[128.78324386567303, 49.54620271399068], [128.7832450594832, 49.54593287306478], [128.78158743622993, 49.545659913140156], [128.78131538291515, 49.54466997424069], [128.78325063036013, 49.544673615243], [128.78352351764744, 49.54548365567606], [128.78490586036904, 49.54548623334822], [128.78490270127762, 49.54620580925701], [128.78324386567303, 49.54620271399068]]]}}, {"id": "89", "type": "Feature", "properties": {"contour_id": "water_peak_0090", "area_ha": 2.61, "pair_id": "flood_2021_06_amur__poyarkovo", "layer": "water_peak", "aoi_name": "Поярково — Михайловский район, Амур", "event_name": "Рекордный подъём Амура у Благовещенска, июнь 2021", "date_peak": "2021-07-01"}, "geometry": {"type": "Polygon", "coordinates": [[[128.83607177479513, 49.49852719436716], [128.83607267613257, 49.498257350378445], [128.8344163672927, 49.49798514632013], [128.83442000889883, 49.49690577027734], [128.83524859573058, 49.496906953228326], [128.8352467840662, 49.49744664129746], [128.83690307937428, 49.49771883347831], [128.83690218261972, 49.49798867750345], [128.8385593931076, 49.49799100195216], [128.83856028075044, 49.49772115790499], [128.8393897645924, 49.49745246714559], [128.83938799843165, 49.49799215527445], [128.83772989562476, 49.49825968671869], [128.8377290033993, 49.49852953072955], [128.83607177479513, 49.49852719436716]], [[128.83497119031898, 49.497266351617455], [128.8351089869395, 49.497356496539965], [128.83510928913893, 49.49726654853118], [128.83497119031898, 49.497266351617455]]]}}, {"id": "90", "type": "Feature", "properties": {"contour_id": "water_peak_0091", "area_ha": 2.61, "pair_id": "flood_2021_06_amur__poyarkovo", "layer": "water_peak", "aoi_name": "Поярково — Михайловский район, Амур", "event_name": "Рекордный подъём Амура у Благовещенска, июнь 2021", "date_peak": "2021-07-01"}, "geometry": {"type": "Polygon", "coordinates": [[[128.84466885918278, 49.53119023835192], [128.84466971423535, 49.53092039578174], [128.84549887627807, 49.53092150587621], [128.84550057721634, 49.530381820676844], [128.84715888319818, 49.53038402299932], [128.84715972452, 49.530114180359774], [128.84798887302284, 49.53011527259845], [128.84798970976803, 49.529845429935904], [128.8484042817563, 49.52984597382206], [128.84840511620695, 49.529576131141695], [128.85089253470701, 49.52957936323594], [128.8508917139482, 49.529849205946945], [128.84923342577048, 49.529847057138376], [128.84923176595967, 49.530386742481674], [128.8484026128174, 49.53038565914482], [128.84840177832916, 49.530655501787216], [128.8471580418637, 49.530653865626206], [128.8471572005166, 49.53092370824043], [128.8463280383719, 49.5309226100291], [128.8463271924479, 49.53119245262026], [128.84466885918278, 49.53119023835192]]]}}, {"id": "91", "type": "Feature", "properties": {"contour_id": "water_peak_0092", "area_ha": 2.58, "pair_id": "flood_2021_06_amur__poyarkovo", "layer": "water_peak", "aoi_name": "Поярково — Михайловский район, Амур", "event_name": "Рекордный подъём Амура у Благовещенска, июнь 2021", "date_peak": "2021-07-01"}, "geometry": {"type": "Polygon", "coordinates": [[[128.41484844332297, 49.55706927806987], [128.41485811511708, 49.556259793249446], [128.41651721683309, 49.55626817036427], [128.4165236461746, 49.55572851359453], [128.41845924449487, 49.5557382566499], [128.4184464282702, 49.5568175705075], [128.41568122720375, 49.556803641419094], [128.4156780077939, 49.557073469719484], [128.41484844332297, 49.55706927806987]]]}}, {"id": "92", "type": "Feature", "properties": {"contour_id": "water_peak_0093", "area_ha": 2.55, "pair_id": "flood_2021_06_amur__poyarkovo", "layer": "water_peak", "aoi_name": "Поярково — Михайловский район, Амур", "event_name": "Рекордный подъём Амура у Благовещенска, июнь 2021", "date_peak": "2021-07-01"}, "geometry": {"type": "Polygon", "coordinates": [[[128.7203755340732, 49.58942254878397], [128.7191308311097, 49.589329588049075], [128.71913754446396, 49.588160291727164], [128.71830741968594, 49.58815827445844], [128.7184566442415, 49.58626974740251], [128.71748976099093, 49.58599755001506], [128.71749131913413, 49.585727712305314], [128.71832140261347, 49.58572973535483], [128.71873282470767, 49.58636036601732], [128.71942456995265, 49.58636204490134], [128.7194116732802, 49.58861069222046], [128.72037913300258, 49.58879292766033], [128.7203755340732, 49.58942254878397]], [[128.718866521979, 49.587170215223004], [128.71900797299344, 49.58663087578226], [128.71859292357286, 49.58662986745013], [128.71886755572436, 49.586990323433284], [128.718866521979, 49.587170215223004]]]}}, {"id": "93", "type": "Feature", "properties": {"contour_id": "water_peak_0094", "area_ha": 2.52, "pair_id": "flood_2021_06_amur__poyarkovo", "layer": "water_peak", "aoi_name": "Поярково — Михайловский район, Амур", "event_name": "Рекордный подъём Амура у Благовещенска, июнь 2021", "date_peak": "2021-07-01"}, "geometry": {"type": "Polygon", "coordinates": [[[128.58699185399925, 49.606383274884024], [128.58699641299393, 49.60584360883198], [128.58782682648672, 49.60584656859195], [128.58783137617846, 49.6053069024329], [128.59032258998, 49.60531574580403], [128.5903135454548, 49.60639507840657], [128.58699185399925, 49.606383274884024]]]}}, {"id": "94", "type": "Feature", "properties": {"contour_id": "water_peak_0095", "area_ha": 2.52, "pair_id": "flood_2021_06_amur__poyarkovo", "layer": "water_peak", "aoi_name": "Поярково — Михайловский район, Амур", "event_name": "Рекордный подъём Амура у Благовещенска, июнь 2021", "date_peak": "2021-07-01"}, "geometry": {"type": "Polygon", "coordinates": [[[128.8401410007386, 49.52119984521579], [128.84014451932683, 49.52012047322042], [128.83931554013765, 49.52011932494104], [128.83931907675978, 49.51903995278658], [128.84097699870023, 49.51904224331921], [128.8409726235032, 49.520391458589145], [128.84138711542474, 49.52039202753731], [128.8413862426267, 49.520661870558705], [128.84221523107064, 49.52066300401127], [128.84221436282115, 49.520932847030736], [128.84097087333234, 49.52093114460847], [128.8409699982272, 49.52120098759914], [128.8401410007386, 49.52119984521579]]]}}, {"id": "95", "type": "Feature", "properties": {"contour_id": "water_peak_0096", "area_ha": 2.52, "pair_id": "flood_2021_06_amur__poyarkovo", "layer": "water_peak", "aoi_name": "Поярково — Михайловский район, Амур", "event_name": "Рекордный подъём Амура у Благовещенска, июнь 2021", "date_peak": "2021-07-01"}, "geometry": {"type": "Polygon", "coordinates": [[[128.753802295438, 49.545604135330535], [128.75380365137156, 49.54533429493743], [128.75338895072883, 49.54533341191242], [128.75339030892587, 49.545063571514994], [128.7525609122695, 49.54506180102338], [128.75256227501384, 49.54479196063005], [128.7517328830071, 49.544790184210854], [128.7517342502986, 49.544520343821674], [128.75090486294167, 49.54451856147499], [128.7509062347802, 49.54424872109005], [128.74924885040204, 49.54397529823398], [128.74925299313608, 49.543165777066854], [128.75008235749067, 49.54316757121716], [128.75007960482336, 49.54370725204192], [128.75090897839533, 49.5437090402821], [128.75090760659808, 49.54397888069241], [128.75256500044108, 49.54425227980538], [128.75256363773772, 49.54452212022405], [128.75339302525876, 49.54452389068211], [128.75339166710253, 49.544793731104896], [128.75380636317752, 49.544794614113165], [128.7538050072847, 49.545064454531634], [128.75463440406347, 49.54506621610659], [128.75463170135237, 49.545605896938895], [128.753802295438, 49.545604135330535]]]}}, {"id": "96", "type": "Feature", "properties": {"contour_id": "water_peak_0097", "area_ha": 2.52, "pair_id": "flood_2021_06_amur__poyarkovo", "layer": "water_peak", "aoi_name": "Поярково — Михайловский район, Амур", "event_name": "Рекордный подъём Амура у Благовещенска, июнь 2021", "date_peak": "2021-07-01"}, "geometry": {"type": "Polygon", "coordinates": [[[128.85842335911906, 49.50584252272223], [128.85842413776052, 49.50557267879554], [128.8567666696735, 49.50557063867191], [128.856769032874, 49.50476110687384], [128.85594031257452, 49.50476007793683], [128.8559411048419, 49.50449023398857], [128.85552674698877, 49.5044897172989], [128.85552833604535, 49.50395002937419], [128.85594268934102, 49.50395054605406], [128.8559418970974, 49.50422039002765], [128.85677060828183, 49.504221418945164], [128.85676982058385, 49.504491262915835], [128.8575985363731, 49.504492285907034], [128.85759775322086, 49.504762129874734], [128.85842647361474, 49.504763146939496], [128.85842569500838, 49.505032990904176], [128.8592544200067, 49.50503400204238], [128.85925287187433, 49.50557368995292], [128.86008160603467, 49.50557469517399], [128.8600808365089, 49.50584453911978], [128.85842335911906, 49.50584252272223]]]}}, {"id": "97", "type": "Feature", "properties": {"contour_id": "water_peak_0098", "area_ha": 2.48, "pair_id": "flood_2021_06_amur__poyarkovo", "layer": "water_peak", "aoi_name": "Поярково — Михайловский район, Амур", "event_name": "Рекордный подъём Амура у Благовещенска, июнь 2021", "date_peak": "2021-07-01"}, "geometry": {"type": "Polygon", "coordinates": [[[128.4103897846792, 49.582861722611064], [128.41039953904294, 49.582052242063845], [128.4110911950958, 49.58205576338518], [128.41109877262056, 49.58142616724648], [128.41220324743776, 49.58161167729341], [128.4121978450625, 49.58206138890281], [128.4128895014678, 49.58206489947852], [128.41289489748704, 49.58161518781367], [128.4137248777247, 49.581619394982575], [128.4137281106951, 49.58134956792671], [128.415249733246, 49.58135726553977], [128.41524650866532, 49.58162709266859], [128.41455485815683, 49.581623596200124], [128.4145484012228, 49.58216325035308], [128.413718411638, 49.582159049055875], [128.41371517852173, 49.58242887607332], [128.41247018764463, 49.58242256290871], [128.41247342762557, 49.5821527359511], [128.4116434385275, 49.58214851977527], [128.411365693516, 49.58223705536364], [128.41136028332372, 49.58268676685661], [128.4103897846792, 49.582861722611064]]]}}, {"id": "98", "type": "Feature", "properties": {"contour_id": "water_peak_0099", "area_ha": 2.47, "pair_id": "flood_2021_06_amur__poyarkovo", "layer": "water_peak", "aoi_name": "Поярково — Михайловский район, Амур", "event_name": "Рекордный подъём Амура у Благовещенска, июнь 2021", "date_peak": "2021-07-01"}, "geometry": {"type": "Polygon", "coordinates": [[[128.58351613022728, 49.62445015182661], [128.58352073052154, 49.62391048770504], [128.58269001050726, 49.62390749626137], [128.58269461983804, 49.62336783214562], [128.58352533067736, 49.62337082353256], [128.58352993069474, 49.6228311593092], [128.58435910223233, 49.62301403277801], [128.58435374618202, 49.623643641079894], [128.58601746402505, 49.6233797619303], [128.58601517772678, 49.62364959410763], [128.5864305356991, 49.623651078639206], [128.58642596758685, 49.62419074298386], [128.58434915513206, 49.62418330528352], [128.58434685955524, 49.62445313736626], [128.58351613022728, 49.62445015182661]]]}}, {"id": "99", "type": "Feature", "properties": {"contour_id": "water_peak_0100", "area_ha": 2.4, "pair_id": "flood_2021_06_amur__poyarkovo", "layer": "water_peak", "aoi_name": "Поярково — Михайловский район, Амур", "event_name": "Рекордный подъём Амура у Благовещенска, июнь 2021", "date_peak": "2021-07-01"}, "geometry": {"type": "Polygon", "coordinates": [[[128.81828455589587, 49.490944949778346], [128.81828555476642, 49.490675105687046], [128.81497163154614, 49.49066985279514], [128.81497264861753, 49.49040000874093], [128.81372993449196, 49.490398014451095], [128.81373095837893, 49.4901281704031], [128.81911602431035, 49.49013671583191], [128.8191150300237, 49.490406559960846], [128.81994350648523, 49.490407852405525], [128.81994152697519, 49.49094754064988], [128.81828455589587, 49.490944949778346]], [[128.81966569554055, 49.49085716245022], [128.81980509690362, 49.49049758545365], [128.8184243003209, 49.49049542642814], [128.81952827622246, 49.490677051047214], [128.81966569554055, 49.49085716245022]]]}}, {"id": "100", "type": "Feature", "properties": {"contour_id": "water_peak_0101", "area_ha": 2.36, "pair_id": "flood_2021_06_amur__poyarkovo", "layer": "water_peak", "aoi_name": "Поярково — Михайловский район, Амур", "event_name": "Рекордный подъём Амура у Благовещенска, июнь 2021", "date_peak": "2021-07-01"}, "geometry": {"type": "Polygon", "coordinates": [[[128.8887719278201, 49.52287587879724], [128.88780493494522, 49.52278499717672], [128.88780596397052, 49.52233525810452], [128.88863498228574, 49.52233605899314], [128.88863559512652, 49.522066215525356], [128.89029422645064, 49.52179795597273], [128.89029483014914, 49.52152811246462], [128.8907093325141, 49.52152850473054], [128.89070993392258, 49.521258661206055], [128.8923679343487, 49.521260215405896], [128.8923673420639, 49.52153005894512], [128.89153833727104, 49.521529284807656], [128.89153714355083, 49.522068971833434], [128.89070812966997, 49.52206819174153], [128.89070752823434, 49.52233803522806], [128.89029301902642, 49.52233764295098], [128.8902924153007, 49.52260748642112], [128.8887719278201, 49.52287587879724]]]}}, {"id": "101", "type": "Feature", "properties": {"contour_id": "water_peak_0102", "area_ha": 2.36, "pair_id": "flood_2021_06_amur__poyarkovo", "layer": "water_peak", "aoi_name": "Поярково — Михайловский район, Амур", "event_name": "Рекордный подъём Амура у Благовещенска, июнь 2021", "date_peak": "2021-07-01"}, "geometry": {"type": "Polygon", "coordinates": [[[128.43437042531866, 49.5787538550144], [128.4336819357204, 49.57848064483014], [128.43368505829673, 49.578210816680695], [128.43202833947979, 49.57793285497485], [128.4320314711129, 49.5776630268769], [128.43134300998574, 49.577389802828996], [128.43107264664332, 49.576848787127375], [128.43079601266578, 49.576847426960086], [128.43079915097314, 49.57657759886894], [128.43107578342565, 49.576578959023344], [128.43080228923333, 49.57630777076499], [128.43121723563243, 49.57630981072935], [128.43162591466128, 49.576851505478515], [128.43204086572973, 49.576853542506335], [128.4320377342379, 49.577123370642646], [128.43286764109118, 49.57712744027405], [128.4330007485569, 49.57757783157453], [128.43369130330856, 49.57767116034343], [128.43368818082615, 49.577940988518456], [128.43534490954525, 49.57821892649863], [128.4354801178537, 49.57848942947506], [128.4353386826477, 49.578758582938455], [128.43437042531866, 49.5787538550144]]]}}, {"id": "102", "type": "Feature", "properties": {"contour_id": "water_peak_0103", "area_ha": 2.34, "pair_id": "flood_2021_06_amur__poyarkovo", "layer": "water_peak", "aoi_name": "Поярково — Михайловский район, Амур", "event_name": "Рекордный подъём Амура у Благовещенска, июнь 2021", "date_peak": "2021-07-01"}, "geometry": {"type": "Polygon", "coordinates": [[[128.70858696391213, 49.54765785206237], [128.7085901740306, 49.5471181734565], [128.70776074564824, 49.54711608180925], [128.70762680181363, 49.54639616113163], [128.70610620572677, 49.54639230928594], [128.70610836393823, 49.546032523554885], [128.70514071915886, 49.54603006200833], [128.70514342574427, 49.54558032985167], [128.7059739075039, 49.54540254732489], [128.70611483831297, 49.544953166226364], [128.7061099825684, 49.545762684241794], [128.70693938791683, 49.545764787678955], [128.70693777385452, 49.54603462701199], [128.70776718386787, 49.546036724524505], [128.70776557434925, 49.54630656386472], [128.70859498902735, 49.546308655452506], [128.70859338405256, 49.54657849479985], [128.7090080937118, 49.5465795383744], [128.70900649099693, 49.54684937771895], [128.7094212029643, 49.5468504198172], [128.70927816191826, 49.54765959059353], [128.70858696391213, 49.54765785206237]]]}}, {"id": "103", "type": "Feature", "properties": {"contour_id": "water_peak_0104", "area_ha": 2.32, "pair_id": "flood_2021_06_amur__poyarkovo", "layer": "water_peak", "aoi_name": "Поярково — Михайловский район, Амур", "event_name": "Рекордный подъём Амура у Благовещенска, июнь 2021", "date_peak": "2021-07-01"}, "geometry": {"type": "Polygon", "coordinates": [[[128.7210316111922, 49.54714883478836], [128.72103314769268, 49.546878995175824], [128.72020372245981, 49.54687699271971], [128.72020680452766, 49.54633731349454], [128.71951562451784, 49.546335640271685], [128.7195243781105, 49.54480654894797], [128.720077304857, 49.54480788778463], [128.72007267983037, 49.545617406809505], [128.72131576247114, 49.54580030273788], [128.72131218103584, 49.54642992861387], [128.7221415987783, 49.54643192311211], [128.72213802787633, 49.547061548963136], [128.7210316111922, 49.54714883478836]]]}}, {"id": "104", "type": "Feature", "properties": {"contour_id": "water_peak_0105", "area_ha": 2.27, "pair_id": "flood_2021_06_amur__poyarkovo", "layer": "water_peak", "aoi_name": "Поярково — Михайловский район, Амур", "event_name": "Рекордный подъём Амура у Благовещенска, июнь 2021", "date_peak": "2021-07-01"}, "geometry": {"type": "Polygon", "coordinates": [[[128.43360872411017, 49.60870267136538], [128.43361080832454, 49.60852278688032], [128.43291981850413, 49.60842945657782], [128.4329229485901, 49.60815962986743], [128.4391512061844, 49.60818997317498], [128.43914811047202, 49.60845980017301], [128.43887026484856, 49.608548401009706], [128.4391450147131, 49.608729627158255], [128.43499279598012, 49.608709435134756], [128.43499591465513, 49.608439608340916], [128.4337502568235, 49.60843352175082], [128.43360872411017, 49.60870267136538]]]}}, {"id": "105", "type": "Feature", "properties": {"contour_id": "water_peak_0106", "area_ha": 2.26, "pair_id": "flood_2021_06_amur__poyarkovo", "layer": "water_peak", "aoi_name": "Поярково — Михайловский район, Амур", "event_name": "Рекордный подъём Амура у Благовещенска, июнь 2021", "date_peak": "2021-07-01"}, "geometry": {"type": "Polygon", "coordinates": [[[128.8271355675335, 49.682815565097826], [128.82505621403664, 49.68281244274216], [128.82505718221964, 49.682542607544036], [128.82588891897186, 49.682543860954425], [128.82588988253735, 49.68227402573174], [128.82422641829712, 49.682271512961506], [128.82422739105377, 49.68200167775001], [128.82505911854187, 49.6820029371098], [128.8250600866811, 49.6817331018737], [128.82589180962472, 49.68173435524843], [128.82589277314665, 49.6814645199878], [128.82714035076674, 49.68146638883256], [128.82713748087005, 49.68227589462968], [128.82796921316395, 49.68227713309509], [128.82796826110587, 49.682546968347246], [128.827136524209, 49.682545729870085], [128.8271355675335, 49.682815565097826]]]}}, {"id": "106", "type": "Feature", "properties": {"contour_id": "water_peak_0107", "area_ha": 2.22, "pair_id": "flood_2021_06_amur__poyarkovo", "layer": "water_peak", "aoi_name": "Поярково — Михайловский район, Амур", "event_name": "Рекордный подъём Амура у Благовещенска, июнь 2021", "date_peak": "2021-07-01"}, "geometry": {"type": "Polygon", "coordinates": [[[128.4580448247783, 49.62689902895703], [128.45804781813848, 49.62662920196555], [128.45846319369946, 49.62663114568572], [128.4584651877186, 49.62645126100534], [128.46096140247965, 49.62610312243338], [128.46096735677082, 49.62556346810357], [128.46179809021518, 49.625567333043996], [128.4618099799098, 49.62448802408453], [128.4622253375241, 49.624489954246286], [128.46220751647644, 49.62610891771864], [128.46179214509942, 49.62610698744708], [128.46178917247445, 49.626376814629474], [128.46012469639305, 49.626638905664194], [128.46012171450272, 49.62690873274768], [128.4580448247783, 49.62689902895703]]]}}, {"id": "107", "type": "Feature", "properties": {"contour_id": "water_peak_0108", "area_ha": 2.16, "pair_id": "flood_2021_06_amur__poyarkovo", "layer": "water_peak", "aoi_name": "Поярково — Михайловский район, Амур", "event_name": "Рекордный подъём Амура у Благовещенска, июнь 2021", "date_peak": "2021-07-01"}, "geometry": {"type": "Polygon", "coordinates": [[[128.8799646373064, 49.5082954805933], [128.87996925868248, 49.506406572022506], [128.88079800759039, 49.506407428860214], [128.8807999743576, 49.50559789640134], [128.88162870963106, 49.50559874727838], [128.88162545442654, 49.50694796802017], [128.88079669636303, 49.50694711710283], [128.88079341812224, 49.50829633748783], [128.8799646373064, 49.5082954805933]]]}}, {"id": "108", "type": "Feature", "properties": {"contour_id": "water_peak_0109", "area_ha": 2.16, "pair_id": "flood_2021_06_amur__poyarkovo", "layer": "water_peak", "aoi_name": "Поярково — Михайловский район, Амур", "event_name": "Рекордный подъём Амура у Благовещенска, июнь 2021", "date_peak": "2021-07-01"}, "geometry": {"type": "Polygon", "coordinates": [[[128.79998421577616, 49.508994389991], [128.79998531594177, 49.50872454703353], [128.7983277464555, 49.50872166956944], [128.79832996497103, 49.508181983671], [128.79998641609083, 49.50845470406338], [128.79998751622335, 49.50818486108058], [128.80371808710774, 49.5079214053705], [128.80371700750447, 49.5081912484265], [128.80205836692392, 49.508458267464654], [128.8020572781712, 49.50872811046855], [128.80081410078418, 49.508725976860234], [128.8008130051772, 49.50899581983124], [128.79998421577616, 49.508994389991]]]}}, {"id": "109", "type": "Feature", "properties": {"contour_id": "water_peak_0110", "area_ha": 2.16, "pair_id": "flood_2021_06_amur__poyarkovo", "layer": "water_peak", "aoi_name": "Поярково — Михайловский район, Амур", "event_name": "Рекордный подъём Амура у Благовещенска, июнь 2021", "date_peak": "2021-07-01"}, "geometry": {"type": "Polygon", "coordinates": [[[128.82314461785802, 49.521714802884794], [128.82314559106945, 49.52144496016458], [128.82231659021616, 49.521443690069226], [128.82231756797472, 49.52117384734839], [128.8206595755683, 49.521171289363224], [128.82066154928808, 49.520631603931996], [128.81983256229705, 49.520630316054536], [128.8198345450806, 49.52009063059707], [128.82149250087585, 49.520093200363895], [128.82149053633842, 49.52063288587006], [128.8231475374484, 49.52090527468616], [128.82314656426624, 49.52117511743171], [128.82397556061622, 49.52117638157548], [128.82397362333163, 49.52171606705253], [128.82314461785802, 49.521714802884794]]]}}, {"id": "110", "type": "Feature", "properties": {"contour_id": "water_peak_0111", "area_ha": 2.16, "pair_id": "flood_2021_06_amur__poyarkovo", "layer": "water_peak", "aoi_name": "Поярково — Михайловский район, Амур", "event_name": "Рекордный подъём Амура у Благовещенска, июнь 2021", "date_peak": "2021-07-01"}, "geometry": {"type": "Polygon", "coordinates": [[[128.5989607656952, 49.56459984028661], [128.5989696062686, 49.56352049869487], [128.59938445460583, 49.563521935481674], [128.599395493145, 49.56217275813769], [128.60022516705908, 49.56217562711432], [128.60023177606914, 49.561366120473714], [128.60106143640056, 49.5613689834212], [128.6010526426079, 49.56244832569177], [128.6002229639895, 49.56244546263575], [128.60021194814462, 49.56379464005209], [128.59938224679843, 49.56379177091232], [128.599375623177, 49.56460127712789], [128.5989607656952, 49.56459984028661]]]}}, {"id": "111", "type": "Feature", "properties": {"contour_id": "water_peak_0112", "area_ha": 2.07, "pair_id": "flood_2021_06_amur__poyarkovo", "layer": "water_peak", "aoi_name": "Поярково — Михайловский район, Амур", "event_name": "Рекордный подъём Амура у Благовещенска, июнь 2021", "date_peak": "2021-07-01"}, "geometry": {"type": "Polygon", "coordinates": [[[128.82480744915722, 49.52036811143341], [128.82480841317252, 49.52009826862598], [128.82397943501076, 49.5200970104694], [128.82398137212073, 49.51955732484036], [128.82315240313997, 49.519556060768444], [128.82315532237945, 49.51874653226582], [128.82232636714087, 49.51874526229083], [128.82232929993185, 49.51793573371031], [128.82315824148736, 49.51793700364921], [128.82315629543004, 49.518476689406285], [128.823985246166, 49.5184779534303], [128.82398234065386, 49.51928748200683], [128.8248113051315, 49.51928874012765], [128.82481034115966, 49.5195585829731], [128.82522482570087, 49.51955920981226], [128.8252219405406, 49.52036873829041], [128.82480744915722, 49.52036811143341]]]}}, {"id": "112", "type": "Feature", "properties": {"contour_id": "water_peak_0113", "area_ha": 1.99, "pair_id": "flood_2021_06_amur__poyarkovo", "layer": "water_peak", "aoi_name": "Поярково — Михайловский район, Амур", "event_name": "Рекордный подъём Амура у Благовещенска, июнь 2021", "date_peak": "2021-07-01"}, "geometry": {"type": "Polygon", "coordinates": [[[128.75677620589238, 49.531308713564705], [128.75705303973706, 49.5312193471595], [128.7570561601917, 49.53058971782964], [128.7547073465626, 49.53049481446625], [128.75471004700003, 49.52995513221404], [128.75388090590693, 49.529953371573626], [128.75388361539083, 49.52941368930409], [128.75554053379867, 49.52968704575144], [128.75553784252963, 49.53022672806224], [128.75678156128848, 49.530229348995874], [128.75678022246964, 49.5304991901571], [128.75760937297352, 49.53050093003599], [128.7576080386986, 49.53077077120101], [128.7584371938468, 49.53077250515495], [128.75843586411597, 49.531042346323744], [128.75871225070452, 49.53104292299353], [128.75871136522048, 49.53122281710265], [128.75815814626412, 49.531311610144435], [128.75677620589238, 49.531308713564705]]]}}, {"id": "113", "type": "Feature", "properties": {"contour_id": "water_peak_0114", "area_ha": 1.98, "pair_id": "flood_2021_06_amur__poyarkovo", "layer": "water_peak", "aoi_name": "Поярково — Михайловский район, Амур", "event_name": "Рекордный подъём Амура у Благовещенска, июнь 2021", "date_peak": "2021-07-01"}, "geometry": {"type": "Polygon", "coordinates": [[[128.72736855178326, 49.55112163789676], [128.72738106616632, 49.54887297442479], [128.72793403917368, 49.54887427579893], [128.72793054241137, 49.54950390168864], [128.7282060344014, 49.54968444450197], [128.7295894829943, 49.54950779004316], [128.72958501439047, 49.55031730905331], [128.72806429371323, 49.550313745535334], [128.7279215501737, 49.55112293937368], [128.72736855178326, 49.55112163789676]]]}}, {"id": "114", "type": "Feature", "properties": {"contour_id": "water_peak_0115", "area_ha": 1.98, "pair_id": "flood_2021_06_amur__poyarkovo", "layer": "water_peak", "aoi_name": "Поярково — Михайловский район, Амур", "event_name": "Рекордный подъём Амура у Благовещенска, июнь 2021", "date_peak": "2021-07-01"}, "geometry": {"type": "Polygon", "coordinates": [[[128.6722145595155, 49.529211155812845], [128.67223440454936, 49.526242923533054], [128.67306347698164, 49.52624526909291], [128.67304368214297, 49.5292135016172], [128.6722145595155, 49.529211155812845]]]}}, {"id": "115", "type": "Feature", "properties": {"contour_id": "water_peak_0116", "area_ha": 1.87, "pair_id": "flood_2021_06_amur__poyarkovo", "layer": "water_peak", "aoi_name": "Поярково — Михайловский район, Амур", "event_name": "Рекордный подъём Амура у Благовещенска, июнь 2021", "date_peak": "2021-07-01"}, "geometry": {"type": "Polygon", "coordinates": [[[128.4930652534367, 49.574618381658624], [128.49306991137223, 49.574168663396655], [128.4926549789129, 49.57416684523986], [128.49265777590546, 49.57389701428289], [128.4968070795131, 49.57391512874158], [128.4968024559571, 49.574364847282226], [128.4930652534367, 49.574618381658624]]]}}, {"id": "116", "type": "Feature", "properties": {"contour_id": "water_peak_0117", "area_ha": 1.8, "pair_id": "flood_2021_06_amur__poyarkovo", "layer": "water_peak", "aoi_name": "Поярково — Михайловский район, Амур", "event_name": "Рекордный подъём Амура у Благовещенска, июнь 2021", "date_peak": "2021-07-01"}, "geometry": {"type": "Polygon", "coordinates": [[[128.83930050712192, 49.52470665433707], [128.83930316028605, 49.52389712588606], [128.83847411728243, 49.52389597151424], [128.8384750062063, 49.52362612868284], [128.8376459678185, 49.52362496838193], [128.83764686129138, 49.52335512554886], [128.83930492899572, 49.52335744018873], [128.83930404464755, 49.52362728304373], [128.84013308314192, 49.523628431464566], [128.84013132353058, 49.524168117158325], [128.84178854822716, 49.524440239072504], [128.84178767751368, 49.52471008190932], [128.83930050712192, 49.52470665433707]]]}}, {"id": "117", "type": "Feature", "properties": {"contour_id": "water_peak_0118", "area_ha": 1.8, "pair_id": "flood_2021_06_amur__poyarkovo", "layer": "water_peak", "aoi_name": "Поярково — Михайловский район, Амур", "event_name": "Рекордный подъём Амура у Благовещенска, июнь 2021", "date_peak": "2021-07-01"}, "geometry": {"type": "Polygon", "coordinates": [[[128.46598125364514, 49.62288829373049], [128.46598420275396, 49.622618466199704], [128.46556886079358, 49.62261654957618], [128.46557181215147, 49.62234672205077], [128.4647411329509, 49.62234288437004], [128.46474408885115, 49.62207305686826], [128.4659901008385, 49.62207881109981], [128.4659871518184, 49.62234863865614], [128.4684791907508, 49.62236010699823], [128.46848212601049, 49.62209027933318], [128.46931280142155, 49.622094090157695], [128.46930694003174, 49.62263374554729], [128.46847625544697, 49.62262993465052], [128.46847332009895, 49.622899762290025], [128.46598125364514, 49.62288829373049]]]}}, {"id": "118", "type": "Feature", "properties": {"contour_id": "water_peak_0119", "area_ha": 1.8, "pair_id": "flood_2021_06_amur__poyarkovo", "layer": "water_peak", "aoi_name": "Поярково — Михайловский район, Амур", "event_name": "Рекордный подъём Амура у Благовещенска, июнь 2021", "date_peak": "2021-07-01"}, "geometry": {"type": "Polygon", "coordinates": [[[128.63037859923185, 49.524497718810835], [128.63038876975548, 49.523148527408324], [128.63204680273435, 49.52315381201084], [128.632036677832, 49.52450300366373], [128.63037859923185, 49.524497718810835]]]}}, {"id": "119", "type": "Feature", "properties": {"contour_id": "water_peak_0120", "area_ha": 1.8, "pair_id": "flood_2021_06_amur__poyarkovo", "layer": "water_peak", "aoi_name": "Поярково — Михайловский район, Амур", "event_name": "Рекордный подъём Амура у Благовещенска, июнь 2021", "date_peak": "2021-07-01"}, "geometry": {"type": "Polygon", "coordinates": [[[128.64897880400014, 49.589857680343954], [128.64898267650062, 49.58931800884554], [128.64815253770035, 49.589315488402235], [128.6481544784857, 49.58904565265787], [128.64898461270715, 49.58904817307727], [128.64899042115206, 49.58823866569629], [128.65065066247215, 49.588243688531875], [128.65064488149923, 49.589053196055694], [128.6498147470451, 49.589050687543214], [128.64980895207472, 49.58986019488138], [128.64897880400014, 49.589857680343954]]]}}, {"id": "120", "type": "Feature", "properties": {"contour_id": "water_peak_0121", "area_ha": 1.8, "pair_id": "flood_2021_06_amur__poyarkovo", "layer": "water_peak", "aoi_name": "Поярково — Михайловский район, Амур", "event_name": "Рекордный подъём Амура у Благовещенска, июнь 2021", "date_peak": "2021-07-01"}, "geometry": {"type": "Polygon", "coordinates": [[[128.82392808037974, 49.53439866117877], [128.82393098833782, 49.53358913473002], [128.8247601946589, 49.533590393482825], [128.82476115938425, 49.53332055129599], [128.82641956307037, 49.53332305095158], [128.82641669624044, 49.534132577545165], [128.8255874806737, 49.53413133065295], [128.82558652046995, 49.534401172813666], [128.82392808037974, 49.53439866117877]]]}}, {"id": "121", "type": "Feature", "properties": {"contour_id": "water_peak_0122", "area_ha": 1.8, "pair_id": "flood_2021_06_amur__poyarkovo", "layer": "water_peak", "aoi_name": "Поярково — Михайловский район, Амур", "event_name": "Рекордный подъём Амура у Благовещенска, июнь 2021", "date_peak": "2021-07-01"}, "geometry": {"type": "Polygon", "coordinates": [[[128.7401085215579, 49.547193250941035], [128.74011281578865, 49.54638373080264], [128.73928339763677, 49.546381865111925], [128.73928914124826, 49.54530250482062], [128.7409465143599, 49.5455760702433], [128.74093795350032, 49.54719511073994], [128.7401085215579, 49.547193250941035]]]}}, {"id": "122", "type": "Feature", "properties": {"contour_id": "water_peak_0123", "area_ha": 1.76, "pair_id": "flood_2021_06_amur__poyarkovo", "layer": "water_peak", "aoi_name": "Поярково — Михайловский район, Амур", "event_name": "Рекордный подъём Амура у Благовещенска, июнь 2021", "date_peak": "2021-07-01"}, "geometry": {"type": "Polygon", "coordinates": [[[128.67141256603892, 49.52516121454829], [128.67143064867057, 49.52246281994798], [128.67198332095924, 49.522464388066815], [128.6719821175625, 49.52264428108959], [128.67225845473868, 49.52264506416403], [128.6722416201121, 49.52516356595941], [128.67141256603892, 49.52516121454829]]]}}, {"id": "123", "type": "Feature", "properties": {"contour_id": "water_peak_0124", "area_ha": 1.73, "pair_id": "flood_2021_06_amur__poyarkovo", "layer": "water_peak", "aoi_name": "Поярково — Михайловский район, Амур", "event_name": "Рекордный подъём Амура у Благовещенска, июнь 2021", "date_peak": "2021-07-01"}, "geometry": {"type": "Polygon", "coordinates": [[[128.72048227479956, 49.49803581732822], [128.7204976423633, 49.4953373977314], [128.7206357346848, 49.495337731282724], [128.72118759304664, 49.49542901118525], [128.72131240662534, 49.49776797443148], [128.721725174116, 49.49803881363993], [128.72048227479956, 49.49803581732822]]]}}, {"id": "124", "type": "Feature", "properties": {"contour_id": "water_peak_0125", "area_ha": 1.72, "pair_id": "flood_2021_06_amur__poyarkovo", "layer": "water_peak", "aoi_name": "Поярково — Михайловский район, Амур", "event_name": "Рекордный подъём Амура у Благовещенска, июнь 2021", "date_peak": "2021-07-01"}, "geometry": {"type": "Polygon", "coordinates": [[[128.70111544475867, 49.54871816920161], [128.70111709104353, 49.54844833013619], [128.70028764070034, 49.5484461848842], [128.70015215162235, 49.547996094999846], [128.69945984585348, 49.54817419464975], [128.69946150122567, 49.54790435559967], [128.69863206021816, 49.54790219849843], [128.6987736186627, 49.54736288032398], [128.70029589459514, 49.547096989468415], [128.70042973253547, 49.54781691834325], [128.7015356521575, 49.547819775973814], [128.70153017225167, 49.548719239608346], [128.70111544475867, 49.54871816920161]]]}}, {"id": "125", "type": "Feature", "properties": {"contour_id": "water_peak_0126", "area_ha": 1.71, "pair_id": "flood_2021_06_amur__poyarkovo", "layer": "water_peak", "aoi_name": "Поярково — Михайловский район, Амур", "event_name": "Рекордный подъём Амура у Благовещенска, июнь 2021", "date_peak": "2021-07-01"}, "geometry": {"type": "Polygon", "coordinates": [[[128.4482981836448, 49.60715456078564], [128.4483012287131, 49.60688473330756], [128.4473324123122, 49.60688011191228], [128.4473374962351, 49.60643039949345], [128.447060694141, 49.60642907762649], [128.4466404007502, 49.606876805951714], [128.44664650908032, 49.606337151107525], [128.45190473372534, 49.60645211474374], [128.45190271697481, 49.606631999852766], [128.44968828996005, 49.60662149368302], [128.44927105859384, 49.606799404084974], [128.44926801888744, 49.607069231611035], [128.4482981836448, 49.60715456078564]], [[128.4480264550401, 49.6067035287521], [128.4485790479483, 49.606796109717344], [128.44858006244658, 49.606706167216224], [128.4480264550401, 49.6067035287521]]]}}, {"id": "126", "type": "Feature", "properties": {"contour_id": "water_peak_0127", "area_ha": 1.71, "pair_id": "flood_2021_06_amur__poyarkovo", "layer": "water_peak", "aoi_name": "Поярково — Михайловский район, Амур", "event_name": "Рекордный подъём Амура у Благовещенска, июнь 2021", "date_peak": "2021-07-01"}, "geometry": {"type": "Polygon", "coordinates": [[[128.72283241777694, 49.522057680157005], [128.72283851856318, 49.5209783167606], [128.7220110610731, 49.520706487142014], [128.72201565003758, 49.51989696447998], [128.72284461898272, 49.51989895316122], [128.72284156881878, 49.52043863498628], [128.7236705469783, 49.52044061776595], [128.72366142330628, 49.52205966304939], [128.72283241777694, 49.522057680157005]]]}}, {"id": "127", "type": "Feature", "properties": {"contour_id": "water_peak_0128", "area_ha": 1.71, "pair_id": "flood_2021_06_amur__poyarkovo", "layer": "water_peak", "aoi_name": "Поярково — Михайловский район, Амур", "event_name": "Рекордный подъём Амура у Благовещенска, июнь 2021", "date_peak": "2021-07-01"}, "geometry": {"type": "Polygon", "coordinates": [[[128.74800755901845, 49.54343291507246], [128.74801172218042, 49.54262339390609], [128.74718236716825, 49.542621584930004], [128.74718793602673, 49.54154222326591], [128.74760260438842, 49.54154312846264], [128.74760121448864, 49.54181296890624], [128.74843055584154, 49.54181477485904], [128.7484277851132, 49.542354455742476], [128.74925713568334, 49.542356255785634], [128.74925299313608, 49.543165777066854], [128.74842362886451, 49.54316397697252], [128.74842224340665, 49.54343381735719], [128.74800755901845, 49.54343291507246]]]}}, {"id": "128", "type": "Feature", "properties": {"contour_id": "water_peak_0129", "area_ha": 1.71, "pair_id": "flood_2021_06_amur__poyarkovo", "layer": "water_peak", "aoi_name": "Поярково — Михайловский район, Амур", "event_name": "Рекордный подъём Амура у Благовещенска, июнь 2021", "date_peak": "2021-07-01"}, "geometry": {"type": "Polygon", "coordinates": [[[128.73924318268544, 49.553937381470355], [128.73924605574334, 49.55339770206016], [128.7388312873035, 49.553396766755114], [128.73883560358297, 49.5525872475713], [128.7380060804774, 49.55258537255491], [128.73800752376354, 49.552315532819385], [128.73883704229956, 49.55231740781801], [128.7388384809945, 49.552047568052025], [128.73925323801018, 49.55204850331275], [128.7392518016, 49.55231834308759], [128.74008132026563, 49.552320209167334], [128.7400727287697, 49.5539392476562], [128.73924318268544, 49.553937381470355]]]}}, {"id": "129", "type": "Feature", "properties": {"contour_id": "water_peak_0130", "area_ha": 1.64, "pair_id": "flood_2021_06_amur__poyarkovo", "layer": "water_peak", "aoi_name": "Поярково — Михайловский район, Амур", "event_name": "Рекордный подъём Амура у Благовещенска, июнь 2021", "date_peak": "2021-07-01"}, "geometry": {"type": "Polygon", "coordinates": [[[128.72273455699965, 49.490485555393946], [128.72259952793956, 49.489945539748696], [128.72177106492194, 49.489943550191306], [128.7217720844828, 49.48976365531831], [128.72301528198972, 49.489676689962664], [128.72301680447384, 49.48940684761009], [128.7226025774843, 49.48940585507505], [128.72260562693748, 49.48886617035064], [128.72343457854794, 49.488778206434695], [128.72344015225087, 49.48778878422373], [128.72426857902403, 49.487790761765424], [128.72426352721158, 49.48869023657216], [128.72343407183246, 49.488868153899965], [128.7234290045381, 49.489767628475064], [128.7231528511701, 49.48976696793029], [128.72314930037135, 49.490396600034366], [128.72273455699965, 49.490485555393946]]]}}, {"id": "130", "type": "Feature", "properties": {"contour_id": "water_peak_0131", "area_ha": 1.64, "pair_id": "flood_2021_06_amur__poyarkovo", "layer": "water_peak", "aoi_name": "Поярково — Михайловский район, Амур", "event_name": "Рекордный подъём Амура у Благовещенска, июнь 2021", "date_peak": "2021-07-01"}, "geometry": {"type": "Polygon", "coordinates": [[[128.76916411601832, 49.541857991957414], [128.76916538717907, 49.541588151087154], [128.76875071777658, 49.541587323158616], [128.7686180159819, 49.54041773631328], [128.7672366722602, 49.54023507034992], [128.76723880841828, 49.53978533549357], [128.7687596313501, 49.53969843676677], [128.76875835803986, 49.53996827771792], [128.76917301374232, 49.53996910559937], [128.7691666583207, 49.541318310204204], [128.76999599261606, 49.541319961587824], [128.76999345944745, 49.54185964337233], [128.76916411601832, 49.541857991957414]]]}}, {"id": "131", "type": "Feature", "properties": {"contour_id": "water_peak_0132", "area_ha": 1.56, "pair_id": "flood_2021_06_amur__poyarkovo", "layer": "water_peak", "aoi_name": "Поярково — Михайловский район, Амур", "event_name": "Рекордный подъём Амура у Благовещенска, июнь 2021", "date_peak": "2021-07-01"}, "geometry": {"type": "Polygon", "coordinates": [[[128.672470488943, 49.49089385734632], [128.67247408968592, 49.490354175257245], [128.67206045750729, 49.49026305471328], [128.67275084467556, 49.49026500976289], [128.6727550418429, 49.48963538056757], [128.6735840939842, 49.48954777409593], [128.67372396284063, 49.489278322477816], [128.6741381868923, 49.48927949002854], [128.67413997800824, 49.4890096488698], [128.67496842163882, 49.48901197949963], [128.67497020817453, 49.48874213830612], [128.67538383300337, 49.488833248454874], [128.67537966966975, 49.48946287790248], [128.67386024486083, 49.48954855296484], [128.67371738683713, 49.4902677399106], [128.67288832276384, 49.49035534730188], [128.6728847265747, 49.490895029413174], [128.672470488943, 49.49089385734632]]]}}, {"id": "132", "type": "Feature", "properties": {"contour_id": "water_peak_0133", "area_ha": 1.55, "pair_id": "flood_2021_06_amur__poyarkovo", "layer": "water_peak", "aoi_name": "Поярково — Михайловский район, Амур", "event_name": "Рекордный подъём Амура у Благовещенска, июнь 2021", "date_peak": "2021-07-01"}, "geometry": {"type": "Polygon", "coordinates": [[[128.47687054985386, 49.49800026091776], [128.47687342612187, 49.497730427059444], [128.47604485659528, 49.497726677352645], [128.47604773737518, 49.49745684351707], [128.47812106303195, 49.49728631727914], [128.4781258452086, 49.49683659402942], [128.47895439998325, 49.49684032878324], [128.47894198581355, 49.49800960931199], [128.47687054985386, 49.49800026091776]]]}}, {"id": "133", "type": "Feature", "properties": {"contour_id": "water_peak_0134", "area_ha": 1.52, "pair_id": "flood_2021_06_amur__poyarkovo", "layer": "water_peak", "aoi_name": "Поярково — Михайловский район, Амур", "event_name": "Рекордный подъём Амура у Благовещенска, июнь 2021", "date_peak": "2021-07-01"}, "geometry": {"type": "Polygon", "coordinates": [[[128.65904146865248, 49.63495112415097], [128.65904335240805, 49.63468129023471], [128.65821244194893, 49.63467884031182], [128.65821433026656, 49.63440900640611], [128.65904523613526, 49.63441145630576], [128.6590471198341, 49.634141622364105], [128.65821621855576, 49.634139172487686], [128.65821810681655, 49.633869338556565], [128.66029534874926, 49.63387545200919], [128.6604288287871, 49.63459541553389], [128.66112125313828, 49.6345974442928], [128.6602897183093, 49.63468495393834], [128.66028784143947, 49.634954787889335], [128.65904146865248, 49.63495112415097]]]}}, {"id": "134", "type": "Feature", "properties": {"contour_id": "water_peak_0135", "area_ha": 1.45, "pair_id": "flood_2021_06_amur__poyarkovo", "layer": "water_peak", "aoi_name": "Поярково — Михайловский район, Амур", "event_name": "Рекордный подъём Амура у Благовещенска, июнь 2021", "date_peak": "2021-07-01"}, "geometry": {"type": "Polygon", "coordinates": [[[128.42232546876113, 49.56790061336663], [128.42219566986358, 49.567180381363485], [128.42136805933393, 49.56699635041931], [128.42151485059296, 49.566277500086294], [128.42289665957463, 49.566374346889965], [128.42301692632446, 49.567904062705615], [128.42232546876113, 49.56790061336663]]]}}, {"id": "135", "type": "Feature", "properties": {"contour_id": "water_peak_0136", "area_ha": 1.44, "pair_id": "flood_2021_06_amur__poyarkovo", "layer": "water_peak", "aoi_name": "Поярково — Михайловский район, Амур", "event_name": "Рекордный подъём Амура у Благовещенска, июнь 2021", "date_peak": "2021-07-01"}, "geometry": {"type": "Polygon", "coordinates": [[[128.46897835043967, 49.729218503041096], [128.4689901245402, 49.72813921223875], [128.469822608251, 49.728143025327654], [128.46982554705122, 49.72787320255899], [128.47149050577627, 49.72788081071793], [128.471487576204, 49.72815063355877], [128.47065509213903, 49.72814683243433], [128.47065215790855, 49.72841665522633], [128.4698196694065, 49.72841284808355], [128.4698137915845, 49.72895249355707], [128.47064628931486, 49.728956300772076], [128.47064335495168, 49.729226123525805], [128.46897835043967, 49.729218503041096]]]}}, {"id": "136", "type": "Feature", "properties": {"contour_id": "water_peak_0137", "area_ha": 1.44, "pair_id": "flood_2021_06_amur__poyarkovo", "layer": "water_peak", "aoi_name": "Поярково — Михайловский район, Амур", "event_name": "Рекордный подъём Амура у Благовещенска, июнь 2021", "date_peak": "2021-07-01"}, "geometry": {"type": "Polygon", "coordinates": [[[128.8662492934866, 49.52312187978124], [128.86625223761712, 49.522042506884645], [128.86708125031643, 49.522043462199136], [128.86708271319145, 49.52150377565676], [128.86791171681085, 49.52150472501352], [128.86790880926483, 49.52258409808359], [128.86707978739744, 49.52258314869085], [128.86707832443446, 49.523122835131936], [128.8662492934866, 49.52312187978124]]]}}, {"id": "137", "type": "Feature", "properties": {"contour_id": "water_peak_0138", "area_ha": 1.44, "pair_id": "flood_2021_06_amur__poyarkovo", "layer": "water_peak", "aoi_name": "Поярково — Михайловский район, Амур", "event_name": "Рекордный подъём Амура у Благовещенска, июнь 2021", "date_peak": "2021-07-01"}, "geometry": {"type": "Polygon", "coordinates": [[[128.8654602396834, 49.50854936778688], [128.86546097969423, 49.50827952390716], [128.86463219965663, 49.50827855718047], [128.86463294421486, 49.508008713297244], [128.8671192707854, 49.50801159563944], [128.8671200016572, 49.50774175171623], [128.86753438717838, 49.50774222690739], [128.86753511576006, 49.507472382967045], [128.86836388227687, 49.507473328887805], [128.86836243421934, 49.508013016773795], [128.86753365858576, 49.50801207083508], [128.86753292998222, 49.508281914750114], [128.8671185399026, 49.508281439549954], [128.86711780900882, 49.50855128344782], [128.8654602396834, 49.50854936778688]]]}}, {"id": "138", "type": "Feature", "properties": {"contour_id": "water_peak_0139", "area_ha": 1.44, "pair_id": "flood_2021_06_amur__poyarkovo", "layer": "water_peak", "aoi_name": "Поярково — Михайловский район, Амур", "event_name": "Рекордный подъём Амура у Благовещенска, июнь 2021", "date_peak": "2021-07-01"}, "geometry": {"type": "Polygon", "coordinates": [[[128.82150035843512, 49.51793445783255], [128.82150330477637, 49.517124929174315], [128.82067437702108, 49.51712364739416], [128.820675363666, 49.516853804494865], [128.82233418762308, 49.516586519156114], [128.82233321011424, 49.516856362092284], [128.82316213342656, 49.51685763198306], [128.8231601874862, 49.51739731784147], [128.8223312550524, 49.51739604792663], [128.82232929993185, 49.51793573371031], [128.82150035843512, 49.51793445783255]]]}}, {"id": "139", "type": "Feature", "properties": {"contour_id": "water_peak_0140", "area_ha": 1.44, "pair_id": "flood_2021_06_amur__poyarkovo", "layer": "water_peak", "aoi_name": "Поярково — Михайловский район, Амур", "event_name": "Рекордный подъём Амура у Благовещенска, июнь 2021", "date_peak": "2021-07-01"}, "geometry": {"type": "Polygon", "coordinates": [[[128.4703239905066, 49.720320063631746], [128.4703357310803, 49.7192407709277], [128.4711680628323, 49.719244573852656], [128.47117392363037, 49.71870492735191], [128.47200624633578, 49.71870872422446], [128.4719945430098, 49.719788017318976], [128.47116220185754, 49.71978422030235], [128.47115634070605, 49.720323866701], [128.4703239905066, 49.720320063631746]]]}}, {"id": "140", "type": "Feature", "properties": {"contour_id": "water_peak_0141", "area_ha": 1.42, "pair_id": "flood_2021_06_amur__poyarkovo", "layer": "water_peak", "aoi_name": "Поярково — Михайловский район, Амур", "event_name": "Рекордный подъём Амура у Благовещенска, июнь 2021", "date_peak": "2021-07-01"}, "geometry": {"type": "Polygon", "coordinates": [[[128.67552250095233, 49.488743688748755], [128.67538621198565, 49.48847346016805], [128.6767675287283, 49.48838737926295], [128.67704603994576, 49.488028362145855], [128.6788415543173, 49.48794341207024], [128.67856011207908, 49.48875216905224], [128.67552250095233, 49.488743688748755]]]}}, {"id": "141", "type": "Feature", "properties": {"contour_id": "water_peak_0142", "area_ha": 1.35, "pair_id": "flood_2021_06_amur__poyarkovo", "layer": "water_peak", "aoi_name": "Поярково — Михайловский район, Амур", "event_name": "Рекордный подъём Амура у Благовещенска, июнь 2021", "date_peak": "2021-07-01"}, "geometry": {"type": "Polygon", "coordinates": [[[128.5889499249052, 49.62042196638938], [128.58895219473746, 49.62015213396117], [128.59185949422795, 49.62016242010414], [128.59186174797307, 49.6198925875657], [128.59352529807967, 49.61962859992046], [128.59352080896943, 49.620168265120874], [128.592690151531, 49.62016534559245], [128.59268790233858, 49.6204351781459], [128.5889499249052, 49.62042196638938]]]}}, {"id": "142", "type": "Feature", "properties": {"contour_id": "water_peak_0143", "area_ha": 1.35, "pair_id": "flood_2021_06_amur__poyarkovo", "layer": "water_peak", "aoi_name": "Поярково — Михайловский район, Амур", "event_name": "Рекордный подъём Амура у Благовещенска, июнь 2021", "date_peak": "2021-07-01"}, "geometry": {"type": "Polygon", "coordinates": [[[128.823985246166, 49.5184779534303], [128.82398718310134, 49.517938267649264], [128.82315824148736, 49.51793700364921], [128.8231601874862, 49.51739731784147], [128.82398911997845, 49.51739858181756], [128.82398815154716, 49.517668424739746], [128.82440262009555, 49.51766905450674], [128.82440358624643, 49.51739921157859], [128.82523251882589, 49.51740046664659], [128.82522867237896, 49.51847983833076], [128.823985246166, 49.5184779534303]]]}}, {"id": "143", "type": "Feature", "properties": {"contour_id": "water_peak_0144", "area_ha": 1.35, "pair_id": "flood_2021_06_amur__poyarkovo", "layer": "water_peak", "aoi_name": "Поярково — Михайловский район, Амур", "event_name": "Рекордный подъём Амура у Благовещенска, июнь 2021", "date_peak": "2021-07-01"}, "geometry": {"type": "Polygon", "coordinates": [[[128.75124674785005, 49.586075020084635], [128.75111160225563, 49.58544509962641], [128.74986648100008, 49.585442415563655], [128.7498687802359, 49.58499268481436], [128.74903870713246, 49.58499088802648], [128.74904009122417, 49.58472104957704], [128.75070022835826, 49.584724637166], [128.7506988534223, 49.58499447564945], [128.75180561779948, 49.58499685416972], [128.75180014226513, 49.58607620806698], [128.75124674785005, 49.586075020084635]]]}}, {"id": "144", "type": "Feature", "properties": {"contour_id": "water_peak_0145", "area_ha": 1.34, "pair_id": "flood_2021_06_amur__poyarkovo", "layer": "water_peak", "aoi_name": "Поярково — Михайловский район, Амур", "event_name": "Рекордный подъём Амура у Благовещенска, июнь 2021", "date_peak": "2021-07-01"}, "geometry": {"type": "Polygon", "coordinates": [[[128.45066208408838, 49.61849915451041], [128.45066511732438, 49.61822932745684], [128.44983552275968, 49.61813544071577], [128.45066815051476, 49.617959500390484], [128.4506711836595, 49.61768967331135], [128.45233238018793, 49.6176975440838], [128.45232935621445, 49.61796737123755], [128.45315794638697, 49.61815118250937], [128.45232633219544, 49.61823719837851], [128.45232330813093, 49.618507025506716], [128.45066208408838, 49.61849915451041]]]}}, {"id": "145", "type": "Feature", "properties": {"contour_id": "water_peak_0146", "area_ha": 1.33, "pair_id": "flood_2021_06_amur__poyarkovo", "layer": "water_peak", "aoi_name": "Поярково — Михайловский район, Амур", "event_name": "Рекордный подъём Амура у Благовещенска, июнь 2021", "date_peak": "2021-07-01"}, "geometry": {"type": "Polygon", "coordinates": [[[128.7600162330924, 49.54696640488938], [128.76002019835494, 49.54615688349066], [128.76085093115432, 49.54588876003957], [128.760852248281, 49.54561891951903], [128.76168165487724, 49.5456206305987], [128.76167640452394, 49.546699992669666], [128.7600162330924, 49.54696640488938]]]}}, {"id": "146", "type": "Feature", "properties": {"contour_id": "water_peak_0147", "area_ha": 1.26, "pair_id": "flood_2021_06_amur__poyarkovo", "layer": "water_peak", "aoi_name": "Поярково — Михайловский район, Амур", "event_name": "Рекордный подъём Амура у Благовещенска, июнь 2021", "date_peak": "2021-07-01"}, "geometry": {"type": "Polygon", "coordinates": [[[128.88162870963106, 49.50559874727838], [128.88163326650667, 49.50370983770816], [128.88246196991605, 49.50371068259283], [128.88245744494364, 49.505599592219085], [128.88162870963106, 49.50559874727838]]]}}, {"id": "147", "type": "Feature", "properties": {"contour_id": "water_peak_0148", "area_ha": 1.26, "pair_id": "flood_2021_06_amur__poyarkovo", "layer": "water_peak", "aoi_name": "Поярково — Михайловский район, Амур", "event_name": "Рекордный подъём Амура у Благовещенска, июнь 2021", "date_peak": "2021-07-01"}, "geometry": {"type": "Polygon", "coordinates": [[[128.7463236743148, 49.54828641505702], [128.7463278660139, 49.54747689467833], [128.74715730316137, 49.54747870990795], [128.74716148096678, 49.54666918936358], [128.7479909044933, 49.54667099859684], [128.7479853523173, 49.54775035936589], [128.74715591051773, 49.547748550064064], [128.74715312516756, 49.54828823033824], [128.7463236743148, 49.54828641505702]]]}}, {"id": "148", "type": "Feature", "properties": {"contour_id": "water_peak_0149", "area_ha": 1.26, "pair_id": "flood_2021_06_amur__poyarkovo", "layer": "water_peak", "aoi_name": "Поярково — Михайловский район, Амур", "event_name": "Рекордный подъём Амура у Благовещенска, июнь 2021", "date_peak": "2021-07-01"}, "geometry": {"type": "Polygon", "coordinates": [[[128.41154964020785, 49.555433483209946], [128.41155288217513, 49.5551636550319], [128.4165332898244, 49.55491902834392], [128.41653007532278, 49.5551888567736], [128.41487101016415, 49.555180479976315], [128.41486778647504, 49.555450308313794], [128.41154964020785, 49.555433483209946]]]}}, {"id": "149", "type": "Feature", "properties": {"contour_id": "water_peak_0150", "area_ha": 1.26, "pair_id": "flood_2021_06_amur__poyarkovo", "layer": "water_peak", "aoi_name": "Поярково — Михайловский район, Амур", "event_name": "Рекордный подъём Амура у Благовещенска, июнь 2021", "date_peak": "2021-07-01"}, "geometry": {"type": "Polygon", "coordinates": [[[128.5964516048052, 49.56701970510985], [128.5964582773389, 49.5662101995246], [128.5972880193719, 49.566213089729196], [128.59729467788642, 49.56540358394728], [128.5981244063347, 49.565406468121274], [128.5981155465397, 49.56648580924772], [128.59728579980032, 49.56648292496439], [128.59728136055705, 49.56702259539662], [128.5964516048052, 49.56701970510985]]]}}, {"id": "150", "type": "Feature", "properties": {"contour_id": "water_peak_0151", "area_ha": 1.26, "pair_id": "flood_2021_06_amur__poyarkovo", "layer": "water_peak", "aoi_name": "Поярково — Михайловский район, Амур", "event_name": "Рекордный подъём Амура у Благовещенска, июнь 2021", "date_peak": "2021-07-01"}, "geometry": {"type": "Polygon", "coordinates": [[[128.51641359949795, 49.52137907507431], [128.516432226024, 49.51949023400489], [128.5172611683368, 49.51949369556424], [128.51724257373772, 49.52138253686325], [128.51641359949795, 49.52137907507431]]]}}, {"id": "151", "type": "Feature", "properties": {"contour_id": "water_peak_0152", "area_ha": 1.26, "pair_id": "flood_2021_06_amur__poyarkovo", "layer": "water_peak", "aoi_name": "Поярково — Михайловский район, Амур", "event_name": "Рекордный подъём Амура у Благовещенска, июнь 2021", "date_peak": "2021-07-01"}, "geometry": {"type": "Polygon", "coordinates": [[[128.7694848378557, 49.56182700821757], [128.76949372948167, 49.55993812836963], [128.77032337908818, 49.559939777859654], [128.7703145194647, 49.56182865781703], [128.7694848378557, 49.56182700821757]]]}}, {"id": "152", "type": "Feature", "properties": {"contour_id": "water_peak_0153", "area_ha": 1.22, "pair_id": "flood_2021_06_amur__poyarkovo", "layer": "water_peak", "aoi_name": "Поярково — Михайловский район, Амур", "event_name": "Рекордный подъём Амура у Благовещенска, июнь 2021", "date_peak": "2021-07-01"}, "geometry": {"type": "Polygon", "coordinates": [[[128.7255172538774, 49.48671434688846], [128.725523288038, 49.48563497661928], [128.72787139196657, 49.485460626704764], [128.72718006928267, 49.48563889581093], [128.7270390038233, 49.48617825534596], [128.7263491720134, 49.48608667684893], [128.72634566266555, 49.48671630952465], [128.7255172538774, 49.48671434688846]]]}}, {"id": "153", "type": "Feature", "properties": {"contour_id": "water_peak_0154", "area_ha": 1.22, "pair_id": "flood_2021_06_amur__poyarkovo", "layer": "water_peak", "aoi_name": "Поярково — Михайловский район, Амур", "event_name": "Рекордный подъём Амура у Благовещенска, июнь 2021", "date_peak": "2021-07-01"}, "geometry": {"type": "Polygon", "coordinates": [[[128.48276547430515, 49.60686396321433], [128.4809671895912, 49.60676596685983], [128.4809681445028, 49.60667602388273], [128.4816620643664, 49.60649923864778], [128.48208203471097, 49.606051382096936], [128.48263563780623, 49.60605385767271], [128.48235502689192, 49.60641239223374], [128.48277023229002, 49.60641424819444], [128.48277308702367, 49.60614441916548], [128.48318829017333, 49.606146273619416], [128.48291243938252, 49.60605509446781], [128.4830574974583, 49.60542611146269], [128.48361204356127, 49.6053386393153], [128.48360539344267, 49.60596824053436], [128.48401869660137, 49.606149978059804], [128.482909585427, 49.60632492350688], [128.48276547430515, 49.60686396321433]]]}}, {"id": "154", "type": "Feature", "properties": {"contour_id": "water_peak_0155", "area_ha": 1.21, "pair_id": "flood_2021_06_amur__poyarkovo", "layer": "water_peak", "aoi_name": "Поярково — Михайловский район, Амур", "event_name": "Рекордный подъём Амура у Благовещенска, июнь 2021", "date_peak": "2021-07-01"}, "geometry": {"type": "Polygon", "coordinates": [[[128.49072752073508, 49.5334119099683], [128.49059773790484, 49.53260180326571], [128.4922588547278, 49.53233925913463], [128.49224767411948, 49.53341859061128], [128.49072752073508, 49.5334119099683]]]}}, {"id": "155", "type": "Feature", "properties": {"contour_id": "water_peak_0156", "area_ha": 1.19, "pair_id": "flood_2021_06_amur__poyarkovo", "layer": "water_peak", "aoi_name": "Поярково — Михайловский район, Амур", "event_name": "Рекордный подъём Амура у Благовещенска, июнь 2021", "date_peak": "2021-07-01"}, "geometry": {"type": "Polygon", "coordinates": [[[128.72199882282314, 49.522865213682564], [128.72200035268483, 49.52259537290941], [128.72158584543854, 49.52259437624718], [128.7215919737791, 49.52151501306543], [128.720762977603, 49.52151301536192], [128.72076861165078, 49.520523599003056], [128.72104493812398, 49.520524265541006], [128.7210413564046, 49.52115389416749], [128.7220080016485, 49.521246168853274], [128.72200188252353, 49.522325532123546], [128.7228308925231, 49.52232752097437], [128.72282784194667, 49.522867202571085], [128.72199882282314, 49.522865213682564]]]}}, {"id": "156", "type": "Feature", "properties": {"contour_id": "water_peak_0157", "area_ha": 1.18, "pair_id": "flood_2021_06_amur__poyarkovo", "layer": "water_peak", "aoi_name": "Поярково — Михайловский район, Амур", "event_name": "Рекордный подъём Амура у Благовещенска, июнь 2021", "date_peak": "2021-07-01"}, "geometry": {"type": "Polygon", "coordinates": [[[128.46736353852728, 49.72462387253886], [128.4673664905908, 49.724354049712936], [128.46653407200245, 49.72435021918611], [128.46653702863446, 49.72408039638375], [128.46736944260982, 49.72408422687425], [128.46737239458437, 49.7238144040228], [128.4668174549896, 49.723811851051266], [128.46695914411734, 49.72354266669731], [128.46820775144198, 49.72354840559515], [128.4682048041248, 49.723818228495645], [128.46903721384297, 49.72382204698718], [128.4690342710943, 49.724091869911135], [128.4682018567632, 49.72408805138338], [128.4681959619067, 49.72462769712055], [128.46736353852728, 49.72462387253886]]]}}, {"id": "157", "type": "Feature", "properties": {"contour_id": "water_peak_0158", "area_ha": 1.17, "pair_id": "flood_2021_06_amur__poyarkovo", "layer": "water_peak", "aoi_name": "Поярково — Михайловский район, Амур", "event_name": "Рекордный подъём Амура у Благовещенска, июнь 2021", "date_peak": "2021-07-01"}, "geometry": {"type": "Polygon", "coordinates": [[[128.42565818249, 49.625663523839435], [128.42566135458588, 49.625393698277634], [128.42400308521437, 49.62511561836712], [128.42400626638957, 49.62484579285799], [128.42649841504354, 49.624858165303856], [128.42649208016977, 49.625397816543924], [128.4269074430332, 49.625399873441864], [128.4269042778186, 49.62566969906219], [128.42565818249, 49.625663523839435]]]}}, {"id": "158", "type": "Feature", "properties": {"contour_id": "water_peak_0159", "area_ha": 1.17, "pair_id": "flood_2021_06_amur__poyarkovo", "layer": "water_peak", "aoi_name": "Поярково — Михайловский район, Амур", "event_name": "Рекордный подъём Амура у Благовещенска, июнь 2021", "date_peak": "2021-07-01"}, "geometry": {"type": "Polygon", "coordinates": [[[128.748411158994, 49.54559253997803], [128.7484139302221, 49.5450528593989], [128.74799923213138, 49.54505195706286], [128.74800061999804, 49.544782116762825], [128.74841531580492, 49.5447830190903], [128.74841947242842, 49.54397349808848], [128.74924885040204, 49.54397529823398], [128.74924056437357, 49.545594340225904], [128.748411158994, 49.54559253997803]]]}}, {"id": "159", "type": "Feature", "properties": {"contour_id": "water_peak_0160", "area_ha": 1.15, "pair_id": "flood_2021_06_amur__poyarkovo", "layer": "water_peak", "aoi_name": "Поярково — Михайловский район, Амур", "event_name": "Рекордный подъём Амура у Благовещенска, июнь 2021", "date_peak": "2021-07-01"}, "geometry": {"type": "Polygon", "coordinates": [[[128.58712279906263, 49.623653549547065], [128.5868481754166, 49.62338272947517], [128.58601746402505, 49.6233797619303], [128.58601975028893, 49.62310992974024], [128.58726581054668, 49.62311437878017], [128.5872680898952, 49.62284454653521], [128.58768344108944, 49.62284602655425], [128.5876811640346, 49.62311585881325], [128.58809651755678, 49.6231173373562], [128.58809879231796, 49.62284750508319], [128.58892949487768, 49.622850457670765], [128.58892495449578, 49.62339012226004], [128.58712279906263, 49.623653549547065]]]}}, {"id": "160", "type": "Feature", "properties": {"contour_id": "water_peak_0161", "area_ha": 1.14, "pair_id": "flood_2021_06_amur__poyarkovo", "layer": "water_peak", "aoi_name": "Поярково — Михайловский район, Амур", "event_name": "Рекордный подъём Амура у Благовещенска, июнь 2021", "date_peak": "2021-07-01"}, "geometry": {"type": "Polygon", "coordinates": [[[128.7950667091947, 49.4957633704956], [128.7950678358823, 49.49549352699965], [128.79341071377604, 49.49549057966136], [128.79341184955703, 49.495220736180656], [128.79755463255384, 49.49522805995093], [128.79755314854322, 49.49558785134823], [128.7950667091947, 49.4957633704956]]]}}, {"id": "161", "type": "Feature", "properties": {"contour_id": "water_peak_0162", "area_ha": 1.12, "pair_id": "flood_2021_06_amur__poyarkovo", "layer": "water_peak", "aoi_name": "Поярково — Михайловский район, Амур", "event_name": "Рекордный подъём Амура у Благовещенска, июнь 2021", "date_peak": "2021-07-01"}, "geometry": {"type": "Polygon", "coordinates": [[[128.42454002490925, 49.579514925693765], [128.42288119358284, 49.579416718237084], [128.4228864972777, 49.57896700556763], [128.42524115454512, 49.578708879237425], [128.42537630823205, 49.57897939379697], [128.42537313975802, 49.57924922152033], [128.42454319800663, 49.5792450980223], [128.42454002490925, 49.579514925693765]]]}}, {"id": "162", "type": "Feature", "properties": {"contour_id": "water_peak_0163", "area_ha": 1.11, "pair_id": "flood_2021_06_amur__poyarkovo", "layer": "water_peak", "aoi_name": "Поярково — Михайловский район, Амур", "event_name": "Рекордный подъём Амура у Благовещенска, июнь 2021", "date_peak": "2021-07-01"}, "geometry": {"type": "Polygon", "coordinates": [[[128.42763721192438, 49.610382299166666], [128.4275019603789, 49.610111788358424], [128.42819506758846, 49.61002526675347], [128.42833978947513, 49.609486297506756], [128.42917024508816, 49.609490395598634], [128.42917339598776, 49.609220569113525], [128.43000384720702, 49.6092246612094], [128.43000699347593, 49.6089548346727], [128.43139002541832, 49.609051583731656], [128.43124952439084, 49.60923078818353], [128.43041907288764, 49.6092267050234], [128.4304159288631, 49.609496531566684], [128.42930760431966, 49.6095810201958], [128.42888712153226, 49.610028683135894], [128.42833347836668, 49.610025950360914], [128.42763721192438, 49.610382299166666]]]}}, {"id": "163", "type": "Feature", "properties": {"contour_id": "water_peak_0164", "area_ha": 1.09, "pair_id": "flood_2021_06_amur__poyarkovo", "layer": "water_peak", "aoi_name": "Поярково — Михайловский район, Амур", "event_name": "Рекордный подъём Амура у Благовещенска, июнь 2021", "date_peak": "2021-07-01"}, "geometry": {"type": "Polygon", "coordinates": [[[128.67294237375148, 49.56510240051002], [128.67294657955495, 49.56447277948951], [128.67211686001622, 49.56447043177002], [128.67211987169205, 49.564020702464404], [128.6743324370472, 49.56402694973245], [128.6743294456936, 49.56447667913673], [128.6736380125867, 49.564474731378525], [128.67349552728385, 49.56510396238624], [128.67294237375148, 49.56510240051002]]]}}, {"id": "164", "type": "Feature", "properties": {"contour_id": "water_peak_0165", "area_ha": 1.08, "pair_id": "flood_2021_06_amur__poyarkovo", "layer": "water_peak", "aoi_name": "Поярково — Михайловский район, Амур", "event_name": "Рекордный подъём Амура у Благовещенска, июнь 2021", "date_peak": "2021-07-01"}, "geometry": {"type": "Polygon", "coordinates": [[[128.71715543613536, 49.50018649603662], [128.71716476740448, 49.49856744549778], [128.71799337566637, 49.498569468299195], [128.7179840717337, 49.50018851895303], [128.71715543613536, 49.50018649603662]]]}}, {"id": "165", "type": "Feature", "properties": {"contour_id": "water_peak_0166", "area_ha": 1.08, "pair_id": "flood_2021_06_amur__poyarkovo", "layer": "water_peak", "aoi_name": "Поярково — Михайловский район, Амур", "event_name": "Рекордный подъём Амура у Благовещенска, июнь 2021", "date_peak": "2021-07-01"}, "geometry": {"type": "Polygon", "coordinates": [[[128.64522356879112, 49.592544646899626], [128.6452255259555, 49.59227481139176], [128.64605571471716, 49.59227735293733], [128.64605961979856, 49.591737681835305], [128.64771997935594, 49.591742746968045], [128.6477160925926, 49.59228241816609], [128.64688590359629, 49.59227988852878], [128.64688395559114, 49.59254972408477], [128.64522356879112, 49.592544646899626]]]}}, {"id": "166", "type": "Feature", "properties": {"contour_id": "water_peak_0167", "area_ha": 1.08, "pair_id": "flood_2021_06_amur__poyarkovo", "layer": "water_peak", "aoi_name": "Поярково — Михайловский район, Амур", "event_name": "Рекордный подъём Амура у Благовещенска, июнь 2021", "date_peak": "2021-07-01"}, "geometry": {"type": "Polygon", "coordinates": [[[128.7396149180456, 49.56203350063877], [128.73962209233883, 49.56068430387588], [128.74045175273707, 49.560686167530086], [128.74044746194124, 49.561495685678864], [128.7408622990303, 49.56149661530201], [128.7408594429642, 49.56203629402208], [128.7396149180456, 49.56203350063877]]]}}, {"id": "167", "type": "Feature", "properties": {"contour_id": "water_peak_0168", "area_ha": 1.08, "pair_id": "flood_2021_06_amur__poyarkovo", "layer": "water_peak", "aoi_name": "Поярково — Михайловский район, Амур", "event_name": "Рекордный подъём Амура у Благовещенска, июнь 2021", "date_peak": "2021-07-01"}, "geometry": {"type": "Polygon", "coordinates": [[[128.7765752995878, 49.55347579211781], [128.77657776127697, 49.55293611117679], [128.7757494653301, 49.552664666214575], [128.77575440669062, 49.55158530419062], [128.77616916092407, 49.55158610713978], [128.77616669485045, 49.55212578819232], [128.7769962125119, 49.552127389661656], [128.7769900698521, 49.553476592147135], [128.7765752995878, 49.55347579211781]]]}}, {"id": "168", "type": "Feature", "properties": {"contour_id": "water_peak_0169", "area_ha": 1.08, "pair_id": "flood_2021_06_amur__poyarkovo", "layer": "water_peak", "aoi_name": "Поярково — Михайловский район, Амур", "event_name": "Рекордный подъём Амура у Благовещенска, июнь 2021", "date_peak": "2021-07-01"}, "geometry": {"type": "Polygon", "coordinates": [[[128.82396781112854, 49.5233351231797], [128.82397362333163, 49.52171606705253], [128.82480262886347, 49.52171732528064], [128.8247968440329, 49.52333638147934], [128.82396781112854, 49.5233351231797]]]}}, {"id": "169", "type": "Feature", "properties": {"contour_id": "water_peak_0170", "area_ha": 1.08, "pair_id": "flood_2021_06_amur__poyarkovo", "layer": "water_peak", "aoi_name": "Поярково — Михайловский район, Амур", "event_name": "Рекордный подъём Амура у Благовещенска, июнь 2021", "date_peak": "2021-07-01"}, "geometry": {"type": "Polygon", "coordinates": [[[128.7776399490582, 49.50166778628659], [128.77764239454208, 49.501128100448575], [128.7780567222077, 49.50112889604094], [128.7780579426438, 49.500859053095375], [128.77971645568095, 49.500592377608335], [128.77971403305324, 49.50113206357215], [128.77888537759395, 49.50113048277419], [128.77888294578008, 49.50167016865736], [128.7776399490582, 49.50166778628659]]]}}, {"id": "170", "type": "Feature", "properties": {"contour_id": "water_peak_0171", "area_ha": 1.08, "pair_id": "flood_2021_06_amur__poyarkovo", "layer": "water_peak", "aoi_name": "Поярково — Михайловский район, Амур", "event_name": "Рекордный подъём Амура у Благовещенска, июнь 2021", "date_peak": "2021-07-01"}, "geometry": {"type": "Polygon", "coordinates": [[[128.82316310637484, 49.51658778903485], [128.8231650522275, 49.516048103100445], [128.82233614259678, 49.51604683324577], [128.82233907494717, 49.51523730428527], [128.8231679708969, 49.515238574103854], [128.8231660251319, 49.515778260114246], [128.82399493026068, 49.5157795240185], [128.82399202518505, 49.51658905297503], [128.82316310637484, 49.51658778903485]]]}}, {"id": "171", "type": "Feature", "properties": {"contour_id": "water_peak_0172", "area_ha": 1.08, "pair_id": "flood_2021_06_amur__poyarkovo", "layer": "water_peak", "aoi_name": "Поярково — Михайловский район, Амур", "event_name": "Рекордный подъём Амура у Благовещенска, июнь 2021", "date_peak": "2021-07-01"}, "geometry": {"type": "Polygon", "coordinates": [[[128.72126336146317, 49.5064029096268], [128.72127255922683, 49.50478386026734], [128.72210127275517, 49.504785853829674], [128.72209210233746, 49.50640490330246], [128.72126336146317, 49.5064029096268]]]}}, {"id": "172", "type": "Feature", "properties": {"contour_id": "water_peak_0173", "area_ha": 1.08, "pair_id": "flood_2021_06_amur__poyarkovo", "layer": "water_peak", "aoi_name": "Поярково — Михайловский район, Амур", "event_name": "Рекордный подъём Амура у Благовещенска, июнь 2021", "date_peak": "2021-07-01"}, "geometry": {"type": "Polygon", "coordinates": [[[128.77735700067797, 49.564001159499576], [128.77735945466586, 49.56346147951664], [128.77652974498514, 49.56345988038389], [128.77653097652382, 49.56319004038857], [128.77819160918972, 49.56292339263727], [128.77819038681426, 49.56319323267551], [128.7786052394329, 49.56319402702959], [128.7786027991992, 49.56373370708314], [128.77818794200815, 49.563732912713995], [128.77818671957752, 49.564002752714224], [128.77735700067797, 49.564001159499576]]]}}, {"id": "173", "type": "Feature", "properties": {"contour_id": "water_peak_0174", "area_ha": 1.08, "pair_id": "flood_2021_06_amur__poyarkovo", "layer": "water_peak", "aoi_name": "Поярково — Михайловский район, Амур", "event_name": "Рекордный подъём Амура у Благовещенска, июнь 2021", "date_peak": "2021-07-01"}, "geometry": {"type": "Polygon", "coordinates": [[[128.47144655755446, 49.7319281519904], [128.4714641380358, 49.730309215826], [128.4722966591918, 49.73031301125622], [128.47227910639913, 49.73193194763665], [128.47144655755446, 49.7319281519904]]]}}, {"id": "174", "type": "Feature", "properties": {"contour_id": "water_peak_0175", "area_ha": 1.08, "pair_id": "flood_2021_06_amur__poyarkovo", "layer": "water_peak", "aoi_name": "Поярково — Михайловский район, Амур", "event_name": "Рекордный подъём Амура у Благовещенска, июнь 2021", "date_peak": "2021-07-01"}, "geometry": {"type": "Polygon", "coordinates": [[[128.7504269373358, 49.55693031168612], [128.7504296874607, 49.55639063208684], [128.74960009918706, 49.5563888400766], [128.7496056174707, 49.5553094807938], [128.75043518746241, 49.55531127273611], [128.7504324375029, 49.55585095243682], [128.75084722710017, 49.55585184619496], [128.7508417360743, 49.556931205478136], [128.7504269373358, 49.55693031168612]]]}}, {"id": "175", "type": "Feature", "properties": {"contour_id": "water_peak_0176", "area_ha": 1.06, "pair_id": "flood_2021_06_amur__poyarkovo", "layer": "water_peak", "aoi_name": "Поярково — Михайловский район, Амур", "event_name": "Рекордный подъём Амура у Благовещенска, июнь 2021", "date_peak": "2021-07-01"}, "geometry": {"type": "Polygon", "coordinates": [[[128.8371642287129, 49.543862561979616], [128.83716691896518, 49.543053036308166], [128.8363375519889, 49.54305186629919], [128.83633935455754, 49.54251218247708], [128.8371687123993, 49.542513352463885], [128.83716781568896, 49.54278319439236], [128.83799658338236, 49.5429642530655], [128.83799360944536, 49.54386372607759], [128.8371642287129, 49.543862561979616]]]}}, {"id": "176", "type": "Feature", "properties": {"contour_id": "water_peak_0177", "area_ha": 1.03, "pair_id": "flood_2021_06_amur__poyarkovo", "layer": "water_peak", "aoi_name": "Поярково — Михайловский район, Амур", "event_name": "Рекордный подъём Амура у Благовещенска, июнь 2021", "date_peak": "2021-07-01"}, "geometry": {"type": "Polygon", "coordinates": [[[128.75842655544085, 49.532931234150276], [128.7584278853115, 49.53266139307023], [128.75759869821295, 49.532659659001276], [128.7576013670234, 49.53211997683602], [128.75925972304242, 49.53212343896646], [128.7596707840956, 49.53284387710383], [128.75842655544085, 49.532931234150276]]]}}, {"id": "177", "type": "Feature", "properties": {"contour_id": "water_peak_0178", "area_ha": 0.99, "pair_id": "flood_2021_06_amur__poyarkovo", "layer": "water_peak", "aoi_name": "Поярково — Михайловский район, Амур", "event_name": "Рекордный подъём Амура у Благовещенска, июнь 2021", "date_peak": "2021-07-01"}, "geometry": {"type": "Polygon", "coordinates": [[[128.74043315789058, 49.564194078683904], [128.7404388797689, 49.563114721634044], [128.7412685814012, 49.56311657949903], [128.74126715553624, 49.563386418798125], [128.7416820086707, 49.563387345508836], [128.74167773780587, 49.56419686335641], [128.74043315789058, 49.564194078683904]]]}}, {"id": "178", "type": "Feature", "properties": {"contour_id": "water_peak_0179", "area_ha": 0.99, "pair_id": "flood_2021_06_amur__poyarkovo", "layer": "water_peak", "aoi_name": "Поярково — Михайловский район, Амур", "event_name": "Рекордный подъём Амура у Благовещенска, июнь 2021", "date_peak": "2021-07-01"}, "geometry": {"type": "Polygon", "coordinates": [[[128.73801329669126, 49.55123617375048], [128.73802195543203, 49.54961713476668], [128.7384366918431, 49.54961807292032], [128.7384338102519, 49.55015775265008], [128.7388485512536, 49.550158689335134], [128.7388456741448, 49.550698369031934], [128.73926041973723, 49.55069930424834], [128.73925898343498, 49.5509691440866], [128.738844235558, 49.55096820886131], [128.7388427969496, 49.55123804867803], [128.73801329669126, 49.55123617375048]]]}}, {"id": "179", "type": "Feature", "properties": {"contour_id": "water_peak_0180", "area_ha": 0.99, "pair_id": "flood_2021_06_amur__poyarkovo", "layer": "water_peak", "aoi_name": "Поярково — Михайловский район, Амур", "event_name": "Рекордный подъём Амура у Благовещенска, июнь 2021", "date_peak": "2021-07-01"}, "geometry": {"type": "Polygon", "coordinates": [[[128.59352529807967, 49.61962859992046], [128.59352978705476, 49.61908893466917], [128.59436042628244, 49.619091848127255], [128.59436266613304, 49.6188220154549], [128.59643925332577, 49.61882927295789], [128.59643702494094, 49.61909910569904], [128.59519106564494, 49.61909475562571], [128.595188830347, 49.619364588312905], [128.59435818639813, 49.61936168078689], [128.59435594648014, 49.619631513433795], [128.59352529807967, 49.61962859992046]]]}}, {"id": "180", "type": "Feature", "properties": {"contour_id": "water_peak_0181", "area_ha": 0.98, "pair_id": "flood_2021_06_amur__poyarkovo", "layer": "water_peak", "aoi_name": "Поярково — Михайловский район, Амур", "event_name": "Рекордный подъём Амура у Благовещенска, июнь 2021", "date_peak": "2021-07-01"}, "geometry": {"type": "Polygon", "coordinates": [[[128.41510562903528, 49.558689645321756], [128.41483124794522, 49.55850836191056], [128.41484521929468, 49.55733910631774], [128.4165075724584, 49.557077655422866], [128.41650114263365, 49.55761731206458], [128.41525356015904, 49.55788085940276], [128.41510562903528, 49.558689645321756]]]}}, {"id": "181", "type": "Feature", "properties": {"contour_id": "water_peak_0182", "area_ha": 0.95, "pair_id": "flood_2021_06_amur__poyarkovo", "layer": "water_peak", "aoi_name": "Поярково — Михайловский район, Амур", "event_name": "Рекордный подъём Амура у Благовещенска, июнь 2021", "date_peak": "2021-07-01"}, "geometry": {"type": "Polygon", "coordinates": [[[128.4755347479931, 49.60997958248066], [128.47442745421526, 49.609974560475045], [128.47443422348127, 49.609344960612184], [128.47485041951876, 49.60925690221456], [128.47499365912893, 49.608807815755014], [128.47568473654633, 49.608900895179296], [128.4755347479931, 49.60997958248066]]]}}, {"id": "182", "type": "Feature", "properties": {"contour_id": "water_peak_0183", "area_ha": 0.95, "pair_id": "flood_2021_06_amur__poyarkovo", "layer": "water_peak", "aoi_name": "Поярково — Михайловский район, Амур", "event_name": "Рекордный подъём Амура у Благовещенска, июнь 2021", "date_peak": "2021-07-01"}, "geometry": {"type": "Polygon", "coordinates": [[[128.67144511281978, 49.52030410335332], [128.67145595979085, 49.51868506537391], [128.67173227464272, 49.518685849659256], [128.67186802476027, 49.51904602782651], [128.67228310118296, 49.518957255967614], [128.67227468589292, 49.52021650781358], [128.67144511281978, 49.52030410335332]]]}}, {"id": "183", "type": "Feature", "properties": {"contour_id": "water_peak_0184", "area_ha": 0.93, "pair_id": "flood_2021_06_amur__poyarkovo", "layer": "water_peak", "aoi_name": "Поярково — Михайловский район, Амур", "event_name": "Рекордный подъём Амура у Благовещенска, июнь 2021", "date_peak": "2021-07-01"}, "geometry": {"type": "Polygon", "coordinates": [[[128.62994575025826, 49.52692493749577], [128.62995389696422, 49.52584558490707], [128.63036842794412, 49.52584690989552], [128.63036639359487, 49.52611674807432], [128.63133363798985, 49.52611983396809], [128.63118937066625, 49.526928908156485], [128.62994575025826, 49.52692493749577]]]}}, {"id": "184", "type": "Feature", "properties": {"contour_id": "water_peak_0185", "area_ha": 0.93, "pair_id": "flood_2021_06_amur__poyarkovo", "layer": "water_peak", "aoi_name": "Поярково — Михайловский район, Амур", "event_name": "Рекордный подъём Амура у Благовещенска, июнь 2021", "date_peak": "2021-07-01"}, "geometry": {"type": "Polygon", "coordinates": [[[128.48416563871945, 49.60534110754832], [128.4838916895827, 49.605070044635866], [128.4829210009915, 49.605245607274], [128.48278545703982, 49.60497515989249], [128.48361679350302, 49.60488892411627], [128.48362534309805, 49.60407943666867], [128.4840405287674, 49.60408128800972], [128.4840462237009, 49.60354162961238], [128.48432395974595, 49.60345291991403], [128.48416563871945, 49.60534110754832]]]}}, {"id": "185", "type": "Feature", "properties": {"contour_id": "water_peak_0186", "area_ha": 0.92, "pair_id": "flood_2021_06_amur__poyarkovo", "layer": "water_peak", "aoi_name": "Поярково — Михайловский район, Амур", "event_name": "Рекордный подъём Амура у Благовещенска, июнь 2021", "date_peak": "2021-07-01"}, "geometry": {"type": "Polygon", "coordinates": [[[128.7245947372185, 49.60184535192376], [128.72460284259225, 49.60040622041661], [128.72598521910996, 49.60067934177968], [128.72612159363374, 49.60103945222688], [128.72529074443165, 49.60112743039831], [128.7245947372185, 49.60184535192376]]]}}, {"id": "186", "type": "Feature", "properties": {"contour_id": "water_peak_0187", "area_ha": 0.91, "pair_id": "flood_2021_06_amur__poyarkovo", "layer": "water_peak", "aoi_name": "Поярково — Михайловский район, Амур", "event_name": "Рекордный подъём Амура у Благовещенска, июнь 2021", "date_peak": "2021-07-01"}, "geometry": {"type": "Polygon", "coordinates": [[[128.7142332127657, 49.50395715095967], [128.71423530815676, 49.50359736231743], [128.71451153914242, 49.50359804428836], [128.71423583199794, 49.50350741515334], [128.7142394988129, 49.50287778496524], [128.7146538392193, 49.5028788076485], [128.7146554083936, 49.50260896610848], [128.71506974654508, 49.50260998729817], [128.71506661272983, 49.50314967038486], [128.71561906971104, 49.5031510296886], [128.71561750580614, 49.5034208712258], [128.7150650457869, 49.503419511909186], [128.71506191183042, 49.50395919491972], [128.7142332127657, 49.50395715095967]]]}}, {"id": "187", "type": "Feature", "properties": {"contour_id": "water_peak_0188", "area_ha": 0.9, "pair_id": "flood_2021_06_amur__poyarkovo", "layer": "water_peak", "aoi_name": "Поярково — Михайловский район, Амур", "event_name": "Рекордный подъём Амура у Благовещенска, июнь 2021", "date_peak": "2021-07-01"}, "geometry": {"type": "Polygon", "coordinates": [[[128.43607385653476, 49.55096823155187], [128.43608938791846, 49.54961908367282], [128.43691882930418, 49.549623122620936], [128.43690332076224, 49.55097227069137], [128.43607385653476, 49.55096823155187]]]}}, {"id": "188", "type": "Feature", "properties": {"contour_id": "water_peak_0189", "area_ha": 0.9, "pair_id": "flood_2021_06_amur__poyarkovo", "layer": "water_peak", "aoi_name": "Поярково — Михайловский район, Амур", "event_name": "Рекордный подъём Амура у Благовещенска, июнь 2021", "date_peak": "2021-07-01"}, "geometry": {"type": "Polygon", "coordinates": [[[128.78838931876092, 49.50708484924789], [128.788395137903, 49.50573563486806], [128.7892238716552, 49.505737147653626], [128.7892180753029, 49.50708636210513], [128.78838931876092, 49.50708484924789]]]}}, {"id": "189", "type": "Feature", "properties": {"contour_id": "water_peak_0190", "area_ha": 0.9, "pair_id": "flood_2021_06_amur__poyarkovo", "layer": "water_peak", "aoi_name": "Поярково — Михайловский район, Амур", "event_name": "Рекордный подъём Амура у Благовещенска, июнь 2021", "date_peak": "2021-07-01"}, "geometry": {"type": "Polygon", "coordinates": [[[128.80986588995904, 49.525471562373795], [128.8098711219065, 49.52412235052936], [128.8107001674709, 49.52412370984705], [128.8106949583367, 49.52547292175589], [128.80986588995904, 49.525471562373795]]]}}, {"id": "190", "type": "Feature", "properties": {"contour_id": "water_peak_0191", "area_ha": 0.9, "pair_id": "flood_2021_06_amur__poyarkovo", "layer": "water_peak", "aoi_name": "Поярково — Михайловский район, Амур", "event_name": "Рекордный подъём Амура у Благовещенска, июнь 2021", "date_peak": "2021-07-01"}, "geometry": {"type": "Polygon", "coordinates": [[[128.46450051157495, 49.720023451788066], [128.46450347902362, 49.71975362887254], [128.46408730922522, 49.71975170419971], [128.46409324860014, 49.71921205836685], [128.46367708345826, 49.719210132235446], [128.46368005538443, 49.71894030931815], [128.46409621822048, 49.71894223543128], [128.46409918779602, 49.71867241248294], [128.4649315089908, 49.71867626018751], [128.464916683724, 49.72002537498403], [128.46450051157495, 49.720023451788066]]]}}, {"id": "191", "type": "Feature", "properties": {"contour_id": "water_peak_0192", "area_ha": 0.9, "pair_id": "flood_2021_06_amur__poyarkovo", "layer": "water_peak", "aoi_name": "Поярково — Михайловский район, Амур", "event_name": "Рекордный подъём Амура у Благовещенска, июнь 2021", "date_peak": "2021-07-01"}, "geometry": {"type": "Polygon", "coordinates": [[[128.75005620381, 49.54829453700487], [128.75006308708174, 49.54694533592553], [128.75089251546729, 49.54694712436906], [128.75088565503748, 49.54829632553315], [128.75005620381, 49.54829453700487]]]}}, {"id": "192", "type": "Feature", "properties": {"contour_id": "water_peak_0193", "area_ha": 0.9, "pair_id": "flood_2021_06_amur__poyarkovo", "layer": "water_peak", "aoi_name": "Поярково — Михайловский район, Амур", "event_name": "Рекордный подъём Амура у Благовещенска, июнь 2021", "date_peak": "2021-07-01"}, "geometry": {"type": "Polygon", "coordinates": [[[128.45792586779945, 49.712437439080404], [128.45792887087526, 49.71216761610113], [128.4587610800638, 49.71217150777125], [128.45877007519042, 49.71136203864606], [128.45960227073047, 49.71136592422677], [128.4595902955771, 49.71244521651559], [128.45792586779945, 49.712437439080404]]]}}, {"id": "193", "type": "Feature", "properties": {"contour_id": "water_peak_0194", "area_ha": 0.9, "pair_id": "flood_2021_06_amur__poyarkovo", "layer": "water_peak", "aoi_name": "Поярково — Михайловский район, Амур", "event_name": "Рекордный подъём Амура у Благовещенска, июнь 2021", "date_peak": "2021-07-01"}, "geometry": {"type": "Polygon", "coordinates": [[[128.83147825698515, 49.509044550226825], [128.83148011084754, 49.50850486334871], [128.8306513283103, 49.5085036531997], [128.8306531912339, 49.50796396629386], [128.83230981579223, 49.50823622409136], [128.83230704869527, 49.509045754461766], [128.83147825698515, 49.509044550226825]]]}}, {"id": "194", "type": "Feature", "properties": {"contour_id": "water_peak_0195", "area_ha": 0.9, "pair_id": "flood_2021_06_amur__poyarkovo", "layer": "water_peak", "aoi_name": "Поярково — Михайловский район, Амур", "event_name": "Рекордный подъём Амура у Благовещенска, июнь 2021", "date_peak": "2021-07-01"}, "geometry": {"type": "Polygon", "coordinates": [[[128.5722331183138, 49.58474233893581], [128.57223783661388, 49.58420267187654], [128.5730678811853, 49.58420573653466], [128.57307259018887, 49.583666069366394], [128.5739026257473, 49.583669128014236], [128.57389557592086, 49.58447862883453], [128.5722331183138, 49.58474233893581]]]}}, {"id": "195", "type": "Feature", "properties": {"contour_id": "water_peak_0196", "area_ha": 0.9, "pair_id": "flood_2021_06_amur__poyarkovo", "layer": "water_peak", "aoi_name": "Поярково — Михайловский район, Амур", "event_name": "Рекордный подъём Амура у Благовещенска, июнь 2021", "date_peak": "2021-07-01"}, "geometry": {"type": "Polygon", "coordinates": [[[128.74500223980363, 49.56312486628267], [128.74500926593365, 49.56177566920435], [128.7458389451734, 49.561777494267815], [128.74583194190416, 49.563126691432636], [128.74500223980363, 49.56312486628267]]]}}, {"id": "196", "type": "Feature", "properties": {"contour_id": "water_peak_0197", "area_ha": 0.9, "pair_id": "flood_2021_06_amur__poyarkovo", "layer": "water_peak", "aoi_name": "Поярково — Михайловский район, Амур", "event_name": "Рекордный подъём Амура у Благовещенска, июнь 2021", "date_peak": "2021-07-01"}, "geometry": {"type": "Polygon", "coordinates": [[[128.74254576527107, 49.556913047160116], [128.7425486022388, 49.55637336788806], [128.7417190147644, 49.55637151938336], [128.74172186078792, 49.555831840095614], [128.74337960367978, 49.556105370773444], [128.74337536197206, 49.556914889752946], [128.74254576527107, 49.556913047160116]]]}}, {"id": "197", "type": "Feature", "properties": {"contour_id": "water_peak_0198", "area_ha": 0.9, "pair_id": "flood_2021_06_amur__poyarkovo", "layer": "water_peak", "aoi_name": "Поярково — Михайловский район, Амур", "event_name": "Рекордный подъём Амура у Благовещенска, июнь 2021", "date_peak": "2021-07-01"}, "geometry": {"type": "Polygon", "coordinates": [[[128.46465260691042, 49.74403956496282], [128.46466448313816, 49.742960277695666], [128.46632995670728, 49.7429679617215], [128.4663269969532, 49.74323778363034], [128.46549425546138, 49.74323394457366], [128.4654853620774, 49.744043410114315], [128.46465260691042, 49.74403956496282]]]}}, {"id": "198", "type": "Feature", "properties": {"contour_id": "water_peak_0199", "area_ha": 0.86, "pair_id": "flood_2021_06_amur__poyarkovo", "layer": "water_peak", "aoi_name": "Поярково — Михайловский район, Амур", "event_name": "Рекордный подъём Амура у Благовещенска, июнь 2021", "date_peak": "2021-07-01"}, "geometry": {"type": "Polygon", "coordinates": [[[128.6920652301117, 49.55894847868903], [128.69206749243452, 49.558588694206385], [128.69123787105255, 49.55858648376072], [128.69124184067402, 49.55795686091067], [128.69262452525788, 49.5579605416014], [128.6926183151529, 49.55894994903407], [128.6920652301117, 49.55894847868903]]]}}, {"id": "199", "type": "Feature", "properties": {"contour_id": "water_peak_0200", "area_ha": 0.85, "pair_id": "flood_2021_06_amur__poyarkovo", "layer": "water_peak", "aoi_name": "Поярково — Михайловский район, Амур", "event_name": "Рекордный подъём Амура у Благовещенска, июнь 2021", "date_peak": "2021-07-01"}, "geometry": {"type": "Polygon", "coordinates": [[[128.50917112578685, 49.58233335438242], [128.5091738325083, 49.58206352312986], [128.50958973443767, 49.5819753385105], [128.50959153736147, 49.58179545098776], [128.5119431944387, 49.58180539124768], [128.51194140015963, 49.58198527883323], [128.51083383459488, 49.582070550761884], [128.5108311370268, 49.58234038208106], [128.50917112578685, 49.58233335438242]]]}}, {"id": "200", "type": "Feature", "properties": {"contour_id": "water_peak_0201", "area_ha": 0.84, "pair_id": "flood_2021_06_amur__poyarkovo", "layer": "water_peak", "aoi_name": "Поярково — Михайловский район, Амур", "event_name": "Рекордный подъём Амура у Благовещенска, июнь 2021", "date_peak": "2021-07-01"}, "geometry": {"type": "Polygon", "coordinates": [[[128.8244760062136, 49.497160955867834], [128.8244769712621, 49.49689111197701], [128.82295887017685, 49.49661895338058], [128.82295984354812, 49.49634910948635], [128.82434048322224, 49.49644116252974], [128.82447986632067, 49.49608158022853], [128.82447793629612, 49.49662126807351], [128.82530651789796, 49.496622522226225], [128.8253045969266, 49.49716221004431], [128.8244760062136, 49.497160955867834]]]}}, {"id": "201", "type": "Feature", "properties": {"contour_id": "water_peak_0202", "area_ha": 0.84, "pair_id": "flood_2021_06_amur__poyarkovo", "layer": "water_peak", "aoi_name": "Поярково — Михайловский район, Амур", "event_name": "Рекордный подъём Амура у Благовещенска, июнь 2021", "date_peak": "2021-07-01"}, "geometry": {"type": "Polygon", "coordinates": [[[128.42052152831624, 49.53335145893089], [128.42052471836908, 49.533081629286556], [128.41969555929757, 49.53307747384726], [128.41969875386633, 49.53280764422949], [128.4221851576771, 49.5329100358524], [128.42217985616216, 49.53335975206438], [128.42052152831624, 49.53335145893089]]]}}, {"id": "202", "type": "Feature", "properties": {"contour_id": "water_peak_0203", "area_ha": 0.81, "pair_id": "flood_2021_06_amur__poyarkovo", "layer": "water_peak", "aoi_name": "Поярково — Михайловский район, Амур", "event_name": "Рекордный подъём Амура у Благовещенска, июнь 2021", "date_peak": "2021-07-01"}, "geometry": {"type": "Polygon", "coordinates": [[[128.5739049756188, 49.58339929438201], [128.5739073254549, 49.58312946073708], [128.57432233871, 49.583130987799976], [128.57432938114084, 49.58232148674532], [128.57515939402592, 49.582324536320364], [128.57515002235567, 49.58340387115005], [128.5739049756188, 49.58339929438201]]]}}, {"id": "203", "type": "Feature", "properties": {"contour_id": "water_peak_0204", "area_ha": 0.81, "pair_id": "flood_2021_06_amur__poyarkovo", "layer": "water_peak", "aoi_name": "Поярково — Михайловский район, Амур", "event_name": "Рекордный подъём Амура у Благовещенска, июнь 2021", "date_peak": "2021-07-01"}, "geometry": {"type": "Polygon", "coordinates": [[[128.6904133672593, 49.5577747523253], [128.69041962165147, 49.55678534489588], [128.69111094731713, 49.556787192186185], [128.69111378376067, 49.556337461450866], [128.6918051031494, 49.556339304582345], [128.69180114099575, 49.55696892764268], [128.69097154707313, 49.55696671534043], [128.69096643895904, 49.557776230539275], [128.6904133672593, 49.5577747523253]]]}}, {"id": "204", "type": "Feature", "properties": {"contour_id": "water_peak_0205", "area_ha": 0.81, "pair_id": "flood_2021_06_amur__poyarkovo", "layer": "water_peak", "aoi_name": "Поярково — Михайловский район, Амур", "event_name": "Рекордный подъём Амура у Благовещенска, июнь 2021", "date_peak": "2021-07-01"}, "geometry": {"type": "Polygon", "coordinates": [[[128.828215054125, 49.49419826884856], [128.8282159985172, 49.49392842476537], [128.82738746226636, 49.493927191499935], [128.82738936011776, 49.49338750331891], [128.82821788725903, 49.49338873656097], [128.8282169428952, 49.49365858066952], [128.82904547464796, 49.49365980798947], [128.82904453482473, 49.49392965209696], [128.8294588029997, 49.49393026353756], [128.82945786543982, 49.49420010763817], [128.828215054125, 49.49419826884856]]]}}, {"id": "205", "type": "Feature", "properties": {"contour_id": "water_peak_0206", "area_ha": 0.81, "pair_id": "flood_2021_06_amur__poyarkovo", "layer": "water_peak", "aoi_name": "Поярково — Михайловский район, Амур", "event_name": "Рекордный подъём Амура у Благовещенска, июнь 2021", "date_peak": "2021-07-01"}, "geometry": {"type": "Polygon", "coordinates": [[[128.76115906879934, 49.567746657057185], [128.76116170166912, 49.567206978040545], [128.76199147395576, 49.56720868744346], [128.7619927857876, 49.56693884789993], [128.76323743750538, 49.56694140082559], [128.76323613253356, 49.56721124039333], [128.76282124632127, 49.5672103908973], [128.76281993904314, 49.5674802304443], [128.76115906879934, 49.567746657057185]]]}}, {"id": "206", "type": "Feature", "properties": {"contour_id": "water_peak_0207", "area_ha": 0.81, "pair_id": "flood_2021_06_amur__poyarkovo", "layer": "water_peak", "aoi_name": "Поярково — Михайловский район, Амур", "event_name": "Рекордный подъём Амура у Благовещенска, июнь 2021", "date_peak": "2021-07-01"}, "geometry": {"type": "Polygon", "coordinates": [[[128.4641203085431, 49.75456067958196], [128.46412922795247, 49.75375121569896], [128.4655174303419, 49.75375762813712], [128.46523088889765, 49.75456581100911], [128.4641203085431, 49.75456067958196]]]}}, {"id": "207", "type": "Feature", "properties": {"contour_id": "water_peak_0208", "area_ha": 0.81, "pair_id": "flood_2021_06_amur__poyarkovo", "layer": "water_peak", "aoi_name": "Поярково — Михайловский район, Амур", "event_name": "Рекордный подъём Амура у Благовещенска, июнь 2021", "date_peak": "2021-07-01"}, "geometry": {"type": "Polygon", "coordinates": [[[128.4620690574954, 49.71407577653816], [128.46207203779124, 49.71380595345149], [128.46041055230174, 49.713528388496556], [128.4604135417281, 49.713258565457785], [128.4624941124905, 49.71326823894844], [128.4624851786532, 49.71407770830172], [128.4620690574954, 49.71407577653816]]]}}, {"id": "208", "type": "Feature", "properties": {"contour_id": "water_peak_0209", "area_ha": 0.81, "pair_id": "flood_2021_06_amur__poyarkovo", "layer": "water_peak", "aoi_name": "Поярково — Михайловский район, Амур", "event_name": "Рекордный подъём Амура у Благовещенска, июнь 2021", "date_peak": "2021-07-01"}, "geometry": {"type": "Polygon", "coordinates": [[[128.5676726047121, 49.63113807754619], [128.56768215740692, 49.63005875271901], [128.56892839196848, 49.630063399598804], [128.56892601073235, 49.63033323086875], [128.5685105968814, 49.63033168338462], [128.5685034460741, 49.63114117707407], [128.5676726047121, 49.63113807754619]]]}}, {"id": "209", "type": "Feature", "properties": {"contour_id": "water_peak_0210", "area_ha": 0.8, "pair_id": "flood_2021_06_amur__poyarkovo", "layer": "water_peak", "aoi_name": "Поярково — Михайловский район, Амур", "event_name": "Рекордный подъём Амура у Благовещенска, июнь 2021", "date_peak": "2021-07-01"}, "geometry": {"type": "Polygon", "coordinates": [[[128.4888440183254, 49.55499117524642], [128.48871984561524, 49.55364140590269], [128.48954936226204, 49.55364506784027], [128.48939704465505, 49.55499361665382], [128.4888440183254, 49.55499117524642]]]}}, {"id": "210", "type": "Feature", "properties": {"contour_id": "water_peak_0211", "area_ha": 0.78, "pair_id": "flood_2021_06_amur__poyarkovo", "layer": "water_peak", "aoi_name": "Поярково — Михайловский район, Амур", "event_name": "Рекордный подъём Амура у Благовещенска, июнь 2021", "date_peak": "2021-07-01"}, "geometry": {"type": "Polygon", "coordinates": [[[128.69766992988946, 49.547000210922526], [128.69781260583906, 49.5462810011309], [128.69947088119804, 49.54637526740952], [128.69946812246556, 49.546824999272445], [128.69780927709627, 49.546820679288786], [128.69766992988946, 49.547000210922526]]]}}, {"id": "211", "type": "Feature", "properties": {"contour_id": "water_peak_0212", "area_ha": 0.78, "pair_id": "flood_2021_06_amur__poyarkovo", "layer": "water_peak", "aoi_name": "Поярково — Михайловский район, Амур", "event_name": "Рекордный подъём Амура у Благовещенска, июнь 2021", "date_peak": "2021-07-01"}, "geometry": {"type": "Polygon", "coordinates": [[[128.78676229763028, 49.50006588823847], [128.78690509088747, 49.49898677001887], [128.78759677519483, 49.4987181966378], [128.78759093554396, 49.50006741259325], [128.78676229763028, 49.50006588823847]]]}}, {"id": "212", "type": "Feature", "properties": {"contour_id": "water_peak_0213", "area_ha": 0.74, "pair_id": "flood_2021_06_amur__poyarkovo", "layer": "water_peak", "aoi_name": "Поярково — Михайловский район, Амур", "event_name": "Рекордный подъём Амура у Благовещенска, июнь 2021", "date_peak": "2021-07-01"}, "geometry": {"type": "Polygon", "coordinates": [[[128.7573013702338, 49.53688658811197], [128.7573049335261, 49.53616701242464], [128.75647613411243, 49.53607532325686], [128.7564783686954, 49.53562558842697], [128.75716939969496, 49.535627040650475], [128.75716806275636, 49.535896881566394], [128.7575826836656, 49.53589775092791], [128.7575813489896, 49.536167591839394], [128.75799597220163, 49.536168459723505], [128.75799241905503, 49.536888035447426], [128.7573013702338, 49.53688658811197]]]}}, {"id": "213", "type": "Feature", "properties": {"contour_id": "water_peak_0214", "area_ha": 0.74, "pair_id": "flood_2021_06_amur__poyarkovo", "layer": "water_peak", "aoi_name": "Поярково — Михайловский район, Амур", "event_name": "Рекордный подъём Амура у Благовещенска, июнь 2021", "date_peak": "2021-07-01"}, "geometry": {"type": "Polygon", "coordinates": [[[128.61562710997603, 49.55548172586457], [128.61563346286653, 49.554672216791765], [128.61646301132927, 49.554674969056414], [128.61646512432588, 49.55440513264729], [128.6170181536584, 49.55440696416958], [128.61687567486496, 49.55494617936832], [128.61646089830094, 49.554944805452806], [128.6164566721489, 49.55548447820746], [128.61562710997603, 49.55548172586457]]]}}, {"id": "214", "type": "Feature", "properties": {"contour_id": "water_peak_0215", "area_ha": 0.73, "pair_id": "flood_2021_06_amur__poyarkovo", "layer": "water_peak", "aoi_name": "Поярково — Михайловский район, Амур", "event_name": "Рекордный подъём Амура у Благовещенска, июнь 2021", "date_peak": "2021-07-01"}, "geometry": {"type": "Polygon", "coordinates": [[[128.67952838647602, 49.48848500927739], [128.67953132219364, 49.48803527370476], [128.6791182842035, 49.48785423125437], [128.67953484495777, 49.487495590971044], [128.68036326347956, 49.48749788291572], [128.6803568216926, 49.48848730130169], [128.67952838647602, 49.48848500927739]]]}}, {"id": "215", "type": "Feature", "properties": {"contour_id": "water_peak_0216", "area_ha": 0.72, "pair_id": "flood_2021_06_amur__poyarkovo", "layer": "water_peak", "aoi_name": "Поярково — Михайловский район, Амур", "event_name": "Рекордный подъём Амура у Благовещенска, июнь 2021", "date_peak": "2021-07-01"}, "geometry": {"type": "Polygon", "coordinates": [[[128.70506935681917, 49.58083957657269], [128.70507098316853, 49.58056973891632], [128.7059009782429, 49.58057185087847], [128.70590259999113, 49.580302013189396], [128.7075609686841, 49.58057605694742], [128.707559356065, 49.58084589466369], [128.70506935681917, 49.58083957657269]]]}}, {"id": "216", "type": "Feature", "properties": {"contour_id": "water_peak_0217", "area_ha": 0.72, "pair_id": "flood_2021_06_amur__poyarkovo", "layer": "water_peak", "aoi_name": "Поярково — Михайловский район, Амур", "event_name": "Рекордный подъём Амура у Благовещенска, июнь 2021", "date_peak": "2021-07-01"}, "geometry": {"type": "Polygon", "coordinates": [[[128.77408169995078, 49.554550322271034], [128.77408667839165, 49.55347096072421], [128.77491621871587, 49.55347257713496], [128.7749112585552, 49.55455193874305], [128.77408169995078, 49.554550322271034]]]}}, {"id": "217", "type": "Feature", "properties": {"contour_id": "water_peak_0218", "area_ha": 0.72, "pair_id": "flood_2021_06_amur__poyarkovo", "layer": "water_peak", "aoi_name": "Поярково — Михайловский район, Амур", "event_name": "Рекордный подъём Амура у Благовещенска, июнь 2021", "date_peak": "2021-07-01"}, "geometry": {"type": "Polygon", "coordinates": [[[128.7081224051358, 49.556021818556324], [128.70812401324048, 49.55575197966296], [128.70729605134008, 49.55548004552181], [128.7073008891471, 49.554670528787085], [128.7077156672701, 49.55467157711814], [128.70771244665985, 49.55521125497385], [128.7085420121188, 49.55521334721585], [128.70853719473288, 49.556022863963726], [128.7081224051358, 49.556021818556324]]]}}, {"id": "218", "type": "Feature", "properties": {"contour_id": "water_peak_0219", "area_ha": 0.72, "pair_id": "flood_2021_06_amur__poyarkovo", "layer": "water_peak", "aoi_name": "Поярково — Михайловский район, Амур", "event_name": "Рекордный подъём Амура у Благовещенска, июнь 2021", "date_peak": "2021-07-01"}, "geometry": {"type": "Polygon", "coordinates": [[[128.77325713814224, 49.55346933836725], [128.7732621345628, 49.55238997667918], [128.7740916565332, 49.552391598974644], [128.77408667839165, 49.55347096072421], [128.77325713814224, 49.55346933836725]]]}}, {"id": "219", "type": "Feature", "properties": {"contour_id": "water_peak_0220", "area_ha": 0.72, "pair_id": "flood_2021_06_amur__poyarkovo", "layer": "water_peak", "aoi_name": "Поярково — Михайловский район, Амур", "event_name": "Рекордный подъём Амура у Благовещенска, июнь 2021", "date_peak": "2021-07-01"}, "geometry": {"type": "Polygon", "coordinates": [[[128.6026734077928, 49.61831115605296], [128.6026756016812, 49.61804132306938], [128.60350622403197, 49.61804417086328], [128.6035106025378, 49.61750450480397], [128.60434121584828, 49.61750734658454], [128.60433466179828, 49.61831684573526], [128.6026734077928, 49.61831115605296]]]}}, {"id": "220", "type": "Feature", "properties": {"contour_id": "water_peak_0221", "area_ha": 0.72, "pair_id": "flood_2021_06_amur__poyarkovo", "layer": "water_peak", "aoi_name": "Поярково — Михайловский район, Амур", "event_name": "Рекордный подъём Амура у Благовещенска, июнь 2021", "date_peak": "2021-07-01"}, "geometry": {"type": "Polygon", "coordinates": [[[128.74633345465207, 49.546397533995936], [128.74633624884515, 49.54585785357868], [128.74550683919048, 49.54585603250768], [128.74550824082343, 49.545586192297286], [128.74716705108096, 49.54558982846022], [128.74716287352672, 49.54639934915675], [128.74633345465207, 49.546397533995936]]]}}, {"id": "221", "type": "Feature", "properties": {"contour_id": "water_peak_0222", "area_ha": 0.72, "pair_id": "flood_2021_06_amur__poyarkovo", "layer": "water_peak", "aoi_name": "Поярково — Михайловский район, Амур", "event_name": "Рекордный подъём Амура у Благовещенска, июнь 2021", "date_peak": "2021-07-01"}, "geometry": {"type": "Polygon", "coordinates": [[[128.74467883582093, 49.545584365299014], [128.74468164815917, 49.54504468487482], [128.74634183697933, 49.54477849259198], [128.74633904295425, 49.545318173110694], [128.74467883582093, 49.545584365299014]]]}}, {"id": "222", "type": "Feature", "properties": {"contour_id": "water_peak_0223", "area_ha": 0.72, "pair_id": "flood_2021_06_amur__poyarkovo", "layer": "water_peak", "aoi_name": "Поярково — Михайловский район, Амур", "event_name": "Рекордный подъём Амура у Благовещенска, июнь 2021", "date_peak": "2021-07-01"}, "geometry": {"type": "Polygon", "coordinates": [[[128.77653590249346, 49.56211068028058], [128.7765383653672, 49.561571000150565], [128.77570868776598, 49.561569395175994], [128.775709923747, 49.56129955510718], [128.77736926987959, 49.56130275907804], [128.77736558931278, 49.56211227933757], [128.77653590249346, 49.56211068028058]]]}}, {"id": "223", "type": "Feature", "properties": {"contour_id": "water_peak_0224", "area_ha": 0.72, "pair_id": "flood_2021_06_amur__poyarkovo", "layer": "water_peak", "aoi_name": "Поярково — Михайловский район, Амур", "event_name": "Рекордный подъём Амура у Благовещенска, июнь 2021", "date_peak": "2021-07-01"}, "geometry": {"type": "Polygon", "coordinates": [[[128.7430256872035, 49.54450133270895], [128.74303134799683, 49.54342197174613], [128.74386071628933, 49.543423810494055], [128.7438550737658, 49.54450317152657], [128.7430256872035, 49.54450133270895]]]}}, {"id": "224", "type": "Feature", "properties": {"contour_id": "water_peak_0225", "area_ha": 0.72, "pair_id": "flood_2021_06_amur__poyarkovo", "layer": "water_peak", "aoi_name": "Поярково — Михайловский район, Амур", "event_name": "Рекордный подъём Амура у Благовещенска, июнь 2021", "date_peak": "2021-07-01"}, "geometry": {"type": "Polygon", "coordinates": [[[128.74872620648392, 49.565021908534426], [128.74873174571377, 49.56394255094249], [128.74956146190848, 49.5639443493767], [128.74955594096934, 49.56502370703681], [128.74872620648392, 49.565021908534426]]]}}, {"id": "225", "type": "Feature", "properties": {"contour_id": "water_peak_0226", "area_ha": 0.72, "pair_id": "flood_2021_06_amur__poyarkovo", "layer": "water_peak", "aoi_name": "Поярково — Михайловский район, Амур", "event_name": "Рекордный подъём Амура у Благовещенска, июнь 2021", "date_peak": "2021-07-01"}, "geometry": {"type": "Polygon", "coordinates": [[[128.75220727065798, 49.61495003609217], [128.75221000676308, 49.614410361858596], [128.75387251136664, 49.614144068349596], [128.75386979364438, 49.61468374267571], [128.75220727065798, 49.61495003609217]]]}}, {"id": "226", "type": "Feature", "properties": {"contour_id": "water_peak_0227", "area_ha": 0.72, "pair_id": "flood_2021_06_amur__poyarkovo", "layer": "water_peak", "aoi_name": "Поярково — Михайловский район, Амур", "event_name": "Рекордный подъём Амура у Благовещенска, июнь 2021", "date_peak": "2021-07-01"}, "geometry": {"type": "Polygon", "coordinates": [[[128.80860754013702, 49.52924730337003], [128.8086117539889, 49.528167934706914], [128.8094408679038, 49.52816930312928], [128.80943667230648, 49.52924867184425], [128.80860754013702, 49.52924730337003]]]}}, {"id": "227", "type": "Feature", "properties": {"contour_id": "water_peak_0228", "area_ha": 0.72, "pair_id": "flood_2021_06_amur__poyarkovo", "layer": "water_peak", "aoi_name": "Поярково — Михайловский район, Амур", "event_name": "Рекордный подъём Амура у Благовещенска, июнь 2021", "date_peak": "2021-07-01"}, "geometry": {"type": "Polygon", "coordinates": [[[128.65957156628673, 49.55885745667309], [128.6595790692421, 49.55777810660789], [128.66040867433523, 49.557780543974175], [128.66040118966367, 49.558859894131764], [128.65957156628673, 49.55885745667309]]]}}, {"id": "228", "type": "Feature", "properties": {"contour_id": "water_peak_0229", "area_ha": 0.72, "pair_id": "flood_2021_06_amur__poyarkovo", "layer": "water_peak", "aoi_name": "Поярково — Михайловский район, Амур", "event_name": "Рекордный подъём Амура у Благовещенска, июнь 2021", "date_peak": "2021-07-01"}, "geometry": {"type": "Polygon", "coordinates": [[[128.45252487986937, 49.67463472472917], [128.4525279088184, 49.674364900221455], [128.45335947203736, 49.67436882852407], [128.45336249634067, 49.67409900396632], [128.45502259902165, 49.67437666721662], [128.45501958387308, 49.67464649183592], [128.45252487986937, 49.67463472472917]]]}}, {"id": "229", "type": "Feature", "properties": {"contour_id": "water_peak_0230", "area_ha": 0.72, "pair_id": "flood_2021_06_amur__poyarkovo", "layer": "water_peak", "aoi_name": "Поярково — Михайловский район, Амур", "event_name": "Рекордный подъём Амура у Благовещенска, июнь 2021", "date_peak": "2021-07-01"}, "geometry": {"type": "Polygon", "coordinates": [[[128.8069885820819, 49.51926038169602], [128.8069896441055, 49.518990539106625], [128.80781860277395, 49.51899191896631], [128.80781966022045, 49.51872207635117], [128.80906309150043, 49.51872413498545], [128.80906099027504, 49.519263820242095], [128.8069885820819, 49.51926038169602]]]}}, {"id": "230", "type": "Feature", "properties": {"contour_id": "water_peak_0231", "area_ha": 0.72, "pair_id": "flood_2021_06_amur__poyarkovo", "layer": "water_peak", "aoi_name": "Поярково — Михайловский район, Амур", "event_name": "Рекордный подъём Амура у Благовещенска, июнь 2021", "date_peak": "2021-07-01"}, "geometry": {"type": "Polygon", "coordinates": [[[128.83849011586918, 49.51903879861164], [128.83849367052312, 49.5179594262983], [128.83932261316943, 49.5179605804295], [128.83931907675978, 49.51903995278658], [128.83849011586918, 49.51903879861164]]]}}, {"id": "231", "type": "Feature", "properties": {"contour_id": "water_peak_0232", "area_ha": 0.72, "pair_id": "flood_2021_06_amur__poyarkovo", "layer": "water_peak", "aoi_name": "Поярково — Михайловский район, Амур", "event_name": "Рекордный подъём Амура у Благовещенска, июнь 2021", "date_peak": "2021-07-01"}, "geometry": {"type": "Polygon", "coordinates": [[[128.83932438129457, 49.517420894174975], [128.83932526533718, 49.517151051028726], [128.8384963363734, 49.51714989693033], [128.83849811354017, 49.51661021062168], [128.84015507382276, 49.51688235601862], [128.84015331487225, 49.51742204234556], [128.83932438129457, 49.517420894174975]]]}}, {"id": "232", "type": "Feature", "properties": {"contour_id": "water_peak_0233", "area_ha": 0.72, "pair_id": "flood_2021_06_amur__poyarkovo", "layer": "water_peak", "aoi_name": "Поярково — Михайловский район, Амур", "event_name": "Рекордный подъём Амура у Благовещенска, июнь 2021", "date_peak": "2021-07-01"}, "geometry": {"type": "Polygon", "coordinates": [[[128.6590368124844, 49.516490374281005], [128.65904431599813, 49.51541101633098], [128.65987320420606, 49.51541345601194], [128.65986571893308, 49.51649281405444], [128.6590368124844, 49.516490374281005]]]}}, {"id": "233", "type": "Feature", "properties": {"contour_id": "water_peak_0234", "area_ha": 0.72, "pair_id": "flood_2021_06_amur__poyarkovo", "layer": "water_peak", "aoi_name": "Поярково — Михайловский район, Амур", "event_name": "Рекордный подъём Амура у Благовещенска, июнь 2021", "date_peak": "2021-07-01"}, "geometry": {"type": "Polygon", "coordinates": [[[128.63044571057034, 49.51559304968071], [128.63045180995135, 49.51478353361872], [128.6321075361781, 49.515058655419345], [128.63210551217094, 49.515328494156726], [128.63127662788847, 49.51532585555043], [128.63127459929092, 49.515595694250095], [128.63044571057034, 49.51559304968071]]]}}, {"id": "234", "type": "Feature", "properties": {"contour_id": "water_peak_0235", "area_ha": 0.72, "pair_id": "flood_2021_06_amur__poyarkovo", "layer": "water_peak", "aoi_name": "Поярково — Михайловский район, Амур", "event_name": "Рекордный подъём Амура у Благовещенска, июнь 2021", "date_peak": "2021-07-01"}, "geometry": {"type": "Polygon", "coordinates": [[[128.8360131588108, 49.51606702646758], [128.83601676760125, 49.514987653729605], [128.83684565992036, 49.51498882555526], [128.83684206937122, 49.51606819833766], [128.8360131588108, 49.51606702646758]]]}}, {"id": "235", "type": "Feature", "properties": {"contour_id": "water_peak_0236", "area_ha": 0.72, "pair_id": "flood_2021_06_amur__poyarkovo", "layer": "water_peak", "aoi_name": "Поярково — Михайловский район, Амур", "event_name": "Рекордный подъём Амура у Благовещенска, июнь 2021", "date_peak": "2021-07-01"}, "geometry": {"type": "Polygon", "coordinates": [[[128.80748355880132, 49.498752998975334], [128.80748461733512, 49.4984831554165], [128.80665600514996, 49.498481773582675], [128.80665706822384, 49.49821193002427], [128.80831533749205, 49.49794484413381], [128.8083121756061, 49.49875437488742], [128.80748355880132, 49.498752998975334]]]}}, {"id": "236", "type": "Feature", "properties": {"contour_id": "water_peak_0237", "area_ha": 0.72, "pair_id": "flood_2021_06_amur__poyarkovo", "layer": "water_peak", "aoi_name": "Поярково — Михайловский район, Амур", "event_name": "Рекордный подъём Амура у Благовещенска, июнь 2021", "date_peak": "2021-07-01"}, "geometry": {"type": "Polygon", "coordinates": [[[128.46490482270607, 49.72110466659145], [128.4649077880276, 49.720834843708744], [128.46449160896051, 49.72083292045806], [128.46449754408152, 49.72029327469083], [128.46574606758065, 49.72029903984803], [128.4657371855864, 49.72110850864378], [128.46490482270607, 49.72110466659145]]]}}, {"id": "237", "type": "Feature", "properties": {"contour_id": "water_peak_0238", "area_ha": 0.72, "pair_id": "flood_2021_06_amur__poyarkovo", "layer": "water_peak", "aoi_name": "Поярково — Михайловский район, Амур", "event_name": "Рекордный подъём Амура у Благовещенска, июнь 2021", "date_peak": "2021-07-01"}, "geometry": {"type": "Polygon", "coordinates": [[[128.4681635370188, 49.72759574776232], [128.4681694328529, 49.72705610230597], [128.46983436318607, 49.727063734176426], [128.46982848580714, 49.72760337977756], [128.4681635370188, 49.72759574776232]]]}}, {"id": "238", "type": "Feature", "properties": {"contour_id": "water_peak_0239", "area_ha": 0.72, "pair_id": "flood_2021_06_amur__poyarkovo", "layer": "water_peak", "aoi_name": "Поярково — Михайловский район, Амур", "event_name": "Рекордный подъём Амура у Благовещенска, июнь 2021", "date_peak": "2021-07-01"}, "geometry": {"type": "Polygon", "coordinates": [[[128.4735425228232, 49.730588515999884], [128.47354835964572, 49.73004887035538], [128.47521339378534, 49.730056425247994], [128.47520757542114, 49.73059607103584], [128.4735425228232, 49.730588515999884]]]}}, {"id": "239", "type": "Feature", "properties": {"contour_id": "water_peak_0240", "area_ha": 0.72, "pair_id": "flood_2021_06_amur__poyarkovo", "layer": "water_peak", "aoi_name": "Поярково — Михайловский район, Амур", "event_name": "Рекордный подъём Амура у Благовещенска, июнь 2021", "date_peak": "2021-07-01"}, "geometry": {"type": "Polygon", "coordinates": [[[128.42130320232306, 49.57248285249744], [128.42131596264608, 49.57140354103131], [128.42214577096664, 49.57140768719311], [128.4221330289389, 49.572486998816416], [128.42130320232306, 49.57248285249744]]]}}, {"id": "240", "type": "Feature", "properties": {"contour_id": "water_peak_0241", "area_ha": 0.71, "pair_id": "flood_2021_06_amur__poyarkovo", "layer": "water_peak", "aoi_name": "Поярково — Михайловский район, Амур", "event_name": "Рекордный подъём Амура у Благовещенска, июнь 2021", "date_peak": "2021-07-01"}, "geometry": {"type": "Polygon", "coordinates": [[[128.740534263758, 49.57121020470871], [128.74040168140758, 49.570130538832025], [128.74123150194325, 49.57013239715488], [128.7412257961245, 49.57121175295662], [128.740534263758, 49.57121020470871]]]}}, {"id": "241", "type": "Feature", "properties": {"contour_id": "water_peak_0242", "area_ha": 0.7, "pair_id": "flood_2021_06_amur__poyarkovo", "layer": "water_peak", "aoi_name": "Поярково — Михайловский район, Амур", "event_name": "Рекордный подъём Амура у Благовещенска, июнь 2021", "date_peak": "2021-07-01"}, "geometry": {"type": "Polygon", "coordinates": [[[128.5997176765975, 49.573507273746415], [128.59972208999534, 49.57296760376108], [128.60138400144388, 49.572703496923985], [128.6012412961323, 49.573242690595436], [128.5997176765975, 49.573507273746415]]]}}, {"id": "242", "type": "Feature", "properties": {"contour_id": "water_peak_0243", "area_ha": 0.7, "pair_id": "flood_2021_06_amur__poyarkovo", "layer": "water_peak", "aoi_name": "Поярково — Михайловский район, Амур", "event_name": "Рекордный подъём Амура у Благовещенска, июнь 2021", "date_peak": "2021-07-01"}, "geometry": {"type": "Polygon", "coordinates": [[[128.78218082019822, 49.59872994684419], [128.78218162146115, 49.598550054549044], [128.78135131634073, 49.59854848917847], [128.781353729244, 49.59800881228894], [128.78162928963974, 49.59827917318702], [128.78163129782206, 49.597829442419894], [128.78218482643248, 49.59783048531217], [128.7823212067707, 49.598280476409386], [128.78301272485453, 49.598371721653336], [128.78301112844528, 49.59873150626896], [128.78218082019822, 49.59872994684419]]]}}, {"id": "243", "type": "Feature", "properties": {"contour_id": "water_peak_0244", "area_ha": 0.68, "pair_id": "flood_2021_06_amur__poyarkovo", "layer": "water_peak", "aoi_name": "Поярково — Михайловский район, Амур", "event_name": "Рекордный подъём Амура у Благовещенска, июнь 2021", "date_peak": "2021-07-01"}, "geometry": {"type": "Polygon", "coordinates": [[[128.78508294639394, 49.59963484033769], [128.78383865366132, 49.59936268279557], [128.78384103918418, 49.59882300589336], [128.785086504088, 49.59882532493741], [128.78508294639394, 49.59963484033769]], [[128.7848081508817, 49.59918459538227], [128.78494614134124, 49.59927479871554], [128.7849465368951, 49.599184852560775], [128.7848081508817, 49.59918459538227]]]}}, {"id": "244", "type": "Feature", "properties": {"contour_id": "water_peak_0245", "area_ha": 0.68, "pair_id": "flood_2021_06_amur__poyarkovo", "layer": "water_peak", "aoi_name": "Поярково — Михайловский район, Амур", "event_name": "Рекордный подъём Амура у Благовещенска, июнь 2021", "date_peak": "2021-07-01"}, "geometry": {"type": "Polygon", "coordinates": [[[128.72468279244475, 49.4877917483116], [128.72468430566263, 49.48752190583274], [128.72427009451846, 49.48752091929591], [128.72427312543903, 49.48698123431881], [128.72510153864405, 49.48698320587203], [128.7251030495173, 49.48671336334578], [128.7255172538774, 49.48671434688846], [128.72551373378303, 49.48734397945174], [128.72523759399922, 49.4873433239069], [128.72509700588822, 49.48779273337467], [128.72468279244475, 49.4877917483116]]]}}, {"id": "245", "type": "Feature", "properties": {"contour_id": "water_peak_0246", "area_ha": 0.67, "pair_id": "flood_2021_06_amur__poyarkovo", "layer": "water_peak", "aoi_name": "Поярково — Михайловский район, Амур", "event_name": "Рекордный подъём Амура у Благовещенска, июнь 2021", "date_peak": "2021-07-01"}, "geometry": {"type": "Polygon", "coordinates": [[[128.75140169347108, 49.52832900734627], [128.75140306179142, 49.52805916619215], [128.75057395297122, 49.528057381904986], [128.75057578345084, 49.52769759370232], [128.75306263885125, 49.52779287574339], [128.75237126417173, 49.52788134622899], [128.75236899252258, 49.528331081525664], [128.75140169347108, 49.52832900734627]]]}}, {"id": "246", "type": "Feature", "properties": {"contour_id": "water_peak_0247", "area_ha": 0.67, "pair_id": "flood_2021_06_amur__poyarkovo", "layer": "water_peak", "aoi_name": "Поярково — Михайловский район, Амур", "event_name": "Рекордный подъём Амура у Благовещенска, июнь 2021", "date_peak": "2021-07-01"}, "geometry": {"type": "Polygon", "coordinates": [[[128.53604915592024, 49.592698222853535], [128.53605171535995, 49.592428391030786], [128.53563662538232, 49.592426726519385], [128.53564174872557, 49.591887062867215], [128.53688700503605, 49.59189205184139], [128.53674097645137, 49.59270099375773], [128.53604915592024, 49.592698222853535]]]}}, {"id": "247", "type": "Feature", "properties": {"contour_id": "water_peak_0248", "area_ha": 0.66, "pair_id": "flood_2021_06_amur__poyarkovo", "layer": "water_peak", "aoi_name": "Поярково — Михайловский район, Амур", "event_name": "Рекордный подъём Амура у Благовещенска, июнь 2021", "date_peak": "2021-07-01"}, "geometry": {"type": "Polygon", "coordinates": [[[128.50356252224796, 49.6033571313315], [128.50356526193042, 49.60308730129204], [128.504119745503, 49.60299973066871], [128.5039831778032, 49.602819251021245], [128.50481353038967, 49.60282280611705], [128.50481535221238, 49.60264291937477], [128.50564752065853, 49.602466581721735], [128.50564479252694, 49.602736411875156], [128.5048107976214, 49.60309263621982], [128.50480806481198, 49.60336246630983], [128.50356252224796, 49.6033571313315]]]}}, {"id": "248", "type": "Feature", "properties": {"contour_id": "water_peak_0249", "area_ha": 0.66, "pair_id": "flood_2021_06_amur__poyarkovo", "layer": "water_peak", "aoi_name": "Поярково — Михайловский район, Амур", "event_name": "Рекордный подъём Амура у Благовещенска, июнь 2021", "date_peak": "2021-07-01"}, "geometry": {"type": "Polygon", "coordinates": [[[128.76834752907934, 49.53915792548272], [128.7679367136642, 49.53834757169485], [128.76724564376454, 49.53834618371665], [128.7672477796979, 49.53789644871242], [128.7679388432559, 49.53789783666871], [128.76793799142564, 49.53807773068339], [128.76835263110803, 49.538078561481434], [128.7683513556296, 49.53834840250077], [128.7686277836172, 49.53834895554595], [128.76862396163307, 49.53915847854363], [128.76834752907934, 49.53915792548272]]]}}, {"id": "249", "type": "Feature", "properties": {"contour_id": "water_peak_0250", "area_ha": 0.63, "pair_id": "flood_2021_06_amur__poyarkovo", "layer": "water_peak", "aoi_name": "Поярково — Михайловский район, Амур", "event_name": "Рекордный подъём Амура у Благовещенска, июнь 2021", "date_peak": "2021-07-01"}, "geometry": {"type": "Polygon", "coordinates": [[[128.81861203768435, 49.51442198770541], [128.818613035581, 49.514152144710074], [128.81778415819812, 49.51415084228031], [128.8177861630663, 49.513611156276326], [128.81902946548348, 49.51361310765722], [128.81902647867827, 49.51442263669966], [128.81861203768435, 49.51442198770541]]]}}, {"id": "250", "type": "Feature", "properties": {"contour_id": "water_peak_0251", "area_ha": 0.63, "pair_id": "flood_2021_06_amur__poyarkovo", "layer": "water_peak", "aoi_name": "Поярково — Михайловский район, Амур", "event_name": "Рекордный подъём Амура у Благовещенска, июнь 2021", "date_peak": "2021-07-01"}, "geometry": {"type": "Polygon", "coordinates": [[[128.4495352065516, 49.68163635783286], [128.4495412989904, 49.68109670973071], [128.4491254602575, 49.681094732422565], [128.449128508709, 49.68082490837108], [128.45037601814255, 49.680830835760084], [128.4503668933588, 49.68164030804485], [128.4495352065516, 49.68163635783286]]]}}, {"id": "251", "type": "Feature", "properties": {"contour_id": "water_peak_0252", "area_ha": 0.63, "pair_id": "flood_2021_06_amur__poyarkovo", "layer": "water_peak", "aoi_name": "Поярково — Михайловский район, Амур", "event_name": "Рекордный подъём Амура у Благовещенска, июнь 2021", "date_peak": "2021-07-01"}, "geometry": {"type": "Polygon", "coordinates": [[[128.43401890282888, 49.54933913077611], [128.434022020339, 49.549069301245055], [128.43443673620666, 49.54907132885468], [128.43443985138597, 49.54880149929163], [128.43402513780234, 49.54879947170122], [128.43402825521875, 49.54852964214458], [128.43485767786493, 49.548533695800835], [128.43485456501642, 49.548803525395904], [128.43526927869365, 49.54880555001403], [128.43526305742432, 49.54934520920412], [128.43401890282888, 49.54933913077611]]]}}, {"id": "252", "type": "Feature", "properties": {"contour_id": "water_peak_0253", "area_ha": 0.63, "pair_id": "flood_2021_06_amur__poyarkovo", "layer": "water_peak", "aoi_name": "Поярково — Михайловский район, Амур", "event_name": "Рекордный подъём Амура у Благовещенска, июнь 2021", "date_peak": "2021-07-01"}, "geometry": {"type": "Polygon", "coordinates": [[[128.57728333009354, 49.624697402108396], [128.57728566470038, 49.62442757028077], [128.57687030061172, 49.624426052922935], [128.5768726374772, 49.624156221096975], [128.57811872296716, 49.624160768656864], [128.57811639298308, 49.624430600525926], [128.57894712140606, 49.62443362481035], [128.5789447959746, 49.62470345669537], [128.57728333009354, 49.624697402108396]]]}}, {"id": "253", "type": "Feature", "properties": {"contour_id": "water_peak_0254", "area_ha": 0.63, "pair_id": "flood_2021_06_amur__poyarkovo", "layer": "water_peak", "aoi_name": "Поярково — Михайловский район, Амур", "event_name": "Рекордный подъём Амура у Благовещенска, июнь 2021", "date_peak": "2021-07-01"}, "geometry": {"type": "Polygon", "coordinates": [[[128.62879201802036, 49.515048065466274], [128.62879610242203, 49.51450838815404], [128.62796723230838, 49.51450572587129], [128.62796927902295, 49.51423588722132], [128.6292125773999, 49.51423987838093], [128.6292105375249, 49.51450971706871], [128.62962497265843, 49.51451104449894], [128.62962089737638, 49.51505072186149], [128.62879201802036, 49.515048065466274]]]}}, {"id": "254", "type": "Feature", "properties": {"contour_id": "water_peak_0255", "area_ha": 0.63, "pair_id": "flood_2021_06_amur__poyarkovo", "layer": "water_peak", "aoi_name": "Поярково — Михайловский район, Амур", "event_name": "Рекордный подъём Амура у Благовещенска, июнь 2021", "date_peak": "2021-07-01"}, "geometry": {"type": "Polygon", "coordinates": [[[128.82476501814074, 49.53224118242198], [128.82476598279356, 49.53197134017182], [128.82766810951358, 49.53197569876466], [128.82766716083657, 49.53224554105613], [128.82476501814074, 49.53224118242198]]]}}, {"id": "255", "type": "Feature", "properties": {"contour_id": "water_peak_0256", "area_ha": 0.63, "pair_id": "flood_2021_06_amur__poyarkovo", "layer": "water_peak", "aoi_name": "Поярково — Михайловский район, Амур", "event_name": "Рекордный подъём Амура у Благовещенска, июнь 2021", "date_peak": "2021-07-01"}, "geometry": {"type": "Polygon", "coordinates": [[[128.74364182013318, 49.58524890213138], [128.74364323400223, 49.58497906380669], [128.74654848832293, 49.58498546194628], [128.7465470904766, 49.585255300331625], [128.74364182013318, 49.58524890213138]]]}}, {"id": "256", "type": "Feature", "properties": {"contour_id": "water_peak_0257", "area_ha": 0.63, "pair_id": "flood_2021_06_amur__poyarkovo", "layer": "water_peak", "aoi_name": "Поярково — Михайловский район, Амур", "event_name": "Рекордный подъём Амура у Благовещенска, июнь 2021", "date_peak": "2021-07-01"}, "geometry": {"type": "Polygon", "coordinates": [[[128.67060526565197, 49.52192078379227], [128.67061070343354, 49.52111126515531], [128.67144149694548, 49.52084378257818], [128.67143426487084, 49.52192314087552], [128.67060526565197, 49.52192078379227]]]}}, {"id": "257", "type": "Feature", "properties": {"contour_id": "water_peak_0258", "area_ha": 0.61, "pair_id": "flood_2021_06_amur__poyarkovo", "layer": "water_peak", "aoi_name": "Поярково — Михайловский район, Амур", "event_name": "Рекордный подъём Амура у Благовещенска, июнь 2021", "date_peak": "2021-07-01"}, "geometry": {"type": "Polygon", "coordinates": [[[128.4206308433552, 49.57086042560765], [128.42063616612214, 49.5704107124483], [128.422158512228, 49.570328375365015], [128.42215214169312, 49.57086803130466], [128.4206308433552, 49.57086042560765]]]}}, {"id": "258", "type": "Feature", "properties": {"contour_id": "water_peak_0259", "area_ha": 0.6, "pair_id": "flood_2021_06_amur__poyarkovo", "layer": "water_peak", "aoi_name": "Поярково — Михайловский район, Амур", "event_name": "Рекордный подъём Амура у Благовещенска, июнь 2021", "date_peak": "2021-07-01"}, "geometry": {"type": "Polygon", "coordinates": [[[128.6026616360119, 49.568660249310966], [128.60266601620154, 49.56812057867803], [128.60460215816406, 49.56812720957481], [128.60459997875688, 49.568397044960484], [128.60349360573574, 49.56839325980675], [128.60349142019788, 49.56866309514382], [128.6026616360119, 49.568660249310966]]]}}, {"id": "259", "type": "Feature", "properties": {"contour_id": "water_peak_0260", "area_ha": 0.6, "pair_id": "flood_2021_06_amur__poyarkovo", "layer": "water_peak", "aoi_name": "Поярково — Михайловский район, Амур", "event_name": "Рекордный подъём Амура у Благовещенска, июнь 2021", "date_peak": "2021-07-01"}, "geometry": {"type": "Polygon", "coordinates": [[[128.4222978720675, 49.57023912312364], [128.42231273227247, 49.56897992568162], [128.42286803127584, 49.56880280019885], [128.42285106452985, 49.57024188315199], [128.4222978720675, 49.57023912312364]]]}}, {"id": "260", "type": "Feature", "properties": {"contour_id": "water_peak_0261", "area_ha": 0.59, "pair_id": "flood_2021_06_amur__poyarkovo", "layer": "water_peak", "aoi_name": "Поярково — Михайловский район, Амур", "event_name": "Рекордный подъём Амура у Благовещенска, июнь 2021", "date_peak": "2021-07-01"}, "geometry": {"type": "Polygon", "coordinates": [[[128.49189794117666, 49.56714759633164], [128.49176712007795, 49.56642743908225], [128.4919035420787, 49.56660793381023], [128.49273327880937, 49.566611573620314], [128.4927304829521, 49.56688140492189], [128.49356022442365, 49.56688503881797], [128.49355743309712, 49.56715487014124], [128.49189794117666, 49.56714759633164]]]}}, {"id": "261", "type": "Feature", "properties": {"contour_id": "water_peak_0262", "area_ha": 0.58, "pair_id": "flood_2021_06_amur__poyarkovo", "layer": "water_peak", "aoi_name": "Поярково — Михайловский район, Амур", "event_name": "Рекордный подъём Амура у Благовещенска, июнь 2021", "date_peak": "2021-07-01"}, "geometry": {"type": "Polygon", "coordinates": [[[128.46064333713568, 49.617286827837916], [128.4598147330088, 49.617103070070115], [128.4600915961434, 49.61710436164251], [128.46009656449274, 49.616654649066156], [128.4612059902695, 49.61647992358014], [128.46119904888096, 49.61710952131109], [128.46064333713568, 49.617286827837916]]]}}, {"id": "262", "type": "Feature", "properties": {"contour_id": "water_peak_0263", "area_ha": 0.58, "pair_id": "flood_2021_06_amur__poyarkovo", "layer": "water_peak", "aoi_name": "Поярково — Михайловский район, Амур", "event_name": "Рекордный подъём Амура у Благовещенска, июнь 2021", "date_peak": "2021-07-01"}, "geometry": {"type": "Polygon", "coordinates": [[[128.46285665919098, 49.71812698388791], [128.4628596355493, 49.71785716095612], [128.4638316508233, 49.71777171870641], [128.46383660232956, 49.717322013713506], [128.4641140350024, 49.71732329754974], [128.46411106565066, 49.71759312056192], [128.46494336839976, 49.7175969681205], [128.46494040361455, 49.7178667911564], [128.46410809625414, 49.717862943561336], [128.46410512681285, 49.71813276654797], [128.46285665919098, 49.71812698388791]]]}}, {"id": "263", "type": "Feature", "properties": {"contour_id": "water_peak_0264", "area_ha": 0.57, "pair_id": "flood_2021_06_amur__poyarkovo", "layer": "water_peak", "aoi_name": "Поярково — Михайловский район, Амур", "event_name": "Рекордный подъём Амура у Благовещенска, июнь 2021", "date_peak": "2021-07-01"}, "geometry": {"type": "Polygon", "coordinates": [[[128.46980497451923, 49.72976196167161], [128.4698079135853, 49.72949213897953], [128.47147292768017, 49.72949974757151], [128.47147585747325, 49.72922992479448], [128.47203085925247, 49.72923245565], [128.4718862537843, 49.72977146876269], [128.46980497451923, 49.72976196167161]]]}}, {"id": "264", "type": "Feature", "properties": {"contour_id": "water_peak_0265", "area_ha": 0.57, "pair_id": "flood_2021_06_amur__poyarkovo", "layer": "water_peak", "aoi_name": "Поярково — Михайловский район, Амур", "event_name": "Рекордный подъём Амура у Благовещенска, июнь 2021", "date_peak": "2021-07-01"}, "geometry": {"type": "Polygon", "coordinates": [[[128.77454740041463, 49.54348766546899], [128.7745486420024, 49.54321782457404], [128.77413395865298, 49.543217015916646], [128.77413769015516, 49.54240749317876], [128.77455236665378, 49.54240830181316], [128.77454988357152, 49.54294798366642], [128.7753784210932, 49.54312949045787], [128.77537677173675, 49.54348927834099], [128.77454740041463, 49.54348766546899]]]}}, {"id": "265", "type": "Feature", "properties": {"contour_id": "water_peak_0266", "area_ha": 0.56, "pair_id": "flood_2021_06_amur__poyarkovo", "layer": "water_peak", "aoi_name": "Поярково — Михайловский район, Амур", "event_name": "Рекордный подъём Амура у Благовещенска, июнь 2021", "date_peak": "2021-07-01"}, "geometry": {"type": "Polygon", "coordinates": [[[128.7509560642643, 49.53444451183798], [128.75095697831256, 49.53426461793387], [128.75068057371826, 49.53426402271173], [128.75068286133495, 49.53381428793619], [128.75206396175, 49.53399715133081], [128.75206168679085, 49.53444688613915], [128.7509560642643, 49.53444451183798]]]}}, {"id": "266", "type": "Feature", "properties": {"contour_id": "water_peak_0267", "area_ha": 0.55, "pair_id": "flood_2021_06_amur__poyarkovo", "layer": "water_peak", "aoi_name": "Поярково — Михайловский район, Амур", "event_name": "Рекордный подъём Амура у Благовещенска, июнь 2021", "date_peak": "2021-07-01"}, "geometry": {"type": "Polygon", "coordinates": [[[128.80945659914784, 49.52412166864297], [128.8094576477714, 49.52385182624254], [128.80876783275383, 49.52358084407365], [128.8087699375259, 49.523041159231035], [128.80904627992928, 49.523041615619704], [128.8090452290719, 49.52331145805168], [128.8098742608863, 49.52331282327068], [128.8098711219065, 49.52412235052936], [128.80945659914784, 49.52412166864297]]]}}, {"id": "267", "type": "Feature", "properties": {"contour_id": "water_peak_0268", "area_ha": 0.55, "pair_id": "flood_2021_06_amur__poyarkovo", "layer": "water_peak", "aoi_name": "Поярково — Михайловский район, Амур", "event_name": "Рекордный подъём Амура у Благовещенска, июнь 2021", "date_peak": "2021-07-01"}, "geometry": {"type": "Polygon", "coordinates": [[[128.7867447707574, 49.5993680731556], [128.7867471242094, 49.598828396151184], [128.78591720787546, 49.59873691735466], [128.78757860649444, 49.598560084288835], [128.78729870819845, 49.59927914545177], [128.7867447707574, 49.5993680731556]]]}}, {"id": "268", "type": "Feature", "properties": {"contour_id": "water_peak_0269", "area_ha": 0.54, "pair_id": "flood_2021_06_amur__poyarkovo", "layer": "water_peak", "aoi_name": "Поярково — Михайловский район, Амур", "event_name": "Рекордный подъём Амура у Благовещенска, июнь 2021", "date_peak": "2021-07-01"}, "geometry": {"type": "Polygon", "coordinates": [[[128.87913253245623, 49.50964383774894], [128.87913452693056, 49.508834305794686], [128.87996331682393, 49.508835168642456], [128.8799613360259, 49.50964470062124], [128.87913253245623, 49.50964383774894]]]}}, {"id": "269", "type": "Feature", "properties": {"contour_id": "water_peak_0270", "area_ha": 0.54, "pair_id": "flood_2021_06_amur__poyarkovo", "layer": "water_peak", "aoi_name": "Поярково — Михайловский район, Амур", "event_name": "Рекордный подъём Амура у Благовещенска, июнь 2021", "date_peak": "2021-07-01"}, "geometry": {"type": "Polygon", "coordinates": [[[128.7508993753815, 49.54559792288802], [128.75090349108257, 49.54478840184727], [128.7517328830071, 49.544790184210854], [128.75172878100932, 49.545599705302266], [128.7508993753815, 49.54559792288802]]]}}, {"id": "270", "type": "Feature", "properties": {"contour_id": "water_peak_0271", "area_ha": 0.54, "pair_id": "flood_2021_06_amur__poyarkovo", "layer": "water_peak", "aoi_name": "Поярково — Михайловский район, Амур", "event_name": "Рекордный подъём Амура у Благовещенска, июнь 2021", "date_peak": "2021-07-01"}, "geometry": {"type": "Polygon", "coordinates": [[[128.6883859004291, 49.528716148058365], [128.6883893307804, 49.52817646867897], [128.69004583771417, 49.5284507622162], [128.6900441316525, 49.52872060194175], [128.6883859004291, 49.528716148058365]]]}}, {"id": "271", "type": "Feature", "properties": {"contour_id": "water_peak_0272", "area_ha": 0.54, "pair_id": "flood_2021_06_amur__poyarkovo", "layer": "water_peak", "aoi_name": "Поярково — Михайловский район, Амур", "event_name": "Рекордный подъём Амура у Благовещенска, июнь 2021", "date_peak": "2021-07-01"}, "geometry": {"type": "Polygon", "coordinates": [[[128.46733696795278, 49.72705227739776], [128.46734287283644, 49.72651263196291], [128.46900778435977, 49.726520275652334], [128.46900484116745, 49.726790098448646], [128.4681723807033, 49.72678627955866], [128.4681694328529, 49.72705610230597], [128.46733696795278, 49.72705227739776]]]}}, {"id": "272", "type": "Feature", "properties": {"contour_id": "water_peak_0273", "area_ha": 0.54, "pair_id": "flood_2021_06_amur__poyarkovo", "layer": "water_peak", "aoi_name": "Поярково — Михайловский район, Амур", "event_name": "Рекордный подъём Амура у Благовещенска, июнь 2021", "date_peak": "2021-07-01"}, "geometry": {"type": "Polygon", "coordinates": [[[128.57678907923972, 49.58583845581599], [128.57679608153063, 49.58502895488353], [128.5776261406102, 49.58503198689021], [128.57761915205234, 49.58584148790887], [128.57678907923972, 49.58583845581599]]]}}, {"id": "273", "type": "Feature", "properties": {"contour_id": "water_peak_0274", "area_ha": 0.54, "pair_id": "flood_2021_06_amur__poyarkovo", "layer": "water_peak", "aoi_name": "Поярково — Михайловский район, Амур", "event_name": "Рекордный подъём Амура у Благовещенска, июнь 2021", "date_peak": "2021-07-01"}, "geometry": {"type": "Polygon", "coordinates": [[[128.42753160812958, 49.53662449934278], [128.42753791173695, 49.53608483968362], [128.42919319145508, 49.53636286250492], [128.42919004875733, 49.53663269240574], [128.42753160812958, 49.53662449934278]]]}}, {"id": "274", "type": "Feature", "properties": {"contour_id": "water_peak_0275", "area_ha": 0.54, "pair_id": "flood_2021_06_amur__poyarkovo", "layer": "water_peak", "aoi_name": "Поярково — Михайловский район, Амур", "event_name": "Рекордный подъём Амура у Благовещенска, июнь 2021", "date_peak": "2021-07-01"}, "geometry": {"type": "Polygon", "coordinates": [[[128.73932072493955, 49.539366019591604], [128.73932503099743, 49.53855649840302], [128.74015431670472, 49.53855836358108], [128.74015002434527, 49.539367884822695], [128.73932072493955, 49.539366019591604]]]}}, {"id": "275", "type": "Feature", "properties": {"contour_id": "water_peak_0276", "area_ha": 0.54, "pair_id": "flood_2021_06_amur__poyarkovo", "layer": "water_peak", "aoi_name": "Поярково — Михайловский район, Амур", "event_name": "Рекордный подъём Амура у Благовещенска, июнь 2021", "date_peak": "2021-07-01"}, "geometry": {"type": "Polygon", "coordinates": [[[128.4697843998161, 49.731650720158825], [128.46978733919232, 49.731380897556086], [128.46895480010843, 49.731377084033106], [128.4689577440552, 49.73110726145378], [128.4706228131706, 49.73111488244454], [128.4706169436921, 49.73165452773502], [128.4697843998161, 49.731650720158825]]]}}, {"id": "276", "type": "Feature", "properties": {"contour_id": "water_peak_0277", "area_ha": 0.54, "pair_id": "flood_2021_06_amur__poyarkovo", "layer": "water_peak", "aoi_name": "Поярково — Михайловский район, Амур", "event_name": "Рекордный подъём Амура у Благовещенска, июнь 2021", "date_peak": "2021-07-01"}, "geometry": {"type": "Polygon", "coordinates": [[[128.6555000252818, 49.48895564126381], [128.65550570581266, 49.4881461192463], [128.6563341332967, 49.48814858328976], [128.65632846642552, 49.48895810537729], [128.6555000252818, 49.48895564126381]]]}}, {"id": "277", "type": "Feature", "properties": {"contour_id": "water_peak_0278", "area_ha": 0.54, "pair_id": "flood_2021_06_amur__poyarkovo", "layer": "water_peak", "aoi_name": "Поярково — Михайловский район, Амур", "event_name": "Рекордный подъём Амура у Благовещенска, июнь 2021", "date_peak": "2021-07-01"}, "geometry": {"type": "Polygon", "coordinates": [[[128.4514321134411, 49.62389963212252], [128.4514381725194, 49.62335997843912], [128.4530965416954, 49.6236376657809], [128.45309352130775, 49.623907492690726], [128.4514321134411, 49.62389963212252]]]}}, {"id": "278", "type": "Feature", "properties": {"contour_id": "water_peak_0279", "area_ha": 0.54, "pair_id": "flood_2021_06_amur__poyarkovo", "layer": "water_peak", "aoi_name": "Поярково — Михайловский район, Амур", "event_name": "Рекордный подъём Амура у Благовещенска, июнь 2021", "date_peak": "2021-07-01"}, "geometry": {"type": "Polygon", "coordinates": [[[128.6671353787127, 49.54457776393813], [128.66714087817132, 49.54376824877146], [128.66797024667642, 49.54377063144071], [128.66796476091992, 49.544580146675116], [128.6671353787127, 49.54457776393813]]]}}, {"id": "279", "type": "Feature", "properties": {"contour_id": "water_peak_0280", "area_ha": 0.54, "pair_id": "flood_2021_06_amur__poyarkovo", "layer": "water_peak", "aoi_name": "Поярково — Михайловский район, Амур", "event_name": "Рекордный подъём Амура у Благовещенска, июнь 2021", "date_peak": "2021-07-01"}, "geometry": {"type": "Polygon", "coordinates": [[[128.75172467882658, 49.54640922627961], [128.75172878100932, 49.545599705302266], [128.75255818671937, 49.54560148177199], [128.75255409824055, 49.546411002799815], [128.75172467882658, 49.54640922627961]]]}}, {"id": "280", "type": "Feature", "properties": {"contour_id": "water_peak_0281", "area_ha": 0.54, "pair_id": "flood_2021_06_amur__poyarkovo", "layer": "water_peak", "aoi_name": "Поярково — Михайловский район, Амур", "event_name": "Рекордный подъём Амура у Благовещенска, июнь 2021", "date_peak": "2021-07-01"}, "geometry": {"type": "Polygon", "coordinates": [[[128.8323024365899, 49.51039497149245], [128.83230520389472, 49.50958544131203], [128.83313400477775, 49.50958663963268], [128.83313125114972, 49.51039616984716], [128.8323024365899, 49.51039497149245]]]}}, {"id": "281", "type": "Feature", "properties": {"contour_id": "water_peak_0282", "area_ha": 0.54, "pair_id": "flood_2021_06_amur__poyarkovo", "layer": "water_peak", "aoi_name": "Поярково — Михайловский район, Амур", "event_name": "Рекордный подъём Амура у Благовещенска, июнь 2021", "date_peak": "2021-07-01"}, "geometry": {"type": "Polygon", "coordinates": [[[128.74384519853322, 49.54639205284532], [128.74384943090297, 49.54558253235622], [128.74467883582093, 49.545584365299014], [128.74467461715506, 49.54639388584023], [128.74384519853322, 49.54639205284532]]]}}, {"id": "282", "type": "Feature", "properties": {"contour_id": "water_peak_0283", "area_ha": 0.54, "pair_id": "flood_2021_06_amur__poyarkovo", "layer": "water_peak", "aoi_name": "Поярково — Михайловский район, Амур", "event_name": "Рекордный подъём Амура у Благовещенска, июнь 2021", "date_peak": "2021-07-01"}, "geometry": {"type": "Polygon", "coordinates": [[[128.75545302613563, 49.547226694895144], [128.7554570668329, 49.54641717380597], [128.75628648661345, 49.54641892357497], [128.75628245962073, 49.547228444713895], [128.75545302613563, 49.547226694895144]]]}}, {"id": "283", "type": "Feature", "properties": {"contour_id": "water_peak_0284", "area_ha": 0.54, "pair_id": "flood_2021_06_amur__poyarkovo", "layer": "water_peak", "aoi_name": "Поярково — Михайловский район, Амур", "event_name": "Рекордный подъём Амура у Благовещенска, июнь 2021", "date_peak": "2021-07-01"}, "geometry": {"type": "Polygon", "coordinates": [[[128.73844821734164, 49.54745935349401], [128.7384525390463, 49.54664983349992], [128.73928196167992, 49.54665170515305], [128.73927765367995, 49.54746122520036], [128.73844821734164, 49.54745935349401]]]}}, {"id": "284", "type": "Feature", "properties": {"contour_id": "water_peak_0285", "area_ha": 0.54, "pair_id": "flood_2021_06_amur__poyarkovo", "layer": "water_peak", "aoi_name": "Поярково — Михайловский район, Амур", "event_name": "Рекордный подъём Амура у Благовещенска, июнь 2021", "date_peak": "2021-07-01"}, "geometry": {"type": "Polygon", "coordinates": [[[128.74798118796622, 49.548559879809574], [128.7479853523173, 49.54775035936589], [128.74881479420034, 49.547752162722745], [128.7488106435548, 49.54856168321769], [128.74798118796622, 49.548559879809574]]]}}, {"id": "285", "type": "Feature", "properties": {"contour_id": "water_peak_0286", "area_ha": 0.54, "pair_id": "flood_2021_06_amur__poyarkovo", "layer": "water_peak", "aoi_name": "Поярково — Михайловский район, Амур", "event_name": "Рекордный подъём Амура у Благовещенска, июнь 2021", "date_peak": "2021-07-01"}, "geometry": {"type": "Polygon", "coordinates": [[[128.75088016632236, 49.549375686236225], [128.75088428288961, 49.548566165727934], [128.75171373876816, 49.548567948328], [128.75170963590708, 49.549377468886966], [128.75088016632236, 49.549375686236225]]]}}, {"id": "286", "type": "Feature", "properties": {"contour_id": "water_peak_0287", "area_ha": 0.54, "pair_id": "flood_2021_06_amur__poyarkovo", "layer": "water_peak", "aoi_name": "Поярково — Михайловский район, Амур", "event_name": "Рекордный подъём Амура у Благовещенска, июнь 2021", "date_peak": "2021-07-01"}, "geometry": {"type": "Polygon", "coordinates": [[[128.45064388371367, 49.620118116563454], [128.45065298410643, 49.619308635594436], [128.45148360979428, 49.61931257418419], [128.45147452315982, 49.62012205526522], [128.45064388371367, 49.620118116563454]]]}}, {"id": "287", "type": "Feature", "properties": {"contour_id": "water_peak_0288", "area_ha": 0.54, "pair_id": "flood_2021_06_amur__poyarkovo", "layer": "water_peak", "aoi_name": "Поярково — Михайловский район, Амур", "event_name": "Рекордный подъём Амура у Благовещенска, июнь 2021", "date_peak": "2021-07-01"}, "geometry": {"type": "Polygon", "coordinates": [[[128.46179467799948, 49.738899445892365], [128.4618006468187, 49.73835980205544], [128.4622169755835, 49.7383617354689], [128.4622199576173, 49.73809191351293], [128.46305261066516, 49.738095775814934], [128.4630466557858, 49.73863541978735], [128.4622139935047, 49.73863155741207], [128.46221101138096, 49.7389013793425], [128.46179467799948, 49.738899445892365]]]}}, {"id": "288", "type": "Feature", "properties": {"contour_id": "water_peak_0289", "area_ha": 0.54, "pair_id": "flood_2021_06_amur__poyarkovo", "layer": "water_peak", "aoi_name": "Поярково — Михайловский район, Амур", "event_name": "Рекордный подъём Амура у Благовещенска, июнь 2021", "date_peak": "2021-07-01"}, "geometry": {"type": "Polygon", "coordinates": [[[128.7516768063566, 49.55585362925121], [128.7516809106982, 49.555044109605014], [128.75251047632577, 49.555045886664054], [128.7525063856953, 49.55585540636077], [128.7516768063566, 49.55585362925121]]]}}, {"id": "289", "type": "Feature", "properties": {"contour_id": "water_peak_0290", "area_ha": 0.54, "pair_id": "flood_2021_06_amur__poyarkovo", "layer": "water_peak", "aoi_name": "Поярково — Михайловский район, Амур", "event_name": "Рекордный подъём Амура у Благовещенска, июнь 2021", "date_peak": "2021-07-01"}, "geometry": {"type": "Polygon", "coordinates": [[[128.74089228254016, 49.55582998567929], [128.74089656512604, 49.555020466705294], [128.7417261296627, 49.55502232106889], [128.74172186078792, 49.555831840095614], [128.74089228254016, 49.55582998567929]]]}}, {"id": "290", "type": "Feature", "properties": {"contour_id": "water_peak_0291", "area_ha": 0.54, "pair_id": "flood_2021_06_amur__poyarkovo", "layer": "water_peak", "aoi_name": "Поярково — Михайловский район, Амур", "event_name": "Рекордный подъём Амура у Благовещенска, июнь 2021", "date_peak": "2021-07-01"}, "geometry": {"type": "Polygon", "coordinates": [[[128.56683458482692, 49.631944465454616], [128.56684176349384, 49.6311349720562], [128.5676726047121, 49.63113807754619], [128.5676654398135, 49.63194757103294], [128.56683458482692, 49.631944465454616]]]}}, {"id": "291", "type": "Feature", "properties": {"contour_id": "water_peak_0292", "area_ha": 0.54, "pair_id": "flood_2021_06_amur__poyarkovo", "layer": "water_peak", "aoi_name": "Поярково — Михайловский район, Амур", "event_name": "Рекордный подъём Амура у Благовещенска, июнь 2021", "date_peak": "2021-07-01"}, "geometry": {"type": "Polygon", "coordinates": [[[128.57300938598328, 49.63844356029236], [128.57301174533902, 49.638173729258234], [128.57467601889252, 49.63791001524723], [128.57467131858132, 49.63844967744418], [128.57300938598328, 49.63844356029236]]]}}, {"id": "292", "type": "Feature", "properties": {"contour_id": "water_peak_0293", "area_ha": 0.54, "pair_id": "flood_2021_06_amur__poyarkovo", "layer": "water_peak", "aoi_name": "Поярково — Михайловский район, Амур", "event_name": "Рекордный подъём Амура у Благовещенска, июнь 2021", "date_peak": "2021-07-01"}, "geometry": {"type": "Polygon", "coordinates": [[[128.84932463859766, 49.500164285257725], [128.849326295618, 49.49962459707801], [128.85056924563003, 49.49962620920075], [128.85056760227883, 49.500165897411016], [128.84932463859766, 49.500164285257725]]]}}, {"id": "293", "type": "Feature", "properties": {"contour_id": "water_peak_0294", "area_ha": 0.54, "pair_id": "flood_2021_06_amur__poyarkovo", "layer": "water_peak", "aoi_name": "Поярково — Михайловский район, Амур", "event_name": "Рекордный подъём Амура у Благовещенска, июнь 2021", "date_peak": "2021-07-01"}, "geometry": {"type": "Polygon", "coordinates": [[[128.8061468186483, 49.52249710581127], [128.80614895218653, 49.52195742095011], [128.80780591217646, 49.52223002935993], [128.8078048545234, 49.52249987181039], [128.8061468186483, 49.52249710581127]]]}}, {"id": "294", "type": "Feature", "properties": {"contour_id": "water_peak_0295", "area_ha": 0.54, "pair_id": "flood_2021_06_amur__poyarkovo", "layer": "water_peak", "aoi_name": "Поярково — Михайловский район, Амур", "event_name": "Рекордный подъём Амура у Благовещенска, июнь 2021", "date_peak": "2021-07-01"}, "geometry": {"type": "Polygon", "coordinates": [[[128.83520056823113, 49.51120866994322], [128.83520328778985, 49.51039913975831], [128.8360321025415, 49.51040031733252], [128.83602939666014, 49.51120984755091], [128.83520056823113, 49.51120866994322]]]}}, {"id": "295", "type": "Feature", "properties": {"contour_id": "water_peak_0296", "area_ha": 0.54, "pair_id": "flood_2021_06_amur__poyarkovo", "layer": "water_peak", "aoi_name": "Поярково — Михайловский район, Амур", "event_name": "Рекордный подъём Амура у Благовещенска, июнь 2021", "date_peak": "2021-07-01"}, "geometry": {"type": "Polygon", "coordinates": [[[128.83395184516985, 49.51282595232579], [128.8339545854916, 49.51201642241937], [128.83478342751678, 49.51201760896697], [128.8347807008736, 49.512827138907106], [128.83395184516985, 49.51282595232579]]]}}, {"id": "296", "type": "Feature", "properties": {"contour_id": "water_peak_0297", "area_ha": 0.54, "pair_id": "flood_2021_06_amur__poyarkovo", "layer": "water_peak", "aoi_name": "Поярково — Михайловский район, Амур", "event_name": "Рекордный подъём Амура у Благовещенска, июнь 2021", "date_peak": "2021-07-01"}, "geometry": {"type": "Polygon", "coordinates": [[[128.86297539339105, 49.50800676205175], [128.86297690070742, 49.50746707428429], [128.8646336887619, 49.507738869401365], [128.86463294421486, 49.508008713297244], [128.86297539339105, 49.50800676205175]]]}}, {"id": "297", "type": "Feature", "properties": {"contour_id": "water_peak_0298", "area_ha": 0.54, "pair_id": "flood_2021_06_amur__poyarkovo", "layer": "water_peak", "aoi_name": "Поярково — Михайловский район, Амур", "event_name": "Рекордный подъём Амура у Благовещенска, июнь 2021", "date_peak": "2021-07-01"}, "geometry": {"type": "Polygon", "coordinates": [[[128.83519240881955, 49.51363725981406], [128.835195128746, 49.5128277299711], [128.83602398453158, 49.512828907645726], [128.83602127828436, 49.51363843752217], [128.83519240881955, 49.51363725981406]]]}}, {"id": "298", "type": "Feature", "properties": {"contour_id": "water_peak_0299", "area_ha": 0.54, "pair_id": "flood_2021_06_amur__poyarkovo", "layer": "water_peak", "aoi_name": "Поярково — Михайловский район, Амур", "event_name": "Рекордный подъём Амура у Благовещенска, июнь 2021", "date_peak": "2021-07-01"}, "geometry": {"type": "Polygon", "coordinates": [[[128.45710869215728, 49.7110844265552], [128.45711470703006, 49.7105447805301], [128.45877906991035, 49.71055256940592], [128.45877607171556, 49.71082239249873], [128.45794388557545, 49.710818501013165], [128.45794088272592, 49.7110883240563], [128.45710869215728, 49.7110844265552]]]}}, {"id": "299", "type": "Feature", "properties": {"contour_id": "water_peak_0300", "area_ha": 0.54, "pair_id": "flood_2021_06_amur__poyarkovo", "layer": "water_peak", "aoi_name": "Поярково — Михайловский район, Амур", "event_name": "Рекордный подъём Амура у Благовещенска, июнь 2021", "date_peak": "2021-07-01"}, "geometry": {"type": "Polygon", "coordinates": [[[128.85220294338347, 49.50745381260122], [128.85220538204257, 49.50664428123201], [128.8530341340306, 49.506645336951614], [128.85303170904606, 49.50745486835081], [128.85220294338347, 49.50745381260122]]]}}], "name": "flood_2021_06_amur__poyarkovo_water_peak"}