{"type": "FeatureCollection", "features": [{"id": "0", "type": "Feature", "properties": {"contour_id": "flood_0001", "area_ha": 34.06, "pair_id": "flood_2019_07_amur__blagoveshchensk", "layer": "flood", "aoi_name": "Благовещенск — слияние Амура и Зеи", "event_name": "Паводок в Приамурье, июль 2019", "date_peak": "2019-07-25"}, "geometry": {"type": "Polygon", "coordinates": [[[127.30390205317204, 50.2933197024741], [127.30335672818103, 50.292862027029216], [127.30326756714607, 50.2914216342548], [127.302027062339, 50.2907739146422], [127.30203666230884, 50.29050422521365], [127.30175602214693, 50.290500124740475], [127.30149138695776, 50.2900465413083], [127.2999735123637, 50.289304802074746], [127.2999831234399, 50.28903511286472], [127.29956217663006, 50.28902895459464], [127.29919892187613, 50.28740465995154], [127.29864088490885, 50.28730654862282], [127.2982359873979, 50.28685090387387], [127.29767475121582, 50.28684268433064], [127.2976843744442, 50.2865729953275], [127.29658116789173, 50.286017170536724], [127.29645691117722, 50.28556563247627], [127.29589890159325, 50.285467508225814], [127.29580676322966, 50.28411700668036], [127.29637438662027, 50.283945442291035], [127.29641932344461, 50.28268689371021], [127.29545330424806, 50.282223011761886], [127.2956032329388, 50.281955380519776], [127.2949210349762, 50.28140571280169], [127.29480001745851, 50.28086427661318], [127.29509023579614, 50.28059870439196], [127.29564818692646, 50.280696832010314], [127.29594482013823, 50.280251464900914], [127.29622539919285, 50.280255578798574], [127.29663343194305, 50.28062133390868], [127.29776217143583, 50.280457986008464], [127.29859109193067, 50.28082989843304], [127.29916187050848, 50.28056842335495], [127.29889090345672, 50.28029462706172], [127.29947448833269, 50.279673564308894], [127.30072427674045, 50.28005161935848], [127.30112914212691, 50.280507255606956], [127.30138092266643, 50.28132042638558], [127.30179540311919, 50.28150637060829], [127.3021906946901, 50.282231693093024], [127.30302287816643, 50.28251367783001], [127.30369879417475, 50.28324309232565], [127.30368920606806, 50.28351278232489], [127.30410690984738, 50.28360882184861], [127.30437473067339, 50.28397250301023], [127.30576816548897, 50.28426265533757], [127.30576178099889, 50.28444244883266], [127.307279594592, 50.28518411240806], [127.30725088856234, 50.28599318359005], [127.30765905478141, 50.286358900982556], [127.30835740897133, 50.286459011500604], [127.30874009217146, 50.28754389984158], [127.30999334578442, 50.287831960667], [127.31053867889239, 50.288289605412295], [127.31052912772739, 50.2885592961288], [127.30968723805701, 50.28854705452208], [127.309696793976, 50.28827736392204], [127.3088549096411, 50.28826511633711], [127.30887403055067, 50.2877257353284], [127.30803215630523, 50.28771348188194], [127.30806085083975, 50.28690441061431], [127.3072189914373, 50.286892151423224], [127.30723812990641, 50.286352770741864], [127.30639628059316, 50.28634050568981], [127.30642500146489, 50.28553143491352], [127.30558316699398, 50.28551916411745], [127.30559274507976, 50.28524947394762], [127.3034881733357, 50.28521877058809], [127.30350735283511, 50.284679390790906], [127.30183331611394, 50.28438511146276], [127.30186211234762, 50.2835760423227], [127.30016890884421, 50.28382111873451], [127.30015930059429, 50.28409080821368], [127.29973839735703, 50.2840846510177], [127.29974800798331, 50.28381496159711], [127.29890620670007, 50.283802642752065], [127.29887736012445, 50.284611710620474], [127.2980355451681, 50.28459938533001], [127.29800668301719, 50.2854084527213], [127.29758576862912, 50.28540228761492], [127.29757614524291, 50.285671976658854], [127.29799706200752, 50.28567814182388], [127.2979874408515, 50.28594783091254], [127.29882927957291, 50.285960156789336], [127.29880042948656, 50.286769224323564], [127.29964228305309, 50.286781544457924], [127.29960383323741, 50.28786030144421], [127.3004360983374, 50.28814230528186], [127.30041688176742, 50.28868168389796], [127.30125876977932, 50.28869399266349], [127.30122995809026, 50.289503060834576], [127.30207186094879, 50.289515363856566], [127.30205266193403, 50.2900547428018], [127.30289457488524, 50.290067039962906], [127.30286578953113, 50.290876108627394], [127.30370771732957, 50.29088840004432], [127.30364057967768, 50.29277622725971], [127.30448254134357, 50.29278851339969], [127.30446336735433, 50.29332789271266], [127.30390205317204, 50.2933197024741]]]}}, {"id": "1", "type": "Feature", "properties": {"contour_id": "flood_0002", "area_ha": 21.43, "pair_id": "flood_2019_07_amur__blagoveshchensk", "layer": "flood", "aoi_name": "Благовещенск — слияние Амура и Зеи", "event_name": "Паводок в Приамурье, июль 2019", "date_peak": "2019-07-25"}, "geometry": {"type": "Polygon", "coordinates": [[[127.58854983936139, 50.22490197605773], [127.5885551472288, 50.22472215662607], [127.58731242706428, 50.22407745862832], [127.58732305173972, 50.22371781989936], [127.58677842266286, 50.22317154427714], [127.58748709713771, 50.222910336603675], [127.5874950643499, 50.22264060748444], [127.58792344877905, 50.22237598903756], [127.5879446874451, 50.221656711154544], [127.58836509858595, 50.221661820190114], [127.58833590388589, 50.222650827432666], [127.58959716409737, 50.22266614594966], [127.58960511934137, 50.222396416574], [127.5904459553481, 50.22240662121803], [127.59047775616044, 50.22132770319206], [127.59131857369573, 50.22133790136526], [127.59131062841246, 50.22160763098902], [127.59173103973052, 50.22161272784312], [127.59173898264451, 50.2213429981709], [127.59257980090418, 50.22135318722023], [127.59267504959978, 50.218116428936845], [127.59309543048182, 50.218121520599354], [127.59310336472026, 50.21785179060617], [127.59394412210834, 50.217861969272924], [127.59396790988768, 50.217052778921946], [127.59480865354517, 50.217062951216576], [127.5947928046211, 50.21760241165757], [127.59549343259947, 50.2176108840852], [127.59544590662594, 50.21922926556765], [127.5947452549586, 50.219220792656486], [127.59471355277482, 50.220299713052356], [127.5942931524587, 50.22029462708479], [127.59426143887087, 50.22137354707108], [127.59510225857734, 50.22138371787259], [127.59487230104757, 50.22443896286298], [127.59513938464161, 50.22489190234534], [127.59373791591868, 50.22487494722344], [127.5937537808262, 50.22433548770522], [127.59207203908474, 50.22431511964077], [127.59194248405521, 50.223953781774725], [127.59250835298234, 50.223780754656396], [127.59251629212291, 50.223511024995304], [127.59197160552696, 50.222964773221214], [127.59141104122638, 50.22295797810635], [127.59096677501701, 50.22376206848663], [127.58999372506076, 50.223480437272094], [127.58997781822379, 50.22401989599891], [127.59039825050466, 50.22402499785173], [127.59039029927449, 50.22429472724339], [127.58927179300487, 50.22419120904098], [127.58883809273358, 50.22463565176727], [127.58897293228867, 50.22481717341049], [127.58854983936139, 50.22490197605773]], [[127.58855780114236, 50.224632246907994], [127.58869529328102, 50.2247238591456], [127.58869794693125, 50.22463394942212], [127.58855780114236, 50.224632246907994]]]}}, {"id": "2", "type": "Feature", "properties": {"contour_id": "flood_0003", "area_ha": 21.29, "pair_id": "flood_2019_07_amur__blagoveshchensk", "layer": "flood", "aoi_name": "Благовещенск — слияние Амура и Зеи", "event_name": "Паводок в Приамурье, июль 2019", "date_peak": "2019-07-25"}, "geometry": {"type": "Polygon", "coordinates": [[[127.5718174509517, 50.17019235188598], [127.5715482028017, 50.16982926904268], [127.57070293205466, 50.16999875521842], [127.57029639269268, 50.16954403681857], [127.5693245629466, 50.16926224039658], [127.56809696478254, 50.168167796282475], [127.56770659152978, 50.167173610195675], [127.5672920391348, 50.16698861090767], [127.56730279257744, 50.16662897175052], [127.56674827220824, 50.166442243685964], [127.56634180014052, 50.165987511753904], [127.56564462733104, 50.16588896023321], [127.56579805526528, 50.165441140182224], [127.56636063033312, 50.165358143365474], [127.56652211867909, 50.16464059288553], [127.56778183977539, 50.164656135214614], [127.56781408575947, 50.16357721700447], [127.56697429046523, 50.16356685736332], [127.56700655338234, 50.162487939330525], [127.56616677746915, 50.162477574013586], [127.5661909875389, 50.16166838564243], [127.56535122628343, 50.16165801455152], [127.56537544941757, 50.16084882635432], [127.56481831073826, 50.16075199933372], [127.56469181656513, 50.16030072068726], [127.56427464153947, 50.160205620811055], [127.56399203591016, 50.160292069671286], [127.56398395402967, 50.16056179894653], [127.56370404028907, 50.16055833732709], [127.56374445633446, 50.159209690979964], [127.56290473904967, 50.15919930256926], [127.56293708856373, 50.158120385642796], [127.56389249131699, 50.158941692465184], [127.56430965460609, 50.15903679363298], [127.56443075599725, 50.1596678923099], [127.56471066462748, 50.159671352133756], [127.56470258696824, 50.15994108152287], [127.56511706877643, 50.16012608966167], [127.56496903681236, 50.16039408971181], [127.56539159756075, 50.16030936748844], [127.56743987989101, 50.162043570386444], [127.56868073595798, 50.1626884715735], [127.56949099387448, 50.16368782800138], [127.56990552663139, 50.163872819369764], [127.5703039677887, 50.1645972689575], [127.5707211932824, 50.16469234753427], [127.57070242079466, 50.16532171719353], [127.57138351296663, 50.16595969818182], [127.5715047232764, 50.166590789697594], [127.57260309609269, 50.16732383809279], [127.57259506066409, 50.167593568054095], [127.57287501658071, 50.167597008595784], [127.57286430458575, 50.16795664856676], [127.57244704638812, 50.16786157746171], [127.57229903042901, 50.16812958665443], [127.57173643240864, 50.16821261200973], [127.5717230314082, 50.16866216169888], [127.572406862868, 50.169210226915744], [127.5722400868862, 50.17010760551861], [127.5718174509517, 50.17019235188598]], [[127.5686703118122, 50.16772514930397], [127.56923559389692, 50.167552228939165], [127.56927586429738, 50.166203580962566], [127.56858405370438, 50.16592522727692], [127.56846556945075, 50.16520422312814], [127.5680429705584, 50.16528895614315], [127.5679110608072, 50.16501750067409], [127.56721927529318, 50.16473913901815], [127.56720583357236, 50.165188688091476], [127.56692320350588, 50.16527514380545], [127.56704166467085, 50.16599614932108], [127.5686703118122, 50.16772514930397]]]}}, {"id": "3", "type": "Feature", "properties": {"contour_id": "flood_0004", "area_ha": 21.28, "pair_id": "flood_2019_07_amur__blagoveshchensk", "layer": "flood", "aoi_name": "Благовещенск — слияние Амура и Зеи", "event_name": "Паводок в Приамурье, июль 2019", "date_peak": "2019-07-25"}, "geometry": {"type": "Polygon", "coordinates": [[[127.6822414022691, 50.19290393008216], [127.68126842457137, 50.19262306268833], [127.68143077043406, 50.191815429362045], [127.68199594176478, 50.19164195990956], [127.68228842507067, 50.19119556916305], [127.68217559626795, 50.190204929039766], [127.68119524338275, 50.1901938025787], [127.68132291126442, 50.19064496120005], [127.68089036948687, 50.191089759123315], [127.67947992025972, 50.191433500528824], [127.67918989004741, 50.19178997034184], [127.67862967045296, 50.19178359883469], [127.67849457946065, 50.19160217833268], [127.6793572283195, 50.19080251277196], [127.6783719001379, 50.190971189652394], [127.67850450705963, 50.191242523908386], [127.6775315854678, 50.19096162557488], [127.67686611222943, 50.189694860982264], [127.6770260369142, 50.18897714751252], [127.6763357471584, 50.18860951571295], [127.67620813143621, 50.18815835187152], [127.67648821972959, 50.188161543634806], [127.67649319048316, 50.1879817164641], [127.6791565021576, 50.187922090668046], [127.67956919427637, 50.18819660847297], [127.67969436242251, 50.18873768256186], [127.68024711145988, 50.189013789783594], [127.68064495303504, 50.189827786065095], [127.68134519952591, 50.18983573765629], [127.68163520167543, 50.18947926212387], [127.68080977636465, 50.18893023951029], [127.68068707265266, 50.18829925280417], [127.68026941661222, 50.18820456636169], [127.68000915779379, 50.187482073983674], [127.68156447937889, 50.18696008706367], [127.68199450199101, 50.18660519978462], [127.68255218789672, 50.18670146842036], [127.68391057781169, 50.18824587936422], [127.68428623820861, 50.18986908825935], [127.68399378177524, 50.1903154843471], [127.68397648106698, 50.190944881064695], [127.68425164441433, 50.19112788186659], [127.68395917974554, 50.191574277709364], [127.68408934861995, 50.19193551962267], [127.68350687321339, 50.19273839568861], [127.6822414022691, 50.19290393008216]], [[127.67795670849769, 50.190786581183616], [127.67809427781674, 50.19087808870264], [127.67809676042333, 50.190788175102035], [127.67795670849769, 50.190786581183616]], [[127.68244085079209, 50.190747589091515], [127.68257595447758, 50.19092900512892], [127.68258090285647, 50.190749177603415], [127.68244085079209, 50.190747589091515]], [[127.67908208575035, 50.190619500528285], [127.67936218876387, 50.19062268547539], [127.67936714915803, 50.19044285817287], [127.67908704719585, 50.19043967324596], [127.67908208575035, 50.190619500528285]], [[127.68317326081339, 50.18958665064037], [127.68331083681738, 50.18967815205086], [127.68331330952361, 50.189588238242855], [127.68317326081339, 50.18958665064037]], [[127.68276053595528, 50.189312145447616], [127.68289811038235, 50.18940364733874], [127.68290058383946, 50.18931373354137], [127.68276053595528, 50.189312145447616]], [[127.67689592910183, 50.188615897990445], [127.67703349021178, 50.188707406733755], [127.67703597461916, 50.18861749313785], [127.67689592910183, 50.188615897990445]], [[127.68028180792436, 50.18775499774186], [127.68056189431857, 50.18775817966545], [127.68056932737852, 50.187488438445435], [127.68028676436137, 50.187575170283516], [127.68028180792436, 50.18775499774186]]]}}, {"id": "4", "type": "Feature", "properties": {"contour_id": "flood_0005", "area_ha": 21.23, "pair_id": "flood_2019_07_amur__blagoveshchensk", "layer": "flood", "aoi_name": "Благовещенск — слияние Амура и Зеи", "event_name": "Паводок в Приамурье, июль 2019", "date_peak": "2019-07-25"}, "geometry": {"type": "Polygon", "coordinates": [[[127.44917654604639, 50.27295333458587], [127.44918530873954, 50.27268362466141], [127.45086864513667, 50.27270607613985], [127.45087739819449, 50.272436365988106], [127.45171906244094, 50.2724475824818], [127.45172781061466, 50.27217787220963], [127.45214864056199, 50.27218347811847], [127.45215738622719, 50.27191376777927], [127.45299904176998, 50.27192497492098], [127.4530165231997, 50.27138555398823], [127.45385816977262, 50.27139675482443], [127.45386690553735, 50.27112704423096], [127.45512936926704, 50.27114383390249], [127.45513809777292, 50.27087412313557], [127.45683009397486, 50.2706267768353], [127.45684753132088, 50.2700873548075], [127.45726834385918, 50.270092942013676], [127.45727705995809, 50.269823230926065], [127.45811868068193, 50.26983440066315], [127.45812739189796, 50.26956468945559], [127.45981932701751, 50.26931729900784], [127.45982802846814, 50.26904758756056], [127.46024883243298, 50.269053163893446], [127.4602575313762, 50.26878345237943], [127.46194942836864, 50.268536030529596], [127.46195811754724, 50.268266318776156], [127.46237891504808, 50.26827188733531], [127.46238760171953, 50.26800217551519], [127.46407078354373, 50.268024434310874], [127.46407946058328, 50.267754722265316], [127.46492104753742, 50.26776584241991], [127.46492971969516, 50.26749613025488], [127.46535051099517, 50.267501687994965], [127.46535918064612, 50.26723197576338], [127.46620075889184, 50.26724308656917], [127.46620942366127, 50.266973374218196], [127.46831335970677, 50.267001124318405], [127.46833066510212, 50.26646169904742], [127.46917223094249, 50.266472788216475], [127.46918952631248, 50.2659333626798], [127.47003108317988, 50.26594444554662], [127.47004836852508, 50.26540501974439], [127.47131069056381, 50.26542163230746], [127.47131932591535, 50.2651519192278], [127.47216086984858, 50.26516298655063], [127.4721436085128, 50.265702412906876], [127.47298516246968, 50.265713474349106], [127.47185445819588, 50.2659684375284], [127.47070646384128, 50.26676281548025], [127.46929808007617, 50.266924157087175], [127.4691462869011, 50.267281926418946], [127.46573663200454, 50.268586093213166], [127.46530427062974, 50.2689401529991], [127.46488346666307, 50.268934594977004], [127.4647345250506, 50.269202454039], [127.4638871271753, 50.26937114027633], [127.4634518512861, 50.269815096903436], [127.46288787478566, 50.26989758076894], [127.46245548042258, 50.27025162957555], [127.461470681556, 50.27032853804792], [127.46089799998268, 50.27068072372438], [127.45792613569539, 50.271450806314995], [127.45708448655638, 50.271439634924896], [127.45679521769146, 50.271705620726664], [127.455664287829, 50.27196042401021], [127.4512865626452, 50.272801588600295], [127.44917654604639, 50.27295333458587]], [[127.46574529980789, 50.26831638098342], [127.46616609849644, 50.268321935836276], [127.46618342895772, 50.26778251123007], [127.4657626350191, 50.26777695648292], [127.46574529980789, 50.26831638098342]], [[127.46618342895772, 50.26778251123007], [127.46702501723024, 50.26779361615568], [127.46703367751334, 50.26752390372641], [127.46619209399067, 50.26751279890646], [127.46618342895772, 50.26778251123007]], [[127.46972751199903, 50.2666599861587], [127.46986489228706, 50.266751737373276], [127.46986777360975, 50.26666183309622], [127.46972751199903, 50.2666599861587]]]}}, {"id": "5", "type": "Feature", "properties": {"contour_id": "flood_0006", "area_ha": 20.41, "pair_id": "flood_2019_07_amur__blagoveshchensk", "layer": "flood", "aoi_name": "Благовещенск — слияние Амура и Зеи", "event_name": "Паводок в Приамурье, июль 2019", "date_peak": "2019-07-25"}, "geometry": {"type": "Polygon", "coordinates": [[[127.56312534375472, 50.16118078009085], [127.56228828938657, 50.16108047722896], [127.56243364155686, 50.160902390465345], [127.56174194744774, 50.160623996776124], [127.56161818100503, 50.16008280535264], [127.56080004834065, 50.15935312429229], [127.56081084757857, 50.158993485682494], [127.56027264546, 50.15826726951664], [127.56029155017977, 50.157637901961174], [127.5600143551088, 50.15754452194389], [127.5601759095103, 50.15682697994375], [127.55993113366242, 50.1556546837165], [127.55994463905456, 50.15520513533426], [127.56037796322882, 50.154760792196555], [127.56011698846014, 50.154127954287425], [127.55857767276808, 50.15410885755165], [127.55830590938544, 50.15383565432316], [127.55788068917128, 50.15401026085858], [127.55676389742605, 50.1539064432414], [127.55633596337492, 50.15417095362818], [127.55549633707253, 50.1541605124164], [127.55534827069783, 50.154428500162716], [127.5542287635449, 50.1544145676271], [127.55436327901396, 50.15459612872468], [127.55323562772094, 50.1548519149288], [127.5526541520502, 50.1555642149216], [127.55281852349083, 50.15475677441995], [127.5533918470101, 50.154314201712154], [127.55326004948768, 50.154042730086616], [127.55383607264059, 50.153510245572164], [127.55440123800096, 50.15333739601335], [127.55469737260806, 50.15280142265607], [127.55511988351027, 50.15271673727874], [127.55764409787305, 50.15256823096679], [127.55778944070073, 50.152390149688024], [127.56044006396588, 50.15269286860083], [127.56058809644637, 50.15242487399146], [127.56016829773596, 50.15241966964382], [127.5601736984254, 50.15223985017601], [127.56045896275577, 50.15206350039186], [127.56047246148161, 50.15161395162598], [127.56075232260969, 50.151617420586504], [127.56087605940203, 50.15215861342742], [127.56106186825039, 50.15063188121362], [127.56190682867137, 50.15046246200527], [127.56188794995623, 50.15109183078859], [127.56272752488398, 50.15110222533763], [127.56296965323358, 50.1523644267992], [127.56324682446561, 50.15245779963407], [127.56335173024826, 50.15362835891329], [127.56264665573056, 50.15379952027598], [127.56263856814004, 50.1540692496953], [127.56221875465481, 50.1540640526357], [127.56221066458129, 50.154333781992065], [127.56137103325884, 50.15432338322303], [127.56129007856092, 50.15702067505263], [127.56087023947995, 50.157015472898046], [127.56084594359217, 50.15782466003431], [127.56168563604083, 50.15783506312307], [127.56163706927526, 50.15945343762321], [127.56247679054506, 50.15946383523636], [127.56243633847099, 50.160812480774815], [127.56327608384213, 50.16082287281287], [127.56312534375472, 50.16118078009085]], [[127.55481020167734, 50.15370225928787], [127.5559324009093, 50.153626276531284], [127.5563576246346, 50.153451677151125], [127.55524355916448, 50.15325793549388], [127.55481020167734, 50.15370225928787]], [[127.55483459587705, 50.152893073722716], [127.55497181967051, 50.15298472463035], [127.55497452982006, 50.15289481511157], [127.55483459587705, 50.152893073722716]]]}}, {"id": "6", "type": "Feature", "properties": {"contour_id": "flood_0007", "area_ha": 19.73, "pair_id": "flood_2019_07_amur__blagoveshchensk", "layer": "flood", "aoi_name": "Благовещенск — слияние Амура и Зеи", "event_name": "Паводок в Приамурье, июль 2019", "date_peak": "2019-07-25"}, "geometry": {"type": "Polygon", "coordinates": [[[127.58359882461303, 50.28789073507297], [127.58360950133411, 50.287531100889915], [127.58459981436789, 50.287273341731115], [127.58475881245833, 50.28664569033957], [127.58449949633712, 50.28592300378395], [127.58520912168994, 50.28566182072653], [127.58535744345328, 50.28539380283057], [127.58536544036622, 50.285124076874254], [127.58438851355197, 50.284932299981946], [127.58397821885207, 50.28456753748266], [127.58399689576763, 50.283938177181696], [127.58427753495586, 50.283941595948164], [127.58428820506795, 50.283581961414065], [127.58403157970908, 50.282769364998984], [127.5836106313309, 50.282764235790786], [127.58369068624248, 50.28006697642711], [127.584532535575, 50.28007723234365], [127.58458853348965, 50.27818914930186], [127.58556798825204, 50.27829101480703], [127.58586457855836, 50.277754976801646], [127.585591969017, 50.27748183583004], [127.58587257044056, 50.27748525042999], [127.58602352577012, 50.27712732227111], [127.58729952951877, 50.27669313358887], [127.58828161923442, 50.27670506716459], [127.58857285151564, 50.27634883958565], [127.5894199513498, 50.27617924170334], [127.58942792269785, 50.275909514845054], [127.59014533882295, 50.27537857281529], [127.59170184613407, 50.274947738448], [127.59170980424202, 50.27467801126766], [127.59283479785857, 50.27460169688062], [127.59211742316631, 50.2751326559309], [127.59084946732004, 50.27529717129182], [127.59070120879568, 50.2755651971723], [127.59042061807422, 50.27556179432188], [127.59041265243312, 50.27583152131155], [127.58998910804253, 50.27591632469508], [127.58998113986327, 50.27618605161819], [127.58970054557962, 50.27618264699934], [127.58954962086158, 50.27654058024765], [127.58869985648498, 50.27680008792858], [127.58854892224136, 50.27715801976075], [127.58882420541059, 50.27734124502887], [127.58881357183186, 50.27770088065443], [127.58838203031851, 50.278055404670454], [127.58810940456735, 50.27778226948241], [127.58740257388938, 50.27795356286799], [127.587812839182, 50.27831831342477], [127.5880987654372, 50.27814190496986], [127.58793984180829, 50.27876956243285], [127.58751626702663, 50.27885435650612], [127.58751094505196, 50.279034174173574], [127.58694972365214, 50.27902735205483], [127.58709535254117, 50.27884924020347], [127.58668508830306, 50.278484487154024], [127.58583793807296, 50.278654064609604], [127.58568164739691, 50.279191809904106], [127.58638850246832, 50.27902052722722], [127.58638051306649, 50.279290253587284], [127.5856763184474, 50.27937162741883], [127.58564167895814, 50.280540441118184], [127.58634589092067, 50.28045906765807], [127.58621090859336, 50.28027754341928], [127.58649418955842, 50.28019104788778], [127.58650750451527, 50.27974150399485], [127.58721968810092, 50.27939039872641], [127.58720371835982, 50.2799298515918], [127.58677480701738, 50.280194460442296], [127.58688583039009, 50.281185163076515], [127.58772237898482, 50.281375213628756], [127.5881539558751, 50.28102069255309], [127.58885817096882, 50.28093930390005], [127.58785470952428, 50.281646644958656], [127.5886912701732, 50.28183668862241], [127.5891175277647, 50.28166198166093], [127.58924986703454, 50.2819334114625], [127.58727216364125, 50.28235909446244], [127.58612833152958, 50.283064714335644], [127.5859773572874, 50.283422642122744], [127.58569672094481, 50.28341922748527], [127.58597202865268, 50.283602459528844], [127.58563542622979, 50.28548712704364], [127.58591341010367, 50.28558045059952], [127.58590275148302, 50.28594008526157], [127.58574643598591, 50.286477829791416], [127.58546045056612, 50.286654231718465], [127.58543912546979, 50.28737350074443], [127.58487780650127, 50.28736666780662], [127.5843004806758, 50.28789928360545], [127.58359882461303, 50.28789073507297]], [[127.58474281079046, 50.28718514195548], [127.58502346916369, 50.28718855908013], [127.58502613561369, 50.287098650470384], [127.58474814473384, 50.287005324756194], [127.58474281079046, 50.28718514195548]], [[127.58573669190741, 50.28207059691059], [127.58658124036049, 50.28199092955438], [127.58658922939293, 50.28172120329696], [127.58631392999104, 50.28153797272899], [127.58560970201813, 50.28161934584623], [127.58573669190741, 50.28207059691059]], [[127.58478382331725, 50.28106964536202], [127.58506711152934, 50.28098315338194], [127.58521275351491, 50.28080504405753], [127.58465417839656, 50.28070830197522], [127.58478382331725, 50.28106964536202]], [[127.58510443123707, 50.279724431334394], [127.58524207316265, 50.27981604809519], [127.58524473850409, 50.27972613936234], [127.58510443123707, 50.279724431334394]], [[127.58643111055889, 50.27758198641204], [127.58671171267271, 50.27758539899127], [127.58671703738464, 50.277405581340695], [127.58643643632718, 50.27740216878312], [127.58643111055889, 50.27758198641204]], [[127.58927433942758, 50.276357356688635], [127.58941197988051, 50.27644896854813], [127.58941463705042, 50.27635905960137], [127.58927433942758, 50.276357356688635]]]}}, {"id": "7", "type": "Feature", "properties": {"contour_id": "flood_0008", "area_ha": 18.7, "pair_id": "flood_2019_07_amur__blagoveshchensk", "layer": "flood", "aoi_name": "Благовещенск — слияние Амура и Зеи", "event_name": "Паводок в Приамурье, июль 2019", "date_peak": "2019-07-25"}, "geometry": {"type": "Polygon", "coordinates": [[[127.58337234182854, 50.18670343662215], [127.58324560892231, 50.186252178085425], [127.58255076664184, 50.186063815490805], [127.58160249910264, 50.18497292839989], [127.58049292654677, 50.184599602798485], [127.5806409496791, 50.184331583946104], [127.58036089501427, 50.18432816129731], [127.58023686207652, 50.18378698955949], [127.57953940059426, 50.18368851929887], [127.57942604703905, 50.182787706670126], [127.57860459124451, 50.182148058225806], [127.57863928187288, 50.18097922818804], [127.57947938666271, 50.180989506065636], [127.57947138606343, 50.181259236194634], [127.57989144100449, 50.181264372904586], [127.57994209444401, 50.179556081549855], [127.58032215720208, 50.18090986779083], [127.58059952713845, 50.18100320045423], [127.58099560388006, 50.18181752394961], [127.58250122829484, 50.18300516290795], [127.5830613227259, 50.18301199708133], [127.58278925793947, 50.18273884989837], [127.58405212229003, 50.18266430961242], [127.58409199708987, 50.18131565648768], [127.58521214742622, 50.181329306464306], [127.5860363332502, 50.18187899860513], [127.58601244110348, 50.18268819112068], [127.58642985580137, 50.182783214572346], [127.5864192398185, 50.18314285571015], [127.5859885478682, 50.18349738351459], [127.58640596953761, 50.18359240709861], [127.58666479168681, 50.18431509736849], [127.58664621565464, 50.184944469240776], [127.58636084806986, 50.185120881538545], [127.58632368629807, 50.18637962486906], [127.58562086225072, 50.1864610111782], [127.58567663178844, 50.18457289667097], [127.5848364618936, 50.18456266308242], [127.58485240441547, 50.18402320186762], [127.5840122444621, 50.184012962399166], [127.58398831631176, 50.18482215390898], [127.58314814265705, 50.1848119080737], [127.58314016163587, 50.1850816384525], [127.58398034001938, 50.185091884385216], [127.58393247972087, 50.18671026695869], [127.58337234182854, 50.18670343662215]]]}}, {"id": "8", "type": "Feature", "properties": {"contour_id": "flood_0009", "area_ha": 16.47, "pair_id": "flood_2019_07_amur__blagoveshchensk", "layer": "flood", "aoi_name": "Благовещенск — слияние Амура и Зеи", "event_name": "Паводок в Приамурье, июль 2019", "date_peak": "2019-07-25"}, "geometry": {"type": "Polygon", "coordinates": [[[127.58592029833532, 50.247445394904446], [127.58595222955181, 50.24636648365459], [127.58553160155896, 50.246361364074204], [127.58557152471137, 50.24501272495132], [127.58641275709343, 50.24502296210315], [127.58642073661493, 50.24475323414065], [127.5847462707156, 50.244463026163], [127.58476224813049, 50.24392357056008], [127.58392103569851, 50.243913321623], [127.58392902896826, 50.24364359389876], [127.58350842530677, 50.243638467196234], [127.58351642082722, 50.24336873950724], [127.58393702211649, 50.243373866161], [127.58394501514319, 50.24310413840974], [127.58478621334193, 50.24311438705431], [127.58479420150287, 50.24284465919202], [127.58858754474572, 50.242620974011466], [127.5885955113151, 50.242351245684155], [127.58985729144801, 50.242366565711436], [127.5898652507801, 50.24209683722486], [127.5923888000797, 50.24212743590046], [127.59236496441827, 50.24293662219288], [127.59152376660222, 50.242926428430486], [127.59149991562032, 50.24373561431043], [127.59065870405449, 50.24372541416972], [127.5906507487409, 50.243995142672325], [127.59023014076712, 50.24399004027065], [127.5902142250324, 50.24452949713825], [127.58937299995848, 50.24451928757509], [127.5893491112145, 50.24532847248379], [127.58850787239035, 50.24531825654152], [127.5884999044886, 50.245587984720224], [127.58807928288574, 50.24558287441759], [127.58805537133591, 50.24639205872678], [127.58721411425846, 50.24638183326385], [127.587190187382, 50.24719101715961], [127.58634891655369, 50.247180785316736], [127.5863409359402, 50.24745051315761], [127.58592029833532, 50.247445394904446]]]}}, {"id": "9", "type": "Feature", "properties": {"contour_id": "flood_0010", "area_ha": 16.03, "pair_id": "flood_2019_07_amur__blagoveshchensk", "layer": "flood", "aoi_name": "Благовещенск — слияние Амура и Зеи", "event_name": "Паводок в Приамурье, июль 2019", "date_peak": "2019-07-25"}, "geometry": {"type": "Polygon", "coordinates": [[[127.57182830747428, 50.240257584963025], [127.5718363679448, 50.239987858483076], [127.5705746604523, 50.239972343331125], [127.57058272791525, 50.23970261698524], [127.56805933047244, 50.2396715458935], [127.56808357481394, 50.23886236766133], [127.56892469257438, 50.238872730482534], [127.56894892158144, 50.238063551832816], [127.56936947353144, 50.238068730813296], [127.56937754725017, 50.23779900452038], [127.57021864677554, 50.23780935781834], [127.57023478435943, 50.23726990499495], [127.57107587489001, 50.237280252010095], [127.57122411976773, 50.23701224937411], [127.57204640316175, 50.23765195134178], [127.57188472819476, 50.23836949931926], [127.57258833879625, 50.238288203555115], [127.57316249897617, 50.237845546434215], [127.57427592200732, 50.23812903982979], [127.5739875053184, 50.238395325999505], [127.57356694964885, 50.238390163706505], [127.57356158282951, 50.238569981546476], [127.57214898186982, 50.23891239824869], [127.57213555113618, 50.239361942519245], [127.57296862531261, 50.23964200273025], [127.57409281897327, 50.2395658625618], [127.5759259892609, 50.23922857764893], [127.57623582770674, 50.23824301447867], [127.57735463135089, 50.238346660498905], [127.57792339826423, 50.238083797655456], [127.5793252446386, 50.23810094675574], [127.578769853084, 50.237914270883216], [127.57989934082059, 50.2376582557808], [127.5816162292681, 50.236509983630356], [127.58245997707658, 50.236430338862206], [127.58245464408004, 50.23661015745676], [127.58203410257032, 50.23660502593628], [127.58216628188303, 50.23687646446017], [127.5818725811361, 50.23732258923589], [127.58243331155337, 50.23732943177488], [127.58343857273626, 50.23653221575336], [127.58399663065578, 50.23662896001504], [127.58185123931294, 50.23804186328429], [127.581010131445, 50.238031594143685], [127.58114497782991, 50.23821312453257], [127.5803038672058, 50.238202850255064], [127.57987529752154, 50.23846743834033], [127.5777725118454, 50.238441718167486], [127.57776448531108, 50.23871144541561], [127.57607957077958, 50.23878075070802], [127.57607153459635, 50.23905047774211], [127.57689391808997, 50.239690146032615], [127.5788619155875, 50.23953434976022], [127.58278454337726, 50.23967220319695], [127.58277921098889, 50.239852021715905], [127.58151750108611, 50.23983662539701], [127.58150949528707, 50.240106353017666], [127.57562149703537, 50.24003432177187], [127.57561345791026, 50.24030404869381], [127.57182830747428, 50.240257584963025]], [[127.57074711607308, 50.2388951623828], [127.57088461410042, 50.238986795538096], [127.57088730259146, 50.23889688673017], [127.57074711607308, 50.2388951623828]], [[127.57622511414834, 50.23860265057898], [127.57636262198301, 50.23869427733792], [127.57636530014302, 50.23860436831115], [127.57622511414834, 50.23860265057898]], [[127.58158687957992, 50.23749898545147], [127.58172172670815, 50.23768051519301], [127.58172706266392, 50.23750069668876], [127.58158687957992, 50.23749898545147]], [[127.58159221600853, 50.23731916695206], [127.58186991345549, 50.23741249849719], [127.5818725811361, 50.23732258923589], [127.58159221600853, 50.23731916695206]]]}}, {"id": "10", "type": "Feature", "properties": {"contour_id": "flood_0011", "area_ha": 15.14, "pair_id": "flood_2019_07_amur__blagoveshchensk", "layer": "flood", "aoi_name": "Благовещенск — слияние Амура и Зеи", "event_name": "Паводок в Приамурье, июль 2019", "date_peak": "2019-07-25"}, "geometry": {"type": "Polygon", "coordinates": [[[127.53656892304734, 50.17344120606382], [127.53629717893976, 50.17316795235481], [127.53573721109677, 50.17316089372107], [127.53603642828129, 50.17253506420279], [127.53631640855548, 50.17253859310405], [127.53618466025425, 50.17226710333869], [127.53675285633153, 50.17200443424511], [127.53662385333308, 50.17164303644659], [127.53703832485371, 50.171828144376306], [127.53844643566283, 50.17157604417969], [127.5391354065388, 50.171944484904785], [127.53887462456316, 50.17131160272542], [127.53788922987823, 50.1714790875193], [127.53790569353866, 50.17093963619655], [127.53846837881053, 50.17085677557065], [127.53845740734775, 50.171216409887236], [127.53915733963109, 50.17122521612073], [127.53917653035836, 50.17059585585547], [127.53960470640976, 50.170331411553754], [127.53961840951064, 50.16988186835553], [127.53933844434673, 50.169878347547396], [127.53933022095298, 50.17014807343736], [127.53835308078689, 50.17004583658996], [127.5383366226842, 50.17058528810378], [127.53805665357055, 50.170581764170706], [127.5372359623325, 50.16994182853203], [127.53780686886755, 50.16958924532529], [127.53892123859579, 50.16978315645409], [127.5393548907596, 50.16933889572672], [127.53936585475739, 50.16897926114941], [127.54050486651403, 50.1683639790076], [127.54133926163873, 50.16855434821377], [127.5411910702864, 50.16882231617669], [127.54091111111649, 50.16881879921248], [127.54090289688313, 50.169088525340804], [127.54103192579322, 50.16944991876289], [127.54145187012202, 50.16945519356737], [127.54172362327714, 50.169728435457436], [127.541819822057, 50.171168732644674], [127.54209979506926, 50.171172247537605], [127.54209158684212, 50.171441973698705], [127.54293697995145, 50.17127269692401], [127.5440459456321, 50.17164637688296], [127.5441750048075, 50.172007766925354], [127.5451549287763, 50.17202004637985], [127.54542944739069, 50.172203370959636], [127.54541852765131, 50.17256300630582], [127.54513308509742, 50.1727393169833], [127.54568759139745, 50.17292614796203], [127.54539668750928, 50.17328227692583], [127.5438622324542, 50.17308316226034], [127.54415041406865, 50.172816945997184], [127.54316500580364, 50.172984475405], [127.54289322627807, 50.172711236803465], [127.54318141094541, 50.17244502295582], [127.54262144983339, 50.17243799758049], [127.54207243382741, 50.1720713346885], [127.54192149875489, 50.1724292120665], [127.54233599788512, 50.17261430130317], [127.54231411142992, 50.173333570931995], [127.54147141714837, 50.173412934114474], [127.54148510423146, 50.172963390782435], [127.54107881982442, 50.172508572545716], [127.54135880057308, 50.17251208929234], [127.54123249920721, 50.172060787651624], [127.54193518113841, 50.17197966856793], [127.54208611462145, 50.171621791131905], [127.54124618787615, 50.171611244262174], [127.54011806686543, 50.171866898228956], [127.54079883913121, 50.172505055124454], [127.54036791043343, 50.172859412248044], [127.5384080330163, 50.172834764013146], [127.53755710739982, 50.173183824414004], [127.53671990131015, 50.173083336082534], [127.5368516548043, 50.17335482524991], [127.53656892304734, 50.17344120606382]], [[127.53687636927069, 50.17254564888265], [127.5371536042405, 50.17263908426246], [127.537159095169, 50.172459267256016], [127.53687636927069, 50.17254564888265]], [[127.54332140125803, 50.17244677887799], [127.54388409547614, 50.17236389210549], [127.54403501572442, 50.17200601204296], [127.54333233669243, 50.17208714385944], [127.54332140125803, 50.17244677887799]], [[127.53773552131985, 50.171926867774815], [127.53801275445358, 50.17202030109661], [127.53801824203762, 50.17184048400199], [127.53773552131985, 50.171926867774815]], [[127.54041447938963, 50.171330965369464], [127.54083717852617, 50.17124633387864], [127.54084813214004, 50.17088669918269], [127.54042543620875, 50.17097133074642], [127.54041447938963, 50.171330965369464]]]}}, {"id": "11", "type": "Feature", "properties": {"contour_id": "flood_0012", "area_ha": 13.67, "pair_id": "flood_2019_07_amur__blagoveshchensk", "layer": "flood", "aoi_name": "Благовещенск — слияние Амура и Зеи", "event_name": "Паводок в Приамурье, июль 2019", "date_peak": "2019-07-25"}, "geometry": {"type": "Polygon", "coordinates": [[[127.58262730005649, 50.17401243382359], [127.58265124203055, 50.17320324127592], [127.58181127261467, 50.1731929874848], [127.5818591816435, 50.171574602609375], [127.58101924106512, 50.17156434333141], [127.58105119689306, 50.17048542020086], [127.58021127570012, 50.170475155241476], [127.58017930097199, 50.17155407798159], [127.5793393613644, 50.17154380655993], [127.57933136265369, 50.171813537113486], [127.58016331287962, 50.1720935392705], [127.58015531865138, 50.17236326989467], [127.57973534169892, 50.172358134796326], [127.57972734498657, 50.172627865358145], [127.57888738672057, 50.172617590509795], [127.57872071876132, 50.173514978839776], [127.57878206915584, 50.17144704540646], [127.57837010454513, 50.17117217495348], [127.57839144811469, 50.17045289366718], [127.5781194800332, 50.17017973580519], [127.57859011935686, 50.16847658295507], [127.57853549460708, 50.16559774246848], [127.57909538462269, 50.165604594046684], [127.57906339028978, 50.16668351717464], [127.57948331739063, 50.16668865428309], [127.5794513305626, 50.167767577390016], [127.58029120402465, 50.16777784744442], [127.58028321173833, 50.168047578285], [127.58070315101351, 50.16805271108437], [127.58069516096795, 50.16832244196022], [127.58027521933062, 50.16831730911204], [127.58026722680158, 50.16858703992555], [127.5806871708011, 50.16859217282254], [127.5806791805129, 50.16886190367134], [127.5815190736003, 50.16887216500949], [127.5816776867849, 50.16824450237509], [127.58180169941369, 50.16878567378158], [127.58207634176308, 50.16896891286279], [127.58206303740289, 50.16941846451085], [127.58234034474312, 50.169511792659485], [127.58245372689915, 50.17041260464921], [127.58216577093509, 50.17067891799212], [127.58284975143899, 50.17122692279169], [127.58228713416574, 50.17130999906277], [127.58227915211454, 50.17157972997143], [127.58311909342024, 50.17158998014162], [127.58310579760769, 50.17203953178845], [127.58268582295652, 50.17203440738112], [127.58267252286966, 50.17248395890917], [127.58280187645748, 50.17284530845773], [127.5834991876212, 50.17294375802112], [127.58348057748937, 50.17357313027208], [127.58320058536835, 50.173569714997164], [127.58319526701654, 50.17374953560511], [127.58346728413437, 50.17402268183483], [127.58262730005649, 50.17401243382359]]]}}, {"id": "12", "type": "Feature", "properties": {"contour_id": "flood_0013", "area_ha": 13.04, "pair_id": "flood_2019_07_amur__blagoveshchensk", "layer": "flood", "aoi_name": "Благовещенск — слияние Амура и Зеи", "event_name": "Паводок в Приамурье, июль 2019", "date_peak": "2019-07-25"}, "geometry": {"type": "Polygon", "coordinates": [[[127.50624492212317, 50.25211479985229], [127.50625335620225, 50.251845081808476], [127.50373783822114, 50.25154289052818], [127.50374628628133, 50.251273172766034], [127.5012223532111, 50.251240645056946], [127.50124773933213, 50.250431492617075], [127.50293878468261, 50.2501834655122], [127.50323329970847, 50.24973754860151], [127.50845491457231, 50.24872538671031], [127.50901576051457, 50.24873258466281], [127.50901014882434, 50.248912397016454], [127.50801743395145, 50.249259423273436], [127.50633206808996, 50.24932771274265], [127.50632644618267, 50.24950752485812], [127.50420916875291, 50.2499299994509], [127.50335379763068, 50.250368696152634], [127.5026527180436, 50.25035966392391], [127.50236664929545, 50.250535861607275], [127.50249559253966, 50.25089729226301], [127.50221233882075, 50.250983583646], [127.50347148206839, 50.25108974945595], [127.50474188764485, 50.250836277798435], [127.50557475482199, 50.25111681892476], [127.5055803798787, 50.250937006920935], [127.50628990239635, 50.25067630346118], [127.50616655360392, 50.25013506467569], [127.5064497953241, 50.25004876353234], [127.50714525259195, 50.25023758497599], [127.50642730855044, 50.25076801190681], [127.50684234032487, 50.25095323023435], [127.52312994721332, 50.250441850830065], [127.52312160881743, 50.25071157100169], [127.5205976832077, 50.25067946431112], [127.52058933044746, 50.250949184163694], [127.51680342925161, 50.25090092092786], [127.51679505500793, 50.2511706403077], [127.51637439758271, 50.25116527006438], [127.51636602083873, 50.25143498937952], [127.51552470162453, 50.25142424422433], [127.5155163200072, 50.25169396342364], [127.511738771473, 50.25137581568126], [127.51173036849882, 50.25164553441986], [127.50794442733952, 50.25159698212412], [127.5079360028806, 50.251866700387225], [127.5075153410188, 50.25186129802573], [127.50750691405877, 50.252131016223814], [127.50624492212317, 50.25211479985229]]]}}, {"id": "13", "type": "Feature", "properties": {"contour_id": "flood_0014", "area_ha": 11.96, "pair_id": "flood_2019_07_amur__blagoveshchensk", "layer": "flood", "aoi_name": "Благовещенск — слияние Амура и Зеи", "event_name": "Паводок в Приамурье, июль 2019", "date_peak": "2019-07-25"}, "geometry": {"type": "Polygon", "coordinates": [[[127.4163144439169, 50.13390714449586], [127.41548116593611, 50.133715886426415], [127.41549007491068, 50.133446174350105], [127.41633818855256, 50.13318791199602], [127.41579653275508, 50.13264085521833], [127.41274328443097, 50.131879597782735], [127.41257367143983, 50.13277672481031], [127.41160949352091, 50.13231381517468], [127.41161544706537, 50.132134007418585], [127.41077626261304, 50.13212252372974], [127.41009184064937, 50.13166343027493], [127.40966927242505, 50.13174758752393], [127.40871408984071, 50.131014942850356], [127.40704173338598, 50.13081212045311], [127.40704770372919, 50.1306323130488], [127.40858317612867, 50.13074331455975], [127.40959199936236, 50.12985769163795], [127.4109905736042, 50.12987684138975], [127.4119904071011, 50.12926090865067], [127.41408824537669, 50.12928958339185], [127.41435012932516, 50.12983282806226], [127.41462687367752, 50.12992655194359], [127.41457636650073, 50.13145492048745], [127.41568932759806, 50.131650002097416], [127.41609110662453, 50.13219515137699], [127.41733802444202, 50.132571933545506], [127.41717739389549, 50.13319935566965], [127.41675185665883, 50.13337344276103], [127.41688282367384, 50.133645062230116], [127.4163144439169, 50.13390714449586]], [[127.41483826725701, 50.131998164026456], [127.41497516075705, 50.13208997752733], [127.41497813120732, 50.13200007350011], [127.41483826725701, 50.131998164026456]], [[127.41009779974353, 50.13148362263088], [127.41177316989439, 50.131596497436014], [127.41192493691868, 50.13123879497431], [127.4124843831681, 50.13124644580949], [127.4126361437428, 50.13088874233595], [127.41180293319165, 50.1306974584115], [127.41181186188732, 50.13042774667432], [127.41139526146007, 50.13033210254116], [127.41138335342076, 50.13069171812103], [127.41082093584221, 50.13077396590993], [127.4108120014675, 50.13104367750142], [127.41025553722274, 50.13094611479421], [127.41010971775093, 50.13112400732443], [127.41009779974353, 50.13148362263088]], [[127.41375502870548, 50.13090403438287], [127.41389191702885, 50.130995849128155], [127.41389488939349, 50.13090594513102], [127.41375502870548, 50.13090403438287]], [[127.41362408660721, 50.130632411502084], [127.41376097391331, 50.13072422639611], [127.41376394649468, 50.13063432240044], [127.41362408660721, 50.130632411502084]], [[127.4139038063972, 50.130636233130424], [127.41418352624734, 50.13064005408521], [127.41433230070693, 50.1303722522412], [127.4137758366698, 50.13027470640246], [127.4139038063972, 50.130636233130424]], [[127.41237129865073, 50.13043539796485], [127.41279385075028, 50.130351230706886], [127.4128027737671, 50.13008151882411], [127.4119606488303, 50.130159947980424], [127.41237129865073, 50.13043539796485]]]}}, {"id": "14", "type": "Feature", "properties": {"contour_id": "flood_0015", "area_ha": 11.49, "pair_id": "flood_2019_07_amur__blagoveshchensk", "layer": "flood", "aoi_name": "Благовещенск — слияние Амура и Зеи", "event_name": "Паводок в Приамурье, июль 2019", "date_peak": "2019-07-25"}, "geometry": {"type": "Polygon", "coordinates": [[[127.61331948793288, 50.22645944094958], [127.612240019844, 50.2250074835513], [127.6122687226759, 50.224018466618645], [127.61142785050036, 50.224008419652506], [127.61146701184425, 50.22265976038461], [127.61062616384106, 50.222649707813275], [127.61067318195882, 50.22103131682057], [127.61151400152896, 50.22104136881822], [127.6114905072222, 50.2218505646621], [127.61233134148463, 50.22186061086373], [127.61234699499728, 50.2213211467902], [127.61276740756816, 50.221326167514434], [127.61277523177672, 50.221056435409686], [127.6144490590404, 50.22134623520454], [127.61443863921409, 50.22170587824442], [127.61415575621444, 50.22179244602227], [127.61427765807345, 50.222423492810464], [127.61498617452507, 50.22216211602443], [127.6148538471256, 50.221890712971536], [127.6152742651482, 50.221895724667], [127.61522740127621, 50.22351411856811], [127.61438653691515, 50.22350409308433], [127.61437090519604, 50.224043557419485], [127.61479134205658, 50.22404857101716], [127.61478352838861, 50.22431830321221], [127.61394265004682, 50.22430827440063], [127.61391919411139, 50.22511747061874], [127.61476008667209, 50.22512749971651], [127.61472882938736, 50.22620642820019], [127.61388791786715, 50.226196398720845], [127.61388009850899, 50.226466130712666], [127.61331948793288, 50.22645944094958]]]}}, {"id": "15", "type": "Feature", "properties": {"contour_id": "flood_0016", "area_ha": 10.65, "pair_id": "flood_2019_07_amur__blagoveshchensk", "layer": "flood", "aoi_name": "Благовещенск — слияние Амура и Зеи", "event_name": "Паводок в Приамурье, июль 2019", "date_peak": "2019-07-25"}, "geometry": {"type": "Polygon", "coordinates": [[[127.61801814419721, 50.19485585583164], [127.61802333573827, 50.1946760332076], [127.61691324881781, 50.194303051951636], [127.61568132236049, 50.1932990124329], [127.61484359018772, 50.19319908336943], [127.61441561706542, 50.19346380577547], [127.61429638204301, 50.19274284545706], [127.613881426931, 50.19255800994838], [127.61331860906158, 50.19264123461734], [127.61344303758358, 50.19318237350458], [127.61246786364067, 50.19299084430123], [127.61233302163922, 50.19280934896548], [127.61261312974084, 50.19281269494716], [127.61276100019954, 50.19254463425101], [127.61317595078974, 50.19272947372597], [127.6131889740288, 50.192279917908465], [127.61291668433788, 50.192006839864085], [127.6124965292226, 50.192001821794314], [127.61265221443657, 50.19146402772286], [127.61181191394476, 50.19145398822966], [127.6109924831156, 50.190724653845386], [127.61029224397748, 50.19071627810822], [127.61017307714616, 50.189995313798676], [127.6110342189546, 50.18928607592818], [127.61159439368382, 50.18929277314014], [127.61268869080784, 50.19020527134274], [127.61325148098717, 50.19012204946315], [127.61338371505992, 50.190393454985355], [127.61421618994558, 50.19067321665776], [127.61420838227282, 50.19094295034492], [127.61531316912586, 50.19149577936435], [127.61530796799181, 50.191675601881705], [127.61614047654557, 50.1919553499803], [127.61599002745959, 50.19231332645123], [127.61668769358967, 50.19241157933624], [127.61680436604625, 50.19322244882218], [127.61722453263722, 50.19322745140056], [127.61776658211096, 50.19386349839353], [127.61818934986762, 50.193778586205056], [127.6185913592407, 50.194412963225105], [127.61887147746422, 50.19441629419466], [127.61857838574399, 50.194862519902046], [127.61801814419721, 50.19485585583164]], [[127.61418495854298, 50.1917521513255], [127.6143224071649, 50.19184373336072], [127.61432500960464, 50.19175382214284], [127.61418495854298, 50.1917521513255]], [[127.61322022845745, 50.191200983793664], [127.61348991142621, 50.1915639723303], [127.61350032725554, 50.19120432755899], [127.61322022845745, 50.191200983793664]], [[127.61170315160452, 50.19037338081348], [127.61183798452825, 50.1905548768778], [127.61184319848654, 50.190375054589424], [127.61170315160452, 50.19037338081348]], [[127.61045055898276, 50.19008857595031], [127.61072804191019, 50.19018183744657], [127.61073065094557, 50.19009192633962], [127.61045055898276, 50.19008857595031]]]}}, {"id": "16", "type": "Feature", "properties": {"contour_id": "flood_0017", "area_ha": 9.4, "pair_id": "flood_2019_07_amur__blagoveshchensk", "layer": "flood", "aoi_name": "Благовещенск — слияние Амура и Зеи", "event_name": "Паводок в Приамурье, июль 2019", "date_peak": "2019-07-25"}, "geometry": {"type": "Polygon", "coordinates": [[[127.6058513369425, 50.17483318905309], [127.60558442110874, 50.17438027187791], [127.60488704101984, 50.17428195439122], [127.60489227806076, 50.17410213212704], [127.60447228140531, 50.1740970863367], [127.60420014310162, 50.173823988305514], [127.60476799154235, 50.173560983569075], [127.60449323534012, 50.173377797347946], [127.60437157441666, 50.17274673721659], [127.60457180503928, 50.170680462785576], [127.60446062494506, 50.16968975776839], [127.60418589183423, 50.16950657089683], [127.60421470450152, 50.16851754784741], [127.60395307760234, 50.167884804469054], [127.60367573646859, 50.16779152763027], [127.60396617589967, 50.16743524847837], [127.60342722349752, 50.166709227109486], [127.60426708705972, 50.16671932365639], [127.60425923001402, 50.166989057323285], [127.60467916433616, 50.16699410336809], [127.6046896372212, 50.16663445841193], [127.60538428898255, 50.16682268754162], [127.60550071630249, 50.167633569743806], [127.60619538575449, 50.16782179413819], [127.60632752068435, 50.16809320786142], [127.60615092068338, 50.169350285701135], [127.6065578012818, 50.169804881417775], [127.60613261042442, 50.169979664454054], [127.60600047161714, 50.16970825056079], [127.60571264967996, 50.16997462344712], [127.60612214712805, 50.170339309422744], [127.60611168361979, 50.17069895436745], [127.60582908914168, 50.1707855050014], [127.6058133902525, 50.17132497230059], [127.60539080045919, 50.171409841237285], [127.605362009115, 50.17239886428666], [127.60578460771741, 50.172313995542254], [127.60591936862231, 50.17249549841512], [127.60521939742827, 50.172487094304515], [127.6049263175345, 50.172933287263696], [127.60505845875629, 50.173204702255624], [127.60547583036308, 50.17329965703107], [127.60589843675135, 50.173214787950116], [127.60590628630229, 50.17294505438574], [127.60617842952233, 50.17321814849886], [127.60614965259192, 50.17420717157001], [127.60655134259956, 50.17484158963915], [127.6058513369425, 50.17483318905309]], [[127.60545227378691, 50.17410885748594], [127.60558965555055, 50.17420044956345], [127.6055922727516, 50.174110538403966], [127.60545227378691, 50.17410885748594]], [[127.60433111553868, 50.16932843085991], [127.60446848160889, 50.16942002420444], [127.60447110047033, 50.16933011301346], [127.60433111553868, 50.16932843085991]], [[127.60397665429888, 50.16707560365883], [127.6041140133115, 50.16716719739748], [127.60411663262893, 50.16707728618503], [127.60397665429888, 50.16707560365883]]]}}, {"id": "17", "type": "Feature", "properties": {"contour_id": "flood_0018", "area_ha": 9.28, "pair_id": "flood_2019_07_amur__blagoveshchensk", "layer": "flood", "aoi_name": "Благовещенск — слияние Амура и Зеи", "event_name": "Паводок в Приамурье, июль 2019", "date_peak": "2019-07-25"}, "geometry": {"type": "Polygon", "coordinates": [[[127.589115270749, 50.22949588187436], [127.58914445641291, 50.228506875471226], [127.58873725457927, 50.2280522204093], [127.58902817958705, 50.22769598625733], [127.58889333192585, 50.22751446469567], [127.58986910856255, 50.22770619585247], [127.59016002303647, 50.2273499587567], [127.59044033074946, 50.227353359883956], [127.59058843564593, 50.227085330923174], [127.59018388284355, 50.226540771049], [127.59103538961317, 50.22619133296213], [127.59133158361254, 50.225655273087256], [127.59204556570775, 50.225214218162], [127.59191600858172, 50.22485288030214], [127.59094028138108, 50.224661166666955], [127.59039029927449, 50.22429472724339], [127.59206409721249, 50.224584849212896], [127.59205615521951, 50.224854578771506], [127.59289703532782, 50.22486476603915], [127.59285734725067, 50.22621341411416], [127.59369825153993, 50.22622359578269], [127.59365858414687, 50.22757224400431], [127.59281765615738, 50.227562061851536], [127.59280971757676, 50.2278317913585], [127.5936506503065, 50.22784197360813], [127.59364271634554, 50.22811170319843], [127.5932222475502, 50.228106612785695], [127.59321431109846, 50.228376342314085], [127.59237336912926, 50.2283661568287], [127.5923813103214, 50.22809642739719], [127.5915403735754, 50.22808623592465], [127.59152448158956, 50.22862569458026], [127.59236542781643, 50.228635886246686], [127.59234954482861, 50.22917534504214], [127.5906755849312, 50.228885226040205], [127.59066763389576, 50.229154955237235], [127.58940620196493, 50.229139646912365], [127.589395590915, 50.22949928562657], [127.589115270749, 50.22949588187436]], [[127.59158010142656, 50.22673758904928], [127.59200055788875, 50.22674268530366], [127.59200850072673, 50.2264729558396], [127.59158804663451, 50.226467859633686], [127.59158010142656, 50.22673758904928]], [[127.59200850072673, 50.2264729558396], [127.59284940927331, 50.226483143688654], [127.59285734725067, 50.22621341411416], [127.59201644344398, 50.226203226362], [127.59200850072673, 50.2264729558396]]]}}, {"id": "18", "type": "Feature", "properties": {"contour_id": "flood_0019", "area_ha": 9.21, "pair_id": "flood_2019_07_amur__blagoveshchensk", "layer": "flood", "aoi_name": "Благовещенск — слияние Амура и Зеи", "event_name": "Паводок в Приамурье, июль 2019", "date_peak": "2019-07-25"}, "geometry": {"type": "Polygon", "coordinates": [[[127.57609291189301, 50.22421031867524], [127.57541897859113, 50.22330263624586], [127.57445407298957, 50.22275114805453], [127.57447015419523, 50.22221169283084], [127.57491468154731, 50.221407667573544], [127.57562607087182, 50.221056623252906], [127.57549129261163, 50.22087508652656], [127.57592508106964, 50.22043069411385], [127.57690065949194, 50.220622532747434], [127.57691671189309, 50.22008307675168], [127.5776173708043, 50.22009165727025], [127.57762271886399, 50.21991183853857], [127.57861699892284, 50.21947429704669], [127.57876781626098, 50.2191163737374], [127.57974604984257, 50.219218278949505], [127.57899731792057, 50.220828080937686], [127.57828328345578, 50.221269055527976], [127.57841272810005, 50.221630407848465], [127.57798964555295, 50.221715172162334], [127.5779816249996, 50.22198490021637], [127.57741037709572, 50.22233767500726], [127.57739432897986, 50.22287713090817], [127.57711404908042, 50.22287369853235], [127.5768016589028, 50.223949176858945], [127.57609291189301, 50.22421031867524]]]}}, {"id": "19", "type": "Feature", "properties": {"contour_id": "flood_0020", "area_ha": 9.06, "pair_id": "flood_2019_07_amur__blagoveshchensk", "layer": "flood", "aoi_name": "Благовещенск — слияние Амура и Зеи", "event_name": "Паводок в Приамурье, июль 2019", "date_peak": "2019-07-25"}, "geometry": {"type": "Polygon", "coordinates": [[[127.75617145526968, 50.24309667247761], [127.75603826756989, 50.242825424956756], [127.75561530037892, 50.24291083672858], [127.75562466572657, 50.24255117464328], [127.75506617696983, 50.24245525183043], [127.75507554629829, 50.24209558979176], [127.75466429934062, 50.241731420602164], [127.75328335716927, 50.24090714668319], [127.75302171996614, 50.24018481405971], [127.75246795831599, 50.23990904803028], [127.75247734634827, 50.23954938618839], [127.75178574545643, 50.239182196201185], [127.75194472672707, 50.238464378514394], [127.75069001737718, 50.2381810728442], [127.75029059198819, 50.23736731129895], [127.7511364447353, 50.23719652421922], [127.75182566406578, 50.23765363341442], [127.7528023245724, 50.23784400203808], [127.75361769599975, 50.23884209848251], [127.75403828650504, 50.23884660921075], [127.7552743001517, 50.23984920345161], [127.75526727485418, 50.24011895010801], [127.75568553585896, 50.240213370512244], [127.75566914853538, 50.24084277941507], [127.75594955414812, 50.2408457818729], [127.75594253241316, 50.24111552855193], [127.75622059958022, 50.241208445928116], [127.75647059219934, 50.24238034942144], [127.75674866773129, 50.24247326557629], [127.75659442315398, 50.243011258688796], [127.75617145526968, 50.24309667247761]], [[127.75193063913773, 50.23900387126026], [127.75206848863579, 50.23909529250137], [127.75207083634541, 50.23900537704413], [127.75193063913773, 50.23900387126026]]]}}, {"id": "20", "type": "Feature", "properties": {"contour_id": "flood_0021", "area_ha": 8.11, "pair_id": "flood_2019_07_amur__blagoveshchensk", "layer": "flood", "aoi_name": "Благовещенск — слияние Амура и Зеи", "event_name": "Паводок в Приамурье, июль 2019", "date_peak": "2019-07-25"}, "geometry": {"type": "Polygon", "coordinates": [[[127.5896621802377, 50.26323063514397], [127.58971263156481, 50.26152236080947], [127.59013339381396, 50.26152746636736], [127.59020505807632, 50.25909991725967], [127.59104654019723, 50.2591101229331], [127.59106245475978, 50.25857066723307], [127.59022098213597, 50.25856046175381], [127.59022894398419, 50.25829073398063], [127.59064967786134, 50.258295837433025], [127.59068151454693, 50.257216926011], [127.5915229636712, 50.25722712795965], [127.59153356913862, 50.25686749064154], [127.5926740378949, 50.256251717927306], [127.59335404893297, 50.256979483092216], [127.59333816114591, 50.257518939471574], [127.59276394567772, 50.2579616944155], [127.59275334906195, 50.25832133185554], [127.59247285939387, 50.25831793479856], [127.59244371178882, 50.25930693751645], [127.59201501667846, 50.259571568418295], [127.59199646153385, 50.260200933545015], [127.59157571063298, 50.2601958348285], [127.59155449761518, 50.26091510903965], [127.59127664506238, 50.26082179970271], [127.59110456249205, 50.26189901037659], [127.59053292677744, 50.262251844131505], [127.59066522258067, 50.262523272821106], [127.5901015398821, 50.2626063767307], [127.5900909214742, 50.262966013470454], [127.5896621802377, 50.26323063514397]]]}}, {"id": "21", "type": "Feature", "properties": {"contour_id": "flood_0022", "area_ha": 8.02, "pair_id": "flood_2019_07_amur__blagoveshchensk", "layer": "flood", "aoi_name": "Благовещенск — слияние Амура и Зеи", "event_name": "Паводок в Приамурье, июль 2019", "date_peak": "2019-07-25"}, "geometry": {"type": "Polygon", "coordinates": [[[127.76655082663875, 50.35707094179332], [127.76642193341566, 50.3566198803904], [127.76614084529372, 50.356616898260455], [127.76628838131222, 50.3563486470654], [127.76602128159739, 50.355806179951344], [127.76574486155296, 50.3556233686706], [127.76686453170595, 50.35581512506685], [127.76687384962892, 50.355455468475164], [127.7665950983165, 50.35536257334487], [127.76660208819096, 50.355092830909555], [127.7658900653062, 50.35544503204525], [127.76575885096007, 50.35508388398362], [127.76603992998969, 50.35508686697143], [127.766332661274, 50.35464027857234], [127.76605857762448, 50.35436755389705], [127.76535589075182, 50.35436009534341], [127.76536755177155, 50.35391052474226], [127.76508881245746, 50.35381762606445], [127.76523401302471, 50.353639290181654], [127.7648217401513, 50.35327515616689], [127.76483573885379, 50.35273567144845], [127.76413541079295, 50.35263829157957], [127.76428527942502, 50.35228012862933], [127.76499260080551, 50.35210776515412], [127.76528299089982, 50.35175109326021], [127.76532963164009, 50.349952809872484], [127.76603225346075, 50.349960268115225], [127.76630631203291, 50.3502329928692], [127.76642586828352, 50.351043711581596], [127.76614714354591, 50.35095081550324], [127.76614248260765, 50.3511306438929], [127.76655008789838, 50.35167460169535], [127.76666732188495, 50.35257523420584], [127.76694605711513, 50.352668129088656], [127.7669204364049, 50.3536571851624], [127.76759284969494, 50.3548335187163], [127.76729547165897, 50.3554599386839], [127.76770312639192, 50.356003892413355], [127.76755327117588, 50.35636205964543], [127.76796791893216, 50.35663626996416], [127.76782039142165, 50.356904523339615], [127.76655082663875, 50.35707094179332]], [[127.76656946786579, 50.356351628827355], [127.76698643914115, 50.356535928475495], [127.76699342708896, 50.35626618605517], [127.76656946786579, 50.356351628827355]], [[127.7664335853022, 50.35617030978449], [127.76685521359376, 50.356174781634905], [127.7668598726735, 50.355994953353836], [127.76657878819533, 50.355991972308935], [127.7664335853022, 50.35617030978449]], [[127.76470220632467, 50.35246443626954], [127.76483807192943, 50.35264575732354], [127.76484273804512, 50.352465929069304], [127.76470220632467, 50.35246443626954]]]}}, {"id": "22", "type": "Feature", "properties": {"contour_id": "flood_0023", "area_ha": 7.77, "pair_id": "flood_2019_07_amur__blagoveshchensk", "layer": "flood", "aoi_name": "Благовещенск — слияние Амура и Зеи", "event_name": "Паводок в Приамурье, июль 2019", "date_peak": "2019-07-25"}, "geometry": {"type": "Polygon", "coordinates": [[[127.58604483431682, 50.27640805178926], [127.58605282479898, 50.27613832533379], [127.58563459878594, 50.276043295126236], [127.5852270344819, 50.27558862824907], [127.58638134921607, 50.274523379544156], [127.58596047312162, 50.27451825944988], [127.58654027801403, 50.27389572381889], [127.5862730117991, 50.2734427666691], [127.5865535895658, 50.27344617942756], [127.58670452641175, 50.27308824999116], [127.58642395073022, 50.273084837614526], [127.5864292756765, 50.2729050198463], [127.58713337347413, 50.272823640550854], [127.58756487607106, 50.272469120540606], [127.58772112201842, 50.27193137174372], [127.58800169107852, 50.27193478093295], [127.5880096692392, 50.271665054041314], [127.58900760069966, 50.27113752670765], [127.58930410646703, 50.27060147858336], [127.58958466790382, 50.27060488388681], [127.58973291669304, 50.270336859131014], [127.58945501333112, 50.27024354515504], [127.58930676328934, 50.27051156954985], [127.5893173904438, 50.27015193340076], [127.58959794924078, 50.27015533865022], [127.58989444208389, 50.269619288824444], [127.59174192453256, 50.26883221929271], [127.59204899064031, 50.267936526897934], [127.5916281715758, 50.26793142780603], [127.59163612812087, 50.267661700306896], [127.59220782138189, 50.26730886192019], [127.5923719491443, 50.26650137819707], [127.59293037501601, 50.26659808215411], [127.59291182731302, 50.26722744676328], [127.59332734252477, 50.267412359635046], [127.59331939560258, 50.26768208734167], [127.59401281454028, 50.26796030252074], [127.59443892810887, 50.26778557443476], [127.59454744030573, 50.26886618216048], [127.59398368886563, 50.2689493042427], [127.59413190774056, 50.26868127355089], [127.59371108173671, 50.26867618194555], [127.59384341273912, 50.26894760702477], [127.59341728657675, 50.26912233278785], [127.59336960338844, 50.27074069840876], [127.59294875937194, 50.27073560389316], [127.593015004645, 50.26848787413676], [127.5926074325535, 50.26803323251891], [127.59232688586167, 50.26802983463668], [127.59203573342221, 50.26838607278067], [127.59201717275225, 50.269015436953474], [127.5900214429723, 50.27007053618701], [127.59000285464415, 50.270699899631616], [127.58972229259861, 50.27069649533288], [127.5898546061944, 50.27096792471871], [127.58942844754601, 50.27114263552171], [127.58940188041392, 50.27204172573829], [127.5882849190649, 50.27184828047195], [127.58798839387435, 50.2723843257223], [127.58770782217422, 50.272380916479], [127.58769984210583, 50.27265064330217], [127.58727632143886, 50.27273543704089], [127.58680488733582, 50.27443858923936], [127.5865296285296, 50.274255359304924], [127.58652164127457, 50.27452508590369], [127.58679690158402, 50.27470831586159], [127.58664596005625, 50.27506624528341], [127.58706417963589, 50.27516127181182], [127.5867649573621, 50.27578722221536], [127.5868972675908, 50.27605865471372], [127.58731549634494, 50.27615368039925], [127.58604483431682, 50.27640805178926]]]}}, {"id": "23", "type": "Feature", "properties": {"contour_id": "flood_0024", "area_ha": 7.19, "pair_id": "flood_2019_07_amur__blagoveshchensk", "layer": "flood", "aoi_name": "Благовещенск — слияние Амура и Зеи", "event_name": "Паводок в Приамурье, июль 2019", "date_peak": "2019-07-25"}, "geometry": {"type": "Polygon", "coordinates": [[[127.55204026749544, 50.175883697667615], [127.55191657507031, 50.17534249789996], [127.55263558854305, 50.174721859980416], [127.552654604603, 50.174092496333614], [127.55293459604361, 50.174095985259406], [127.55294274400212, 50.17382625792642], [127.55322544935618, 50.173739837019305], [127.55309360165758, 50.17346836563256], [127.55524774331234, 50.171696323505614], [127.55638120118483, 50.17126070325159], [127.55653202476337, 50.17090280604488], [127.55709197138039, 50.1709097642112], [127.55752546687728, 50.17046543434829], [127.55893073047608, 50.170302993815895], [127.55907882783093, 50.17003500246587], [127.56063216122581, 50.1696045495338], [127.5605002822691, 50.16933308610389], [127.56106291181791, 50.169250115480054], [127.5610683123712, 50.16907029646544], [127.5617763170968, 50.16880923757434], [127.56178441376437, 50.16853950894512], [127.56248431416708, 50.16854817428881], [127.56250049925983, 50.168008716824964], [127.56293391820627, 50.16756436589836], [127.5632138727709, 50.16756782972275], [127.56306310994671, 50.16792573632809], [127.56348304500445, 50.16793093137165], [127.56303884169456, 50.16873492271473], [127.56146666084935, 50.16979477496035], [127.55607954711071, 50.171976496954336], [127.55621140787368, 50.172247965129976], [127.55550603334724, 50.17241908000365], [127.5553497744162, 50.17295679412651], [127.5543589739481, 50.173304237231115], [127.55321458753923, 50.174099473510516], [127.55304471776603, 50.175086729635], [127.55204026749544, 50.175883697667615]], [[127.56248161660385, 50.16863808386085], [127.56275888033346, 50.16873145841034], [127.56276157738543, 50.16864154882882], [127.56248161660385, 50.16863808386085]], [[127.56206437388448, 50.16854297558852], [127.56220165587686, 50.16863461821832], [127.56220435396504, 50.16854470865726], [127.56206437388448, 50.16854297558852]]]}}, {"id": "24", "type": "Feature", "properties": {"contour_id": "flood_0025", "area_ha": 7.1, "pair_id": "flood_2019_07_amur__blagoveshchensk", "layer": "flood", "aoi_name": "Благовещенск — слияние Амура и Зеи", "event_name": "Паводок в Приамурье, июль 2019", "date_peak": "2019-07-25"}, "geometry": {"type": "Polygon", "coordinates": [[[127.25610075419812, 50.1913349766625], [127.25753373670767, 50.19045703413996], [127.2565666690176, 50.190082741088325], [127.25571670900953, 50.19033981409432], [127.25556358253725, 50.19069729441899], [127.25514351063103, 50.19069098422025], [127.25515334066023, 50.190421296762466], [127.2554366631233, 50.19033560785461], [127.25530974556158, 50.189973921149985], [127.2558731083793, 50.18989243765931], [127.25588620920227, 50.18953285418983], [127.25730605113874, 50.189014497329374], [127.25759917713239, 50.18865911513174], [127.25801923176343, 50.18866541626732], [127.2583123503049, 50.188310032171536], [127.25901570575652, 50.18823063283088], [127.25914591607565, 50.18850241979174], [127.25942595179357, 50.188506616979694], [127.25954962874006, 50.1889581956123], [127.25982966718328, 50.188962391854616], [127.26035707690946, 50.18986974318064], [127.26063712080342, 50.18987393753157], [127.26062405549786, 50.190233521887535], [127.25834771221368, 50.19118880344035], [127.25610075419812, 50.1913349766625]]]}}, {"id": "25", "type": "Feature", "properties": {"contour_id": "flood_0026", "area_ha": 7.04, "pair_id": "flood_2019_07_amur__blagoveshchensk", "layer": "flood", "aoi_name": "Благовещенск — слияние Амура и Зеи", "event_name": "Паводок в Приамурье, июль 2019", "date_peak": "2019-07-25"}, "geometry": {"type": "Polygon", "coordinates": [[[127.67321090760669, 50.20026630233926], [127.67208777821426, 50.20034341063663], [127.67224531871187, 50.19971561913752], [127.67196765819698, 50.19962250337279], [127.67188496594511, 50.19755289703812], [127.67217009735653, 50.19737627309246], [127.67221499290908, 50.1957578337482], [127.67179978427679, 50.1955732032789], [127.67208240976211, 50.195486492702564], [127.67225240274371, 50.19440913392594], [127.67214226953378, 50.19332857284059], [127.67284505750428, 50.19324666271187], [127.67297016161476, 50.19378774308648], [127.67324779049932, 50.19388085629289], [127.67323533044996, 50.194330423159826], [127.67351296298969, 50.194423535753046], [127.67362562062009, 50.19541418223908], [127.67331309406808, 50.19657985675412], [127.67259779052968, 50.197111335820374], [127.67355336459482, 50.19802166925565], [127.67379614020983, 50.199373567714176], [127.67308827804045, 50.199635309377115], [127.67321090760669, 50.20026630233926]], [[127.67320791723091, 50.19531947013596], [127.67334549022364, 50.19541098324086], [127.67334798214729, 50.19532106988325], [127.67320791723091, 50.19531947013596]]]}}, {"id": "26", "type": "Feature", "properties": {"contour_id": "flood_0027", "area_ha": 6.84, "pair_id": "flood_2019_07_amur__blagoveshchensk", "layer": "flood", "aoi_name": "Благовещенск — слияние Амура и Зеи", "event_name": "Паводок в Приамурье, июль 2019", "date_peak": "2019-07-25"}, "geometry": {"type": "Polygon", "coordinates": [[[127.57183366479832, 50.15085480320178], [127.57100481039, 50.150484833770335], [127.57032393889044, 50.14984685083711], [127.56948438315183, 50.14983651138581], [127.56949243102437, 50.14956678096124], [127.56991220647296, 50.14957195139611], [127.56992025186373, 50.149302220908844], [127.56950047877473, 50.14929705052313], [127.56951657390903, 50.14875758960628], [127.56909680566132, 50.14875241780215], [127.56917729759772, 50.14605511289717], [127.57001678702848, 50.14606545400553], [127.56998461059385, 50.147144376523265], [127.57083215896009, 50.14688498125095], [127.57080803987435, 50.147694173332496], [127.57164755859291, 50.14770450289743], [127.57159934544046, 50.14932288728424], [127.57243889296083, 50.14933321137142], [127.57239338102833, 50.15086168562324], [127.57226148453907, 50.1505902345683], [127.57183366479832, 50.15085480320178]]]}}, {"id": "27", "type": "Feature", "properties": {"contour_id": "flood_0028", "area_ha": 5.74, "pair_id": "flood_2019_07_amur__blagoveshchensk", "layer": "flood", "aoi_name": "Благовещенск — слияние Амура и Зеи", "event_name": "Паводок в Приамурье, июль 2019", "date_peak": "2019-07-25"}, "geometry": {"type": "Polygon", "coordinates": [[[127.38049903914195, 50.19997191166587], [127.38009103137875, 50.199606446680036], [127.37997531867903, 50.198885281748645], [127.38264551687831, 50.19865266161596], [127.38265463136553, 50.198382956895536], [127.38434440455464, 50.198136641936856], [127.38435350930395, 50.19786693696641], [127.38561399779074, 50.19788446318197], [127.38563219268322, 50.19734505286637], [127.38647250957123, 50.19735672919308], [127.38648160207985, 50.19708702390354], [127.38774207135215, 50.19710452683499], [127.38776932676355, 50.19629541038433], [127.38860962611118, 50.1963070710779], [127.38863686609065, 50.19549795417046], [127.38947715180002, 50.19550960845593], [127.38948622678748, 50.19523990268172], [127.38990636748402, 50.19524572749077], [127.38991543996873, 50.19497602164737], [127.39019553226639, 50.19497990397267], [127.3900343186039, 50.19560727655062], [127.38946202651458, 50.19595911804898], [127.38945295115951, 50.19622882378643], [127.38859751905521, 50.19666667855248], [127.3885823848904, 50.19711618786122], [127.38773904289643, 50.197194428655195], [127.38673140261199, 50.19798993232673], [127.38603112914868, 50.19798020394828], [127.38516956779964, 50.19859783614931], [127.38277645943677, 50.198924316454466], [127.38191787901157, 50.1994520223179], [127.38135764442904, 50.19944421657852], [127.38134548154841, 50.19980382257314], [127.38049903914195, 50.19997191166587]]]}}, {"id": "28", "type": "Feature", "properties": {"contour_id": "flood_0029", "area_ha": 5.62, "pair_id": "flood_2019_07_amur__blagoveshchensk", "layer": "flood", "aoi_name": "Благовещенск — слияние Амура и Зеи", "event_name": "Паводок в Приамурье, июль 2019", "date_peak": "2019-07-25"}, "geometry": {"type": "Polygon", "coordinates": [[[127.59333400462641, 50.30527761161486], [127.59264535912187, 50.30481957236071], [127.59222421458257, 50.30481447273379], [127.59223217816707, 50.30454474688607], [127.59153824226891, 50.304266518419325], [127.59154620957828, 50.30399679262551], [127.5911144462235, 50.304351323401285], [127.59040988815254, 50.30443272254077], [127.59000204089693, 50.3039780721594], [127.59015571160396, 50.30353023211747], [127.58988027413983, 50.30334700949757], [127.58903801219034, 50.303336788902314], [127.5880713472227, 50.30278540628377], [127.58736947104255, 50.30277687869276], [127.58751783592243, 50.302508859154116], [127.58724241454219, 50.302325630386605], [127.586402836872, 50.30222548240346], [127.58655120538083, 50.30195746410511], [127.58557126334254, 50.30185560318404], [127.58559259739818, 50.301136335918386], [127.58587333795802, 50.30113975167367], [127.58572496829525, 50.30140776913287], [127.58628645269647, 50.301414599352974], [127.58627845637196, 50.30168432465659], [127.58669157812867, 50.30195917093014], [127.58794694641954, 50.30224425020208], [127.58768483906513, 50.30161148002139], [127.58712601586254, 50.301514748068506], [127.5872797050915, 50.30106691180402], [127.5858893347584, 50.30060030109639], [127.58577029648352, 50.29987932585884], [127.58702826846704, 50.30007450618894], [127.58717662653709, 50.29980648690985], [127.58743072816094, 50.30070898377132], [127.58784384830795, 50.300983825979195], [127.58809796840784, 50.30188632136237], [127.58851376380201, 50.302071252750125], [127.58850577988731, 50.30234097828196], [127.58962611300704, 50.30244451788428], [127.59016900307023, 50.303080689330194], [127.59059544683309, 50.302905979117135], [127.59059013192777, 50.303085796274935], [127.59114632441639, 50.30327242035733], [127.5911383550501, 50.30354214613857], [127.59155683246881, 50.30363715821278], [127.59154886532112, 50.303906884024585], [127.59279370107247, 50.304551545985], [127.5927857406619, 50.30482127189742], [127.59334461451748, 50.30491797700572], [127.59333400462641, 50.30527761161486]]]}}, {"id": "29", "type": "Feature", "properties": {"contour_id": "flood_0030", "area_ha": 5.62, "pair_id": "flood_2019_07_amur__blagoveshchensk", "layer": "flood", "aoi_name": "Благовещенск — слияние Амура и Зеи", "event_name": "Паводок в Приамурье, июль 2019", "date_peak": "2019-07-25"}, "geometry": {"type": "Polygon", "coordinates": [[[127.59188515454906, 50.19733021291484], [127.59105534510782, 50.196960381385985], [127.59106063831162, 50.196780560891185], [127.59036031655887, 50.19677206427925], [127.59064838729094, 50.19650573272548], [127.59022819668571, 50.196500633793924], [127.58994012366813, 50.196766964286326], [127.58952258037164, 50.1966719525837], [127.58953052871182, 50.196402222003556], [127.5891156396208, 50.19621729867476], [127.58912889039513, 50.195767747743695], [127.58857659874198, 50.19549121106361], [127.58804818224125, 50.194405480335455], [127.58763066334345, 50.194310462000175], [127.58749856552105, 50.19403902848637], [127.58833890265792, 50.19404924421321], [127.58832299375554, 50.19458870530294], [127.58916334083837, 50.19459891514727], [127.58917129061861, 50.19432918451206], [127.5895914619755, 50.194334287106884], [127.58960735644244, 50.19379482569887], [127.59016493080483, 50.193891536926074], [127.59004341244179, 50.19326046511842], [127.59046357457768, 50.19326556448087], [127.59072250747107, 50.193988245494126], [127.59057186227766, 50.19434618725349], [127.59139633146947, 50.19489584257013], [127.59138574823682, 50.19525548372291], [127.59095498186986, 50.195610028613864], [127.59122451909022, 50.195973067357734], [127.59164205982196, 50.1960680729305], [127.59188515454906, 50.19733021291484]], [[127.59119805637008, 50.196872169960656], [127.5913354749543, 50.19696377887059], [127.59133812103713, 50.19687386861317], [127.59119805637008, 50.196872169960656]]]}}, {"id": "30", "type": "Feature", "properties": {"contour_id": "flood_0031", "area_ha": 5.41, "pair_id": "flood_2019_07_amur__blagoveshchensk", "layer": "flood", "aoi_name": "Благовещенск — слияние Амура и Зеи", "event_name": "Паводок в Приамурье, июль 2019", "date_peak": "2019-07-25"}, "geometry": {"type": "Polygon", "coordinates": [[[127.60265820042171, 50.32733555820242], [127.60211487267358, 50.32669944400322], [127.60127483315839, 50.32659940003037], [127.60129594891977, 50.325880130996154], [127.60045328465661, 50.32586998983011], [127.60046120761271, 50.32560026401408], [127.59961854859866, 50.32559011683948], [127.59962647620065, 50.325320391106544], [127.59878646653189, 50.32522032937509], [127.59879968681062, 50.32477078661043], [127.59768145417374, 50.324577422763895], [127.59768939245441, 50.324307697207054], [127.59727336852235, 50.32412279742043], [127.59714351818057, 50.32376146881143], [127.59799143486991, 50.32359181657129], [127.59826172944648, 50.32395483768153], [127.59951510362717, 50.32432970492282], [127.59992585445765, 50.324694413973084], [127.59990471890524, 50.325413682734094], [127.60327007447594, 50.32563404383718], [127.60354042079197, 50.325997052978494], [127.60409956501063, 50.32609370827204], [127.60436201915073, 50.32672644175581], [127.6052099641794, 50.32655673717356], [127.60521786040512, 50.326287010842776], [127.60479652391166, 50.32628195520411], [127.60480442240055, 50.326012228907956], [127.6052283885191, 50.3259273757141], [127.6059490253957, 50.32530643655997], [127.60563919701877, 50.326292064955155], [127.6053556741326, 50.32637860450026], [127.60561551513128, 50.32710124405134], [127.60464027951308, 50.32681972217175], [127.60393540988784, 50.32690120042834], [127.60394067892545, 50.32672138298426], [127.60296809753108, 50.32634993849193], [127.60323317379819, 50.32689276569703], [127.60265820042171, 50.32733555820242]]]}}, {"id": "31", "type": "Feature", "properties": {"contour_id": "flood_0032", "area_ha": 5.18, "pair_id": "flood_2019_07_amur__blagoveshchensk", "layer": "flood", "aoi_name": "Благовещенск — слияние Амура и Зеи", "event_name": "Паводок в Приамурье, июль 2019", "date_peak": "2019-07-25"}, "geometry": {"type": "Polygon", "coordinates": [[[127.71563321511297, 50.180686106630986], [127.71480995794478, 50.18004740791118], [127.71496445519264, 50.17950946662157], [127.71247308380747, 50.17840257461008], [127.71220997086984, 50.177770064902816], [127.71193235729977, 50.17767704471029], [127.71207720812617, 50.17749876733277], [127.71166441854243, 50.177224363817395], [127.71167409207192, 50.176864703749956], [127.71223656185593, 50.1767809995416], [127.71222689257776, 50.17714065969374], [127.7125020868066, 50.177323594213746], [127.71278453210861, 50.17723678293918], [127.71264935098213, 50.17705540103984], [127.7141822614819, 50.17734220675812], [127.7143150357766, 50.17761350201765], [127.71543033685333, 50.17780572592924], [127.71514548092006, 50.17798245876647], [127.71598317009384, 50.17808166420105], [127.7166663909679, 50.178718807691936], [127.71722405812085, 50.17881490980629], [127.7172120174286, 50.179264485713524], [127.71748483529576, 50.179537323780124], [127.71720238465531, 50.17962414641259], [127.71719515994737, 50.179893891921324], [127.71663266172182, 50.179977619884916], [127.71619331314297, 50.18069229871572], [127.71563321511297, 50.180686106630986]], [[127.71524208534183, 50.17960247966504], [127.71608221332622, 50.17961176946366], [127.71611836674161, 50.17826304230819], [127.71443815849443, 50.17824445752012], [127.7144526380037, 50.1777049669179], [127.71276520127202, 50.177956103317754], [127.71275795200646, 50.17822584843521], [127.71359805503039, 50.17823515601477], [127.71359081038278, 50.17850490120739], [127.71526379190533, 50.178793243676864], [127.71524208534183, 50.17960247966504]], [[127.7127724504275, 50.17768635818692], [127.71361254399557, 50.177695665589454], [127.7136197883131, 50.17742592035676], [127.71277969947288, 50.17741661304274], [127.7127724504275, 50.17768635818692]]]}}, {"id": "32", "type": "Feature", "properties": {"contour_id": "flood_0033", "area_ha": 4.89, "pair_id": "flood_2019_07_amur__blagoveshchensk", "layer": "flood", "aoi_name": "Благовещенск — слияние Амура и Зеи", "event_name": "Паводок в Приамурье, июль 2019", "date_peak": "2019-07-25"}, "geometry": {"type": "Polygon", "coordinates": [[[127.5836098813846, 50.29697491124968], [127.58222768414119, 50.296238532559464], [127.5821006925579, 50.29578727869505], [127.58069982550158, 50.295680240597335], [127.58045657948455, 50.29441809629753], [127.58130670327212, 50.29415865268586], [127.58228647765549, 50.29426054828301], [127.58255649022465, 50.29462360528698], [127.58297487202022, 50.294718647597236], [127.58310186925623, 50.295169900633084], [127.58408433750341, 50.295181872839656], [127.58406298521096, 50.29590114037763], [127.58517782280735, 50.29618453851448], [127.58405230873984, 50.296260774110586], [127.58431700847926, 50.296803643966044], [127.5836098813846, 50.29697491124968]]]}}, {"id": "33", "type": "Feature", "properties": {"contour_id": "flood_0034", "area_ha": 4.84, "pair_id": "flood_2019_07_amur__blagoveshchensk", "layer": "flood", "aoi_name": "Благовещенск — слияние Амура и Зеи", "event_name": "Паводок в Приамурье, июль 2019", "date_peak": "2019-07-25"}, "geometry": {"type": "Polygon", "coordinates": [[[127.71028935434421, 50.3269604381321], [127.70917790617807, 50.32649840518394], [127.70791139927121, 50.3265742763013], [127.70820205492302, 50.3262177475346], [127.7079309054666, 50.325854975788324], [127.70807866945303, 50.32558679886056], [127.70835956822484, 50.325589919929946], [127.7083717550364, 50.32514035696455], [127.70809573461052, 50.32495741076795], [127.70668637903914, 50.32512162066916], [127.70542234821154, 50.3251075524201], [127.70556768126362, 50.324929291239], [127.70528678669507, 50.32492616345486], [127.70513900917932, 50.325194336758955], [127.70443432429856, 50.32527642586381], [127.70442943472987, 50.32545625077082], [127.70331318552552, 50.32517398722732], [127.70387742300834, 50.32509033923718], [127.70374186745492, 50.324908948515535], [127.7045918838073, 50.32464860362211], [127.70488255212584, 50.324292083139504], [127.70614656105508, 50.32430615709237], [127.70629433007572, 50.32403798240277], [127.70700387321992, 50.32377605670531], [127.7072750040431, 50.324138830596006], [127.70712480057317, 50.32449691913082], [127.70811279916178, 50.32432802260263], [127.7083839415387, 50.32469079396206], [127.70907886755066, 50.32496833130012], [127.70878822621572, 50.325324862442635], [127.70947585792807, 50.32587213530338], [127.70946855193807, 50.326141873170215], [127.71044684283164, 50.32633260758651], [127.71015376905216, 50.32677905471674], [127.71028935434421, 50.3269604381321]], [[127.70430121110245, 50.32500512332312], [127.70443921381764, 50.325096600950864], [127.70444165855855, 50.32500668849217], [127.70430121110245, 50.32500512332312]]]}}, {"id": "34", "type": "Feature", "properties": {"contour_id": "flood_0035", "area_ha": 4.7, "pair_id": "flood_2019_07_amur__blagoveshchensk", "layer": "flood", "aoi_name": "Благовещенск — слияние Амура и Зеи", "event_name": "Паводок в Приамурье, июль 2019", "date_peak": "2019-07-25"}, "geometry": {"type": "Polygon", "coordinates": [[[127.58542217152863, 50.29267981497422], [127.58531382305381, 50.29159920433148], [127.58475245440385, 50.29159237037493], [127.58431275049016, 50.29221660268842], [127.58333034320728, 50.292204632920665], [127.58321403228786, 50.291393746077006], [127.58380475868348, 50.29041159390645], [127.58325408472335, 50.29004511880788], [127.58340510130166, 50.2896871953048], [127.58312709869243, 50.28959386565338], [127.58397445320583, 50.28942430998709], [127.58396110981315, 50.28987385263584], [127.58423377929358, 50.29014699738311], [127.58509713933141, 50.28943798227942], [127.58564782071643, 50.289804448742984], [127.58603152395804, 50.291068291466566], [127.58574817718291, 50.29115478516202], [127.58588052243195, 50.29142621842828], [127.58558917583683, 50.291782437415506], [127.58601020413316, 50.291787560120675], [127.58612656346737, 50.29259844452005], [127.58542217152863, 50.29267981497422]]]}}, {"id": "35", "type": "Feature", "properties": {"contour_id": "flood_0036", "area_ha": 4.69, "pair_id": "flood_2019_07_amur__blagoveshchensk", "layer": "flood", "aoi_name": "Благовещенск — слияние Амура и Зеи", "event_name": "Паводок в Приамурье, июль 2019", "date_peak": "2019-07-25"}, "geometry": {"type": "Polygon", "coordinates": [[[127.50909964408895, 50.165086867860246], [127.50882810440108, 50.16481355132483], [127.50798830954061, 50.164802765039084], [127.50799670775578, 50.1645330427065], [127.50757681287817, 50.16452764733873], [127.50744524918342, 50.1642561262678], [127.50831302171599, 50.16336784169523], [127.50790433472024, 50.16300281770747], [127.5080554916921, 50.162644985997], [127.50889524877252, 50.16265577146235], [127.50904919440808, 50.16220803084028], [127.5094718656318, 50.16212351316221], [127.51001213025197, 50.162760050198756], [127.51070354767471, 50.163038749482816], [127.51069516513614, 50.16330847221712], [127.5113865944638, 50.16358716751499], [127.5115125933833, 50.16403849953279], [127.51108990863311, 50.164123024492824], [127.51108152794681, 50.164392747223864], [127.51051607969782, 50.1645653830467], [127.51051049034737, 50.164745198141595], [127.50909964408895, 50.165086867860246]], [[127.50952793384087, 50.1648225352596], [127.50995062742052, 50.16473801607476], [127.50983023338628, 50.16410686747708], [127.50816186426255, 50.163725673694444], [127.50842779703436, 50.16417880669047], [127.5089848555439, 50.16427590353093], [127.50952793384087, 50.1648225352596]], [[127.50869373475612, 50.1646319390882], [127.50897366541174, 50.16463553348236], [127.50897926050615, 50.16445571850968], [127.5086993309, 50.1644521241383], [127.50869373475612, 50.1646319390882]]]}}, {"id": "36", "type": "Feature", "properties": {"contour_id": "flood_0037", "area_ha": 4.62, "pair_id": "flood_2019_07_amur__blagoveshchensk", "layer": "flood", "aoi_name": "Благовещенск — слияние Амура и Зеи", "event_name": "Паводок в Приамурье, июль 2019", "date_peak": "2019-07-25"}, "geometry": {"type": "Polygon", "coordinates": [[[127.56812747021583, 50.13902659460687], [127.56814357493573, 50.13848713305433], [127.56730421881146, 50.13847677953666], [127.56732033247502, 50.1379373181268], [127.56648098627228, 50.13792695874144], [127.56650516999873, 50.13711776682053], [127.56566583843342, 50.137107401666235], [127.56569541211742, 50.13611838951421], [127.56610700616415, 50.13639330332297], [127.56622808029267, 50.1370244022329], [127.56651323099624, 50.13684803615313], [127.56677957427763, 50.13730104098362], [127.56761353971062, 50.13749121863663], [127.5677668529189, 50.13704339291109], [127.56819188616274, 50.13686874807171], [127.56820262139358, 50.13650910689827], [127.56848239534888, 50.13651255648262], [127.56877290018036, 50.1361563641082], [127.56865179446642, 50.13552526749063], [127.56893156273956, 50.135528715944076], [127.5691818304746, 50.13652117749562], [127.56932708088264, 50.13634308050969], [127.5697413788194, 50.1365280712739], [127.56945892319042, 50.13661453506646], [127.56945087882069, 50.13688426609181], [127.57015031966102, 50.136892881318204], [127.57028216809387, 50.13716433496822], [127.57000239011796, 50.137160889687166], [127.56999702915158, 50.13734071039788], [127.5702714482029, 50.13752397642728], [127.56898829653596, 50.13831765991221], [127.5688323075608, 50.13885539750335], [127.56812747021583, 50.13902659460687]], [[127.56746559414488, 50.1377592236085], [127.56774269053685, 50.137852585288634], [127.56774537530028, 50.137762675030494], [127.56746559414488, 50.1377592236085]], [[127.56831298883885, 50.137499845003866], [127.56844482842646, 50.13777130063743], [127.56845287870524, 50.137501569771935], [127.56831298883885, 50.137499845003866]], [[127.56663968509824, 50.137299314205], [127.5667768877481, 50.13739095121101], [127.56677957427763, 50.13730104098362], [127.56663968509824, 50.137299314205]]]}}, {"id": "37", "type": "Feature", "properties": {"contour_id": "flood_0038", "area_ha": 4.55, "pair_id": "flood_2019_07_amur__blagoveshchensk", "layer": "flood", "aoi_name": "Благовещенск — слияние Амура и Зеи", "event_name": "Паводок в Приамурье, июль 2019", "date_peak": "2019-07-25"}, "geometry": {"type": "Polygon", "coordinates": [[[127.42409657170971, 50.2717165147559], [127.42355626125936, 50.27107958889518], [127.42426355429455, 50.27090929652897], [127.42441569465423, 50.270551589328456], [127.42526028076907, 50.270473094797026], [127.42541537758623, 50.27002548385013], [127.42597645188945, 50.27003308483575], [127.42669557271161, 50.26950316790898], [127.42796093770498, 50.26943034983631], [127.4278088275716, 50.26978806202737], [127.42696129494249, 50.269956477645664], [127.42722702213588, 50.27040978678779], [127.42849832967202, 50.27015715823121], [127.42851904624945, 50.26952784094543], [127.42908011554056, 50.26953542689572], [127.42907419870461, 50.269715231890245], [127.42976962403785, 50.26990451562948], [127.43075741435084, 50.26973797364086], [127.43089177238409, 50.269919672831534], [127.42891026077653, 50.27043255551348], [127.42906236485267, 50.27007484186101], [127.42879070400521, 50.26980134171242], [127.42876999080727, 50.27043065905037], [127.42650492984964, 50.27102960921605], [127.4257887483653, 50.271469622266885], [127.42409657170971, 50.2717165147559]], [[127.4239711395004, 50.27126510121076], [127.4243919558381, 50.27127080753361], [127.42440085800698, 50.271001100718124], [127.42398004404447, 50.27099539444956], [127.4239711395004, 50.27126510121076]]]}}, {"id": "38", "type": "Feature", "properties": {"contour_id": "flood_0039", "area_ha": 4.48, "pair_id": "flood_2019_07_amur__blagoveshchensk", "layer": "flood", "aoi_name": "Благовещенск — слияние Амура и Зеи", "event_name": "Паводок в Приамурье, июль 2019", "date_peak": "2019-07-25"}, "geometry": {"type": "Polygon", "coordinates": [[[127.67201717589806, 50.192787491616485], [127.67161197330813, 50.19224320719864], [127.67176699676355, 50.191705328683675], [127.6714943734973, 50.19143238532742], [127.67151682847746, 50.19062316510481], [127.67276981089708, 50.19090731435405], [127.67275236229466, 50.19153670815941], [127.67331008601442, 50.19163302139967], [127.67319993408898, 50.19055246067291], [127.67277978124936, 50.19054766071822], [127.6720944898037, 50.19000017707163], [127.67211942718465, 50.189101043042086], [127.67240201367166, 50.1890143312849], [127.67309726226786, 50.18920215935797], [127.6730872947753, 50.18956181312377], [127.67280719867696, 50.18955861309676], [127.6728022138037, 50.18973843995043], [127.67350993012103, 50.18947669844393], [127.67336489954505, 50.18965492592348], [127.67434025918641, 50.18984594533584], [127.67447035082361, 50.190207197519115], [127.67361510504529, 50.1907370859902], [127.67360264983232, 50.191186653168515], [127.67388026498915, 50.1912797647939], [127.67413796044792, 50.19209218330906], [127.67398794318441, 50.19245023830544], [127.67385286805458, 50.19226881255024], [127.67343020854887, 50.192353928246725], [127.67316255605458, 50.19190116191264], [127.67315757210213, 50.192080988719276], [127.67273740585749, 50.1920761885059], [127.67272743464693, 50.19243584204043], [127.67314511200027, 50.192530555709816], [127.67271746323443, 50.19279549555114], [127.67201717589806, 50.192787491616485]], [[127.67238954783026, 50.18946389837651], [127.6725221167046, 50.189735239227986], [127.67252959557244, 50.18946549897569], [127.67238954783026, 50.18946389837651]], [[127.67281218349976, 50.18937878623713], [127.6729497388747, 50.189470299760515], [127.67295223101698, 50.18938038632488], [127.67281218349976, 50.18937878623713]]]}}, {"id": "39", "type": "Feature", "properties": {"contour_id": "flood_0040", "area_ha": 4.46, "pair_id": "flood_2019_07_amur__blagoveshchensk", "layer": "flood", "aoi_name": "Благовещенск — слияние Амура и Зеи", "event_name": "Паводок в Приамурье, июль 2019", "date_peak": "2019-07-25"}, "geometry": {"type": "Polygon", "coordinates": [[[127.68201925051073, 50.18570606163494], [127.68146157728067, 50.18560979052432], [127.68091629051574, 50.18506394780829], [127.68007855700634, 50.18496448918226], [127.6799459578338, 50.18469315650333], [127.67828540174895, 50.18395473709978], [127.67716266271708, 50.184031897772336], [127.67619486600623, 50.18357116179704], [127.67578471909692, 50.18320671862441], [127.67579466409117, 50.18284706407083], [127.67607969264908, 50.18267042928125], [127.67594960821597, 50.18230917850799], [127.67638211465234, 50.181864398060796], [127.67679970768111, 50.18195909808278], [127.67734242918709, 50.18259487346017], [127.67831518058671, 50.18287577241849], [127.67872038260154, 50.18342003428586], [127.67955312768356, 50.18369933002934], [127.67954568989835, 50.18396907131588], [127.68009342698628, 50.18442500657298], [127.68065356083464, 50.184431370348825], [127.68133887263583, 50.18497880415312], [127.68189901324159, 50.18498516197457], [127.68216918581409, 50.185347995218244], [127.68201925051073, 50.18570606163494]], [[127.67648735236742, 50.183124785089475], [127.67704995408667, 50.18304125244979], [127.67733497924324, 50.182864614557886], [127.67705988952234, 50.182681597702214], [127.67635726368205, 50.18276353476625], [127.67648735236742, 50.183124785089475]]]}}, {"id": "40", "type": "Feature", "properties": {"contour_id": "flood_0041", "area_ha": 4.4, "pair_id": "flood_2019_07_amur__blagoveshchensk", "layer": "flood", "aoi_name": "Благовещенск — слияние Амура и Зеи", "event_name": "Паводок в Приамурье, июль 2019", "date_peak": "2019-07-25"}, "geometry": {"type": "Polygon", "coordinates": [[[127.57577421719503, 50.23490950768483], [127.57564207954233, 50.23463806215464], [127.57648312575014, 50.23464836964533], [127.58032925634025, 50.232626765118766], [127.58034260683121, 50.232177218724765], [127.5817656205027, 50.23147506245015], [127.58178162419243, 50.23093560633001], [127.58346359131905, 50.230956125269806], [127.58347158349946, 50.23068639699426], [127.58432055036876, 50.230426918853205], [127.58432853756538, 50.230157190453134], [127.58558999358003, 50.23017255412059], [127.58558201349477, 50.23044228266681], [127.58600250144607, 50.230447400895756], [127.58627485055854, 50.23072054081716], [127.58626953298736, 50.230900359885524], [127.5843019131046, 50.231056285067474], [127.58232094975276, 50.23166172366927], [127.58188711619351, 50.232106138767065], [127.58132377895241, 50.232189203427204], [127.5813131059622, 50.232548840697405], [127.5797552254885, 50.23306945913803], [127.57988738244316, 50.23334090022281], [127.57874997754602, 50.23386664384938], [127.57874463108054, 50.23404646223485], [127.57577421719503, 50.23490950768483]], [[127.58473305300856, 50.23070177008082], [127.5855740332882, 50.230712011199515], [127.58558201349477, 50.23044228266681], [127.58474103795608, 50.23043204164552], [127.58473305300856, 50.23070177008082]]]}}, {"id": "41", "type": "Feature", "properties": {"contour_id": "flood_0042", "area_ha": 4.32, "pair_id": "flood_2019_07_amur__blagoveshchensk", "layer": "flood", "aoi_name": "Благовещенск — слияние Амура и Зеи", "event_name": "Паводок в Приамурье, июль 2019", "date_peak": "2019-07-25"}, "geometry": {"type": "Polygon", "coordinates": [[[127.60798835535817, 50.18322347354989], [127.6080353969648, 50.18160507332729], [127.60719527108348, 50.18159500186944], [127.60721096012247, 50.1810555352122], [127.60763101827557, 50.18106057160462], [127.607725114138, 50.17782376995341], [127.6085651740713, 50.17783383703385], [127.60846329757105, 50.18134037331288], [127.60930341943859, 50.18135043556376], [127.60926425445429, 50.18269910323487], [127.60884418164052, 50.182694072629516], [127.60882851008557, 50.18323353950786], [127.60798835535817, 50.18322347354989]]]}}, {"id": "42", "type": "Feature", "properties": {"contour_id": "flood_0043", "area_ha": 4.23, "pair_id": "flood_2019_07_amur__blagoveshchensk", "layer": "flood", "aoi_name": "Благовещенск — слияние Амура и Зеи", "event_name": "Паводок в Приамурье, июль 2019", "date_peak": "2019-07-25"}, "geometry": {"type": "Polygon", "coordinates": [[[127.58703626009513, 50.29980478072304], [127.58606169243912, 50.29952310730565], [127.5856352629122, 50.29969780109887], [127.58565126158722, 50.29915835044246], [127.58607768619247, 50.29898365653372], [127.58595864860085, 50.2982626813036], [127.58638239909946, 50.29817789465574], [127.58667377985793, 50.297821674340646], [127.58655473578293, 50.297100699529175], [127.58627668394142, 50.29700737711255], [127.58655740028408, 50.29701079101416], [127.58656805815366, 50.296651156939106], [127.58684877243537, 50.29665457011977], [127.58673505637199, 50.295753778267276], [127.58701842889886, 50.29566728244709], [127.58717209916806, 50.29521944573595], [127.58677235161983, 50.29449505852947], [127.58705571655582, 50.29440856253674], [127.5870743593914, 50.293779202471214], [127.58680431686733, 50.2934161556629], [127.58708767529728, 50.293329659522236], [127.58681230787519, 50.29314642991248], [127.58710365393858, 50.29279020793394], [127.58683361663513, 50.292427161178644], [127.58711430609598, 50.29243057351172], [127.58723068556746, 50.293241456889106], [127.58738434556797, 50.29279361963277], [127.5876623752355, 50.292886939277494], [127.5874954055783, 50.29378431994393], [127.58805147792694, 50.29397095811421], [127.58801687869484, 50.295139770059194], [127.58829758425847, 50.29514317966778], [127.5882922621546, 50.29532299688922], [127.58730712629465, 50.295400968789465], [127.58741020116096, 50.296661394448186], [127.58697314746982, 50.29719572765702], [127.58710018874214, 50.29764697650958], [127.58681414044251, 50.29782338091665], [127.58678483466475, 50.2988123744697], [127.58733829917571, 50.29908892486557], [127.58733030945835, 50.29935865039995], [127.58703626009513, 50.29980478072304]], [[127.58682479668354, 50.29746374685232], [127.58696249244846, 50.29755536176099], [127.58696515622407, 50.29746545323725], [127.58682479668354, 50.29746374685232]], [[127.5874661181197, 50.294773314478135], [127.58760114514403, 50.29495483720244], [127.58774682146056, 50.29477672539866], [127.5874661181197, 50.294773314478135]], [[127.58762244337733, 50.29423556844903], [127.58790048186988, 50.2943288875761], [127.58790314357312, 50.29423897896586], [127.58762244337733, 50.29423556844903]]]}}, {"id": "43", "type": "Feature", "properties": {"contour_id": "flood_0044", "area_ha": 4.1, "pair_id": "flood_2019_07_amur__blagoveshchensk", "layer": "flood", "aoi_name": "Благовещенск — слияние Амура и Зеи", "event_name": "Паводок в Приамурье, июль 2019", "date_peak": "2019-07-25"}, "geometry": {"type": "Polygon", "coordinates": [[[127.82714620763177, 50.18555322339655], [127.82674810442471, 50.18464979274968], [127.82646802064123, 50.1846469634019], [127.82675691628687, 50.18429011760586], [127.82665212530954, 50.182850002295616], [127.82721667587283, 50.18267582162753], [127.82790805413661, 50.18304256441158], [127.8290371468284, 50.18269418806779], [127.82904813937942, 50.182244593614286], [127.82961487165575, 50.181980482255426], [127.82962366115841, 50.18162080657694], [127.8300481538895, 50.18144520087445], [127.83020356028238, 50.18081717861237], [127.83118597100697, 50.1807371273258], [127.83102618834474, 50.18154498894338], [127.8313062544458, 50.1815478071761], [127.83130186604528, 50.181727645128504], [127.83087518028476, 50.181993174376814], [127.83086859513573, 50.18226293124095], [127.83045068564351, 50.182168783072704], [127.83058413369106, 50.18243994980831], [127.83015304468853, 50.182885314158185], [127.83028868919564, 50.18306656228434], [127.8290305511642, 50.18296394472227], [127.82902395539982, 50.18323370136351], [127.82734350168448, 50.183216748416534], [127.82714620763177, 50.18555322339655]]]}}, {"id": "44", "type": "Feature", "properties": {"contour_id": "flood_0045", "area_ha": 4.01, "pair_id": "flood_2019_07_amur__blagoveshchensk", "layer": "flood", "aoi_name": "Благовещенск — слияние Амура и Зеи", "event_name": "Паводок в Приамурье, июль 2019", "date_peak": "2019-07-25"}, "geometry": {"type": "Polygon", "coordinates": [[[127.36308667664635, 50.29111028737419], [127.36337966695064, 50.29075464272034], [127.36552151122883, 50.28970547154943], [127.36697397480167, 50.28828680578078], [127.36825836390295, 50.28767524674719], [127.3685574428228, 50.287139789141776], [127.36883192522887, 50.28732352731888], [127.36884114647428, 50.28705382858105], [127.36955500971618, 50.286704074673715], [127.37082704376209, 50.28645208495172], [127.37080862397137, 50.28699148300238], [127.36996673626334, 50.28697967820695], [127.36994830640369, 50.287519075977706], [127.36952735800571, 50.28751317118202], [127.36951814048842, 50.287782869990494], [127.36867623935882, 50.287771055715446], [127.3686577943947, 50.28831045306614], [127.36781588431744, 50.28829863247106], [127.36779742928296, 50.28883802954154], [127.36737646970029, 50.28883211684578], [127.36735800934956, 50.28937151374847], [127.36566491350914, 50.289617545482244], [127.36563719297888, 50.29042664001564], [127.36521621983422, 50.290420719362764], [127.36520697699876, 50.29069041745658], [127.36436502637623, 50.29067857146639], [127.3643496134127, 50.29112806807085], [127.36308667664635, 50.29111028737419]]]}}, {"id": "45", "type": "Feature", "properties": {"contour_id": "flood_0046", "area_ha": 3.99, "pair_id": "flood_2019_07_amur__blagoveshchensk", "layer": "flood", "aoi_name": "Благовещенск — слияние Амура и Зеи", "event_name": "Паводок в Приамурье, июль 2019", "date_peak": "2019-07-25"}, "geometry": {"type": "Polygon", "coordinates": [[[127.68995347524842, 50.13632760051488], [127.6898258608266, 50.13587644774954], [127.68941355386622, 50.135601967050924], [127.68943811868014, 50.13470281828974], [127.68986760754167, 50.134347894587755], [127.68989461820905, 50.13335883054808], [127.69032163688553, 50.13309381989669], [127.69048115553707, 50.13237607798872], [127.69076091969333, 50.13237923280819], [127.69106766850729, 50.131393322114214], [127.69162963756503, 50.13130971314997], [127.69175970947052, 50.131670949304755], [127.6913253535109, 50.13220571044826], [127.69160511676814, 50.13220886322633], [127.69158304699043, 50.133018098167874], [127.69100143087981, 50.13382102639927], [127.69098180317872, 50.134540345979175], [127.69068730195569, 50.135076681156086], [127.69040752207943, 50.135073526036685], [127.69037315597491, 50.13633233466752], [127.68995347524842, 50.13632760051488]]]}}, {"id": "46", "type": "Feature", "properties": {"contour_id": "flood_0047", "area_ha": 3.87, "pair_id": "flood_2019_07_amur__blagoveshchensk", "layer": "flood", "aoi_name": "Благовещенск — слияние Амура и Зеи", "event_name": "Паводок в Приамурье, июль 2019", "date_peak": "2019-07-25"}, "geometry": {"type": "Polygon", "coordinates": [[[127.58437734995384, 50.181139249530354], [127.58426922590591, 50.18005862002818], [127.58399451234325, 50.179875385862346], [127.5840051453012, 50.1795157448975], [127.5837251183843, 50.17951233059514], [127.58375702226928, 50.178433407686285], [127.58333965080668, 50.178338374926334], [127.58280089373051, 50.17761226078583], [127.58280621429043, 50.17743244032873], [127.58322623628294, 50.1774375646985], [127.58323421465843, 50.17716783395287], [127.58295686151564, 50.177074507666795], [127.58310750643814, 50.176716574768825], [127.58338751693871, 50.17671999042264], [127.58337953955291, 50.176989721207065], [127.58421957610422, 50.17699996421726], [127.58419565740024, 50.1778091567816], [127.5850357086162, 50.177819394010804], [127.5850118030035, 50.178628586745496], [127.58543183588348, 50.178633703228606], [127.58553998363188, 50.17971433210205], [127.58525198768068, 50.1799806523526], [127.5845519133181, 50.17997212278818], [127.58437734995384, 50.181139249530354]]]}}, {"id": "47", "type": "Feature", "properties": {"contour_id": "flood_0048", "area_ha": 3.85, "pair_id": "flood_2019_07_amur__blagoveshchensk", "layer": "flood", "aoi_name": "Благовещенск — слияние Амура и Зеи", "event_name": "Паводок в Приамурье, июль 2019", "date_peak": "2019-07-25"}, "geometry": {"type": "Polygon", "coordinates": [[[127.53564760136413, 50.25392812740063], [127.53607104219303, 50.2538435209022], [127.53607930841045, 50.253573799310196], [127.53649999076679, 50.25357909841658], [127.53650825448517, 50.25330937676056], [127.53819097567339, 50.25333055776187], [127.53820748374692, 50.252791114006094], [127.53904883560104, 50.25280169517184], [127.53905708470307, 50.25253197317292], [127.53947775844507, 50.25253726142213], [127.53948600504846, 50.25226753935933], [127.54116869177707, 50.25228867693283], [127.54118516562244, 50.25174923236434], [127.54244716774508, 50.25176506925989], [127.54245539736058, 50.25149534680463], [127.54329672798849, 50.251505897023684], [127.54330495273268, 50.25123617445448], [127.54414627911466, 50.251246718484516], [127.54412983899365, 50.25178616380998], [127.54483095260424, 50.251794946017725], [127.54369820747132, 50.25214052257569], [127.54271938465571, 50.25203830918471], [127.54228225326098, 50.25257247751551], [127.54087451262568, 50.25273469273835], [127.53988469165022, 50.252992084974096], [127.53987919528782, 50.25317189969354], [127.53904333613, 50.252981509830235], [127.53875188318248, 50.25333761268313], [127.53804799717287, 50.25341870089044], [127.53775928636226, 50.25368489386813], [127.53564760136413, 50.25392812740063]]]}}, {"id": "48", "type": "Feature", "properties": {"contour_id": "flood_0049", "area_ha": 3.84, "pair_id": "flood_2019_07_amur__blagoveshchensk", "layer": "flood", "aoi_name": "Благовещенск — слияние Амура и Зеи", "event_name": "Паводок в Приамурье, июль 2019", "date_peak": "2019-07-25"}, "geometry": {"type": "Polygon", "coordinates": [[[127.38319324322329, 50.19488264332914], [127.38324790225393, 50.19326441330675], [127.38422818730356, 50.19327805441669], [127.38437733113494, 50.193010297271414], [127.38691926046926, 50.192416020107245], [127.38693137830616, 50.19205641266498], [127.38736663355138, 50.1916127370164], [127.38834386004196, 50.19171624498304], [127.38833477975282, 50.19198595077027], [127.38749455635339, 50.19197428881336], [127.38747638590335, 50.19251370012468], [127.3870562696816, 50.19250786675727], [127.38703809395044, 50.19304727790247], [127.38619785246276, 50.1930356063896], [127.38617966672089, 50.19357501725766], [127.38533941632708, 50.1935633394478], [127.38532122057394, 50.19410275003859], [127.3849010908549, 50.194096908744434], [127.38489199040627, 50.1943666139636], [127.38405172665337, 50.194354926707824], [127.38403351588221, 50.19489433688247], [127.38319324322329, 50.19488264332914]]]}}, {"id": "49", "type": "Feature", "properties": {"contour_id": "flood_0050", "area_ha": 3.84, "pair_id": "flood_2019_07_amur__blagoveshchensk", "layer": "flood", "aoi_name": "Благовещенск — слияние Амура и Зеи", "event_name": "Паводок в Приамурье, июль 2019", "date_peak": "2019-07-25"}, "geometry": {"type": "Polygon", "coordinates": [[[127.33647946643619, 50.37365933852935], [127.33592663187443, 50.37338160338454], [127.33593606783953, 50.373111913119345], [127.3352521172829, 50.37256247299277], [127.33539897415697, 50.37238469175806], [127.3345618869218, 50.37219282236962], [127.33374370239147, 50.37146156694561], [127.33346258040173, 50.371457538352765], [127.33345313096937, 50.371727228356214], [127.33275662458576, 50.37153736053652], [127.33140777924768, 50.369899060273134], [127.33142354652242, 50.369449577251984], [127.33087709922687, 50.36899202547233], [127.3321326253728, 50.369279866208515], [127.33254168362744, 50.3696455001136], [127.3325164725213, 50.37036467331376], [127.33307555298087, 50.37046263093636], [127.33320036009314, 50.37091412910895], [127.33418427596806, 50.37092822832116], [127.33417483080397, 50.371197918448196], [127.33501189899648, 50.371389790467106], [127.3349993114614, 50.371749377422574], [127.33542099738581, 50.371755414511185], [127.33583324741156, 50.37203114038692], [127.33582381122537, 50.372300830688424], [127.33652034140277, 50.37249068034157], [127.33664204221876, 50.37303207183013], [127.33621405518325, 50.373205832598494], [127.3366294662717, 50.373391658981106], [127.33647946643619, 50.37365933852935]]]}}, {"id": "50", "type": "Feature", "properties": {"contour_id": "flood_0051", "area_ha": 3.84, "pair_id": "flood_2019_07_amur__blagoveshchensk", "layer": "flood", "aoi_name": "Благовещенск — слияние Амура и Зеи", "event_name": "Паводок в Приамурье, июль 2019", "date_peak": "2019-07-25"}, "geometry": {"type": "Polygon", "coordinates": [[[127.59293798512289, 50.27586212287954], [127.59298304135407, 50.27433366810949], [127.59326627488383, 50.27424715558646], [127.59328482253028, 50.27361779164567], [127.5930042429426, 50.27361439512649], [127.59300954320535, 50.27343457686575], [127.59343041102284, 50.27343967135828], [127.59329807044612, 50.27316824592868], [127.59358129646206, 50.27308173255823], [127.59303869368979, 50.27244557632433], [127.5933192664129, 50.27244897270346], [127.5936183812593, 50.27182300417933], [127.59305989302096, 50.27172630308928], [127.59320812599924, 50.271458273816336], [127.59236112318456, 50.2716279002606], [127.59234256467067, 50.272257264168466], [127.59205668958221, 50.27243368366549], [127.59189518624667, 50.27315125683132], [127.59147697422416, 50.273056247723495], [127.59137383011856, 50.27179582020851], [127.59165705133233, 50.27170931146878], [127.59195883492959, 50.27099343816075], [127.59279522667777, 50.2711834511946], [127.59336695419483, 50.27083060759566], [127.5934886929411, 50.27146166973846], [127.59376396290511, 50.27164488336415], [127.59460037346483, 50.27183488354095], [127.59517209572006, 50.27148203105334], [127.59530444251673, 50.271753454475615], [127.59472477762952, 50.272376035229435], [127.59444420516587, 50.27237264224638], [127.59459772648607, 50.27192479275829], [127.59388570876557, 50.27227594506617], [127.59372953089057, 50.2728137026919], [127.59429068088339, 50.2728204914739], [127.59441508387134, 50.27336164339654], [127.59370304318115, 50.27371279430994], [127.59337477221771, 50.27532776313619], [127.59308358191772, 50.27568400316192], [127.5932185779129, 50.27586551966804], [127.59293798512289, 50.27586212287954]]]}}, {"id": "51", "type": "Feature", "properties": {"contour_id": "flood_0052", "area_ha": 3.58, "pair_id": "flood_2019_07_amur__blagoveshchensk", "layer": "flood", "aoi_name": "Благовещенск — слияние Амура и Зеи", "event_name": "Паводок в Приамурье, июль 2019", "date_peak": "2019-07-25"}, "geometry": {"type": "Polygon", "coordinates": [[[127.68074051375272, 50.20161124255832], [127.67990745193971, 50.20133195365051], [127.67992729255117, 50.20061264557974], [127.67965209210013, 50.20042963452555], [127.68021737203209, 50.200256174834614], [127.68217106241288, 50.200548180002734], [127.68537069386056, 50.20139390903705], [127.68522320004166, 50.20166206472188], [127.68074051375272, 50.20161124255832]]]}}, {"id": "52", "type": "Feature", "properties": {"contour_id": "flood_0053", "area_ha": 3.58, "pair_id": "flood_2019_07_amur__blagoveshchensk", "layer": "flood", "aoi_name": "Благовещенск — слияние Амура и Зеи", "event_name": "Паводок в Приамурье, июль 2019", "date_peak": "2019-07-25"}, "geometry": {"type": "Polygon", "coordinates": [[[127.73908514570921, 50.359024846438025], [127.73913040618082, 50.357316496414704], [127.73843483295107, 50.35703913539122], [127.73858967479467, 50.356501181054], [127.73846104858026, 50.35605009061392], [127.738182350511, 50.35595712777208], [127.73819188517818, 50.35559747511417], [127.73960680508866, 50.355253063610775], [127.73990454489801, 50.354626717152954], [127.73978305247503, 50.35390588822991], [127.74006650173044, 50.35381902068435], [127.73996653309736, 50.35759537629496], [127.73968544204351, 50.35759233018505], [127.7395139391925, 50.358759678132564], [127.73908514570921, 50.359024846438025]]]}}, {"id": "53", "type": "Feature", "properties": {"contour_id": "flood_0054", "area_ha": 3.57, "pair_id": "flood_2019_07_amur__blagoveshchensk", "layer": "flood", "aoi_name": "Благовещенск — слияние Амура и Зеи", "event_name": "Паводок в Приамурье, июль 2019", "date_peak": "2019-07-25"}, "geometry": {"type": "Polygon", "coordinates": [[[127.7715815956116, 50.36368972247754], [127.77102862394028, 50.36332412521465], [127.77104255727403, 50.36278464017504], [127.77048960018442, 50.362419040399644], [127.77063480745093, 50.36224069807575], [127.7703583325514, 50.362057897559964], [127.77023636132212, 50.36133709788432], [127.7696834271179, 50.360971494353514], [127.76983095718452, 50.360703238814054], [127.77095308585638, 50.36080504248505], [127.77053606185423, 50.36062075680975], [127.7705430306977, 50.360351014220356], [127.77096701880143, 50.3602655572258], [127.77099023943313, 50.359366415008985], [127.77168139816473, 50.359823411296276], [127.77166747353537, 50.36036289674119], [127.7720775395932, 50.36081692111854], [127.77206825922048, 50.361176578079316], [127.77234937489584, 50.361179546077075], [127.77233545716828, 50.361719031530484], [127.77261193780073, 50.36190182739694], [127.77204273722344, 50.36216563459971], [127.77191145843665, 50.36180449341727], [127.77135154136322, 50.36170864036841], [127.77120633842611, 50.36188698363464], [127.77119472926094, 50.36233655460202], [127.77146888764784, 50.36260926735128], [127.77131903900407, 50.36296743909142], [127.77172912371987, 50.36342146463662], [127.7715815956116, 50.36368972247754]]]}}, {"id": "54", "type": "Feature", "properties": {"contour_id": "flood_0055", "area_ha": 3.53, "pair_id": "flood_2019_07_amur__blagoveshchensk", "layer": "flood", "aoi_name": "Благовещенск — слияние Амура и Зеи", "event_name": "Паводок в Приамурье, июль 2019", "date_peak": "2019-07-25"}, "geometry": {"type": "Polygon", "coordinates": [[[127.57866329712442, 50.1801700380131], [127.57870865628114, 50.178641567350525], [127.5785899919276, 50.177920573502966], [127.5783153124656, 50.17773732612799], [127.57860600103716, 50.17738111312584], [127.57864068577315, 50.17621228212314], [127.5783660157763, 50.17602903489744], [127.57811269916859, 50.17512650641687], [127.57910336948068, 50.17477885962045], [127.57885537975437, 50.17369651223097], [127.57969535692278, 50.17370678747014], [127.57963137496604, 50.17586463104491], [127.57921136741693, 50.175859493793574], [127.57908334236721, 50.180175177564514], [127.57866329712442, 50.1801700380131]], [[127.57824736224693, 50.17530804048299], [127.57838469471419, 50.17539966430732], [127.57838736307987, 50.175309754217], [127.57824736224693, 50.17530804048299]]]}}, {"id": "55", "type": "Feature", "properties": {"contour_id": "flood_0056", "area_ha": 3.5, "pair_id": "flood_2019_07_amur__blagoveshchensk", "layer": "flood", "aoi_name": "Благовещенск — слияние Амура и Зеи", "event_name": "Паводок в Приамурье, июль 2019", "date_peak": "2019-07-25"}, "geometry": {"type": "Polygon", "coordinates": [[[127.49563584547998, 50.161315498144106], [127.49353652516652, 50.1612882839785], [127.492990842946, 50.16083148604562], [127.49299932436618, 50.16056176537789], [127.49271659189516, 50.16064803957927], [127.49247062376244, 50.159565523702724], [127.49303324875942, 50.15948288257055], [127.49470134580146, 50.1598642915517], [127.49510990496606, 50.160229361044934], [127.49635818667453, 50.16060530491594], [127.4963469032675, 50.16096493302184], [127.49578426617762, 50.161047590083115], [127.49563584547998, 50.161315498144106]], [[127.49383621361955, 50.160662566290945], [127.49398181696435, 50.16048456750769], [127.49371038978204, 50.16021121642918], [127.49356196024138, 50.16047912179541], [127.49383621361955, 50.160662566290945]]]}}, {"id": "56", "type": "Feature", "properties": {"contour_id": "flood_0057", "area_ha": 3.47, "pair_id": "flood_2019_07_amur__blagoveshchensk", "layer": "flood", "aoi_name": "Благовещенск — слияние Амура и Зеи", "event_name": "Паводок в Приамурье, июль 2019", "date_peak": "2019-07-25"}, "geometry": {"type": "Polygon", "coordinates": [[[127.70393599062855, 50.14709771606], [127.70381550912606, 50.146376832594086], [127.70410021631443, 50.1462001254664], [127.7041123658194, 50.145750549304545], [127.70342005032552, 50.14547299425642], [127.70342734370296, 50.14520324860236], [127.70314993496794, 50.14511020850797], [127.70329958021048, 50.1447521101499], [127.70232014842588, 50.144741169102815], [127.70275206646089, 50.144296283100985], [127.70359643315857, 50.144125827981796], [127.70539593725347, 50.144865442740056], [127.7055188663954, 50.145496409616115], [127.7047925462409, 50.14647767653767], [127.70492032810235, 50.146928813361306], [127.70393599062855, 50.14709771606]], [[127.70386897672572, 50.144398697487205], [127.70400646464765, 50.1444901743786], [127.70400889460183, 50.14440025912592], [127.70386897672572, 50.144398697487205]]]}}, {"id": "57", "type": "Feature", "properties": {"contour_id": "flood_0058", "area_ha": 3.42, "pair_id": "flood_2019_07_amur__blagoveshchensk", "layer": "flood", "aoi_name": "Благовещенск — слияние Амура и Зеи", "event_name": "Паводок в Приамурье, июль 2019", "date_peak": "2019-07-25"}, "geometry": {"type": "Polygon", "coordinates": [[[127.58071462160913, 50.15348209353983], [127.58073059296171, 50.15294263038445], [127.5798909792211, 50.15293236569924], [127.57990695952917, 50.15239290268494], [127.579067355714, 50.15238263212719], [127.57907535040614, 50.15211290069739], [127.57865555104061, 50.152107763191964], [127.57867154478079, 50.151568300389485], [127.57783195585378, 50.151558021023355], [127.57785329267142, 50.15083873746315], [127.5786795414688, 50.15129856896794], [127.57909933375448, 50.15130370632685], [127.57910732796122, 50.151033974842946], [127.57938718797918, 50.15103739887362], [127.58049065578794, 50.15159055153438], [127.58133290684557, 50.15151090111124], [127.58089980530156, 50.151955324590396], [127.58157818796148, 50.1526831573063], [127.58155424527529, 50.15349235235225], [127.58071462160913, 50.15348209353983]]]}}, {"id": "58", "type": "Feature", "properties": {"contour_id": "flood_0059", "area_ha": 3.35, "pair_id": "flood_2019_07_amur__blagoveshchensk", "layer": "flood", "aoi_name": "Благовещенск — слияние Амура и Зеи", "event_name": "Паводок в Приамурье, июль 2019", "date_peak": "2019-07-25"}, "geometry": {"type": "Polygon", "coordinates": [[[127.60287028438437, 50.310519237180095], [127.60218410767474, 50.3099713445225], [127.60233504880281, 50.309613396966334], [127.60150058418185, 50.30933353899541], [127.60093636432413, 50.30941669036368], [127.59942371052429, 50.308319187240784], [127.59817339913282, 50.3078544127215], [127.5983217199381, 50.307586379247404], [127.59804622758239, 50.30740317564666], [127.59887535330002, 50.307862875704345], [127.59972298013138, 50.30769320797871], [127.59971505802875, 50.307962934544854], [127.60027398331408, 50.30805960670831], [127.60040645655567, 50.30833102374099], [127.60068724125662, 50.308334404072866], [127.60055476640096, 50.308062987346986], [127.60097330277151, 50.308157965933006], [127.60110578027268, 50.30842938219957], [127.60194022679941, 50.30870924289654], [127.60193231695351, 50.30897896967054], [127.60276941308865, 50.30916891557752], [127.60289663382292, 50.309620147760945], [127.6034582190569, 50.30962689584373], [127.60400927335608, 50.309993277171515], [127.60400400770163, 50.310173095140954], [127.60358281383338, 50.31016803627071], [127.6034318802015, 50.31052598547693], [127.60287028438437, 50.310519237180095]], [[127.60165943974114, 50.3087058655725], [127.6017971963971, 50.308797463240076], [127.60179983326358, 50.30870755431927], [127.60165943974114, 50.3087058655725]], [[127.59831907661862, 50.30767628805211], [127.59845682384122, 50.30776788961599], [127.59845946690956, 50.30767798080742], [127.59831907661862, 50.30767628805211]]]}}, {"id": "59", "type": "Feature", "properties": {"contour_id": "flood_0060", "area_ha": 3.35, "pair_id": "flood_2019_07_amur__blagoveshchensk", "layer": "flood", "aoi_name": "Благовещенск — слияние Амура и Зеи", "event_name": "Паводок в Приамурье, июль 2019", "date_peak": "2019-07-25"}, "geometry": {"type": "Polygon", "coordinates": [[[127.72229177079205, 50.40848771597867], [127.72216074953457, 50.408126523368324], [127.7217386676475, 50.40812188605425], [127.72175802103148, 50.407402591781754], [127.72091387036185, 50.40739331279645], [127.72062038048729, 50.40783977717559], [127.71964279893308, 50.40755920626648], [127.71966945272538, 50.40657017732999], [127.72009152048838, 50.40657482204806], [127.72008425381478, 50.40684455727457], [127.72092839446249, 50.406853842206594], [127.72107876603688, 50.40649574199073], [127.72106908461349, 50.406855389099924], [127.72149115514037, 50.40686002875935], [127.72148389633838, 50.40712976411987], [127.7217701164969, 50.40695303281328], [127.72176285925453, 50.40722276819882], [127.72260700717372, 50.40723204100166], [127.72259975461027, 50.40750177646216], [127.7218987128528, 50.407404137683955], [127.72189387511276, 50.407583961270795], [127.72287872193131, 50.40759477789209], [127.72288838991174, 50.40723513057515], [127.72373736914412, 50.40706457148708], [127.72403806916002, 50.40634836327703], [127.72430013293355, 50.407070744471326], [127.72458392864874, 50.40698391804815], [127.72442633957644, 50.40761175859987], [127.72400667677437, 50.40751721767273], [127.72399943208312, 50.40778695326696], [127.72329113433972, 50.40795905838748], [127.72299766310337, 50.40840552886387], [127.72229177079205, 50.40848771597867]]]}}, {"id": "60", "type": "Feature", "properties": {"contour_id": "flood_0061", "area_ha": 3.34, "pair_id": "flood_2019_07_amur__blagoveshchensk", "layer": "flood", "aoi_name": "Благовещенск — слияние Амура и Зеи", "event_name": "Паводок в Приамурье, июль 2019", "date_peak": "2019-07-25"}, "geometry": {"type": "Polygon", "coordinates": [[[127.63627650861451, 50.19821961890317], [127.6358767951558, 50.197495389385445], [127.63644731741289, 50.19714231972462], [127.63728260679405, 50.197332005835236], [127.63841083020505, 50.1970754098262], [127.6388284775043, 50.19717024659443], [127.63868329478314, 50.19734842928919], [127.63994902472487, 50.19718337176819], [127.6399439150805, 50.19736319596302], [127.64092695124678, 50.19728475956639], [127.6413395010911, 50.19755941163254], [127.64132929206063, 50.19791906020016], [127.64062383156508, 50.19809069068918], [127.63852532335854, 50.197976171974204], [127.63627650861451, 50.19821961890317]]]}}, {"id": "61", "type": "Feature", "properties": {"contour_id": "flood_0062", "area_ha": 3.25, "pair_id": "flood_2019_07_amur__blagoveshchensk", "layer": "flood", "aoi_name": "Благовещенск — слияние Амура и Зеи", "event_name": "Паводок в Приамурье, июль 2019", "date_peak": "2019-07-25"}, "geometry": {"type": "Polygon", "coordinates": [[[127.76901087791342, 50.3597951731002], [127.76887497639852, 50.359613856876365], [127.76929663557982, 50.359618320095784], [127.7694488133107, 50.35917023661378], [127.76902948376485, 50.35907585980794], [127.76918398753327, 50.358537862459904], [127.768631093644, 50.358172254048114], [127.76863807267743, 50.35790251153737], [127.76807122606412, 50.358076385505306], [127.76792136680623, 50.35843455305899], [127.76847193147829, 50.3588900789638], [127.76846727801049, 50.35906990726385], [127.76790274463201, 50.35915386613158], [127.76802933073617, 50.35969483997713], [127.76747410388715, 50.35941914022376], [127.76693519093749, 50.35851403915176], [127.7669491682881, 50.35797455449273], [127.76808286297565, 50.35762681473379], [127.76809682687946, 50.35708732975928], [127.76892614598985, 50.357635745134274], [127.76962655772013, 50.35773309667411], [127.76988673708965, 50.35854529832842], [127.77058716424096, 50.35864264417904], [127.77099952735563, 50.359006758080945], [127.77056858221545, 50.35936195794557], [127.77001102045723, 50.35917618442184], [127.77013995426124, 50.35962724194945], [127.76901087791342, 50.3597951731002]], [[127.76762164138948, 50.35915088747264], [127.76790507244515, 50.35906395200268], [127.76791438357954, 50.358704295472286], [127.76736149764064, 50.358338681091276], [127.76721396127735, 50.358606933556814], [127.76762164138948, 50.35915088747264]]]}}, {"id": "62", "type": "Feature", "properties": {"contour_id": "flood_0063", "area_ha": 3.09, "pair_id": "flood_2019_07_amur__blagoveshchensk", "layer": "flood", "aoi_name": "Благовещенск — слияние Амура и Зеи", "event_name": "Паводок в Приамурье, июль 2019", "date_peak": "2019-07-25"}, "geometry": {"type": "Polygon", "coordinates": [[[127.30908791156615, 50.17862679401629], [127.30910378171951, 50.17817730126729], [127.30855334160523, 50.17789945133224], [127.30899870621545, 50.17718637882129], [127.30859144035456, 50.17682066883142], [127.30788832782724, 50.17690037110889], [127.30790103220944, 50.17654077702793], [127.31124803254514, 50.17694927476981], [127.31123852298657, 50.177218970779265], [127.31080904496389, 50.177482559013015], [127.3109300113991, 50.1780239869742], [127.3105068671095, 50.178107776704955], [127.31020785316257, 50.178643094869074], [127.30908791156615, 50.17862679401629]]]}}, {"id": "63", "type": "Feature", "properties": {"contour_id": "flood_0064", "area_ha": 3.07, "pair_id": "flood_2019_07_amur__blagoveshchensk", "layer": "flood", "aoi_name": "Благовещенск — слияние Амура и Зеи", "event_name": "Паводок в Приамурье, июль 2019", "date_peak": "2019-07-25"}, "geometry": {"type": "Polygon", "coordinates": [[[127.71849780624726, 50.439564581362674], [127.71840558340939, 50.43776480692131], [127.71798323864041, 50.43776015401839], [127.7179880963788, 50.43758033164375], [127.7191094916046, 50.43777255835387], [127.7188303555656, 50.437679547075575], [127.71941531651322, 50.43687654531019], [127.71913861170641, 50.43669362354449], [127.72055609268246, 50.436349467867714], [127.72053912517481, 50.43697884691821], [127.72095661704235, 50.43716331309523], [127.72094692415237, 50.43752295828148], [127.72009981333821, 50.437603580685355], [127.72008283902512, 50.43823295948741], [127.71979157086062, 50.43858950671779], [127.7187963725769, 50.4389383039664], [127.71878180769828, 50.43947777111642], [127.71849780624726, 50.439564581362674]], [[127.72039834578659, 50.43697729871931], [127.72053670119583, 50.437068758205214], [127.72053912517481, 50.43697884691821], [127.72039834578659, 50.43697729871931]]]}}, {"id": "64", "type": "Feature", "properties": {"contour_id": "flood_0065", "area_ha": 3.01, "pair_id": "flood_2019_07_amur__blagoveshchensk", "layer": "flood", "aoi_name": "Благовещенск — слияние Амура и Зеи", "event_name": "Паводок в Приамурье, июль 2019", "date_peak": "2019-07-25"}, "geometry": {"type": "Polygon", "coordinates": [[[127.67918378534154, 50.18693304005022], [127.678508396618, 50.18602593893457], [127.67852328484379, 50.1854864567656], [127.67783303322896, 50.18511883395589], [127.67798299780894, 50.184760773141434], [127.67923834715127, 50.18495493827411], [127.67922842727427, 50.18531459319609], [127.68062383303523, 50.1855103357559], [127.68047884106693, 50.18568857254147], [127.68144919798478, 50.18605935952444], [127.68101669961419, 50.18650415859851], [127.67918378534154, 50.18693304005022]]]}}, {"id": "65", "type": "Feature", "properties": {"contour_id": "flood_0066", "area_ha": 3.01, "pair_id": "flood_2019_07_amur__blagoveshchensk", "layer": "flood", "aoi_name": "Благовещенск — слияние Амура и Зеи", "event_name": "Паводок в Приамурье, июль 2019", "date_peak": "2019-07-25"}, "geometry": {"type": "Polygon", "coordinates": [[[127.59654354516165, 50.186593503851405], [127.59642195914249, 50.18596243739329], [127.59614452906628, 50.18586914209415], [127.59632936781895, 50.184342353756904], [127.5960519472498, 50.18424905829173], [127.59607039923043, 50.1836196838002], [127.59664894808822, 50.182997077897376], [127.59665948720698, 50.18263743516994], [127.59638471104631, 50.182454229867936], [127.59658270039, 50.18047788653891], [127.59632111255313, 50.17984512753795], [127.5971612038504, 50.17985527738038], [127.59713750134564, 50.180664474046715], [127.59671744854556, 50.18065939973996], [127.59668583407021, 50.18173832824634], [127.597525958702, 50.181748475727346], [127.59748646154803, 50.183097136538976], [127.59664631327519, 50.18308698857548], [127.59658307376047, 50.18524484439997], [127.5970031667516, 50.185249919527095], [127.59696364997563, 50.18659857921985], [127.59654354516165, 50.186593503851405]]]}}, {"id": "66", "type": "Feature", "properties": {"contour_id": "flood_0067", "area_ha": 2.97, "pair_id": "flood_2019_07_amur__blagoveshchensk", "layer": "flood", "aoi_name": "Благовещенск — слияние Амура и Зеи", "event_name": "Паводок в Приамурье, июль 2019", "date_peak": "2019-07-25"}, "geometry": {"type": "Polygon", "coordinates": [[[127.38677115673188, 50.28820352013245], [127.386777236843, 50.28802371940671], [127.38719819333643, 50.28802956178272], [127.3872073110102, 50.28775986062704], [127.385944449078, 50.28774232909434], [127.3859718226619, 50.286933226044994], [127.38653308496875, 50.28694101930796], [127.38638364735694, 50.287208772332036], [127.38792712851928, 50.28723019190353], [127.39232239136442, 50.2859419364772], [127.39231330318614, 50.28621163839527], [127.39189236167098, 50.28620581469316], [127.39159051853972, 50.28683123558499], [127.39017219535509, 50.28726131107303], [127.38890934477503, 50.287243811873445], [127.38890023688755, 50.28751351327891], [127.38805833243913, 50.28750183941584], [127.38804618203426, 50.287861441120256], [127.38677115673188, 50.28820352013245]]]}}, {"id": "67", "type": "Feature", "properties": {"contour_id": "flood_0068", "area_ha": 2.97, "pair_id": "flood_2019_07_amur__blagoveshchensk", "layer": "flood", "aoi_name": "Благовещенск — слияние Амура и Зеи", "event_name": "Паводок в Приамурье, июль 2019", "date_peak": "2019-07-25"}, "geometry": {"type": "Polygon", "coordinates": [[[127.49990109979352, 50.2531123814526], [127.49991804004287, 50.252572947006946], [127.49907670709123, 50.25256208261137], [127.4990851817688, 50.252292365471455], [127.50287961594013, 50.25207148922095], [127.50287116274853, 50.252341206839134], [127.50455382430512, 50.252362874538], [127.50453693652102, 50.25290231014576], [127.49990109979352, 50.2531123814526]]]}}, {"id": "68", "type": "Feature", "properties": {"contour_id": "flood_0069", "area_ha": 2.93, "pair_id": "flood_2019_07_amur__blagoveshchensk", "layer": "flood", "aoi_name": "Благовещенск — слияние Амура и Зеи", "event_name": "Паводок в Приамурье, июль 2019", "date_peak": "2019-07-25"}, "geometry": {"type": "Polygon", "coordinates": [[[127.59145325009045, 50.307143592713], [127.589641501424, 50.30667192145993], [127.58952771252216, 50.305771133210904], [127.58897149757831, 50.30558450127033], [127.58884441894153, 50.305133254738024], [127.58968671254827, 50.30514347699851], [127.58983241303375, 50.3049653630807], [127.58982443575782, 50.30523508863062], [127.59066141644075, 50.305425120896736], [127.58994886502177, 50.30577624267526], [127.58979518470734, 50.30622408219809], [127.59007329698768, 50.30631739656124], [127.59006532069179, 50.306587122076046], [127.59062686712326, 50.30659393183925], [127.59064547088505, 50.30596457213248], [127.59134473865242, 50.306062988895526], [127.5916334762339, 50.30579666528089], [127.59150105988859, 50.305525238611864], [127.5909368687868, 50.30560834172733], [127.5909448398765, 50.30533861606582], [127.5917844824415, 50.305438731727286], [127.59190893447993, 50.30597988384571], [127.59373393937635, 50.306001976531135], [127.59357498942576, 50.30662963861027], [127.59288366887826, 50.30626150932247], [127.59203073414554, 50.30661094438439], [127.59132880046593, 50.306602440230186], [127.59145325009045, 50.307143592713]], [[127.59147449942861, 50.30642432428361], [127.59161222976641, 50.30651593383746], [127.59161488562201, 50.30642602527313], [127.59147449942861, 50.30642432428361]]]}}, {"id": "69", "type": "Feature", "properties": {"contour_id": "flood_0070", "area_ha": 2.87, "pair_id": "flood_2019_07_amur__blagoveshchensk", "layer": "flood", "aoi_name": "Благовещенск — слияние Амура и Зеи", "event_name": "Паводок в Приамурье, июль 2019", "date_peak": "2019-07-25"}, "geometry": {"type": "Polygon", "coordinates": [[[127.41325454571411, 50.251691638780514], [127.41131846206389, 50.250855697503795], [127.41175703022449, 50.25032203569466], [127.41121114124283, 50.24986485810733], [127.41122011105581, 50.24959515200901], [127.41192712643004, 50.24942493152669], [127.41219558848663, 50.24978837208987], [127.41275642155748, 50.24979603466344], [127.41231488150491, 50.250419602513844], [127.41302190540164, 50.25024937547154], [127.41413164499276, 50.25062429863506], [127.41409881407168, 50.251613222146474], [127.41325454571411, 50.251691638780514]]]}}, {"id": "70", "type": "Feature", "properties": {"contour_id": "flood_0071", "area_ha": 2.86, "pair_id": "flood_2019_07_amur__blagoveshchensk", "layer": "flood", "aoi_name": "Благовещенск — слияние Амура и Зеи", "event_name": "Паводок в Приамурье, июль 2019", "date_peak": "2019-07-25"}, "geometry": {"type": "Polygon", "coordinates": [[[127.70591945191977, 50.33266801604368], [127.70536490246144, 50.33239202367839], [127.70537712047009, 50.33194246177271], [127.70637504655771, 50.3314139318389], [127.7060989979894, 50.33123098087503], [127.70610876647744, 50.330871331177036], [127.70582783681957, 50.3308682044342], [127.70583760722877, 50.33050855475216], [127.70639946235521, 50.33051480747991], [127.70666818489826, 50.330967495073615], [127.70793481046171, 50.330891638465765], [127.70804113682335, 50.33215197418792], [127.70591945191977, 50.33266801604368]]]}}, {"id": "71", "type": "Feature", "properties": {"contour_id": "flood_0072", "area_ha": 2.85, "pair_id": "flood_2019_07_amur__blagoveshchensk", "layer": "flood", "aoi_name": "Благовещенск — слияние Амура и Зеи", "event_name": "Паводок в Приамурье, июль 2019", "date_peak": "2019-07-25"}, "geometry": {"type": "Polygon", "coordinates": [[[127.71350159110038, 50.16618187273147], [127.71267377720203, 50.16572298994456], [127.71155876802882, 50.16553074143153], [127.7112884805156, 50.16516797449074], [127.71242280778344, 50.16464090369244], [127.7145128225637, 50.1650238240007], [127.71492552484705, 50.165298217272344], [127.7154878530861, 50.165214496063605], [127.71505103808691, 50.165839257946985], [127.71350159110038, 50.16618187273147]]]}}, {"id": "72", "type": "Feature", "properties": {"contour_id": "flood_0073", "area_ha": 2.84, "pair_id": "flood_2019_07_amur__blagoveshchensk", "layer": "flood", "aoi_name": "Благовещенск — слияние Амура и Зеи", "event_name": "Паводок в Приамурье, июль 2019", "date_peak": "2019-07-25"}, "geometry": {"type": "Polygon", "coordinates": [[[127.82722459048387, 50.188072362794266], [127.82723119751466, 50.18780260655242], [127.82695109524387, 50.187799778241136], [127.82696431215857, 50.187260265771506], [127.82739547069642, 50.1868149140722], [127.82741748955269, 50.18591572629725], [127.82811771788236, 50.1859227928069], [127.82810451458725, 50.18646230562393], [127.82894479841241, 50.18647078002649], [127.82910903125254, 50.18548308461977], [127.8290914419338, 50.18620243534021], [127.82964283754258, 50.186567756233636], [127.83003222267405, 50.187830852528165], [127.82722459048387, 50.188072362794266]], [[127.82765135100448, 50.18780684775332], [127.82849165828503, 50.187815325597356], [127.82849825811847, 50.187545569221314], [127.82891840954348, 50.18754980582417], [127.82893820134548, 50.186740536495755], [127.82809791278929, 50.186732062012595], [127.82809131089105, 50.187001818388026], [127.8276711643978, 50.186997578827345], [127.82766456003368, 50.18726733514923], [127.82808470889253, 50.187271574750234], [127.82807810679371, 50.187541331099204], [127.82765795556924, 50.18753709145789], [127.82765135100448, 50.18780684775332]]]}}, {"id": "73", "type": "Feature", "properties": {"contour_id": "flood_0074", "area_ha": 2.83, "pair_id": "flood_2019_07_amur__blagoveshchensk", "layer": "flood", "aoi_name": "Благовещенск — слияние Амура и Зеи", "event_name": "Паводок в Приамурье, июль 2019", "date_peak": "2019-07-25"}, "geometry": {"type": "Polygon", "coordinates": [[[127.54401950497659, 50.223183196974055], [127.54248345969243, 50.222984051849295], [127.5418019606296, 50.22234590375231], [127.54138155204602, 50.22234062620285], [127.5413925214144, 50.221980994599335], [127.54195580326282, 50.22189812297784], [127.54182389282637, 50.2216266403873], [127.54154362463524, 50.22162312227918], [127.54184308276942, 50.220997284863714], [127.542268960769, 50.220822744730754], [127.54351371800753, 50.22137801085657], [127.54335441446534, 50.22200560984164], [127.54363468512325, 50.22200912360155], [127.54360730340497, 50.222908203456946], [127.54403045483775, 50.222823565001256], [127.54401950497659, 50.223183196974055]]]}}, {"id": "74", "type": "Feature", "properties": {"contour_id": "flood_0075", "area_ha": 2.83, "pair_id": "flood_2019_07_amur__blagoveshchensk", "layer": "flood", "aoi_name": "Благовещенск — слияние Амура и Зеи", "event_name": "Паводок в Приамурье, июль 2019", "date_peak": "2019-07-25"}, "geometry": {"type": "Polygon", "coordinates": [[[127.73130634981813, 50.39239746660197], [127.73131354909816, 50.3921277295255], [127.73033862580569, 50.3917573373564], [127.73019317616736, 50.39193562665612], [127.72963299316682, 50.39183957119748], [127.72838401471184, 50.391196353325086], [127.72825780309432, 50.390655341982715], [127.72729015563664, 50.39001518775941], [127.72729737709274, 50.38974545099175], [127.7277144840404, 50.38992989147232], [127.72731422672892, 50.38911606514867], [127.72773373453448, 50.38921059326651], [127.72772410938525, 50.38957024238126], [127.72827464056076, 50.39002595600407], [127.72826742457704, 50.390295692860946], [127.72896342034223, 50.390573116354325], [127.72895861221039, 50.39075294095808], [127.73008375607313, 50.39076523083584], [127.73036264073505, 50.390858213953685], [127.730214792271, 50.39112641567085], [127.73077736879765, 50.39113255592765], [127.73106585749717, 50.39086588792659], [127.73105625698874, 50.391225537402896], [127.73189292816195, 50.3915044778565], [127.7314685928692, 50.3915897893161], [127.73130634981813, 50.39239746660197]]]}}, {"id": "75", "type": "Feature", "properties": {"contour_id": "flood_0076", "area_ha": 2.81, "pair_id": "flood_2019_07_amur__blagoveshchensk", "layer": "flood", "aoi_name": "Благовещенск — слияние Амура и Зеи", "event_name": "Паводок в Приамурье, июль 2019", "date_peak": "2019-07-25"}, "geometry": {"type": "Polygon", "coordinates": [[[127.47298516246968, 50.265713474349106], [127.4730024143068, 50.26517404778237], [127.47384395928975, 50.26518510292303], [127.47385258026233, 50.26491538951399], [127.47427335057586, 50.264920914747584], [127.47428196904274, 50.26465120127232], [127.47512350531382, 50.264662247066134], [127.47514073235625, 50.26412281986443], [127.47598225965315, 50.2641338593572], [127.47599086822892, 50.263864145630826], [127.47641162969929, 50.26386966304062], [127.47642884170918, 50.26333023544193], [127.47727035554477, 50.26334126548352], [127.4772875575337, 50.26280183762031], [127.47812906239501, 50.26281286136141], [127.47813765844467, 50.262543147304434], [127.47939990959401, 50.26255967133897], [127.4794170870555, 50.26202024286963], [127.48025857897775, 50.262031251069956], [127.48026716276415, 50.26176153671008], [127.48138914647473, 50.26177620469692], [127.47954015979427, 50.26256150649689], [127.4792482064217, 50.26291745493778], [127.47740487431665, 50.26352291251889], [127.47682665543054, 50.26405498815013], [127.47626563788064, 50.264047633248985], [127.47582765583093, 50.26458154268247], [127.47469699306582, 50.264836533950664], [127.47298516246968, 50.265713474349106]]]}}, {"id": "76", "type": "Feature", "properties": {"contour_id": "flood_0077", "area_ha": 2.78, "pair_id": "flood_2019_07_amur__blagoveshchensk", "layer": "flood", "aoi_name": "Благовещенск — слияние Амура и Зеи", "event_name": "Паводок в Приамурье, июль 2019", "date_peak": "2019-07-25"}, "geometry": {"type": "Polygon", "coordinates": [[[127.36139683853898, 50.438231053473885], [127.36145271429633, 50.43661290904717], [127.36187498180921, 50.4366188557313], [127.36190911679867, 50.43562998924014], [127.36275673615943, 50.435551980597175], [127.36277844613497, 50.43492270154931], [127.36361055257733, 50.43529417166576], [127.3637699017684, 50.43475676908866], [127.36372650758749, 50.43601532776821], [127.36329804403404, 50.43618918188865], [127.36314178519972, 50.43663668659293], [127.3624193918835, 50.43716616405579], [127.36226001870568, 50.4377035643431], [127.36197850052723, 50.437699600927424], [127.36139683853898, 50.438231053473885]], [[127.36169698241184, 50.43769563683092], [127.3618346379968, 50.43778751589037], [127.36183774146164, 50.43769761896427], [127.36169698241184, 50.43769563683092]]]}}, {"id": "77", "type": "Feature", "properties": {"contour_id": "flood_0078", "area_ha": 2.77, "pair_id": "flood_2019_07_amur__blagoveshchensk", "layer": "flood", "aoi_name": "Благовещенск — слияние Амура и Зеи", "event_name": "Паводок в Приамурье, июль 2019", "date_peak": "2019-07-25"}, "geometry": {"type": "Polygon", "coordinates": [[[127.3158300352191, 50.29349316213479], [127.31583955809043, 50.29322347091277], [127.31499758381753, 50.29321126694835], [127.3150261658279, 50.29240219354725], [127.31418420640038, 50.29238998383555], [127.31421280137117, 50.291580910657885], [127.31337085678862, 50.29156869519926], [127.31338992888699, 50.29102931324377], [127.31254799439434, 50.29101709192227], [127.31257661571757, 50.29020801923363], [127.31173469606924, 50.29019579216584], [127.31176333034932, 50.28938671970109], [127.31092142554486, 50.289374486887354], [127.31093097476867, 50.28910479615434], [127.31051002496145, 50.28909867752009], [127.31052912772739, 50.2885592961288], [127.31191955392129, 50.28893927312178], [127.31204396541321, 50.28939079595124], [127.31232460054164, 50.28939487152416], [127.31231505909635, 50.28966456243721], [127.31259569587404, 50.2896686373717], [127.31272011551768, 50.2901201595061], [127.31299757575947, 50.29021413048184], [127.31311882140808, 50.29075554918737], [127.31531634456111, 50.292136570896375], [127.31558112310327, 50.29259012412015], [127.31542492096703, 50.293037575575504], [127.31598306118633, 50.29313560723065], [127.31611386880212, 50.293407331721646], [127.3158300352191, 50.29349316213479]]]}}, {"id": "78", "type": "Feature", "properties": {"contour_id": "flood_0079", "area_ha": 2.64, "pair_id": "flood_2019_07_amur__blagoveshchensk", "layer": "flood", "aoi_name": "Благовещенск — слияние Амура и Зеи", "event_name": "Паводок в Приамурье, июль 2019", "date_peak": "2019-07-25"}, "geometry": {"type": "Polygon", "coordinates": [[[127.73553476062347, 50.423831967863244], [127.73568268436277, 50.42356376139753], [127.73540838747566, 50.42329096600453], [127.7354227551191, 50.422751493863416], [127.73571141325779, 50.42248481699874], [127.7351604395259, 50.42202913773431], [127.73504365577344, 50.42112848722375], [127.73588805517639, 50.42113766548539], [127.73587369364105, 50.42167713787374], [127.73615516340172, 50.42168019599106], [127.73628871976517, 50.42195146101232], [127.7361408046241, 50.4222196683844], [127.73670375068292, 50.42222578269326], [127.73643663321103, 50.42168325342763], [127.73742655929506, 50.421514124864416], [127.73684687905644, 50.42213739875886], [127.73697326579233, 50.4226783992592], [127.7373954795319, 50.42268298225543], [127.73724756826283, 50.42295119103116], [127.73654387482358, 50.422943550929375], [127.73652234215098, 50.423752759443985], [127.73553476062347, 50.423831967863244]]]}}, {"id": "79", "type": "Feature", "properties": {"contour_id": "flood_0080", "area_ha": 2.58, "pair_id": "flood_2019_07_amur__blagoveshchensk", "layer": "flood", "aoi_name": "Благовещенск — слияние Амура и Зеи", "event_name": "Паводок в Приамурье, июль 2019", "date_peak": "2019-07-25"}, "geometry": {"type": "Polygon", "coordinates": [[[127.37082704376209, 50.28645208495172], [127.3711168780538, 50.28618631937078], [127.37098577449554, 50.2859146536443], [127.3719740908466, 50.28574861701268], [127.37255373480562, 50.28521707909497], [127.3731211041259, 50.28504513734251], [127.37298999208437, 50.28477347374555], [127.37426502038673, 50.28443154580738], [127.37427114680044, 50.28425174607519], [127.37540890730307, 50.28381794266537], [127.37727568655777, 50.2825848252396], [127.37725122725347, 50.28330402540949], [127.37683031450773, 50.28329814741284], [127.37682113963616, 50.28356784739532], [127.37597930981013, 50.28355608671947], [127.37596095014155, 50.284095486419226], [127.37511911136735, 50.28408371942522], [127.37510074163318, 50.28462311884582], [127.37425889391085, 50.28461134553343], [127.37424970408055, 50.28488104511101], [127.37382877805229, 50.284875156113365], [127.37381039321858, 50.285414555115025], [127.37296853207417, 50.285402772324616], [127.37295933469375, 50.28567247169264], [127.372108267081, 50.28593038193747], [127.37209906466678, 50.2862000811657], [127.37167812745359, 50.28619418426939], [127.37166892252237, 50.28646388342768], [127.37082704376209, 50.28645208495172]]]}}, {"id": "80", "type": "Feature", "properties": {"contour_id": "flood_0081", "area_ha": 2.53, "pair_id": "flood_2019_07_amur__blagoveshchensk", "layer": "flood", "aoi_name": "Благовещенск — слияние Амура и Зеи", "event_name": "Паводок в Приамурье, июль 2019", "date_peak": "2019-07-25"}, "geometry": {"type": "Polygon", "coordinates": [[[127.72028369891622, 50.42033749517782], [127.71987362779659, 50.41988329261394], [127.71931071317907, 50.41987709708641], [127.7197450191141, 50.419432186343506], [127.71946841344302, 50.4192492655807], [127.72005555413928, 50.41835634476313], [127.72023504506431, 50.4169193077362], [127.7208027683248, 50.416745675311226], [127.72107694355745, 50.417018504524776], [127.72192126532343, 50.417027783599735], [127.72190674725529, 50.417567253450045], [127.72134870117425, 50.41738124472465], [127.72090474270428, 50.41818580824482], [127.72047530419498, 50.418450900434856], [127.7205942280626, 50.41926165227628], [127.72029096793688, 50.42006776055923], [127.72056515903559, 50.42034059094864], [127.72028369891622, 50.42033749517782]]]}}, {"id": "81", "type": "Feature", "properties": {"contour_id": "flood_0082", "area_ha": 2.48, "pair_id": "flood_2019_07_amur__blagoveshchensk", "layer": "flood", "aoi_name": "Благовещенск — слияние Амура и Зеи", "event_name": "Паводок в Приамурье, июль 2019", "date_peak": "2019-07-25"}, "geometry": {"type": "Polygon", "coordinates": [[[127.69238577295562, 50.13950300561113], [127.69128126996208, 50.13895090737805], [127.6914530601392, 50.13778359037963], [127.69201265178334, 50.137789895152984], [127.69199794038417, 50.13832938469392], [127.69283733765684, 50.13833883697917], [127.69302378695777, 50.13663202737641], [127.69301888719875, 50.1368118573379], [127.6934361235627, 50.136906495439526], [127.69342632699106, 50.13726615539856], [127.6938435681215, 50.13736079206623], [127.69383132599704, 50.13781036704896], [127.6931024375807, 50.13888147612003], [127.69282018480051, 50.138968241585594], [127.69280793238839, 50.139417816259865], [127.69238577295562, 50.13950300561113]], [[127.69156843092289, 50.13868431588099], [127.69170587893137, 50.138775807110875], [127.69170833144841, 50.13868589220852], [127.69156843092289, 50.13868431588099]]]}}, {"id": "82", "type": "Feature", "properties": {"contour_id": "flood_0083", "area_ha": 2.42, "pair_id": "flood_2019_07_amur__blagoveshchensk", "layer": "flood", "aoi_name": "Благовещенск — слияние Амура и Зеи", "event_name": "Паводок в Приамурье, июль 2019", "date_peak": "2019-07-25"}, "geometry": {"type": "Polygon", "coordinates": [[[127.33334475131593, 50.34672180269051], [127.33336363451033, 50.34618242036821], [127.3328079856158, 50.34599456950855], [127.3328142819421, 50.34581477543376], [127.33238023042985, 50.346168319202626], [127.33154361442982, 50.345976431919404], [127.33156566798567, 50.345347153033444], [127.3321276031558, 50.34535521570159], [127.33172820267171, 50.344719889948706], [127.33202491407333, 50.34427443607861], [127.33341398688394, 50.34474406723755], [127.33337937006638, 50.345732935057256], [127.3336603401548, 50.34573696237097], [127.33378194727749, 50.34627835825688], [127.33420969846993, 50.34610460336781], [127.33418767926186, 50.346733883017514], [127.33334475131593, 50.34672180269051]]]}}, {"id": "83", "type": "Feature", "properties": {"contour_id": "flood_0084", "area_ha": 2.4, "pair_id": "flood_2019_07_amur__blagoveshchensk", "layer": "flood", "aoi_name": "Благовещенск — слияние Амура и Зеи", "event_name": "Паводок в Приамурье, июль 2019", "date_peak": "2019-07-25"}, "geometry": {"type": "Polygon", "coordinates": [[[127.50562571660471, 50.164232726836524], [127.50577409111787, 50.16396480571832], [127.50368587463814, 50.16357814462743], [127.50341437446848, 50.163304815718476], [127.50384829301085, 50.16286068954411], [127.5038735554288, 50.16205152376022], [127.50414505129577, 50.16232485161261], [127.50498760608015, 50.16224575794079], [127.50553622351154, 50.16261259318473], [127.50637317681975, 50.16271330426726], [127.50608204651496, 50.163069333281236], [127.50565936120192, 50.163153838478976], [127.50565095024415, 50.16342356058881], [127.50551659650426, 50.16324194477676], [127.50509110399341, 50.163416355236826], [127.50508549451843, 50.16359616992347], [127.50605962342054, 50.16378859235957], [127.50590564453772, 50.16423632860366], [127.50562571660471, 50.164232726836524]]]}}, {"id": "84", "type": "Feature", "properties": {"contour_id": "flood_0085", "area_ha": 2.37, "pair_id": "flood_2019_07_amur__blagoveshchensk", "layer": "flood", "aoi_name": "Благовещенск — слияние Амура и Зеи", "event_name": "Паводок в Приамурье, июль 2019", "date_peak": "2019-07-25"}, "geometry": {"type": "Polygon", "coordinates": [[[127.58070315101351, 50.16805271108437], [127.58074309942155, 50.16670405650227], [127.5799032446129, 50.16669378987385], [127.57994321360692, 50.16534513544171], [127.57911138106053, 50.16506513240154], [127.57916469901201, 50.16326692652695], [127.57998317956685, 50.16399648067143], [127.579837882541, 50.16417458978395], [127.58009117808568, 50.16507711594339], [127.58036579284577, 50.16526035894692], [127.58074576254093, 50.16661414618478], [127.5812817058549, 50.16743018020787], [127.58140305007507, 50.168061262377165], [127.58070315101351, 50.16805271108437]]]}}, {"id": "85", "type": "Feature", "properties": {"contour_id": "flood_0086", "area_ha": 2.32, "pair_id": "flood_2019_07_amur__blagoveshchensk", "layer": "flood", "aoi_name": "Благовещенск — слияние Амура и Зеи", "event_name": "Паводок в Приамурье, июль 2019", "date_peak": "2019-07-25"}, "geometry": {"type": "Polygon", "coordinates": [[[127.79691007077676, 50.451823828085956], [127.79875676842848, 50.451213346008], [127.79905207839262, 50.45067677078517], [127.7980754219482, 50.45030693785641], [127.79807997828046, 50.45012711041585], [127.7983593457511, 50.4502199329612], [127.79864782267346, 50.44995309988114], [127.79836845618878, 50.44986027803134], [127.7986546538143, 50.449683358645004], [127.79866376183993, 50.449323703642875], [127.79894767867238, 50.44923669724847], [127.79879547506977, 50.449684812433176], [127.79907256513366, 50.44986754701834], [127.79935420879268, 50.449870453420566], [127.79907939383894, 50.449597805736246], [127.79977894928088, 50.44978489796384], [127.79990384812987, 50.45041574687115], [127.79946544878317, 50.451040785282146], [127.79973572395748, 50.45149325957587], [127.79945179495897, 50.45158026777489], [127.79944496789061, 50.45185000900139], [127.79691007077676, 50.451823828085956]], [[127.79945862192315, 50.45131052653513], [127.79959717267353, 50.451401893136804], [127.7995994480499, 50.45131197938415], [127.79945862192315, 50.45131052653513]]]}}, {"id": "86", "type": "Feature", "properties": {"contour_id": "flood_0087", "area_ha": 2.31, "pair_id": "flood_2019_07_amur__blagoveshchensk", "layer": "flood", "aoi_name": "Благовещенск — слияние Амура и Зеи", "event_name": "Паводок в Приамурье, июль 2019", "date_peak": "2019-07-25"}, "geometry": {"type": "Polygon", "coordinates": [[[127.73513351379799, 50.428324506568515], [127.7351622600254, 50.427245563285794], [127.7360067682438, 50.42725474148653], [127.73604746189314, 50.42572623764251], [127.73688715926959, 50.425915233282325], [127.7370422573425, 50.42537728905944], [127.7373237491617, 50.42538034451108], [127.73728070568806, 50.42699876122525], [127.73685845359311, 50.426994177530524], [127.73684410009812, 50.42753364957472], [127.73600198052443, 50.427434565440066], [127.73597804119723, 50.42833368511892], [127.73513351379799, 50.428324506568515]]]}}, {"id": "87", "type": "Feature", "properties": {"contour_id": "flood_0088", "area_ha": 2.26, "pair_id": "flood_2019_07_amur__blagoveshchensk", "layer": "flood", "aoi_name": "Благовещенск — слияние Амура и Зеи", "event_name": "Паводок в Приамурье, июль 2019", "date_peak": "2019-07-25"}, "geometry": {"type": "Polygon", "coordinates": [[[127.58712786272301, 50.30619169276501], [127.58684975708015, 50.30609837140714], [127.58672269730211, 50.305647122751225], [127.58688173372931, 50.30501947066938], [127.58730287911119, 50.30502458966328], [127.58730820677648, 50.30484477282017], [127.58674401685977, 50.304927855600006], [127.586749346614, 50.30474803879719], [127.58717048957487, 50.304753158250755], [127.58718380975654, 50.304303616136245], [127.58676533555222, 50.30420858835272], [127.58661429588321, 50.30456651517576], [127.58619582055925, 50.30447148533619], [127.58635485966934, 50.30384383387681], [127.58593372488635, 50.3038387115355], [127.58594972253454, 50.303299261195924], [127.58539088331254, 50.30320252079171], [127.58526651199804, 50.30266136212575], [127.58596038736282, 50.30293962760617], [127.58595505497573, 50.30311944440405], [127.58637618341136, 50.30312456661536], [127.58663561625893, 50.30384724792374], [127.58705941543741, 50.30376245929378], [127.58788304566254, 50.30440205348738], [127.58830418577382, 50.30440716880903], [127.58799946327683, 50.30521293482184], [127.58743260649737, 50.30538592934553], [127.5874219518464, 50.305745563011406], [127.58783777791892, 50.305930496958034], [127.5874166244398, 50.30592537983532], [127.58712786272301, 50.30619169276501]], [[127.58701412232345, 50.30529090239108], [127.58715184075292, 50.305382517148026], [127.58715450491088, 50.305292608738625], [127.58701412232345, 50.30529090239108]]]}}, {"id": "88", "type": "Feature", "properties": {"contour_id": "flood_0089", "area_ha": 2.24, "pair_id": "flood_2019_07_amur__blagoveshchensk", "layer": "flood", "aoi_name": "Благовещенск — слияние Амура и Зеи", "event_name": "Паводок в Приамурье, июль 2019", "date_peak": "2019-07-25"}, "geometry": {"type": "Polygon", "coordinates": [[[127.54693384935732, 50.15954022426101], [127.54680480089854, 50.15917883664122], [127.54736733316878, 50.15909593139516], [127.54810794509757, 50.157756045019525], [127.54867318091283, 50.157583224080106], [127.54868679279276, 50.15713367807968], [127.54938380159419, 50.15723233013635], [127.54953463088182, 50.15687444124692], [127.54981180115857, 50.15696784607886], [127.54993270667275, 50.15759895838172], [127.5496419295553, 50.15795509997862], [127.54922480585599, 50.15785994643744], [127.54909302270886, 50.15758847036447], [127.54866501361954, 50.157852951662264], [127.5489312999022, 50.15830599538254], [127.5494992602733, 50.15804326126064], [127.54934298438656, 50.15858096841757], [127.54820704289544, 50.15910643211536], [127.54820159600472, 50.159286250420465], [127.54693384935732, 50.15954022426101]]]}}, {"id": "89", "type": "Feature", "properties": {"contour_id": "flood_0090", "area_ha": 2.21, "pair_id": "flood_2019_07_amur__blagoveshchensk", "layer": "flood", "aoi_name": "Благовещенск — слияние Амура и Зеи", "event_name": "Паводок в Приамурье, июль 2019", "date_peak": "2019-07-25"}, "geometry": {"type": "Polygon", "coordinates": [[[127.69110973609811, 50.31424445400576], [127.69042248258735, 50.31369707438897], [127.6901391851625, 50.31378382265147], [127.69000618451314, 50.31351250410106], [127.69015648000428, 50.313154437754385], [127.69057771530244, 50.313159183201556], [127.6905851248075, 50.312889446749644], [127.69338595350408, 50.31319078052441], [127.69323075229867, 50.31372867570394], [127.69252868440142, 50.31372078173265], [127.69195222638967, 50.31425393661513], [127.69110973609811, 50.31424445400576]]]}}, {"id": "90", "type": "Feature", "properties": {"contour_id": "flood_0091", "area_ha": 2.15, "pair_id": "flood_2019_07_amur__blagoveshchensk", "layer": "flood", "aoi_name": "Благовещенск — слияние Амура и Зеи", "event_name": "Паводок в Приамурье, июль 2019", "date_peak": "2019-07-25"}, "geometry": {"type": "Polygon", "coordinates": [[[127.74155591147205, 50.15362755274408], [127.74114079317664, 50.15344316959407], [127.74129490425226, 50.15290518799142], [127.74087743165279, 50.1528107203559], [127.74088215469922, 50.1526308875243], [127.74059990486386, 50.1527177689692], [127.74033182930626, 50.152265151321934], [127.7404788588212, 50.15199691997218], [127.74006139576004, 50.15190244946056], [127.74007084762201, 50.15154278384766], [127.74134211706729, 50.151106859150076], [127.74106932120372, 50.15083407601455], [127.74135627998012, 50.15056736038216], [127.74191367231712, 50.150663342302366], [127.74162199606246, 50.151109892262866], [127.74157479373903, 50.152908221296485], [127.74198047115178, 50.15345226867079], [127.74155591147205, 50.15362755274408]]]}}, {"id": "91", "type": "Feature", "properties": {"contour_id": "flood_0092", "area_ha": 2.11, "pair_id": "flood_2019_07_amur__blagoveshchensk", "layer": "flood", "aoi_name": "Благовещенск — слияние Амура и Зеи", "event_name": "Паводок в Приамурье, июль 2019", "date_peak": "2019-07-25"}, "geometry": {"type": "Polygon", "coordinates": [[[127.6300596686703, 50.332068737044935], [127.63035610764086, 50.33153258901172], [127.62938321842475, 50.33116136334647], [127.62867832376332, 50.33124299138527], [127.62868350023096, 50.33106317219836], [127.63065253983368, 50.330996440120195], [127.63067063100459, 50.33036707239372], [127.6319347629951, 50.33038195433984], [127.63150821988529, 50.330556814638584], [127.63149530550177, 50.33100636316459], [127.63220019216412, 50.330924717975144], [127.63248885682681, 50.33065829336717], [127.63289991599721, 50.33102288800196], [127.63274913268259, 50.331380875264195], [127.63148239079054, 50.33145591165321], [127.63105066873995, 50.33181058951668], [127.63077232645391, 50.33171737173898], [127.6306241095522, 50.33198544639954], [127.6300596686703, 50.332068737044935]], [[127.62994764964101, 50.33107807589487], [127.63008552517401, 50.331169640659766], [127.6300881107522, 50.33107973101303], [127.62994764964101, 50.33107807589487]]]}}, {"id": "92", "type": "Feature", "properties": {"contour_id": "flood_0093", "area_ha": 2.1, "pair_id": "flood_2019_07_amur__blagoveshchensk", "layer": "flood", "aoi_name": "Благовещенск — слияние Амура и Зеи", "event_name": "Паводок в Приамурье, июль 2019", "date_peak": "2019-07-25"}, "geometry": {"type": "Polygon", "coordinates": [[[127.58245997707658, 50.236430338862206], [127.58446243877616, 50.23510562490052], [127.58447308904327, 50.23474598729982], [127.58490159983113, 50.2344813815926], [127.58478005888448, 50.23385030829222], [127.58521920394602, 50.23322606351976], [127.58508967810309, 50.232864718786146], [127.58538598134659, 50.2323286755839], [127.58580914564973, 50.232243885167556], [127.58576392724883, 50.233772346347536], [127.58503645134977, 50.234662907613256], [127.58501782071176, 50.2352922735608], [127.58415811770335, 50.235911393389685], [127.58359473919747, 50.23599446866244], [127.58344656663736, 50.23626248774094], [127.58245997707658, 50.236430338862206]]]}}, {"id": "93", "type": "Feature", "properties": {"contour_id": "flood_0094", "area_ha": 2.07, "pair_id": "flood_2019_07_amur__blagoveshchensk", "layer": "flood", "aoi_name": "Благовещенск — слияние Амура и Зеи", "event_name": "Паводок в Приамурье, июль 2019", "date_peak": "2019-07-25"}, "geometry": {"type": "Polygon", "coordinates": [[[127.63081367419781, 50.33027881693533], [127.63069130584147, 50.32964779490236], [127.63167966955605, 50.32947955118161], [127.63154954371029, 50.3291182591043], [127.63211394706863, 50.32903496087964], [127.63226472736613, 50.32867697427862], [127.63254047426197, 50.328860098185324], [127.63269641160662, 50.32832229141664], [127.63297731791748, 50.32832559471269], [127.63327112080638, 50.32787934826561], [127.63483155009082, 50.32735804097503], [127.63512532955802, 50.32691178958055], [127.63652982148223, 50.32692826960638], [127.63653496753014, 50.326748449696495], [127.63737766013342, 50.326758329508465], [127.6375258223586, 50.32649024556444], [127.63794716649201, 50.326495182625045], [127.6379368850943, 50.32685482266572], [127.63695116931419, 50.32693321030692], [127.63694602480312, 50.327113030242195], [127.63623862862156, 50.32728461471806], [127.6352554769046, 50.327273077959966], [127.63525032593267, 50.32745289775784], [127.63440246759006, 50.327622822159846], [127.6336821624604, 50.328243940159], [127.63311519148324, 50.32841715590951], [127.63281622327679, 50.329043221449524], [127.63253531275421, 50.3290399177304], [127.63081367419781, 50.33027881693533]]]}}, {"id": "94", "type": "Feature", "properties": {"contour_id": "flood_0095", "area_ha": 2.06, "pair_id": "flood_2019_07_amur__blagoveshchensk", "layer": "flood", "aoi_name": "Благовещенск — слияние Амура и Зеи", "event_name": "Паводок в Приамурье, июль 2019", "date_peak": "2019-07-25"}, "geometry": {"type": "Polygon", "coordinates": [[[127.69596696223786, 50.254758525228134], [127.69484995304866, 50.25456610350309], [127.69485977970314, 50.25420645064037], [127.69514271321567, 50.25411968719179], [127.69500738746949, 50.25393828593772], [127.69542810126289, 50.25394300980269], [127.69529523069333, 50.25367169562925], [127.69557816024914, 50.253584931081804], [127.69558798108027, 50.253225278053804], [127.69601114307771, 50.253140086493175], [127.69630142966065, 50.252783580289865], [127.6967221335028, 50.25278829939252], [127.69715509839776, 50.25234345034267], [127.69813183151412, 50.25253427866051], [127.69797934440244, 50.252982274266756], [127.69742085512382, 50.252886074511736], [127.69727081220036, 50.25324415577877], [127.6969976978022, 50.25297127124673], [127.69671477441523, 50.25305803930778], [127.69670741521574, 50.253327779209684], [127.69712812391768, 50.25333249687959], [127.69712321930517, 50.25351232350333], [127.69684274576967, 50.25350917853929], [127.6964097672164, 50.25395402623312], [127.69599150764655, 50.25385939265705], [127.69598168963238, 50.25421904570332], [127.69569875701316, 50.25430581120051], [127.69596696223786, 50.254758525228134]], [[127.69643921071797, 50.25287506678985], [127.69657699230282, 50.25296655312915], [127.69657944559579, 50.252876639829054], [127.69643921071797, 50.25287506678985]]]}}, {"id": "95", "type": "Feature", "properties": {"contour_id": "flood_0096", "area_ha": 2.0, "pair_id": "flood_2019_07_amur__blagoveshchensk", "layer": "flood", "aoi_name": "Благовещенск — слияние Амура и Зеи", "event_name": "Паводок в Приамурье, июль 2019", "date_peak": "2019-07-25"}, "geometry": {"type": "Polygon", "coordinates": [[[127.2805275992653, 50.15095404867393], [127.27983450230393, 50.15076389198135], [127.27943090757279, 50.15030818513837], [127.27999698969629, 50.15013668123764], [127.2801530225459, 50.149689265446476], [127.28099568252898, 50.149611798452874], [127.28100212944287, 50.14943200308204], [127.28183833993836, 50.14953432531426], [127.28194602861088, 50.15043537271816], [127.28151341323743, 50.150788752284015], [127.2805275992653, 50.15095404867393]]]}}, {"id": "96", "type": "Feature", "properties": {"contour_id": "flood_0097", "area_ha": 2.0, "pair_id": "flood_2019_07_amur__blagoveshchensk", "layer": "flood", "aoi_name": "Благовещенск — слияние Амура и Зеи", "event_name": "Паводок в Приамурье, июль 2019", "date_peak": "2019-07-25"}, "geometry": {"type": "Polygon", "coordinates": [[[127.61635848579309, 50.18925967907966], [127.61512409812453, 50.18834554530273], [127.61499966203459, 50.18780440772324], [127.61430466861562, 50.18761623392787], [127.61419325473726, 50.186625539048556], [127.61337126476235, 50.18598613253121], [127.61435410594483, 50.18590791929525], [127.61434630036692, 50.18617765322056], [127.61462636991826, 50.186180994029804], [127.61461596439855, 50.18654063928494], [127.61489343521718, 50.18663389078213], [127.61474559556554, 50.18690195470995], [127.61502046803216, 50.1870851172297], [127.6146003557239, 50.18708010712272], [127.61444730940924, 50.18752799321332], [127.61515010365217, 50.18744643220777], [127.61597993926266, 50.18781609236255], [127.61610438648107, 50.18835722898291], [127.61679160535391, 50.18881512621437], [127.61635848579309, 50.18925967907966]]]}}, {"id": "97", "type": "Feature", "properties": {"contour_id": "flood_0098", "area_ha": 1.98, "pair_id": "flood_2019_07_amur__blagoveshchensk", "layer": "flood", "aoi_name": "Благовещенск — слияние Амура и Зеи", "event_name": "Паводок в Приамурье, июль 2019", "date_peak": "2019-07-25"}, "geometry": {"type": "Polygon", "coordinates": [[[127.6057623162172, 50.18751400979855], [127.6058487069021, 50.184546947362286], [127.60668888408156, 50.18455702898592], [127.60660254541841, 50.18752409247684], [127.6057623162172, 50.18751400979855]]]}}, {"id": "98", "type": "Feature", "properties": {"contour_id": "flood_0099", "area_ha": 1.96, "pair_id": "flood_2019_07_amur__blagoveshchensk", "layer": "flood", "aoi_name": "Благовещенск — слияние Амура и Зеи", "event_name": "Паводок в Приамурье, июль 2019", "date_peak": "2019-07-25"}, "geometry": {"type": "Polygon", "coordinates": [[[127.34302486402284, 50.44813413497448], [127.34445785184789, 50.44743500960555], [127.34544335922965, 50.447449028874374], [127.3455935519672, 50.44718134281419], [127.34629434841857, 50.44728124660047], [127.34758334709673, 50.446669976834386], [127.34842805537383, 50.44668197104423], [127.34844370443517, 50.446232490112536], [127.34929153345577, 50.446154581773854], [127.34930091785701, 50.445884893077604], [127.35056796061941, 50.44590286319275], [127.35041780002126, 50.446170556042695], [127.34985466661131, 50.446162570270296], [127.34927589246894, 50.44660406290352], [127.34899745208381, 50.44651017136018], [127.34899119454353, 50.446689963778994], [127.34828414049464, 50.44676986861026], [127.34799317843003, 50.447035559346965], [127.34714846404343, 50.44702356192016], [127.34528689292075, 50.44789650675786], [127.34302486402284, 50.44813413497448]], [[127.34785865459077, 50.44685376789649], [127.3479963091373, 50.4469456631889], [127.34799943982867, 50.446855767029284], [127.34785865459077, 50.44685376789649]]]}}, {"id": "99", "type": "Feature", "properties": {"contour_id": "flood_0100", "area_ha": 1.96, "pair_id": "flood_2019_07_amur__blagoveshchensk", "layer": "flood", "aoi_name": "Благовещенск — слияние Амура и Зеи", "event_name": "Паводок в Приамурье, июль 2019", "date_peak": "2019-07-25"}, "geometry": {"type": "Polygon", "coordinates": [[[127.69649922541501, 50.2660970260341], [127.69847531269862, 50.26566947051294], [127.6997646984116, 50.26469455680695], [127.69963177434772, 50.264423247661036], [127.70063078391497, 50.26380483734368], [127.70135412715632, 50.26300345702537], [127.70177736623737, 50.26291824519792], [127.7017920322631, 50.262378765190554], [127.70236041432571, 50.26211529126808], [127.70236530071621, 50.26193546453841], [127.7019469593367, 50.26184085189397], [127.7019591789928, 50.26139128511092], [127.70279097093318, 50.261760335542284], [127.70221282153246, 50.26238346506506], [127.7019078543556, 50.2632794653502], [127.70091376440537, 50.263718060343166], [127.70061855070904, 50.26425440370248], [127.69976225008752, 50.264784470036986], [127.69975000828089, 50.2652340361648], [127.69932919430667, 50.26522932718184], [127.69903395322304, 50.265765666168654], [127.69861068409917, 50.26585086772973], [127.69860578289244, 50.26603069407], [127.69649922541501, 50.2660970260341]]]}}, {"id": "100", "type": "Feature", "properties": {"contour_id": "flood_0101", "area_ha": 1.95, "pair_id": "flood_2019_07_amur__blagoveshchensk", "layer": "flood", "aoi_name": "Благовещенск — слияние Амура и Зеи", "event_name": "Паводок в Приамурье, июль 2019", "date_peak": "2019-07-25"}, "geometry": {"type": "Polygon", "coordinates": [[[127.69889398335873, 50.22969780659734], [127.69833821127864, 50.22951169923441], [127.69795444168078, 50.22815828170606], [127.69798137501536, 50.227169230537186], [127.69759028597022, 50.22608555278843], [127.69816315139963, 50.22564226707331], [127.69843856676498, 50.22582523517425], [127.6982861724465, 50.22627323388452], [127.69855425002918, 50.22672594304741], [127.69825679836225, 50.22735219908496], [127.69853711861701, 50.227355339458036], [127.69865280689706, 50.22825604704396], [127.69892823902576, 50.22843901403514], [127.69889398335873, 50.22969780659734]]]}}, {"id": "101", "type": "Feature", "properties": {"contour_id": "flood_0102", "area_ha": 1.94, "pair_id": "flood_2019_07_amur__blagoveshchensk", "layer": "flood", "aoi_name": "Благовещенск — слияние Амура и Зеи", "event_name": "Паводок в Приамурье, июль 2019", "date_peak": "2019-07-25"}, "geometry": {"type": "Polygon", "coordinates": [[[127.69288120022328, 50.131593637036985], [127.69220876111126, 50.130596696156964], [127.69235353928528, 50.1304184414228], [127.69194126400333, 50.130143969702836], [127.69196822791122, 50.12915490412442], [127.69156332135753, 50.128610685923306], [127.69226267726532, 50.12861856476411], [127.69238294539947, 50.129339460656695], [127.69279276671992, 50.12970384589357], [127.69264799237433, 50.12988210122674], [127.69292774223275, 50.1298852507132], [127.6929203937918, 50.13015499595791], [127.69320014527143, 50.13015814480057], [127.69360753148321, 50.130612442304084], [127.69346275733943, 50.13079069862809], [127.6937327204309, 50.1311535065766], [127.69288120022328, 50.131593637036985]], [[127.69197558144391, 50.12888515893544], [127.69211055160476, 50.12906656468761], [127.69211545342363, 50.12888673455014], [127.69197558144391, 50.12888515893544]]]}}, {"id": "102", "type": "Feature", "properties": {"contour_id": "flood_0103", "area_ha": 1.94, "pair_id": "flood_2019_07_amur__blagoveshchensk", "layer": "flood", "aoi_name": "Благовещенск — слияние Амура и Зеи", "event_name": "Паводок в Приамурье, июль 2019", "date_peak": "2019-07-25"}, "geometry": {"type": "Polygon", "coordinates": [[[127.5821301315753, 50.1766147044509], [127.58116874048973, 50.17597336483398], [127.58135933685945, 50.17426678109691], [127.58177933083707, 50.17427191046464], [127.5817633592207, 50.17481137187341], [127.58260335699171, 50.174821626249546], [127.5825714312086, 50.17590054929487], [127.58228876450147, 50.17598704194741], [127.58228078113682, 50.17625677263792], [127.58284079661692, 50.176263607211105], [127.58271143403505, 50.17590225783216], [127.58299143972835, 50.175905674400674], [127.58298346034276, 50.17617540517692], [127.5834034713469, 50.17618052881324], [127.58339549420339, 50.1764502596247], [127.58297548083601, 50.17644513593967], [127.5829701610975, 50.17662495644064], [127.58269547199174, 50.17644171930619], [127.5821301315753, 50.1766147044509]]]}}, {"id": "103", "type": "Feature", "properties": {"contour_id": "flood_0104", "area_ha": 1.92, "pair_id": "flood_2019_07_amur__blagoveshchensk", "layer": "flood", "aoi_name": "Благовещенск — слияние Амура и Зеи", "event_name": "Паводок в Приамурье, июль 2019", "date_peak": "2019-07-25"}, "geometry": {"type": "Polygon", "coordinates": [[[127.58146445275574, 50.28885405705595], [127.58133748663232, 50.28840280202561], [127.58162617065726, 50.288136502051216], [127.58134818058984, 50.28804316822603], [127.58136154773169, 50.28759362594275], [127.58178253830043, 50.28759876365051], [127.5817985736671, 50.28705931276325], [127.5830615318367, 50.28707471644822], [127.58305352134852, 50.28734444204519], [127.58263253279199, 50.28733930895884], [127.58260849346178, 50.28814848552212], [127.58386614343404, 50.2883436977433], [127.58386080591389, 50.2885235148325], [127.58146445275574, 50.28885405705595]], [[127.58161013272918, 50.28867595279775], [127.58188812698386, 50.28876928602191], [127.58189079949081, 50.288679377558545], [127.58161013272918, 50.28867595279775]]]}}, {"id": "104", "type": "Feature", "properties": {"contour_id": "flood_0105", "area_ha": 1.91, "pair_id": "flood_2019_07_amur__blagoveshchensk", "layer": "flood", "aoi_name": "Благовещенск — слияние Амура и Зеи", "event_name": "Паводок в Приамурье, июль 2019", "date_peak": "2019-07-25"}, "geometry": {"type": "Polygon", "coordinates": [[[127.59722347547498, 50.34013157371523], [127.5969636951027, 50.33940891745614], [127.597817186581, 50.3390594527029], [127.5979682570183, 50.33870151360384], [127.59784630515296, 50.338070461347336], [127.59728438599707, 50.338063683400605], [127.59730292257065, 50.33743432532133], [127.59827039092826, 50.33798563469578], [127.59841880845248, 50.33771760322833], [127.59884024494177, 50.337722682806564], [127.59900717208058, 50.33682529196222], [127.59927490321093, 50.33727821897403], [127.59909740045153, 50.338535243591906], [127.59810344541631, 50.33888302415844], [127.59809285866915, 50.33924265738866], [127.59766611382206, 50.3394173915653], [127.59750709511789, 50.34004505500647], [127.59722347547498, 50.34013157371523]], [[127.59827039092826, 50.33798563469578], [127.59840822452382, 50.338077236579494], [127.59841087052614, 50.337987328243955], [127.59827039092826, 50.33798563469578]]]}}, {"id": "105", "type": "Feature", "properties": {"contour_id": "flood_0106", "area_ha": 1.89, "pair_id": "flood_2019_07_amur__blagoveshchensk", "layer": "flood", "aoi_name": "Благовещенск — слияние Амура и Зеи", "event_name": "Паводок в Приамурье, июль 2019", "date_peak": "2019-07-25"}, "geometry": {"type": "Polygon", "coordinates": [[[127.54971233747645, 50.164881602377676], [127.54887524874597, 50.16478120257606], [127.54874344938143, 50.164509726272584], [127.54747829204348, 50.16467379558791], [127.5479036447947, 50.16449922861378], [127.54764278502542, 50.1638663646796], [127.54861982092211, 50.163968522542476], [127.54891336555418, 50.16352247513545], [127.54989039738886, 50.16362462227665], [127.55029941252636, 50.163989501274216], [127.55028581246553, 50.16443904706197], [127.54971233747645, 50.164881602377676]]]}}, {"id": "106", "type": "Feature", "properties": {"contour_id": "flood_0107", "area_ha": 1.87, "pair_id": "flood_2019_07_amur__blagoveshchensk", "layer": "flood", "aoi_name": "Благовещенск — слияние Амура и Зеи", "event_name": "Паводок в Приамурье, июль 2019", "date_peak": "2019-07-25"}, "geometry": {"type": "Polygon", "coordinates": [[[127.62454307639086, 50.26517771757541], [127.62441317038174, 50.2648164154824], [127.62385469850648, 50.26471986243633], [127.62429362777988, 50.26409547136709], [127.62430657935053, 50.26364591899436], [127.62388579232815, 50.263640936994214], [127.62375330396519, 50.26336954461067], [127.6239168842583, 50.262562011336684], [127.62364673164313, 50.262199047391995], [127.6239350203441, 50.26193263793695], [127.6244882803155, 50.26220901139434], [127.62447274123517, 50.26274847441233], [127.6251740400729, 50.262756773252214], [127.6247429031925, 50.26311143648012], [127.62471700842761, 50.26401054143589], [127.62499235730989, 50.26419368194428], [127.62511449956776, 50.26482471492767], [127.62469111234991, 50.264909646242074], [127.62454307639086, 50.26517771757541]]]}}, {"id": "107", "type": "Feature", "properties": {"contour_id": "flood_0108", "area_ha": 1.83, "pair_id": "flood_2019_07_amur__blagoveshchensk", "layer": "flood", "aoi_name": "Благовещенск — слияние Амура и Зеи", "event_name": "Паводок в Приамурье, июль 2019", "date_peak": "2019-07-25"}, "geometry": {"type": "Polygon", "coordinates": [[[127.66924636995834, 50.257153829781664], [127.66870292926173, 50.256518018674846], [127.66913117710287, 50.256253101170635], [127.66829723825148, 50.255973724535], [127.66761609093005, 50.25524638897748], [127.66735316993865, 50.2546137872424], [127.6675034408868, 50.254255746514296], [127.66792415282254, 50.25426056995947], [127.66791663076066, 50.25453030668402], [127.6683348385967, 50.25462504090635], [127.6683172921247, 50.25525442664143], [127.66928895488206, 50.25562532136683], [127.66941166362564, 50.25625631313387], [127.66982488168418, 50.256530866650046], [127.66953687998443, 50.25679739246759], [127.66996011837772, 50.25671229644846], [127.66995260715792, 50.25698203328159], [127.67037334352108, 50.25698684804949], [127.66924636995834, 50.257153829781664]]]}}, {"id": "108", "type": "Feature", "properties": {"contour_id": "flood_0109", "area_ha": 1.82, "pair_id": "flood_2019_07_amur__blagoveshchensk", "layer": "flood", "aoi_name": "Благовещенск — слияние Амура и Зеи", "event_name": "Паводок в Приамурье, июль 2019", "date_peak": "2019-07-25"}, "geometry": {"type": "Polygon", "coordinates": [[[127.39826384426665, 50.28458489294783], [127.39826988029976, 50.284405091096325], [127.39911173432996, 50.28441669049178], [127.39912078351117, 50.284146987592706], [127.3999626333383, 50.28415858078323], [127.39997167762819, 50.28388887776007], [127.4003926003713, 50.28389467201474], [127.40040164214683, 50.283624968922666], [127.40124348329212, 50.283636552750885], [127.4012525201766, 50.28336684953484], [127.4033571135611, 50.283395782166735], [127.40336613842445, 50.283126078661645], [127.40476919466538, 50.28314534573834], [127.40264053370518, 50.28383564784673], [127.40137475397347, 50.283908186017044], [127.39910570146603, 50.28459649241686], [127.39826384426665, 50.28458489294783]]]}}, {"id": "109", "type": "Feature", "properties": {"contour_id": "flood_0110", "area_ha": 1.8, "pair_id": "flood_2019_07_amur__blagoveshchensk", "layer": "flood", "aoi_name": "Благовещенск — слияние Амура и Зеи", "event_name": "Паводок в Приамурье, июль 2019", "date_peak": "2019-07-25"}, "geometry": {"type": "Polygon", "coordinates": [[[127.75999112875479, 50.22020260985856], [127.75999579123473, 50.22002277781422], [127.75957536531257, 50.22001828985982], [127.75958236131362, 50.21974854182493], [127.76100240798775, 50.21904416707875], [127.7618804845672, 50.21761447320156], [127.76258115989665, 50.21762193812268], [127.76270966531466, 50.218073011349304], [127.76242706599264, 50.218159942314365], [127.76241543332307, 50.21860952297201], [127.76199269207812, 50.21869495997602], [127.76126871378344, 50.219586652202175], [127.76084829149202, 50.21958216888147], [127.75999112875479, 50.22020260985856]]]}}, {"id": "110", "type": "Feature", "properties": {"contour_id": "flood_0111", "area_ha": 1.78, "pair_id": "flood_2019_07_amur__blagoveshchensk", "layer": "flood", "aoi_name": "Благовещенск — слияние Амура и Зеи", "event_name": "Паводок в Приамурье, июль 2019", "date_peak": "2019-07-25"}, "geometry": {"type": "Polygon", "coordinates": [[[127.55384852567208, 50.15773773162176], [127.5523253917096, 50.157179094754504], [127.55151288448249, 50.15626953087623], [127.55236069233668, 50.156010273105935], [127.5525087804069, 50.15574228942805], [127.55320577738456, 50.15584091845905], [127.55318135314621, 50.15665010303001], [127.55400474819018, 50.157200017862635], [127.55385666376847, 50.15746800341637], [127.55413384609322, 50.15756139802569], [127.55384852567208, 50.15773773162176]]]}}, {"id": "111", "type": "Feature", "properties": {"contour_id": "flood_0112", "area_ha": 1.77, "pair_id": "flood_2019_07_amur__blagoveshchensk", "layer": "flood", "aoi_name": "Благовещенск — слияние Амура и Зеи", "event_name": "Паводок в Приамурье, июль 2019", "date_peak": "2019-07-25"}, "geometry": {"type": "Polygon", "coordinates": [[[127.34052614413964, 50.31408551570266], [127.34039514280605, 50.313813817692726], [127.34011435993908, 50.31380980848123], [127.34014879789837, 50.31282093182506], [127.34084761131577, 50.31292085115046], [127.34082570561934, 50.31355013652861], [127.34152453120895, 50.31365005189139], [127.34322172463295, 50.31331448444432], [127.344085928776, 50.31269720101554], [127.34406718929816, 50.313236589391174], [127.34336211482058, 50.31331648536863], [127.3430657084571, 50.31376197339144], [127.34193006752095, 50.31410555008869], [127.34052614413964, 50.31408551570266]]]}}, {"id": "112", "type": "Feature", "properties": {"contour_id": "flood_0113", "area_ha": 1.74, "pair_id": "flood_2019_07_amur__blagoveshchensk", "layer": "flood", "aoi_name": "Благовещенск — слияние Амура и Зеи", "event_name": "Паводок в Приамурье, июль 2019", "date_peak": "2019-07-25"}, "geometry": {"type": "Polygon", "coordinates": [[[127.33452840990404, 50.34502986325419], [127.33383228718783, 50.34484000484424], [127.33388576886315, 50.34331175391111], [127.33416987004684, 50.343225882721704], [127.33404197449492, 50.34286428128615], [127.33432292775386, 50.34286830683399], [127.33419817709418, 50.3424168083892], [127.33448541695537, 50.34224103919532], [127.33456717100124, 50.339903712232726], [127.33450428423123, 50.34170165614255], [127.33478208672162, 50.3417955776987], [127.3347569343372, 50.3425147551799], [127.33446969378653, 50.342690525030264], [127.33445711496417, 50.34305011367049], [127.33473492516302, 50.34314403539506], [127.3347129152068, 50.343773315534726], [127.33442881168004, 50.343859188020886], [127.33470662650426, 50.343953109846495], [127.33468461554256, 50.34458238988911], [127.33440050710294, 50.344668262246465], [127.33452840990404, 50.34502986325419]]]}}, {"id": "113", "type": "Feature", "properties": {"contour_id": "flood_0114", "area_ha": 1.72, "pair_id": "flood_2019_07_amur__blagoveshchensk", "layer": "flood", "aoi_name": "Благовещенск — слияние Амура и Зеи", "event_name": "Паводок в Приамурье, июль 2019", "date_peak": "2019-07-25"}, "geometry": {"type": "Polygon", "coordinates": [[[127.344085928776, 50.31269720101554], [127.34395803408691, 50.312335608727075], [127.34353999629505, 50.31223970963984], [127.34382077040175, 50.312243710488914], [127.34383326486908, 50.31188411822767], [127.3444041765513, 50.311622423502705], [127.34441666634338, 50.31126283109688], [127.34528393809805, 50.310555639902134], [127.34555534194189, 50.31082933093935], [127.345564702535, 50.31055963644356], [127.34626661390432, 50.310569624831935], [127.34625101944826, 50.31101911580896], [127.34553662032833, 50.31136871988937], [127.34552725930784, 50.311638414343605], [127.34510298199014, 50.31172231717842], [127.34494386746229, 50.31225970710724], [127.344085928776, 50.31269720101554]], [[127.34582986861224, 50.31101312318922], [127.34596713274081, 50.31110501907669], [127.3459702522084, 50.31101512089857], [127.34582986861224, 50.31101312318922]]]}}, {"id": "114", "type": "Feature", "properties": {"contour_id": "flood_0115", "area_ha": 1.7, "pair_id": "flood_2019_07_amur__blagoveshchensk", "layer": "flood", "aoi_name": "Благовещенск — слияние Амура и Зеи", "event_name": "Паводок в Приамурье, июль 2019", "date_peak": "2019-07-25"}, "geometry": {"type": "Polygon", "coordinates": [[[127.70224592642735, 50.32309346512935], [127.70127018645552, 50.322812749984934], [127.70127508748597, 50.3226329252205], [127.70169885811735, 50.32254771862497], [127.70128733984443, 50.32218336328344], [127.70185154518737, 50.322099724838104], [127.70159271629178, 50.321287376520786], [127.70201892333944, 50.321112256218534], [127.70257821893115, 50.3212084390075], [127.70298729169856, 50.32166270231103], [127.70227775862358, 50.32192460365951], [127.70226796432533, 50.32228425336926], [127.70184419702453, 50.322369462068956], [127.70183929818717, 50.322549286882115], [127.70352457999408, 50.32256809273992], [127.70337190702887, 50.32301608879821], [127.70224592642735, 50.32309346512935]]]}}, {"id": "115", "type": "Feature", "properties": {"contour_id": "flood_0116", "area_ha": 1.67, "pair_id": "flood_2019_07_amur__blagoveshchensk", "layer": "flood", "aoi_name": "Благовещенск — слияние Амура и Зеи", "event_name": "Паводок в Приамурье, июль 2019", "date_peak": "2019-07-25"}, "geometry": {"type": "Polygon", "coordinates": [[[127.73883743883228, 50.341843791325886], [127.7388612508423, 50.34094465721635], [127.73858025818684, 50.340941609160716], [127.73844690763042, 50.34067034466015], [127.73872789867109, 50.34067339302617], [127.73903507826019, 50.33968739291993], [127.74059000910327, 50.33934448848117], [127.74074476546744, 50.33880652905759], [127.74174482525554, 50.3381877807632], [127.74161146403283, 50.33791651968922], [127.74189956460647, 50.33764981957229], [127.74218053820175, 50.337652859464605], [127.74216154103817, 50.33837216809065], [127.74145196842694, 50.33863430753226], [127.74129959701605, 50.3390823544457], [127.73944465653041, 50.34014153029202], [127.73915176589087, 50.340588050869236], [127.73912081756336, 50.34175692538545], [127.73883743883228, 50.341843791325886]], [[127.74174007430196, 50.33836760788189], [127.74187818797218, 50.338459041683116], [127.74188056320199, 50.338369128121165], [127.74174007430196, 50.33836760788189]]]}}, {"id": "116", "type": "Feature", "properties": {"contour_id": "flood_0117", "area_ha": 1.67, "pair_id": "flood_2019_07_amur__blagoveshchensk", "layer": "flood", "aoi_name": "Благовещенск — слияние Амура и Зеи", "event_name": "Паводок в Приамурье, июль 2019", "date_peak": "2019-07-25"}, "geometry": {"type": "Polygon", "coordinates": [[[127.34234842023452, 50.31015404319884], [127.34236092487981, 50.30979445107528], [127.3426448100129, 50.30970855658408], [127.34324694573867, 50.30854788655109], [127.34367744476381, 50.30828419397008], [127.34370243209852, 50.307565008982706], [127.34398630151937, 50.30747911102887], [127.34399566987445, 50.30720941659051], [127.34441990868662, 50.30712551735934], [127.34458525373361, 50.30640833120792], [127.34601078599742, 50.30579902659292], [127.34616362829838, 50.30544143084992], [127.34672821467737, 50.30535952012153], [127.34670950996032, 50.305898909900854], [127.3460076671831, 50.30588892485395], [127.3457144526523, 50.306244522627374], [127.34529022388264, 50.30632842669544], [127.34469440992653, 50.307309312151204], [127.34412667458076, 50.307481110863], [127.34395507263932, 50.308378092389994], [127.34352457426486, 50.30864178600196], [127.34350895502662, 50.30909127650654], [127.3429349441843, 50.309442865260245], [127.34306282384942, 50.30980445869513], [127.3426416844201, 50.30979845463151], [127.3427695627421, 50.31016004835526], [127.34234842023452, 50.31015404319884]]]}}, {"id": "117", "type": "Feature", "properties": {"contour_id": "flood_0118", "area_ha": 1.65, "pair_id": "flood_2019_07_amur__blagoveshchensk", "layer": "flood", "aoi_name": "Благовещенск — слияние Амура и Зеи", "event_name": "Паводок в Приамурье, июль 2019", "date_peak": "2019-07-25"}, "geometry": {"type": "Polygon", "coordinates": [[[127.35698157669931, 50.41118652500554], [127.357150241377, 50.41037943789123], [127.35675308854786, 50.40965429927268], [127.35719377029993, 50.40912087777643], [127.35761890082615, 50.40903694039808], [127.3576406584311, 50.40840766008458], [127.35792511004519, 50.40832173512925], [127.35775957466973, 50.409038926652755], [127.35817538182202, 50.409224678808485], [127.35814120109053, 50.41021354796402], [127.35785984640974, 50.41020957614094], [127.35784741445141, 50.41056916482825], [127.35698157669931, 50.41118652500554]]]}}, {"id": "118", "type": "Feature", "properties": {"contour_id": "flood_0119", "area_ha": 1.63, "pair_id": "flood_2019_07_amur__blagoveshchensk", "layer": "flood", "aoi_name": "Благовещенск — слияние Амура и Зеи", "event_name": "Паводок в Приамурье, июль 2019", "date_peak": "2019-07-25"}, "geometry": {"type": "Polygon", "coordinates": [[[127.71168603275251, 50.33246223795574], [127.71043640903403, 50.331908747221995], [127.71058174466518, 50.33173047999241], [127.71016521088137, 50.33154598065706], [127.71017494878492, 50.33118633040243], [127.70947018318215, 50.331268449337536], [127.70920143224656, 50.33081576802661], [127.71032758556294, 50.330738325738324], [127.71087971203488, 50.331104207175386], [127.71101044633738, 50.33146541491372], [127.71281951012995, 50.33211503395795], [127.71267175178488, 50.33238321666527], [127.71168603275251, 50.33246223795574]]]}}, {"id": "119", "type": "Feature", "properties": {"contour_id": "flood_0120", "area_ha": 1.63, "pair_id": "flood_2019_07_amur__blagoveshchensk", "layer": "flood", "aoi_name": "Благовещенск — слияние Амура и Зеи", "event_name": "Паводок в Приамурье, июль 2019", "date_peak": "2019-07-25"}, "geometry": {"type": "Polygon", "coordinates": [[[127.68163273006138, 50.25567607682115], [127.68135969206831, 50.25540315624074], [127.67995479343693, 50.25547714668366], [127.67967928092524, 50.255294134891884], [127.6796892220383, 50.25493448425911], [127.68208074570809, 50.254691809042434], [127.6826169060193, 50.255597297290336], [127.68163273006138, 50.25567607682115]]]}}, {"id": "120", "type": "Feature", "properties": {"contour_id": "flood_0121", "area_ha": 1.62, "pair_id": "flood_2019_07_amur__blagoveshchensk", "layer": "flood", "aoi_name": "Благовещенск — слияние Амура и Зеи", "event_name": "Паводок в Приамурье, июль 2019", "date_peak": "2019-07-25"}, "geometry": {"type": "Polygon", "coordinates": [[[127.41797246084462, 50.274421523699736], [127.41798140027278, 50.27415181786503], [127.41713971954543, 50.274140356807166], [127.41714866358878, 50.27387065106777], [127.41799033956498, 50.27388211201659], [127.41799927872121, 50.273612406154406], [127.41884095049019, 50.273623860901736], [127.41884988475947, 50.273354154916824], [127.41927071847232, 50.273359879951336], [127.41925285454892, 50.27389929201636], [127.4209362097627, 50.273922177358834], [127.42092728709954, 50.274191883588465], [127.42008560446993, 50.27418044385466], [127.4200766769198, 50.27445014996171], [127.41797246084462, 50.274421523699736]]]}}, {"id": "121", "type": "Feature", "properties": {"contour_id": "flood_0122", "area_ha": 1.62, "pair_id": "flood_2019_07_amur__blagoveshchensk", "layer": "flood", "aoi_name": "Благовещенск — слияние Амура и Зеи", "event_name": "Паводок в Приамурье, июль 2019", "date_peak": "2019-07-25"}, "geometry": {"type": "Polygon", "coordinates": [[[127.72392000973285, 50.37405910634304], [127.72197586308481, 50.373138369525456], [127.72198552607988, 50.37277872019333], [127.72255271311724, 50.372605073914315], [127.72242178370931, 50.372243880143614], [127.72214060802708, 50.37224079098487], [127.72184976863109, 50.37259735049466], [127.7212898302844, 50.372501256385725], [127.72129949824716, 50.3721416071102], [127.72186184830396, 50.37214778880584], [127.72215751542184, 50.37161140450002], [127.7224386873863, 50.37161449359014], [127.72244834636045, 50.371254844098395], [127.72160000433837, 50.37142539959709], [127.72161691839547, 50.37079601315616], [127.72272710205552, 50.37134784485474], [127.72256720072103, 50.37206559973622], [127.72284596137575, 50.372158600232545], [127.72323393762721, 50.37342200447431], [127.72351512041043, 50.373425091042186], [127.72364364855133, 50.3738761959749], [127.72392483406392, 50.37387928157237], [127.72392000973285, 50.37405910634304]], [[127.72267398668399, 50.37332591694893], [127.72295516883797, 50.37332900486616], [127.72296482449512, 50.37296935540864], [127.72254305446944, 50.372964723336736], [127.72267398668399, 50.37332591694893]]]}}, {"id": "122", "type": "Feature", "properties": {"contour_id": "flood_0123", "area_ha": 1.62, "pair_id": "flood_2019_07_amur__blagoveshchensk", "layer": "flood", "aoi_name": "Благовещенск — слияние Амура и Зеи", "event_name": "Паводок в Приамурье, июль 2019", "date_peak": "2019-07-25"}, "geometry": {"type": "Polygon", "coordinates": [[[127.7264205034379, 50.438212566804275], [127.72813641122218, 50.4372420198979], [127.72843001763235, 50.43679553959984], [127.72885235553612, 50.43680015452419], [127.72900758230517, 50.43626222294824], [127.72942991555834, 50.436266835741385], [127.72943954374405, 50.435907189290845], [127.730286609601, 50.435826498516974], [127.73027217691725, 50.43636596836846], [127.72984984264423, 50.43636135862564], [127.7298354047226, 50.43690082833598], [127.7289907269118, 50.43689160407716], [127.72897868697777, 50.43734116198197], [127.72812436304696, 50.437691577626545], [127.72797635127749, 50.43795977319322], [127.72755641396161, 50.43786524349449], [127.7264205034379, 50.438212566804275]]]}}, {"id": "123", "type": "Feature", "properties": {"contour_id": "flood_0124", "area_ha": 1.61, "pair_id": "flood_2019_07_amur__blagoveshchensk", "layer": "flood", "aoi_name": "Благовещенск — слияние Амура и Зеи", "event_name": "Паводок в Приамурье, июль 2019", "date_peak": "2019-07-25"}, "geometry": {"type": "Polygon", "coordinates": [[[127.5852883253814, 50.27352072551499], [127.58515869596218, 50.27315938237403], [127.58473783211379, 50.273154257953074], [127.58475649146128, 50.27252489620337], [127.58446792095995, 50.27279120559292], [127.58420068047764, 50.27233824381116], [127.58420601365613, 50.27215842619222], [127.58448658362512, 50.27216184387704], [127.58437562724492, 50.27117113804813], [127.58479647354736, 50.27117626363486], [127.58481779608334, 50.270456992793505], [127.5852546227546, 50.26992266343534], [127.58567812180434, 50.26983787684455], [127.58569143955819, 50.26938833230488], [127.58611493310514, 50.26930354406816], [127.58523330720274, 50.27064193447876], [127.58521465538558, 50.271271296562944], [127.58492876029322, 50.27144769838224], [127.58503439859798, 50.27261822141416], [127.58531230683126, 50.27271154596805], [127.58557423173664, 50.273344322965826], [127.5855689034871, 50.27352414065407], [127.5852883253814, 50.27352072551499]]]}}, {"id": "124", "type": "Feature", "properties": {"contour_id": "flood_0125", "area_ha": 1.61, "pair_id": "flood_2019_07_amur__blagoveshchensk", "layer": "flood", "aoi_name": "Благовещенск — слияние Амура и Зеи", "event_name": "Паводок в Приамурье, июль 2019", "date_peak": "2019-07-25"}, "geometry": {"type": "Polygon", "coordinates": [[[127.71855818694668, 50.37993611454225], [127.71772907114854, 50.37938734351058], [127.71744542888067, 50.379474154765056], [127.71732179565747, 50.37884321958618], [127.71704058152572, 50.37884011780687], [127.71734119574211, 50.37812392291477], [127.71678362805187, 50.37793789469065], [127.7170818147952, 50.37731161243405], [127.71750604704204, 50.37722635248825], [127.71780421967141, 50.376600068198435], [127.71823086744094, 50.376424893402536], [127.71851206742521, 50.376427992197456], [127.71850479956288, 50.376697728662926], [127.71793512529555, 50.376961266727534], [127.71777513132439, 50.377679013649555], [127.71749149938535, 50.377765825119184], [127.71747210182009, 50.37848512187742], [127.71801513617767, 50.379210619459286], [127.7185751463615, 50.37930672977454], [127.71884425227124, 50.37975938846957], [127.7191254720364, 50.3797624859291], [127.71855818694668, 50.37993611454225]]]}}, {"id": "125", "type": "Feature", "properties": {"contour_id": "flood_0126", "area_ha": 1.61, "pair_id": "flood_2019_07_amur__blagoveshchensk", "layer": "flood", "aoi_name": "Благовещенск — слияние Амура и Зеи", "event_name": "Паводок в Приамурье, июль 2019", "date_peak": "2019-07-25"}, "geometry": {"type": "Polygon", "coordinates": [[[127.73394415993756, 50.42012720790913], [127.73397532181718, 50.41895835155754], [127.73425677525967, 50.41896141414841], [127.73412803199102, 50.41851032271193], [127.73528256899804, 50.417443622275336], [127.73538019518489, 50.41906356978954], [127.73452624898167, 50.41941403632064], [127.73437353949353, 50.41986206562708], [127.73409447753916, 50.41976909125187], [127.7342256203032, 50.4201302706264], [127.73394415993756, 50.42012720790913]]]}}, {"id": "126", "type": "Feature", "properties": {"contour_id": "flood_0127", "area_ha": 1.59, "pair_id": "flood_2019_07_amur__blagoveshchensk", "layer": "flood", "aoi_name": "Благовещенск — слияние Амура и Зеи", "event_name": "Паводок в Приамурье, июль 2019", "date_peak": "2019-07-25"}, "geometry": {"type": "Polygon", "coordinates": [[[127.60328724628356, 50.16670754376144], [127.60316037439179, 50.16625630431664], [127.60288304420155, 50.16616302565127], [127.6034429466791, 50.16616975992723], [127.60345866938324, 50.165630292691], [127.60261882519424, 50.16562019045736], [127.60247098440564, 50.165888239674345], [127.60220414879791, 50.16543531473602], [127.60248934009475, 50.16525886145682], [127.60220939426388, 50.16525549240201], [127.60221463967675, 50.165075670062016], [127.60389430915977, 50.16509587414507], [127.60388383087748, 50.165455519075216], [127.6045758440598, 50.16573366414492], [127.6046948735842, 50.16645463592487], [127.60343508514799, 50.16643949352511], [127.60328724628356, 50.16670754376144]]]}}, {"id": "127", "type": "Feature", "properties": {"contour_id": "flood_0128", "area_ha": 1.57, "pair_id": "flood_2019_07_amur__blagoveshchensk", "layer": "flood", "aoi_name": "Благовещенск — слияние Амура и Зеи", "event_name": "Паводок в Приамурье, июль 2019", "date_peak": "2019-07-25"}, "geometry": {"type": "Polygon", "coordinates": [[[127.35778916416629, 50.41632456690741], [127.35782957679139, 50.41515590478006], [127.35812339275174, 50.41480028850691], [127.35772308096821, 50.4141650503494], [127.3580199994634, 50.41371953710847], [127.35844516995932, 50.41363559715793], [127.35874518490562, 50.41310018476802], [127.35916724281614, 50.41310613928154], [127.35914860771143, 50.41364552238644], [127.35886723256324, 50.41364155280522], [127.35898307031114, 50.41436271501763], [127.35870169093825, 50.414358744995475], [127.35868926352204, 50.414718333576594], [127.35840788208412, 50.41471436282377], [127.35835816137968, 50.41615271670076], [127.35778916416629, 50.41632456690741]]]}}, {"id": "128", "type": "Feature", "properties": {"contour_id": "flood_0129", "area_ha": 1.54, "pair_id": "flood_2019_07_amur__blagoveshchensk", "layer": "flood", "aoi_name": "Благовещенск — слияние Амура и Зеи", "event_name": "Паводок в Приамурье, июль 2019", "date_peak": "2019-07-25"}, "geometry": {"type": "Polygon", "coordinates": [[[127.57982710461975, 50.29198199933548], [127.58011849519676, 50.29162579517805], [127.5800102688735, 50.29054518043566], [127.58043128523727, 50.29055032325425], [127.58044466220566, 50.29010078134432], [127.58072266236861, 50.290194117384694], [127.58072801203105, 50.290014300591466], [127.58044733755864, 50.29001087295783], [127.58045803883486, 50.289651239396825], [127.58130540345805, 50.28948170328016], [127.58114634980977, 50.29010934918532], [127.58196432275827, 50.29092880095418], [127.58098729181077, 50.29073699477147], [127.58082822946075, 50.291364640038545], [127.58040185471266, 50.291539315323945], [127.58053417043602, 50.29181075441255], [127.57982710461975, 50.29198199933548]], [[127.58084962708158, 50.290645372942315], [127.58098729181077, 50.29073699477147], [127.58098996620161, 50.29064708637375], [127.58084962708158, 50.290645372942315]], [[127.58073603642296, 50.28974457539036], [127.58087369836726, 50.28983619734412], [127.58087637288673, 50.289746288936826], [127.58073603642296, 50.28974457539036]]]}}, {"id": "129", "type": "Feature", "properties": {"contour_id": "flood_0130", "area_ha": 1.53, "pair_id": "flood_2019_07_amur__blagoveshchensk", "layer": "flood", "aoi_name": "Благовещенск — слияние Амура и Зеи", "event_name": "Паводок в Приамурье, июль 2019", "date_peak": "2019-07-25"}, "geometry": {"type": "Polygon", "coordinates": [[[127.73562574568176, 50.33047655528373], [127.73437111340711, 50.33010314685476], [127.73437589077965, 50.32992331998916], [127.73226893819793, 50.329900365365006], [127.73214043920295, 50.32944926689821], [127.7307549826573, 50.32871463458736], [127.73131921644023, 50.32863085341613], [127.73159056039772, 50.328993571896355], [127.73395927895854, 50.32973890527539], [127.73564244992201, 50.3298471609642], [127.73563290471454, 50.33020681486996], [127.73520912414122, 50.33029214499336], [127.7356305183824, 50.33029672834269], [127.73562574568176, 50.33047655528373]], [[127.73283557510523, 50.3297266635654], [127.73311650099576, 50.329729725010715], [127.73311889202394, 50.32963981161643], [127.73284035820919, 50.32954683679478], [127.73283557510523, 50.3297266635654]]]}}, {"id": "130", "type": "Feature", "properties": {"contour_id": "flood_0131", "area_ha": 1.53, "pair_id": "flood_2019_07_amur__blagoveshchensk", "layer": "flood", "aoi_name": "Благовещенск — слияние Амура и Зеи", "event_name": "Паводок в Приамурье, июль 2019", "date_peak": "2019-07-25"}, "geometry": {"type": "Polygon", "coordinates": [[[127.34957601420842, 50.304230737506614], [127.3495946853995, 50.303691346792625], [127.35001577237534, 50.30369732514904], [127.35017479901055, 50.30315992667465], [127.35059899128214, 50.30307600437336], [127.35032449093015, 50.30289222341377], [127.3508859310617, 50.30290019060142], [127.35089525888068, 50.30263049501152], [127.35033382192127, 50.302622527899665], [127.35034004250313, 50.30244273088259], [127.35076422808723, 50.30235880790285], [127.35121328096753, 50.30155569490145], [127.35177159813529, 50.301653556232644], [127.3517622755947, 50.30192325198696], [127.3524671682558, 50.301843303116385], [127.35189641827667, 50.302105039449074], [127.3520305619687, 50.302286826760884], [127.3517374147929, 50.302642440597495], [127.35087971243685, 50.30307998765366], [127.34957601420842, 50.304230737506614]], [[127.35016546694239, 50.303429622142104], [127.35030271806535, 50.303521512892814], [127.35030582852193, 50.30343161440042], [127.35016546694239, 50.303429622142104]]]}}, {"id": "131", "type": "Feature", "properties": {"contour_id": "flood_0132", "area_ha": 1.51, "pair_id": "flood_2019_07_amur__blagoveshchensk", "layer": "flood", "aoi_name": "Благовещенск — слияние Амура и Зеи", "event_name": "Паводок в Приамурье, июль 2019", "date_peak": "2019-07-25"}, "geometry": {"type": "Polygon", "coordinates": [[[127.34931426342285, 50.307734782388934], [127.3497602815338, 50.307021574854836], [127.35004102579607, 50.30702556038529], [127.3506273962984, 50.30631434175921], [127.35119509497804, 50.306142510894844], [127.3510671625734, 50.30578092568084], [127.35149759367906, 50.30551720334582], [127.35165350213853, 50.30506970143141], [127.35294164648266, 50.304368421177216], [127.35234912128892, 50.30525944939759], [127.35163485332126, 50.305609092575565], [127.35161931220661, 50.30605858515342], [127.35075221672375, 50.30676582586895], [127.35074288672801, 50.30703552124662], [127.34988509541628, 50.30747305978053], [127.34987576028239, 50.30774275500752], [127.34931426342285, 50.307734782388934]]]}}, {"id": "132", "type": "Feature", "properties": {"contour_id": "flood_0133", "area_ha": 1.5, "pair_id": "flood_2019_07_amur__blagoveshchensk", "layer": "flood", "aoi_name": "Благовещенск — слияние Амура и Зеи", "event_name": "Паводок в Приамурье, июль 2019", "date_peak": "2019-07-25"}, "geometry": {"type": "Polygon", "coordinates": [[[127.67022797833664, 50.32767834688261], [127.67024303524356, 50.32713887973824], [127.66996715154889, 50.326955844147655], [127.67025558231576, 50.32668932374366], [127.67013771813434, 50.32587851640694], [127.67042112336189, 50.32579181792073], [127.67044119487771, 50.32507252809204], [127.67101300917291, 50.32471930631318], [127.67102805561368, 50.3241798387211], [127.67145941264086, 50.323825009074824], [127.67132398473844, 50.323643581521225], [127.67217164545903, 50.32347338614662], [127.67217665639693, 50.323293563498716], [127.67260048291227, 50.32320846344045], [127.67261050140702, 50.322848818059775], [127.67345814351933, 50.322678613134414], [127.67131144909955, 50.32409313794729], [127.6712913914157, 50.32481242815153], [127.67055655375496, 50.325973246481546], [127.67052142999277, 50.32723200348206], [127.67022797833664, 50.32767834688261]]]}}, {"id": "133", "type": "Feature", "properties": {"contour_id": "flood_0134", "area_ha": 1.5, "pair_id": "flood_2019_07_amur__blagoveshchensk", "layer": "flood", "aoi_name": "Благовещенск — слияние Амура и Зеи", "event_name": "Паводок в Приамурье, июль 2019", "date_peak": "2019-07-25"}, "geometry": {"type": "Polygon", "coordinates": [[[127.49138794761828, 50.278365829505354], [127.49084381607439, 50.27781911354837], [127.49085234485896, 50.2775493986061], [127.4939388376917, 50.27758943756919], [127.49393032633402, 50.27785915289242], [127.49321181509238, 50.2783894906683], [127.49307719510207, 50.278207861467955], [127.49138794761828, 50.278365829505354]]]}}, {"id": "134", "type": "Feature", "properties": {"contour_id": "flood_0135", "area_ha": 1.48, "pair_id": "flood_2019_07_amur__blagoveshchensk", "layer": "flood", "aoi_name": "Благовещенск — слияние Амура и Зеи", "event_name": "Паводок в Приамурье, июль 2019", "date_peak": "2019-07-25"}, "geometry": {"type": "Polygon", "coordinates": [[[127.7579594838407, 50.341509988755895], [127.75741860307761, 50.340694757735555], [127.7572992231753, 50.33988402966663], [127.75734614569885, 50.338085748013654], [127.75762712352042, 50.3380887506035], [127.75763885075638, 50.337639180050246], [127.75791044633051, 50.33800183839734], [127.75786823557337, 50.33962029228119], [127.7584138005661, 50.34025569312745], [127.75785181923725, 50.3402496908845], [127.75796417408512, 50.34133016062275], [127.75824517111204, 50.34133316185852], [127.75824048192808, 50.34151299001069], [127.7579594838407, 50.341509988755895]]]}}, {"id": "135", "type": "Feature", "properties": {"contour_id": "flood_0136", "area_ha": 1.48, "pair_id": "flood_2019_07_amur__blagoveshchensk", "layer": "flood", "aoi_name": "Благовещенск — слияние Амура и Зеи", "event_name": "Паводок в Приамурье, июль 2019", "date_peak": "2019-07-25"}, "geometry": {"type": "Polygon", "coordinates": [[[127.7247697503225, 50.40006069770719], [127.72409778185066, 50.39888412873207], [127.72412433474312, 50.39789509659522], [127.72455115224646, 50.397719900505976], [127.72537101755489, 50.39862827242668], [127.72506797638945, 50.39943439756316], [127.72519899705568, 50.39979558741396], [127.72505109083895, 50.400063781734616], [127.7247697503225, 50.40006069770719]]]}}, {"id": "136", "type": "Feature", "properties": {"contour_id": "flood_0137", "area_ha": 1.46, "pair_id": "flood_2019_07_amur__blagoveshchensk", "layer": "flood", "aoi_name": "Благовещенск — слияние Амура и Зеи", "event_name": "Паводок в Приамурье, июль 2019", "date_peak": "2019-07-25"}, "geometry": {"type": "Polygon", "coordinates": [[[127.72161052792254, 50.38149866430372], [127.72105290382629, 50.38131265622885], [127.72105774023919, 50.381132831884536], [127.72049044559013, 50.38130646981254], [127.71951340751887, 50.38102590068457], [127.719520670777, 50.3807561643146], [127.71896064158257, 50.38066005843214], [127.71896548579403, 50.38048023421443], [127.7195327759612, 50.38030660366832], [127.71926366046763, 50.379853946535235], [127.71968307035648, 50.3799485030995], [127.71994734991156, 50.38058098357856], [127.72120077221987, 50.38104446587465], [127.72205412042376, 50.38069409044317], [127.72193525597062, 50.37988333536355], [127.72249528232254, 50.37997942691102], [127.72262864765844, 50.38025070805119], [127.72219473323962, 50.380695635398475], [127.72232326720656, 50.38114674129129], [127.72161052792254, 50.38149866430372]], [[127.72036192864424, 50.38085536203443], [127.72050012261788, 50.380946821196524], [127.7205025418441, 50.38085690903882], [127.72036192864424, 50.38085536203443]]]}}, {"id": "137", "type": "Feature", "properties": {"contour_id": "flood_0138", "area_ha": 1.45, "pair_id": "flood_2019_07_amur__blagoveshchensk", "layer": "flood", "aoi_name": "Благовещенск — слияние Амура и Зеи", "event_name": "Паводок в Приамурье, июль 2019", "date_peak": "2019-07-25"}, "geometry": {"type": "Polygon", "coordinates": [[[127.55197167309754, 50.2429799033791], [127.551979846402, 50.242710179375536], [127.55240043610264, 50.242715420112575], [127.55241950112874, 50.242086063935204], [127.55411544068444, 50.241657470697156], [127.5541236015086, 50.241387746376695], [127.55439854765459, 50.241571051369384], [127.55409911866388, 50.24219691929743], [127.55325794788115, 50.24218644867464], [127.55324161587654, 50.242725897021465], [127.55464358326978, 50.24274334500987], [127.55463542498792, 50.243013069328924], [127.55197167309754, 50.2429799033791]]]}}, {"id": "138", "type": "Feature", "properties": {"contour_id": "flood_0139", "area_ha": 1.41, "pair_id": "flood_2019_07_amur__blagoveshchensk", "layer": "flood", "aoi_name": "Благовещенск — слияние Амура и Зеи", "event_name": "Паводок в Приамурье, июль 2019", "date_peak": "2019-07-25"}, "geometry": {"type": "Polygon", "coordinates": [[[127.42094513229014, 50.273652471115454], [127.4209629769379, 50.2731130585875], [127.42012131331253, 50.27310161928904], [127.42013024018372, 50.27283191311329], [127.42097189905824, 50.272843352302914], [127.42098082104286, 50.27257364600458], [127.42182247570935, 50.27258507899312], [127.42183139280753, 50.272315372572265], [127.422395464333, 50.27223308894005], [127.42279252455421, 50.27295801848863], [127.42307010847163, 50.27305172799552], [127.42264630581684, 50.273135918907265], [127.42265521843538, 50.272866212405184], [127.42223438838765, 50.27286049966424], [127.42222547339367, 50.27313020611197], [127.4218046411061, 50.273124491793574], [127.42178680596034, 50.27366390453909], [127.42094513229014, 50.273652471115454]]]}}, {"id": "139", "type": "Feature", "properties": {"contour_id": "flood_0140", "area_ha": 1.4, "pair_id": "flood_2019_07_amur__blagoveshchensk", "layer": "flood", "aoi_name": "Благовещенск — слияние Амура и Зеи", "event_name": "Паводок в Приамурье, июль 2019", "date_peak": "2019-07-25"}, "geometry": {"type": "Polygon", "coordinates": [[[127.55592817128495, 50.23736279934589], [127.5565051880873, 50.236830317451805], [127.55678554727847, 50.236833800233626], [127.55679369164285, 50.23656407537076], [127.55707133506083, 50.23665746574344], [127.55750815298858, 50.23612323767797], [127.5582144651133, 50.23595212051918], [127.55821988915913, 50.23577230380496], [127.55878059561037, 50.2357792603135], [127.5595004461139, 50.235158593251235], [127.56020673703169, 50.23498746376902], [127.56019861237792, 50.235257189110236], [127.55977808684901, 50.235251977152764], [127.55976183242882, 50.235791427695396], [127.55807157570094, 50.23604028930775], [127.55805530157039, 50.23657973937215], [127.55763476480413, 50.23657451955975], [127.55761848543638, 50.237113969470656], [127.55592817128495, 50.23736279934589]]]}}, {"id": "140", "type": "Feature", "properties": {"contour_id": "flood_0141", "area_ha": 1.39, "pair_id": "flood_2019_07_amur__blagoveshchensk", "layer": "flood", "aoi_name": "Благовещенск — слияние Амура и Зеи", "event_name": "Паводок в Приамурье, июль 2019", "date_peak": "2019-07-25"}, "geometry": {"type": "Polygon", "coordinates": [[[127.33200410812728, 50.36091342471986], [127.33203246975272, 50.360104353751986], [127.3311893059653, 50.36009225549183], [127.33122713854317, 50.35901349446779], [127.33038399442519, 50.359001390558156], [127.33043445973274, 50.35756304279538], [127.33071234579144, 50.357656974665495], [127.33083394649249, 50.35819837253588], [127.33138657645242, 50.358476130558394], [127.3312334437487, 50.3588337009422], [127.33162349572014, 50.359738718325566], [127.33285358632442, 50.36074572360061], [127.33284728681143, 50.36092551721498], [127.33200410812728, 50.36091342471986]]]}}, {"id": "141", "type": "Feature", "properties": {"contour_id": "flood_0142", "area_ha": 1.39, "pair_id": "flood_2019_07_amur__blagoveshchensk", "layer": "flood", "aoi_name": "Благовещенск — слияние Амура и Зеи", "event_name": "Паводок в Приамурье, июль 2019", "date_peak": "2019-07-25"}, "geometry": {"type": "Polygon", "coordinates": [[[127.71215267851727, 50.40351923153084], [127.71159239748042, 50.40342308861151], [127.71161190120552, 50.40270379661159], [127.71175989145178, 50.40243562013941], [127.71204124459646, 50.40243873573372], [127.71205099282092, 50.40207908962103], [127.71331220370939, 50.402272924347436], [127.71330489966758, 50.402542659058724], [127.71302354576801, 50.402539546515754], [127.71314474259418, 50.40326039533093], [127.71215267851727, 50.40351923153084]]]}}, {"id": "142", "type": "Feature", "properties": {"contour_id": "flood_0143", "area_ha": 1.39, "pair_id": "flood_2019_07_amur__blagoveshchensk", "layer": "flood", "aoi_name": "Благовещенск — слияние Амура и Зеи", "event_name": "Паводок в Приамурье, июль 2019", "date_peak": "2019-07-25"}, "geometry": {"type": "Polygon", "coordinates": [[[127.74877436849125, 50.23636164598447], [127.74695426590586, 50.236252091328], [127.7469613371456, 50.23598234534531], [127.74724406984866, 50.23589545326242], [127.74726292165043, 50.23517613048833], [127.74698490716841, 50.23508319197355], [127.74713687586012, 50.234635126873435], [127.7468588647561, 50.234542188073966], [127.74686593610562, 50.234272442021336], [127.74769761249226, 50.23464117174768], [127.74767876758817, 50.23536049470782], [127.74865065655145, 50.23573072857543], [127.7485057608512, 50.23590904950738], [127.74878378313075, 50.2360019844281], [127.74877436849125, 50.23636164598447]]]}}, {"id": "143", "type": "Feature", "properties": {"contour_id": "flood_0144", "area_ha": 1.38, "pair_id": "flood_2019_07_amur__blagoveshchensk", "layer": "flood", "aoi_name": "Благовещенск — слияние Амура и Зеи", "event_name": "Паводок в Приамурье, июль 2019", "date_peak": "2019-07-25"}, "geometry": {"type": "Polygon", "coordinates": [[[127.63095386492452, 50.24222845929287], [127.63082396923673, 50.24186716308715], [127.63153268756966, 50.24160568786158], [127.63168318317805, 50.241247694543134], [127.6329655326172, 50.2405432572647], [127.63298096362476, 50.24000379025829], [127.63368450167684, 50.23992212387492], [127.63407681438821, 50.240916092000184], [127.63281504890554, 50.240901252383026], [127.63152496351351, 50.24187542113379], [127.63137446465353, 50.24223341418371], [127.63095386492452, 50.24222845929287]]]}}, {"id": "144", "type": "Feature", "properties": {"contour_id": "flood_0145", "area_ha": 1.37, "pair_id": "flood_2019_07_amur__blagoveshchensk", "layer": "flood", "aoi_name": "Благовещенск — слияние Амура и Зеи", "event_name": "Паводок в Приамурье, июль 2019", "date_peak": "2019-07-25"}, "geometry": {"type": "Polygon", "coordinates": [[[127.41099954355742, 50.28152179098415], [127.4110145119476, 50.281072283319894], [127.41227721284977, 50.28108954086219], [127.41228618657235, 50.28081983608108], [127.41397874426055, 50.2805731195761], [127.4139877082045, 50.2803034145488], [127.41525039058375, 50.28032063960574], [127.41525934726222, 50.28005093440078], [127.41695186320642, 50.27980417415947], [127.41694589853033, 50.279983977785676], [127.41383246893554, 50.28075100814806], [127.41354290386005, 50.28101688304607], [127.41099954355742, 50.28152179098415]]]}}, {"id": "145", "type": "Feature", "properties": {"contour_id": "flood_0146", "area_ha": 1.36, "pair_id": "flood_2019_07_amur__blagoveshchensk", "layer": "flood", "aoi_name": "Благовещенск — слияние Амура и Зеи", "event_name": "Паводок в Приамурье, июль 2019", "date_peak": "2019-07-25"}, "geometry": {"type": "Polygon", "coordinates": [[[127.62774421496536, 50.20747310623939], [127.62860284166781, 50.206853652151786], [127.62862088035824, 50.206224271450715], [127.62834842413051, 50.205951228849216], [127.62839739231795, 50.20424290954803], [127.62881765769383, 50.20424787098518], [127.6292173182023, 50.20497212355733], [127.62902828240455, 50.20667878995039], [127.6285976876388, 50.20703347519577], [127.62872747710222, 50.207394775092816], [127.62774421496536, 50.20747310623939]]]}}, {"id": "146", "type": "Feature", "properties": {"contour_id": "flood_0147", "area_ha": 1.36, "pair_id": "flood_2019_07_amur__blagoveshchensk", "layer": "flood", "aoi_name": "Благовещенск — слияние Амура и Зеи", "event_name": "Паводок в Приамурье, июль 2019", "date_peak": "2019-07-25"}, "geometry": {"type": "Polygon", "coordinates": [[[127.73715943738974, 50.42097159716173], [127.73574971572506, 50.42104622413552], [127.73577125949386, 50.42023701548348], [127.73619823710689, 50.42006177849141], [127.73578801507703, 50.41960763089345], [127.7359335304818, 50.41942933590413], [127.73621498692786, 50.41943239377873], [127.73620780850614, 50.419702130093036], [127.7370521829292, 50.41971129972001], [127.73715943738974, 50.42097159716173]]]}}, {"id": "147", "type": "Feature", "properties": {"contour_id": "flood_0148", "area_ha": 1.36, "pair_id": "flood_2019_07_amur__blagoveshchensk", "layer": "flood", "aoi_name": "Благовещенск — слияние Амура и Зеи", "event_name": "Паводок в Приамурье, июль 2019", "date_peak": "2019-07-25"}, "geometry": {"type": "Polygon", "coordinates": [[[127.67773203590814, 50.219205584318864], [127.67717895610035, 50.21892946388445], [127.67746668340114, 50.21866291528947], [127.67676601611771, 50.21865493701618], [127.67678094121527, 50.21811545827222], [127.67650565353372, 50.217932439601256], [127.67625276377657, 50.216940202201165], [127.67681825197457, 50.216766761177844], [127.6772311761669, 50.21704128782116], [127.67720879681859, 50.21785050621441], [127.67775689314716, 50.218306452784404], [127.67773203590814, 50.219205584318864]]]}}, {"id": "148", "type": "Feature", "properties": {"contour_id": "flood_0149", "area_ha": 1.36, "pair_id": "flood_2019_07_amur__blagoveshchensk", "layer": "flood", "aoi_name": "Благовещенск — слияние Амура и Зеи", "event_name": "Паводок в Приамурье, июль 2019", "date_peak": "2019-07-25"}, "geometry": {"type": "Polygon", "coordinates": [[[127.72912081967942, 50.37942244296647], [127.72843219723187, 50.378875283718656], [127.72845383328152, 50.378066071459045], [127.72971447914757, 50.37825972484111], [127.72970487271354, 50.378619374912795], [127.73011949148894, 50.37889371896973], [127.72996447651845, 50.37943165872836], [127.72912081967942, 50.37942244296647]]]}}, {"id": "149", "type": "Feature", "properties": {"contour_id": "flood_0150", "area_ha": 1.35, "pair_id": "flood_2019_07_amur__blagoveshchensk", "layer": "flood", "aoi_name": "Благовещенск — слияние Амура и Зеи", "event_name": "Паводок в Приамурье, июль 2019", "date_peak": "2019-07-25"}, "geometry": {"type": "Polygon", "coordinates": [[[127.58697522110725, 50.26868441807993], [127.58699650894275, 50.267965146252635], [127.58741732746591, 50.26797026211535], [127.58742530780614, 50.26770053510666], [127.58826694046559, 50.26771076216535], [127.58831479145404, 50.26609239924573], [127.58859532628027, 50.266095806716876], [127.58844176867679, 50.26654364839717], [127.58857140608248, 50.266904988334744], [127.58898955847347, 50.267000007495454], [127.58898158716661, 50.26726973471852], [127.5888253717143, 50.26780748587817], [127.58853951078761, 50.267983896969426], [127.5885262205087, 50.26843344217008], [127.5876898943375, 50.26824339887191], [127.58697522110725, 50.26868441807993]]]}}, {"id": "150", "type": "Feature", "properties": {"contour_id": "flood_0151", "area_ha": 1.34, "pair_id": "flood_2019_07_amur__blagoveshchensk", "layer": "flood", "aoi_name": "Благовещенск — слияние Амура и Зеи", "event_name": "Паводок в Приамурье, июль 2019", "date_peak": "2019-07-25"}, "geometry": {"type": "Polygon", "coordinates": [[[127.70837578417864, 50.22125919119643], [127.70711936073106, 50.22106533388491], [127.70713394476965, 50.22052584883275], [127.70742394634217, 50.22016931071531], [127.70784679438844, 50.22008407315734], [127.7085669144284, 50.21937255023438], [127.7088374796963, 50.219735322401434], [127.70939803332321, 50.219741550743315], [127.70938832797343, 50.220101207820335], [127.70755679647733, 50.22044061236379], [127.7076896480937, 50.22071191385957], [127.7082453557782, 50.22089797625584], [127.70837578417864, 50.22125919119643]]]}}, {"id": "151", "type": "Feature", "properties": {"contour_id": "flood_0152", "area_ha": 1.33, "pair_id": "flood_2019_07_amur__blagoveshchensk", "layer": "flood", "aoi_name": "Благовещенск — слияние Амура и Зеи", "event_name": "Паводок в Приамурье, июль 2019", "date_peak": "2019-07-25"}, "geometry": {"type": "Polygon", "coordinates": [[[127.61286180459659, 50.232570014422784], [127.61290615485787, 50.2310415352299], [127.61248565684785, 50.23103651430729], [127.61250131371044, 50.230497051054925], [127.6131995277641, 50.230595328827285], [127.61331100513104, 50.23158601802076], [127.61415201122848, 50.231596052450826], [127.6141598304744, 50.231326320667385], [127.61472049830924, 50.23133300684329], [127.61470486602046, 50.23187247052391], [127.61386385486453, 50.23186244005507], [127.61328492431421, 50.23248512355007], [127.61286180459659, 50.232570014422784]]]}}, {"id": "152", "type": "Feature", "properties": {"contour_id": "flood_0153", "area_ha": 1.3, "pair_id": "flood_2019_07_amur__blagoveshchensk", "layer": "flood", "aoi_name": "Благовещенск — слияние Амура и Зеи", "event_name": "Паводок в Приамурье, июль 2019", "date_peak": "2019-07-25"}, "geometry": {"type": "Polygon", "coordinates": [[[127.36216987629815, 50.20736014312076], [127.36218526404222, 50.20691064049251], [127.36275788639888, 50.206558937296464], [127.36276711551626, 50.20628923560752], [127.36376302971675, 50.20585354904673], [127.36377225293916, 50.20558384718951], [127.36405547753799, 50.205497892507935], [127.36446341064793, 50.205863412757076], [127.36445111805838, 50.20622301533692], [127.36259011770525, 50.20736606774368], [127.36216987629815, 50.20736014312076]]]}}, {"id": "153", "type": "Feature", "properties": {"contour_id": "flood_0154", "area_ha": 1.3, "pair_id": "flood_2019_07_amur__blagoveshchensk", "layer": "flood", "aoi_name": "Благовещенск — слияние Амура и Зеи", "event_name": "Паводок в Приамурье, июль 2019", "date_peak": "2019-07-25"}, "geometry": {"type": "Polygon", "coordinates": [[[127.75816220691195, 50.21505644113337], [127.7568963879817, 50.2152227857563], [127.75690807111724, 50.21477320577389], [127.7564923665698, 50.214588875012176], [127.75664417781769, 50.21414079478064], [127.7562448441153, 50.21332705113918], [127.75626120789435, 50.21269763910252], [127.75639431605018, 50.21296888713449], [127.75681467952005, 50.21297338614297], [127.75679364942467, 50.21378263030807], [127.75791463814913, 50.21379462057269], [127.75776750979978, 50.21406287050916], [127.75677962882841, 50.21432212635158], [127.75677261837049, 50.214591874353395], [127.75761337405658, 50.214600868322194], [127.75760636823019, 50.21487061639625], [127.75802674860196, 50.21487511114255], [127.75817387808392, 50.21460686092235], [127.75816220691195, 50.21505644113337]]]}}, {"id": "154", "type": "Feature", "properties": {"contour_id": "flood_0155", "area_ha": 1.29, "pair_id": "flood_2019_07_amur__blagoveshchensk", "layer": "flood", "aoi_name": "Благовещенск — слияние Амура и Зеи", "event_name": "Паводок в Приамурье, июль 2019", "date_peak": "2019-07-25"}, "geometry": {"type": "Polygon", "coordinates": [[[127.71929365735015, 50.18522361057184], [127.71917045433376, 50.18459266033078], [127.71875515754176, 50.184408196724945], [127.71918969351941, 50.18387333897389], [127.71988986364931, 50.18388105757763], [127.72071805825864, 50.18433989046119], [127.72013869162537, 50.18505304143977], [127.71929365735015, 50.18522361057184]]]}}, {"id": "155", "type": "Feature", "properties": {"contour_id": "flood_0156", "area_ha": 1.29, "pair_id": "flood_2019_07_amur__blagoveshchensk", "layer": "flood", "aoi_name": "Благовещенск — слияние Амура и Зеи", "event_name": "Паводок в Приамурье, июль 2019", "date_peak": "2019-07-25"}, "geometry": {"type": "Polygon", "coordinates": [[[127.58969678282972, 50.309550695592534], [127.58970476204846, 50.30928097025871], [127.58929422058297, 50.30891622591911], [127.58887570171545, 50.30882120543242], [127.58872732406385, 50.30908922631986], [127.58844653635782, 50.30908581706818], [127.58832477855968, 50.308454753380744], [127.58762281885788, 50.3084462266275], [127.58749840969878, 50.307905070498315], [127.58777919033744, 50.307908481982096], [127.58791159174834, 50.30817991266025], [127.58903206041343, 50.30828345902728], [127.58916180930834, 50.308644796766266], [127.5905551035673, 50.30902146144803], [127.59053915477539, 50.309560912323654], [127.58969678282972, 50.309550695592534]]]}}, {"id": "156", "type": "Feature", "properties": {"contour_id": "flood_0157", "area_ha": 1.29, "pair_id": "flood_2019_07_amur__blagoveshchensk", "layer": "flood", "aoi_name": "Благовещенск — слияние Амура и Зеи", "event_name": "Паводок в Приамурье, июль 2019", "date_peak": "2019-07-25"}, "geometry": {"type": "Polygon", "coordinates": [[[127.57291912176466, 50.23190639066964], [127.57292717369653, 50.23163666367191], [127.57757671489472, 50.23088420250064], [127.57756868940544, 50.231153930078506], [127.57587868452447, 50.23140305312733], [127.57587064930892, 50.23167278048214], [127.5746091590272, 50.23165731097619], [127.57460111657771, 50.23192703817034], [127.57291912176466, 50.23190639066964]]]}}, {"id": "157", "type": "Feature", "properties": {"contour_id": "flood_0158", "area_ha": 1.28, "pair_id": "flood_2019_07_amur__blagoveshchensk", "layer": "flood", "aoi_name": "Благовещенск — слияние Амура и Зеи", "event_name": "Паводок в Приамурье, июль 2019", "date_peak": "2019-07-25"}, "geometry": {"type": "Polygon", "coordinates": [[[127.64240119954016, 50.20458729593203], [127.64212612181078, 50.20440419708338], [127.64213632719976, 50.2040445488006], [127.64117102564133, 50.20349360994159], [127.64118379090446, 50.20304404969147], [127.64188932283099, 50.2028724165221], [127.64215928856909, 50.203235340076986], [127.64271453351054, 50.20342171273536], [127.64310929963484, 50.20432574345754], [127.64240119954016, 50.20458729593203]], [[127.64254894158167, 50.204319196789264], [127.64268648076106, 50.20441074579885], [127.64268903107559, 50.20432083370964], [127.64254894158167, 50.204319196789264]]]}}, {"id": "158", "type": "Feature", "properties": {"contour_id": "flood_0159", "area_ha": 1.27, "pair_id": "flood_2019_07_amur__blagoveshchensk", "layer": "flood", "aoi_name": "Благовещенск — слияние Амура и Зеи", "event_name": "Паводок в Приамурье, июль 2019", "date_peak": "2019-07-25"}, "geometry": {"type": "Polygon", "coordinates": [[[127.58853066928373, 50.144762937488494], [127.5872979469152, 50.14384851537237], [127.58645848999424, 50.143838299499066], [127.58648764200306, 50.14284927956766], [127.58690471242471, 50.14294429901104], [127.58689676435637, 50.14321403178169], [127.58745639507211, 50.143220840864856], [127.58772297132467, 50.14367379914499], [127.58882372335279, 50.14431678363137], [127.5889530518157, 50.14467812778521], [127.58853066928373, 50.144762937488494]], [[127.5866195989726, 50.14312071531787], [127.58675685671092, 50.143212329089664], [127.58675950634253, 50.14312241817301], [127.5866195989726, 50.14312071531787]]]}}, {"id": "159", "type": "Feature", "properties": {"contour_id": "flood_0160", "area_ha": 1.27, "pair_id": "flood_2019_07_amur__blagoveshchensk", "layer": "flood", "aoi_name": "Благовещенск — слияние Амура и Зеи", "event_name": "Паводок в Приамурье, июль 2019", "date_peak": "2019-07-25"}, "geometry": {"type": "Polygon", "coordinates": [[[127.7283296991906, 50.266899386766326], [127.72833448861951, 50.26671955835562], [127.72777577535089, 50.26662350303774], [127.72778296253455, 50.26635376046455], [127.7289147466171, 50.26600638291939], [127.72988949826876, 50.2662868611784], [127.73017722405413, 50.26602018411632], [127.73073593532887, 50.26611622788164], [127.7307287648852, 50.26638597077464], [127.73030076272194, 50.266651116707635], [127.72889799147485, 50.26663578255021], [127.72889320418211, 50.266815611002826], [127.7283296991906, 50.266899386766326]]]}}, {"id": "160", "type": "Feature", "properties": {"contour_id": "flood_0161", "area_ha": 1.27, "pair_id": "flood_2019_07_amur__blagoveshchensk", "layer": "flood", "aoi_name": "Благовещенск — слияние Амура и Зеи", "event_name": "Паводок в Приамурье, июль 2019", "date_peak": "2019-07-25"}, "geometry": {"type": "Polygon", "coordinates": [[[127.30499909777741, 50.45190352143334], [127.30556870972971, 50.45173193665411], [127.30571914040908, 50.45146430464878], [127.30642312002897, 50.451474554170126], [127.30643274988847, 50.451204871618636], [127.30727752117309, 50.45121716530809], [127.30728714608789, 50.4509474826256], [127.30855429691924, 50.450965911490805], [127.30856391449055, 50.450696228618874], [127.30940867764733, 50.45070850674983], [127.30941508608156, 50.450528718082865], [127.3098374662807, 50.45053485481072], [127.31012866169264, 50.45026926200183], [127.31111741163676, 50.45019367813562], [127.31096381419506, 50.45055121192643], [127.3071335173141, 50.45130501100343], [127.30584388087698, 50.45191582565169], [127.30499909777741, 50.45190352143334]]]}}, {"id": "161", "type": "Feature", "properties": {"contour_id": "flood_0162", "area_ha": 1.27, "pair_id": "flood_2019_07_amur__blagoveshchensk", "layer": "flood", "aoi_name": "Благовещенск — слияние Амура и Зеи", "event_name": "Паводок в Приамурье, июль 2019", "date_peak": "2019-07-25"}, "geometry": {"type": "Polygon", "coordinates": [[[127.34818412244539, 50.44155189089036], [127.34876284386488, 50.441110402819916], [127.35003913734532, 50.44085868854099], [127.35019240837494, 50.44050109944444], [127.3514686781757, 50.44024936922398], [127.35147804823923, 50.43997967995716], [127.35160944407748, 50.44025136380195], [127.35203174187811, 50.440257346514535], [127.35202237486854, 50.4405270358435], [127.35117777461484, 50.44051506877239], [127.35115903057617, 50.44105444716086], [127.35031442130335, 50.441042473733766], [127.35030504427401, 50.44131216279322], [127.3490381242443, 50.4412941909914], [127.34902873987848, 50.44156387986583], [127.34818412244539, 50.44155189089036]]]}}, {"id": "162", "type": "Feature", "properties": {"contour_id": "flood_0163", "area_ha": 1.25, "pair_id": "flood_2019_07_amur__blagoveshchensk", "layer": "flood", "aoi_name": "Благовещенск — слияние Амура и Зеи", "event_name": "Паводок в Приамурье, июль 2019", "date_peak": "2019-07-25"}, "geometry": {"type": "Polygon", "coordinates": [[[127.59523314275226, 50.3075490958711], [127.5936941606559, 50.307350606164086], [127.5932889101873, 50.306806058435896], [127.59400145297032, 50.30645491616618], [127.59512454483264, 50.306468494933625], [127.59523314275226, 50.3075490958711]]]}}, {"id": "163", "type": "Feature", "properties": {"contour_id": "flood_0164", "area_ha": 1.25, "pair_id": "flood_2019_07_amur__blagoveshchensk", "layer": "flood", "aoi_name": "Благовещенск — слияние Амура и Зеи", "event_name": "Паводок в Приамурье, июль 2019", "date_peak": "2019-07-25"}, "geometry": {"type": "Polygon", "coordinates": [[[127.72159480691633, 50.39777738461841], [127.72104909114746, 50.397141815933054], [127.72106844742831, 50.39642252048912], [127.72064646965434, 50.396417879987354], [127.72038209660727, 50.39578540204996], [127.72065615069073, 50.39605823228873], [127.72150251860013, 50.39597759968633], [127.72162624776337, 50.39660852935347], [127.72246779027182, 50.39670771372594], [127.72246295652018, 50.39688753768506], [127.72204097438862, 50.39688290221073], [127.72202646805212, 50.39742237396423], [127.72174030689376, 50.397599106625314], [127.72201679691543, 50.397782021770254], [127.72159480691633, 50.39777738461841]], [[127.72218646990221, 50.396704623599376], [127.72232471294527, 50.39679608072307], [127.72232713008088, 50.39670616874767], [127.72218646990221, 50.396704623599376]]]}}, {"id": "164", "type": "Feature", "properties": {"contour_id": "flood_0165", "area_ha": 1.25, "pair_id": "flood_2019_07_amur__blagoveshchensk", "layer": "flood", "aoi_name": "Благовещенск — слияние Амура и Зеи", "event_name": "Паводок в Приамурье, июль 2019", "date_peak": "2019-07-25"}, "geometry": {"type": "Polygon", "coordinates": [[[127.67127251825555, 50.25996518254491], [127.67071400386973, 50.25986885432425], [127.6707265166211, 50.25941929301393], [127.67100702191652, 50.25942250127283], [127.67101452783199, 50.259152764438234], [127.67046353238943, 50.258786698252436], [127.67102703743748, 50.25870320301747], [127.67103704489355, 50.258343553854026], [127.67131754390743, 50.25834676131405], [127.67226929637354, 50.2594369300623], [127.67211654404687, 50.259884889104875], [127.67141777505617, 50.259786961545124], [127.67127251825555, 50.25996518254491]]]}}, {"id": "165", "type": "Feature", "properties": {"contour_id": "flood_0166", "area_ha": 1.23, "pair_id": "flood_2019_07_amur__blagoveshchensk", "layer": "flood", "aoi_name": "Благовещенск — слияние Амура и Зеи", "event_name": "Паводок в Приамурье, июль 2019", "date_peak": "2019-07-25"}, "geometry": {"type": "Polygon", "coordinates": [[[127.66382612740924, 50.33551965686863], [127.66411716675431, 50.33516324192174], [127.66496757810383, 50.33490319037074], [127.66541167456919, 50.33409883044396], [127.66597859915576, 50.3339254569629], [127.66598615339342, 50.3336557241544], [127.66683149483826, 50.33357548051746], [127.666680957249, 50.33393351357445], [127.66582049871879, 50.33455322159689], [127.665669950323, 50.334911253201376], [127.66594838105476, 50.33500438806286], [127.66382612740924, 50.33551965686863]]]}}, {"id": "166", "type": "Feature", "properties": {"contour_id": "flood_0167", "area_ha": 1.23, "pair_id": "flood_2019_07_amur__blagoveshchensk", "layer": "flood", "aoi_name": "Благовещенск — слияние Амура и Зеи", "event_name": "Паводок в Приамурье, июль 2019", "date_peak": "2019-07-25"}, "geometry": {"type": "Polygon", "coordinates": [[[127.56270783705668, 50.240414947714584], [127.56285884243154, 50.24005704790896], [127.5634223029183, 50.23997407396351], [127.56342770814658, 50.23979425696331], [127.56597538712238, 50.23901625121233], [127.56595650264836, 50.23964561147339], [127.56426613956597, 50.23989456215481], [127.56425803640523, 50.24016428774724], [127.56383746695862, 50.24015909011328], [127.56382936130298, 50.24042881564272], [127.56270783705668, 50.240414947714584]]]}}, {"id": "167", "type": "Feature", "properties": {"contour_id": "flood_0168", "area_ha": 1.22, "pair_id": "flood_2019_07_amur__blagoveshchensk", "layer": "flood", "aoi_name": "Благовещенск — слияние Амура и Зеи", "event_name": "Паводок в Приамурье, июль 2019", "date_peak": "2019-07-25"}, "geometry": {"type": "Polygon", "coordinates": [[[127.56546396779231, 50.12981948803189], [127.56547203255874, 50.12954975714657], [127.5638017094934, 50.12925927740261], [127.56380709213985, 50.12907945692734], [127.56297867357713, 50.12870943263958], [127.56507663372659, 50.128735379570145], [127.5650685669704, 50.12900511044681], [127.56590775660094, 50.129015478708126], [127.56588356973958, 50.12982467155254], [127.56546396779231, 50.12981948803189]]]}}, {"id": "168", "type": "Feature", "properties": {"contour_id": "flood_0169", "area_ha": 1.22, "pair_id": "flood_2019_07_amur__blagoveshchensk", "layer": "flood", "aoi_name": "Благовещенск — слияние Амура и Зеи", "event_name": "Паводок в Приамурье, июль 2019", "date_peak": "2019-07-25"}, "geometry": {"type": "Polygon", "coordinates": [[[127.34639764039288, 50.310841316611146], [127.34627908918439, 50.31021003202262], [127.34669711501945, 50.31030592117001], [127.34656608821452, 50.310034229701984], [127.34727734284945, 50.30977451720464], [127.34772341106526, 50.309061318214574], [127.34885889054348, 50.30871768303971], [127.34812273866191, 50.30969659192475], [127.34769536698009, 50.30987040275089], [127.34768601866716, 50.31014009756862], [127.3474052564002, 50.31013610617369], [127.34724929048586, 50.310583601459236], [127.34639764039288, 50.310841316611146]]]}}, {"id": "169", "type": "Feature", "properties": {"contour_id": "flood_0170", "area_ha": 1.21, "pair_id": "flood_2019_07_amur__blagoveshchensk", "layer": "flood", "aoi_name": "Благовещенск — слияние Амура и Зеи", "event_name": "Паводок в Приамурье, июль 2019", "date_peak": "2019-07-25"}, "geometry": {"type": "Polygon", "coordinates": [[[127.774975354415, 50.36840233122997], [127.77427940753424, 50.36812518246053], [127.77415504621624, 50.3674943013033], [127.77387389304651, 50.367491337402434], [127.7738901133302, 50.366861937967286], [127.77360896392459, 50.3668589734528], [127.7734822966597, 50.36631800573778], [127.77306521475934, 50.36613372888262], [127.77349620365615, 50.3657785204817], [127.77419442830649, 50.365965759532635], [127.774042272287, 50.36641384887686], [127.77432110281548, 50.366506726556054], [127.77403995546327, 50.36650376309839], [127.77403532178047, 50.36668359153702], [127.77430952117527, 50.36695629768858], [127.77429793924094, 50.36740586878422], [127.77486487539159, 50.36723196537781], [127.77471272141038, 50.367680055519784], [127.77499156065343, 50.3677729316348], [127.774975354415, 50.36840233122997]]]}}, {"id": "170", "type": "Feature", "properties": {"contour_id": "flood_0171", "area_ha": 1.2, "pair_id": "flood_2019_07_amur__blagoveshchensk", "layer": "flood", "aoi_name": "Благовещенск — слияние Амура и Зеи", "event_name": "Паводок в Приамурье, июль 2019", "date_peak": "2019-07-25"}, "geometry": {"type": "Polygon", "coordinates": [[[127.42771407354878, 50.272664939328635], [127.42813786348457, 50.272580729805156], [127.42828998053844, 50.27222301740992], [127.42899135670142, 50.27223250117304], [127.43281126254716, 50.271294711527155], [127.43279945617867, 50.27165432204289], [127.43195781348524, 50.27164296868673], [127.43194895380108, 50.271912676449496], [127.43068648364566, 50.271895634830315], [127.43067761670066, 50.27216534241723], [127.42983596585393, 50.272153973614365], [127.42982709402327, 50.272423681079374], [127.42856461163909, 50.27240661628977], [127.42855573254724, 50.27267632357872], [127.42771407354878, 50.272664939328635]]]}}, {"id": "171", "type": "Feature", "properties": {"contour_id": "flood_0172", "area_ha": 1.2, "pair_id": "flood_2019_07_amur__blagoveshchensk", "layer": "flood", "aoi_name": "Благовещенск — слияние Амура и Зеи", "event_name": "Паводок в Приамурье, июль 2019", "date_peak": "2019-07-25"}, "geometry": {"type": "Polygon", "coordinates": [[[127.59390433138934, 50.2049098228213], [127.59381972780929, 50.203020011972505], [127.59438005914747, 50.20302679352618], [127.59437213627065, 50.20329652435893], [127.59478182641443, 50.2036612499534], [127.59474486169466, 50.204919993802676], [127.59390433138934, 50.2049098228213]]]}}, {"id": "172", "type": "Feature", "properties": {"contour_id": "flood_0173", "area_ha": 1.2, "pair_id": "flood_2019_07_amur__blagoveshchensk", "layer": "flood", "aoi_name": "Благовещенск — слияние Амура и Зеи", "event_name": "Паводок в Приамурье, июль 2019", "date_peak": "2019-07-25"}, "geometry": {"type": "Polygon", "coordinates": [[[127.7288018497545, 50.33346008717767], [127.72853290230243, 50.33300744924811], [127.72769967440479, 50.33263857659718], [127.72743794783078, 50.33191619669047], [127.72758562188977, 50.33164799455922], [127.72717622900396, 50.33119381616645], [127.72732630427687, 50.3308357011552], [127.72676444076308, 50.33082954951216], [127.72677885923044, 50.33029007055424], [127.72761684210873, 50.330479123209074], [127.72773569558845, 50.33128987903453], [127.7280166301411, 50.331292952869106], [127.72771168177073, 50.332189010780006], [127.72839963056484, 50.332736173460376], [127.7286853730158, 50.33255941936675], [127.72867337468007, 50.33300898532495], [127.72895431947181, 50.33301205696969], [127.72922566966412, 50.33337478075368], [127.7288018497545, 50.33346008717767]]]}}, {"id": "173", "type": "Feature", "properties": {"contour_id": "flood_0174", "area_ha": 1.18, "pair_id": "flood_2019_07_amur__blagoveshchensk", "layer": "flood", "aoi_name": "Благовещенск — слияние Амура и Зеи", "event_name": "Паводок в Приамурье, июль 2019", "date_peak": "2019-07-25"}, "geometry": {"type": "Polygon", "coordinates": [[[127.59156008186639, 50.2559683972412], [127.59159454640351, 50.25479957559644], [127.59201524978191, 50.25480467385034], [127.59203910139466, 50.25399548934064], [127.59260002992582, 50.25400228445035], [127.59299953985496, 50.25472665443386], [127.59243065435757, 50.254989589377566], [127.5924147572643, 50.2555290457288], [127.59198609633309, 50.2557936769749], [127.59170827250627, 50.25570036883287], [127.59156008186639, 50.2559683972412]]]}}, {"id": "174", "type": "Feature", "properties": {"contour_id": "flood_0175", "area_ha": 1.17, "pair_id": "flood_2019_07_amur__blagoveshchensk", "layer": "flood", "aoi_name": "Благовещенск — слияние Амура и Зеи", "event_name": "Паводок в Приамурье, июль 2019", "date_peak": "2019-07-25"}, "geometry": {"type": "Polygon", "coordinates": [[[127.41722947484946, 50.27989789777855], [127.41695186320642, 50.27980417415947], [127.41696081010716, 50.27953446870872], [127.41738169792164, 50.27954020108991], [127.41739064230998, 50.27927049557087], [127.41823241359457, 50.27928195565393], [127.41824135309434, 50.2790122500121], [127.41992488778995, 50.279035151679246], [127.41993381764883, 50.27876544580578], [127.42035469928618, 50.27877116735961], [127.42036362663306, 50.27850146141797], [127.42204714503524, 50.27852433218168], [127.4194950715412, 50.27929913435283], [127.41737871642864, 50.27963010292654], [127.41722947484946, 50.27989789777855]]]}}, {"id": "175", "type": "Feature", "properties": {"contour_id": "flood_0176", "area_ha": 1.16, "pair_id": "flood_2019_07_amur__blagoveshchensk", "layer": "flood", "aoi_name": "Благовещенск — слияние Амура и Зеи", "event_name": "Паводок в Приамурье, июль 2019", "date_peak": "2019-07-25"}, "geometry": {"type": "Polygon", "coordinates": [[[127.79464384758028, 50.269135064536904], [127.79493123188645, 50.26886822483685], [127.79465292767566, 50.268775398838976], [127.7947977539651, 50.26859702083757], [127.79648572365963, 50.26843463292674], [127.79663734073951, 50.267986503065465], [127.79622102090063, 50.26780231170141], [127.79623915629213, 50.26708297969935], [127.79736820645014, 50.26682484865173], [127.79722113017513, 50.26709314655632], [127.79651972020126, 50.26708588536199], [127.79650838830798, 50.26753546792041], [127.79693150382774, 50.26744990869136], [127.79706499081905, 50.26772111035645], [127.79676402953561, 50.26852745455224], [127.79605579658228, 50.26878993987747], [127.7960512618385, 50.26896977282163], [127.79464384758028, 50.269135064536904]], [[127.79650385547026, 50.26771530093345], [127.79664187311812, 50.26780667005205], [127.79664413929021, 50.26771675354311], [127.79650385547026, 50.26771530093345]]]}}, {"id": "176", "type": "Feature", "properties": {"contour_id": "flood_0177", "area_ha": 1.16, "pair_id": "flood_2019_07_amur__blagoveshchensk", "layer": "flood", "aoi_name": "Благовещенск — слияние Амура и Зеи", "event_name": "Паводок в Приамурье, июль 2019", "date_peak": "2019-07-25"}, "geometry": {"type": "Polygon", "coordinates": [[[127.6667358602295, 50.336992096323506], [127.66520065293093, 50.33661472269046], [127.66520569251914, 50.33643490096015], [127.66591312427721, 50.33626314074167], [127.66618904542808, 50.336446185969024], [127.66662055100379, 50.33609137617337], [127.66717994711973, 50.33618772984299], [127.66731287809085, 50.33645907294221], [127.66801527392016, 50.33646712178639], [127.66828869042995, 50.33674007306699], [127.6667358602295, 50.336992096323506]], [[127.665903050452, 50.336622784310556], [127.6660410117713, 50.3367143070192], [127.66604352999455, 50.33662439612558], [127.665903050452, 50.336622784310556]]]}}, {"id": "177", "type": "Feature", "properties": {"contour_id": "flood_0178", "area_ha": 1.16, "pair_id": "flood_2019_07_amur__blagoveshchensk", "layer": "flood", "aoi_name": "Благовещенск — слияние Амура и Зеи", "event_name": "Паводок в Приамурье, июль 2019", "date_peak": "2019-07-25"}, "geometry": {"type": "Polygon", "coordinates": [[[127.37907047690481, 50.242135525579634], [127.37839091553072, 50.24149643985338], [127.37797037082068, 50.24149056950354], [127.3778423965886, 50.24112900960574], [127.37854634964069, 50.24104889266909], [127.37881451038572, 50.24141240794667], [127.37980492478961, 50.241156393575174], [127.37993291399096, 50.2415179514538], [127.38035041222665, 50.24161371550608], [127.37991157827086, 50.242147256904715], [127.37907047690481, 50.242135525579634]]]}}, {"id": "178", "type": "Feature", "properties": {"contour_id": "flood_0179", "area_ha": 1.16, "pair_id": "flood_2019_07_amur__blagoveshchensk", "layer": "flood", "aoi_name": "Благовещенск — слияние Амура и Зеи", "event_name": "Паводок в Приамурье, июль 2019", "date_peak": "2019-07-25"}, "geometry": {"type": "Polygon", "coordinates": [[[127.76033697553851, 50.22308440868103], [127.75938624284782, 50.221905029309205], [127.75897046709379, 50.221720707106286], [127.75898213342538, 50.22127112727606], [127.7587041760156, 50.221178217015776], [127.75872284565, 50.22045888927468], [127.75901013141552, 50.22019213553277], [127.75914094243609, 50.22055329632905], [127.75984166008749, 50.22056077808522], [127.75955204454115, 50.22091744988008], [127.75968052962433, 50.22136852605972], [127.75911994604738, 50.221362540145975], [127.75911294703842, 50.22163228805835], [127.75981368048903, 50.2216397700992], [127.75993517531062, 50.222360593929395], [127.76061960782987, 50.222997483116316], [127.76033697553851, 50.22308440868103]]]}}, {"id": "179", "type": "Feature", "properties": {"contour_id": "flood_0180", "area_ha": 1.16, "pair_id": "flood_2019_07_amur__blagoveshchensk", "layer": "flood", "aoi_name": "Благовещенск — слияние Амура и Зеи", "event_name": "Паводок в Приамурье, июль 2019", "date_peak": "2019-07-25"}, "geometry": {"type": "Polygon", "coordinates": [[[127.69449697748574, 50.45197901397226], [127.6947934667095, 50.45144271266685], [127.6959299215634, 50.45109570312349], [127.69607815610472, 50.45082755062901], [127.6966389622528, 50.450923771559864], [127.6962016761484, 50.45145850000265], [127.69676001969978, 50.45164463060556], [127.6961917906778, 50.45181814079385], [127.69618684786708, 50.45199796118053], [127.69449697748574, 50.45197901397226]]]}}, {"id": "180", "type": "Feature", "properties": {"contour_id": "flood_0181", "area_ha": 1.15, "pair_id": "flood_2019_07_amur__blagoveshchensk", "layer": "flood", "aoi_name": "Благовещенск — слияние Амура и Зеи", "event_name": "Паводок в Приамурье, июль 2019", "date_peak": "2019-07-25"}, "geometry": {"type": "Polygon", "coordinates": [[[127.69722016392346, 50.332211106453535], [127.69737292568365, 50.33176311984319], [127.69793479372171, 50.3317694135827], [127.69794216646694, 50.33149967720839], [127.69908062921986, 50.330972783396675], [127.69909290590776, 50.330523222498975], [127.69980994685571, 50.329991605445976], [127.7002313326054, 50.32999631705436], [127.70095325634077, 50.32928486823928], [127.70053923415495, 50.32901042252655], [127.70110597318596, 50.32883687616056], [127.70123417612201, 50.3292880066874], [127.70008596389702, 50.330174571139004], [127.69993568668276, 50.330532649457446], [127.69951184172132, 50.330617848939035], [127.69921372860837, 50.33124409154118], [127.69722016392346, 50.332211106453535]]]}}, {"id": "181", "type": "Feature", "properties": {"contour_id": "flood_0182", "area_ha": 1.15, "pair_id": "flood_2019_07_amur__blagoveshchensk", "layer": "flood", "aoi_name": "Благовещенск — слияние Амура и Зеи", "event_name": "Паводок в Приамурье, июль 2019", "date_peak": "2019-07-25"}, "geometry": {"type": "Polygon", "coordinates": [[[127.58149517996169, 50.292542014899], [127.58221293728424, 50.29201112617648], [127.58182130990463, 50.29101699711786], [127.58266869424712, 50.29084745126432], [127.58296539793398, 50.29031142271982], [127.58352675108023, 50.290318265180176], [127.58324340437183, 50.29040475277935], [127.58322738343824, 50.29094420369151], [127.58294403246076, 50.29103069051586], [127.58307903186605, 50.291212218373275], [127.58250431035026, 50.29165491589064], [127.58248293690833, 50.2923741833762], [127.58149517996169, 50.292542014899]], [[127.58192423261167, 50.29227742726518], [127.58206190407685, 50.292369047853555], [127.58206457659743, 50.2922791394394], [127.58192423261167, 50.29227742726518]]]}}, {"id": "182", "type": "Feature", "properties": {"contour_id": "flood_0183", "area_ha": 1.15, "pair_id": "flood_2019_07_amur__blagoveshchensk", "layer": "flood", "aoi_name": "Благовещенск — слияние Амура и Зеи", "event_name": "Паводок в Приамурье, июль 2019", "date_peak": "2019-07-25"}, "geometry": {"type": "Polygon", "coordinates": [[[127.71249299077611, 50.156816720971875], [127.71193800482396, 50.15663068249449], [127.71194283705977, 50.15645085180344], [127.7127946306973, 50.15601058546108], [127.71294906797955, 50.15547264424636], [127.71337133343191, 50.155387381168424], [127.7133809866769, 50.15502771950057], [127.71393354764795, 50.155303666467866], [127.71391907378337, 50.15584315905192], [127.71335202635578, 50.15610670443287], [127.71333995903626, 50.15655628142489], [127.71249299077611, 50.156816720971875]]]}}, {"id": "183", "type": "Feature", "properties": {"contour_id": "flood_0184", "area_ha": 1.14, "pair_id": "flood_2019_07_amur__blagoveshchensk", "layer": "flood", "aoi_name": "Благовещенск — слияние Амура и Зеи", "event_name": "Паводок в Приамурье, июль 2019", "date_peak": "2019-07-25"}, "geometry": {"type": "Polygon", "coordinates": [[[127.64507896861765, 50.337551196505316], [127.64437912259645, 50.337453098916264], [127.64411351917268, 50.336910362276576], [127.64861396021234, 50.33678287822638], [127.64861906244317, 50.336603057723174], [127.64819507514675, 50.33668806886057], [127.64820273081968, 50.336418338145684], [127.64792177501609, 50.33641507125183], [127.64849134064147, 50.33615187360147], [127.64945938405879, 50.336702761624586], [127.64945173542424, 50.33697249246591], [127.64509431560472, 50.337011735836505], [127.64466264275708, 50.33736646432415], [127.64507896861765, 50.337551196505316]]]}}, {"id": "184", "type": "Feature", "properties": {"contour_id": "flood_0185", "area_ha": 1.14, "pair_id": "flood_2019_07_amur__blagoveshchensk", "layer": "flood", "aoi_name": "Благовещенск — слияние Амура и Зеи", "event_name": "Паводок в Приамурье, июль 2019", "date_peak": "2019-07-25"}, "geometry": {"type": "Polygon", "coordinates": [[[127.32820195664712, 50.349076406015165], [127.32825247010537, 50.34763805738427], [127.32741584577552, 50.3474461403523], [127.32743795502893, 50.34681686294984], [127.32925798783508, 50.34702291578686], [127.32924536772376, 50.34738250320414], [127.32867709718349, 50.34755422002332], [127.32852713780358, 50.34782189082054], [127.32848925907022, 50.348900652447526], [127.32820195664712, 50.349076406015165]]]}}, {"id": "185", "type": "Feature", "properties": {"contour_id": "flood_0186", "area_ha": 1.14, "pair_id": "flood_2019_07_amur__blagoveshchensk", "layer": "flood", "aoi_name": "Благовещенск — слияние Амура и Зеи", "event_name": "Паводок в Приамурье, июль 2019", "date_peak": "2019-07-25"}, "geometry": {"type": "Polygon", "coordinates": [[[127.7220776523892, 50.43213910519066], [127.72222325825, 50.43196082840486], [127.72194899166075, 50.43168800188133], [127.72199740615218, 50.42988977319746], [127.72212848317294, 50.430250965109536], [127.72282986192513, 50.430348604667245], [127.72268426338567, 50.43052688231494], [127.72295127101309, 50.43106944153882], [127.72264555212368, 50.43196546553614], [127.7220776523892, 50.43213910519066]], [[127.72240758240264, 50.43034396831168], [127.72254592262773, 50.430435425394265], [127.72254834223116, 50.43034551393377], [127.72240758240264, 50.43034396831168]]]}}, {"id": "186", "type": "Feature", "properties": {"contour_id": "flood_0187", "area_ha": 1.13, "pair_id": "flood_2019_07_amur__blagoveshchensk", "layer": "flood", "aoi_name": "Благовещенск — слияние Амура и Зеи", "event_name": "Паводок в Приамурье, июль 2019", "date_peak": "2019-07-25"}, "geometry": {"type": "Polygon", "coordinates": [[[127.45349285869638, 50.29999347145494], [127.4532325541059, 50.299360414672314], [127.45382021480815, 50.298558756639444], [127.45357157412526, 50.29756608804338], [127.45385227694044, 50.29756982239278], [127.45374107400932, 50.29666892406894], [127.45402468580626, 50.296582754817535], [127.4540363426123, 50.29622314222795], [127.45414463621393, 50.29721394351831], [127.45384353289997, 50.29783953175104], [127.45412423736022, 50.29784326545842], [127.45423253571533, 50.298834066449906], [127.45394891080215, 50.2989202360566], [127.45407760868916, 50.29928171532738], [127.45377357578589, 50.29999720612418], [127.45349285869638, 50.29999347145494]], [[127.453665284876, 50.299006404960494], [127.45379981070165, 50.29918807833694], [127.4538056405203, 50.29900827214527], [127.453665284876, 50.299006404960494]]]}}, {"id": "187", "type": "Feature", "properties": {"contour_id": "flood_0188", "area_ha": 1.12, "pair_id": "flood_2019_07_amur__blagoveshchensk", "layer": "flood", "aoi_name": "Благовещенск — слияние Амура и Зеи", "event_name": "Паводок в Приамурье, июль 2019", "date_peak": "2019-07-25"}, "geometry": {"type": "Polygon", "coordinates": [[[127.39239206280487, 50.28387422131402], [127.39240417874768, 50.28351461859425], [127.3974552024729, 50.28358437753002], [127.39744614405991, 50.28385408023586], [127.39239206280487, 50.28387422131402]]]}}, {"id": "188", "type": "Feature", "properties": {"contour_id": "flood_0189", "area_ha": 1.12, "pair_id": "flood_2019_07_amur__blagoveshchensk", "layer": "flood", "aoi_name": "Благовещенск — слияние Амура и Зеи", "event_name": "Паводок в Приамурье, июль 2019", "date_peak": "2019-07-25"}, "geometry": {"type": "Polygon", "coordinates": [[[127.56492334955739, 50.14789142648969], [127.56498254849713, 50.14591340633852], [127.56456818894269, 50.14572839834327], [127.56458433751934, 50.1451889382562], [127.56542381010455, 50.14519931243317], [127.56534310950333, 50.14789661331301], [127.56492334955739, 50.14789142648969]]]}}, {"id": "189", "type": "Feature", "properties": {"contour_id": "flood_0190", "area_ha": 1.12, "pair_id": "flood_2019_07_amur__blagoveshchensk", "layer": "flood", "aoi_name": "Благовещенск — слияние Амура и Зеи", "event_name": "Паводок в Приамурье, июль 2019", "date_peak": "2019-07-25"}, "geometry": {"type": "Polygon", "coordinates": [[[127.61149028132341, 50.279772835230865], [127.61149812897371, 50.27950310599895], [127.61094998074213, 50.279046851000494], [127.61113476767355, 50.277520062058386], [127.61085677990015, 50.277426798684324], [127.61113738403093, 50.277430152294414], [127.61114784932782, 50.277070513223585], [127.61172212956396, 50.276627669348535], [127.61173520527332, 50.27617812033252], [127.61202103130348, 50.27600165212405], [127.61228855690054, 50.276454551992586], [127.61200272910031, 50.27663102083136], [127.6121351856804, 50.27690242575831], [127.61171428397923, 50.276897398740175], [127.61155829032661, 50.277435181439806], [127.61127245391638, 50.27761164838258], [127.61124367586872, 50.278600655729356], [127.6115216712083, 50.27869391822233], [127.61150336067423, 50.27932328650352], [127.61178136071487, 50.279416548402985], [127.61177089932069, 50.27977618742439], [127.61149028132341, 50.279772835230865]]]}}, {"id": "190", "type": "Feature", "properties": {"contour_id": "flood_0191", "area_ha": 1.11, "pair_id": "flood_2019_07_amur__blagoveshchensk", "layer": "flood", "aoi_name": "Благовещенск — слияние Амура и Зеи", "event_name": "Паводок в Приамурье, июль 2019", "date_peak": "2019-07-25"}, "geometry": {"type": "Polygon", "coordinates": [[[127.31715236721415, 50.45082077065294], [127.31673636359345, 50.45063487110756], [127.31631078985588, 50.450718654061404], [127.31617956962154, 50.45044693254087], [127.31688991798895, 50.450277329273284], [127.31704028032289, 50.45000968188886], [127.31773786570744, 50.45019965217093], [127.31873616309781, 50.44985431917729], [127.31944012354465, 50.44986448972551], [127.31829785050763, 50.45029768857105], [127.31885465138126, 50.45048561706983], [127.31842270825965, 50.45074919732398], [127.31715874632862, 50.45064098127313], [127.31715236721415, 50.45082077065294]]]}}, {"id": "191", "type": "Feature", "properties": {"contour_id": "flood_0192", "area_ha": 1.1, "pair_id": "flood_2019_07_amur__blagoveshchensk", "layer": "flood", "aoi_name": "Благовещенск — слияние Амура и Зеи", "event_name": "Паводок в Приамурье, июль 2019", "date_peak": "2019-07-25"}, "geometry": {"type": "Polygon", "coordinates": [[[127.45109693087993, 50.278645306249295], [127.451105684491, 50.278375596345484], [127.45026391597108, 50.278364374456864], [127.45027267420156, 50.278094664646126], [127.44985179251769, 50.27808905147007], [127.44986055299118, 50.27781934169904], [127.44817703709364, 50.27779687397438], [127.44790522274732, 50.27752341744856], [127.4498693133314, 50.27754963191432], [127.45083384998726, 50.278102146511095], [127.45236542279014, 50.27848232110876], [127.45235959178729, 50.278662127816474], [127.45109693087993, 50.278645306249295]]]}}, {"id": "192", "type": "Feature", "properties": {"contour_id": "flood_0193", "area_ha": 1.1, "pair_id": "flood_2019_07_amur__blagoveshchensk", "layer": "flood", "aoi_name": "Благовещенск — слияние Амура и Зеи", "event_name": "Паводок в Приамурье, июль 2019", "date_peak": "2019-07-25"}, "geometry": {"type": "Polygon", "coordinates": [[[127.56690313994713, 50.133165168896916], [127.5663624397985, 50.13252888981338], [127.56706181620713, 50.13253752309867], [127.56706987276804, 50.132267792151794], [127.56623062583311, 50.13225743180264], [127.56638662090097, 50.13171969717828], [127.56583250497205, 50.131532967157064], [127.56584325585723, 50.13117332602233], [127.56640542766414, 50.13109032504448], [127.56681698329388, 50.131365236231055], [127.56680355368445, 50.13181478782222], [127.56708061465909, 50.1319081508682], [127.56720169152962, 50.13253924925045], [127.567607894944, 50.13299397835264], [127.56690313994713, 50.133165168896916]]]}}, {"id": "193", "type": "Feature", "properties": {"contour_id": "flood_0194", "area_ha": 1.09, "pair_id": "flood_2019_07_amur__blagoveshchensk", "layer": "flood", "aoi_name": "Благовещенск — слияние Амура и Зеи", "event_name": "Паводок в Приамурье, июль 2019", "date_peak": "2019-07-25"}, "geometry": {"type": "Polygon", "coordinates": [[[127.54898658066121, 50.24429179332985], [127.54941264250995, 50.24411722926259], [127.54913497140834, 50.24402382045885], [127.54929154916384, 50.243486123725106], [127.54888187449555, 50.243121240195386], [127.5498796281238, 50.24259404494358], [127.55030021641217, 50.24259929327256], [127.55026475692637, 50.24376809634487], [127.54984415835928, 50.243762847799545], [127.54982778691058, 50.244302295185626], [127.54898658066121, 50.24429179332985]], [[127.54942355991662, 50.24375759773243], [127.54984415835928, 50.243762847799545], [127.54985234389694, 50.24349312408615], [127.54943174782636, 50.24348787406898], [127.54942355991662, 50.24375759773243]]]}}, {"id": "194", "type": "Feature", "properties": {"contour_id": "flood_0195", "area_ha": 1.09, "pair_id": "flood_2019_07_amur__blagoveshchensk", "layer": "flood", "aoi_name": "Благовещенск — слияние Амура и Зеи", "event_name": "Паводок в Приамурье, июль 2019", "date_peak": "2019-07-25"}, "geometry": {"type": "Polygon", "coordinates": [[[127.3189858871167, 50.45075733572362], [127.31900181737485, 50.45030786183479], [127.32055054590822, 50.45033022803119], [127.32070088787346, 50.45006257571593], [127.32126724092737, 50.449980808121346], [127.32549737374622, 50.44986188563629], [127.32492467941016, 50.45012346402828], [127.32140167067956, 50.450162629305076], [127.3216768951628, 50.450346481415224], [127.3208321331248, 50.45033429239882], [127.32068179099771, 50.45060194487045], [127.31927703324668, 50.45049171953438], [127.3189858871167, 50.45075733572362]]]}}, {"id": "195", "type": "Feature", "properties": {"contour_id": "flood_0196", "area_ha": 1.09, "pair_id": "flood_2019_07_amur__blagoveshchensk", "layer": "flood", "aoi_name": "Благовещенск — слияние Амура и Зеи", "event_name": "Паводок в Приамурье, июль 2019", "date_peak": "2019-07-25"}, "geometry": {"type": "Polygon", "coordinates": [[[127.68774732954938, 50.27310384235245], [127.68718862720932, 50.273007592065774], [127.68719851800026, 50.272647941450394], [127.68761939532243, 50.27265269485633], [127.68763175456822, 50.27220313147826], [127.6883381513912, 50.27203122489834], [127.68820280217176, 50.27184981607278], [127.68891906911655, 50.27131825500899], [127.68893635402294, 50.270688865796735], [127.68949750117635, 50.2706951947654], [127.68950737376586, 50.27033554367396], [127.68978794530545, 50.27033870710252], [127.68965506304806, 50.27006738712363], [127.69007591803755, 50.27007213145959], [127.68992329640844, 50.27052011414166], [127.68920458391582, 50.27114159440029], [127.68933746647721, 50.27141291484852], [127.6887689020903, 50.271676323234146], [127.68876149314308, 50.271946061412756], [127.68833568091242, 50.272121137605026], [127.68775721616552, 50.272744191662596], [127.68774732954938, 50.27310384235245]]]}}, {"id": "196", "type": "Feature", "properties": {"contour_id": "flood_0197", "area_ha": 1.08, "pair_id": "flood_2019_07_amur__blagoveshchensk", "layer": "flood", "aoi_name": "Благовещенск — слияние Амура и Зеи", "event_name": "Паводок в Приамурье, июль 2019", "date_peak": "2019-07-25"}, "geometry": {"type": "Polygon", "coordinates": [[[127.59563791097524, 50.269958659907175], [127.5955135021809, 50.26941750894281], [127.59509266943937, 50.26941242228573], [127.59509796104818, 50.26923260373324], [127.59552143719829, 50.26914778106343], [127.59496826813493, 50.2688712707517], [127.59497356011069, 50.268691452191966], [127.59539438647687, 50.26869653922772], [127.59512970957425, 50.26815369229235], [127.59514293755674, 50.26770414579487], [127.59542612770238, 50.26761762754974], [127.59570402784493, 50.26771092725716], [127.59568551596614, 50.26834029249367], [127.59596342080613, 50.268433591608876], [127.59622546506868, 50.26906634603664], [127.59563791097524, 50.269958659907175]]]}}, {"id": "197", "type": "Feature", "properties": {"contour_id": "flood_0198", "area_ha": 1.08, "pair_id": "flood_2019_07_amur__blagoveshchensk", "layer": "flood", "aoi_name": "Благовещенск — слияние Амура и Зеи", "event_name": "Паводок в Приамурье, июль 2019", "date_peak": "2019-07-25"}, "geometry": {"type": "Polygon", "coordinates": [[[127.58042605555356, 50.13486032526629], [127.58045000147143, 50.13405112800573], [127.5796107184567, 50.13404086408547], [127.57964798749919, 50.1327821130046], [127.58073774274266, 50.133784815485214], [127.58072444241097, 50.13423436961062], [127.58127598967634, 50.134510940073376], [127.58126535319879, 50.134870583415285], [127.58042605555356, 50.13486032526629]]]}}, {"id": "198", "type": "Feature", "properties": {"contour_id": "flood_0199", "area_ha": 1.08, "pair_id": "flood_2019_07_amur__blagoveshchensk", "layer": "flood", "aoi_name": "Благовещенск — слияние Амура и Зеи", "event_name": "Паводок в Приамурье, июль 2019", "date_peak": "2019-07-25"}, "geometry": {"type": "Polygon", "coordinates": [[[127.58796647202942, 50.19242575380725], [127.58797442793983, 50.1921560232096], [127.58755427599027, 50.19215091492666], [127.5875622341452, 50.191881184364064], [127.58672193533944, 50.19187096333816], [127.58674582327053, 50.1910617718609], [127.58716596551713, 50.191066882987556], [127.5871580053596, 50.191336613542106], [127.58799829494596, 50.19134683133555], [127.58798238372938, 50.19188629259843], [127.58882268326032, 50.19189650450996], [127.58880678102183, 50.19243596591302], [127.58796647202942, 50.19242575380725]]]}}, {"id": "199", "type": "Feature", "properties": {"contour_id": "flood_0200", "area_ha": 1.07, "pair_id": "flood_2019_07_amur__blagoveshchensk", "layer": "flood", "aoi_name": "Благовещенск — слияние Амура и Зеи", "event_name": "Паводок в Приамурье, июль 2019", "date_peak": "2019-07-25"}, "geometry": {"type": "Polygon", "coordinates": [[[127.73033120699655, 50.328799946985995], [127.72979333893288, 50.32789467705008], [127.72909584917042, 50.327707175728165], [127.72952441246484, 50.32744204115489], [127.72896498715903, 50.3273459871454], [127.72884132367446, 50.32671505854006], [127.72967685510359, 50.32699400934831], [127.72952920767672, 50.32726221454365], [127.73077893609216, 50.32781550124121], [127.73048604252652, 50.32826200087558], [127.73075977344153, 50.32853480792998], [127.73033120699655, 50.328799946985995]], [[127.72993139941612, 50.327986124802756], [127.7304908342488, 50.32808217422286], [127.7304932300917, 50.32799226089427], [127.72993139941612, 50.327986124802756]], [[127.72951961720429, 50.32762186776021], [127.72965527897941, 50.32780322913605], [127.72966007375884, 50.327623402526925], [127.72951961720429, 50.32762186776021]]]}}, {"id": "200", "type": "Feature", "properties": {"contour_id": "flood_0201", "area_ha": 1.07, "pair_id": "flood_2019_07_amur__blagoveshchensk", "layer": "flood", "aoi_name": "Благовещенск — слияние Амура и Зеи", "event_name": "Паводок в Приамурье, июль 2019", "date_peak": "2019-07-25"}, "geometry": {"type": "Polygon", "coordinates": [[[127.74144066695848, 50.349696704427515], [127.74174785211981, 50.348710698670814], [127.7413429336409, 50.34807674257197], [127.7413571957648, 50.3475372621859], [127.74245994929751, 50.34835864554878], [127.74216228369662, 50.34898499975433], [127.74272436475637, 50.34899107857526], [127.7428553879145, 50.34935225157029], [127.74242907365056, 50.3495275199799], [127.7418717386759, 50.34934161290449], [127.74144066695848, 50.349696704427515]]]}}, {"id": "201", "type": "Feature", "properties": {"contour_id": "flood_0202", "area_ha": 1.07, "pair_id": "flood_2019_07_amur__blagoveshchensk", "layer": "flood", "aoi_name": "Благовещенск — слияние Амура и Зеи", "event_name": "Паводок в Приамурье, июль 2019", "date_peak": "2019-07-25"}, "geometry": {"type": "Polygon", "coordinates": [[[127.70307592549064, 50.442181778949106], [127.70310295729423, 50.44119276236928], [127.70339190962599, 50.44092616877651], [127.70451332190784, 50.44111853621434], [127.70579515301907, 50.44059317341966], [127.70521727600196, 50.4411263720542], [127.70408112754386, 50.441473475225685], [127.70421455349235, 50.441744775183565], [127.70322654821408, 50.44182370582865], [127.70307592549064, 50.442181778949106]], [[127.70366366480361, 50.441288948839166], [127.703802000002, 50.44138042800849], [127.70380445605574, 50.441290517379485], [127.70366366480361, 50.441288948839166]]]}}, {"id": "202", "type": "Feature", "properties": {"contour_id": "flood_0203", "area_ha": 1.07, "pair_id": "flood_2019_07_amur__blagoveshchensk", "layer": "flood", "aoi_name": "Благовещенск — слияние Амура и Зеи", "event_name": "Паводок в Приамурье, июль 2019", "date_peak": "2019-07-25"}, "geometry": {"type": "Polygon", "coordinates": [[[127.59363846536142, 50.30923868708319], [127.59238287845784, 50.30895366779149], [127.59169950158712, 50.30831580574215], [127.59141340525677, 50.308492220759284], [127.5912836396362, 50.3081308853851], [127.59156707815985, 50.308044379201355], [127.59158035844838, 50.30759483649228], [127.59129957919733, 50.30759143420346], [127.59116715998425, 50.30732000720996], [127.59145059386252, 50.30723350125992], [127.59172340384686, 50.30750662883075], [127.5921525368679, 50.307242004755615], [127.59283855843164, 50.307789955588085], [127.59310341994866, 50.308332805754326], [127.59227965210371, 50.30769324782026], [127.59199887218887, 50.30768984721542], [127.59213129714094, 50.30796127329277], [127.59185051566578, 50.3079578723166], [127.59184520454116, 50.308137689414316], [127.59238818770854, 50.30877385067763], [127.59378681601126, 50.30897065970697], [127.59363846536142, 50.30923868708319]], [[127.59186644871627, 50.30741842098746], [127.59200418264967, 50.307510030091926], [127.59200683785987, 50.30742012152791], [127.59186644871627, 50.30741842098746]]]}}, {"id": "203", "type": "Feature", "properties": {"contour_id": "flood_0204", "area_ha": 1.06, "pair_id": "flood_2019_07_amur__blagoveshchensk", "layer": "flood", "aoi_name": "Благовещенск — слияние Амура и Зеи", "event_name": "Паводок в Приамурье, июль 2019", "date_peak": "2019-07-25"}, "geometry": {"type": "Polygon", "coordinates": [[[127.60694432626735, 50.19985028529889], [127.60696002828494, 50.19931082040334], [127.60654504560503, 50.19912595865058], [127.60669297011299, 50.19885790641069], [127.60781354171971, 50.198871341846086], [127.6084982151378, 50.199419198798], [127.6089184346402, 50.19942423186385], [127.60778477240554, 50.199860361213815], [127.60694432626735, 50.19985028529889]], [[127.60710271772419, 50.199222589286144], [127.60724017378944, 50.1993141796531], [127.60724279022011, 50.199224268821276], [127.60710271772419, 50.199222589286144]]]}}, {"id": "204", "type": "Feature", "properties": {"contour_id": "flood_0205", "area_ha": 1.06, "pair_id": "flood_2019_07_amur__blagoveshchensk", "layer": "flood", "aoi_name": "Благовещенск — слияние Амура и Зеи", "event_name": "Паводок в Приамурье, июль 2019", "date_peak": "2019-07-25"}, "geometry": {"type": "Polygon", "coordinates": [[[127.62854521136285, 50.20397482883768], [127.62843089415244, 50.20307405918872], [127.62802868320995, 50.20243971547904], [127.62791437882352, 50.201538945199296], [127.6286122049705, 50.20163712761331], [127.62871879351987, 50.2028076320804], [127.62899638616534, 50.202900850631345], [127.62882538671505, 50.20397813626213], [127.62854521136285, 50.20397482883768]]]}}, {"id": "205", "type": "Feature", "properties": {"contour_id": "flood_0206", "area_ha": 1.04, "pair_id": "flood_2019_07_amur__blagoveshchensk", "layer": "flood", "aoi_name": "Благовещенск — слияние Амура и Зеи", "event_name": "Паводок в Приамурье, июль 2019", "date_peak": "2019-07-25"}, "geometry": {"type": "Polygon", "coordinates": [[[127.57314197366341, 50.15392895251086], [127.57315000212684, 50.15365922184741], [127.57273019030353, 50.15365406281098], [127.57273822100527, 50.15338433218305], [127.57189860244475, 50.15337400965738], [127.57191199454375, 50.152924458744316], [127.57303415185801, 50.152848310314674], [127.57277837268528, 50.152035678840384], [127.5731954944509, 50.15213074783225], [127.57316070655514, 50.15329958094178], [127.57287280421629, 50.1535658724451], [127.5734325523463, 50.15357275012721], [127.57400834773233, 50.15304016353985], [127.57398160239599, 50.1539392661308], [127.57314197366341, 50.15392895251086]]]}}, {"id": "206", "type": "Feature", "properties": {"contour_id": "flood_0207", "area_ha": 1.04, "pair_id": "flood_2019_07_amur__blagoveshchensk", "layer": "flood", "aoi_name": "Благовещенск — слияние Амура и Зеи", "event_name": "Паводок в Приамурье, июль 2019", "date_peak": "2019-07-25"}, "geometry": {"type": "Polygon", "coordinates": [[[127.43989096497617, 50.27795576163622], [127.43989978168658, 50.27768605313337], [127.44075034593305, 50.277427641338555], [127.44329025447378, 50.2770119800022], [127.44328145712973, 50.277281688971186], [127.44199829387654, 50.27789408963021], [127.44046094990863, 50.27769358502991], [127.44045507422875, 50.27787339074778], [127.44003713509518, 50.27777783920318], [127.43989096497617, 50.27795576163622]]]}}, {"id": "207", "type": "Feature", "properties": {"contour_id": "flood_0208", "area_ha": 1.04, "pair_id": "flood_2019_07_amur__blagoveshchensk", "layer": "flood", "aoi_name": "Благовещенск — слияние Амура и Зеи", "event_name": "Паводок в Приамурье, июль 2019", "date_peak": "2019-07-25"}, "geometry": {"type": "Polygon", "coordinates": [[[127.56212166566704, 50.15730080401771], [127.56219448406587, 50.154873240664124], [127.56275424484782, 50.15488016993745], [127.56268145477456, 50.15730773388399], [127.56212166566704, 50.15730080401771]]]}}, {"id": "208", "type": "Feature", "properties": {"contour_id": "flood_0209", "area_ha": 1.03, "pair_id": "flood_2019_07_amur__blagoveshchensk", "layer": "flood", "aoi_name": "Благовещенск — слияние Амура и Зеи", "event_name": "Паводок в Приамурье, июль 2019", "date_peak": "2019-07-25"}, "geometry": {"type": "Polygon", "coordinates": [[[127.3588542068093, 50.205964185693766], [127.35915285764283, 50.205428741057055], [127.35874805293984, 50.20497330216117], [127.35877888970946, 50.20407429803349], [127.35905903092264, 50.204078255940566], [127.35974705706909, 50.204447749599275], [127.35986247586342, 50.20516893114727], [127.35956383461938, 50.20570437772558], [127.3588542068093, 50.205964185693766]]]}}, {"id": "209", "type": "Feature", "properties": {"contour_id": "flood_0210", "area_ha": 1.01, "pair_id": "flood_2019_07_amur__blagoveshchensk", "layer": "flood", "aoi_name": "Благовещенск — слияние Амура и Зеи", "event_name": "Паводок в Приамурье, июль 2019", "date_peak": "2019-07-25"}, "geometry": {"type": "Polygon", "coordinates": [[[127.6891017642376, 50.264664708221545], [127.68911410603062, 50.26421514395573], [127.6893946415691, 50.26421830805598], [127.68926918194867, 50.26367724889231], [127.68970231638833, 50.26323242974289], [127.68957438832425, 50.262781283710986], [127.68999271254518, 50.26287594075369], [127.69013790898383, 50.262697695966224], [127.69015517254809, 50.262068305508876], [127.69085648025579, 50.26207620796546], [127.69026584217485, 50.26314884142392], [127.689689980562, 50.26368199419083], [127.6898080438914, 50.26449279157631], [127.6891017642376, 50.264664708221545]], [[127.68984258129818, 50.26323401114552], [127.68998037960813, 50.26332550528152], [127.68998284622054, 50.263235592378926], [127.68984258129818, 50.26323401114552]]]}}, {"id": "210", "type": "Feature", "properties": {"contour_id": "flood_0211", "area_ha": 1.01, "pair_id": "flood_2019_07_amur__blagoveshchensk", "layer": "flood", "aoi_name": "Благовещенск — слияние Амура и Зеи", "event_name": "Паводок в Приамурье, июль 2019", "date_peak": "2019-07-25"}, "geometry": {"type": "Polygon", "coordinates": [[[127.72994551525872, 50.39067378286085], [127.72968825653275, 50.38977158774446], [127.7298385059074, 50.38941347427489], [127.72956683912112, 50.38905075291138], [127.72986733262864, 50.388334525945794], [127.73028443743702, 50.388518957235696], [127.73027483181733, 50.38887860674907], [127.73055610676471, 50.38888167697383], [127.73040346331481, 50.38932970382921], [127.72998394897725, 50.38923518529503], [127.72996473250852, 50.38995448412533], [127.73081337749035, 50.3897838703933], [127.73080857648986, 50.38996369515046], [127.73108985791457, 50.389966764132204], [127.73108265791737, 50.39023650128607], [127.73038185180005, 50.39013891512489], [127.73023640738622, 50.390317204565626], [127.73051288862983, 50.39050009966623], [127.72994551525872, 50.39067378286085]]]}}, {"id": "211", "type": "Feature", "properties": {"contour_id": "flood_0212", "area_ha": 1.01, "pair_id": "flood_2019_07_amur__blagoveshchensk", "layer": "flood", "aoi_name": "Благовещенск — слияние Амура и Зеи", "event_name": "Паводок в Приамурье, июль 2019", "date_peak": "2019-07-25"}, "geometry": {"type": "Polygon", "coordinates": [[[127.67981304049535, 50.133604414032135], [127.6795406950208, 50.13333148914657], [127.6802599042573, 50.13262012429781], [127.6806795509251, 50.132624893225255], [127.6806919140228, 50.13217532020645], [127.68124649474302, 50.13236150556964], [127.6812267218199, 50.133080822519176], [127.68051246589252, 50.13361236420617], [127.67981304049535, 50.133604414032135]]]}}, {"id": "212", "type": "Feature", "properties": {"contour_id": "flood_0213", "area_ha": 1.0, "pair_id": "flood_2019_07_amur__blagoveshchensk", "layer": "flood", "aoi_name": "Благовещенск — слияние Амура и Зеи", "event_name": "Паводок в Приамурье, июль 2019", "date_peak": "2019-07-25"}, "geometry": {"type": "Polygon", "coordinates": [[[127.5773691679598, 50.16243545866455], [127.57709191121403, 50.16234211896729], [127.57717999944938, 50.15937508015213], [127.57759986218359, 50.15938022352846], [127.5773691679598, 50.16243545866455]]]}}, {"id": "213", "type": "Feature", "properties": {"contour_id": "flood_0214", "area_ha": 1.0, "pair_id": "flood_2019_07_amur__blagoveshchensk", "layer": "flood", "aoi_name": "Благовещенск — слияние Амура и Зеи", "event_name": "Паводок в Приамурье, июль 2019", "date_peak": "2019-07-25"}, "geometry": {"type": "Polygon", "coordinates": [[[127.66979895909951, 50.13645823466656], [127.6696864955795, 50.13546757636857], [127.6703934217917, 50.13520584519292], [127.6708105980287, 50.13530056415216], [127.67106546783462, 50.136202908519], [127.66979895909951, 50.13645823466656]]]}}, {"id": "214", "type": "Feature", "properties": {"contour_id": "flood_0215", "area_ha": 0.99, "pair_id": "flood_2019_07_amur__blagoveshchensk", "layer": "flood", "aoi_name": "Благовещенск — слияние Амура и Зеи", "event_name": "Паводок в Приамурье, июль 2019", "date_peak": "2019-07-25"}, "geometry": {"type": "Polygon", "coordinates": [[[127.69623380253894, 50.450289667267185], [127.69624862938738, 50.44975020592001], [127.69695517900296, 50.449668182468834], [127.69739490865886, 50.449043540561675], [127.69865976784347, 50.44914763144163], [127.69908714209423, 50.44897253456007], [127.69907974506826, 50.449242265580715], [127.69865730135547, 50.44923754176535], [127.69836580406526, 50.449594032943416], [127.69752091072797, 50.44958457854909], [127.69765678940483, 50.449765975268434], [127.69623380253894, 50.450289667267185]]]}}, {"id": "215", "type": "Feature", "properties": {"contour_id": "flood_0216", "area_ha": 0.98, "pair_id": "flood_2019_07_amur__blagoveshchensk", "layer": "flood", "aoi_name": "Благовещенск — слияние Амура и Зеи", "event_name": "Паводок в Приамурье, июль 2019", "date_peak": "2019-07-25"}, "geometry": {"type": "Polygon", "coordinates": [[[127.54304880580861, 50.24583644692593], [127.54319449345844, 50.245658389647666], [127.54729596951293, 50.24454049472952], [127.54727956885071, 50.245079941434476], [127.54601774055662, 50.24506415852535], [127.54600953292169, 50.24533388170734], [127.54516830993825, 50.24532335205858], [127.54516009743391, 50.24559307512681], [127.54304880580861, 50.24583644692593]]]}}, {"id": "216", "type": "Feature", "properties": {"contour_id": "flood_0217", "area_ha": 0.98, "pair_id": "flood_2019_07_amur__blagoveshchensk", "layer": "flood", "aoi_name": "Благовещенск — слияние Амура и Зеи", "event_name": "Паводок в Приамурье, июль 2019", "date_peak": "2019-07-25"}, "geometry": {"type": "Polygon", "coordinates": [[[127.59633428802381, 50.179395573942784], [127.59621535632797, 50.17867459595133], [127.59566321818163, 50.17839809348889], [127.59567112680305, 50.17812836134474], [127.59512427245258, 50.1776720349462], [127.59526955500213, 50.177493906978256], [127.59502382370584, 50.176321680692396], [127.59530119661949, 50.17641497833377], [127.59529064962726, 50.176774621239275], [127.59557593440734, 50.1765981860582], [127.59555748052028, 50.1772275611812], [127.59622853224475, 50.17822504228544], [127.59633428802381, 50.179395573942784]]]}}, {"id": "217", "type": "Feature", "properties": {"contour_id": "flood_0218", "area_ha": 0.97, "pair_id": "flood_2019_07_amur__blagoveshchensk", "layer": "flood", "aoi_name": "Благовещенск — слияние Амура и Зеи", "event_name": "Паводок в Приамурье, июль 2019", "date_peak": "2019-07-25"}, "geometry": {"type": "Polygon", "coordinates": [[[127.64046363274464, 50.33677780104186], [127.64035138797483, 50.33578714886997], [127.6399376634659, 50.33551249003081], [127.64077794647521, 50.335612256396004], [127.64091072488914, 50.33588362847875], [127.64147262865107, 50.33589019541536], [127.64162079734851, 50.33562210670714], [127.64273947501151, 50.33581505105166], [127.6425913119615, 50.33608314122268], [127.64118654660614, 50.33606673225981], [127.64117885130165, 50.336336462208756], [127.6407548536415, 50.33642144612908], [127.64074715579581, 50.33669117601322], [127.64046363274464, 50.33677780104186]]]}}, {"id": "218", "type": "Feature", "properties": {"contour_id": "flood_0219", "area_ha": 0.96, "pair_id": "flood_2019_07_amur__blagoveshchensk", "layer": "flood", "aoi_name": "Благовещенск — слияние Амура и Зеи", "event_name": "Паводок в Приамурье, июль 2019", "date_peak": "2019-07-25"}, "geometry": {"type": "Polygon", "coordinates": [[[127.7246515085799, 50.404466384395], [127.72424394374485, 50.40392228479856], [127.72425601420036, 50.40347272512444], [127.72397706817655, 50.40337972709473], [127.72357435078509, 50.402655801312], [127.72400362781659, 50.40239069577273], [127.72401569988945, 50.40194113602167], [127.723734348373, 50.40193804940772], [127.72388226801957, 50.401669856946], [127.72444014083587, 50.40185585269773], [127.7244208318545, 50.40257514841109], [127.72483803914592, 50.402759599571624], [127.72483321332498, 50.402939423508585], [127.72399155543698, 50.40284025548678], [127.72412499109683, 50.403111534412986], [127.72469012136598, 50.40302779321458], [127.72468288170775, 50.403297529089784], [127.7243991083121, 50.40338435597526], [127.72452289346859, 50.40401528220763], [127.72479943120499, 50.404198190901496], [127.7246515085799, 50.404466384395]]]}}, {"id": "219", "type": "Feature", "properties": {"contour_id": "flood_0220", "area_ha": 0.94, "pair_id": "flood_2019_07_amur__blagoveshchensk", "layer": "flood", "aoi_name": "Благовещенск — слияние Амура и Зеи", "event_name": "Паводок в Приамурье, июль 2019", "date_peak": "2019-07-25"}, "geometry": {"type": "Polygon", "coordinates": [[[127.57812891682033, 50.16514305083709], [127.57813958824389, 50.16478340986831], [127.57771700945779, 50.16486817827127], [127.57801295846367, 50.164332144877555], [127.57733446914084, 50.16360429180946], [127.57736382982856, 50.162615279164896], [127.57748778038786, 50.163156455148346], [127.57832757233491, 50.1631667387179], [127.57812891682033, 50.16514305083709]]]}}, {"id": "220", "type": "Feature", "properties": {"contour_id": "flood_0221", "area_ha": 0.93, "pair_id": "flood_2019_07_amur__blagoveshchensk", "layer": "flood", "aoi_name": "Благовещенск — слияние Амура и Зеи", "event_name": "Паводок в Приамурье, июль 2019", "date_peak": "2019-07-25"}, "geometry": {"type": "Polygon", "coordinates": [[[127.5449733151217, 50.205656375034465], [127.54470134359333, 50.2053831404516], [127.54471501585027, 50.20493359896129], [127.54430296524778, 50.20465860840606], [127.54459133827991, 50.20439239409438], [127.54431117067799, 50.204388883530285], [127.54431937598353, 50.204119158640935], [127.5436326429723, 50.203660837986085], [127.54365453314219, 50.20294157171048], [127.54420117530138, 50.20339813672889], [127.54419023425763, 50.20375776993767], [127.54446766338062, 50.20385118907111], [127.5447259534066, 50.20457396574189], [127.54527809094522, 50.20485070919653], [127.54525895714924, 50.205480067438735], [127.5449733151217, 50.205656375034465]]]}}, {"id": "221", "type": "Feature", "properties": {"contour_id": "flood_0222", "area_ha": 0.91, "pair_id": "flood_2019_07_amur__blagoveshchensk", "layer": "flood", "aoi_name": "Благовещенск — слияние Амура и Зеи", "event_name": "Паводок в Приамурье, июль 2019", "date_peak": "2019-07-25"}, "geometry": {"type": "Polygon", "coordinates": [[[127.67740790529746, 50.32209403465513], [127.6768486524798, 50.321997731104744], [127.67714200643215, 50.32155136980526], [127.67643733057979, 50.321633289299896], [127.67642983870911, 50.32190302381165], [127.67614646739938, 50.3219897372699], [127.67517090787717, 50.3217088044086], [127.67559471510434, 50.32162369325874], [127.67574264671356, 50.321355558573835], [127.67701405152806, 50.32110021408375], [127.67756830399189, 50.32137633987833], [127.67740790529746, 50.32209403465513]], [[127.67573515098523, 50.321625293022876], [127.6758730885421, 50.321716804102536], [127.67587558687877, 50.32162689261743], [127.67573515098523, 50.321625293022876]], [[127.67658525749901, 50.321365153506214], [127.6767231959643, 50.321456663588116], [127.67672569267428, 50.3213667520681], [127.67658525749901, 50.321365153506214]]]}}, {"id": "222", "type": "Feature", "properties": {"contour_id": "flood_0223", "area_ha": 0.91, "pair_id": "flood_2019_07_amur__blagoveshchensk", "layer": "flood", "aoi_name": "Благовещенск — слияние Амура и Зеи", "event_name": "Паводок в Приамурье, июль 2019", "date_peak": "2019-07-25"}, "geometry": {"type": "Polygon", "coordinates": [[[127.57184125991522, 50.23513105659562], [127.57184931884832, 50.23486132987494], [127.57226984316128, 50.23486649812207], [127.5722832704926, 50.2344169534756], [127.57271184484101, 50.2341523932644], [127.57273332121473, 50.23343312158474], [127.5724583500185, 50.233249859531554], [127.57329132034718, 50.233529916823606], [127.57328326992938, 50.233799643775754], [127.57370378516666, 50.23380480675529], [127.57369573699735, 50.23407453374301], [127.57327521938919, 50.23406937071437], [127.57325911794167, 50.234608824551], [127.57241807360877, 50.23459849373329], [127.57240196218774, 50.235137947319245], [127.57184125991522, 50.23513105659562]]]}}, {"id": "223", "type": "Feature", "properties": {"contour_id": "flood_0224", "area_ha": 0.9, "pair_id": "flood_2019_07_amur__blagoveshchensk", "layer": "flood", "aoi_name": "Благовещенск — слияние Амура и Зеи", "event_name": "Паводок в Приамурье, июль 2019", "date_peak": "2019-07-25"}, "geometry": {"type": "Polygon", "coordinates": [[[127.48307988097555, 50.186426278023944], [127.48296549039601, 50.18561529442805], [127.48200241749295, 50.18506305156526], [127.48326547559417, 50.18498960921035], [127.48353697994699, 50.18526298430593], [127.48366276828683, 50.18571434302674], [127.48337132681912, 50.1860703109213], [127.48392858555106, 50.18616752945566], [127.48363999050024, 50.186433591882995], [127.48307988097555, 50.186426278023944]]]}}, {"id": "224", "type": "Feature", "properties": {"contour_id": "flood_0225", "area_ha": 0.9, "pair_id": "flood_2019_07_amur__blagoveshchensk", "layer": "flood", "aoi_name": "Благовещенск — слияние Амура и Зеи", "event_name": "Паводок в Приамурье, июль 2019", "date_peak": "2019-07-25"}, "geometry": {"type": "Polygon", "coordinates": [[[127.60409594615467, 50.33580721681218], [127.60382554140716, 50.335444209064356], [127.60312845312454, 50.33525595552196], [127.60313900036077, 50.33489632127088], [127.60441114099298, 50.334641777646176], [127.60595368143619, 50.334750223537], [127.60552174085213, 50.33510480457964], [127.60510032632146, 50.33509974940445], [127.60496775487185, 50.334828338103016], [127.604681545799, 50.33500478408009], [127.60426276697319, 50.33490981725954], [127.60409594615467, 50.33580721681218]], [[127.60412493102076, 50.3348182222507], [127.60426276697319, 50.33490981725954], [127.60426540162919, 50.3348199086502], [127.60412493102076, 50.3348182222507]]]}}, {"id": "225", "type": "Feature", "properties": {"contour_id": "flood_0226", "area_ha": 0.89, "pair_id": "flood_2019_07_amur__blagoveshchensk", "layer": "flood", "aoi_name": "Благовещенск — слияние Амура и Зеи", "event_name": "Паводок в Приамурье, июль 2019", "date_peak": "2019-07-25"}, "geometry": {"type": "Polygon", "coordinates": [[[127.5001862686412, 50.257433285899815], [127.50019473851754, 50.257163568850174], [127.5022982755302, 50.2571906999782], [127.50230673340938, 50.25692098265685], [127.5048309678263, 50.25695348946193], [127.50483941133504, 50.256683771817684], [127.50610152315635, 50.25670000451349], [127.50609308676856, 50.25696972231215], [127.50539472289803, 50.256870799850795], [127.50496838893959, 50.257045199672675], [127.5001862686412, 50.257433285899815]]]}}, {"id": "226", "type": "Feature", "properties": {"contour_id": "flood_0227", "area_ha": 0.89, "pair_id": "flood_2019_07_amur__blagoveshchensk", "layer": "flood", "aoi_name": "Благовещенск — слияние Амура и Зеи", "event_name": "Паводок в Приамурье, июль 2019", "date_peak": "2019-07-25"}, "geometry": {"type": "Polygon", "coordinates": [[[127.73672256254586, 50.34739706397843], [127.73746090360767, 50.34605599558009], [127.7373275456599, 50.34578472997039], [127.737610950665, 50.34569786796363], [127.73748474516518, 50.345156862601655], [127.73833018003337, 50.34507609988929], [127.7384611595341, 50.34543727774474], [127.73789197127944, 50.34570091856872], [127.73787767082756, 50.34624039840738], [127.73744898237503, 50.346505562013796], [127.73714649330529, 50.34731172970343], [127.73672256254586, 50.34739706397843]]]}}, {"id": "227", "type": "Feature", "properties": {"contour_id": "flood_0228", "area_ha": 0.86, "pair_id": "flood_2019_07_amur__blagoveshchensk", "layer": "flood", "aoi_name": "Благовещенск — слияние Амура и Зеи", "event_name": "Паводок в Приамурье, июль 2019", "date_peak": "2019-07-25"}, "geometry": {"type": "Polygon", "coordinates": [[[127.35644984956978, 50.300370663562674], [127.35632189162115, 50.300009083549], [127.35590703489184, 50.29982333074542], [127.35661498822289, 50.29965345750216], [127.35677392612332, 50.29911604878083], [127.3573415170447, 50.29894418663695], [127.35735080705608, 50.29867448998845], [127.35791219952345, 50.29868242276677], [127.35789981703886, 50.299042018395696], [127.35733222689194, 50.29921388327163], [127.35731674298991, 50.29966337763201], [127.35644984956978, 50.300370663562674]]]}}, {"id": "228", "type": "Feature", "properties": {"contour_id": "flood_0229", "area_ha": 0.86, "pair_id": "flood_2019_07_amur__blagoveshchensk", "layer": "flood", "aoi_name": "Благовещенск — слияние Амура и Зеи", "event_name": "Паводок в Приамурье, июль 2019", "date_peak": "2019-07-25"}, "geometry": {"type": "Polygon", "coordinates": [[[127.61337907577871, 50.18571639870816], [127.61324685411466, 50.18544499307498], [127.61268672399937, 50.18543830420089], [127.61269974846681, 50.18498874790922], [127.61200480500949, 50.18480056067814], [127.61201001727862, 50.18462073819802], [127.61354514237902, 50.18481895745809], [127.61353472924235, 50.18517860263362], [127.61395222215279, 50.18527352776314], [127.61407924272632, 50.18572475523959], [127.61337907577871, 50.18571639870816]]]}}, {"id": "229", "type": "Feature", "properties": {"contour_id": "flood_0230", "area_ha": 0.86, "pair_id": "flood_2019_07_amur__blagoveshchensk", "layer": "flood", "aoi_name": "Благовещенск — слияние Амура и Зеи", "event_name": "Паводок в Приамурье, июль 2019", "date_peak": "2019-07-25"}, "geometry": {"type": "Polygon", "coordinates": [[[127.3284371833621, 50.354386374083475], [127.32851611259863, 50.35213895596751], [127.32865661618862, 50.35214097576886], [127.32906865925614, 50.35241672445647], [127.32888712258325, 50.3535833628753], [127.32914920266907, 50.35412678197516], [127.32886818371314, 50.35412274327835], [127.32885871406174, 50.354392433459076], [127.3284371833621, 50.354386374083475]]]}}, {"id": "230", "type": "Feature", "properties": {"contour_id": "flood_0231", "area_ha": 0.86, "pair_id": "flood_2019_07_amur__blagoveshchensk", "layer": "flood", "aoi_name": "Благовещенск — слияние Амура и Зеи", "event_name": "Паводок в Приамурье, июль 2019", "date_peak": "2019-07-25"}, "geometry": {"type": "Polygon", "coordinates": [[[127.67425062646768, 50.193082829637085], [127.67425809648496, 50.192813089352384], [127.67539099725128, 50.192376304641286], [127.67664902011678, 50.19248058551828], [127.67593132848958, 50.19310199976172], [127.67425062646768, 50.193082829637085]]]}}, {"id": "231", "type": "Feature", "properties": {"contour_id": "flood_0232", "area_ha": 0.86, "pair_id": "flood_2019_07_amur__blagoveshchensk", "layer": "flood", "aoi_name": "Благовещенск — слияние Амура и Зеи", "event_name": "Паводок в Приамурье, июль 2019", "date_peak": "2019-07-25"}, "geometry": {"type": "Polygon", "coordinates": [[[127.63970368190628, 50.328944130558156], [127.64070739252591, 50.32823634931698], [127.64169312975628, 50.32815793001169], [127.64311302655268, 50.3276348699001], [127.64281163303563, 50.32835087249471], [127.64140965947303, 50.32824455789431], [127.64069200064823, 50.32877580982461], [127.63970368190628, 50.328944130558156]]]}}, {"id": "232", "type": "Feature", "properties": {"contour_id": "flood_0233", "area_ha": 0.85, "pair_id": "flood_2019_07_amur__blagoveshchensk", "layer": "flood", "aoi_name": "Благовещенск — слияние Амура и Зеи", "event_name": "Паводок в Приамурье, июль 2019", "date_peak": "2019-07-25"}, "geometry": {"type": "Polygon", "coordinates": [[[127.53486056703508, 50.22927407230915], [127.53416805659, 50.22899551030508], [127.53433301809793, 50.22818811086803], [127.53558337908387, 50.22856364707878], [127.53542669995669, 50.2291013257587], [127.53486056703508, 50.22927407230915]]]}}, {"id": "233", "type": "Feature", "properties": {"contour_id": "flood_0234", "area_ha": 0.85, "pair_id": "flood_2019_07_amur__blagoveshchensk", "layer": "flood", "aoi_name": "Благовещенск — слияние Амура и Зеи", "event_name": "Паводок в Приамурье, июль 2019", "date_peak": "2019-07-25"}, "geometry": {"type": "Polygon", "coordinates": [[[127.62825047361825, 50.20936786583172], [127.6280012068695, 50.208285619129434], [127.62815677488808, 50.207747804754575], [127.62857707100069, 50.20775276731188], [127.6288495385981, 50.208025809389305], [127.62881088745512, 50.20937448193901], [127.62825047361825, 50.20936786583172]]]}}, {"id": "234", "type": "Feature", "properties": {"contour_id": "flood_0235", "area_ha": 0.85, "pair_id": "flood_2019_07_amur__blagoveshchensk", "layer": "flood", "aoi_name": "Благовещенск — слияние Амура и Зеи", "event_name": "Паводок в Приамурье, июль 2019", "date_peak": "2019-07-25"}, "geometry": {"type": "Polygon", "coordinates": [[[127.79962853107484, 50.266218636723366], [127.80020546479551, 50.26559501435356], [127.80062855666866, 50.26550944146594], [127.80063533207883, 50.26523969143351], [127.80091588561089, 50.2652425864084], [127.80092717509227, 50.264793002945645], [127.80135477269202, 50.26452759393305], [127.80150633114158, 50.26407945700867], [127.80193391910079, 50.26381404576445], [127.80221220901967, 50.263906854298845], [127.80191812756298, 50.264443462940214], [127.80135025858638, 50.26470742735893], [127.80147924967561, 50.26515845761906], [127.80119192437205, 50.265425314099375], [127.80033896544585, 50.265866212438986], [127.80033218821119, 50.26613596241293], [127.79962853107484, 50.266218636723366]]]}}, {"id": "235", "type": "Feature", "properties": {"contour_id": "flood_0236", "area_ha": 0.84, "pair_id": "flood_2019_07_amur__blagoveshchensk", "layer": "flood", "aoi_name": "Благовещенск — слияние Амура и Зеи", "event_name": "Паводок в Приамурье, июль 2019", "date_peak": "2019-07-25"}, "geometry": {"type": "Polygon", "coordinates": [[[127.43753443131908, 50.281341909562414], [127.43740296059053, 50.281070315187364], [127.43882068568757, 50.28063965719472], [127.43896980913439, 50.28037183354665], [127.43953100868329, 50.28037937022257], [127.43883245045359, 50.28028004620468], [127.43883833274714, 50.28010024070051], [127.44009808604102, 50.28020709858135], [127.44008633084071, 50.28056670979258], [127.43979985111517, 50.28074274869613], [127.43753443131908, 50.281341909562414]], [[127.43924452808037, 50.28055540775406], [127.43938188834552, 50.28064719461948], [127.43938482850314, 50.28055729185036], [127.43924452808037, 50.28055540775406]], [[127.43966836900807, 50.28047115675248], [127.43980572986096, 50.28056294312354], [127.43980866921152, 50.280473040334954], [127.43966836900807, 50.28047115675248]], [[127.43981160854719, 50.28038313754485], [127.43994896942989, 50.28047492374814], [127.43995190850147, 50.28038502095207], [127.43981160854719, 50.28038313754485]]]}}, {"id": "236", "type": "Feature", "properties": {"contour_id": "flood_0237", "area_ha": 0.84, "pair_id": "flood_2019_07_amur__blagoveshchensk", "layer": "flood", "aoi_name": "Благовещенск — слияние Амура и Зеи", "event_name": "Паводок в Приамурье, июль 2019", "date_peak": "2019-07-25"}, "geometry": {"type": "Polygon", "coordinates": [[[127.55886655567194, 50.237579166440696], [127.55888824296551, 50.23685989954389], [127.55972932210594, 50.23687032861807], [127.55974557751448, 50.23633087818383], [127.5612956586581, 50.236080256564655], [127.56014715336912, 50.23696544928999], [127.55944083286712, 50.23713657809992], [127.55914691954608, 50.23758264356314], [127.55886655567194, 50.237579166440696]]]}}, {"id": "237", "type": "Feature", "properties": {"contour_id": "flood_0238", "area_ha": 0.83, "pair_id": "flood_2019_07_amur__blagoveshchensk", "layer": "flood", "aoi_name": "Благовещенск — слияние Амура и Зеи", "event_name": "Паводок в Приамурье, июль 2019", "date_peak": "2019-07-25"}, "geometry": {"type": "Polygon", "coordinates": [[[127.73797040666099, 50.35334659539595], [127.73797517437795, 50.35316676900348], [127.73755596199705, 50.353072279470496], [127.73772748977854, 50.35190493349634], [127.7380085470411, 50.35190798409039], [127.73799662850517, 50.352357550164086], [127.73856113115114, 50.35227373618059], [127.73869213121723, 50.35263491349825], [127.73839915454845, 50.35308143061155], [127.73881836873886, 50.35317591711758], [127.73797040666099, 50.35334659539595]]]}}, {"id": "238", "type": "Feature", "properties": {"contour_id": "flood_0239", "area_ha": 0.83, "pair_id": "flood_2019_07_amur__blagoveshchensk", "layer": "flood", "aoi_name": "Благовещенск — слияние Амура и Зеи", "event_name": "Паводок в Приамурье, июль 2019", "date_peak": "2019-07-25"}, "geometry": {"type": "Polygon", "coordinates": [[[127.58888161414536, 50.147105723647705], [127.58891336542581, 50.14602679228842], [127.58807386979488, 50.146016587770944], [127.5880950488266, 50.14529730033665], [127.58879197197886, 50.14539571526839], [127.58919848805404, 50.145850370510374], [127.58904005325597, 50.14647804723781], [127.58959178866603, 50.14675457923128], [127.58944393571511, 50.147022612587826], [127.58972377357344, 50.14702601151593], [127.58888161414536, 50.147105723647705]]]}}, {"id": "239", "type": "Feature", "properties": {"contour_id": "flood_0240", "area_ha": 0.83, "pair_id": "flood_2019_07_amur__blagoveshchensk", "layer": "flood", "aoi_name": "Благовещенск — слияние Амура и Зеи", "event_name": "Паводок в Приамурье, июль 2019", "date_peak": "2019-07-25"}, "geometry": {"type": "Polygon", "coordinates": [[[127.68538215626702, 50.25706766625421], [127.68497131861483, 50.25670325452542], [127.68539205507106, 50.25670801490757], [127.68554219812968, 50.256349949972666], [127.68750315114471, 50.2564620552258], [127.68735302237046, 50.256820122799915], [127.68637624673093, 50.25662920366868], [127.68580289600203, 50.25707242517401], [127.68538215626702, 50.25706766625421]]]}}, {"id": "240", "type": "Feature", "properties": {"contour_id": "flood_0241", "area_ha": 0.82, "pair_id": "flood_2019_07_amur__blagoveshchensk", "layer": "flood", "aoi_name": "Благовещенск — слияние Амура и Зеи", "event_name": "Паводок в Приамурье, июль 2019", "date_peak": "2019-07-25"}, "geometry": {"type": "Polygon", "coordinates": [[[127.71646685982142, 50.33233523536728], [127.71522688275172, 50.33142214465681], [127.71523415751003, 50.33115240642621], [127.7158008699625, 50.33097878827566], [127.71579359845734, 50.33124852657425], [127.7164959310522, 50.33125628201111], [127.71634335038625, 50.33170429516279], [127.71662186380371, 50.33179730932385], [127.71661459673552, 50.332067047670975], [127.71717647262014, 50.33207324846542], [127.71716920862082, 50.332342986858215], [127.71646685982142, 50.33233523536728]]]}}, {"id": "241", "type": "Feature", "properties": {"contour_id": "flood_0242", "area_ha": 0.82, "pair_id": "flood_2019_07_amur__blagoveshchensk", "layer": "flood", "aoi_name": "Благовещенск — слияние Амура и Зеи", "event_name": "Паводок в Приамурье, июль 2019", "date_peak": "2019-07-25"}, "geometry": {"type": "Polygon", "coordinates": [[[127.60130479319318, 50.31121993633644], [127.60061334617247, 50.31085185225625], [127.60077221885408, 50.310224180344875], [127.60244118018835, 50.310783900926076], [127.60228759980087, 50.31123175742738], [127.60130479319318, 50.31121993633644]]]}}, {"id": "242", "type": "Feature", "properties": {"contour_id": "flood_0243", "area_ha": 0.81, "pair_id": "flood_2019_07_amur__blagoveshchensk", "layer": "flood", "aoi_name": "Благовещенск — слияние Амура и Зеи", "event_name": "Паводок в Приамурье, июль 2019", "date_peak": "2019-07-25"}, "geometry": {"type": "Polygon", "coordinates": [[[127.57226662463081, 50.23027941866299], [127.57185956979006, 50.2298247058239], [127.5720104717883, 50.22946679261966], [127.5724390026793, 50.22920223282963], [127.57341742758526, 50.229304192806794], [127.57283263812049, 50.23010648881462], [127.57226662463081, 50.23027941866299]]]}}, {"id": "243", "type": "Feature", "properties": {"contour_id": "flood_0244", "area_ha": 0.81, "pair_id": "flood_2019_07_amur__blagoveshchensk", "layer": "flood", "aoi_name": "Благовещенск — слияние Амура и Зеи", "event_name": "Паводок в Приамурье, июль 2019", "date_peak": "2019-07-25"}, "geometry": {"type": "Polygon", "coordinates": [[[127.58581214447696, 50.288996978919194], [127.58582013984127, 50.28872725307804], [127.58567447531682, 50.28890536274254], [127.5845518014428, 50.288891696129994], [127.5847028044904, 50.28853377075884], [127.58539913858206, 50.28872212990914], [127.58542846259714, 50.28773313522138], [127.5858441252043, 50.2879180754735], [127.58583613020494, 50.2881878013552], [127.58611679460769, 50.28819121588933], [127.5863841390802, 50.288644172960446], [127.58623581257831, 50.28891219198411], [127.58581214447696, 50.288996978919194]], [[127.5855501347321, 50.2883642033689], [127.58583346517813, 50.28827770997941], [127.58555546585623, 50.28818438614362], [127.5855501347321, 50.2883642033689]]]}}, {"id": "244", "type": "Feature", "properties": {"contour_id": "flood_0245", "area_ha": 0.79, "pair_id": "flood_2019_07_amur__blagoveshchensk", "layer": "flood", "aoi_name": "Благовещенск — слияние Амура и Зеи", "event_name": "Паводок в Приамурье, июль 2019", "date_peak": "2019-07-25"}, "geometry": {"type": "Polygon", "coordinates": [[[127.38705077803137, 50.27993268040564], [127.38733440626038, 50.27984667386526], [127.38720626483217, 50.279485124916306], [127.38748989011079, 50.2793991179618], [127.39044515366167, 50.2791702575044], [127.39043605705822, 50.27943995948988], [127.38917341324978, 50.27942246511806], [127.38916430937941, 50.279692166923304], [127.3874807767357, 50.27966881954492], [127.387471663222, 50.27993852111426], [127.38705077803137, 50.27993268040564]]]}}, {"id": "245", "type": "Feature", "properties": {"contour_id": "flood_0246", "area_ha": 0.79, "pair_id": "flood_2019_07_amur__blagoveshchensk", "layer": "flood", "aoi_name": "Благовещенск — слияние Амура и Зеи", "event_name": "Паводок в Приамурье, июль 2019", "date_peak": "2019-07-25"}, "geometry": {"type": "Polygon", "coordinates": [[[127.49283351085604, 50.277035457015174], [127.49199743097553, 50.27684472742605], [127.49242114983994, 50.27676028284842], [127.49242966939269, 50.276490567661014], [127.49130733417051, 50.276476003175574], [127.49104948980438, 50.275753120257065], [127.49147604207741, 50.275578774009674], [127.49160780743092, 50.27585031006472], [127.49202867757322, 50.275855771879414], [127.49202015594668, 50.276125487046684], [127.49230073769766, 50.276129127444776], [127.49298232096498, 50.27676756109794], [127.49283351085604, 50.277035457015174]]]}}, {"id": "246", "type": "Feature", "properties": {"contour_id": "flood_0247", "area_ha": 0.79, "pair_id": "flood_2019_07_amur__blagoveshchensk", "layer": "flood", "aoi_name": "Благовещенск — слияние Амура и Зеи", "event_name": "Паводок в Приамурье, июль 2019", "date_peak": "2019-07-25"}, "geometry": {"type": "Polygon", "coordinates": [[[127.72043488294794, 50.44084503092127], [127.72002706202777, 50.44030091789718], [127.72087179756988, 50.44031020767101], [127.72088391556164, 50.43986065141417], [127.72116549150851, 50.43986374659393], [127.72117033755264, 50.43968392406117], [127.72130143394014, 50.44004511646504], [127.7219981123162, 50.44032258449949], [127.72156363255873, 50.44076750080867], [127.72128689696369, 50.44058458403947], [127.72099804647276, 50.44085122285941], [127.72043488294794, 50.44084503092127]]]}}, {"id": "247", "type": "Feature", "properties": {"contour_id": "flood_0248", "area_ha": 0.79, "pair_id": "flood_2019_07_amur__blagoveshchensk", "layer": "flood", "aoi_name": "Благовещенск — слияние Амура и Зеи", "event_name": "Паводок в Приамурье, июль 2019", "date_peak": "2019-07-25"}, "geometry": {"type": "Polygon", "coordinates": [[[127.34711579341719, 50.375160133948555], [127.34712516654417, 50.37489044223964], [127.34628173426417, 50.37487845086011], [127.34629111202588, 50.37460875925151], [127.34728448287939, 50.37435305671109], [127.34759373444767, 50.3735479765992], [127.34758436442333, 50.3738176684344], [127.34799982619566, 50.37400345466208], [127.34757499425625, 50.37408736025576], [127.3475656239464, 50.374357052063274], [127.34798733566583, 50.374363043817894], [127.34797484488232, 50.37472263294911], [127.34711579341719, 50.375160133948555]]]}}, {"id": "248", "type": "Feature", "properties": {"contour_id": "flood_0249", "area_ha": 0.78, "pair_id": "flood_2019_07_amur__blagoveshchensk", "layer": "flood", "aoi_name": "Благовещенск — слияние Амура и Зеи", "event_name": "Паводок в Приамурье, июль 2019", "date_peak": "2019-07-25"}, "geometry": {"type": "Polygon", "coordinates": [[[127.74108591285783, 50.35248097572786], [127.74109066866086, 50.35230114909308], [127.74080960874423, 50.35229810593027], [127.74096678548368, 50.35167023436205], [127.7406952436111, 50.35130753765652], [127.74071902853126, 50.350408404375976], [127.74100007728306, 50.350411447675505], [127.74087144358214, 50.349960359390714], [127.74143828994357, 50.349786617798195], [127.7414192733898, 50.35050592471046], [127.74098580965881, 50.35095092771954], [127.74110018012206, 50.35194149580579], [127.74137648331947, 50.352124364916804], [127.74136697388383, 50.35248401823088], [127.74108591285783, 50.35248097572786]]]}}, {"id": "249", "type": "Feature", "properties": {"contour_id": "flood_0250", "area_ha": 0.77, "pair_id": "flood_2019_07_amur__blagoveshchensk", "layer": "flood", "aoi_name": "Благовещенск — слияние Амура и Зеи", "event_name": "Паводок в Приамурье, июль 2019", "date_peak": "2019-07-25"}, "geometry": {"type": "Polygon", "coordinates": [[[127.39400614929887, 50.28596521582677], [127.39401522783078, 50.285695513673396], [127.39485710287273, 50.28570714409515], [127.39486617651251, 50.28543744181735], [127.39528711186355, 50.285443254687344], [127.39529618298829, 50.285173552340446], [127.39613804935038, 50.285185173398744], [127.39614711558326, 50.284915470927515], [127.39698897774316, 50.284927085780524], [127.39699803908428, 50.28465738318501], [127.3979802067549, 50.28467092601496], [127.39712324771428, 50.2851088227318], [127.39528408812464, 50.285533155466574], [127.3948510537029, 50.28588694560603], [127.39400614929887, 50.28596521582677]]]}}, {"id": "250", "type": "Feature", "properties": {"contour_id": "flood_0251", "area_ha": 0.77, "pair_id": "flood_2019_07_amur__blagoveshchensk", "layer": "flood", "aoi_name": "Благовещенск — слияние Амура и Зеи", "event_name": "Паводок в Приамурье, июль 2019", "date_peak": "2019-07-25"}, "geometry": {"type": "Polygon", "coordinates": [[[127.32171506536015, 50.44926774245334], [127.31988797413628, 50.449151431337235], [127.31961276351267, 50.448967575095544], [127.32045750068885, 50.44897977272569], [127.32046704992472, 50.44871008811079], [127.32257888342039, 50.448740555079524], [127.32256934617793, 50.44901023998461], [127.32172460754555, 50.44899805767815], [127.32171506536015, 50.44926774245334]]]}}, {"id": "251", "type": "Feature", "properties": {"contour_id": "flood_0252", "area_ha": 0.77, "pair_id": "flood_2019_07_amur__blagoveshchensk", "layer": "flood", "aoi_name": "Благовещенск — слияние Амура и Зеи", "event_name": "Паводок в Приамурье, июль 2019", "date_peak": "2019-07-25"}, "geometry": {"type": "Polygon", "coordinates": [[[127.71460616662709, 50.385648586008095], [127.71432977515012, 50.38546565362517], [127.71476380698026, 50.38502075686924], [127.71477352859266, 50.38466110928966], [127.71449714213429, 50.384478177312694], [127.71506449618435, 50.38430456916508], [127.7150717855214, 50.38403483341746], [127.71577246875559, 50.38413251100801], [127.71561970242698, 50.38458051787645], [127.71519297147805, 50.384755682223876], [127.71503533772514, 50.38538351202216], [127.71460616662709, 50.385648586008095]]]}}, {"id": "252", "type": "Feature", "properties": {"contour_id": "flood_0253", "area_ha": 0.77, "pair_id": "flood_2019_07_amur__blagoveshchensk", "layer": "flood", "aoi_name": "Благовещенск — слияние Амура и Зеи", "event_name": "Паводок в Приамурье, июль 2019", "date_peak": "2019-07-25"}, "geometry": {"type": "Polygon", "coordinates": [[[127.78481044916613, 50.38523406108102], [127.78426172510086, 50.38468869696722], [127.78427092099892, 50.384329039833816], [127.78525530947708, 50.384339325023966], [127.7859423738351, 50.38497606684879], [127.78481044916613, 50.38523406108102]]]}}, {"id": "253", "type": "Feature", "properties": {"contour_id": "flood_0254", "area_ha": 0.76, "pair_id": "flood_2019_07_amur__blagoveshchensk", "layer": "flood", "aoi_name": "Благовещенск — слияние Амура и Зеи", "event_name": "Паводок в Приамурье, июль 2019", "date_peak": "2019-07-25"}, "geometry": {"type": "Polygon", "coordinates": [[[127.45107942325835, 50.279184726015835], [127.45108817713572, 50.278915016139415], [127.45235084517218, 50.27893183786665], [127.45235959178729, 50.278662127816474], [127.45278047902256, 50.27866773195861], [127.45278630844118, 50.27848792521536], [127.45404022917116, 50.27877443866696], [127.4540314920172, 50.27904414892575], [127.4537479851917, 50.27913031940455], [127.45136585251294, 50.27900865879147], [127.45136001763606, 50.279188465397944], [127.45107942325835, 50.279184726015835]]]}}, {"id": "254", "type": "Feature", "properties": {"contour_id": "flood_0255", "area_ha": 0.76, "pair_id": "flood_2019_07_amur__blagoveshchensk", "layer": "flood", "aoi_name": "Благовещенск — слияние Амура и Зеи", "event_name": "Паводок в Приамурье, июль 2019", "date_peak": "2019-07-25"}, "geometry": {"type": "Polygon", "coordinates": [[[127.6106207461271, 50.23731014490343], [127.61066256210354, 50.23587157880805], [127.61150364264519, 50.23588163302308], [127.6116542688689, 50.23552366640136], [127.61192418309469, 50.235886657848376], [127.61149841899528, 50.23606145386972], [127.61148535963888, 50.23651100596015], [127.61091679291283, 50.23677403485011], [127.61090372775715, 50.237223586774356], [127.6106207461271, 50.23731014490343]]]}}, {"id": "255", "type": "Feature", "properties": {"contour_id": "flood_0256", "area_ha": 0.76, "pair_id": "flood_2019_07_amur__blagoveshchensk", "layer": "flood", "aoi_name": "Благовещенск — слияние Амура и Зеи", "event_name": "Паводок в Приамурье, июль 2019", "date_peak": "2019-07-25"}, "geometry": {"type": "Polygon", "coordinates": [[[127.57996342075053, 50.17883680081713], [127.58002739448851, 50.1766789580419], [127.57960737972829, 50.176673822162265], [127.57961537826233, 50.17640409180333], [127.5804554031777, 50.17641436194673], [127.5806113930529, 50.175876612060605], [127.58059274305103, 50.176505983206006], [127.58017006457675, 50.17659075952455], [127.58016473428091, 50.176770579802735], [127.58055544106473, 50.17776472527593], [127.57996342075053, 50.17883680081713]]]}}, {"id": "256", "type": "Feature", "properties": {"contour_id": "flood_0257", "area_ha": 0.76, "pair_id": "flood_2019_07_amur__blagoveshchensk", "layer": "flood", "aoi_name": "Благовещенск — слияние Амура и Зеи", "event_name": "Паводок в Приамурье, июль 2019", "date_peak": "2019-07-25"}, "geometry": {"type": "Polygon", "coordinates": [[[127.63005274067753, 50.33719523889176], [127.63005791304964, 50.337015419786574], [127.63090078499087, 50.33702534799454], [127.63119466251057, 50.33657910804083], [127.63316650788954, 50.336422425632584], [127.63301312809946, 50.336870322461536], [127.63005274067753, 50.33719523889176]], [[127.63175398927154, 50.33667563161454], [127.63203236231051, 50.33676884721483], [127.63203494472766, 50.336678937582036], [127.63175398927154, 50.33667563161454]]]}}, {"id": "257", "type": "Feature", "properties": {"contour_id": "flood_0258", "area_ha": 0.75, "pair_id": "flood_2019_07_amur__blagoveshchensk", "layer": "flood", "aoi_name": "Благовещенск — слияние Амура и Зеи", "event_name": "Паводок в Приамурье, июль 2019", "date_peak": "2019-07-25"}, "geometry": {"type": "Polygon", "coordinates": [[[127.70219205177237, 50.325071537814296], [127.70178050826026, 50.32470718417662], [127.70094273250547, 50.32451794669114], [127.7006839067811, 50.32370559669963], [127.70208589252513, 50.323811196552654], [127.70208099434927, 50.323991021338195], [127.70123832854517, 50.32398161080893], [127.70123097642123, 50.32425134788651], [127.70275873781132, 50.32489798286925], [127.70275384198561, 50.3250778076689], [127.70219205177237, 50.325071537814296]]]}}, {"id": "258", "type": "Feature", "properties": {"contour_id": "flood_0259", "area_ha": 0.74, "pair_id": "flood_2019_07_amur__blagoveshchensk", "layer": "flood", "aoi_name": "Благовещенск — слияние Амура и Зеи", "event_name": "Паводок в Приамурье, июль 2019", "date_peak": "2019-07-25"}, "geometry": {"type": "Polygon", "coordinates": [[[127.57349116836609, 50.23623062818625], [127.57323496485257, 50.23541800520448], [127.5735153178144, 50.23542144755633], [127.57350726812066, 50.235691174446494], [127.57406797736891, 50.23569805718719], [127.57421888234364, 50.235340141484066], [127.575067981219, 50.23508073229049], [127.57448046516434, 50.23597294445896], [127.57349116836609, 50.23623062818625]]]}}, {"id": "259", "type": "Feature", "properties": {"contour_id": "flood_0260", "area_ha": 0.74, "pair_id": "flood_2019_07_amur__blagoveshchensk", "layer": "flood", "aoi_name": "Благовещенск — слияние Амура и Зеи", "event_name": "Паводок в Приамурье, июль 2019", "date_peak": "2019-07-25"}, "geometry": {"type": "Polygon", "coordinates": [[[127.7107340412904, 50.15454865290062], [127.70989919385539, 50.15435949717708], [127.70976650660263, 50.154088196497746], [127.7110356957184, 50.153742521768805], [127.71172575836957, 50.15410994766688], [127.71171850937725, 50.15437969378752], [127.7107340412904, 50.15454865290062]]]}}, {"id": "260", "type": "Feature", "properties": {"contour_id": "flood_0261", "area_ha": 0.74, "pair_id": "flood_2019_07_amur__blagoveshchensk", "layer": "flood", "aoi_name": "Благовещенск — слияние Амура и Зеи", "event_name": "Паводок в Приамурье, июль 2019", "date_peak": "2019-07-25"}, "geometry": {"type": "Polygon", "coordinates": [[[127.57627243103762, 50.15693549563736], [127.57572332940016, 50.15656899020604], [127.57251796417381, 50.15607991769011], [127.57559674252548, 50.15611772233901], [127.57558872712832, 50.15638745317467], [127.57642839980883, 50.156397749471545], [127.57627243103762, 50.15693549563736]]]}}, {"id": "261", "type": "Feature", "properties": {"contour_id": "flood_0262", "area_ha": 0.74, "pair_id": "flood_2019_07_amur__blagoveshchensk", "layer": "flood", "aoi_name": "Благовещенск — слияние Амура и Зеи", "event_name": "Паводок в Приамурье, июль 2019", "date_peak": "2019-07-25"}, "geometry": {"type": "Polygon", "coordinates": [[[127.59442611206603, 50.158505782799516], [127.5944656609198, 50.15715711801561], [127.59530535391845, 50.15716727796105], [127.59527900408814, 50.15806638817651], [127.59442611206603, 50.158505782799516]]]}}, {"id": "262", "type": "Feature", "properties": {"contour_id": "flood_0263", "area_ha": 0.74, "pair_id": "flood_2019_07_amur__blagoveshchensk", "layer": "flood", "aoi_name": "Благовещенск — слияние Амура и Зеи", "event_name": "Паводок в Приамурье, июль 2019", "date_peak": "2019-07-25"}, "geometry": {"type": "Polygon", "coordinates": [[[127.59717301055794, 50.16510482309673], [127.5971835390662, 50.164745179175014], [127.5963437126379, 50.16473503170059], [127.59637004872073, 50.16383592211287], [127.59775131671049, 50.164482207764124], [127.59717301055794, 50.16510482309673]]]}}, {"id": "263", "type": "Feature", "properties": {"contour_id": "flood_0264", "area_ha": 0.73, "pair_id": "flood_2019_07_amur__blagoveshchensk", "layer": "flood", "aoi_name": "Благовещенск — слияние Амура и Зеи", "event_name": "Паводок в Приамурье, июль 2019", "date_peak": "2019-07-25"}, "geometry": {"type": "Polygon", "coordinates": [[[127.35642844975581, 50.3946295353587], [127.35616584414976, 50.39408617621105], [127.35560954718963, 50.39389842951036], [127.35494374271231, 50.392809718032765], [127.35550624533911, 50.392817673128135], [127.35578127679578, 50.393001444356415], [127.3557595064677, 50.39363072575866], [127.35659705837195, 50.393822446353354], [127.35642844975581, 50.3946295353587]]]}}, {"id": "264", "type": "Feature", "properties": {"contour_id": "flood_0265", "area_ha": 0.73, "pair_id": "flood_2019_07_amur__blagoveshchensk", "layer": "flood", "aoi_name": "Благовещенск — слияние Амура и Зеи", "event_name": "Паводок в Приамурье, июль 2019", "date_peak": "2019-07-25"}, "geometry": {"type": "Polygon", "coordinates": [[[127.32996673804075, 50.34685321409581], [127.32983571159886, 50.34658150536449], [127.3302634795953, 50.34640776517317], [127.33042918799796, 50.3456906072936], [127.33098797531198, 50.34578857244931], [127.33139682713258, 50.34615420972425], [127.33124373637965, 50.346511781243294], [127.32996673804075, 50.34685321409581]]]}}, {"id": "265", "type": "Feature", "properties": {"contour_id": "flood_0266", "area_ha": 0.73, "pair_id": "flood_2019_07_amur__blagoveshchensk", "layer": "flood", "aoi_name": "Благовещенск — слияние Амура и Зеи", "event_name": "Паводок в Приамурье, июль 2019", "date_peak": "2019-07-25"}, "geometry": {"type": "Polygon", "coordinates": [[[127.60976074554277, 50.32948933464932], [127.60976599308027, 50.32930951684057], [127.61004690250262, 50.32931287557704], [127.6100705109947, 50.32850369526765], [127.60979222996883, 50.32841042770697], [127.61132409960517, 50.328878436654485], [127.61160500667162, 50.328881791606314], [127.61175594004153, 50.32852383286422], [127.61273648978965, 50.328625477547206], [127.61273125358933, 50.32880529560347], [127.61175070015975, 50.328703650849015], [127.61174284023735, 50.32897337781499], [127.61216420177124, 50.32897840847783], [127.61201850895804, 50.329156549750934], [127.61020309475911, 50.32877510113278], [127.61032256655969, 50.329496051486444], [127.60976074554277, 50.32948933464932]], [[127.61004690250262, 50.32931287557704], [127.61018473426628, 50.32940446361196], [127.61018735723377, 50.32931455469086], [127.61004690250262, 50.32931287557704]]]}}, {"id": "266", "type": "Feature", "properties": {"contour_id": "flood_0267", "area_ha": 0.72, "pair_id": "flood_2019_07_amur__blagoveshchensk", "layer": "flood", "aoi_name": "Благовещенск — слияние Амура и Зеи", "event_name": "Паводок в Приамурье, июль 2019", "date_peak": "2019-07-25"}, "geometry": {"type": "Polygon", "coordinates": [[[127.62649327185325, 50.26079366755379], [127.62453230514319, 50.26068053255089], [127.62453748428526, 50.260500711482074], [127.62609320271196, 50.260069408911065], [127.62664645400667, 50.26034577210516], [127.62649327185325, 50.26079366755379]]]}}, {"id": "267", "type": "Feature", "properties": {"contour_id": "flood_0268", "area_ha": 0.72, "pair_id": "flood_2019_07_amur__blagoveshchensk", "layer": "flood", "aoi_name": "Благовещенск — слияние Амура и Зеи", "event_name": "Паводок в Приамурье, июль 2019", "date_peak": "2019-07-25"}, "geometry": {"type": "Polygon", "coordinates": [[[127.57800411239727, 50.13159272817731], [127.57802010184395, 50.13105326361153], [127.57718087214717, 50.13104298257503], [127.57718887140292, 50.13077325036958], [127.57676925909378, 50.130768107626544], [127.57677726058529, 50.130498375456455], [127.57719687053729, 50.13050351815061], [127.57720486955029, 50.130233785918094], [127.57775901596561, 50.13042046195392], [127.57816530269115, 50.13087515498333], [127.57815464426942, 50.131234798066934], [127.57843971687429, 50.1310584018561], [127.57842639629781, 50.13150795574609], [127.57870614233791, 50.13151138045462], [127.57800411239727, 50.13159272817731]]]}}, {"id": "268", "type": "Feature", "properties": {"contour_id": "flood_0269", "area_ha": 0.72, "pair_id": "flood_2019_07_amur__blagoveshchensk", "layer": "flood", "aoi_name": "Благовещенск — слияние Амура и Зеи", "event_name": "Паводок в Приамурье, июль 2019", "date_peak": "2019-07-25"}, "geometry": {"type": "Polygon", "coordinates": [[[127.71316804890246, 50.33481707771], [127.7131753361938, 50.33454733985552], [127.71345628835911, 50.33455044901125], [127.71375180846381, 50.33401408162097], [127.71486832756584, 50.33429624656501], [127.71487560509576, 50.33402650850635], [127.71543265415288, 50.334212543290576], [127.71599940251573, 50.33403892453362], [127.71556585573754, 50.33448383334266], [127.71444447468872, 50.33438150037955], [127.71316804890246, 50.33481707771]]]}}, {"id": "269", "type": "Feature", "properties": {"contour_id": "flood_0270", "area_ha": 0.71, "pair_id": "flood_2019_07_amur__blagoveshchensk", "layer": "flood", "aoi_name": "Благовещенск — слияние Амура и Зеи", "event_name": "Паводок в Приамурье, июль 2019", "date_peak": "2019-07-25"}, "geometry": {"type": "Polygon", "coordinates": [[[127.72252570609217, 50.42072188873616], [127.722540218755, 50.42018241904978], [127.72212770773316, 50.41981813588684], [127.72227811314512, 50.41946003514392], [127.72240674601368, 50.41991113879328], [127.72256198691929, 50.41937321442022], [127.72297449749885, 50.419737496066496], [127.72325595435784, 50.41974058530192], [127.72312006112499, 50.41955921747459], [127.7235398280747, 50.41965376219533], [127.72352532703816, 50.420193232141024], [127.72324145005224, 50.42028005517989], [127.72311280830239, 50.41982895241442], [127.72309104917095, 50.42063815715391], [127.72252570609217, 50.42072188873616]], [[127.72267611150032, 50.42036378753216], [127.72281442352462, 50.420455244234596], [127.72281684176305, 50.42036533260964], [127.72267611150032, 50.42036378753216]], [[127.72282409640457, 50.420095597725926], [127.72295757203806, 50.420366877516955], [127.72296482588072, 50.4200971426185], [127.72282409640457, 50.420095597725926]]]}}, {"id": "270", "type": "Feature", "properties": {"contour_id": "flood_0271", "area_ha": 0.71, "pair_id": "flood_2019_07_amur__blagoveshchensk", "layer": "flood", "aoi_name": "Благовещенск — слияние Амура и Зеи", "event_name": "Паводок в Приамурье, июль 2019", "date_peak": "2019-07-25"}, "geometry": {"type": "Polygon", "coordinates": [[[127.37959167515046, 50.19780060344402], [127.37946075367927, 50.19752894516964], [127.37890663244406, 50.19734132495017], [127.37892490256003, 50.19680191636927], [127.37990525795071, 50.19681559465031], [127.38019752993837, 50.19645989523746], [127.38061767941883, 50.19646575373949], [127.38060855407542, 50.19673545827818], [127.3801884022299, 50.19672959972042], [127.3801792743828, 50.1969993041896], [127.37975912031085, 50.19699344405722], [127.37959167515046, 50.19780060344402]]]}}, {"id": "271", "type": "Feature", "properties": {"contour_id": "flood_0272", "area_ha": 0.71, "pair_id": "flood_2019_07_amur__blagoveshchensk", "layer": "flood", "aoi_name": "Благовещенск — слияние Амура и Зеи", "event_name": "Паводок в Приамурье, июль 2019", "date_peak": "2019-07-25"}, "geometry": {"type": "Polygon", "coordinates": [[[127.35789260105015, 50.307406576428974], [127.3579235661085, 50.30650758861407], [127.35834467971259, 50.306513537044445], [127.35835396654417, 50.30624384061341], [127.35933346620678, 50.30634761307853], [127.3586099464712, 50.3069669959015], [127.3587441291873, 50.30714877570076], [127.35832610562545, 50.307052929865044], [127.35789260105015, 50.307406576428974]]]}}, {"id": "272", "type": "Feature", "properties": {"contour_id": "flood_0273", "area_ha": 0.71, "pair_id": "flood_2019_07_amur__blagoveshchensk", "layer": "flood", "aoi_name": "Благовещенск — слияние Амура и Зеи", "event_name": "Паводок в Приамурье, июль 2019", "date_peak": "2019-07-25"}, "geometry": {"type": "Polygon", "coordinates": [[[127.71554650963543, 50.43413575934814], [127.71658539077984, 50.43216858725296], [127.7175780329574, 50.43190971883424], [127.71757074546763, 50.432179452614996], [127.7170052553181, 50.43226315609575], [127.71657323539034, 50.43261814335207], [127.71655864851499, 50.4331576106221], [127.71611445669846, 50.433962151993754], [127.71554650963543, 50.43413575934814]]]}}, {"id": "273", "type": "Feature", "properties": {"contour_id": "flood_0274", "area_ha": 0.71, "pair_id": "flood_2019_07_amur__blagoveshchensk", "layer": "flood", "aoi_name": "Благовещенск — слияние Амура и Зеи", "event_name": "Паводок в Приамурье, июль 2019", "date_peak": "2019-07-25"}, "geometry": {"type": "Polygon", "coordinates": [[[127.69779073189241, 50.14145253681753], [127.6972481927208, 50.14081685411234], [127.69683091470336, 50.14072222944562], [127.69670566781949, 50.14018116891681], [127.69643074507381, 50.13999819796461], [127.69754754076247, 50.14010067233823], [127.69753044863721, 50.14073007793261], [127.6979404050906, 50.14109444536939], [127.69779073189241, 50.14145253681753]]]}}, {"id": "274", "type": "Feature", "properties": {"contour_id": "flood_0275", "area_ha": 0.7, "pair_id": "flood_2019_07_amur__blagoveshchensk", "layer": "flood", "aoi_name": "Благовещенск — слияние Амура и Зеи", "event_name": "Паводок в Приамурье, июль 2019", "date_peak": "2019-07-25"}, "geometry": {"type": "Polygon", "coordinates": [[[127.695726351376, 50.26357001655969], [127.69489458373421, 50.26320091585353], [127.69462388499383, 50.262838112781694], [127.69590344959693, 50.262222893897864], [127.69561310135103, 50.26257939807046], [127.69602161541047, 50.263033685961], [127.6957386303344, 50.26312045102096], [127.695726351376, 50.26357001655969]], [[127.69546055681678, 50.26302738917962], [127.69574108608873, 50.26303053790877], [127.69574599756005, 50.262850711679896], [127.69546546934377, 50.26284756297072], [127.69546055681678, 50.26302738917962]]]}}, {"id": "275", "type": "Feature", "properties": {"contour_id": "flood_0276", "area_ha": 0.7, "pair_id": "flood_2019_07_amur__blagoveshchensk", "layer": "flood", "aoi_name": "Благовещенск — слияние Амура и Зеи", "event_name": "Паводок в Приамурье, июль 2019", "date_peak": "2019-07-25"}, "geometry": {"type": "Polygon", "coordinates": [[[127.62311977236993, 50.33396543978617], [127.62256829569523, 50.333599147064675], [127.62257609561814, 50.33332941908282], [127.62215729449562, 50.333234516523085], [127.62285703026095, 50.333332747064844], [127.62286482847549, 50.33306301903786], [127.62371282351629, 50.33289318006221], [127.62299489843585, 50.33342432014602], [127.62453744670844, 50.333532519511344], [127.62410825144059, 50.33379726150615], [127.62369204094152, 50.33361245504817], [127.62311977236993, 50.33396543978617]]]}}, {"id": "276", "type": "Feature", "properties": {"contour_id": "flood_0277", "area_ha": 0.7, "pair_id": "flood_2019_07_amur__blagoveshchensk", "layer": "flood", "aoi_name": "Благовещенск — слияние Амура и Зеи", "event_name": "Паводок в Приамурье, июль 2019", "date_peak": "2019-07-25"}, "geometry": {"type": "Polygon", "coordinates": [[[127.73070858464388, 50.335729403282066], [127.73044439966269, 50.33509694327239], [127.72988967793644, 50.33482106672145], [127.73003495029363, 50.33464277478214], [127.72975639355829, 50.33454979247559], [127.72976358685757, 50.33428005286374], [127.72934455687675, 50.33418553479909], [127.72893752499995, 50.33364144931716], [127.72922087226698, 50.33355460715371], [127.72921367607994, 50.33382434674266], [127.72990646053165, 50.3341916742701], [127.73033028507058, 50.334106363864045], [127.73058248203176, 50.335188390307316], [127.73099673231908, 50.33546273044359], [127.7309895457005, 50.33573247012908], [127.73070858464388, 50.335729403282066]]]}}, {"id": "277", "type": "Feature", "properties": {"contour_id": "flood_0278", "area_ha": 0.69, "pair_id": "flood_2019_07_amur__blagoveshchensk", "layer": "flood", "aoi_name": "Благовещенск — слияние Амура и Зеи", "event_name": "Паводок в Приамурье, июль 2019", "date_peak": "2019-07-25"}, "geometry": {"type": "Polygon", "coordinates": [[[127.4527790490303, 50.29602652844682], [127.45278779852694, 50.29575681913947], [127.45236967780187, 50.2956613105639], [127.45222349703228, 50.29583924789719], [127.45209482195006, 50.29547776658072], [127.4526737025861, 50.294945822862], [127.4529543898648, 50.2949495592391], [127.45297188607427, 50.2944101404656], [127.45339582753657, 50.294325840502324], [127.45352742457, 50.294597417356506], [127.45293980928352, 50.29539907484185], [127.4530626586666, 50.295940361514624], [127.4527790490303, 50.29602652844682]]]}}, {"id": "278", "type": "Feature", "properties": {"contour_id": "flood_0279", "area_ha": 0.69, "pair_id": "flood_2019_07_amur__blagoveshchensk", "layer": "flood", "aoi_name": "Благовещенск — слияние Амура и Зеи", "event_name": "Паводок в Приамурье, июль 2019", "date_peak": "2019-07-25"}, "geometry": {"type": "Polygon", "coordinates": [[[127.62956326230177, 50.33467114922296], [127.6295761965951, 50.3342216013446], [127.63000795172564, 50.33386692936682], [127.62987524107301, 50.33359554529144], [127.6302966466995, 50.33360051057815], [127.63030440286812, 50.333330781723014], [127.63058533842842, 50.33333409103446], [127.63059309288933, 50.33306436213438], [127.63031474424257, 50.33297114322859], [127.63144622785542, 50.33271464722262], [127.62956326230177, 50.33467114922296]]]}}, {"id": "279", "type": "Feature", "properties": {"contour_id": "flood_0280", "area_ha": 0.68, "pair_id": "flood_2019_07_amur__blagoveshchensk", "layer": "flood", "aoi_name": "Благовещенск — слияние Амура и Зеи", "event_name": "Паводок в Приамурье, июль 2019", "date_peak": "2019-07-25"}, "geometry": {"type": "Polygon", "coordinates": [[[127.34169508703481, 50.32489529595799], [127.34172324793175, 50.32408621597476], [127.34256577903069, 50.32409823168571], [127.34258454271996, 50.32355884473223], [127.34328664446583, 50.32356885297242], [127.3429995508082, 50.32374464588031], [127.34284036922594, 50.32428203123078], [127.34169508703481, 50.32489529595799]]]}}, {"id": "280", "type": "Feature", "properties": {"contour_id": "flood_0281", "area_ha": 0.68, "pair_id": "flood_2019_07_amur__blagoveshchensk", "layer": "flood", "aoi_name": "Благовещенск — слияние Амура и Зеи", "event_name": "Паводок в Приамурье, июль 2019", "date_peak": "2019-07-25"}, "geometry": {"type": "Polygon", "coordinates": [[[127.59368496887582, 50.207605433196164], [127.59371667999162, 50.206526510906464], [127.59415280934782, 50.205992136631245], [127.59402856902459, 50.205450979805455], [127.59430874892247, 50.20545437053482], [127.59424535386933, 50.20761221584638], [127.59368496887582, 50.207605433196164]]]}}, {"id": "281", "type": "Feature", "properties": {"contour_id": "flood_0282", "area_ha": 0.68, "pair_id": "flood_2019_07_amur__blagoveshchensk", "layer": "flood", "aoi_name": "Благовещенск — слияние Амура и Зеи", "event_name": "Паводок в Приамурье, июль 2019", "date_peak": "2019-07-25"}, "geometry": {"type": "Polygon", "coordinates": [[[127.6928225751944, 50.267135017180486], [127.69438528707146, 50.266433058807344], [127.6952269346925, 50.266442511210826], [127.69495375800285, 50.266169621985476], [127.69551239694471, 50.266265834552065], [127.69593567507653, 50.2661806443533], [127.69608331511402, 50.26591247906586], [127.69636140656958, 50.26600553951173], [127.69607103818511, 50.26636204444912], [127.6952244776731, 50.26653242425158], [127.69521956359696, 50.26671225032862], [127.69466092006564, 50.26661603632554], [127.6928225751944, 50.267135017180486]]]}}, {"id": "282", "type": "Feature", "properties": {"contour_id": "flood_0283", "area_ha": 0.66, "pair_id": "flood_2019_07_amur__blagoveshchensk", "layer": "flood", "aoi_name": "Благовещенск — слияние Амура и Зеи", "event_name": "Паводок в Приамурье, июль 2019", "date_peak": "2019-07-25"}, "geometry": {"type": "Polygon", "coordinates": [[[127.72809710976486, 50.3440652227123], [127.72813073274344, 50.34280644062353], [127.7285522365471, 50.3428110504482], [127.72896654050984, 50.34308539787668], [127.72880203511929, 50.343982992225065], [127.72809710976486, 50.3440652227123]]]}}, {"id": "283", "type": "Feature", "properties": {"contour_id": "flood_0284", "area_ha": 0.66, "pair_id": "flood_2019_07_amur__blagoveshchensk", "layer": "flood", "aoi_name": "Благовещенск — слияние Амура и Зеи", "event_name": "Паводок в Приамурье, июль 2019", "date_peak": "2019-07-25"}, "geometry": {"type": "Polygon", "coordinates": [[[127.78632690886428, 50.38093285546201], [127.78577132865668, 50.38065724152429], [127.78690543254255, 50.38030932248764], [127.7876222620469, 50.37977716677197], [127.7879011975521, 50.3798700124315], [127.78774683151616, 50.380408033724905], [127.78632690886428, 50.38093285546201]]]}}, {"id": "284", "type": "Feature", "properties": {"contour_id": "flood_0285", "area_ha": 0.66, "pair_id": "flood_2019_07_amur__blagoveshchensk", "layer": "flood", "aoi_name": "Благовещенск — слияние Амура и Зеи", "event_name": "Паводок в Приамурье, июль 2019", "date_peak": "2019-07-25"}, "geometry": {"type": "Polygon", "coordinates": [[[127.28661194962893, 50.26653275406631], [127.28648460717142, 50.266171101502145], [127.285649578848, 50.26597889756858], [127.28524498235194, 50.26552320906278], [127.28609613680118, 50.265265935214146], [127.28621702020598, 50.26580738045137], [127.28718261946628, 50.26627133613703], [127.28703269527375, 50.26653895722913], [127.28661194962893, 50.26653275406631]]]}}, {"id": "285", "type": "Feature", "properties": {"contour_id": "flood_0286", "area_ha": 0.66, "pair_id": "flood_2019_07_amur__blagoveshchensk", "layer": "flood", "aoi_name": "Благовещенск — слияние Амура и Зеи", "event_name": "Паводок в Приамурье, июль 2019", "date_peak": "2019-07-25"}, "geometry": {"type": "Polygon", "coordinates": [[[127.60307378207241, 50.3419108728523], [127.60307905716847, 50.341731055940826], [127.6026602227725, 50.34163608299187], [127.60167678875216, 50.34162425990741], [127.60155742129689, 50.34090330297036], [127.60225986343282, 50.34091174951309], [127.60252500929407, 50.34145457761124], [127.60336267604598, 50.34164452296175], [127.60307378207241, 50.3419108728523]]]}}, {"id": "286", "type": "Feature", "properties": {"contour_id": "flood_0287", "area_ha": 0.65, "pair_id": "flood_2019_07_amur__blagoveshchensk", "layer": "flood", "aoi_name": "Благовещенск — слияние Амура и Зеи", "event_name": "Паводок в Приамурье, июль 2019", "date_peak": "2019-07-25"}, "geometry": {"type": "Polygon", "coordinates": [[[127.60396803386224, 50.287417648891136], [127.60397329540574, 50.28723783021687], [127.60496086691877, 50.287069805947944], [127.60499766996111, 50.28581107449446], [127.60513011096498, 50.28608248686752], [127.60554846481008, 50.28617744780673], [127.60538711328067, 50.286895039362214], [127.60566777243027, 50.286898406632325], [127.60566251733516, 50.28707822544683], [127.60524152704535, 50.287073174255575], [127.60481002018363, 50.28742775902293], [127.60396803386224, 50.287417648891136]]]}}, {"id": "287", "type": "Feature", "properties": {"contour_id": "flood_0288", "area_ha": 0.65, "pair_id": "flood_2019_07_amur__blagoveshchensk", "layer": "flood", "aoi_name": "Благовещенск — слияние Амура и Зеи", "event_name": "Паводок в Приамурье, июль 2019", "date_peak": "2019-07-25"}, "geometry": {"type": "Polygon", "coordinates": [[[127.53345470834019, 50.243107431294106], [127.53377372293286, 50.24185226810105], [127.53434000964432, 50.2416795285491], [127.53435103951306, 50.24131989927815], [127.53491456148339, 50.24123706416899], [127.5346093665366, 50.24204269434112], [127.53432070683603, 50.24230887971515], [127.53375992987212, 50.242301804528516], [127.53373510148205, 50.24311097000285], [127.53345470834019, 50.243107431294106]]]}}, {"id": "288", "type": "Feature", "properties": {"contour_id": "flood_0289", "area_ha": 0.65, "pair_id": "flood_2019_07_amur__blagoveshchensk", "layer": "flood", "aoi_name": "Благовещенск — слияние Амура и Зеи", "event_name": "Паводок в Приамурье, июль 2019", "date_peak": "2019-07-25"}, "geometry": {"type": "Polygon", "coordinates": [[[127.7407921606765, 50.28916036566508], [127.74037587681742, 50.288975975153484], [127.74024503004601, 50.28861479706468], [127.7405399559557, 50.28807835305657], [127.74166031067861, 50.28818042740596], [127.74151048278961, 50.288538565302815], [127.74094911438895, 50.28853248587732], [127.74107996629077, 50.28889366321673], [127.7407921606765, 50.28916036566508]]]}}, {"id": "289", "type": "Feature", "properties": {"contour_id": "flood_0290", "area_ha": 0.64, "pair_id": "flood_2019_07_amur__blagoveshchensk", "layer": "flood", "aoi_name": "Благовещенск — слияние Амура и Зеи", "event_name": "Паводок в Приамурье, июль 2019", "date_peak": "2019-07-25"}, "geometry": {"type": "Polygon", "coordinates": [[[127.68851695954608, 50.25530427045578], [127.68754268043863, 50.255023448323264], [127.68755256226119, 50.25466379653812], [127.68937074441284, 50.25486419879795], [127.68951838496545, 50.25459604135459], [127.68993910363011, 50.254600785133356], [127.6897889991729, 50.254958856155234], [127.68922803680772, 50.254952530021555], [127.68851695954608, 50.25530427045578]]]}}, {"id": "290", "type": "Feature", "properties": {"contour_id": "flood_0291", "area_ha": 0.64, "pair_id": "flood_2019_07_amur__blagoveshchensk", "layer": "flood", "aoi_name": "Благовещенск — слияние Амура и Зеи", "event_name": "Паводок в Приамурье, июль 2019", "date_peak": "2019-07-25"}, "geometry": {"type": "Polygon", "coordinates": [[[127.33192471562695, 50.335098886261584], [127.33166585225719, 50.334465575266016], [127.33208405909892, 50.334561518399276], [127.3320935038339, 50.33429182685104], [127.33167529932753, 50.33419588377071], [127.33169734193226, 50.33356660356105], [127.33254633095903, 50.3333988991192], [127.33239014451377, 50.33384637060382], [127.3319687948761, 50.33384032580349], [127.3319562011245, 50.334199914536626], [127.33251800491017, 50.33420797403354], [127.33249597264434, 50.33483725443617], [127.33192471562695, 50.335098886261584]]]}}, {"id": "291", "type": "Feature", "properties": {"contour_id": "flood_0292", "area_ha": 0.64, "pair_id": "flood_2019_07_amur__blagoveshchensk", "layer": "flood", "aoi_name": "Благовещенск — слияние Амура и Зеи", "event_name": "Паводок в Приамурье, июль 2019", "date_peak": "2019-07-25"}, "geometry": {"type": "Polygon", "coordinates": [[[127.64324835742653, 50.327816329418496], [127.64354206138141, 50.32737005617842], [127.64410642413957, 50.32728669937316], [127.64411410040378, 50.327016968675245], [127.6463766281925, 50.326503692969084], [127.64608806615252, 50.326770153070115], [127.64481635037073, 50.32702515653572], [127.64395317803287, 50.327734612384006], [127.64324835742653, 50.327816329418496]]]}}, {"id": "292", "type": "Feature", "properties": {"contour_id": "flood_0293", "area_ha": 0.64, "pair_id": "flood_2019_07_amur__blagoveshchensk", "layer": "flood", "aoi_name": "Благовещенск — слияние Амура и Зеи", "event_name": "Паводок в Приамурье, июль 2019", "date_peak": "2019-07-25"}, "geometry": {"type": "Polygon", "coordinates": [[[127.32659502851226, 50.34680473368625], [127.32667402346493, 50.34455731473705], [127.32681450455328, 50.34455933654474], [127.3268981198411, 50.34617950015428], [127.32717593280243, 50.34627343992672], [127.32702912838467, 50.34645121203739], [127.32743795502893, 50.34681686294984], [127.32659502851226, 50.34680473368625]]]}}, {"id": "293", "type": "Feature", "properties": {"contour_id": "flood_0294", "area_ha": 0.64, "pair_id": "flood_2019_07_amur__blagoveshchensk", "layer": "flood", "aoi_name": "Благовещенск — слияние Амура и Зеи", "event_name": "Паводок в Приамурье, июль 2019", "date_peak": "2019-07-25"}, "geometry": {"type": "Polygon", "coordinates": [[[127.62431053778151, 50.19529031707619], [127.62391102977807, 50.19456604772175], [127.62393687602996, 50.193666932267995], [127.62463199583217, 50.19385504927124], [127.62431053778151, 50.19529031707619]], [[127.62419631782741, 50.19438954277271], [127.62433379331179, 50.194481113140284], [127.62433637719418, 50.19439120158437], [127.62419631782741, 50.19438954277271]]]}}, {"id": "294", "type": "Feature", "properties": {"contour_id": "flood_0295", "area_ha": 0.64, "pair_id": "flood_2019_07_amur__blagoveshchensk", "layer": "flood", "aoi_name": "Благовещенск — слияние Амура и Зеи", "event_name": "Паводок в Приамурье, июль 2019", "date_peak": "2019-07-25"}, "geometry": {"type": "Polygon", "coordinates": [[[127.58287983387186, 50.25064625287243], [127.58295717230646, 50.248038888515], [127.58309738638995, 50.24804059835787], [127.58337514873502, 50.24813392668932], [127.58348870639196, 50.2490347275325], [127.58320027349245, 50.24930103596196], [127.58332982700672, 50.24966238206163], [127.58304405602811, 50.24983878091695], [127.58287983387186, 50.25064625287243]]]}}, {"id": "295", "type": "Feature", "properties": {"contour_id": "flood_0296", "area_ha": 0.64, "pair_id": "flood_2019_07_amur__blagoveshchensk", "layer": "flood", "aoi_name": "Благовещенск — слияние Амура и Зеи", "event_name": "Паводок в Приамурье, июль 2019", "date_peak": "2019-07-25"}, "geometry": {"type": "Polygon", "coordinates": [[[127.45351079364502, 50.16507945789188], [127.4535165969063, 50.164899647553185], [127.45407644709309, 50.164907101637006], [127.45366236210882, 50.16472170097043], [127.45437087230032, 50.164461301616804], [127.45452243230838, 50.16410354345812], [127.45507937485623, 50.16420089785755], [127.45491912179868, 50.16482837247421], [127.45463339799025, 50.16500445824066], [127.45351079364502, 50.16507945789188]]]}}, {"id": "296", "type": "Feature", "properties": {"contour_id": "flood_0297", "area_ha": 0.64, "pair_id": "flood_2019_07_amur__blagoveshchensk", "layer": "flood", "aoi_name": "Благовещенск — слияние Амура и Зеи", "event_name": "Паводок в Приамурье, июль 2019", "date_peak": "2019-07-25"}, "geometry": {"type": "Polygon", "coordinates": [[[127.68365211624119, 50.25875695777117], [127.68407782521616, 50.25858189754585], [127.6839499620229, 50.258130745483655], [127.68424284602787, 50.25768435787437], [127.6847988875884, 50.25787053392083], [127.6846487339777, 50.25822859772239], [127.68521220893129, 50.25814503344595], [127.68505463108689, 50.25877283617531], [127.68463635277878, 50.2586781616497], [127.684646257763, 50.25831851051083], [127.68421312202881, 50.25876331116326], [127.68365211624119, 50.25875695777117]]]}}, {"id": "297", "type": "Feature", "properties": {"contour_id": "flood_0298", "area_ha": 0.63, "pair_id": "flood_2019_07_amur__blagoveshchensk", "layer": "flood", "aoi_name": "Благовещенск — слияние Амура и Зеи", "event_name": "Паводок в Приамурье, июль 2019", "date_peak": "2019-07-25"}, "geometry": {"type": "Polygon", "coordinates": [[[127.6558875121838, 50.332999776354875], [127.65561672590752, 50.33263688590462], [127.65815273571397, 50.33239636261748], [127.65800467004667, 50.33266447335783], [127.65743773228975, 50.33283780788072], [127.6558875121838, 50.332999776354875]]]}}, {"id": "298", "type": "Feature", "properties": {"contour_id": "flood_0299", "area_ha": 0.63, "pair_id": "flood_2019_07_amur__blagoveshchensk", "layer": "flood", "aoi_name": "Благовещенск — слияние Амура и Зеи", "event_name": "Паводок в Приамурье, июль 2019", "date_peak": "2019-07-25"}, "geometry": {"type": "Polygon", "coordinates": [[[127.58875747196055, 50.23686676676515], [127.58877605440651, 50.23623739997454], [127.58919659390544, 50.23624250707075], [127.58991340797895, 50.235711557950104], [127.59046616734688, 50.2359880903894], [127.59046086454785, 50.236167909618445], [127.58989749333922, 50.23625101551678], [127.58988953583791, 50.236520744279844], [127.58875747196055, 50.23686676676515]]]}}, {"id": "299", "type": "Feature", "properties": {"contour_id": "flood_0300", "area_ha": 0.63, "pair_id": "flood_2019_07_amur__blagoveshchensk", "layer": "flood", "aoi_name": "Благовещенск — слияние Амура и Зеи", "event_name": "Паводок в Приамурье, июль 2019", "date_peak": "2019-07-25"}, "geometry": {"type": "Polygon", "coordinates": [[[127.35981177187183, 50.20255983963801], [127.35940698446278, 50.2021044029985], [127.3597056040233, 50.20156895630015], [127.36066756892748, 50.202122200944665], [127.3605121032239, 50.20256972669861], [127.35981177187183, 50.20255983963801]]]}}, {"id": "300", "type": "Feature", "properties": {"contour_id": "flood_0301", "area_ha": 0.63, "pair_id": "flood_2019_07_amur__blagoveshchensk", "layer": "flood", "aoi_name": "Благовещенск — слияние Амура и Зеи", "event_name": "Паводок в Приамурье, июль 2019", "date_peak": "2019-07-25"}, "geometry": {"type": "Polygon", "coordinates": [[[127.64416982798168, 50.33493234013191], [127.64347258297019, 50.334744327261404], [127.64348026485347, 50.334474596982005], [127.64390168063922, 50.33447951302797], [127.64405239068356, 50.33412151089405], [127.644884984594, 50.33449097786425], [127.64530895792669, 50.33440597865712], [127.64516081381453, 50.33467407231742], [127.64416982798168, 50.33493234013191]]]}}, {"id": "301", "type": "Feature", "properties": {"contour_id": "flood_0302", "area_ha": 0.63, "pair_id": "flood_2019_07_amur__blagoveshchensk", "layer": "flood", "aoi_name": "Благовещенск — слияние Амура и Зеи", "event_name": "Паводок в Приамурье, июль 2019", "date_peak": "2019-07-25"}, "geometry": {"type": "Polygon", "coordinates": [[[127.67855655228112, 50.13350017859733], [127.67771972273738, 50.13340070928309], [127.67787199693925, 50.13295272972397], [127.67928320440139, 50.13251907635429], [127.67927577857081, 50.13278882000099], [127.67885117851836, 50.13296387504988], [127.67855655228112, 50.13350017859733]]]}}, {"id": "302", "type": "Feature", "properties": {"contour_id": "flood_0303", "area_ha": 0.62, "pair_id": "flood_2019_07_amur__blagoveshchensk", "layer": "flood", "aoi_name": "Благовещенск — слияние Амура и Зеи", "event_name": "Паводок в Приамурье, июль 2019", "date_peak": "2019-07-25"}, "geometry": {"type": "Polygon", "coordinates": [[[127.74865643098671, 50.40670573262519], [127.74866353543386, 50.40643599441714], [127.74837741728054, 50.40661279267052], [127.74810551224279, 50.40625011389396], [127.74754512323602, 50.40615414342515], [127.74755460403378, 50.405794492596456], [127.74839873497822, 50.40580357807966], [127.74854889666612, 50.40544544074459], [127.74854179181791, 50.405715178987016], [127.74882316838762, 50.40571820577085], [127.74865643098671, 50.40670573262519]]]}}, {"id": "303", "type": "Feature", "properties": {"contour_id": "flood_0304", "area_ha": 0.62, "pair_id": "flood_2019_07_amur__blagoveshchensk", "layer": "flood", "aoi_name": "Благовещенск — слияние Амура и Зеи", "event_name": "Паводок в Приамурье, июль 2019", "date_peak": "2019-07-25"}, "geometry": {"type": "Polygon", "coordinates": [[[127.72074730848543, 50.42403005862879], [127.72004117975969, 50.424112230090635], [127.72005329865118, 50.42366267272135], [127.72033962485769, 50.423485946218484], [127.72047551837188, 50.423667317178385], [127.72090016034679, 50.42358204859586], [127.72116953158688, 50.42403470059182], [127.72216197860425, 50.42377579123931], [127.72215471925449, 50.42404552588192], [127.72172765466846, 50.42422071055129], [127.72088320508479, 50.424211429119275], [127.72074730848543, 50.42403005862879]]]}}, {"id": "304", "type": "Feature", "properties": {"contour_id": "flood_0305", "area_ha": 0.62, "pair_id": "flood_2019_07_amur__blagoveshchensk", "layer": "flood", "aoi_name": "Благовещенск — слияние Амура и Зеи", "event_name": "Паводок в Приамурье, июль 2019", "date_peak": "2019-07-25"}, "geometry": {"type": "Polygon", "coordinates": [[[127.74755390813259, 50.41649712495289], [127.74727483945772, 50.41640418209859], [127.74730329775747, 50.4153252315641], [127.74758473111378, 50.415328261758404], [127.74731278347163, 50.41496558133862], [127.74774678320796, 50.41452056342987], [127.74802110175114, 50.41479333028235], [127.74773493032961, 50.41497012631712], [127.74784246003803, 50.416230416924684], [127.74755390813259, 50.41649712495289]]]}}, {"id": "305", "type": "Feature", "properties": {"contour_id": "flood_0306", "area_ha": 0.62, "pair_id": "flood_2019_07_amur__blagoveshchensk", "layer": "flood", "aoi_name": "Благовещенск — слияние Амура и Зеи", "event_name": "Паводок в Приамурье, июль 2019", "date_peak": "2019-07-25"}, "geometry": {"type": "Polygon", "coordinates": [[[127.37404749243962, 50.29081443232432], [127.37406587811286, 50.2902750337629], [127.3754691243623, 50.29029465648483], [127.37575895691525, 50.29002887947186], [127.37617992880853, 50.29003476191469], [127.37617074806934, 50.29030446149611], [127.37574977379855, 50.29029857899732], [127.37574059054212, 50.290568278508964], [127.37404749243962, 50.29081443232432]]]}}, {"id": "306", "type": "Feature", "properties": {"contour_id": "flood_0307", "area_ha": 0.62, "pair_id": "flood_2019_07_amur__blagoveshchensk", "layer": "flood", "aoi_name": "Благовещенск — слияние Амура и Зеи", "event_name": "Паводок в Приамурье, июль 2019", "date_peak": "2019-07-25"}, "geometry": {"type": "Polygon", "coordinates": [[[127.6873820727361, 50.2608677864963], [127.68738948656423, 50.2605980479497], [127.6880932418412, 50.26051605404976], [127.68796286566766, 50.26015481909521], [127.68837869430938, 50.26033939466758], [127.68908738023804, 50.2600775688927], [127.68880933759068, 50.25998449132778], [127.68895699765747, 50.25971633497742], [127.6896582704977, 50.259724244396814], [127.6896484027571, 50.260083896170066], [127.68936295647171, 50.26026055872743], [127.6873820727361, 50.2608677864963]]]}}, {"id": "307", "type": "Feature", "properties": {"contour_id": "flood_0308", "area_ha": 0.62, "pair_id": "flood_2019_07_amur__blagoveshchensk", "layer": "flood", "aoi_name": "Благовещенск — слияние Амура и Зеи", "event_name": "Паводок в Приамурье, июль 2019", "date_peak": "2019-07-25"}, "geometry": {"type": "Polygon", "coordinates": [[[127.67097409590762, 50.189987363257536], [127.67042888076588, 50.18944147226535], [127.67044136500411, 50.18899190552921], [127.67073393881343, 50.1885455444098], [127.67115656917142, 50.18846043824036], [127.67099655853012, 50.189178143003225], [127.67125419430583, 50.189990567723804], [127.67097409590762, 50.189987363257536]]]}}, {"id": "308", "type": "Feature", "properties": {"contour_id": "flood_0309", "area_ha": 0.61, "pair_id": "flood_2019_07_amur__blagoveshchensk", "layer": "flood", "aoi_name": "Благовещенск — слияние Амура и Зеи", "event_name": "Паводок в Приамурье, июль 2019", "date_peak": "2019-07-25"}, "geometry": {"type": "Polygon", "coordinates": [[[127.7118148960292, 50.32769686806077], [127.71141298309409, 50.326972897222355], [127.71169632162058, 50.32688609761225], [127.71170361519327, 50.32661635954379], [127.71198452043454, 50.32661947190224], [127.71266734881273, 50.32734655159278], [127.71251717517937, 50.32770464713292], [127.7118148960292, 50.32769686806077]]]}}, {"id": "309", "type": "Feature", "properties": {"contour_id": "flood_0310", "area_ha": 0.61, "pair_id": "flood_2019_07_amur__blagoveshchensk", "layer": "flood", "aoi_name": "Благовещенск — слияние Амура и Зеи", "event_name": "Паводок в Приамурье, июль 2019", "date_peak": "2019-07-25"}, "geometry": {"type": "Polygon", "coordinates": [[[127.71073261221575, 50.3261558976422], [127.71059946065768, 50.32588460206049], [127.70976649756446, 50.32551560246086], [127.70977136700436, 50.32533577717723], [127.71075450839848, 50.325346683601175], [127.71074964266653, 50.32552650895402], [127.7113090083143, 50.32562265019843], [127.71143729999206, 50.32607377038919], [127.71073261221575, 50.3261558976422]]]}}, {"id": "310", "type": "Feature", "properties": {"contour_id": "flood_0311", "area_ha": 0.61, "pair_id": "flood_2019_07_amur__blagoveshchensk", "layer": "flood", "aoi_name": "Благовещенск — слияние Амура и Зеи", "event_name": "Паводок в Приамурье, июль 2019", "date_peak": "2019-07-25"}, "geometry": {"type": "Polygon", "coordinates": [[[127.36251465208501, 50.20547618147846], [127.36239303884247, 50.20493480334594], [127.36281941119987, 50.20476092577562], [127.3626885672956, 50.204489249658124], [127.36296871148517, 50.204493198162055], [127.36378455035108, 50.20522424469173], [127.36377840167627, 50.2054040459437], [127.36308417901085, 50.20521437697989], [127.36293487702166, 50.205482104694106], [127.36251465208501, 50.20547618147846]]]}}, {"id": "311", "type": "Feature", "properties": {"contour_id": "flood_0312", "area_ha": 0.61, "pair_id": "flood_2019_07_amur__blagoveshchensk", "layer": "flood", "aoi_name": "Благовещенск — слияние Амура и Зеи", "event_name": "Паводок в Приамурье, июль 2019", "date_peak": "2019-07-25"}, "geometry": {"type": "Polygon", "coordinates": [[[127.58670659078237, 50.291975911777655], [127.58672790025169, 50.291256642930996], [127.58645521015744, 50.290983503912585], [127.58634950554016, 50.2898129851423], [127.58718353985168, 50.290092949181826], [127.58717555180736, 50.290362675117855], [127.58689487450393, 50.290359263033714], [127.58670659078237, 50.291975911777655]]]}}, {"id": "312", "type": "Feature", "properties": {"contour_id": "flood_0313", "area_ha": 0.61, "pair_id": "flood_2019_07_amur__blagoveshchensk", "layer": "flood", "aoi_name": "Благовещенск — слияние Амура и Зеи", "event_name": "Паводок в Приамурье, июль 2019", "date_peak": "2019-07-25"}, "geometry": {"type": "Polygon", "coordinates": [[[127.73126597899416, 50.26729124068371], [127.73113764720699, 50.2668401376859], [127.7314301471854, 50.26639362889444], [127.73185814081901, 50.26612847872566], [127.73227658084564, 50.26622298435204], [127.73225748255392, 50.26694229911926], [127.73169637006319, 50.26693617690759], [127.73126597899416, 50.26729124068371]]]}}, {"id": "313", "type": "Feature", "properties": {"contour_id": "flood_0314", "area_ha": 0.61, "pair_id": "flood_2019_07_amur__blagoveshchensk", "layer": "flood", "aoi_name": "Благовещенск — слияние Амура и Зеи", "event_name": "Паводок в Приамурье, июль 2019", "date_peak": "2019-07-25"}, "geometry": {"type": "Polygon", "coordinates": [[[127.69288903385758, 50.264707367134314], [127.69290380121402, 50.26416788919911], [127.6931917188255, 50.263901305132904], [127.6946091377624, 50.2633775912107], [127.69388321698355, 50.26426884159562], [127.69332214435762, 50.26426253438042], [127.69316957271012, 50.26471052214584], [127.69288903385758, 50.264707367134314]]]}}, {"id": "314", "type": "Feature", "properties": {"contour_id": "flood_0315", "area_ha": 0.61, "pair_id": "flood_2019_07_amur__blagoveshchensk", "layer": "flood", "aoi_name": "Благовещенск — слияние Амура и Зеи", "event_name": "Паводок в Приамурье, июль 2019", "date_peak": "2019-07-25"}, "geometry": {"type": "Polygon", "coordinates": [[[127.57678526195541, 50.13022864327282], [127.5767932632041, 50.12995891107568], [127.5759620589341, 50.12967888922286], [127.57597807025238, 50.12913942495653], [127.57513887476888, 50.1291291294473], [127.57515222501932, 50.12867957601379], [127.57557181877212, 50.12868472444467], [127.57570100740011, 50.129046083088305], [127.57667206575982, 50.12932782139877], [127.57638432937313, 50.12959412407818], [127.57680393134682, 50.1295992681251], [127.57665606213627, 50.12986728581009], [127.57720753586098, 50.13014387517093], [127.57678526195541, 50.13022864327282]]]}}, {"id": "315", "type": "Feature", "properties": {"contour_id": "flood_0316", "area_ha": 0.6, "pair_id": "flood_2019_07_amur__blagoveshchensk", "layer": "flood", "aoi_name": "Благовещенск — слияние Амура и Зеи", "event_name": "Паводок в Приамурье, июль 2019", "date_peak": "2019-07-25"}, "geometry": {"type": "Polygon", "coordinates": [[[127.69278669588233, 50.33503941306943], [127.69293950880413, 50.33459143289145], [127.69365667981, 50.334059855160696], [127.69507373188684, 50.333626069889725], [127.6942185741044, 50.334066167063554], [127.69406577495961, 50.33451414906848], [127.69278669588233, 50.33503941306943]]]}}, {"id": "316", "type": "Feature", "properties": {"contour_id": "flood_0317", "area_ha": 0.6, "pair_id": "flood_2019_07_amur__blagoveshchensk", "layer": "flood", "aoi_name": "Благовещенск — слияние Амура и Зеи", "event_name": "Паводок в Приамурье, июль 2019", "date_peak": "2019-07-25"}, "geometry": {"type": "Polygon", "coordinates": [[[127.70929706252183, 50.39467360035109], [127.7093043872655, 50.394403865697896], [127.70987187895814, 50.39423028421859], [127.70974343033716, 50.39377916619195], [127.71018246174589, 50.39315446487515], [127.71046132051677, 50.39324749548422], [127.71061416470839, 50.39279949662798], [127.71117919460781, 50.392715820175795], [127.71088326846592, 50.39325217271816], [127.71045888123618, 50.39333740709566], [127.71058977462332, 50.39369861279935], [127.71016538288613, 50.393783846065205], [127.71001009092262, 50.39432175578138], [127.70929706252183, 50.39467360035109]], [[127.71017758213365, 50.39333428807972], [127.71031579211989, 50.393425759277704], [127.71031823167873, 50.393335847672695], [127.71017758213365, 50.39333428807972]]]}}, {"id": "317", "type": "Feature", "properties": {"contour_id": "flood_0318", "area_ha": 0.59, "pair_id": "flood_2019_07_amur__blagoveshchensk", "layer": "flood", "aoi_name": "Благовещенск — слияние Амура и Зеи", "event_name": "Паводок в Приамурье, июль 2019", "date_peak": "2019-07-25"}, "geometry": {"type": "Polygon", "coordinates": [[[127.69971940095115, 50.4464613398058], [127.69973172198829, 50.44601178776727], [127.69945504132863, 50.44582881964414], [127.69961556075621, 50.44511111005535], [127.69934381536353, 50.44474832084036], [127.70006013904306, 50.444306636128594], [127.70000101372132, 50.44646448649177], [127.69971940095115, 50.4464613398058]]]}}, {"id": "318", "type": "Feature", "properties": {"contour_id": "flood_0319", "area_ha": 0.59, "pair_id": "flood_2019_07_amur__blagoveshchensk", "layer": "flood", "aoi_name": "Благовещенск — слияние Амура и Зеи", "event_name": "Паводок в Приамурье, июль 2019", "date_peak": "2019-07-25"}, "geometry": {"type": "Polygon", "coordinates": [[[127.73000903844851, 50.38302969355929], [127.72874586141269, 50.38292595498264], [127.72876028407047, 50.3823864804683], [127.72988282828115, 50.38248868325929], [127.73000903844851, 50.38302969355929]]]}}, {"id": "319", "type": "Feature", "properties": {"contour_id": "flood_0320", "area_ha": 0.59, "pair_id": "flood_2019_07_amur__blagoveshchensk", "layer": "flood", "aoi_name": "Благовещенск — слияние Амура и Зеи", "event_name": "Паводок в Приамурье, июль 2019", "date_peak": "2019-07-25"}, "geometry": {"type": "Polygon", "coordinates": [[[127.62268517152931, 50.207952887048265], [127.62002847999884, 50.20774147440696], [127.62283303431147, 50.207684814132726], [127.62268517152931, 50.207952887048265]]]}}, {"id": "320", "type": "Feature", "properties": {"contour_id": "flood_0321", "area_ha": 0.59, "pair_id": "flood_2019_07_amur__blagoveshchensk", "layer": "flood", "aoi_name": "Благовещенск — слияние Амура и Зеи", "event_name": "Паводок в Приамурье, июль 2019", "date_peak": "2019-07-25"}, "geometry": {"type": "Polygon", "coordinates": [[[127.6858244967904, 50.2766797381054], [127.68600935525399, 50.27506289835847], [127.68643520230343, 50.2748878310487], [127.68630975054684, 50.27434676970572], [127.68659034529989, 50.27434994103485], [127.68657055316066, 50.275069241854865], [127.68628747958019, 50.27515598303102], [127.68628005569879, 50.27542572077935], [127.68655818266595, 50.27551880481904], [127.68627263170443, 50.27569545851429], [127.68640056078172, 50.27614660722592], [127.68624788424096, 50.27659458420076], [127.6858244967904, 50.2766797381054]]]}}, {"id": "321", "type": "Feature", "properties": {"contour_id": "flood_0322", "area_ha": 0.58, "pair_id": "flood_2019_07_amur__blagoveshchensk", "layer": "flood", "aoi_name": "Благовещенск — слияние Амура и Зеи", "event_name": "Паводок в Приамурье, июль 2019", "date_peak": "2019-07-25"}, "geometry": {"type": "Polygon", "coordinates": [[[127.33765437172397, 50.356137475584546], [127.33769205249159, 50.35505871027974], [127.33839461696518, 50.35506875258117], [127.33849746822928, 50.35614952629598], [127.33765437172397, 50.356137475584546]]]}}, {"id": "322", "type": "Feature", "properties": {"contour_id": "flood_0323", "area_ha": 0.58, "pair_id": "flood_2019_07_amur__blagoveshchensk", "layer": "flood", "aoi_name": "Благовещенск — слияние Амура и Зеи", "event_name": "Паводок в Приамурье, июль 2019", "date_peak": "2019-07-25"}, "geometry": {"type": "Polygon", "coordinates": [[[127.62700181907405, 50.296776037601305], [127.62689510869282, 50.295605548670224], [127.6271784094358, 50.2955189543378], [127.62720687441205, 50.29452994324744], [127.62719911139422, 50.29479967356275], [127.62761499993871, 50.29498446602107], [127.62760206514739, 50.2954340165806], [127.6271577066373, 50.29623823501713], [127.6272825389133, 50.29677935315692], [127.62700181907405, 50.296776037601305]]]}}, {"id": "323", "type": "Feature", "properties": {"contour_id": "flood_0324", "area_ha": 0.58, "pair_id": "flood_2019_07_amur__blagoveshchensk", "layer": "flood", "aoi_name": "Благовещенск — слияние Амура и Зеи", "event_name": "Паводок в Приамурье, июль 2019", "date_peak": "2019-07-25"}, "geometry": {"type": "Polygon", "coordinates": [[[127.68117483476765, 50.3230362265614], [127.68090142099351, 50.32276330499458], [127.68385313735153, 50.322706818622954], [127.68300056041868, 50.323056923072926], [127.68117483476765, 50.3230362265614]]]}}, {"id": "324", "type": "Feature", "properties": {"contour_id": "flood_0325", "area_ha": 0.58, "pair_id": "flood_2019_07_amur__blagoveshchensk", "layer": "flood", "aoi_name": "Благовещенск — слияние Амура и Зеи", "event_name": "Паводок в Приамурье, июль 2019", "date_peak": "2019-07-25"}, "geometry": {"type": "Polygon", "coordinates": [[[127.72902082572686, 50.35684668494233], [127.72889228952705, 50.356395584620124], [127.72833012404114, 50.356389438297604], [127.72820159555717, 50.35593833723567], [127.72875895270421, 50.35612430980603], [127.72876375568785, 50.35594448413985], [127.7294664561256, 50.35595216394973], [127.72958299676324, 50.356852827966456], [127.72902082572686, 50.35684668494233]]]}}, {"id": "325", "type": "Feature", "properties": {"contour_id": "flood_0326", "area_ha": 0.58, "pair_id": "flood_2019_07_amur__blagoveshchensk", "layer": "flood", "aoi_name": "Благовещенск — слияние Амура и Зеи", "event_name": "Паводок в Приамурье, июль 2019", "date_peak": "2019-07-25"}, "geometry": {"type": "Polygon", "coordinates": [[[127.71887623143063, 50.40467273727145], [127.71832077339351, 50.40439680312227], [127.71832804944565, 50.40412706796748], [127.7190338832413, 50.40404490440851], [127.71876464227141, 50.40359224695167], [127.71933221061714, 50.403418620151754], [127.71945350527314, 50.404139463025516], [127.71930312927323, 50.40449756124636], [127.71887623143063, 50.40467273727145]]]}}, {"id": "326", "type": "Feature", "properties": {"contour_id": "flood_0327", "area_ha": 0.58, "pair_id": "flood_2019_07_amur__blagoveshchensk", "layer": "flood", "aoi_name": "Благовещенск — слияние Амура и Зеи", "event_name": "Паводок в Приамурье, июль 2019", "date_peak": "2019-07-25"}, "geometry": {"type": "Polygon", "coordinates": [[[127.63399400348824, 50.32716832291985], [127.63386644405578, 50.32671712334538], [127.63358554712254, 50.32671382227317], [127.63374919982223, 50.32590628416724], [127.63430582997185, 50.326092704535824], [127.63429552123998, 50.32645234405673], [127.63457126332993, 50.326635463173986], [127.63455837963845, 50.327085012578905], [127.63399400348824, 50.32716832291985]]]}}, {"id": "327", "type": "Feature", "properties": {"contour_id": "flood_0328", "area_ha": 0.58, "pair_id": "flood_2019_07_amur__blagoveshchensk", "layer": "flood", "aoi_name": "Благовещенск — слияние Амура и Зеи", "event_name": "Паводок в Приамурье, июль 2019", "date_peak": "2019-07-25"}, "geometry": {"type": "Polygon", "coordinates": [[[127.27550467114564, 50.185508455129586], [127.27425105956709, 50.18530994406724], [127.27453431853291, 50.185224207830075], [127.27454403747026, 50.18495451734911], [127.27566734438577, 50.18488125585529], [127.27550467114564, 50.185508455129586]]]}}, {"id": "328", "type": "Feature", "properties": {"contour_id": "flood_0329", "area_ha": 0.57, "pair_id": "flood_2019_07_amur__blagoveshchensk", "layer": "flood", "aoi_name": "Благовещенск — слияние Амура и Зеи", "event_name": "Паводок в Приамурье, июль 2019", "date_peak": "2019-07-25"}, "geometry": {"type": "Polygon", "coordinates": [[[127.38446488362301, 50.285832977161256], [127.38490712350865, 50.28520952548687], [127.38478203053825, 50.28475807389583], [127.38562388522608, 50.28476977102664], [127.38560563377597, 50.28530917318274], [127.38518470160884, 50.285303325267876], [127.38516644484949, 50.285842727257524], [127.38446488362301, 50.285832977161256]]]}}, {"id": "329", "type": "Feature", "properties": {"contour_id": "flood_0330", "area_ha": 0.57, "pair_id": "flood_2019_07_amur__blagoveshchensk", "layer": "flood", "aoi_name": "Благовещенск — слияние Амура и Зеи", "event_name": "Паводок в Приамурье, июль 2019", "date_peak": "2019-07-25"}, "geometry": {"type": "Polygon", "coordinates": [[[127.63448674199995, 50.23147705530782], [127.63449701464383, 50.23111740985081], [127.6350756540623, 50.230494618132646], [127.63495602595752, 50.22977368021906], [127.63524405300127, 50.22950723914996], [127.63550898213089, 50.230050000184825], [127.63521325305966, 50.23058617608546], [127.63534571957899, 50.230857556687305], [127.63448674199995, 50.23147705530782]]]}}, {"id": "330", "type": "Feature", "properties": {"contour_id": "flood_0331", "area_ha": 0.57, "pair_id": "flood_2019_07_amur__blagoveshchensk", "layer": "flood", "aoi_name": "Благовещенск — слияние Амура и Зеи", "event_name": "Паводок в Приамурье, июль 2019", "date_peak": "2019-07-25"}, "geometry": {"type": "Polygon", "coordinates": [[[127.67591467655133, 50.26964183088679], [127.67550380544148, 50.26927738617459], [127.67551128857802, 50.26900764930894], [127.67509294057916, 50.2689129400369], [127.67524320075032, 50.26855489005923], [127.67496264133196, 50.26855169160502], [127.67511040624373, 50.26828355406101], [127.67483483956654, 50.26810053074106], [127.67512288133892, 50.26783399260499], [127.67540094209305, 50.267927102943865], [127.675654063741, 50.268919335672386], [127.67620272181095, 50.2693752901692], [127.67591467655133, 50.26964183088679]]]}}, {"id": "331", "type": "Feature", "properties": {"contour_id": "flood_0332", "area_ha": 0.57, "pair_id": "flood_2019_07_amur__blagoveshchensk", "layer": "flood", "aoi_name": "Благовещенск — слияние Амура и Зеи", "event_name": "Паводок в Приамурье, июль 2019", "date_peak": "2019-07-25"}, "geometry": {"type": "Polygon", "coordinates": [[[127.44687051470052, 50.27912855403204], [127.44716280956891, 50.2787726910641], [127.44857745792213, 50.27843181559437], [127.44858914826584, 50.27807220280138], [127.44901002954981, 50.278077820547686], [127.44899249869792, 50.278617239834944], [127.4481507267582, 50.27860600260506], [127.44799581279477, 50.279053644963916], [127.44687051470052, 50.27912855403204]]]}}, {"id": "332", "type": "Feature", "properties": {"contour_id": "flood_0333", "area_ha": 0.57, "pair_id": "flood_2019_07_amur__blagoveshchensk", "layer": "flood", "aoi_name": "Благовещенск — слияние Амура и Зеи", "event_name": "Паводок в Приамурье, июль 2019", "date_peak": "2019-07-25"}, "geometry": {"type": "Polygon", "coordinates": [[[127.32214291348023, 50.29763190422204], [127.32203103865355, 50.29682080244204], [127.32147600638574, 50.29663290205639], [127.32176933934599, 50.29627736608396], [127.32122064330152, 50.29590966994267], [127.32123330088675, 50.29555008079956], [127.32205317928471, 50.296191521263445], [127.32203420164898, 50.29673090513544], [127.32244889687065, 50.296916777354944], [127.32242676089035, 50.29754605858206], [127.32270744548906, 50.29755010956381], [127.32214291348023, 50.29763190422204]]]}}, {"id": "333", "type": "Feature", "properties": {"contour_id": "flood_0334", "area_ha": 0.57, "pair_id": "flood_2019_07_amur__blagoveshchensk", "layer": "flood", "aoi_name": "Благовещенск — слияние Амура и Зеи", "event_name": "Паводок в Приамурье, июль 2019", "date_peak": "2019-07-25"}, "geometry": {"type": "Polygon", "coordinates": [[[127.61708402676825, 50.28532592456154], [127.61668390285676, 50.284601635993475], [127.61626553980072, 50.28450671504392], [127.61641107713042, 50.284328565861976], [127.61571468067035, 50.28414039190104], [127.6154549071495, 50.28341777038032], [127.61723738033089, 50.28487804473914], [127.6170918443485, 50.28505619495096], [127.61751281895836, 50.285061203082876], [127.61750500375607, 50.28533093274111], [127.61708402676825, 50.28532592456154]]]}}, {"id": "334", "type": "Feature", "properties": {"contour_id": "flood_0335", "area_ha": 0.56, "pair_id": "flood_2019_07_amur__blagoveshchensk", "layer": "flood", "aoi_name": "Благовещенск — слияние Амура и Зеи", "event_name": "Паводок в Приамурье, июль 2019", "date_peak": "2019-07-25"}, "geometry": {"type": "Polygon", "coordinates": [[[127.61416764960148, 50.23105658887045], [127.61420674345422, 50.22970792968364], [127.61448706786284, 50.229711272918834], [127.61460117575044, 50.23061205060388], [127.61515662639619, 50.230798555870564], [127.61515141742488, 50.23097837715318], [127.61416764960148, 50.23105658887045]]]}}, {"id": "335", "type": "Feature", "properties": {"contour_id": "flood_0336", "area_ha": 0.56, "pair_id": "flood_2019_07_amur__blagoveshchensk", "layer": "flood", "aoi_name": "Благовещенск — слияние Амура и Зеи", "event_name": "Паводок в Приамурье, июль 2019", "date_peak": "2019-07-25"}, "geometry": {"type": "Polygon", "coordinates": [[[127.77210441181292, 50.36522420155692], [127.77182791407253, 50.36504140446033], [127.77183951836987, 50.36459183359649], [127.77254699700309, 50.36441942565821], [127.77212529476965, 50.364414973917214], [127.77199168895191, 50.36414374710485], [127.77269220284153, 50.36424108081388], [127.7731046299545, 50.36460518737559], [127.7730953560971, 50.36496484423914], [127.77211601357337, 50.36477463066073], [127.77210441181292, 50.36522420155692]]]}}, {"id": "336", "type": "Feature", "properties": {"contour_id": "flood_0337", "area_ha": 0.56, "pair_id": "flood_2019_07_amur__blagoveshchensk", "layer": "flood", "aoi_name": "Благовещенск — слияние Амура и Зеи", "event_name": "Паводок в Приамурье, июль 2019", "date_peak": "2019-07-25"}, "geometry": {"type": "Polygon", "coordinates": [[[127.53505475265284, 50.2412388317994], [127.5349200741978, 50.24105724947658], [127.53520045549658, 50.24106078454594], [127.53520596710106, 50.240880969825085], [127.53590691795716, 50.24088980448377], [127.53633574961597, 50.24062538102314], [127.53675356519636, 50.24072058564491], [127.53674805944507, 50.240900400495015], [127.53772664076375, 50.24100266227759], [127.53772113861807, 50.24118247719699], [127.53687999180092, 50.2411718881858], [127.53590416347949, 50.24097971187296], [127.53505475265284, 50.2412388317994]]]}}, {"id": "337", "type": "Feature", "properties": {"contour_id": "flood_0338", "area_ha": 0.56, "pair_id": "flood_2019_07_amur__blagoveshchensk", "layer": "flood", "aoi_name": "Благовещенск — слияние Амура и Зеи", "event_name": "Паводок в Приамурье, июль 2019", "date_peak": "2019-07-25"}, "geometry": {"type": "Polygon", "coordinates": [[[127.59264921159782, 50.32847399320301], [127.59265717946036, 50.32820426840949], [127.59237627865777, 50.32820086771837], [127.59242409281947, 50.32658251886797], [127.59340721249555, 50.326594417639356], [127.59297790986489, 50.32685904409032], [127.59255922650775, 50.326764035774936], [127.59253797821138, 50.327483302009846], [127.59323491023227, 50.327671617999584], [127.59280559682857, 50.32793624367747], [127.59293011404343, 50.32847739324809], [127.59264921159782, 50.32847399320301]]]}}, {"id": "338", "type": "Feature", "properties": {"contour_id": "flood_0339", "area_ha": 0.56, "pair_id": "flood_2019_07_amur__blagoveshchensk", "layer": "flood", "aoi_name": "Благовещенск — слияние Амура и Зеи", "event_name": "Паводок в Приамурье, июль 2019", "date_peak": "2019-07-25"}, "geometry": {"type": "Polygon", "coordinates": [[[127.61288475821239, 50.21728018452777], [127.61290040294394, 50.21674071990038], [127.61205965846878, 50.21673067855502], [127.6120831388867, 50.215921481799334], [127.61358799303977, 50.2171986370349], [127.61288475821239, 50.21728018452777]]]}}, {"id": "339", "type": "Feature", "properties": {"contour_id": "flood_0340", "area_ha": 0.56, "pair_id": "flood_2019_07_amur__blagoveshchensk", "layer": "flood", "aoi_name": "Благовещенск — слияние Амура и Зеи", "event_name": "Паводок в Приамурье, июль 2019", "date_peak": "2019-07-25"}, "geometry": {"type": "Polygon", "coordinates": [[[127.73973050592727, 50.34527116406566], [127.73903748499042, 50.3449038939936], [127.73918513560277, 50.344635677530285], [127.73891364652208, 50.34427297663454], [127.73919465886917, 50.34427602402972], [127.73920418194218, 50.3439163705055], [127.73962093745024, 50.34410076706143], [127.73947091071616, 50.3444588975186], [127.73974002528954, 50.34491151052919], [127.74016154961402, 50.34491607841381], [127.73973050592727, 50.34527116406566]]]}}, {"id": "340", "type": "Feature", "properties": {"contour_id": "flood_0341", "area_ha": 0.56, "pair_id": "flood_2019_07_amur__blagoveshchensk", "layer": "flood", "aoi_name": "Благовещенск — слияние Амура и Зеи", "event_name": "Паводок в Приамурье, июль 2019", "date_peak": "2019-07-25"}, "geometry": {"type": "Polygon", "coordinates": [[[127.32682250684134, 50.34033216450357], [127.3268793634355, 50.338714020958925], [127.32744121900765, 50.33872210550447], [127.32755958193086, 50.33935340454578], [127.32740648558304, 50.33971097134549], [127.32698508513893, 50.33970490797913], [127.3271034441311, 50.340336207346425], [127.32682250684134, 50.34033216450357]]]}}, {"id": "341", "type": "Feature", "properties": {"contour_id": "flood_0342", "area_ha": 0.56, "pair_id": "flood_2019_07_amur__blagoveshchensk", "layer": "flood", "aoi_name": "Благовещенск — слияние Амура и Зеи", "event_name": "Паводок в Приамурье, июль 2019", "date_peak": "2019-07-25"}, "geometry": {"type": "Polygon", "coordinates": [[[127.5363959662594, 50.1745183433924], [127.53640146039695, 50.17433852650525], [127.53696418816702, 50.17425567358826], [127.53668969078213, 50.17407232924259], [127.53697517201918, 50.17389603970035], [127.53698890152167, 50.173446497306514], [127.53781788157183, 50.17381670929015], [127.53738142864438, 50.17435087194884], [127.5363959662594, 50.1745183433924]]]}}, {"id": "342", "type": "Feature", "properties": {"contour_id": "flood_0343", "area_ha": 0.56, "pair_id": "flood_2019_07_amur__blagoveshchensk", "layer": "flood", "aoi_name": "Благовещенск — слияние Амура и Зеи", "event_name": "Паводок в Приамурье, июль 2019", "date_peak": "2019-07-25"}, "geometry": {"type": "Polygon", "coordinates": [[[127.25959246438362, 50.39555922012846], [127.25960563294737, 50.39519964873596], [127.25920022002028, 50.394743870509444], [127.25962538529126, 50.394660291600616], [127.25961880124355, 50.39484007731862], [127.26087455528018, 50.39512868880137], [127.26072405966055, 50.39539626453518], [127.25959246438362, 50.39555922012846]], [[127.26016813616899, 50.395208065091886], [127.26044609735834, 50.395302165140805], [127.26044938788012, 50.3952122722503], [127.26016813616899, 50.395208065091886]]]}}, {"id": "343", "type": "Feature", "properties": {"contour_id": "flood_0344", "area_ha": 0.55, "pair_id": "flood_2019_07_amur__blagoveshchensk", "layer": "flood", "aoi_name": "Благовещенск — слияние Амура и Зеи", "event_name": "Паводок в Приамурье, июль 2019", "date_peak": "2019-07-25"}, "geometry": {"type": "Polygon", "coordinates": [[[127.59218876771082, 50.21082522838492], [127.59207247605963, 50.21001433973942], [127.59249278565123, 50.210019432989384], [127.59264346827324, 50.20966148997504], [127.59292367265677, 50.2096648842497], [127.59288929566996, 50.21083371568806], [127.59218876771082, 50.21082522838492]], [[127.59220199647405, 50.21037567799626], [127.59233945526087, 50.21046728585388], [127.59234210072361, 50.21037737576777], [127.59220199647405, 50.21037567799626]], [[127.59263817860105, 50.20984131019132], [127.59276770285946, 50.210202647859916], [127.59277828131226, 50.20984300742385], [127.59263817860105, 50.20984131019132]]]}}, {"id": "344", "type": "Feature", "properties": {"contour_id": "flood_0345", "area_ha": 0.55, "pair_id": "flood_2019_07_amur__blagoveshchensk", "layer": "flood", "aoi_name": "Благовещенск — слияние Амура и Зеи", "event_name": "Паводок в Приамурье, июль 2019", "date_peak": "2019-07-25"}, "geometry": {"type": "Polygon", "coordinates": [[[127.4795038727583, 50.157867425928465], [127.47769602820215, 50.15748396580698], [127.47728762598585, 50.1571188363082], [127.47854709879087, 50.157135344572374], [127.47895551083822, 50.1575004697294], [127.47937533864351, 50.15750596800284], [127.47922969074924, 50.15768394814584], [127.4795038727583, 50.157867425928465]]]}}, {"id": "345", "type": "Feature", "properties": {"contour_id": "flood_0346", "area_ha": 0.55, "pair_id": "flood_2019_07_amur__blagoveshchensk", "layer": "flood", "aoi_name": "Благовещенск — слияние Амура и Зеи", "event_name": "Паводок в Приамурье, июль 2019", "date_peak": "2019-07-25"}, "geometry": {"type": "Polygon", "coordinates": [[[127.58977894195856, 50.230763125524476], [127.58880575755191, 50.230481483548864], [127.59216967197777, 50.23052229349279], [127.59132074483645, 50.23078182933045], [127.58977894195856, 50.230763125524476]]]}}, {"id": "346", "type": "Feature", "properties": {"contour_id": "flood_0347", "area_ha": 0.55, "pair_id": "flood_2019_07_amur__blagoveshchensk", "layer": "flood", "aoi_name": "Благовещенск — слияние Амура и Зеи", "event_name": "Паводок в Приамурье, июль 2019", "date_peak": "2019-07-25"}, "geometry": {"type": "Polygon", "coordinates": [[[127.35890450858847, 50.41256278669132], [127.35891693342505, 50.41220319793752], [127.35920451132091, 50.41202737290584], [127.35892935800906, 50.41184360915917], [127.35894178234052, 50.411484020356205], [127.35964518841014, 50.411493942277936], [127.35976103352311, 50.41221510403579], [127.35947656163911, 50.41230103323253], [127.35946724617992, 50.41257072487115], [127.35890450858847, 50.41256278669132]]]}}, {"id": "347", "type": "Feature", "properties": {"contour_id": "flood_0348", "area_ha": 0.55, "pair_id": "flood_2019_07_amur__blagoveshchensk", "layer": "flood", "aoi_name": "Благовещенск — слияние Амура и Зеи", "event_name": "Паводок в Приамурье, июль 2019", "date_peak": "2019-07-25"}, "geometry": {"type": "Polygon", "coordinates": [[[127.77354487480663, 50.36389032166709], [127.77270843688358, 50.363611681303404], [127.77285595841451, 50.36334342198155], [127.77244354398536, 50.36297931455353], [127.77246673895722, 50.36208017226115], [127.7727409032364, 50.36235288206555], [127.77272930837538, 50.36280245325512], [127.77315099641578, 50.362806902703724], [127.7731324503964, 50.363526216643294], [127.77354950988358, 50.36371049317462], [127.77354487480663, 50.36389032166709]]]}}, {"id": "348", "type": "Feature", "properties": {"contour_id": "flood_0349", "area_ha": 0.55, "pair_id": "flood_2019_07_amur__blagoveshchensk", "layer": "flood", "aoi_name": "Благовещенск — слияние Амура и Зеи", "event_name": "Паводок в Приамурье, июль 2019", "date_peak": "2019-07-25"}, "geometry": {"type": "Polygon", "coordinates": [[[127.67871038453357, 50.27003341205673], [127.67801394285104, 50.26984561067024], [127.67900339241778, 50.26958703950913], [127.67943916340954, 50.269052347809335], [127.68014802755756, 50.26879057834008], [127.68013808501637, 50.26915022817732], [127.67871038453357, 50.27003341205673]], [[127.67943418944851, 50.26923217267146], [127.6795719846681, 50.26932367903616], [127.67957447140351, 50.26923376660227], [127.67943418944851, 50.26923217267146]]]}}, {"id": "349", "type": "Feature", "properties": {"contour_id": "flood_0350", "area_ha": 0.54, "pair_id": "flood_2019_07_amur__blagoveshchensk", "layer": "flood", "aoi_name": "Благовещенск — слияние Амура и Зеи", "event_name": "Паводок в Приамурье, июль 2019", "date_peak": "2019-07-25"}, "geometry": {"type": "Polygon", "coordinates": [[[127.60983236286503, 50.221021258740265], [127.60985588453171, 50.22021206334891], [127.61069668940999, 50.22022212114222], [127.61067318195882, 50.22103131682057], [127.60983236286503, 50.221021258740265]]]}}, {"id": "350", "type": "Feature", "properties": {"contour_id": "flood_0351", "area_ha": 0.54, "pair_id": "flood_2019_07_amur__blagoveshchensk", "layer": "flood", "aoi_name": "Благовещенск — слияние Амура и Зеи", "event_name": "Паводок в Приамурье, июль 2019", "date_peak": "2019-07-25"}, "geometry": {"type": "Polygon", "coordinates": [[[127.49638573641954, 50.257833881102854], [127.49639139740368, 50.257654070063445], [127.4980742411062, 50.25767583323092], [127.49808272297996, 50.257406116453396], [127.49990579570024, 50.25742966550598], [127.49806858645205, 50.257855644408366], [127.49638573641954, 50.257833881102854]]]}}, {"id": "351", "type": "Feature", "properties": {"contour_id": "flood_0352", "area_ha": 0.54, "pair_id": "flood_2019_07_amur__blagoveshchensk", "layer": "flood", "aoi_name": "Благовещенск — слияние Амура и Зеи", "event_name": "Паводок в Приамурье, июль 2019", "date_peak": "2019-07-25"}, "geometry": {"type": "Polygon", "coordinates": [[[127.34058874226487, 50.31228755771827], [127.34045461529612, 50.31210575765522], [127.34102241893201, 50.31193397768494], [127.34117531927579, 50.31157638942808], [127.3418928800596, 50.31113691452073], [127.3419116427394, 50.31059752654206], [127.34219240694465, 50.310601531229224], [127.34231715751113, 50.31105302339999], [127.34203639062954, 50.31104901898819], [127.34187724405682, 50.3115864044606], [127.34058874226487, 50.31228755771827]]]}}, {"id": "352", "type": "Feature", "properties": {"contour_id": "flood_0353", "area_ha": 0.53, "pair_id": "flood_2019_07_amur__blagoveshchensk", "layer": "flood", "aoi_name": "Благовещенск — слияние Амура и Зеи", "event_name": "Паводок в Приамурье, июль 2019", "date_peak": "2019-07-25"}, "geometry": {"type": "Polygon", "coordinates": [[[127.52578525415558, 50.23257707902711], [127.52537307901486, 50.232302021456476], [127.5249498117509, 50.23238659078718], [127.5249581344201, 50.232116869538565], [127.52538971940162, 50.23176257883504], [127.52594759833715, 50.2318596004643], [127.52635700149182, 50.232224563153316], [127.52634591505063, 50.23258419170133], [127.52593096418728, 50.23239904321201], [127.52578525415558, 50.23257707902711]]]}}, {"id": "353", "type": "Feature", "properties": {"contour_id": "flood_0354", "area_ha": 0.53, "pair_id": "flood_2019_07_amur__blagoveshchensk", "layer": "flood", "aoi_name": "Благовещенск — слияние Амура и Зеи", "event_name": "Паводок в Приамурье, июль 2019", "date_peak": "2019-07-25"}, "geometry": {"type": "Polygon", "coordinates": [[[127.71458939964255, 50.44347873644673], [127.714475397335, 50.442488160117826], [127.71559932714653, 50.442590510268055], [127.71558959178967, 50.44295015436384], [127.71502396961172, 50.44303384706681], [127.71458939964255, 50.44347873644673]]]}}, {"id": "354", "type": "Feature", "properties": {"contour_id": "flood_0355", "area_ha": 0.53, "pair_id": "flood_2019_07_amur__blagoveshchensk", "layer": "flood", "aoi_name": "Благовещенск — слияние Амура и Зеи", "event_name": "Паводок в Приамурье, июль 2019", "date_peak": "2019-07-25"}, "geometry": {"type": "Polygon", "coordinates": [[[127.33507440825842, 50.3334351322444], [127.33508383568844, 50.33316544023371], [127.33466877795831, 50.33297961060913], [127.3346813506916, 50.33262002130423], [127.33496224362652, 50.33262404471813], [127.33468449383504, 50.33253012397416], [127.33469392316967, 50.332260431974674], [127.33539929208673, 50.332180591741896], [127.33535844801828, 50.33334925740763], [127.33507440825842, 50.3334351322444]]]}}, {"id": "355", "type": "Feature", "properties": {"contour_id": "flood_0356", "area_ha": 0.53, "pair_id": "flood_2019_07_amur__blagoveshchensk", "layer": "flood", "aoi_name": "Благовещенск — слияние Амура и Зеи", "event_name": "Паводок в Приамурье, июль 2019", "date_peak": "2019-07-25"}, "geometry": {"type": "Polygon", "coordinates": [[[127.73164800932877, 50.326835651023046], [127.73122904069115, 50.326741140095834], [127.7312338293512, 50.326561313344094], [127.73010780517117, 50.32663895919254], [127.73011739087015, 50.326279305832905], [127.72955318300599, 50.32636308139857], [127.72955558047201, 50.32627316807592], [127.73026503185201, 50.32601109979824], [127.73081725905935, 50.32637688757927], [127.73151713018905, 50.32647446513243], [127.73179325024697, 50.32665735641399], [127.73164800932877, 50.326835651023046]]]}}, {"id": "356", "type": "Feature", "properties": {"contour_id": "flood_0357", "area_ha": 0.52, "pair_id": "flood_2019_07_amur__blagoveshchensk", "layer": "flood", "aoi_name": "Благовещенск — слияние Амура и Зеи", "event_name": "Паводок в Приамурье, июль 2019", "date_peak": "2019-07-25"}, "geometry": {"type": "Polygon", "coordinates": [[[127.71793012914674, 50.41887257019376], [127.71739151051592, 50.41796725070213], [127.71824070130452, 50.41779673363941], [127.71823342122651, 50.418066468147835], [127.71879146283159, 50.41825249176477], [127.71808784404729, 50.41824474056593], [127.71822128751646, 50.41851602563221], [127.71793498383148, 50.41869274723601], [127.71835473248441, 50.41878731054451], [127.71793012914674, 50.41887257019376]], [[127.71767295627176, 50.417970353364225], [127.71780882414836, 50.418151727411676], [127.71795440207697, 50.41797345534568], [127.71767295627176, 50.417970353364225]]]}}, {"id": "357", "type": "Feature", "properties": {"contour_id": "flood_0358", "area_ha": 0.52, "pair_id": "flood_2019_07_amur__blagoveshchensk", "layer": "flood", "aoi_name": "Благовещенск — слияние Амура и Зеи", "event_name": "Паводок в Приамурье, июль 2019", "date_peak": "2019-07-25"}, "geometry": {"type": "Polygon", "coordinates": [[[127.58876702331195, 50.19378461918416], [127.58877497509549, 50.19351488855697], [127.58835481107697, 50.19350978306943], [127.58837071901273, 50.19297032187158], [127.58907098455899, 50.19297883001169], [127.58947524872809, 50.193523394326995], [127.58946730088716, 50.19379312503509], [127.58876702331195, 50.19378461918416]]]}}, {"id": "358", "type": "Feature", "properties": {"contour_id": "flood_0359", "area_ha": 0.52, "pair_id": "flood_2019_07_amur__blagoveshchensk", "layer": "flood", "aoi_name": "Благовещенск — слияние Амура и Зеи", "event_name": "Паводок в Приамурье, июль 2019", "date_peak": "2019-07-25"}, "geometry": {"type": "Polygon", "coordinates": [[[127.68033966296267, 50.32275692977525], [127.6785189376365, 50.32255636844184], [127.68007372702648, 50.32221427140132], [127.68048757162681, 50.32248878892226], [127.68033966296267, 50.32275692977525]]]}}, {"id": "359", "type": "Feature", "properties": {"contour_id": "flood_0360", "area_ha": 0.52, "pair_id": "flood_2019_07_amur__blagoveshchensk", "layer": "flood", "aoi_name": "Благовещенск — слияние Амура и Зеи", "event_name": "Паводок в Приамурье, июль 2019", "date_peak": "2019-07-25"}, "geometry": {"type": "Polygon", "coordinates": [[[127.35657655262727, 50.30891699939276], [127.35659514773263, 50.308377607218844], [127.35701627757088, 50.308383560620044], [127.35703486735056, 50.30784416827749], [127.35787711793193, 50.307856070278795], [127.35801130025541, 50.308037850894436], [127.35657655262727, 50.30891699939276]]]}}, {"id": "360", "type": "Feature", "properties": {"contour_id": "flood_0361", "area_ha": 0.52, "pair_id": "flood_2019_07_amur__blagoveshchensk", "layer": "flood", "aoi_name": "Благовещенск — слияние Амура и Зеи", "event_name": "Паводок в Приамурье, июль 2019", "date_peak": "2019-07-25"}, "geometry": {"type": "Polygon", "coordinates": [[[127.73089453823651, 50.449953364010895], [127.73062011928823, 50.44968055760891], [127.73019525968097, 50.44976585968194], [127.73020007320436, 50.4495860368257], [127.7310545978915, 50.44923560812459], [127.73106902827226, 50.448696139309206], [127.73162988334117, 50.44879219196366], [127.73147223832585, 50.44942003729528], [127.73089453823651, 50.449953364010895]], [[127.7306225252436, 50.4495906461654], [127.73076093692586, 50.44968209371963], [127.7307633426145, 50.44959218227126], [127.7306225252436, 50.4495906461654]]]}}, {"id": "361", "type": "Feature", "properties": {"contour_id": "flood_0362", "area_ha": 0.52, "pair_id": "flood_2019_07_amur__blagoveshchensk", "layer": "flood", "aoi_name": "Благовещенск — слияние Амура и Зеи", "event_name": "Паводок в Приамурье, июль 2019", "date_peak": "2019-07-25"}, "geometry": {"type": "Polygon", "coordinates": [[[127.55901951370996, 50.241808335154175], [127.55902764690401, 50.24153861025836], [127.56086911714185, 50.24093183957874], [127.56085287176265, 50.24147128984979], [127.56001171124908, 50.24146086821895], [127.56000358363055, 50.241730593235005], [127.55901951370996, 50.241808335154175]]]}}, {"id": "362", "type": "Feature", "properties": {"contour_id": "flood_0363", "area_ha": 0.52, "pair_id": "flood_2019_07_amur__blagoveshchensk", "layer": "flood", "aoi_name": "Благовещенск — слияние Амура и Зеи", "event_name": "Паводок в Приамурье, июль 2019", "date_peak": "2019-07-25"}, "geometry": {"type": "Polygon", "coordinates": [[[127.72804063744113, 50.33039382087796], [127.72762884933675, 50.33002955723849], [127.72805744182617, 50.32976442839598], [127.7277813184843, 50.329581528309966], [127.72806944459279, 50.329314862293], [127.72765286287866, 50.329130425186214], [127.72766486919257, 50.32868085910453], [127.72779572480056, 50.329042049022675], [127.72835756746132, 50.32904819552568], [127.72848362978833, 50.32958921116091], [127.7283263669977, 50.33021706750094], [127.72804063744113, 50.33039382087796]]]}}, {"id": "363", "type": "Feature", "properties": {"contour_id": "flood_0364", "area_ha": 0.52, "pair_id": "flood_2019_07_amur__blagoveshchensk", "layer": "flood", "aoi_name": "Благовещенск — слияние Амура и Зеи", "event_name": "Паводок в Приамурье, июль 2019", "date_peak": "2019-07-25"}, "geometry": {"type": "Polygon", "coordinates": [[[127.60465696411059, 50.33104711754562], [127.6045244060105, 50.33077570566823], [127.60368428937365, 50.33067567853783], [127.60369746599997, 50.330226135257796], [127.60482112272881, 50.33023962494924], [127.60467276521777, 50.33050766541633], [127.60509150636568, 50.33060263051696], [127.6050809754729, 50.330962265333994], [127.60465696411059, 50.33104711754562]], [[127.60424875722124, 50.33059251617307], [127.60438658135098, 50.33068411100085], [127.60438921537856, 50.330594202321095], [127.60424875722124, 50.33059251617307]], [[127.60411093362129, 50.33050092118487], [127.60424875722124, 50.33059251617307], [127.60425139150034, 50.33050260749716], [127.60411093362129, 50.33050092118487]], [[127.60397311055108, 50.33040932603626], [127.60411093362129, 50.33050092118487], [127.6041135681519, 50.33041101251282], [127.60397311055108, 50.33040932603626]]]}}, {"id": "364", "type": "Feature", "properties": {"contour_id": "flood_0365", "area_ha": 0.52, "pair_id": "flood_2019_07_amur__blagoveshchensk", "layer": "flood", "aoi_name": "Благовещенск — слияние Амура и Зеи", "event_name": "Паводок в Приамурье, июль 2019", "date_peak": "2019-07-25"}, "geometry": {"type": "Polygon", "coordinates": [[[127.34039682319668, 50.32586613517047], [127.34042187562277, 50.32514695356251], [127.3408431502, 50.32515296698674], [127.34085254221554, 50.32488327380112], [127.34169508703481, 50.32489529595799], [127.34168257066781, 50.32525488702162], [127.34126129501064, 50.32524887662977], [127.34039682319668, 50.32586613517047]]]}}, {"id": "365", "type": "Feature", "properties": {"contour_id": "flood_0366", "area_ha": 0.52, "pair_id": "flood_2019_07_amur__blagoveshchensk", "layer": "flood", "aoi_name": "Благовещенск — слияние Амура и Зеи", "event_name": "Паводок в Приамурье, июль 2019", "date_peak": "2019-07-25"}, "geometry": {"type": "Polygon", "coordinates": [[[127.67195853378885, 50.14943468847311], [127.67196600515727, 50.14916494640098], [127.67141126824846, 50.14897871597264], [127.67114137728555, 50.14861585776776], [127.67169859985498, 50.148712175432074], [127.67170607249423, 50.148442433354596], [127.67198592825189, 50.14844563414304], [127.67197845718592, 50.148715376250934], [127.67266565526052, 50.14917294562538], [127.67251825699294, 50.14944108825057], [127.67195853378885, 50.14943468847311]]]}}, {"id": "366", "type": "Feature", "properties": {"contour_id": "flood_0367", "area_ha": 0.51, "pair_id": "flood_2019_07_amur__blagoveshchensk", "layer": "flood", "aoi_name": "Благовещенск — слияние Амура и Зеи", "event_name": "Паводок в Приамурье, июль 2019", "date_peak": "2019-07-25"}, "geometry": {"type": "Polygon", "coordinates": [[[127.65218252120604, 50.24040799313342], [127.6516318851456, 50.24004183940114], [127.65373480676111, 50.24006622369184], [127.65372720841205, 50.24033595951532], [127.65218252120604, 50.24040799313342]]]}}, {"id": "367", "type": "Feature", "properties": {"contour_id": "flood_0368", "area_ha": 0.51, "pair_id": "flood_2019_07_amur__blagoveshchensk", "layer": "flood", "aoi_name": "Благовещенск — слияние Амура и Зеи", "event_name": "Паводок в Приамурье, июль 2019", "date_peak": "2019-07-25"}, "geometry": {"type": "Polygon", "coordinates": [[[127.7088620161436, 50.33297054900333], [127.70858838658584, 50.33269769136406], [127.70887663841908, 50.33243107402208], [127.70861276172562, 50.3317985664201], [127.70903903821204, 50.3316234212138], [127.7094506964806, 50.33198774961336], [127.7094433887635, 50.33225748719232], [127.70916001410266, 50.332344280957116], [127.70929073855652, 50.33270549047998], [127.7088620161436, 50.33297054900333]]]}}, {"id": "368", "type": "Feature", "properties": {"contour_id": "flood_0369", "area_ha": 0.51, "pair_id": "flood_2019_07_amur__blagoveshchensk", "layer": "flood", "aoi_name": "Благовещенск — слияние Амура и Зеи", "event_name": "Паводок в Приамурье, июль 2019", "date_peak": "2019-07-25"}, "geometry": {"type": "Polygon", "coordinates": [[[127.43815542363443, 50.27523418072082], [127.43816424929904, 50.274964472313904], [127.43985647334387, 50.27471737549682], [127.43986528923703, 50.27444766684733], [127.44112783240374, 50.27446460939499], [127.43815542363443, 50.27523418072082]]]}}, {"id": "369", "type": "Feature", "properties": {"contour_id": "flood_0370", "area_ha": 0.51, "pair_id": "flood_2019_07_amur__blagoveshchensk", "layer": "flood", "aoi_name": "Благовещенск — слияние Амура и Зеи", "event_name": "Паводок в Приамурье, июль 2019", "date_peak": "2019-07-25"}, "geometry": {"type": "Polygon", "coordinates": [[[127.57007277143383, 50.23331046609294], [127.56994336022497, 50.23294910545661], [127.57246640493312, 50.2329801326506], [127.57246103500364, 50.23315995057274], [127.57007277143383, 50.23331046609294]]]}}, {"id": "370", "type": "Feature", "properties": {"contour_id": "flood_0371", "area_ha": 0.51, "pair_id": "flood_2019_07_amur__blagoveshchensk", "layer": "flood", "aoi_name": "Благовещенск — слияние Амура и Зеи", "event_name": "Паводок в Приамурье, июль 2019", "date_peak": "2019-07-25"}, "geometry": {"type": "Polygon", "coordinates": [[[127.71893190069822, 50.39738833307756], [127.7190822560001, 50.39703023475881], [127.7195066614436, 50.39694496910215], [127.71923503196354, 50.396582224338125], [127.71951635128485, 50.39658532159633], [127.71952604092914, 50.39622567406679], [127.71995285996515, 50.396050494816706], [127.71992622201573, 50.39703952566067], [127.71893190069822, 50.39738833307756]]]}}, {"id": "371", "type": "Feature", "properties": {"contour_id": "flood_0372", "area_ha": 0.51, "pair_id": "flood_2019_07_amur__blagoveshchensk", "layer": "flood", "aoi_name": "Благовещенск — слияние Амура и Зеи", "event_name": "Паводок в Приамурье, июль 2019", "date_peak": "2019-07-25"}, "geometry": {"type": "Polygon", "coordinates": [[[127.58861865176192, 50.270053508301196], [127.5884916642068, 50.26960225951616], [127.58876956193096, 50.26969557575873], [127.58919836683967, 50.269430958195166], [127.58923024888445, 50.268352049524545], [127.58965107122191, 50.26835715732861], [127.58936255344598, 50.26862347949925], [127.58964310326812, 50.26862688456513], [127.58961654254689, 50.26952597525595], [127.58861865176192, 50.270053508301196]]]}}, {"id": "372", "type": "Feature", "properties": {"contour_id": "flood_0373", "area_ha": 0.51, "pair_id": "flood_2019_07_amur__blagoveshchensk", "layer": "flood", "aoi_name": "Благовещенск — слияние Амура и Зеи", "event_name": "Паводок в Приамурье, июль 2019", "date_peak": "2019-07-25"}, "geometry": {"type": "Polygon", "coordinates": [[[127.60236213107845, 50.33263847834536], [127.60152462612969, 50.33244852684486], [127.60111379728372, 50.33208382326184], [127.60153518442216, 50.33208889266512], [127.60168620384697, 50.33173094790178], [127.6019565716812, 50.33209396054176], [127.60307236167056, 50.332377193229895], [127.60306708829879, 50.332557010431636], [127.60278616058272, 50.33255363467726], [127.60237004512986, 50.33236875262532], [127.60236213107845, 50.33263847834536]]]}}, {"id": "373", "type": "Feature", "properties": {"contour_id": "flood_0374", "area_ha": 0.51, "pair_id": "flood_2019_07_amur__blagoveshchensk", "layer": "flood", "aoi_name": "Благовещенск — слияние Амура и Зеи", "event_name": "Паводок в Приамурье, июль 2019", "date_peak": "2019-07-25"}, "geometry": {"type": "Polygon", "coordinates": [[[127.61494452799298, 50.330000907324866], [127.61396394490733, 50.329899281017525], [127.61370134616782, 50.329266568357575], [127.61482237082167, 50.329369870295785], [127.61509282633335, 50.32973285324026], [127.61494452799298, 50.330000907324866]]]}}, {"id": "374", "type": "Feature", "properties": {"contour_id": "flood_0375", "area_ha": 0.51, "pair_id": "flood_2019_07_amur__blagoveshchensk", "layer": "flood", "aoi_name": "Благовещенск — слияние Амура и Зеи", "event_name": "Паводок в Приамурье, июль 2019", "date_peak": "2019-07-25"}, "geometry": {"type": "Polygon", "coordinates": [[[127.32959765270405, 50.35737113996916], [127.32965760454977, 50.35566310215982], [127.32979811862276, 50.355665120683774], [127.33030024841726, 50.35738123150022], [127.32959765270405, 50.35737113996916]]]}}, {"id": "375", "type": "Feature", "properties": {"contour_id": "flood_0376", "area_ha": 0.51, "pair_id": "flood_2019_07_amur__blagoveshchensk", "layer": "flood", "aoi_name": "Благовещенск — слияние Амура и Зеи", "event_name": "Паводок в Приамурье, июль 2019", "date_peak": "2019-07-25"}, "geometry": {"type": "Polygon", "coordinates": [[[127.7380775678944, 50.35460690516507], [127.73795371927032, 50.35397598772298], [127.73922091402487, 50.35389979476535], [127.73935668601449, 50.35408114485171], [127.7386492452044, 50.35425335141271], [127.7384991777907, 50.35461147970906], [127.7380775678944, 50.35460690516507]]]}}, {"id": "376", "type": "Feature", "properties": {"contour_id": "flood_0377", "area_ha": 0.51, "pair_id": "flood_2019_07_amur__blagoveshchensk", "layer": "flood", "aoi_name": "Благовещенск — слияние Амура и Зеи", "event_name": "Паводок в Приамурье, июль 2019", "date_peak": "2019-07-25"}, "geometry": {"type": "Polygon", "coordinates": [[[127.64471652509168, 50.20695281948725], [127.64363397809302, 50.20559105704532], [127.64364162397776, 50.20532132072251], [127.64433189728157, 50.20568914569713], [127.64487444742011, 50.20632506891212], [127.64500181215739, 50.206776263783226], [127.64471652509168, 50.20695281948725]]]}}, {"id": "377", "type": "Feature", "properties": {"contour_id": "flood_0378", "area_ha": 0.5, "pair_id": "flood_2019_07_amur__blagoveshchensk", "layer": "flood", "aoi_name": "Благовещенск — слияние Амура и Зеи", "event_name": "Паводок в Приамурье, июль 2019", "date_peak": "2019-07-25"}, "geometry": {"type": "Polygon", "coordinates": [[[127.56326095357294, 50.13330004476367], [127.56330403559437, 50.13186148213997], [127.56344390871618, 50.13186321280088], [127.56343313958537, 50.132222853514875], [127.56371019617228, 50.132316224561], [127.56369673700354, 50.13276577546693], [127.5641002176531, 50.133310426729174], [127.56326095357294, 50.13330004476367]]]}}, {"id": "378", "type": "Feature", "properties": {"contour_id": "flood_0379", "area_ha": 0.5, "pair_id": "flood_2019_07_amur__blagoveshchensk", "layer": "flood", "aoi_name": "Благовещенск — слияние Амура и Зеи", "event_name": "Паводок в Приамурье, июль 2019", "date_peak": "2019-07-25"}, "geometry": {"type": "Polygon", "coordinates": [[[127.67345458124424, 50.186418040861795], [127.67262182560299, 50.1861387014282], [127.6726293029564, 50.18586896099712], [127.67389212866055, 50.18579344344319], [127.67387967822935, 50.18624301105649], [127.67346205398137, 50.18614830035284], [127.67345458124424, 50.186418040861795]]]}}, {"id": "379", "type": "Feature", "properties": {"contour_id": "flood_0380", "area_ha": 0.5, "pair_id": "flood_2019_07_amur__blagoveshchensk", "layer": "flood", "aoi_name": "Благовещенск — слияние Амура и Зеи", "event_name": "Паводок в Приамурье, июль 2019", "date_peak": "2019-07-25"}, "geometry": {"type": "Polygon", "coordinates": [[[127.66874512226767, 50.14921800960535], [127.6688925408344, 50.14894987192301], [127.67001945692833, 50.148692956361124], [127.6711339014241, 50.1488855997754], [127.66874512226767, 50.14921800960535]]]}}, {"id": "380", "type": "Feature", "properties": {"contour_id": "flood_0381", "area_ha": 0.5, "pair_id": "flood_2019_07_amur__blagoveshchensk", "layer": "flood", "aoi_name": "Благовещенск — слияние Амура и Зеи", "event_name": "Паводок в Приамурье, июль 2019", "date_peak": "2019-07-25"}, "geometry": {"type": "Polygon", "coordinates": [[[127.54808067322712, 50.25102612030197], [127.54710733178503, 50.2507441285605], [127.54991991803952, 50.25050943625841], [127.54935631084325, 50.25059234329602], [127.54949107063513, 50.25077390930145], [127.54920790015272, 50.25086031598903], [127.54808067322712, 50.25102612030197]]]}}, {"id": "381", "type": "Feature", "properties": {"contour_id": "flood_0382", "area_ha": 0.49, "pair_id": "flood_2019_07_amur__blagoveshchensk", "layer": "flood", "aoi_name": "Благовещенск — слияние Амура и Зеи", "event_name": "Паводок в Приамурье, июль 2019", "date_peak": "2019-07-25"}, "geometry": {"type": "Polygon", "coordinates": [[[127.51027486125098, 50.24883867639207], [127.5100028494036, 50.248565362129504], [127.51084411617697, 50.248576146814145], [127.51127315444516, 50.24831181804899], [127.51239203884536, 50.24841609028524], [127.51027486125098, 50.24883867639207]]]}}, {"id": "382", "type": "Feature", "properties": {"contour_id": "flood_0383", "area_ha": 0.49, "pair_id": "flood_2019_07_amur__blagoveshchensk", "layer": "flood", "aoi_name": "Благовещенск — слияние Амура и Зеи", "event_name": "Паводок в Приамурье, июль 2019", "date_peak": "2019-07-25"}, "geometry": {"type": "Polygon", "coordinates": [[[127.33361490511743, 50.363095127411704], [127.33365583511042, 50.36192646879029], [127.33379636796037, 50.36192848266392], [127.33446127011021, 50.3630173117596], [127.33361490511743, 50.363095127411704]]]}}, {"id": "383", "type": "Feature", "properties": {"contour_id": "flood_0384", "area_ha": 0.49, "pair_id": "flood_2019_07_amur__blagoveshchensk", "layer": "flood", "aoi_name": "Благовещенск — слияние Амура и Зеи", "event_name": "Паводок в Приамурье, июль 2019", "date_peak": "2019-07-25"}, "geometry": {"type": "Polygon", "coordinates": [[[127.68152537254295, 50.32052188527163], [127.68068526414426, 50.32042241457522], [127.68069273153995, 50.32015267953179], [127.68223996861731, 50.320080287773294], [127.68223499621624, 50.32026011125123], [127.68293715753715, 50.32026806812154], [127.68152537254295, 50.32052188527163]]]}}, {"id": "384", "type": "Feature", "properties": {"contour_id": "flood_0385", "area_ha": 0.49, "pair_id": "flood_2019_07_amur__blagoveshchensk", "layer": "flood", "aoi_name": "Благовещенск — слияние Амура и Зеи", "event_name": "Паводок в Приамурье, июль 2019", "date_peak": "2019-07-25"}, "geometry": {"type": "Polygon", "coordinates": [[[127.58020399193492, 50.14708989101223], [127.57994545691447, 50.146367184374895], [127.57966828730282, 50.146273851327436], [127.57967894005301, 50.14591420894411], [127.5805184308492, 50.14592447412547], [127.58020399193492, 50.14708989101223]]]}}, {"id": "385", "type": "Feature", "properties": {"contour_id": "flood_0386", "area_ha": 0.49, "pair_id": "flood_2019_07_amur__blagoveshchensk", "layer": "flood", "aoi_name": "Благовещенск — слияние Амура и Зеи", "event_name": "Паводок в Приамурье, июль 2019", "date_peak": "2019-07-25"}, "geometry": {"type": "Polygon", "coordinates": [[[127.58397196463466, 50.227994238891206], [127.58399060421888, 50.22736487243321], [127.58428422222477, 50.22691874087371], [127.58456452670058, 50.22692215615327], [127.58481289702254, 50.228004485119754], [127.58397196463466, 50.227994238891206]]]}}, {"id": "386", "type": "Feature", "properties": {"contour_id": "flood_0387", "area_ha": 0.49, "pair_id": "flood_2019_07_amur__blagoveshchensk", "layer": "flood", "aoi_name": "Благовещенск — слияние Амура и Зеи", "event_name": "Паводок в Приамурье, июль 2019", "date_peak": "2019-07-25"}, "geometry": {"type": "Polygon", "coordinates": [[[127.61139117362379, 50.331397564991654], [127.61127430247222, 50.330586706851115], [127.61043941918874, 50.33030691057667], [127.61046039938283, 50.32958763920046], [127.6107386885796, 50.32968090521071], [127.6105929882702, 50.32985904461471], [127.61087127930777, 50.32995231031852], [127.61086079228284, 50.33031194605856], [127.61169829841656, 50.330501830367616], [127.61140427787217, 50.33094802029625], [127.61167209555025, 50.3314009199023], [127.61139117362379, 50.331397564991654]]]}}, {"id": "387", "type": "Feature", "properties": {"contour_id": "flood_0388", "area_ha": 0.49, "pair_id": "flood_2019_07_amur__blagoveshchensk", "layer": "flood", "aoi_name": "Благовещенск — слияние Амура и Зеи", "event_name": "Паводок в Приамурье, июль 2019", "date_peak": "2019-07-25"}, "geometry": {"type": "Polygon", "coordinates": [[[127.70622242378288, 50.44041804929154], [127.70608653827423, 50.440236662244644], [127.70651135393388, 50.440151447747645], [127.70666439458248, 50.43970345905614], [127.70865253674621, 50.439095975989176], [127.70622242378288, 50.44041804929154]]]}}, {"id": "388", "type": "Feature", "properties": {"contour_id": "flood_0389", "area_ha": 0.49, "pair_id": "flood_2019_07_amur__blagoveshchensk", "layer": "flood", "aoi_name": "Благовещенск — слияние Амура и Зеи", "event_name": "Паводок в Приамурье, июль 2019", "date_peak": "2019-07-25"}, "geometry": {"type": "Polygon", "coordinates": [[[127.72781253161503, 50.328412656453416], [127.72812225314755, 50.327336770999864], [127.72840076470483, 50.32742975699276], [127.72839116565842, 50.327789410041554], [127.7289505949469, 50.32788546683555], [127.7288005415473, 50.32824358428376], [127.72781253161503, 50.328412656453416]]]}}, {"id": "389", "type": "Feature", "properties": {"contour_id": "flood_0390", "area_ha": 0.49, "pair_id": "flood_2019_07_amur__blagoveshchensk", "layer": "flood", "aoi_name": "Благовещенск — слияние Амура и Зеи", "event_name": "Паводок в Приамурье, июль 2019", "date_peak": "2019-07-25"}, "geometry": {"type": "Polygon", "coordinates": [[[127.34400345964218, 50.424133874186346], [127.3438690140112, 50.42395207821373], [127.3442974354928, 50.42377829492115], [127.34489164168609, 50.42288734119001], [127.34531378363194, 50.42289334679488], [127.34516053601737, 50.42325093070206], [127.34473212242474, 50.423424717265895], [127.34471018217008, 50.42405399186102], [127.34400345964218, 50.424133874186346]]]}}, {"id": "390", "type": "Feature", "properties": {"contour_id": "flood_0391", "area_ha": 0.49, "pair_id": "flood_2019_07_amur__blagoveshchensk", "layer": "flood", "aoi_name": "Благовещенск — слияние Амура и Зеи", "event_name": "Паводок в Приамурье, июль 2019", "date_peak": "2019-07-25"}, "geometry": {"type": "Polygon", "coordinates": [[[127.43380792070074, 50.27085843585274], [127.43537153552018, 50.270249901622726], [127.43663396498772, 50.27026689195722], [127.43578939936016, 50.270345469365914], [127.4357805617262, 50.27061517768289], [127.43493893615064, 50.27060384608058], [127.43493009363183, 50.270873554276044], [127.43380792070074, 50.27085843585274]]]}}, {"id": "391", "type": "Feature", "properties": {"contour_id": "flood_0392", "area_ha": 0.49, "pair_id": "flood_2019_07_amur__blagoveshchensk", "layer": "flood", "aoi_name": "Благовещенск — слияние Амура и Зеи", "event_name": "Паводок в Приамурье, июль 2019", "date_peak": "2019-07-25"}, "geometry": {"type": "Polygon", "coordinates": [[[127.6737944251546, 50.18426331449329], [127.67423941555549, 50.1833689746525], [127.67479207126073, 50.183645107341036], [127.67491717441925, 50.18418618646918], [127.6737944251546, 50.18426331449329]]]}}, {"id": "392", "type": "Feature", "properties": {"contour_id": "flood_0393", "area_ha": 0.49, "pair_id": "flood_2019_07_amur__blagoveshchensk", "layer": "flood", "aoi_name": "Благовещенск — слияние Амура и Зеи", "event_name": "Паводок в Приамурье, июль 2019", "date_peak": "2019-07-25"}, "geometry": {"type": "Polygon", "coordinates": [[[127.78461422786508, 50.38190429279026], [127.78433758567127, 50.38172152491141], [127.78462801628115, 50.381364806751186], [127.78519508284755, 50.38119085431842], [127.78562841646975, 50.380745687810276], [127.78604797030101, 50.38084000602079], [127.78561004735559, 50.38146500286086], [127.78490925258124, 50.38136774523911], [127.78476174106704, 50.38163601912028], [127.7850406817068, 50.38172887164937], [127.78461422786508, 50.38190429279026]]]}}, {"id": "393", "type": "Feature", "properties": {"contour_id": "flood_0394", "area_ha": 0.48, "pair_id": "flood_2019_07_amur__blagoveshchensk", "layer": "flood", "aoi_name": "Благовещенск — слияние Амура и Зеи", "event_name": "Паводок в Приамурье, июль 2019", "date_peak": "2019-07-25"}, "geometry": {"type": "Polygon", "coordinates": [[[127.69594027877895, 50.26087419676095], [127.69622570474878, 50.260697517904994], [127.69595255455064, 50.26042463097434], [127.69637087129232, 50.2605192650322], [127.69623797775722, 50.26024795205361], [127.6966587473281, 50.26025267189099], [127.69666610860897, 50.259982932317406], [127.69708442296069, 50.26007756379462], [127.697094234711, 50.25971791095514], [127.69765770664691, 50.259634286318885], [127.69736248264833, 50.26017062168769], [127.69594027877895, 50.26087419676095]]]}}, {"id": "394", "type": "Feature", "properties": {"contour_id": "flood_0395", "area_ha": 0.48, "pair_id": "flood_2019_07_amur__blagoveshchensk", "layer": "flood", "aoi_name": "Благовещенск — слияние Амура и Зеи", "event_name": "Паводок в Приамурье, июль 2019", "date_peak": "2019-07-25"}, "geometry": {"type": "Polygon", "coordinates": [[[127.70369150585975, 50.33192368024417], [127.70314187361448, 50.331467852760646], [127.70399201086839, 50.33120751346632], [127.7045440934839, 50.33157342462991], [127.70369150585975, 50.33192368024417]]]}}, {"id": "395", "type": "Feature", "properties": {"contour_id": "flood_0396", "area_ha": 0.47, "pair_id": "flood_2019_07_amur__blagoveshchensk", "layer": "flood", "aoi_name": "Благовещенск — слияние Амура и Зеи", "event_name": "Паводок в Приамурье, июль 2019", "date_peak": "2019-07-25"}, "geometry": {"type": "Polygon", "coordinates": [[[127.61527704089983, 50.33306283527065], [127.61514441666458, 50.33279143505231], [127.61443947515822, 50.33287297633722], [127.61375546373917, 50.332235241276436], [127.61249391111359, 50.332130252338644], [127.61250176766394, 50.33186052543414], [127.61222346228223, 50.331767263545224], [127.61528749561153, 50.33270319902979], [127.61527704089983, 50.33306283527065]]]}}, {"id": "396", "type": "Feature", "properties": {"contour_id": "flood_0397", "area_ha": 0.47, "pair_id": "flood_2019_07_amur__blagoveshchensk", "layer": "flood", "aoi_name": "Благовещенск — слияние Амура и Зеи", "event_name": "Паводок в Приамурье, июль 2019", "date_peak": "2019-07-25"}, "geometry": {"type": "Polygon", "coordinates": [[[127.59638008357997, 50.30675348432046], [127.59625293176765, 50.306302245366325], [127.59555100136053, 50.30629376674028], [127.59583706922898, 50.30611734123671], [127.59541591265241, 50.30611225307656], [127.5950053538757, 50.30574752857753], [127.5966793827448, 50.30612751298139], [127.59680389208867, 50.306668660274106], [127.59638008357997, 50.30675348432046]]]}}, {"id": "397", "type": "Feature", "properties": {"contour_id": "flood_0398", "area_ha": 0.47, "pair_id": "flood_2019_07_amur__blagoveshchensk", "layer": "flood", "aoi_name": "Благовещенск — слияние Амура и Зеи", "event_name": "Паводок в Приамурье, июль 2019", "date_peak": "2019-07-25"}, "geometry": {"type": "Polygon", "coordinates": [[[127.72283812331318, 50.41433970561422], [127.72285262914211, 50.41380023526726], [127.72455806043301, 50.413189378120876], [127.72454840305018, 50.41354902530151], [127.72384485235217, 50.41354130943401], [127.72326992803181, 50.4139846923995], [127.7232626774946, 50.41425442761491], [127.72283812331318, 50.41433970561422]]]}}, {"id": "398", "type": "Feature", "properties": {"contour_id": "flood_0399", "area_ha": 0.47, "pair_id": "flood_2019_07_amur__blagoveshchensk", "layer": "flood", "aoi_name": "Благовещенск — слияние Амура и Зеи", "event_name": "Паводок в Приамурье, июль 2019", "date_peak": "2019-07-25"}, "geometry": {"type": "Polygon", "coordinates": [[[127.61923094649255, 50.332390338270905], [127.61924137110924, 50.3320307013885], [127.6196627610153, 50.33203570509857], [127.62009717356634, 50.331591160986584], [127.62122347263124, 50.3315145831614], [127.6212156655528, 50.33178431107452], [127.62037028578025, 50.331864222687976], [127.62064079760863, 50.33222719303511], [127.61980322434377, 50.332037372662676], [127.6195118752027, 50.332393674289584], [127.61923094649255, 50.332390338270905]], [[127.62009456908758, 50.33168107024866], [127.62037288975561, 50.33177431341832], [127.62037549371776, 50.33168440414716], [127.62009456908758, 50.33168107024866]]]}}, {"id": "399", "type": "Feature", "properties": {"contour_id": "flood_0400", "area_ha": 0.47, "pair_id": "flood_2019_07_amur__blagoveshchensk", "layer": "flood", "aoi_name": "Благовещенск — слияние Амура и Зеи", "event_name": "Паводок в Приамурье, июль 2019", "date_peak": "2019-07-25"}, "geometry": {"type": "Polygon", "coordinates": [[[127.48158594008153, 50.1584343310944], [127.48033213268688, 50.15823804267226], [127.48034068454784, 50.15796832345956], [127.47993225793206, 50.157603203070224], [127.48047777824713, 50.15806006114094], [127.48257694455489, 50.15808751004796], [127.48257125169235, 50.15826732304049], [127.48158594008153, 50.1584343310944]]]}}, {"id": "400", "type": "Feature", "properties": {"contour_id": "flood_0401", "area_ha": 0.47, "pair_id": "flood_2019_07_amur__blagoveshchensk", "layer": "flood", "aoi_name": "Благовещенск — слияние Амура и Зеи", "event_name": "Паводок в Приамурье, июль 2019", "date_peak": "2019-07-25"}, "geometry": {"type": "Polygon", "coordinates": [[[127.69123044547403, 50.26378929352811], [127.6912403025975, 50.263429641758094], [127.6909647010271, 50.26324665627429], [127.6916684896967, 50.26316464101557], [127.69167587992045, 50.262894902114006], [127.69295794434466, 50.26218980297882], [127.69123044547403, 50.26378929352811]], [[127.69124276684715, 50.263339728811886], [127.69138056817269, 50.26343122130922], [127.6913830321584, 50.263341308357994], [127.69124276684715, 50.263339728811886]]]}}, {"id": "401", "type": "Feature", "properties": {"contour_id": "flood_0402", "area_ha": 0.47, "pair_id": "flood_2019_07_amur__blagoveshchensk", "layer": "flood", "aoi_name": "Благовещенск — слияние Амура и Зеи", "event_name": "Паводок в Приамурье, июль 2019", "date_peak": "2019-07-25"}, "geometry": {"type": "Polygon", "coordinates": [[[127.75100408663306, 50.38163815538126], [127.75101589460158, 50.38118858934371], [127.75200492516657, 50.38101932897908], [127.75215497812663, 50.38066118471477], [127.75228851512014, 50.38093243306605], [127.75285569194678, 50.38075863913874], [127.75255323491942, 50.38156484256377], [127.7522837968234, 50.3811122595806], [127.75186194982744, 50.381107733293845], [127.75100408663306, 50.38163815538126]]]}}, {"id": "402", "type": "Feature", "properties": {"contour_id": "flood_0403", "area_ha": 0.46, "pair_id": "flood_2019_07_amur__blagoveshchensk", "layer": "flood", "aoi_name": "Благовещенск — слияние Амура и Зеи", "event_name": "Паводок в Приамурье, июль 2019", "date_peak": "2019-07-25"}, "geometry": {"type": "Polygon", "coordinates": [[[127.56358173412751, 50.23466946992709], [127.56358713774009, 50.23448965274933], [127.56400765726633, 50.23449485086641], [127.56401576021163, 50.23422512503901], [127.56485679489175, 50.234235516610426], [127.56486489297215, 50.23396579067064], [127.56570592340293, 50.2339761760581], [127.56571401661856, 50.233706450005975], [127.56669521387776, 50.23371855848527], [127.56358173412751, 50.23466946992709]]]}}, {"id": "403", "type": "Feature", "properties": {"contour_id": "flood_0404", "area_ha": 0.46, "pair_id": "flood_2019_07_amur__blagoveshchensk", "layer": "flood", "aoi_name": "Благовещенск — слияние Амура и Зеи", "event_name": "Паводок в Приамурье, июль 2019", "date_peak": "2019-07-25"}, "geometry": {"type": "Polygon", "coordinates": [[[127.67232678419404, 50.25736894626875], [127.6721940362029, 50.25709760680423], [127.6736139739333, 50.25648423620991], [127.67360398653696, 50.25684388586431], [127.67318325088219, 50.25683908280093], [127.67317326011752, 50.2571987323706], [127.67275501991249, 50.25710401534862], [127.67288777112017, 50.257375354197336], [127.67232678419404, 50.25736894626875]]]}}, {"id": "404", "type": "Feature", "properties": {"contour_id": "flood_0405", "area_ha": 0.46, "pair_id": "flood_2019_07_amur__blagoveshchensk", "layer": "flood", "aoi_name": "Благовещенск — слияние Амура и Зеи", "event_name": "Паводок в Приамурье, июль 2019", "date_peak": "2019-07-25"}, "geometry": {"type": "Polygon", "coordinates": [[[127.72939388987463, 50.33760377037246], [127.7287058602694, 50.33705661340864], [127.72900122542092, 50.336520206310624], [127.72928219095586, 50.336523277317454], [127.72941307931409, 50.33688446519207], [127.72912251489191, 50.33724104704871], [127.72996302681169, 50.33734017041509], [127.7299558338611, 50.337609909905055], [127.72939388987463, 50.33760377037246]]]}}, {"id": "405", "type": "Feature", "properties": {"contour_id": "flood_0406", "area_ha": 0.46, "pair_id": "flood_2019_07_amur__blagoveshchensk", "layer": "flood", "aoi_name": "Благовещенск — слияние Амура и Зеи", "event_name": "Паводок в Приамурье, июль 2019", "date_peak": "2019-07-25"}, "geometry": {"type": "Polygon", "coordinates": [[[127.76230786976748, 50.21734920423641], [127.76232415611024, 50.21671979119365], [127.76150198657953, 50.21599150198471], [127.76220263803899, 50.21599896901424], [127.76219565774163, 50.21626871749126], [127.76261605112798, 50.216273195724035], [127.76258813835501, 50.21735218966954], [127.76230786976748, 50.21734920423641]]]}}, {"id": "406", "type": "Feature", "properties": {"contour_id": "flood_0407", "area_ha": 0.46, "pair_id": "flood_2019_07_amur__blagoveshchensk", "layer": "flood", "aoi_name": "Благовещенск — слияние Амура и Зеи", "event_name": "Паводок в Приамурье, июль 2019", "date_peak": "2019-07-25"}, "geometry": {"type": "Polygon", "coordinates": [[[127.77548212866986, 50.37056619447579], [127.7753554309436, 50.37002522891424], [127.77579106621565, 50.36949018392696], [127.77565511168167, 50.3693088755366], [127.77593627577814, 50.36931183520873], [127.7761943098759, 50.370213936629995], [127.775772555712, 50.3702094977454], [127.77548212866986, 50.37056619447579]]]}}, {"id": "407", "type": "Feature", "properties": {"contour_id": "flood_0408", "area_ha": 0.46, "pair_id": "flood_2019_07_amur__blagoveshchensk", "layer": "flood", "aoi_name": "Благовещенск — слияние Амура и Зеи", "event_name": "Паводок в Приамурье, июль 2019", "date_peak": "2019-07-25"}, "geometry": {"type": "Polygon", "coordinates": [[[127.5449616026138, 50.16455234794686], [127.54484347727556, 50.16383132267711], [127.54512340780202, 50.16383482991232], [127.54512886711862, 50.16365501199416], [127.54582323435989, 50.1638435950497], [127.54554057480344, 50.16392999847407], [127.54581232080857, 50.16420323097904], [127.54552965909781, 50.16428963435293], [127.54552147217355, 50.16455936124624], [127.5449616026138, 50.16455234794686]]]}}, {"id": "408", "type": "Feature", "properties": {"contour_id": "flood_0409", "area_ha": 0.46, "pair_id": "flood_2019_07_amur__blagoveshchensk", "layer": "flood", "aoi_name": "Благовещенск — слияние Амура и Зеи", "event_name": "Паводок в Приамурье, июль 2019", "date_peak": "2019-07-25"}, "geometry": {"type": "Polygon", "coordinates": [[[127.68433899887661, 50.320373880956865], [127.68519895957361, 50.3197540305316], [127.68631992878034, 50.31985664265162], [127.68518159522236, 50.320383413461514], [127.68433899887661, 50.320373880956865]]]}}, {"id": "409", "type": "Feature", "properties": {"contour_id": "flood_0410", "area_ha": 0.46, "pair_id": "flood_2019_07_amur__blagoveshchensk", "layer": "flood", "aoi_name": "Благовещенск — слияние Амура и Зеи", "event_name": "Паводок в Приамурье, июль 2019", "date_peak": "2019-07-25"}, "geometry": {"type": "Polygon", "coordinates": [[[127.67580368597628, 50.263524595151836], [127.67567339525742, 50.26316334726272], [127.67624192838908, 50.262900002339215], [127.67653740602462, 50.262363722885404], [127.67724618574347, 50.26210197016424], [127.67637969937742, 50.26299151239425], [127.676372222741, 50.2632612496352], [127.67580368597628, 50.263524595151836]]]}}, {"id": "410", "type": "Feature", "properties": {"contour_id": "flood_0411", "area_ha": 0.45, "pair_id": "flood_2019_07_amur__blagoveshchensk", "layer": "flood", "aoi_name": "Благовещенск — слияние Амура и Зеи", "event_name": "Паводок в Приамурье, июль 2019", "date_peak": "2019-07-25"}, "geometry": {"type": "Polygon", "coordinates": [[[127.67739738884154, 50.37812623051513], [127.67740238974626, 50.37794640918636], [127.67852470940863, 50.37804910607256], [127.67868030012116, 50.37751123929853], [127.6792427041557, 50.377517627529784], [127.6793758151666, 50.37778895638906], [127.6793708217502, 50.377968777865796], [127.67866281391127, 50.37814061429488], [127.67739738884154, 50.37812623051513]]]}}, {"id": "411", "type": "Feature", "properties": {"contour_id": "flood_0412", "area_ha": 0.45, "pair_id": "flood_2019_07_amur__blagoveshchensk", "layer": "flood", "aoi_name": "Благовещенск — слияние Амура и Зеи", "event_name": "Паводок в Приамурье, июль 2019", "date_peak": "2019-07-25"}, "geometry": {"type": "Polygon", "coordinates": [[[127.47216086984858, 50.26516298655063], [127.47217813065934, 50.264623560139704], [127.47344043329592, 50.26464014938751], [127.47343181007989, 50.264909862757634], [127.47301104002858, 50.26490433447851], [127.4730024143068, 50.26517404778237], [127.47216086984858, 50.26516298655063]]]}}, {"id": "412", "type": "Feature", "properties": {"contour_id": "flood_0413", "area_ha": 0.45, "pair_id": "flood_2019_07_amur__blagoveshchensk", "layer": "flood", "aoi_name": "Благовещенск — слияние Амура и Зеи", "event_name": "Паводок в Приамурье, июль 2019", "date_peak": "2019-07-25"}, "geometry": {"type": "Polygon", "coordinates": [[[127.5904226848042, 50.30875003367377], [127.59001480133198, 50.30829538335617], [127.58959096672943, 50.308380182403596], [127.5894638753039, 50.30792893664858], [127.58890231343238, 50.30792212113805], [127.58890763561377, 50.30774230426116], [127.59016848666354, 50.307847543737175], [127.59015785171627, 50.30820717767348], [127.5905710518737, 50.3084820105184], [127.5904226848042, 50.30875003367377]]]}}, {"id": "413", "type": "Feature", "properties": {"contour_id": "flood_0414", "area_ha": 0.45, "pair_id": "flood_2019_07_amur__blagoveshchensk", "layer": "flood", "aoi_name": "Благовещенск — слияние Амура и Зеи", "event_name": "Паводок в Приамурье, июль 2019", "date_peak": "2019-07-25"}, "geometry": {"type": "Polygon", "coordinates": [[[127.74961402094573, 50.25786648019221], [127.74948318507478, 50.25750531072178], [127.75033410348557, 50.25715470255159], [127.75019855858437, 50.25697336405415], [127.7506193081515, 50.25697788833278], [127.75105181337753, 50.256532835354726], [127.7513299600228, 50.25662576479072], [127.74961402094573, 50.25786648019221]]]}}, {"id": "414", "type": "Feature", "properties": {"contour_id": "flood_0415", "area_ha": 0.44, "pair_id": "flood_2019_07_amur__blagoveshchensk", "layer": "flood", "aoi_name": "Благовещенск — слияние Амура и Зеи", "event_name": "Паводок в Приамурье, июль 2019", "date_peak": "2019-07-25"}, "geometry": {"type": "Polygon", "coordinates": [[[127.59637268225573, 50.163746011145825], [127.59553550872235, 50.16364594701856], [127.59556712883489, 50.16256701566535], [127.59596858353417, 50.16320146957201], [127.59652055014506, 50.16347796982799], [127.59637268225573, 50.163746011145825]]]}}, {"id": "415", "type": "Feature", "properties": {"contour_id": "flood_0416", "area_ha": 0.44, "pair_id": "flood_2019_07_amur__blagoveshchensk", "layer": "flood", "aoi_name": "Благовещенск — слияние Амура и Зеи", "event_name": "Паводок в Приамурье, июль 2019", "date_peak": "2019-07-25"}, "geometry": {"type": "Polygon", "coordinates": [[[127.61152453671546, 50.23516234957653], [127.61154281833221, 50.234532976482164], [127.61196334692568, 50.23453800106849], [127.61200250778013, 50.23318934395157], [127.61256319694978, 50.23319604071486], [127.61227502198635, 50.23346242415348], [127.61240736539484, 50.23373382976037], [127.6121217967416, 50.23391030227605], [127.61224630967679, 50.23445143947289], [127.61152453671546, 50.23516234957653]]]}}, {"id": "416", "type": "Feature", "properties": {"contour_id": "flood_0417", "area_ha": 0.44, "pair_id": "flood_2019_07_amur__blagoveshchensk", "layer": "flood", "aoi_name": "Благовещенск — слияние Амура и Зеи", "event_name": "Паводок в Приамурье, июль 2019", "date_peak": "2019-07-25"}, "geometry": {"type": "Polygon", "coordinates": [[[127.77444938393037, 50.37244402593447], [127.7743319602073, 50.37154340287095], [127.77476067360156, 50.37127810455791], [127.77518012200957, 50.37137246136349], [127.7753137656431, 50.37164368445996], [127.77488968329648, 50.37172915646071], [127.77488273628394, 50.371998898958466], [127.77460155641862, 50.37199593662598], [127.77473288243498, 50.37235707450141], [127.77444938393037, 50.37244402593447]], [[127.77461313736983, 50.371546365836025], [127.7747514100676, 50.37163776122935], [127.77475372596871, 50.3715478470637], [127.77461313736983, 50.371546365836025]]]}}, {"id": "417", "type": "Feature", "properties": {"contour_id": "flood_0418", "area_ha": 0.44, "pair_id": "flood_2019_07_amur__blagoveshchensk", "layer": "flood", "aoi_name": "Благовещенск — слияние Амура и Зеи", "event_name": "Паводок в Приамурье, июль 2019", "date_peak": "2019-07-25"}, "geometry": {"type": "Polygon", "coordinates": [[[127.56247018530009, 50.13167127434837], [127.56251059469162, 50.13032262198717], [127.56265046327931, 50.130324353565335], [127.56316954801756, 50.13167993096654], [127.56247018530009, 50.13167127434837]]]}}, {"id": "418", "type": "Feature", "properties": {"contour_id": "flood_0419", "area_ha": 0.43, "pair_id": "flood_2019_07_amur__blagoveshchensk", "layer": "flood", "aoi_name": "Благовещенск — слияние Амура и Зеи", "event_name": "Паводок в Приамурье, июль 2019", "date_peak": "2019-07-25"}, "geometry": {"type": "Polygon", "coordinates": [[[127.55009893300331, 50.2399884640292], [127.54983219704519, 50.2395354251392], [127.55096732432308, 50.23909987706759], [127.55095096825488, 50.23963932515672], [127.55009893300331, 50.2399884640292]], [[127.55054131315264, 50.23927444741877], [127.55067877300833, 50.23936610415387], [127.5506814995398, 50.23927619614934], [127.55054131315264, 50.23927444741877]]]}}, {"id": "419", "type": "Feature", "properties": {"contour_id": "flood_0420", "area_ha": 0.43, "pair_id": "flood_2019_07_amur__blagoveshchensk", "layer": "flood", "aoi_name": "Благовещенск — слияние Амура и Зеи", "event_name": "Паводок в Приамурье, июль 2019", "date_peak": "2019-07-25"}, "geometry": {"type": "Polygon", "coordinates": [[[127.56697555607477, 50.23372201652952], [127.56698364205496, 50.233452290315775], [127.5678246642321, 50.23346266029316], [127.56783274534786, 50.23319293396725], [127.56979512127448, 50.23321710668726], [127.56697555607477, 50.23372201652952]]]}}, {"id": "420", "type": "Feature", "properties": {"contour_id": "flood_0421", "area_ha": 0.43, "pair_id": "flood_2019_07_amur__blagoveshchensk", "layer": "flood", "aoi_name": "Благовещенск — слияние Амура и Зеи", "event_name": "Паводок в Приамурье, июль 2019", "date_peak": "2019-07-25"}, "geometry": {"type": "Polygon", "coordinates": [[[127.72270034084016, 50.309469273719586], [127.72244362973512, 50.30856705457731], [127.7226129380996, 50.307489637102606], [127.7228720555324, 50.30830194264665], [127.72271479437136, 50.308929793621964], [127.7231287734281, 50.309204160933795], [127.7231215489891, 50.30947390101998], [127.72270034084016, 50.309469273719586]]]}}, {"id": "421", "type": "Feature", "properties": {"contour_id": "flood_0422", "area_ha": 0.43, "pair_id": "flood_2019_07_amur__blagoveshchensk", "layer": "flood", "aoi_name": "Благовещенск — слияние Амура и Зеи", "event_name": "Паводок в Приамурье, июль 2019", "date_peak": "2019-07-25"}, "geometry": {"type": "Polygon", "coordinates": [[[127.73775133124781, 50.35100580133477], [127.73692726070148, 50.35027734016529], [127.73693918845501, 50.349827774115056], [127.73777755546587, 50.350016755786086], [127.73775133124781, 50.35100580133477]]]}}, {"id": "422", "type": "Feature", "properties": {"contour_id": "flood_0423", "area_ha": 0.43, "pair_id": "flood_2019_07_amur__blagoveshchensk", "layer": "flood", "aoi_name": "Благовещенск — слияние Амура и Зеи", "event_name": "Паводок в Приамурье, июль 2019", "date_peak": "2019-07-25"}, "geometry": {"type": "Polygon", "coordinates": [[[127.585669787762, 50.227475267915125], [127.58555091233647, 50.22675428517289], [127.58527326900466, 50.22666096272162], [127.58528390998745, 50.22630132446964], [127.58570170203907, 50.22639635305451], [127.5856910641623, 50.22675599136542], [127.58624369621124, 50.22703254322793], [127.58609024964035, 50.22748038560857], [127.585669787762, 50.227475267915125]]]}}, {"id": "423", "type": "Feature", "properties": {"contour_id": "flood_0424", "area_ha": 0.42, "pair_id": "flood_2019_07_amur__blagoveshchensk", "layer": "flood", "aoi_name": "Благовещенск — слияние Амура и Зеи", "event_name": "Паводок в Приамурье, июль 2019", "date_peak": "2019-07-25"}, "geometry": {"type": "Polygon", "coordinates": [[[127.60129011117434, 50.32129309915109], [127.59891072390953, 50.3209946259076], [127.60073366910163, 50.32110652209475], [127.60116551595142, 50.32075195725161], [127.60186766094418, 50.32076040372794], [127.60116023755923, 50.32093177466859], [127.60129011117434, 50.32129309915109]]]}}, {"id": "424", "type": "Feature", "properties": {"contour_id": "flood_0425", "area_ha": 0.42, "pair_id": "flood_2019_07_amur__blagoveshchensk", "layer": "flood", "aoi_name": "Благовещенск — слияние Амура и Зеи", "event_name": "Паводок в Приамурье, июль 2019", "date_peak": "2019-07-25"}, "geometry": {"type": "Polygon", "coordinates": [[[127.53374391781358, 50.39349241387259], [127.53361714692905, 50.393041116157455], [127.53418801782838, 50.392778492433756], [127.53502907202844, 50.39287902894926], [127.53445266019939, 50.39332146675354], [127.53374391781358, 50.39349241387259]]]}}, {"id": "425", "type": "Feature", "properties": {"contour_id": "flood_0426", "area_ha": 0.42, "pair_id": "flood_2019_07_amur__blagoveshchensk", "layer": "flood", "aoi_name": "Благовещенск — слияние Амура и Зеи", "event_name": "Паводок в Приамурье, июль 2019", "date_peak": "2019-07-25"}, "geometry": {"type": "Polygon", "coordinates": [[[127.68095127648246, 50.26511212870349], [127.68011462780699, 50.264922748074575], [127.68137705227369, 50.264937079083055], [127.68266676339343, 50.263962357560224], [127.68265684152097, 50.264322008062145], [127.68237630613103, 50.26431882769516], [127.68222611321407, 50.26467688767542], [127.68095127648246, 50.26511212870349]]]}}, {"id": "426", "type": "Feature", "properties": {"contour_id": "flood_0427", "area_ha": 0.42, "pair_id": "flood_2019_07_amur__blagoveshchensk", "layer": "flood", "aoi_name": "Благовещенск — слияние Амура и Зеи", "event_name": "Паводок в Приамурье, июль 2019", "date_peak": "2019-07-25"}, "geometry": {"type": "Polygon", "coordinates": [[[127.71827932765035, 50.374626650155136], [127.71845383782347, 50.37336942884435], [127.71887318910524, 50.37346398798751], [127.7189992517571, 50.37400500992768], [127.71827932765035, 50.374626650155136]]]}}, {"id": "427", "type": "Feature", "properties": {"contour_id": "flood_0428", "area_ha": 0.42, "pair_id": "flood_2019_07_amur__blagoveshchensk", "layer": "flood", "aoi_name": "Благовещенск — слияние Амура и Зеи", "event_name": "Паводок в Приамурье, июль 2019", "date_peak": "2019-07-25"}, "geometry": {"type": "Polygon", "coordinates": [[[127.41019976403598, 50.25075045356826], [127.4100685297127, 50.25047882916142], [127.41034894998079, 50.25048266595645], [127.41050710817142, 50.24994517213651], [127.41119918128004, 50.25022446621704], [127.41104701057863, 50.25058215699781], [127.41019976403598, 50.25075045356826]]]}}, {"id": "428", "type": "Feature", "properties": {"contour_id": "flood_0429", "area_ha": 0.42, "pair_id": "flood_2019_07_amur__blagoveshchensk", "layer": "flood", "aoi_name": "Благовещенск — слияние Амура и Зеи", "event_name": "Паводок в Приамурье, июль 2019", "date_peak": "2019-07-25"}, "geometry": {"type": "Polygon", "coordinates": [[[127.66155577101286, 50.33630300169344], [127.66156335093046, 50.33603326948202], [127.66395903740758, 50.33579100366685], [127.66352499203055, 50.336235714275716], [127.66184177995824, 50.33612641414889], [127.66155577101286, 50.33630300169344]]]}}, {"id": "429", "type": "Feature", "properties": {"contour_id": "flood_0430", "area_ha": 0.42, "pair_id": "flood_2019_07_amur__blagoveshchensk", "layer": "flood", "aoi_name": "Благовещенск — слияние Амура и Зеи", "event_name": "Паводок в Приамурье, июль 2019", "date_peak": "2019-07-25"}, "geometry": {"type": "Polygon", "coordinates": [[[127.57705606126801, 50.15883390361013], [127.5770774152267, 50.15811462119789], [127.57669227224098, 50.156940642113675], [127.57725206070124, 50.15694750172205], [127.57705606126801, 50.15883390361013]]]}}, {"id": "430", "type": "Feature", "properties": {"contour_id": "flood_0431", "area_ha": 0.42, "pair_id": "flood_2019_07_amur__blagoveshchensk", "layer": "flood", "aoi_name": "Благовещенск — слияние Амура и Зеи", "event_name": "Паводок в Приамурье, июль 2019", "date_peak": "2019-07-25"}, "geometry": {"type": "Polygon", "coordinates": [[[127.60319627049851, 50.328151487263185], [127.60292327840055, 50.327878386040545], [127.60307954584734, 50.32734062166543], [127.60362816412473, 50.327796914068124], [127.60432514588734, 50.32798516396328], [127.60319627049851, 50.328151487263185]]]}}, {"id": "431", "type": "Feature", "properties": {"contour_id": "flood_0432", "area_ha": 0.42, "pair_id": "flood_2019_07_amur__blagoveshchensk", "layer": "flood", "aoi_name": "Благовещенск — слияние Амура и Зеи", "event_name": "Паводок в Приамурье, июль 2019", "date_peak": "2019-07-25"}, "geometry": {"type": "Polygon", "coordinates": [[[127.64313746759508, 50.198389905168256], [127.64314256542914, 50.19821008076742], [127.64230468627451, 50.198110348684196], [127.64217481780126, 50.197749062766235], [127.64301523946581, 50.197758883535265], [127.64314511432681, 50.198120168564756], [127.643842923809, 50.19821825938424], [127.64313746759508, 50.198389905168256]]]}}, {"id": "432", "type": "Feature", "properties": {"contour_id": "flood_0433", "area_ha": 0.41, "pair_id": "flood_2019_07_amur__blagoveshchensk", "layer": "flood", "aoi_name": "Благовещенск — слияние Амура и Зеи", "event_name": "Паводок в Приамурье, июль 2019", "date_peak": "2019-07-25"}, "geometry": {"type": "Polygon", "coordinates": [[[127.79778225836098, 50.26709895246487], [127.79779357808626, 50.26664936966241], [127.79962853107484, 50.266218636723366], [127.79933892802967, 50.26657540507741], [127.79892034803379, 50.26648113996548], [127.7987732815388, 50.26674943991999], [127.79778225836098, 50.26709895246487]], [[127.7980741396079, 50.26665227155502], [127.79821215725588, 50.266743638824664], [127.79821442038595, 50.26665372224742], [127.7980741396079, 50.26665227155502]], [[127.79835696403002, 50.26656525618723], [127.79849498197642, 50.26665662312442], [127.798497244567, 50.266566706536494], [127.79835696403002, 50.26656525618723]]]}}, {"id": "433", "type": "Feature", "properties": {"contour_id": "flood_0434", "area_ha": 0.41, "pair_id": "flood_2019_07_amur__blagoveshchensk", "layer": "flood", "aoi_name": "Благовещенск — слияние Амура и Зеи", "event_name": "Паводок в Приамурье, июль 2019", "date_peak": "2019-07-25"}, "geometry": {"type": "Polygon", "coordinates": [[[127.47476010094717, 50.15735549737713], [127.47462588157029, 50.157173846873874], [127.47589393082383, 50.156920665308405], [127.47701060005487, 50.15702525966947], [127.47700488652916, 50.15720507223092], [127.47644226244687, 50.15728763572569], [127.47476010094717, 50.15735549737713]]]}}, {"id": "434", "type": "Feature", "properties": {"contour_id": "flood_0435", "area_ha": 0.41, "pair_id": "flood_2019_07_amur__blagoveshchensk", "layer": "flood", "aoi_name": "Благовещенск — слияние Амура и Зеи", "event_name": "Паводок в Приамурье, июль 2019", "date_peak": "2019-07-25"}, "geometry": {"type": "Polygon", "coordinates": [[[127.36529832300059, 50.26343900557193], [127.36475889458434, 50.26280181405396], [127.36490529473377, 50.262623987977946], [127.36587776374068, 50.26290749707205], [127.36557881317988, 50.263442951119444], [127.36529832300059, 50.26343900557193]]]}}, {"id": "435", "type": "Feature", "properties": {"contour_id": "flood_0436", "area_ha": 0.41, "pair_id": "flood_2019_07_amur__blagoveshchensk", "layer": "flood", "aoi_name": "Благовещенск — слияние Амура и Зеи", "event_name": "Паводок в Приамурье, июль 2019", "date_peak": "2019-07-25"}, "geometry": {"type": "Polygon", "coordinates": [[[127.72879153165424, 50.38121761883767], [127.72865572460333, 50.38103625696643], [127.72907997022395, 50.38095095494865], [127.72908958217792, 50.380591305109], [127.72979024514069, 50.38068889813882], [127.72977583503409, 50.3812283730268], [127.72879153165424, 50.38121761883767]]]}}, {"id": "436", "type": "Feature", "properties": {"contour_id": "flood_0437", "area_ha": 0.41, "pair_id": "flood_2019_07_amur__blagoveshchensk", "layer": "flood", "aoi_name": "Благовещенск — слияние Амура и Зеи", "event_name": "Паводок в Приамурье, июль 2019", "date_peak": "2019-07-25"}, "geometry": {"type": "Polygon", "coordinates": [[[127.72032302357582, 50.43454814530643], [127.71992980589232, 50.43346456383083], [127.71936673023501, 50.43345836737543], [127.71937158199131, 50.43327854476989], [127.72007784845626, 50.43319637853477], [127.7200705748375, 50.43346611251905], [127.72062638020941, 50.43374203959927], [127.72032302357582, 50.43454814530643]]]}}, {"id": "437", "type": "Feature", "properties": {"contour_id": "flood_0438", "area_ha": 0.41, "pair_id": "flood_2019_07_amur__blagoveshchensk", "layer": "flood", "aoi_name": "Благовещенск — слияние Амура и Зеи", "event_name": "Паводок в Приамурье, июль 2019", "date_peak": "2019-07-25"}, "geometry": {"type": "Polygon", "coordinates": [[[127.74053788558409, 50.34662899940889], [127.74054264246968, 50.34644917263006], [127.74012348373307, 50.3463546926495], [127.74026875398197, 50.346176388247144], [127.73971146662277, 50.34599047106753], [127.73972574617362, 50.345450990825], [127.74000676555981, 50.345454036309114], [127.74001390358116, 50.34518429613888], [127.74040926583871, 50.34617791043379], [127.7408212899282, 50.346542129583476], [127.74053788558409, 50.34662899940889]]]}}, {"id": "438", "type": "Feature", "properties": {"contour_id": "flood_0439", "area_ha": 0.41, "pair_id": "flood_2019_07_amur__blagoveshchensk", "layer": "flood", "aoi_name": "Благовещенск — слияние Амура и Зеи", "event_name": "Паводок в Приамурье, июль 2019", "date_peak": "2019-07-25"}, "geometry": {"type": "Polygon", "coordinates": [[[127.75149809410028, 50.38425167712911], [127.75123101270145, 50.38370917868985], [127.75138580241145, 50.38317120930902], [127.75167176685528, 50.3829944018353], [127.7515358671033, 50.382813066058006], [127.75181946865057, 50.38272617140019], [127.751779343972, 50.384254695838685], [127.75149809410028, 50.38425167712911]]]}}, {"id": "439", "type": "Feature", "properties": {"contour_id": "flood_0440", "area_ha": 0.4, "pair_id": "flood_2019_07_amur__blagoveshchensk", "layer": "flood", "aoi_name": "Благовещенск — слияние Амура и Зеи", "event_name": "Паводок в Приамурье, июль 2019", "date_peak": "2019-07-25"}, "geometry": {"type": "Polygon", "coordinates": [[[127.58214256969798, 50.24712953478113], [127.58229078449196, 50.24686151820133], [127.58270608227501, 50.24704646783727], [127.58257120568273, 50.2468649392681], [127.58285429365533, 50.24677845050601], [127.58257654017926, 50.24668512098347], [127.58313738061399, 50.2466919610443], [127.5834311290086, 50.24624583415955], [127.5834044724785, 50.247144925922996], [127.58214256969798, 50.24712953478113]]]}}, {"id": "440", "type": "Feature", "properties": {"contour_id": "flood_0441", "area_ha": 0.4, "pair_id": "flood_2019_07_amur__blagoveshchensk", "layer": "flood", "aoi_name": "Благовещенск — слияние Амура и Зеи", "event_name": "Паводок в Приамурье, июль 2019", "date_peak": "2019-07-25"}, "geometry": {"type": "Polygon", "coordinates": [[[127.37721418721826, 50.288520183059774], [127.37622889039194, 50.28859636391397], [127.37624419007209, 50.28814686445821], [127.37750705666438, 50.28816450146848], [127.37721418721826, 50.288520183059774]]]}}, {"id": "441", "type": "Feature", "properties": {"contour_id": "flood_0442", "area_ha": 0.4, "pair_id": "flood_2019_07_amur__blagoveshchensk", "layer": "flood", "aoi_name": "Благовещенск — слияние Амура и Зеи", "event_name": "Паводок в Приамурье, июль 2019", "date_peak": "2019-07-25"}, "geometry": {"type": "Polygon", "coordinates": [[[127.68558266614306, 50.265074662823785], [127.68559751622365, 50.2645351864987], [127.6858805276888, 50.264448446364845], [127.68546219818509, 50.26435377450017], [127.68588300211789, 50.26435853362724], [127.68617590745384, 50.263912141771804], [127.68645644088264, 50.263915312949784], [127.68629638521408, 50.26463302948482], [127.68601337338465, 50.26471977062609], [127.68614869454031, 50.26490118199613], [127.68558266614306, 50.265074662823785]]]}}, {"id": "442", "type": "Feature", "properties": {"contour_id": "flood_0443", "area_ha": 0.4, "pair_id": "flood_2019_07_amur__blagoveshchensk", "layer": "flood", "aoi_name": "Благовещенск — слияние Амура и Зеи", "event_name": "Паводок в Приамурье, июль 2019", "date_peak": "2019-07-25"}, "geometry": {"type": "Polygon", "coordinates": [[[127.51253224965288, 50.248417885269255], [127.51409414311085, 50.2478082741694], [127.51450917973457, 50.247993465238025], [127.51393715504832, 50.24834591942407], [127.51253224965288, 50.248417885269255]]]}}, {"id": "443", "type": "Feature", "properties": {"contour_id": "flood_0444", "area_ha": 0.4, "pair_id": "flood_2019_07_amur__blagoveshchensk", "layer": "flood", "aoi_name": "Благовещенск — слияние Амура и Зеи", "event_name": "Паводок в Приамурье, июль 2019", "date_peak": "2019-07-25"}, "geometry": {"type": "Polygon", "coordinates": [[[127.61946757722814, 50.333922130952686], [127.61975893627603, 50.33356582960743], [127.62088788572987, 50.33339934620664], [127.6208930919973, 50.33321952767439], [127.6221546937529, 50.33332442583751], [127.62214949222788, 50.3335042444619], [127.62102835315115, 50.33340101232339], [127.61946757722814, 50.333922130952686]]]}}, {"id": "444", "type": "Feature", "properties": {"contour_id": "flood_0445", "area_ha": 0.4, "pair_id": "flood_2019_07_amur__blagoveshchensk", "layer": "flood", "aoi_name": "Благовещенск — слияние Амура и Зеи", "event_name": "Паводок в Приамурье, июль 2019", "date_peak": "2019-07-25"}, "geometry": {"type": "Polygon", "coordinates": [[[127.80238405241411, 50.26264946520028], [127.80139991123093, 50.262729259350166], [127.80168721889727, 50.26246240210973], [127.80127092705546, 50.262278228868816], [127.80142022208025, 50.26192000859569], [127.80184102326675, 50.26192434775595], [127.80196775622326, 50.26246529443055], [127.80238405241411, 50.26264946520028]]]}}, {"id": "445", "type": "Feature", "properties": {"contour_id": "flood_0446", "area_ha": 0.4, "pair_id": "flood_2019_07_amur__blagoveshchensk", "layer": "flood", "aoi_name": "Благовещенск — слияние Амура и Зеи", "event_name": "Паводок в Приамурье, июль 2019", "date_peak": "2019-07-25"}, "geometry": {"type": "Polygon", "coordinates": [[[127.35510292302637, 50.4125990298245], [127.35540296862254, 50.41206362626538], [127.3559719227776, 50.41189178719991], [127.35583746454499, 50.41171000458502], [127.35654398347914, 50.41163004821376], [127.35639085844068, 50.41198764875256], [127.3558219045962, 50.41215948986816], [127.35581256843713, 50.412429181019604], [127.35510292302637, 50.4125990298245]]]}}, {"id": "446", "type": "Feature", "properties": {"contour_id": "flood_0447", "area_ha": 0.4, "pair_id": "flood_2019_07_amur__blagoveshchensk", "layer": "flood", "aoi_name": "Благовещенск — слияние Амура и Зеи", "event_name": "Паводок в Приамурье, июль 2019", "date_peak": "2019-07-25"}, "geometry": {"type": "Polygon", "coordinates": [[[127.6080057811924, 50.24042680285587], [127.60802934996161, 50.23961761080827], [127.60844992265866, 50.23962264847612], [127.60845777630445, 50.23935291771869], [127.6091587271119, 50.23936131037047], [127.6080057811924, 50.24042680285587]]]}}, {"id": "447", "type": "Feature", "properties": {"contour_id": "flood_0448", "area_ha": 0.4, "pair_id": "flood_2019_07_amur__blagoveshchensk", "layer": "flood", "aoi_name": "Благовещенск — слияние Амура и Зеи", "event_name": "Паводок в Приамурье, июль 2019", "date_peak": "2019-07-25"}, "geometry": {"type": "Polygon", "coordinates": [[[127.7605751422201, 50.34360649845353], [127.76044165872283, 50.343335258329866], [127.75960097383074, 50.343236354157256], [127.75891485715849, 50.34259945925238], [127.75933402147005, 50.342693871581616], [127.75932933617113, 50.342873699765605], [127.75975318746755, 50.34278828241042], [127.7597461618519, 50.343058024722595], [127.76058918422736, 50.343067013697905], [127.76044399931655, 50.34324534420794], [127.76099665834084, 50.34361099073549], [127.7605751422201, 50.34360649845353]]]}}, {"id": "448", "type": "Feature", "properties": {"contour_id": "flood_0449", "area_ha": 0.4, "pair_id": "flood_2019_07_amur__blagoveshchensk", "layer": "flood", "aoi_name": "Благовещенск — слияние Амура и Зеи", "event_name": "Паводок в Приамурье, июль 2019", "date_peak": "2019-07-25"}, "geometry": {"type": "Polygon", "coordinates": [[[127.62385848459392, 50.332715023982566], [127.62429546123141, 50.33218055456337], [127.62500037678097, 50.33209895328588], [127.62500816252025, 50.3318292249587], [127.62599140404332, 50.3318408491134], [127.62385848459392, 50.332715023982566]]]}}, {"id": "449", "type": "Feature", "properties": {"contour_id": "flood_0450", "area_ha": 0.4, "pair_id": "flood_2019_07_amur__blagoveshchensk", "layer": "flood", "aoi_name": "Благовещенск — слияние Амура и Зеи", "event_name": "Паводок в Приамурье, июль 2019", "date_peak": "2019-07-25"}, "geometry": {"type": "Polygon", "coordinates": [[[127.70138198865564, 50.32901983879904], [127.70180826617191, 50.328844720036074], [127.70167270812787, 50.32866332699498], [127.70223698978229, 50.32857968735607], [127.70210388027003, 50.32830838247576], [127.70337288841858, 50.32814266270114], [127.7032250898586, 50.328410833267434], [127.70138198865564, 50.32901983879904]]]}}, {"id": "450", "type": "Feature", "properties": {"contour_id": "flood_0451", "area_ha": 0.4, "pair_id": "flood_2019_07_amur__blagoveshchensk", "layer": "flood", "aoi_name": "Благовещенск — слияние Амура и Зеи", "event_name": "Паводок в Приамурье, июль 2019", "date_peak": "2019-07-25"}, "geometry": {"type": "Polygon", "coordinates": [[[127.5305729351915, 50.14062611561652], [127.53016426716918, 50.140261168801835], [127.5290423456799, 50.14033690510414], [127.529045103214, 50.14024699642533], [127.5307348669012, 50.139908615947114], [127.53086099096643, 50.14035992981378], [127.53044130338354, 50.14035461894625], [127.53071834068781, 50.14044806843774], [127.5305729351915, 50.14062611561652]]]}}, {"id": "451", "type": "Feature", "properties": {"contour_id": "flood_0452", "area_ha": 0.4, "pair_id": "flood_2019_07_amur__blagoveshchensk", "layer": "flood", "aoi_name": "Благовещенск — слияние Амура и Зеи", "event_name": "Паводок в Приамурье, июль 2019", "date_peak": "2019-07-25"}, "geometry": {"type": "Polygon", "coordinates": [[[127.62666617053854, 50.29380403056849], [127.62626842122192, 50.29298986415754], [127.62598772379917, 50.29298654633329], [127.62627101049551, 50.29289995406085], [127.62628654586119, 50.292360493449245], [127.62656206229049, 50.29254363075316], [127.62641135896227, 50.29290161271362], [127.62669205593517, 50.29290492951096], [127.62681687494691, 50.293446048339575], [127.62709498740428, 50.293539274302944], [127.62708722402652, 50.29380900465183], [127.62666617053854, 50.29380403056849]]]}}, {"id": "452", "type": "Feature", "properties": {"contour_id": "flood_0453", "area_ha": 0.39, "pair_id": "flood_2019_07_amur__blagoveshchensk", "layer": "flood", "aoi_name": "Благовещенск — слияние Амура и Зеи", "event_name": "Паводок в Приамурье, июль 2019", "date_peak": "2019-07-25"}, "geometry": {"type": "Polygon", "coordinates": [[[127.68647375370624, 50.263285923552026], [127.68662885608259, 50.26274803213713], [127.68719238123265, 50.26266445871283], [127.6871997966042, 50.262394720270564], [127.68776084591666, 50.26240105686938], [127.687750962952, 50.26276070820316], [127.6870471739726, 50.26284269973569], [127.68689702081973, 50.26320076615202], [127.68647375370624, 50.263285923552026]]]}}, {"id": "453", "type": "Feature", "properties": {"contour_id": "flood_0454", "area_ha": 0.39, "pair_id": "flood_2019_07_amur__blagoveshchensk", "layer": "flood", "aoi_name": "Благовещенск — слияние Амура и Зеи", "event_name": "Паводок в Приамурье, июль 2019", "date_peak": "2019-07-25"}, "geometry": {"type": "Polygon", "coordinates": [[[127.44908020307008, 50.280237369754005], [127.44966476965217, 50.279525631858704], [127.45050072018908, 50.27971666478972], [127.45006814436591, 50.28007066525352], [127.44908020307008, 50.280237369754005]]]}}, {"id": "454", "type": "Feature", "properties": {"contour_id": "flood_0455", "area_ha": 0.39, "pair_id": "flood_2019_07_amur__blagoveshchensk", "layer": "flood", "aoi_name": "Благовещенск — слияние Амура и Зеи", "event_name": "Паводок в Приамурье, июль 2019", "date_peak": "2019-07-25"}, "geometry": {"type": "Polygon", "coordinates": [[[127.75552622016778, 50.39157986075285], [127.75483005189682, 50.391302595017876], [127.75483711743685, 50.39103285545778], [127.75582634041889, 50.39086356428288], [127.75581457388361, 50.39131313039095], [127.75552622016778, 50.39157986075285]]]}}, {"id": "455", "type": "Feature", "properties": {"contour_id": "flood_0456", "area_ha": 0.39, "pair_id": "flood_2019_07_amur__blagoveshchensk", "layer": "flood", "aoi_name": "Благовещенск — слияние Амура и Зеи", "event_name": "Паводок в Приамурье, июль 2019", "date_peak": "2019-07-25"}, "geometry": {"type": "Polygon", "coordinates": [[[127.67692913374252, 50.192483776416836], [127.67707912919036, 50.19212571745032], [127.67862470705352, 50.19196342604205], [127.67805207158155, 50.192406619684974], [127.67692913374252, 50.192483776416836]]]}}, {"id": "456", "type": "Feature", "properties": {"contour_id": "flood_0457", "area_ha": 0.39, "pair_id": "flood_2019_07_amur__blagoveshchensk", "layer": "flood", "aoi_name": "Благовещенск — слияние Амура и Зеи", "event_name": "Паводок в Приамурье, июль 2019", "date_peak": "2019-07-25"}, "geometry": {"type": "Polygon", "coordinates": [[[127.82813752207294, 50.18511352348216], [127.8281573253611, 50.18430425403834], [127.82885533130928, 50.184401234780516], [127.82883773885425, 50.18512058557047], [127.82813752207294, 50.18511352348216]]]}}, {"id": "457", "type": "Feature", "properties": {"contour_id": "flood_0458", "area_ha": 0.39, "pair_id": "flood_2019_07_amur__blagoveshchensk", "layer": "flood", "aoi_name": "Благовещенск — слияние Амура и Зеи", "event_name": "Паводок в Приамурье, июль 2019", "date_peak": "2019-07-25"}, "geometry": {"type": "Polygon", "coordinates": [[[127.75598798169284, 50.212424890600126], [127.75587124553559, 50.211524230034755], [127.75629393371182, 50.21143881481185], [127.75640834031866, 50.21242939104347], [127.75598798169284, 50.212424890600126]]]}}, {"id": "458", "type": "Feature", "properties": {"contour_id": "flood_0459", "area_ha": 0.39, "pair_id": "flood_2019_07_amur__blagoveshchensk", "layer": "flood", "aoi_name": "Благовещенск — слияние Амура и Зеи", "event_name": "Паводок в Приамурье, июль 2019", "date_peak": "2019-07-25"}, "geometry": {"type": "Polygon", "coordinates": [[[127.57025958926927, 50.15200469453267], [127.57029444628405, 50.15083586263847], [127.57043437517208, 50.150837585350544], [127.57042633223571, 50.15110731582661], [127.57083808064242, 50.151382213512406], [127.57081931853767, 50.15201158465362], [127.57025958926927, 50.15200469453267]]]}}, {"id": "459", "type": "Feature", "properties": {"contour_id": "flood_0460", "area_ha": 0.39, "pair_id": "flood_2019_07_amur__blagoveshchensk", "layer": "flood", "aoi_name": "Благовещенск — слияние Амура и Зеи", "event_name": "Паводок в Приамурье, июль 2019", "date_peak": "2019-07-25"}, "geometry": {"type": "Polygon", "coordinates": [[[127.67033330089794, 50.328938709800624], [127.67020539211656, 50.328487547498625], [127.66964607972322, 50.328391208925886], [127.66965110106598, 50.328211386614996], [127.66993201099312, 50.32821460063341], [127.6699495815831, 50.32758522242701], [127.67036592249136, 50.32776986445818], [127.67033330089794, 50.328938709800624]]]}}, {"id": "460", "type": "Feature", "properties": {"contour_id": "flood_0461", "area_ha": 0.39, "pair_id": "flood_2019_07_amur__blagoveshchensk", "layer": "flood", "aoi_name": "Благовещенск — слияние Амура и Зеи", "event_name": "Паводок в Приамурье, июль 2019", "date_peak": "2019-07-25"}, "geometry": {"type": "Polygon", "coordinates": [[[127.53618709937129, 50.346124691865754], [127.53677672970667, 50.34523270789663], [127.53734976638626, 50.3448801556263], [127.53718440996471, 50.345687540510745], [127.53676015123186, 50.345772142684986], [127.53660859879784, 50.34612999760629], [127.53618709937129, 50.346124691865754]]]}}, {"id": "461", "type": "Feature", "properties": {"contour_id": "flood_0462", "area_ha": 0.39, "pair_id": "flood_2019_07_amur__blagoveshchensk", "layer": "flood", "aoi_name": "Благовещенск — слияние Амура и Зеи", "event_name": "Паводок в Приамурье, июль 2019", "date_peak": "2019-07-25"}, "geometry": {"type": "Polygon", "coordinates": [[[127.83288386927161, 50.1800346717218], [127.83261038671685, 50.17976210021856], [127.83304142441867, 50.179316726156046], [127.83387939518757, 50.17941508307768], [127.8334527443764, 50.17968062214288], [127.83344617428193, 50.17995037936264], [127.83288386927161, 50.1800346717218]]]}}, {"id": "462", "type": "Feature", "properties": {"contour_id": "flood_0463", "area_ha": 0.38, "pair_id": "flood_2019_07_amur__blagoveshchensk", "layer": "flood", "aoi_name": "Благовещенск — слияние Амура и Зеи", "event_name": "Паводок в Приамурье, июль 2019", "date_peak": "2019-07-25"}, "geometry": {"type": "Polygon", "coordinates": [[[127.76477374534106, 50.2141375738463], [127.76478767570536, 50.21359807615544], [127.76394693536044, 50.21358913422653], [127.76395390512158, 50.21331938544621], [127.76353353747685, 50.213314912243504], [127.76353818550467, 50.213135079744276], [127.76493012056036, 50.2135096495939], [127.76492083479778, 50.213869314751854], [127.76533424545676, 50.214143531866625], [127.76477374534106, 50.2141375738463]]]}}, {"id": "463", "type": "Feature", "properties": {"contour_id": "flood_0464", "area_ha": 0.38, "pair_id": "flood_2019_07_amur__blagoveshchensk", "layer": "flood", "aoi_name": "Благовещенск — слияние Амура и Зеи", "event_name": "Паводок в Приамурье, июль 2019", "date_peak": "2019-07-25"}, "geometry": {"type": "Polygon", "coordinates": [[[127.61674175323002, 50.331011646567305], [127.61576898295786, 50.330640307899984], [127.61520453353587, 50.33072352635906], [127.61507452980439, 50.330362216917514], [127.6163334304596, 50.33055708668305], [127.6167469747043, 50.33083182827491], [127.61674175323002, 50.331011646567305]]]}}, {"id": "464", "type": "Feature", "properties": {"contour_id": "flood_0465", "area_ha": 0.38, "pair_id": "flood_2019_07_amur__blagoveshchensk", "layer": "flood", "aoi_name": "Благовещенск — слияние Амура и Зеи", "event_name": "Паводок в Приамурье, июль 2019", "date_peak": "2019-07-25"}, "geometry": {"type": "Polygon", "coordinates": [[[127.54504349774767, 50.1618550790698], [127.54491991737234, 50.16131387158523], [127.54563607780288, 50.16078318350484], [127.5457705778742, 50.16096475423396], [127.54546610512001, 50.161770429794515], [127.54504349774767, 50.1618550790698]]]}}, {"id": "465", "type": "Feature", "properties": {"contour_id": "flood_0466", "area_ha": 0.38, "pair_id": "flood_2019_07_amur__blagoveshchensk", "layer": "flood", "aoi_name": "Благовещенск — слияние Амура и Зеи", "event_name": "Паводок в Приамурье, июль 2019", "date_peak": "2019-07-25"}, "geometry": {"type": "Polygon", "coordinates": [[[127.4646863467337, 50.240150412821], [127.46413139175718, 50.23996319296424], [127.46386258552407, 50.23959986872293], [127.46442620163427, 50.23951737642], [127.46525862981773, 50.239798203077136], [127.46525285530414, 50.23997801207782], [127.4646863467337, 50.240150412821]]]}}, {"id": "466", "type": "Feature", "properties": {"contour_id": "flood_0467", "area_ha": 0.38, "pair_id": "flood_2019_07_amur__blagoveshchensk", "layer": "flood", "aoi_name": "Благовещенск — слияние Амура и Зеи", "event_name": "Паводок в Приамурье, июль 2019", "date_peak": "2019-07-25"}, "geometry": {"type": "Polygon", "coordinates": [[[127.62752765806637, 50.20036513022278], [127.62726813523213, 50.19964252720509], [127.62768836001942, 50.19964749239879], [127.62784132380264, 50.19919958907479], [127.62824092883167, 50.19992384515311], [127.62768062577712, 50.199917227195634], [127.62752765806637, 50.20036513022278]]]}}, {"id": "467", "type": "Feature", "properties": {"contour_id": "flood_0468", "area_ha": 0.38, "pair_id": "flood_2019_07_amur__blagoveshchensk", "layer": "flood", "aoi_name": "Благовещенск — слияние Амура и Зеи", "event_name": "Паводок в Приамурье, июль 2019", "date_peak": "2019-07-25"}, "geometry": {"type": "Polygon", "coordinates": [[[127.82587264518116, 50.19750250175209], [127.82545461329101, 50.19740833498423], [127.82560572306569, 50.196960158468855], [127.8265884725573, 50.19688014867419], [127.8265796554981, 50.19723982301267], [127.82587264518116, 50.19750250175209]]]}}, {"id": "468", "type": "Feature", "properties": {"contour_id": "flood_0469", "area_ha": 0.38, "pair_id": "flood_2019_07_amur__blagoveshchensk", "layer": "flood", "aoi_name": "Благовещенск — слияние Амура и Зеи", "event_name": "Паводок в Приамурье, июль 2019", "date_peak": "2019-07-25"}, "geometry": {"type": "Polygon", "coordinates": [[[127.61115372110386, 50.334722516667476], [127.61116420755788, 50.334362881157055], [127.61059970629479, 50.334446076777475], [127.61074542095567, 50.33426793761753], [127.61046972800388, 50.334084762616634], [127.61228534594211, 50.334466208413005], [127.61213701660179, 50.33473425845209], [127.61115372110386, 50.334722516667476]]]}}, {"id": "469", "type": "Feature", "properties": {"contour_id": "flood_0470", "area_ha": 0.38, "pair_id": "flood_2019_07_amur__blagoveshchensk", "layer": "flood", "aoi_name": "Благовещенск — слияние Амура и Зеи", "event_name": "Паводок в Приамурье, июль 2019", "date_peak": "2019-07-25"}, "geometry": {"type": "Polygon", "coordinates": [[[127.64481492273922, 50.356705291463975], [127.64468206622666, 50.356433924144966], [127.64411991925593, 50.356427370791636], [127.64399731384562, 50.35579636358305], [127.64524421340539, 50.35644047478185], [127.64523909483506, 50.356620294417915], [127.64481492273922, 50.356705291463975]]]}}, {"id": "470", "type": "Feature", "properties": {"contour_id": "flood_0471", "area_ha": 0.38, "pair_id": "flood_2019_07_amur__blagoveshchensk", "layer": "flood", "aoi_name": "Благовещенск — слияние Амура и Зеи", "event_name": "Паводок в Приамурье, июль 2019", "date_peak": "2019-07-25"}, "geometry": {"type": "Polygon", "coordinates": [[[127.7330824511002, 50.26758087790628], [127.73281620895334, 50.26703833298141], [127.7335128314347, 50.267225807338036], [127.7335223713189, 50.266866149809424], [127.73394320534865, 50.266870735106366], [127.73392890020168, 50.267410221477675], [127.7330824511002, 50.26758087790628]]]}}, {"id": "471", "type": "Feature", "properties": {"contour_id": "flood_0472", "area_ha": 0.38, "pair_id": "flood_2019_07_amur__blagoveshchensk", "layer": "flood", "aoi_name": "Благовещенск — слияние Амура и Зеи", "event_name": "Паводок в Приамурье, июль 2019", "date_peak": "2019-07-25"}, "geometry": {"type": "Polygon", "coordinates": [[[127.71823241789745, 50.27191506587278], [127.71853472416024, 50.2711089359362], [127.71839926208854, 50.270927561399496], [127.71895800586367, 50.2710236619673], [127.7189411164922, 50.271653058612785], [127.71823241789745, 50.27191506587278]]]}}, {"id": "472", "type": "Feature", "properties": {"contour_id": "flood_0473", "area_ha": 0.38, "pair_id": "flood_2019_07_amur__blagoveshchensk", "layer": "flood", "aoi_name": "Благовещенск — слияние Амура и Зеи", "event_name": "Паводок в Приамурье, июль 2019", "date_peak": "2019-07-25"}, "geometry": {"type": "Polygon", "coordinates": [[[127.73733944406185, 50.44066995651376], [127.73735619100259, 50.44004057376543], [127.73820331835608, 50.4399598258568], [127.7379145660283, 50.44022650743359], [127.73790260919878, 50.440676066629145], [127.73733944406185, 50.44066995651376]]]}}, {"id": "473", "type": "Feature", "properties": {"contour_id": "flood_0474", "area_ha": 0.38, "pair_id": "flood_2019_07_amur__blagoveshchensk", "layer": "flood", "aoi_name": "Благовещенск — слияние Амура и Зеи", "event_name": "Паводок в Приамурье, июль 2019", "date_peak": "2019-07-25"}, "geometry": {"type": "Polygon", "coordinates": [[[127.59146876698853, 50.149565596688376], [127.59133676546516, 50.14929416636004], [127.59049721176223, 50.14928397887971], [127.59051307069421, 50.148744513055554], [127.59107540887679, 50.148661394256635], [127.59106748265724, 50.14893112724453], [127.59134733184756, 50.148934522354146], [127.59146876698853, 50.149565596688376]]]}}, {"id": "474", "type": "Feature", "properties": {"contour_id": "flood_0475", "area_ha": 0.37, "pair_id": "flood_2019_07_amur__blagoveshchensk", "layer": "flood", "aoi_name": "Благовещенск — слияние Амура и Зеи", "event_name": "Паводок в Приамурье, июль 2019", "date_peak": "2019-07-25"}, "geometry": {"type": "Polygon", "coordinates": [[[127.64846441340937, 50.18837850085459], [127.64820463503884, 50.18765594113351], [127.64876733678993, 50.187572546389106], [127.64903219714479, 50.18811527977455], [127.64846441340937, 50.18837850085459]]]}}, {"id": "475", "type": "Feature", "properties": {"contour_id": "flood_0476", "area_ha": 0.37, "pair_id": "flood_2019_07_amur__blagoveshchensk", "layer": "flood", "aoi_name": "Благовещенск — слияние Амура и Зеи", "event_name": "Паводок в Приамурье, июль 2019", "date_peak": "2019-07-25"}, "geometry": {"type": "Polygon", "coordinates": [[[127.73968411663327, 50.15027939866093], [127.73969120726241, 50.15000964941681], [127.7392784916131, 50.14973534337394], [127.73942788295072, 50.14937719681216], [127.73998525746464, 50.14947318787383], [127.74011574135396, 50.149834371862774], [127.74010629040063, 50.150194037588236], [127.73968411663327, 50.15027939866093]]]}}, {"id": "476", "type": "Feature", "properties": {"contour_id": "flood_0477", "area_ha": 0.37, "pair_id": "flood_2019_07_amur__blagoveshchensk", "layer": "flood", "aoi_name": "Благовещенск — слияние Амура и Зеи", "event_name": "Паводок в Приамурье, июль 2019", "date_peak": "2019-07-25"}, "geometry": {"type": "Polygon", "coordinates": [[[127.38189636477273, 50.19594391067933], [127.38190548260548, 50.1956742059322], [127.38318716969017, 50.195062446634296], [127.38317502243942, 50.1954220532262], [127.38275488158776, 50.195416204060066], [127.3827366555205, 50.195955613790716], [127.38189636477273, 50.19594391067933]]]}}, {"id": "477", "type": "Feature", "properties": {"contour_id": "flood_0478", "area_ha": 0.37, "pair_id": "flood_2019_07_amur__blagoveshchensk", "layer": "flood", "aoi_name": "Благовещенск — слияние Амура и Зеи", "event_name": "Паводок в Приамурье, июль 2019", "date_peak": "2019-07-25"}, "geometry": {"type": "Polygon", "coordinates": [[[127.54735336790371, 50.24265243083493], [127.54736156717519, 50.24238270736715], [127.54989326971877, 50.24214450531578], [127.54904937154915, 50.24222391215447], [127.54890098612643, 50.242491885041176], [127.54847766806152, 50.24257653952354], [127.54735336790371, 50.24265243083493]]]}}, {"id": "478", "type": "Feature", "properties": {"contour_id": "flood_0479", "area_ha": 0.37, "pair_id": "flood_2019_07_amur__blagoveshchensk", "layer": "flood", "aoi_name": "Благовещенск — слияние Амура и Зеи", "event_name": "Паводок в Приамурье, июль 2019", "date_peak": "2019-07-25"}, "geometry": {"type": "Polygon", "coordinates": [[[127.42461019225007, 50.27316255847987], [127.42574723964876, 50.27272825469221], [127.42686945219627, 50.27274345134058], [127.42686352636213, 50.27292325604475], [127.42602186369406, 50.27291185950157], [127.42601297007923, 50.27318156643795], [127.42461019225007, 50.27316255847987]]]}}, {"id": "479", "type": "Feature", "properties": {"contour_id": "flood_0480", "area_ha": 0.37, "pair_id": "flood_2019_07_amur__blagoveshchensk", "layer": "flood", "aoi_name": "Благовещенск — слияние Амура и Зеи", "event_name": "Паводок в Приамурье, июль 2019", "date_peak": "2019-07-25"}, "geometry": {"type": "Polygon", "coordinates": [[[127.71304733012644, 50.406856856200605], [127.71249675430882, 50.40640107142517], [127.71292369088663, 50.40622591916059], [127.71264718773817, 50.406042982553885], [127.71279518291665, 50.40577480494997], [127.71307655594607, 50.40577791818884], [127.71333844960033, 50.40650032285798], [127.71304733012644, 50.406856856200605]]]}}, {"id": "480", "type": "Feature", "properties": {"contour_id": "flood_0481", "area_ha": 0.37, "pair_id": "flood_2019_07_amur__blagoveshchensk", "layer": "flood", "aoi_name": "Благовещенск — слияние Амура и Зеи", "event_name": "Паводок в Приамурье, июль 2019", "date_peak": "2019-07-25"}, "geometry": {"type": "Polygon", "coordinates": [[[127.61768761914763, 50.22570201858616], [127.61773440340346, 50.224083623617446], [127.61787454932683, 50.224085290930084], [127.61827680117824, 50.22471966788091], [127.61768761914763, 50.22570201858616]]]}}, {"id": "481", "type": "Feature", "properties": {"contour_id": "flood_0482", "area_ha": 0.37, "pair_id": "flood_2019_07_amur__blagoveshchensk", "layer": "flood", "aoi_name": "Благовещенск — слияние Амура и Зеи", "event_name": "Паводок в Приамурье, июль 2019", "date_peak": "2019-07-25"}, "geometry": {"type": "Polygon", "coordinates": [[[127.3621817727243, 50.280664174936575], [127.36149572987915, 50.28020479008956], [127.36136469698629, 50.27993311393431], [127.36275529262815, 50.28031248470549], [127.36260574394801, 50.28058020634689], [127.3621817727243, 50.280664174936575]]]}}, {"id": "482", "type": "Feature", "properties": {"contour_id": "flood_0483", "area_ha": 0.37, "pair_id": "flood_2019_07_amur__blagoveshchensk", "layer": "flood", "aoi_name": "Благовещенск — слияние Амура и Зеи", "event_name": "Паводок в Приамурье, июль 2019", "date_peak": "2019-07-25"}, "geometry": {"type": "Polygon", "coordinates": [[[127.6897565903097, 50.261254345730286], [127.68962126543872, 50.26107293842379], [127.69060800612321, 50.26090417910949], [127.69019216383725, 50.26071961142637], [127.69061540174359, 50.26063444021665], [127.69048007530313, 50.26045303387955], [127.69076058889871, 50.26045619451253], [127.69116903869194, 50.260910499121955], [127.69074086930549, 50.26117549826092], [127.6897565903097, 50.261254345730286]]]}}, {"id": "483", "type": "Feature", "properties": {"contour_id": "flood_0484", "area_ha": 0.37, "pair_id": "flood_2019_07_amur__blagoveshchensk", "layer": "flood", "aoi_name": "Благовещенск — слияние Амура и Зеи", "event_name": "Паводок в Приамурье, июль 2019", "date_peak": "2019-07-25"}, "geometry": {"type": "Polygon", "coordinates": [[[127.62673363406351, 50.1987367888637], [127.62645606992443, 50.198643565075], [127.62661162176084, 50.19810575178277], [127.6273119737956, 50.19811403003622], [127.62758438033563, 50.1983870750132], [127.62673363406351, 50.1987367888637]]]}}, {"id": "484", "type": "Feature", "properties": {"contour_id": "flood_0485", "area_ha": 0.36, "pair_id": "flood_2019_07_amur__blagoveshchensk", "layer": "flood", "aoi_name": "Благовещенск — слияние Амура и Зеи", "event_name": "Паводок в Приамурье, июль 2019", "date_peak": "2019-07-25"}, "geometry": {"type": "Polygon", "coordinates": [[[127.59092200710072, 50.22052361423213], [127.59093790131884, 50.219984154960024], [127.59177869540383, 50.219994349607084], [127.59176281066222, 50.22053380907313], [127.59092200710072, 50.22052361423213]]]}}, {"id": "485", "type": "Feature", "properties": {"contour_id": "flood_0486", "area_ha": 0.36, "pair_id": "flood_2019_07_amur__blagoveshchensk", "layer": "flood", "aoi_name": "Благовещенск — слияние Амура и Зеи", "event_name": "Паводок в Приамурье, июль 2019", "date_peak": "2019-07-25"}, "geometry": {"type": "Polygon", "coordinates": [[[127.3172016363596, 50.27849252115743], [127.3172111464189, 50.278222829045866], [127.31862350011937, 50.27797344220467], [127.31790306597053, 50.27850267610826], [127.3172016363596, 50.27849252115743]]]}}, {"id": "486", "type": "Feature", "properties": {"contour_id": "flood_0487", "area_ha": 0.36, "pair_id": "flood_2019_07_amur__blagoveshchensk", "layer": "flood", "aoi_name": "Благовещенск — слияние Амура и Зеи", "event_name": "Паводок в Приамурье, июль 2019", "date_peak": "2019-07-25"}, "geometry": {"type": "Polygon", "coordinates": [[[127.65242749858541, 50.296354062746936], [127.6521544007071, 50.296081074891816], [127.65244528027371, 50.29572468557205], [127.6532823530298, 50.2959142678688], [127.65313437737754, 50.29618237473816], [127.65242749858541, 50.296354062746936]]]}}, {"id": "487", "type": "Feature", "properties": {"contour_id": "flood_0488", "area_ha": 0.36, "pair_id": "flood_2019_07_amur__blagoveshchensk", "layer": "flood", "aoi_name": "Благовещенск — слияние Амура и Зеи", "event_name": "Паводок в Приамурье, июль 2019", "date_peak": "2019-07-25"}, "geometry": {"type": "Polygon", "coordinates": [[[127.72697176501839, 50.38614434260055], [127.72670254636783, 50.385691702346335], [127.72727227832324, 50.385428122144475], [127.7271388724162, 50.385156846257985], [127.72769897166292, 50.38525291320825], [127.72755112624637, 50.38552111181093], [127.72782997526927, 50.38561410081556], [127.7274080923043, 50.38560948555147], [127.72697176501839, 50.38614434260055]]]}}, {"id": "488", "type": "Feature", "properties": {"contour_id": "flood_0489", "area_ha": 0.36, "pair_id": "flood_2019_07_amur__blagoveshchensk", "layer": "flood", "aoi_name": "Благовещенск — слияние Амура и Зеи", "event_name": "Паводок в Приамурье, июль 2019", "date_peak": "2019-07-25"}, "geometry": {"type": "Polygon", "coordinates": [[[127.7443590327566, 50.35629380376759], [127.74436614886103, 50.35602406365244], [127.74352527585847, 50.35592504204322], [127.74311552532687, 50.355470918954964], [127.74367056330242, 50.355746733801176], [127.74368242968782, 50.355297167011244], [127.7439516438881, 50.355749770199665], [127.74464723115912, 50.356027098381894], [127.7446401166467, 50.35629683852594], [127.7443590327566, 50.35629380376759]]]}}, {"id": "489", "type": "Feature", "properties": {"contour_id": "flood_0490", "area_ha": 0.36, "pair_id": "flood_2019_07_amur__blagoveshchensk", "layer": "flood", "aoi_name": "Благовещенск — слияние Амура и Зеи", "event_name": "Паводок в Приамурье, июль 2019", "date_peak": "2019-07-25"}, "geometry": {"type": "Polygon", "coordinates": [[[127.61367078549837, 50.21917834642173], [127.61368642241808, 50.21863888179214], [127.61410681165374, 50.21864389747722], [127.61409899562231, 50.21891362984647], [127.61493977918799, 50.21892365675038], [127.61493196777593, 50.219193389201514], [127.61367078549837, 50.21917834642173]]]}}, {"id": "490", "type": "Feature", "properties": {"contour_id": "flood_0491", "area_ha": 0.36, "pair_id": "flood_2019_07_amur__blagoveshchensk", "layer": "flood", "aoi_name": "Благовещенск — слияние Амура и Зеи", "event_name": "Паводок в Приамурье, июль 2019", "date_peak": "2019-07-25"}, "geometry": {"type": "Polygon", "coordinates": [[[127.74559310398082, 50.35747632907324], [127.74461640082251, 50.357195972243275], [127.74448534375362, 50.35683480145092], [127.74490697441895, 50.356839352911024], [127.74491408755613, 50.35656961276472], [127.74504514719366, 50.356930783108744], [127.7453309754544, 50.35675398944786], [127.74531912402527, 50.357203556408386], [127.74559310398082, 50.35747632907324]]]}}, {"id": "491", "type": "Feature", "properties": {"contour_id": "flood_0492", "area_ha": 0.36, "pair_id": "flood_2019_07_amur__blagoveshchensk", "layer": "flood", "aoi_name": "Благовещенск — слияние Амура и Зеи", "event_name": "Паводок в Приамурье, июль 2019", "date_peak": "2019-07-25"}, "geometry": {"type": "Polygon", "coordinates": [[[127.60531863109988, 50.18831816460016], [127.6053422017955, 50.18750896618111], [127.6057623162172, 50.18751400979855], [127.60574660726915, 50.18805347552066], [127.60616672653984, 50.188058517715135], [127.60615887425179, 50.18832825060391], [127.60531863109988, 50.18831816460016]]]}}, {"id": "492", "type": "Feature", "properties": {"contour_id": "flood_0493", "area_ha": 0.35, "pair_id": "flood_2019_07_amur__blagoveshchensk", "layer": "flood", "aoi_name": "Благовещенск — слияние Амура и Зеи", "event_name": "Паводок в Приамурье, июль 2019", "date_peak": "2019-07-25"}, "geometry": {"type": "Polygon", "coordinates": [[[127.59132049154931, 50.23554874253121], [127.59106133737299, 50.23482606591844], [127.59177016306366, 50.23456483388628], [127.59160879504326, 50.23528241225239], [127.5918865007862, 50.2353757199529], [127.59132049154931, 50.23554874253121]]]}}, {"id": "493", "type": "Feature", "properties": {"contour_id": "flood_0494", "area_ha": 0.35, "pair_id": "flood_2019_07_amur__blagoveshchensk", "layer": "flood", "aoi_name": "Благовещенск — слияние Амура и Зеи", "event_name": "Паводок в Приамурье, июль 2019", "date_peak": "2019-07-25"}, "geometry": {"type": "Polygon", "coordinates": [[[127.65863557783175, 50.2103522744392], [127.65751975958926, 50.2101595019485], [127.65738722178612, 50.209888145138194], [127.65795017060853, 50.209804708192316], [127.65878324773706, 50.21008415432298], [127.65863557783175, 50.2103522744392]]]}}, {"id": "494", "type": "Feature", "properties": {"contour_id": "flood_0495", "area_ha": 0.35, "pair_id": "flood_2019_07_amur__blagoveshchensk", "layer": "flood", "aoi_name": "Благовещенск — слияние Амура и Зеи", "event_name": "Паводок в Приамурье, июль 2019", "date_peak": "2019-07-25"}, "geometry": {"type": "Polygon", "coordinates": [[[127.61646495162566, 50.22919519235789], [127.61647535897825, 50.22883554947626], [127.61562919379476, 50.229005353637724], [127.61549944820693, 50.228644040753736], [127.61704119964749, 50.2286624027498], [127.61674527329583, 50.22919853012108], [127.61646495162566, 50.22919519235789]]]}}, {"id": "495", "type": "Feature", "properties": {"contour_id": "flood_0496", "area_ha": 0.35, "pair_id": "flood_2019_07_amur__blagoveshchensk", "layer": "flood", "aoi_name": "Благовещенск — слияние Амура и Зеи", "event_name": "Паводок в Приамурье, июль 2019", "date_peak": "2019-07-25"}, "geometry": {"type": "Polygon", "coordinates": [[[127.77425550296459, 50.374510569092834], [127.77413112676962, 50.37387968847188], [127.77497238408377, 50.373978491217855], [127.774958489782, 50.37451797600703], [127.77425550296459, 50.374510569092834]]]}}, {"id": "496", "type": "Feature", "properties": {"contour_id": "flood_0497", "area_ha": 0.35, "pair_id": "flood_2019_07_amur__blagoveshchensk", "layer": "flood", "aoi_name": "Благовещенск — слияние Амура и Зеи", "event_name": "Паводок в Приамурье, июль 2019", "date_peak": "2019-07-25"}, "geometry": {"type": "Polygon", "coordinates": [[[127.69541117565035, 50.25969902891911], [127.69485507060605, 50.259512903223445], [127.69542345589034, 50.25924946313575], [127.69543819176747, 50.25870998414666], [127.69613699701685, 50.25880776754181], [127.69556370942428, 50.25925103754445], [127.69541117565035, 50.25969902891911]]]}}, {"id": "497", "type": "Feature", "properties": {"contour_id": "flood_0498", "area_ha": 0.35, "pair_id": "flood_2019_07_amur__blagoveshchensk", "layer": "flood", "aoi_name": "Благовещенск — слияние Амура и Зеи", "event_name": "Паводок в Приамурье, июль 2019", "date_peak": "2019-07-25"}, "geometry": {"type": "Polygon", "coordinates": [[[127.45329126405726, 50.30187956785076], [127.45259819628919, 50.30160051773328], [127.45260694853775, 50.3013308087089], [127.45331167682089, 50.301250246597135], [127.45330001247328, 50.301609858751206], [127.45372693297836, 50.30143565521949], [127.45371527168498, 50.301795267432475], [127.45329126405726, 50.30187956785076]]]}}, {"id": "498", "type": "Feature", "properties": {"contour_id": "flood_0499", "area_ha": 0.35, "pair_id": "flood_2019_07_amur__blagoveshchensk", "layer": "flood", "aoi_name": "Благовещенск — слияние Амура и Зеи", "event_name": "Паводок в Приамурье, июль 2019", "date_peak": "2019-07-25"}, "geometry": {"type": "Polygon", "coordinates": [[[127.36052432099025, 50.43902822651716], [127.3605491692145, 50.438309051690595], [127.36139683853898, 50.438231053473885], [127.36138442100959, 50.4385906410567], [127.36052432099025, 50.43902822651716]]]}}, {"id": "499", "type": "Feature", "properties": {"contour_id": "flood_0500", "area_ha": 0.35, "pair_id": "flood_2019_07_amur__blagoveshchensk", "layer": "flood", "aoi_name": "Благовещенск — слияние Амура и Зеи", "event_name": "Паводок в Приамурье, июль 2019", "date_peak": "2019-07-25"}, "geometry": {"type": "Polygon", "coordinates": [[[127.43223969004255, 50.143297597014104], [127.43267995336122, 50.142673930627716], [127.43323366385016, 50.14286129202143], [127.43307907866443, 50.143308927429125], [127.43223969004255, 50.143297597014104]]]}}, {"id": "500", "type": "Feature", "properties": {"contour_id": "flood_0501", "area_ha": 0.35, "pair_id": "flood_2019_07_amur__blagoveshchensk", "layer": "flood", "aoi_name": "Благовещенск — слияние Амура и Зеи", "event_name": "Паводок в Приамурье, июль 2019", "date_peak": "2019-07-25"}, "geometry": {"type": "Polygon", "coordinates": [[[127.57631987382145, 50.14119602594465], [127.57633054975994, 50.14083638376755], [127.57605074963122, 50.14083295287582], [127.57564974108374, 50.14019843159711], [127.57648913038275, 50.14020872505485], [127.57631987382145, 50.14119602594465]]]}}, {"id": "501", "type": "Feature", "properties": {"contour_id": "flood_0502", "area_ha": 0.34, "pair_id": "flood_2019_07_amur__blagoveshchensk", "layer": "flood", "aoi_name": "Благовещенск — слияние Амура и Зеи", "event_name": "Паводок в Приамурье, июль 2019", "date_peak": "2019-07-25"}, "geometry": {"type": "Polygon", "coordinates": [[[127.74228459828007, 50.32839023308135], [127.74158942568998, 50.32811289258397], [127.74145371737089, 50.32793154479852], [127.74230121333194, 50.32776083692283], [127.74243455111873, 50.328032097487885], [127.74285355402482, 50.328126568262505], [127.74228459828007, 50.32839023308135]], [[127.74201080169316, 50.328117452670135], [127.7421488865292, 50.32820888609022], [127.74215126038499, 50.32811897235958], [127.74201080169316, 50.328117452670135]], [[127.74229171908885, 50.32812049187944], [127.74242980447879, 50.32821192496992], [127.74243217780477, 50.32812201122963], [127.74229171908885, 50.32812049187944]]]}}, {"id": "502", "type": "Feature", "properties": {"contour_id": "flood_0503", "area_ha": 0.34, "pair_id": "flood_2019_07_amur__blagoveshchensk", "layer": "flood", "aoi_name": "Благовещенск — слияние Амура и Зеи", "event_name": "Паводок в Приамурье, июль 2019", "date_peak": "2019-07-25"}, "geometry": {"type": "Polygon", "coordinates": [[[127.4513023584351, 50.155426030634], [127.45158803640192, 50.15524995236508], [127.45145972008491, 50.15488846541274], [127.4523022221417, 50.154809753509795], [127.45229061059943, 50.15516937460301], [127.45200493566158, 50.155345454631295], [127.4513023584351, 50.155426030634]]]}}, {"id": "503", "type": "Feature", "properties": {"contour_id": "flood_0504", "area_ha": 0.34, "pair_id": "flood_2019_07_amur__blagoveshchensk", "layer": "flood", "aoi_name": "Благовещенск — слияние Амура и Зеи", "event_name": "Паводок в Приамурье, июль 2019", "date_peak": "2019-07-25"}, "geometry": {"type": "Polygon", "coordinates": [[[127.43222213580691, 50.27641348220265], [127.4322280421915, 50.27623367714546], [127.43306976592557, 50.276245029291516], [127.43307862063834, 50.27597532158629], [127.43448148680582, 50.27599422810949], [127.4330638627089, 50.27642483442071], [127.43222213580691, 50.27641348220265]]]}}, {"id": "504", "type": "Feature", "properties": {"contour_id": "flood_0505", "area_ha": 0.34, "pair_id": "flood_2019_07_amur__blagoveshchensk", "layer": "flood", "aoi_name": "Благовещенск — слияние Амура и Зеи", "event_name": "Паводок в Приамурье, июль 2019", "date_peak": "2019-07-25"}, "geometry": {"type": "Polygon", "coordinates": [[[127.69840312302522, 50.237427242615674], [127.69813988671159, 50.23679470625456], [127.69786196063019, 50.236701650900066], [127.69786930898012, 50.23643191009862], [127.69828742052374, 50.2365265360376], [127.69841781388435, 50.236887760951184], [127.69883348285452, 50.23707229857641], [127.69840312302522, 50.237427242615674]]]}}, {"id": "505", "type": "Feature", "properties": {"contour_id": "flood_0506", "area_ha": 0.34, "pair_id": "flood_2019_07_amur__blagoveshchensk", "layer": "flood", "aoi_name": "Благовещенск — слияние Амура и Зеи", "event_name": "Паводок в Приамурье, июль 2019", "date_peak": "2019-07-25"}, "geometry": {"type": "Polygon", "coordinates": [[[127.56405984866664, 50.13465907933237], [127.56409752648261, 50.133400336913255], [127.5642374041389, 50.133402066656814], [127.56461937404259, 50.13466599760291], [127.56405984866664, 50.13465907933237]]]}}, {"id": "506", "type": "Feature", "properties": {"contour_id": "flood_0507", "area_ha": 0.34, "pair_id": "flood_2019_07_amur__blagoveshchensk", "layer": "flood", "aoi_name": "Благовещенск — слияние Амура и Зеи", "event_name": "Паводок в Приамурье, июль 2019", "date_peak": "2019-07-25"}, "geometry": {"type": "Polygon", "coordinates": [[[127.65337245900521, 50.33746766793296], [127.6514082678691, 50.337354962169], [127.65141335965512, 50.33717514147668], [127.65309403914708, 50.33737450307446], [127.65338262773687, 50.33710802625898], [127.65422805001829, 50.33702787496766], [127.65337245900521, 50.33746766793296]]]}}, {"id": "507", "type": "Feature", "properties": {"contour_id": "flood_0508", "area_ha": 0.34, "pair_id": "flood_2019_07_amur__blagoveshchensk", "layer": "flood", "aoi_name": "Благовещенск — слияние Амура и Зеи", "event_name": "Паводок в Приамурье, июль 2019", "date_peak": "2019-07-25"}, "geometry": {"type": "Polygon", "coordinates": [[[127.67483008710109, 50.18733316115989], [127.67413236878056, 50.18723525707509], [127.67401224701547, 50.18651435035065], [127.67443236467943, 50.1865191455702], [127.67442240816067, 50.18687879969723], [127.67484004071851, 50.18697350700187], [127.67483008710109, 50.18733316115989]]]}}, {"id": "508", "type": "Feature", "properties": {"contour_id": "flood_0509", "area_ha": 0.34, "pair_id": "flood_2019_07_amur__blagoveshchensk", "layer": "flood", "aoi_name": "Благовещенск — слияние Амура и Зеи", "event_name": "Паводок в Приамурье, июль 2019", "date_peak": "2019-07-25"}, "geometry": {"type": "Polygon", "coordinates": [[[127.60777215563924, 50.176205368399394], [127.60777999547273, 50.175935634759846], [127.60694781354445, 50.175655828719265], [127.60696350206906, 50.17511636156426], [127.60806000436831, 50.17593899090475], [127.60805216611035, 50.17620872457621], [127.60777215563924, 50.176205368399394]]]}}, {"id": "509", "type": "Feature", "properties": {"contour_id": "flood_0510", "area_ha": 0.33, "pair_id": "flood_2019_07_amur__blagoveshchensk", "layer": "flood", "aoi_name": "Благовещенск — слияние Амура и Зеи", "event_name": "Паводок в Приамурье, июль 2019", "date_peak": "2019-07-25"}, "geometry": {"type": "Polygon", "coordinates": [[[127.7284680988725, 50.33543510465078], [127.72791098354335, 50.335249131870185], [127.7277945199142, 50.33434846353261], [127.72807307156292, 50.33444145050496], [127.72806586865066, 50.334711189932506], [127.72834682341448, 50.33471426311974], [127.72847769994105, 50.33507545206668], [127.7284680988725, 50.33543510465078]]]}}, {"id": "510", "type": "Feature", "properties": {"contour_id": "flood_0511", "area_ha": 0.33, "pair_id": "flood_2019_07_amur__blagoveshchensk", "layer": "flood", "aoi_name": "Благовещенск — слияние Амура и Зеи", "event_name": "Паводок в Приамурье, июль 2019", "date_peak": "2019-07-25"}, "geometry": {"type": "Polygon", "coordinates": [[[127.67146065675003, 50.212838131472395], [127.67090768663499, 50.21256198175851], [127.67106029054396, 50.212114019625616], [127.67175586763177, 50.2123018576269], [127.67174588189492, 50.21266150975977], [127.67146065675003, 50.212838131472395]]]}}, {"id": "511", "type": "Feature", "properties": {"contour_id": "flood_0512", "area_ha": 0.33, "pair_id": "flood_2019_07_amur__blagoveshchensk", "layer": "flood", "aoi_name": "Благовещенск — слияние Амура и Зеи", "event_name": "Паводок в Приамурье, июль 2019", "date_peak": "2019-07-25"}, "geometry": {"type": "Polygon", "coordinates": [[[127.37399254764111, 50.13161319892579], [127.37373416124827, 50.13097996555531], [127.37443649852665, 50.13089985635066], [127.3744151741762, 50.131529172135124], [127.37399254764111, 50.13161319892579]]]}}, {"id": "512", "type": "Feature", "properties": {"contour_id": "flood_0513", "area_ha": 0.33, "pair_id": "flood_2019_07_amur__blagoveshchensk", "layer": "flood", "aoi_name": "Благовещенск — слияние Амура и Зеи", "event_name": "Паводок в Приамурье, июль 2019", "date_peak": "2019-07-25"}, "geometry": {"type": "Polygon", "coordinates": [[[127.64855369880515, 50.1901783811245], [127.64856638873785, 50.18972881846668], [127.64913672494046, 50.189375684511894], [127.6491138927541, 50.190184897508736], [127.64855369880515, 50.1901783811245]]]}}, {"id": "513", "type": "Feature", "properties": {"contour_id": "flood_0514", "area_ha": 0.33, "pair_id": "flood_2019_07_amur__blagoveshchensk", "layer": "flood", "aoi_name": "Благовещенск — слияние Амура и Зеи", "event_name": "Паводок в Приамурье, июль 2019", "date_peak": "2019-07-25"}, "geometry": {"type": "Polygon", "coordinates": [[[127.36800332898976, 50.43859373909469], [127.3682972185721, 50.438238099165446], [127.36802806350988, 50.43787456153041], [127.36817500647484, 50.437696741591786], [127.36885717292915, 50.438335892036534], [127.36884790216119, 50.43860558372444], [127.36800332898976, 50.43859373909469]]]}}, {"id": "514", "type": "Feature", "properties": {"contour_id": "flood_0515", "area_ha": 0.33, "pair_id": "flood_2019_07_amur__blagoveshchensk", "layer": "flood", "aoi_name": "Благовещенск — слияние Амура и Зеи", "event_name": "Паводок в Приамурье, июль 2019", "date_peak": "2019-07-25"}, "geometry": {"type": "Polygon", "coordinates": [[[127.69160951987682, 50.26019593332996], [127.69161937289071, 50.25983628128202], [127.69133886283944, 50.259833122749725], [127.69107067410182, 50.25938039854737], [127.69204752531577, 50.25957127871472], [127.691890032089, 50.26019909122547], [127.69160951987682, 50.26019593332996]]]}}, {"id": "515", "type": "Feature", "properties": {"contour_id": "flood_0516", "area_ha": 0.33, "pair_id": "flood_2019_07_amur__blagoveshchensk", "layer": "flood", "aoi_name": "Благовещенск — слияние Амура и Зеи", "event_name": "Паводок в Приамурье, июль 2019", "date_peak": "2019-07-25"}, "geometry": {"type": "Polygon", "coordinates": [[[127.33336926841363, 50.37010707367232], [127.33338816699903, 50.36956769352353], [127.33423149963014, 50.36957977747798], [127.33407205352643, 50.37011714425057], [127.33336926841363, 50.37010707367232]]]}}, {"id": "516", "type": "Feature", "properties": {"contour_id": "flood_0517", "area_ha": 0.33, "pair_id": "flood_2019_07_amur__blagoveshchensk", "layer": "flood", "aoi_name": "Благовещенск — слияние Амура и Зеи", "event_name": "Паводок в Приамурье, июль 2019", "date_peak": "2019-07-25"}, "geometry": {"type": "Polygon", "coordinates": [[[127.59447963407024, 50.175775440626566], [127.5944875486204, 50.17550570849681], [127.59407018047234, 50.175410714288624], [127.59407545832107, 50.1752308928905], [127.59435282306802, 50.175324192745094], [127.59451656760935, 50.17451669057212], [127.59480184158389, 50.17434025713629], [127.59476227811234, 50.175688918103766], [127.59447963407024, 50.175775440626566]]]}}, {"id": "517", "type": "Feature", "properties": {"contour_id": "flood_0518", "area_ha": 0.33, "pair_id": "flood_2019_07_amur__blagoveshchensk", "layer": "flood", "aoi_name": "Благовещенск — слияние Амура и Зеи", "event_name": "Паводок в Приамурье, июль 2019", "date_peak": "2019-07-25"}, "geometry": {"type": "Polygon", "coordinates": [[[127.68673064269524, 50.274351526445464], [127.68674795830991, 50.27372213811465], [127.68717379064672, 50.273547067944236], [127.68704091472037, 50.273275745169286], [127.68732397575114, 50.27318900203263], [127.68745438079691, 50.27355023715134], [127.68702113012313, 50.273995046252764], [127.68715400786112, 50.27426636903223], [127.68673064269524, 50.274351526445464]]]}}, {"id": "518", "type": "Feature", "properties": {"contour_id": "flood_0519", "area_ha": 0.32, "pair_id": "flood_2019_07_amur__blagoveshchensk", "layer": "flood", "aoi_name": "Благовещенск — слияние Амура и Зеи", "event_name": "Паводок в Приамурье, июль 2019", "date_peak": "2019-07-25"}, "geometry": {"type": "Polygon", "coordinates": [[[127.3228016427859, 50.13898005154081], [127.32295409517944, 50.138622472835955], [127.32393951707127, 50.1384568118545], [127.32392380823907, 50.13890631111816], [127.3228016427859, 50.13898005154081]]]}}, {"id": "519", "type": "Feature", "properties": {"contour_id": "flood_0520", "area_ha": 0.32, "pair_id": "flood_2019_07_amur__blagoveshchensk", "layer": "flood", "aoi_name": "Благовещенск — слияние Амура и Зеи", "event_name": "Паводок в Приамурье, июль 2019", "date_peak": "2019-07-25"}, "geometry": {"type": "Polygon", "coordinates": [[[127.70485925007401, 50.33031778116719], [127.70430473395749, 50.33004178389299], [127.70346685441994, 50.329852563969496], [127.70459543807375, 50.329685264721626], [127.70485925007401, 50.33031778116719]]]}}, {"id": "520", "type": "Feature", "properties": {"contour_id": "flood_0521", "area_ha": 0.32, "pair_id": "flood_2019_07_amur__blagoveshchensk", "layer": "flood", "aoi_name": "Благовещенск — слияние Амура и Зеи", "event_name": "Паводок в Приамурье, июль 2019", "date_peak": "2019-07-25"}, "geometry": {"type": "Polygon", "coordinates": [[[127.62726852743933, 50.33140623457877], [127.62699278651424, 50.3312230982911], [127.62741417064905, 50.331228073854575], [127.62798896403926, 50.33078515771744], [127.62855080464865, 50.33079178660817], [127.62854562773008, 50.33097160579352], [127.6281242456639, 50.33096663434836], [127.62797342676815, 50.33132461512937], [127.62726852743933, 50.33140623457877]]]}}, {"id": "521", "type": "Feature", "properties": {"contour_id": "flood_0522", "area_ha": 0.32, "pair_id": "flood_2019_07_amur__blagoveshchensk", "layer": "flood", "aoi_name": "Благовещенск — слияние Амура и Зеи", "event_name": "Паводок в Приамурье, июль 2019", "date_peak": "2019-07-25"}, "geometry": {"type": "Polygon", "coordinates": [[[127.57792937120844, 50.14355427266336], [127.57765488848784, 50.14337102437329], [127.57766822189306, 50.1429214715569], [127.57739641089292, 50.14264831210965], [127.57809593819763, 50.142656880194465], [127.57792937120844, 50.14355427266336]]]}}, {"id": "522", "type": "Feature", "properties": {"contour_id": "flood_0523", "area_ha": 0.32, "pair_id": "flood_2019_07_amur__blagoveshchensk", "layer": "flood", "aoi_name": "Благовещенск — слияние Амура и Зеи", "event_name": "Паводок в Приамурье, июль 2019", "date_peak": "2019-07-25"}, "geometry": {"type": "Polygon", "coordinates": [[[127.60498823894245, 50.24290897802609], [127.60499873771062, 50.24254933774672], [127.6058399337341, 50.24255943392037], [127.60585567199881, 50.24201997326427], [127.60641646328797, 50.242026700536904], [127.606130822636, 50.24220315748478], [127.60611770995145, 50.242652708073635], [127.60498823894245, 50.24290897802609]]]}}, {"id": "523", "type": "Feature", "properties": {"contour_id": "flood_0524", "area_ha": 0.32, "pair_id": "flood_2019_07_amur__blagoveshchensk", "layer": "flood", "aoi_name": "Благовещенск — слияние Амура и Зеи", "event_name": "Паводок в Приамурье, июль 2019", "date_peak": "2019-07-25"}, "geometry": {"type": "Polygon", "coordinates": [[[127.31738786063951, 50.440211150881396], [127.31740380007031, 50.43976167654217], [127.31698151410971, 50.43975556821271], [127.3169910799711, 50.43948588364885], [127.31783564724337, 50.43949809865955], [127.31781015074176, 50.44021725777592], [127.31738786063951, 50.440211150881396]]]}}, {"id": "524", "type": "Feature", "properties": {"contour_id": "flood_0525", "area_ha": 0.32, "pair_id": "flood_2019_07_amur__blagoveshchensk", "layer": "flood", "aoi_name": "Благовещенск — слияние Амура и Зеи", "event_name": "Паводок в Приамурье, июль 2019", "date_peak": "2019-07-25"}, "geometry": {"type": "Polygon", "coordinates": [[[127.6073125545185, 50.33152866010066], [127.6070368905747, 50.331345477114965], [127.60774182118965, 50.331263980613286], [127.60789541882875, 50.33081611852153], [127.6083167959715, 50.33082116325868], [127.60816320226581, 50.331269025939314], [127.60858195728768, 50.331363978568284], [127.60857670489918, 50.331543796222846], [127.60759873282908, 50.33135220729087], [127.6073125545185, 50.33152866010066]]]}}, {"id": "525", "type": "Feature", "properties": {"contour_id": "flood_0526", "area_ha": 0.32, "pair_id": "flood_2019_07_amur__blagoveshchensk", "layer": "flood", "aoi_name": "Благовещенск — слияние Амура и Зеи", "event_name": "Паводок в Приамурье, июль 2019", "date_peak": "2019-07-25"}, "geometry": {"type": "Polygon", "coordinates": [[[127.67856631044648, 50.32084804839462], [127.67857378994633, 50.32057831360122], [127.68012602395564, 50.32032612686579], [127.67997562970471, 50.32068417904297], [127.67856631044648, 50.32084804839462]]]}}, {"id": "526", "type": "Feature", "properties": {"contour_id": "flood_0527", "area_ha": 0.32, "pair_id": "flood_2019_07_amur__blagoveshchensk", "layer": "flood", "aoi_name": "Благовещенск — слияние Амура и Зеи", "event_name": "Паводок в Приамурье, июль 2019", "date_peak": "2019-07-25"}, "geometry": {"type": "Polygon", "coordinates": [[[127.72196425222458, 50.378804388570956], [127.72185264268663, 50.37772389643164], [127.72213626660948, 50.37763707426334], [127.72239573577211, 50.37844937409081], [127.72196425222458, 50.378804388570956]]]}}, {"id": "527", "type": "Feature", "properties": {"contour_id": "flood_0528", "area_ha": 0.32, "pair_id": "flood_2019_07_amur__blagoveshchensk", "layer": "flood", "aoi_name": "Благовещенск — слияние Амура и Зеи", "event_name": "Паводок в Приамурье, июль 2019", "date_peak": "2019-07-25"}, "geometry": {"type": "Polygon", "coordinates": [[[127.61422075011475, 50.28241371165066], [127.6142259720976, 50.28223389203861], [127.61366993071687, 50.28204737901611], [127.61327249804398, 50.28123316916395], [127.61355312483848, 50.281236517125215], [127.61368037864429, 50.28168773984698], [127.6145118257622, 50.28205741810682], [127.61422075011475, 50.28241371165066]]]}}, {"id": "528", "type": "Feature", "properties": {"contour_id": "flood_0529", "area_ha": 0.32, "pair_id": "flood_2019_07_amur__blagoveshchensk", "layer": "flood", "aoi_name": "Благовещенск — слияние Амура и Зеи", "event_name": "Паводок в Приамурье, июль 2019", "date_peak": "2019-07-25"}, "geometry": {"type": "Polygon", "coordinates": [[[127.69184077457801, 50.261997351308736], [127.6917202189028, 50.26127646842356], [127.6920032001035, 50.261189713093884], [127.69187771817947, 50.260648656302045], [127.69216561988027, 50.260382074499255], [127.69212129739562, 50.26200050872768], [127.69184077457801, 50.261997351308736]]]}}, {"id": "529", "type": "Feature", "properties": {"contour_id": "flood_0530", "area_ha": 0.32, "pair_id": "flood_2019_07_amur__blagoveshchensk", "layer": "flood", "aoi_name": "Благовещенск — слияние Амура и Зеи", "event_name": "Паводок в Приамурье, июль 2019", "date_peak": "2019-07-25"}, "geometry": {"type": "Polygon", "coordinates": [[[127.67913531302109, 50.19376806973963], [127.67929769906848, 50.19296043986622], [127.68000047020853, 50.19287848629909], [127.67971291466527, 50.19314504366402], [127.67984305544881, 50.19350629002047], [127.67913531302109, 50.19376806973963]]]}}, {"id": "530", "type": "Feature", "properties": {"contour_id": "flood_0531", "area_ha": 0.32, "pair_id": "flood_2019_07_amur__blagoveshchensk", "layer": "flood", "aoi_name": "Благовещенск — слияние Амура и Зеи", "event_name": "Паводок в Приамурье, июль 2019", "date_peak": "2019-07-25"}, "geometry": {"type": "Polygon", "coordinates": [[[127.73086830803145, 50.27169397595647], [127.73073518780305, 50.27142270123121], [127.73045460537338, 50.271419636592746], [127.73032627088976, 50.270968532987254], [127.72976989621822, 50.270782572714566], [127.72977468088243, 50.270602744324236], [127.73005765022373, 50.27051589636094], [127.73032866219599, 50.27087861877635], [127.73074714055527, 50.270973130126], [127.7310157702812, 50.271425765192554], [127.73086830803145, 50.27169397595647]]]}}, {"id": "531", "type": "Feature", "properties": {"contour_id": "flood_0532", "area_ha": 0.32, "pair_id": "flood_2019_07_amur__blagoveshchensk", "layer": "flood", "aoi_name": "Благовещенск — слияние Амура и Зеи", "event_name": "Паводок в Приамурье, июль 2019", "date_peak": "2019-07-25"}, "geometry": {"type": "Polygon", "coordinates": [[[127.76074503876052, 50.25061060097879], [127.76004388029538, 50.25060312144428], [127.76019811216258, 50.25006512433693], [127.76089926277417, 50.2500726028833], [127.76074503876052, 50.25061060097879]]]}}, {"id": "532", "type": "Feature", "properties": {"contour_id": "flood_0533", "area_ha": 0.32, "pair_id": "flood_2019_07_amur__blagoveshchensk", "layer": "flood", "aoi_name": "Благовещенск — слияние Амура и Зеи", "event_name": "Паводок в Приамурье, июль 2019", "date_peak": "2019-07-25"}, "geometry": {"type": "Polygon", "coordinates": [[[127.69677406120093, 50.256026750368434], [127.69579480754956, 50.25592582346275], [127.6955216866059, 50.2556529355312], [127.69636805252331, 50.25548255174475], [127.69677406120093, 50.256026750368434]]]}}, {"id": "533", "type": "Feature", "properties": {"contour_id": "flood_0534", "area_ha": 0.32, "pair_id": "flood_2019_07_amur__blagoveshchensk", "layer": "flood", "aoi_name": "Благовещенск — слияние Амура и Зеи", "event_name": "Паводок в Приамурье, июль 2019", "date_peak": "2019-07-25"}, "geometry": {"type": "Polygon", "coordinates": [[[127.64772429140835, 50.19970257941071], [127.64772937224886, 50.19952275470994], [127.6470340770775, 50.19933477471288], [127.6470391604446, 50.199154950051856], [127.64760454029567, 50.19898164987208], [127.64759945908362, 50.199161474580436], [127.64801714336151, 50.19925627857148], [127.64814959955724, 50.19952764588906], [127.64772429140835, 50.19970257941071]]]}}, {"id": "534", "type": "Feature", "properties": {"contour_id": "flood_0535", "area_ha": 0.32, "pair_id": "flood_2019_07_amur__blagoveshchensk", "layer": "flood", "aoi_name": "Благовещенск — слияние Амура и Зеи", "event_name": "Паводок в Приамурье, июль 2019", "date_peak": "2019-07-25"}, "geometry": {"type": "Polygon", "coordinates": [[[127.37837647121208, 50.287367151900455], [127.37839480570699, 50.28682775186089], [127.37923669425228, 50.2868394955947], [127.37924585653639, 50.28656979544248], [127.37952648459066, 50.286573708628744], [127.37937090132544, 50.28702125239732], [127.37837647121208, 50.287367151900455]]]}}, {"id": "535", "type": "Feature", "properties": {"contour_id": "flood_0536", "area_ha": 0.31, "pair_id": "flood_2019_07_amur__blagoveshchensk", "layer": "flood", "aoi_name": "Благовещенск — слияние Амура и Зеи", "event_name": "Паводок в Приамурье, июль 2019", "date_peak": "2019-07-25"}, "geometry": {"type": "Polygon", "coordinates": [[[127.3343711365119, 50.33747246253451], [127.33427469781708, 50.33621188864112], [127.33458076167874, 50.33549673505322], [127.33444973846987, 50.335225031059856], [127.33473693339793, 50.335049260598], [127.3343711365119, 50.33747246253451]]]}}, {"id": "536", "type": "Feature", "properties": {"contour_id": "flood_0537", "area_ha": 0.31, "pair_id": "flood_2019_07_amur__blagoveshchensk", "layer": "flood", "aoi_name": "Благовещенск — слияние Амура и Зеи", "event_name": "Паводок в Приамурье, июль 2019", "date_peak": "2019-07-25"}, "geometry": {"type": "Polygon", "coordinates": [[[127.3524821328002, 50.43945425945436], [127.35292626730525, 50.4388309634148], [127.35335167240065, 50.43874704470023], [127.35332671472999, 50.439466216878046], [127.3524821328002, 50.43945425945436]]]}}, {"id": "537", "type": "Feature", "properties": {"contour_id": "flood_0538", "area_ha": 0.31, "pair_id": "flood_2019_07_amur__blagoveshchensk", "layer": "flood", "aoi_name": "Благовещенск — слияние Амура и Зеи", "event_name": "Паводок в Приамурье, июль 2019", "date_peak": "2019-07-25"}, "geometry": {"type": "Polygon", "coordinates": [[[127.30469929036283, 50.29459053851158], [127.30414755058972, 50.29431265971839], [127.30416353248788, 50.29386317711142], [127.30486518334386, 50.293873412987814], [127.30469929036283, 50.29459053851158]]]}}, {"id": "538", "type": "Feature", "properties": {"contour_id": "flood_0539", "area_ha": 0.31, "pair_id": "flood_2019_07_amur__blagoveshchensk", "layer": "flood", "aoi_name": "Благовещенск — слияние Амура и Зеи", "event_name": "Паводок в Приамурье, июль 2019", "date_peak": "2019-07-25"}, "geometry": {"type": "Polygon", "coordinates": [[[127.72188133059551, 50.28238832606081], [127.72302556896369, 50.281591441217536], [127.72372717258285, 50.281599147497936], [127.72343931552332, 50.281865806901216], [127.72188133059551, 50.28238832606081]]]}}, {"id": "539", "type": "Feature", "properties": {"contour_id": "flood_0540", "area_ha": 0.31, "pair_id": "flood_2019_07_amur__blagoveshchensk", "layer": "flood", "aoi_name": "Благовещенск — слияние Амура и Зеи", "event_name": "Паводок в Приамурье, июль 2019", "date_peak": "2019-07-25"}, "geometry": {"type": "Polygon", "coordinates": [[[127.76053738409185, 50.215351628280104], [127.75941868969687, 50.21524974697309], [127.75914776344696, 50.214887089698685], [127.75970827115309, 50.21489307492186], [127.75970127706556, 50.215162823196216], [127.76054204371711, 50.215171796047684], [127.7605490330665, 50.214902047687985], [127.76138979540478, 50.21491101437173], [127.76138513900909, 50.215090846669874], [127.76068683058527, 50.21499345868377], [127.76053738409185, 50.215351628280104]]]}}, {"id": "540", "type": "Feature", "properties": {"contour_id": "flood_0541", "area_ha": 0.31, "pair_id": "flood_2019_07_amur__blagoveshchensk", "layer": "flood", "aoi_name": "Благовещенск — слияние Амура и Зеи", "event_name": "Паводок в Приамурье, июль 2019", "date_peak": "2019-07-25"}, "geometry": {"type": "Polygon", "coordinates": [[[127.31238774336713, 50.450122170620936], [127.31239414037888, 50.44994238165979], [127.31366126769997, 50.44996075465662], [127.31367085589935, 50.44969107102833], [127.31465639468435, 50.449705351466], [127.3137988638734, 50.45005268979553], [127.31238774336713, 50.450122170620936]]]}}, {"id": "541", "type": "Feature", "properties": {"contour_id": "flood_0542", "area_ha": 0.31, "pair_id": "flood_2019_07_amur__blagoveshchensk", "layer": "flood", "aoi_name": "Благовещенск — слияние Амура и Зеи", "event_name": "Паводок в Приамурье, июль 2019", "date_peak": "2019-07-25"}, "geometry": {"type": "Polygon", "coordinates": [[[127.57759424936913, 50.249142605147284], [127.57748080275853, 50.24824179950156], [127.5779041220099, 50.24815703942029], [127.57787468337557, 50.249146037658335], [127.57759424936913, 50.249142605147284]]]}}, {"id": "542", "type": "Feature", "properties": {"contour_id": "flood_0543", "area_ha": 0.31, "pair_id": "flood_2019_07_amur__blagoveshchensk", "layer": "flood", "aoi_name": "Благовещенск — слияние Амура и Зеи", "event_name": "Паводок в Приамурье, июль 2019", "date_peak": "2019-07-25"}, "geometry": {"type": "Polygon", "coordinates": [[[127.72138891759151, 50.3688148501873], [127.72125317346314, 50.36863347977365], [127.72154882484152, 50.36809709658439], [127.72112951517587, 50.3680025473213], [127.72197296690189, 50.36801181953032], [127.72195364379316, 50.368731118760024], [127.72138891759151, 50.3688148501873]]]}}, {"id": "543", "type": "Feature", "properties": {"contour_id": "flood_0544", "area_ha": 0.31, "pair_id": "flood_2019_07_amur__blagoveshchensk", "layer": "flood", "aoi_name": "Благовещенск — слияние Амура и Зеи", "event_name": "Паводок в Приамурье, июль 2019", "date_peak": "2019-07-25"}, "geometry": {"type": "Polygon", "coordinates": [[[127.57463018400243, 50.24505890572843], [127.57451143709659, 50.2443379148647], [127.57507224802656, 50.24434479361347], [127.57505079854651, 50.24506406466723], [127.57463018400243, 50.24505890572843]]]}}, {"id": "544", "type": "Feature", "properties": {"contour_id": "flood_0545", "area_ha": 0.31, "pair_id": "flood_2019_07_amur__blagoveshchensk", "layer": "flood", "aoi_name": "Благовещенск — слияние Амура и Зеи", "event_name": "Паводок в Приамурье, июль 2019", "date_peak": "2019-07-25"}, "geometry": {"type": "Polygon", "coordinates": [[[127.44397680561403, 50.20425745630956], [127.4434223471891, 50.2040701410407], [127.44272781737973, 50.2038809453342], [127.44343404549716, 50.20371052450066], [127.44398557630103, 50.203987743844564], [127.44397680561403, 50.20425745630956]]]}}, {"id": "545", "type": "Feature", "properties": {"contour_id": "flood_0546", "area_ha": 0.31, "pair_id": "flood_2019_07_amur__blagoveshchensk", "layer": "flood", "aoi_name": "Благовещенск — слияние Амура и Зеи", "event_name": "Паводок в Приамурье, июль 2019", "date_peak": "2019-07-25"}, "geometry": {"type": "Polygon", "coordinates": [[[127.3978575801114, 50.20048247062484], [127.39702322640649, 50.20029107176447], [127.39703226041472, 50.20002136521587], [127.39788165812247, 50.199763252861786], [127.39758648551152, 50.20020889985299], [127.3978575801114, 50.20048247062484]]]}}, {"id": "546", "type": "Feature", "properties": {"contour_id": "flood_0547", "area_ha": 0.3, "pair_id": "flood_2019_07_amur__blagoveshchensk", "layer": "flood", "aoi_name": "Благовещенск — слияние Амура и Зеи", "event_name": "Паводок в Приамурье, июль 2019", "date_peak": "2019-07-25"}, "geometry": {"type": "Polygon", "coordinates": [[[127.80087044267535, 50.26146463696703], [127.80087721574812, 50.261194886722], [127.80045867959629, 50.26110062738033], [127.80032970845959, 50.26064959582502], [127.80143827539057, 50.26120067449156], [127.801431505485, 50.26147042479165], [127.80087044267535, 50.26146463696703]]]}}, {"id": "547", "type": "Feature", "properties": {"contour_id": "flood_0548", "area_ha": 0.3, "pair_id": "flood_2019_07_amur__blagoveshchensk", "layer": "flood", "aoi_name": "Благовещенск — слияние Амура и Зеи", "event_name": "Паводок в Приамурье, июль 2019", "date_peak": "2019-07-25"}, "geometry": {"type": "Polygon", "coordinates": [[[127.72827230864806, 50.32697865438923], [127.72814865521383, 50.32634772508438], [127.72870806711715, 50.32644378293739], [127.72871526428293, 50.32617404305711], [127.72899856728304, 50.32608720099431], [127.7294151279029, 50.32627163321264], [127.72885091895775, 50.32635540536166], [127.72827230864806, 50.32697865438923]]]}}, {"id": "548", "type": "Feature", "properties": {"contour_id": "flood_0549", "area_ha": 0.3, "pair_id": "flood_2019_07_amur__blagoveshchensk", "layer": "flood", "aoi_name": "Благовещенск — слияние Амура и Зеи", "event_name": "Паводок в Приамурье, июль 2019", "date_peak": "2019-07-25"}, "geometry": {"type": "Polygon", "coordinates": [[[127.73511281907433, 50.344501510059146], [127.73512237304959, 50.34414185711438], [127.73470563490169, 50.343957444563486], [127.73471758095373, 50.34350787840717], [127.73527481949557, 50.343693819236], [127.73539383235855, 50.34450456664849], [127.73511281907433, 50.344501510059146]]]}}, {"id": "549", "type": "Feature", "properties": {"contour_id": "flood_0550", "area_ha": 0.3, "pair_id": "flood_2019_07_amur__blagoveshchensk", "layer": "flood", "aoi_name": "Благовещенск — слияние Амура и Зеи", "event_name": "Паводок в Приамурье, июль 2019", "date_peak": "2019-07-25"}, "geometry": {"type": "Polygon", "coordinates": [[[127.67492107012583, 50.25488021151946], [127.67478831398482, 50.25460887484316], [127.6750712854109, 50.25452216057954], [127.6763284493751, 50.25471636930883], [127.67492107012583, 50.25488021151946]]]}}, {"id": "550", "type": "Feature", "properties": {"contour_id": "flood_0551", "area_ha": 0.3, "pair_id": "flood_2019_07_amur__blagoveshchensk", "layer": "flood", "aoi_name": "Благовещенск — слияние Амура и Зеи", "event_name": "Паводок в Приамурье, июль 2019", "date_peak": "2019-07-25"}, "geometry": {"type": "Polygon", "coordinates": [[[127.56821431033472, 50.15018063118134], [127.56822236544922, 50.14991090092238], [127.5677972157074, 50.15008554449617], [127.5678133304519, 50.14954608405411], [127.56851295545275, 50.149554710714675], [127.56849416404643, 50.150184081416526], [127.56821431033472, 50.15018063118134]]]}}, {"id": "551", "type": "Feature", "properties": {"contour_id": "flood_0552", "area_ha": 0.3, "pair_id": "flood_2019_07_amur__blagoveshchensk", "layer": "flood", "aoi_name": "Благовещенск — слияние Амура и Зеи", "event_name": "Паводок в Приамурье, июль 2019", "date_peak": "2019-07-25"}, "geometry": {"type": "Polygon", "coordinates": [[[127.60877888035438, 50.18494185093339], [127.60881283805462, 50.18377300633226], [127.60937294777551, 50.18377971372373], [127.60906677703332, 50.18467547172592], [127.60877888035438, 50.18494185093339]]]}}, {"id": "552", "type": "Feature", "properties": {"contour_id": "flood_0553", "area_ha": 0.3, "pair_id": "flood_2019_07_amur__blagoveshchensk", "layer": "flood", "aoi_name": "Благовещенск — слияние Амура и Зеи", "event_name": "Паводок в Приамурье, июль 2019", "date_peak": "2019-07-25"}, "geometry": {"type": "Polygon", "coordinates": [[[127.31635188017908, 50.4455926192306], [127.31635826114302, 50.44541282976231], [127.31551358924376, 50.44540060299894], [127.31510083203197, 50.44512480327969], [127.31594869005109, 50.445047138269246], [127.31678378696988, 50.44532904608991], [127.31635188017908, 50.4455926192306]]]}}, {"id": "553", "type": "Feature", "properties": {"contour_id": "flood_0554", "area_ha": 0.3, "pair_id": "flood_2019_07_amur__blagoveshchensk", "layer": "flood", "aoi_name": "Благовещенск — слияние Амура и Зеи", "event_name": "Паводок в Приамурье, июль 2019", "date_peak": "2019-07-25"}, "geometry": {"type": "Polygon", "coordinates": [[[127.75513253534488, 50.39049638716834], [127.75513724443809, 50.39031656075071], [127.75457938348274, 50.39013071198239], [127.75458409460697, 50.38995088559117], [127.75486537852005, 50.38995389708446], [127.75487479849821, 50.38959424424606], [127.75542794648977, 50.38995991803101], [127.7554138225438, 50.390499397358944], [127.75513253534488, 50.39049638716834]]]}}, {"id": "554", "type": "Feature", "properties": {"contour_id": "flood_0555", "area_ha": 0.3, "pair_id": "flood_2019_07_amur__blagoveshchensk", "layer": "flood", "aoi_name": "Благовещенск — слияние Амура и Зеи", "event_name": "Паводок в Приамурье, июль 2019", "date_peak": "2019-07-25"}, "geometry": {"type": "Polygon", "coordinates": [[[127.7407378497602, 50.34438268599849], [127.74074498336945, 50.34411294570252], [127.7404639718172, 50.344109902060595], [127.74061874607075, 50.34357194336352], [127.7411831398862, 50.343488115715424], [127.74116650078841, 50.344117509892506], [127.7407378497602, 50.34438268599849]]]}}, {"id": "555", "type": "Feature", "properties": {"contour_id": "flood_0556", "area_ha": 0.3, "pair_id": "flood_2019_07_amur__blagoveshchensk", "layer": "flood", "aoi_name": "Благовещенск — слияние Амура и Зеи", "event_name": "Паводок в Приамурье, июль 2019", "date_peak": "2019-07-25"}, "geometry": {"type": "Polygon", "coordinates": [[[127.61435839548821, 50.33566015549707], [127.61339078491797, 50.33510897864497], [127.61339601979948, 50.3349291607345], [127.6146498033931, 50.335303867461256], [127.61464195804547, 50.33557359445021], [127.61435839548821, 50.33566015549707]]]}}, {"id": "556", "type": "Feature", "properties": {"contour_id": "flood_0557", "area_ha": 0.3, "pair_id": "flood_2019_07_amur__blagoveshchensk", "layer": "flood", "aoi_name": "Благовещенск — слияние Амура и Зеи", "event_name": "Паводок в Приамурье, июль 2019", "date_peak": "2019-07-25"}, "geometry": {"type": "Polygon", "coordinates": [[[127.63485693930278, 50.22833345077995], [127.63459202673074, 50.22779068823959], [127.6341741219149, 50.22769583461046], [127.63404167047675, 50.22742445265434], [127.63460743241794, 50.227251219677385], [127.63459716201184, 50.227610865391505], [127.63500736634792, 50.227975451813464], [127.63485693930278, 50.22833345077995]]]}}, {"id": "557", "type": "Feature", "properties": {"contour_id": "flood_0558", "area_ha": 0.3, "pair_id": "flood_2019_07_amur__blagoveshchensk", "layer": "flood", "aoi_name": "Благовещенск — слияние Амура и Зеи", "event_name": "Паводок в Приамурье, июль 2019", "date_peak": "2019-07-25"}, "geometry": {"type": "Polygon", "coordinates": [[[127.7401358078335, 50.29275085236843], [127.73914857397588, 50.292920027688275], [127.73930318634945, 50.2923820649628], [127.73972424633494, 50.29238663099867], [127.73971712002711, 50.29265637360141], [127.7401358078335, 50.29275085236843]]]}}, {"id": "558", "type": "Feature", "properties": {"contour_id": "flood_0559", "area_ha": 0.29, "pair_id": "flood_2019_07_amur__blagoveshchensk", "layer": "flood", "aoi_name": "Благовещенск — слияние Амура и Зеи", "event_name": "Паводок в Приамурье, июль 2019", "date_peak": "2019-07-25"}, "geometry": {"type": "Polygon", "coordinates": [[[127.63319257406687, 50.32571986116296], [127.63220945587993, 50.325708298909795], [127.6316554206965, 50.32543195880131], [127.63320031167727, 50.32545013161432], [127.63319257406687, 50.32571986116296]]]}}, {"id": "559", "type": "Feature", "properties": {"contour_id": "flood_0560", "area_ha": 0.29, "pair_id": "flood_2019_07_amur__blagoveshchensk", "layer": "flood", "aoi_name": "Благовещенск — слияние Амура и Зеи", "event_name": "Паводок в Приамурье, июль 2019", "date_peak": "2019-07-25"}, "geometry": {"type": "Polygon", "coordinates": [[[127.66719310912823, 50.25029478272539], [127.66693021974078, 50.24966217976719], [127.66763384626375, 50.24958030862008], [127.66761629369569, 50.250209694725136], [127.66719310912823, 50.25029478272539]]]}}, {"id": "560", "type": "Feature", "properties": {"contour_id": "flood_0561", "area_ha": 0.29, "pair_id": "flood_2019_07_amur__blagoveshchensk", "layer": "flood", "aoi_name": "Благовещенск — слияние Амура и Зеи", "event_name": "Паводок в Приамурье, июль 2019", "date_peak": "2019-07-25"}, "geometry": {"type": "Polygon", "coordinates": [[[127.72386508895633, 50.28169060206461], [127.72373198184857, 50.28141931986603], [127.72473344550868, 50.2807107906172], [127.72501167977688, 50.28080378334795], [127.72486175151228, 50.28116189945432], [127.72386508895633, 50.28169060206461]]]}}, {"id": "561", "type": "Feature", "properties": {"contour_id": "flood_0562", "area_ha": 0.29, "pair_id": "flood_2019_07_amur__blagoveshchensk", "layer": "flood", "aoi_name": "Благовещенск — слияние Амура и Зеи", "event_name": "Паводок в Приамурье, июль 2019", "date_peak": "2019-07-25"}, "geometry": {"type": "Polygon", "coordinates": [[[127.39230421486961, 50.28648134029959], [127.39231330318614, 50.28621163839527], [127.39386583605325, 50.28596327681214], [127.39342975993262, 50.286406962187726], [127.39230421486961, 50.28648134029959]]]}}, {"id": "562", "type": "Feature", "properties": {"contour_id": "flood_0563", "area_ha": 0.29, "pair_id": "flood_2019_07_amur__blagoveshchensk", "layer": "flood", "aoi_name": "Благовещенск — слияние Амура и Зеи", "event_name": "Паводок в Приамурье, июль 2019", "date_peak": "2019-07-25"}, "geometry": {"type": "Polygon", "coordinates": [[[127.76343469101211, 50.34714456585264], [127.76344169675201, 50.34687482335522], [127.76302248737036, 50.34678042557166], [127.76345570791175, 50.34633533832049], [127.76318869473057, 50.34579286443016], [127.763605560953, 50.34597717575727], [127.76343469101211, 50.34714456585264]]]}}, {"id": "563", "type": "Feature", "properties": {"contour_id": "flood_0564", "area_ha": 0.29, "pair_id": "flood_2019_07_amur__blagoveshchensk", "layer": "flood", "aoi_name": "Благовещенск — слияние Амура и Зеи", "event_name": "Паводок в Приамурье, июль 2019", "date_peak": "2019-07-25"}, "geometry": {"type": "Polygon", "coordinates": [[[127.72631301937906, 50.226763742295276], [127.72618004552827, 50.22649246144279], [127.7257595681853, 50.22648785071114], [127.72562659822462, 50.22621656924235], [127.72661010108726, 50.22613741155363], [127.72631301937906, 50.226763742295276]]]}}, {"id": "564", "type": "Feature", "properties": {"contour_id": "flood_0565", "area_ha": 0.29, "pair_id": "flood_2019_07_amur__blagoveshchensk", "layer": "flood", "aoi_name": "Благовещенск — слияние Амура и Зеи", "event_name": "Паводок в Приамурье, июль 2019", "date_peak": "2019-07-25"}, "geometry": {"type": "Polygon", "coordinates": [[[127.35307703277022, 50.31264505369598], [127.3530894576029, 50.312285459782835], [127.35351683195168, 50.31211162921186], [127.35367584956518, 50.31157422658555], [127.35423739287043, 50.31158217857722], [127.35351372659214, 50.312201527714464], [127.35350441041894, 50.31247122321302], [127.35307703277022, 50.31264505369598]]]}}, {"id": "565", "type": "Feature", "properties": {"contour_id": "flood_0566", "area_ha": 0.29, "pair_id": "flood_2019_07_amur__blagoveshchensk", "layer": "flood", "aoi_name": "Благовещенск — слияние Амура и Зеи", "event_name": "Паводок в Приамурье, июль 2019", "date_peak": "2019-07-25"}, "geometry": {"type": "Polygon", "coordinates": [[[127.67450271141806, 50.18903832216974], [127.67366492274411, 50.18893881690457], [127.6736748856785, 50.18857916301592], [127.6745151572334, 50.18858875466065], [127.67450271141806, 50.18903832216974]]]}}, {"id": "566", "type": "Feature", "properties": {"contour_id": "flood_0567", "area_ha": 0.29, "pair_id": "flood_2019_07_amur__blagoveshchensk", "layer": "flood", "aoi_name": "Благовещенск — слияние Амура и Зеи", "event_name": "Паводок в Приамурье, июль 2019", "date_peak": "2019-07-25"}, "geometry": {"type": "Polygon", "coordinates": [[[127.38243650582466, 50.287693558434896], [127.38315637459402, 50.28716391975554], [127.38345528384917, 50.28662842212878], [127.38342786789282, 50.28743752421751], [127.38243650582466, 50.287693558434896]]]}}, {"id": "567", "type": "Feature", "properties": {"contour_id": "flood_0568", "area_ha": 0.29, "pair_id": "flood_2019_07_amur__blagoveshchensk", "layer": "flood", "aoi_name": "Благовещенск — слияние Амура и Зеи", "event_name": "Паводок в Приамурье, июль 2019", "date_peak": "2019-07-25"}, "geometry": {"type": "Polygon", "coordinates": [[[127.69530755602491, 50.319957854113376], [127.69532478640922, 50.319328468591195], [127.69602693768034, 50.31933634631095], [127.69573869514178, 50.31960293243802], [127.69586928443016, 50.3199641567683], [127.69530755602491, 50.319957854113376]]]}}, {"id": "568", "type": "Feature", "properties": {"contour_id": "flood_0569", "area_ha": 0.29, "pair_id": "flood_2019_07_amur__blagoveshchensk", "layer": "flood", "aoi_name": "Благовещенск — слияние Амура и Зеи", "event_name": "Паводок в Приамурье, июль 2019", "date_peak": "2019-07-25"}, "geometry": {"type": "Polygon", "coordinates": [[[127.60432748938211, 50.198289855847285], [127.60419004186308, 50.19819826208899], [127.60423723683681, 50.19657986867371], [127.6045147447317, 50.19667314512537], [127.60432748938211, 50.198289855847285]]]}}, {"id": "569", "type": "Feature", "properties": {"contour_id": "flood_0570", "area_ha": 0.29, "pair_id": "flood_2019_07_amur__blagoveshchensk", "layer": "flood", "aoi_name": "Благовещенск — слияние Амура и Зеи", "event_name": "Паводок в Приамурье, июль 2019", "date_peak": "2019-07-25"}, "geometry": {"type": "Polygon", "coordinates": [[[127.69349685330845, 50.2630053291218], [127.69350669309179, 50.26264567697794], [127.69378967929035, 50.26255891735582], [127.69351161290862, 50.26246585089708], [127.69351899254035, 50.262196111764645], [127.69393977881805, 50.26220084157717], [127.69420555160707, 50.26274347234087], [127.69349685330845, 50.2630053291218]]]}}, {"id": "570", "type": "Feature", "properties": {"contour_id": "flood_0571", "area_ha": 0.29, "pair_id": "flood_2019_07_amur__blagoveshchensk", "layer": "flood", "aoi_name": "Благовещенск — слияние Амура и Зеи", "event_name": "Паводок в Приамурье, июль 2019", "date_peak": "2019-07-25"}, "geometry": {"type": "Polygon", "coordinates": [[[127.39232239136442, 50.2859419364772], [127.3926121039886, 50.28567611609302], [127.39303304098004, 50.285681937144794], [127.39303909695546, 50.285502135787674], [127.39402128010863, 50.285515712230165], [127.39401522783078, 50.285695513673396], [127.39317335334124, 50.28568387715679], [127.39316427005528, 50.285953579199436], [127.39232239136442, 50.2859419364772]]]}}, {"id": "571", "type": "Feature", "properties": {"contour_id": "flood_0572", "area_ha": 0.29, "pair_id": "flood_2019_07_amur__blagoveshchensk", "layer": "flood", "aoi_name": "Благовещенск — слияние Амура и Зеи", "event_name": "Паводок в Приамурье, июль 2019", "date_peak": "2019-07-25"}, "geometry": {"type": "Polygon", "coordinates": [[[127.55478225508736, 50.23815802951187], [127.55563965803802, 50.23762903915887], [127.55564780909725, 50.23735931446922], [127.55592817128495, 50.23736279934589], [127.55591187220432, 50.23790224877794], [127.55549132420084, 50.23789702110991], [127.55548317210334, 50.23816674575588], [127.55478225508736, 50.23815802951187]]]}}, {"id": "572", "type": "Feature", "properties": {"contour_id": "flood_0573", "area_ha": 0.29, "pair_id": "flood_2019_07_amur__blagoveshchensk", "layer": "flood", "aoi_name": "Благовещенск — слияние Амура и Зеи", "event_name": "Паводок в Приамурье, июль 2019", "date_peak": "2019-07-25"}, "geometry": {"type": "Polygon", "coordinates": [[[127.73870151699384, 50.368194454976525], [127.73858477972333, 50.36729380032857], [127.73886831131503, 50.3672069365114], [127.73873488823529, 50.36693567298159], [127.73901603437506, 50.366938721795655], [127.73898743697097, 50.36801767792519], [127.73870151699384, 50.368194454976525]]]}}, {"id": "573", "type": "Feature", "properties": {"contour_id": "flood_0574", "area_ha": 0.28, "pair_id": "flood_2019_07_amur__blagoveshchensk", "layer": "flood", "aoi_name": "Благовещенск — слияние Амура и Зеи", "event_name": "Паводок в Приамурье, июль 2019", "date_peak": "2019-07-25"}, "geometry": {"type": "Polygon", "coordinates": [[[127.78120935259689, 50.37755161943737], [127.78121856924598, 50.37719196226789], [127.78220511117675, 50.377112357909176], [127.78191238617829, 50.37755898464486], [127.78120935259689, 50.37755161943737]]]}}, {"id": "574", "type": "Feature", "properties": {"contour_id": "flood_0575", "area_ha": 0.28, "pair_id": "flood_2019_07_amur__blagoveshchensk", "layer": "flood", "aoi_name": "Благовещенск — слияние Амура и Зеи", "event_name": "Паводок в Приамурье, июль 2019", "date_peak": "2019-07-25"}, "geometry": {"type": "Polygon", "coordinates": [[[127.55408502485761, 50.159179767226284], [127.55382682347776, 50.158457006769815], [127.55440560616795, 50.157834610824544], [127.5543839122574, 50.15855388613727], [127.55408502485761, 50.159179767226284]]]}}, {"id": "575", "type": "Feature", "properties": {"contour_id": "flood_0576", "area_ha": 0.28, "pair_id": "flood_2019_07_amur__blagoveshchensk", "layer": "flood", "aoi_name": "Благовещенск — слияние Амура и Зеи", "event_name": "Паводок в Приамурье, июль 2019", "date_peak": "2019-07-25"}, "geometry": {"type": "Polygon", "coordinates": [[[127.72347232009622, 50.401215666591526], [127.72319580467286, 50.401032754819745], [127.7232054680033, 50.40067310705056], [127.72292412408207, 50.40067001853306], [127.72279070190268, 50.4003987382209], [127.72349405774665, 50.40040645901595], [127.72347232009622, 50.401215666591526]]]}}, {"id": "576", "type": "Feature", "properties": {"contour_id": "flood_0577", "area_ha": 0.28, "pair_id": "flood_2019_07_amur__blagoveshchensk", "layer": "flood", "aoi_name": "Благовещенск — слияние Амура и Зеи", "event_name": "Паводок в Приамурье, июль 2019", "date_peak": "2019-07-25"}, "geometry": {"type": "Polygon", "coordinates": [[[127.68606780294873, 50.26274169004268], [127.6859324880656, 50.26256027856278], [127.68564948794861, 50.26264701893916], [127.68552654952414, 50.26201604319276], [127.6866511114723, 50.26193881696448], [127.68594485876855, 50.262110714703695], [127.68606780294873, 50.26274169004268]]]}}, {"id": "577", "type": "Feature", "properties": {"contour_id": "flood_0578", "area_ha": 0.28, "pair_id": "flood_2019_07_amur__blagoveshchensk", "layer": "flood", "aoi_name": "Благовещенск — слияние Амура и Зеи", "event_name": "Паводок в Приамурье, июль 2019", "date_peak": "2019-07-25"}, "geometry": {"type": "Polygon", "coordinates": [[[127.34687102912366, 50.42264566479861], [127.34673657651132, 50.422463872029844], [127.34702113203677, 50.42237797495469], [127.34703052141624, 50.42210828545915], [127.34647080516294, 50.42201038956352], [127.34632383149916, 50.42218818222789], [127.34619564491958, 50.42182659591425], [127.34717749220033, 50.42193049187134], [127.3472994279759, 50.42247187018998], [127.34687102912366, 50.42264566479861]]]}}, {"id": "578", "type": "Feature", "properties": {"contour_id": "flood_0579", "area_ha": 0.28, "pair_id": "flood_2019_07_amur__blagoveshchensk", "layer": "flood", "aoi_name": "Благовещенск — слияние Амура и Зеи", "event_name": "Паводок в Приамурье, июль 2019", "date_peak": "2019-07-25"}, "geometry": {"type": "Polygon", "coordinates": [[[127.55349339221198, 50.178779977676314], [127.5533669609474, 50.178328688572414], [127.55268865535571, 50.17760069475986], [127.55310595727349, 50.17769583709667], [127.55323510035844, 50.17805721743847], [127.55378427057664, 50.178423828527045], [127.55377341115238, 50.17878346481541], [127.55349339221198, 50.178779977676314]]]}}, {"id": "579", "type": "Feature", "properties": {"contour_id": "flood_0580", "area_ha": 0.28, "pair_id": "flood_2019_07_amur__blagoveshchensk", "layer": "flood", "aoi_name": "Благовещенск — слияние Амура и Зеи", "event_name": "Паводок в Приамурье, июль 2019", "date_peak": "2019-07-25"}, "geometry": {"type": "Polygon", "coordinates": [[[127.73200523827933, 50.445288711850466], [127.73201244711045, 50.445018977166306], [127.73131083214835, 50.44492139145058], [127.73286447449257, 50.44475844577123], [127.73229405488185, 50.4450220456443], [127.73228684765073, 50.445291780357714], [127.73200523827933, 50.445288711850466]]]}}, {"id": "580", "type": "Feature", "properties": {"contour_id": "flood_0581", "area_ha": 0.28, "pair_id": "flood_2019_07_amur__blagoveshchensk", "layer": "flood", "aoi_name": "Благовещенск — слияние Амура и Зеи", "event_name": "Паводок в Приамурье, июль 2019", "date_peak": "2019-07-25"}, "geometry": {"type": "Polygon", "coordinates": [[[127.58315870962365, 50.245972687672214], [127.58331757798601, 50.24534503290389], [127.58248701013362, 50.244975136645], [127.5834684458812, 50.244987105438405], [127.58343912570419, 50.24597610660122], [127.58315870962365, 50.245972687672214]]]}}, {"id": "581", "type": "Feature", "properties": {"contour_id": "flood_0582", "area_ha": 0.28, "pair_id": "flood_2019_07_amur__blagoveshchensk", "layer": "flood", "aoi_name": "Благовещенск — слияние Амура и Зеи", "event_name": "Паводок в Приамурье, июль 2019", "date_peak": "2019-07-25"}, "geometry": {"type": "Polygon", "coordinates": [[[127.69507619504245, 50.333536157897576], [127.69522651857002, 50.33317808639776], [127.69621719901414, 50.33291938090977], [127.69592395086448, 50.33336579032586], [127.69507619504245, 50.333536157897576]]]}}, {"id": "582", "type": "Feature", "properties": {"contour_id": "flood_0583", "area_ha": 0.28, "pair_id": "flood_2019_07_amur__blagoveshchensk", "layer": "flood", "aoi_name": "Благовещенск — слияние Амура и Зеи", "event_name": "Паводок в Приамурье, июль 2019", "date_peak": "2019-07-25"}, "geometry": {"type": "Polygon", "coordinates": [[[127.45358948574709, 50.30134388482368], [127.45346661782443, 50.30080259901236], [127.45319172850142, 50.30061905746937], [127.45320339325569, 50.30025944527206], [127.4538993602039, 50.30044858861843], [127.45358948574709, 50.30134388482368]]]}}, {"id": "583", "type": "Feature", "properties": {"contour_id": "flood_0584", "area_ha": 0.28, "pair_id": "flood_2019_07_amur__blagoveshchensk", "layer": "flood", "aoi_name": "Благовещенск — слияние Амура и Зеи", "event_name": "Паводок в Приамурье, июль 2019", "date_peak": "2019-07-25"}, "geometry": {"type": "Polygon", "coordinates": [[[127.70071689894623, 50.44089632806108], [127.7007267462957, 50.44053668594522], [127.70144053252282, 50.44018490238624], [127.70142576972127, 50.44072436573646], [127.70071689894623, 50.44089632806108]]]}}, {"id": "584", "type": "Feature", "properties": {"contour_id": "flood_0585", "area_ha": 0.28, "pair_id": "flood_2019_07_amur__blagoveshchensk", "layer": "flood", "aoi_name": "Благовещенск — слияние Амура и Зеи", "event_name": "Паводок в Приамурье, июль 2019", "date_peak": "2019-07-25"}, "geometry": {"type": "Polygon", "coordinates": [[[127.63385857749786, 50.336790319530046], [127.63386373542933, 50.3366105001267], [127.6345687014465, 50.336528841292385], [127.63443595758604, 50.33625746227426], [127.63513576442205, 50.33635561942769], [127.63484450217108, 50.336711959932245], [127.63385857749786, 50.336790319530046]], [[127.63485481050964, 50.33635232096702], [127.63499271065926, 50.33644388003097], [127.6349952874593, 50.33635397028219], [127.63485481050964, 50.33635232096702]]]}}, {"id": "585", "type": "Feature", "properties": {"contour_id": "flood_0586", "area_ha": 0.28, "pair_id": "flood_2019_07_amur__blagoveshchensk", "layer": "flood", "aoi_name": "Благовещенск — слияние Амура и Зеи", "event_name": "Паводок в Приамурье, июль 2019", "date_peak": "2019-07-25"}, "geometry": {"type": "Polygon", "coordinates": [[[127.71846876804179, 50.4197778872084], [127.71834259961221, 50.41923686799422], [127.71806357340948, 50.41914385541878], [127.71820915349795, 50.41896558307953], [127.71848332629789, 50.41923841828814], [127.71876720550661, 50.41915160686369], [127.71875992806865, 50.419421341364455], [127.71903895728666, 50.41951435228789], [127.71875507638168, 50.419601164357566], [127.71889095296571, 50.41978253715766], [127.71846876804179, 50.4197778872084]]]}}, {"id": "586", "type": "Feature", "properties": {"contour_id": "flood_0587", "area_ha": 0.28, "pair_id": "flood_2019_07_amur__blagoveshchensk", "layer": "flood", "aoi_name": "Благовещенск — слияние Амура и Зеи", "event_name": "Паводок в Приамурье, июль 2019", "date_peak": "2019-07-25"}, "geometry": {"type": "Polygon", "coordinates": [[[127.64104215602295, 50.32635152083785], [127.6392111995965, 50.32650998464855], [127.63921633545, 50.32633016452533], [127.64104215602295, 50.32635152083785]]]}}, {"id": "587", "type": "Feature", "properties": {"contour_id": "flood_0588", "area_ha": 0.28, "pair_id": "flood_2019_07_amur__blagoveshchensk", "layer": "flood", "aoi_name": "Благовещенск — слияние Амура и Зеи", "event_name": "Паводок в Приамурье, июль 2019", "date_peak": "2019-07-25"}, "geometry": {"type": "Polygon", "coordinates": [[[127.7392590173665, 50.352461182905245], [127.7387088080526, 50.352005520846454], [127.73857780950463, 50.35164434352122], [127.73941383407984, 50.35192322687448], [127.7392590173665, 50.352461182905245]]]}}, {"id": "588", "type": "Feature", "properties": {"contour_id": "flood_0589", "area_ha": 0.28, "pair_id": "flood_2019_07_amur__blagoveshchensk", "layer": "flood", "aoi_name": "Благовещенск — слияние Амура и Зеи", "event_name": "Паводок в Приамурье, июль 2019", "date_peak": "2019-07-25"}, "geometry": {"type": "Polygon", "coordinates": [[[127.71768267959048, 50.33414744100165], [127.71684951738725, 50.33377849114965], [127.71642567254663, 50.3338637522563], [127.71629731391732, 50.333412637643725], [127.71782799525614, 50.33396916462703], [127.71768267959048, 50.33414744100165]]]}}, {"id": "589", "type": "Feature", "properties": {"contour_id": "flood_0590", "area_ha": 0.28, "pair_id": "flood_2019_07_amur__blagoveshchensk", "layer": "flood", "aoi_name": "Благовещенск — слияние Амура и Зеи", "event_name": "Паводок в Приамурье, июль 2019", "date_peak": "2019-07-25"}, "geometry": {"type": "Polygon", "coordinates": [[[127.63512799579014, 50.22374961270693], [127.63471782613956, 50.22338502674019], [127.63597913047009, 50.22339984197632], [127.63583129070462, 50.22366793112081], [127.63512799579014, 50.22374961270693]]]}}, {"id": "590", "type": "Feature", "properties": {"contour_id": "flood_0591", "area_ha": 0.27, "pair_id": "flood_2019_07_amur__blagoveshchensk", "layer": "flood", "aoi_name": "Благовещенск — слияние Амура и Зеи", "event_name": "Паводок в Приамурье, июль 2019", "date_peak": "2019-07-25"}, "geometry": {"type": "Polygon", "coordinates": [[[127.67128586389678, 50.28973569367538], [127.67243111621043, 50.28893931606012], [127.67285213470574, 50.28894412405696], [127.67170688922353, 50.28974050587471], [127.67128586389678, 50.28973569367538]]]}}, {"id": "591", "type": "Feature", "properties": {"contour_id": "flood_0592", "area_ha": 0.27, "pair_id": "flood_2019_07_amur__blagoveshchensk", "layer": "flood", "aoi_name": "Благовещенск — слияние Амура и Зеи", "event_name": "Паводок в Приамурье, июль 2019", "date_peak": "2019-07-25"}, "geometry": {"type": "Polygon", "coordinates": [[[127.66004593747353, 50.29005636301613], [127.66005856413142, 50.2896068060053], [127.6597778826847, 50.289603569924154], [127.6597854601115, 50.289333835730574], [127.66075521999063, 50.289794716104076], [127.66075017195769, 50.289974538958226], [127.66004593747353, 50.29005636301613]], [[127.66033419606185, 50.289789864238244], [127.66047201281995, 50.28988139311381], [127.66047453735865, 50.289791481696234], [127.66033419606185, 50.289789864238244]]]}}, {"id": "592", "type": "Feature", "properties": {"contour_id": "flood_0593", "area_ha": 0.27, "pair_id": "flood_2019_07_amur__blagoveshchensk", "layer": "flood", "aoi_name": "Благовещенск — слияние Амура и Зеи", "event_name": "Паводок в Приамурье, июль 2019", "date_peak": "2019-07-25"}, "geometry": {"type": "Polygon", "coordinates": [[[127.72915783838232, 50.446426838181594], [127.72903148259957, 50.445885831550875], [127.72988113459004, 50.44571523374085], [127.72959230024323, 50.44598189379352], [127.7298715063994, 50.44607487964348], [127.72944908578445, 50.44607026780856], [127.72958026212393, 50.4464314510971], [127.72915783838232, 50.446426838181594]], [[127.72931068707, 50.44597881873569], [127.72944908578445, 50.44607026780856], [127.72945149365047, 50.44598035634977], [127.72931068707, 50.44597881873569]]]}}, {"id": "593", "type": "Feature", "properties": {"contour_id": "flood_0594", "area_ha": 0.27, "pair_id": "flood_2019_07_amur__blagoveshchensk", "layer": "flood", "aoi_name": "Благовещенск — слияние Амура и Зеи", "event_name": "Паводок в Приамурье, июль 2019", "date_peak": "2019-07-25"}, "geometry": {"type": "Polygon", "coordinates": [[[127.33700576980118, 50.36665140593102], [127.33688722213398, 50.36602011746062], [127.33758366534288, 50.36620996007943], [127.33770850517357, 50.366661454041555], [127.33700576980118, 50.36665140593102]]]}}, {"id": "594", "type": "Feature", "properties": {"contour_id": "flood_0595", "area_ha": 0.27, "pair_id": "flood_2019_07_amur__blagoveshchensk", "layer": "flood", "aoi_name": "Благовещенск — слияние Амура и Зеи", "event_name": "Паводок в Приамурье, июль 2019", "date_peak": "2019-07-25"}, "geometry": {"type": "Polygon", "coordinates": [[[127.78584934079701, 50.39963502035623], [127.78587001524885, 50.39882579338722], [127.7861536515513, 50.398738815479454], [127.78600149764416, 50.3991869180446], [127.7864212143884, 50.39928123578644], [127.7864120298823, 50.399640892276935], [127.78584934079701, 50.39963502035623]]]}}, {"id": "595", "type": "Feature", "properties": {"contour_id": "flood_0596", "area_ha": 0.27, "pair_id": "flood_2019_07_amur__blagoveshchensk", "layer": "flood", "aoi_name": "Благовещенск — слияние Амура и Зеи", "event_name": "Паводок в Приамурье, июль 2019", "date_peak": "2019-07-25"}, "geometry": {"type": "Polygon", "coordinates": [[[127.596348566229, 50.3221329450435], [127.59565170209079, 50.32194464811733], [127.5963591597164, 50.32177331101784], [127.59650753558918, 50.321505280930545], [127.59706925931687, 50.321512061025686], [127.596348566229, 50.3221329450435]]]}}, {"id": "596", "type": "Feature", "properties": {"contour_id": "flood_0597", "area_ha": 0.27, "pair_id": "flood_2019_07_amur__blagoveshchensk", "layer": "flood", "aoi_name": "Благовещенск — слияние Амура и Зеи", "event_name": "Паводок в Приамурье, июль 2019", "date_peak": "2019-07-25"}, "geometry": {"type": "Polygon", "coordinates": [[[127.58678961331066, 50.237022731921506], [127.58679758844372, 50.23675300354188], [127.58707529304381, 50.23684632271216], [127.58722344722712, 50.23657829887574], [127.58819940116904, 50.23677004527024], [127.58777620069024, 50.23685484402599], [127.58777088761013, 50.237034663019905], [127.58678961331066, 50.237022731921506]]]}}, {"id": "597", "type": "Feature", "properties": {"contour_id": "flood_0598", "area_ha": 0.27, "pair_id": "flood_2019_07_amur__blagoveshchensk", "layer": "flood", "aoi_name": "Благовещенск — слияние Амура и Зеи", "event_name": "Паводок в Приамурье, июль 2019", "date_peak": "2019-07-25"}, "geometry": {"type": "Polygon", "coordinates": [[[127.72304376129202, 50.30713461102648], [127.72248217801886, 50.30712844078453], [127.7224894054737, 50.30685870065613], [127.72277742125567, 50.30659204591563], [127.72264666226135, 50.306230849737126], [127.72293226508991, 50.30605410795043], [127.72304376129202, 50.30713461102648]]]}}, {"id": "598", "type": "Feature", "properties": {"contour_id": "flood_0599", "area_ha": 0.27, "pair_id": "flood_2019_07_amur__blagoveshchensk", "layer": "flood", "aoi_name": "Благовещенск — слияние Амура и Зеи", "event_name": "Паводок в Приамурье, июль 2019", "date_peak": "2019-07-25"}, "geometry": {"type": "Polygon", "coordinates": [[[127.55276251598674, 50.24002167147974], [127.55362269586193, 50.239402788559566], [127.55377376567122, 50.23904490106181], [127.5537519997407, 50.23976416606679], [127.55276251598674, 50.24002167147974]]]}}, {"id": "599", "type": "Feature", "properties": {"contour_id": "flood_0600", "area_ha": 0.27, "pair_id": "flood_2019_07_amur__blagoveshchensk", "layer": "flood", "aoi_name": "Благовещенск — слияние Амура и Зеи", "event_name": "Паводок в Приамурье, июль 2019", "date_peak": "2019-07-25"}, "geometry": {"type": "Polygon", "coordinates": [[[127.60713841733056, 50.241315824480644], [127.60716462192562, 50.240416722667526], [127.6080057811924, 50.24042680285587], [127.6077149172551, 50.24078308429787], [127.60729433447908, 50.240778043886145], [127.60713841733056, 50.241315824480644]]]}}, {"id": "600", "type": "Feature", "properties": {"contour_id": "flood_0601", "area_ha": 0.27, "pair_id": "flood_2019_07_amur__blagoveshchensk", "layer": "flood", "aoi_name": "Благовещенск — слияние Амура и Зеи", "event_name": "Паводок в Приамурье, июль 2019", "date_peak": "2019-07-25"}, "geometry": {"type": "Polygon", "coordinates": [[[127.39041720331748, 50.19255449117283], [127.39043231781145, 50.1921049811041], [127.39168057626951, 50.19248204820398], [127.39167755570466, 50.19257195027001], [127.39041720331748, 50.19255449117283]]]}}, {"id": "601", "type": "Feature", "properties": {"contour_id": "flood_0602", "area_ha": 0.27, "pair_id": "flood_2019_07_amur__blagoveshchensk", "layer": "flood", "aoi_name": "Благовещенск — слияние Амура и Зеи", "event_name": "Паводок в Приамурье, июль 2019", "date_peak": "2019-07-25"}, "geometry": {"type": "Polygon", "coordinates": [[[127.6174231782142, 50.331739273532605], [127.61743361623567, 50.33137963688372], [127.61674175323002, 50.331011646567305], [127.61716574362848, 50.33092675010096], [127.6177145387737, 50.33138297719618], [127.6182763840086, 50.331389655785635], [127.6174231782142, 50.331739273532605]]]}}, {"id": "602", "type": "Feature", "properties": {"contour_id": "flood_0603", "area_ha": 0.27, "pair_id": "flood_2019_07_amur__blagoveshchensk", "layer": "flood", "aoi_name": "Благовещенск — слияние Амура и Зеи", "event_name": "Паводок в Приамурье, июль 2019", "date_peak": "2019-07-25"}, "geometry": {"type": "Polygon", "coordinates": [[[127.69243230822772, 50.32235392662816], [127.69201839516634, 50.3220794510987], [127.69216870382603, 50.321721382759506], [127.69300392853448, 50.32200059500964], [127.69243230822772, 50.32235392662816]]]}}, {"id": "603", "type": "Feature", "properties": {"contour_id": "flood_0604", "area_ha": 0.27, "pair_id": "flood_2019_07_amur__blagoveshchensk", "layer": "flood", "aoi_name": "Благовещенск — слияние Амура и Зеи", "event_name": "Паводок в Приамурье, июль 2019", "date_peak": "2019-07-25"}, "geometry": {"type": "Polygon", "coordinates": [[[127.5857628358318, 50.19113975012373], [127.58549336675395, 50.19077669899328], [127.58536926048306, 50.190235532688845], [127.58592944017374, 50.1902423537434], [127.5857628358318, 50.19113975012373]]]}}, {"id": "604", "type": "Feature", "properties": {"contour_id": "flood_0605", "area_ha": 0.27, "pair_id": "flood_2019_07_amur__blagoveshchensk", "layer": "flood", "aoi_name": "Благовещенск — слияние Амура и Зеи", "event_name": "Паводок в Приамурье, июль 2019", "date_peak": "2019-07-25"}, "geometry": {"type": "Polygon", "coordinates": [[[127.52241099442047, 50.24647525886976], [127.5212921314483, 50.246371083289084], [127.52129769642143, 50.246191269856126], [127.52283995049025, 50.24621088657082], [127.52241099442047, 50.24647525886976]]]}}, {"id": "605", "type": "Feature", "properties": {"contour_id": "flood_0606", "area_ha": 0.27, "pair_id": "flood_2019_07_amur__blagoveshchensk", "layer": "flood", "aoi_name": "Благовещенск — слияние Амура и Зеи", "event_name": "Паводок в Приамурье, июль 2019", "date_peak": "2019-07-25"}, "geometry": {"type": "Polygon", "coordinates": [[[127.57552319492257, 50.139747162786456], [127.57552853563121, 50.139567341718035], [127.57496895042654, 50.13956047552179], [127.57498230720243, 50.139110922933256], [127.57568178219127, 50.139119505121386], [127.57552319492257, 50.139747162786456]]]}}, {"id": "606", "type": "Feature", "properties": {"contour_id": "flood_0607", "area_ha": 0.27, "pair_id": "flood_2019_07_amur__blagoveshchensk", "layer": "flood", "aoi_name": "Благовещенск — слияние Амура и Зеи", "event_name": "Паводок в Приамурье, июль 2019", "date_peak": "2019-07-25"}, "geometry": {"type": "Polygon", "coordinates": [[[127.58310705236028, 50.22879317162397], [127.58311504593915, 50.228523443289056], [127.58396397603906, 50.228263967350664], [127.58394799848358, 50.22880342422904], [127.58310705236028, 50.22879317162397]]]}}, {"id": "607", "type": "Feature", "properties": {"contour_id": "flood_0608", "area_ha": 0.27, "pair_id": "flood_2019_07_amur__blagoveshchensk", "layer": "flood", "aoi_name": "Благовещенск — слияние Амура и Зеи", "event_name": "Паводок в Приамурье, июль 2019", "date_peak": "2019-07-25"}, "geometry": {"type": "Polygon", "coordinates": [[[127.56870154459821, 50.15261510328922], [127.56856966448377, 50.1523436482591], [127.56859650978406, 50.151444547540336], [127.56872033490073, 50.15198573279522], [127.56914013138379, 50.15199090620067], [127.56898141257776, 50.15261855247127], [127.56870154459821, 50.15261510328922]]]}}, {"id": "608", "type": "Feature", "properties": {"contour_id": "flood_0609", "area_ha": 0.27, "pair_id": "flood_2019_07_amur__blagoveshchensk", "layer": "flood", "aoi_name": "Благовещенск — слияние Амура и Зеи", "event_name": "Паводок в Приамурье, июль 2019", "date_peak": "2019-07-25"}, "geometry": {"type": "Polygon", "coordinates": [[[127.60930938233055, 50.23900334723501], [127.60933031172894, 50.23828406484586], [127.61017143424148, 50.23829412905124], [127.6097351806996, 50.23882855960594], [127.60930938233055, 50.23900334723501]]]}}, {"id": "609", "type": "Feature", "properties": {"contour_id": "flood_0610", "area_ha": 0.26, "pair_id": "flood_2019_07_amur__blagoveshchensk", "layer": "flood", "aoi_name": "Благовещенск — слияние Амура и Зеи", "event_name": "Паводок в Приамурье, июль 2019", "date_peak": "2019-07-25"}, "geometry": {"type": "Polygon", "coordinates": [[[127.50417310879425, 50.246601672936386], [127.5039011446232, 50.246328344712325], [127.50432457150339, 50.246243853701216], [127.50433020029251, 50.24606404164834], [127.50474799691624, 50.24615936113245], [127.50489664057169, 50.245891447125125], [127.50517142086163, 50.246074867006016], [127.50417310879425, 50.246601672936386]]]}}, {"id": "610", "type": "Feature", "properties": {"contour_id": "flood_0611", "area_ha": 0.26, "pair_id": "flood_2019_07_amur__blagoveshchensk", "layer": "flood", "aoi_name": "Благовещенск — слияние Амура и Зеи", "event_name": "Паводок в Приамурье, июль 2019", "date_peak": "2019-07-25"}, "geometry": {"type": "Polygon", "coordinates": [[[127.56167138345167, 50.13031222898145], [127.56167946967615, 50.13004249856736], [127.56209907287776, 50.13004769577867], [127.5622551064345, 50.129509966845035], [127.56251059469162, 50.13032262198717], [127.56167138345167, 50.13031222898145]]]}}, {"id": "611", "type": "Feature", "properties": {"contour_id": "flood_0612", "area_ha": 0.26, "pair_id": "flood_2019_07_amur__blagoveshchensk", "layer": "flood", "aoi_name": "Благовещенск — слияние Амура и Зеи", "event_name": "Паводок в Приамурье, июль 2019", "date_peak": "2019-07-25"}, "geometry": {"type": "Polygon", "coordinates": [[[127.65159868005506, 50.32566497591695], [127.65188720472786, 50.32539850178859], [127.65357763481505, 50.325238211191134], [127.65357255335056, 50.32541803241452], [127.65258689048946, 50.325496553090616], [127.65258180523996, 50.3256763742328], [127.65159868005506, 50.32566497591695]]]}}, {"id": "612", "type": "Feature", "properties": {"contour_id": "flood_0613", "area_ha": 0.26, "pair_id": "flood_2019_07_amur__blagoveshchensk", "layer": "flood", "aoi_name": "Благовещенск — слияние Амура и Зеи", "event_name": "Паводок в Приамурье, июль 2019", "date_peak": "2019-07-25"}, "geometry": {"type": "Polygon", "coordinates": [[[127.67437956125639, 50.249117813013555], [127.67424682358656, 50.248846475606285], [127.67396388451925, 50.248933188199146], [127.67398135268994, 50.2483038003354], [127.67468245381504, 50.24831179880124], [127.67467746560928, 50.248491623963325], [127.67425430840122, 50.24857673792442], [127.67466748904603, 50.24885127426967], [127.67437956125639, 50.249117813013555]]]}}, {"id": "613", "type": "Feature", "properties": {"contour_id": "flood_0614", "area_ha": 0.26, "pair_id": "flood_2019_07_amur__blagoveshchensk", "layer": "flood", "aoi_name": "Благовещенск — слияние Амура и Зеи", "event_name": "Паводок в Приамурье, июль 2019", "date_peak": "2019-07-25"}, "geometry": {"type": "Polygon", "coordinates": [[[127.33837356095763, 50.36775026144059], [127.33767395068153, 50.3676503202712], [127.33770850517357, 50.366661454041555], [127.33798645872707, 50.366755369047766], [127.33782706515412, 50.3672927417303], [127.33837984111493, 50.36757046753385], [127.33837356095763, 50.36775026144059]]]}}, {"id": "614", "type": "Feature", "properties": {"contour_id": "flood_0615", "area_ha": 0.26, "pair_id": "flood_2019_07_amur__blagoveshchensk", "layer": "flood", "aoi_name": "Благовещенск — слияние Амура и Зеи", "event_name": "Паводок в Приамурье, июль 2019", "date_peak": "2019-07-25"}, "geometry": {"type": "Polygon", "coordinates": [[[127.76077302607034, 50.249531613992716], [127.75992698733937, 50.24970246950759], [127.75965353229707, 50.249429729609176], [127.76049723441996, 50.2493487916342], [127.76077302607034, 50.249531613992716]]]}}, {"id": "615", "type": "Feature", "properties": {"contour_id": "flood_0616", "area_ha": 0.26, "pair_id": "flood_2019_07_amur__blagoveshchensk", "layer": "flood", "aoi_name": "Благовещенск — слияние Амура и Зеи", "event_name": "Паводок в Приамурье, июль 2019", "date_peak": "2019-07-25"}, "geometry": {"type": "Polygon", "coordinates": [[[127.72053243572265, 50.39542730163913], [127.72096408305259, 50.39507229468585], [127.72097376122393, 50.39471264685903], [127.72139088644913, 50.39489711000661], [127.72138121137026, 50.395256757880475], [127.72109506102976, 50.395433489098835], [127.72053243572265, 50.39542730163913]]]}}, {"id": "616", "type": "Feature", "properties": {"contour_id": "flood_0617", "area_ha": 0.26, "pair_id": "flood_2019_07_amur__blagoveshchensk", "layer": "flood", "aoi_name": "Благовещенск — слияние Амура и Зеи", "event_name": "Паводок в Приамурье, июль 2019", "date_peak": "2019-07-25"}, "geometry": {"type": "Polygon", "coordinates": [[[127.69263065067196, 50.26389499461301], [127.69264295891129, 50.26344542965386], [127.69349685330845, 50.2630053291218], [127.693056373518, 50.263719901747564], [127.69263065067196, 50.26389499461301]]]}}, {"id": "617", "type": "Feature", "properties": {"contour_id": "flood_0618", "area_ha": 0.26, "pair_id": "flood_2019_07_amur__blagoveshchensk", "layer": "flood", "aoi_name": "Благовещенск — слияние Амура и Зеи", "event_name": "Паводок в Приамурье, июль 2019", "date_peak": "2019-07-25"}, "geometry": {"type": "Polygon", "coordinates": [[[127.75915476058694, 50.21461734146796], [127.75916175762055, 50.21434759322391], [127.75944434008578, 50.214260670022675], [127.75931587511899, 50.21380959319821], [127.75973624644035, 50.213814081691375], [127.75971526513433, 50.21462332663418], [127.75915476058694, 50.21461734146796]]]}}, {"id": "618", "type": "Feature", "properties": {"contour_id": "flood_0619", "area_ha": 0.26, "pair_id": "flood_2019_07_amur__blagoveshchensk", "layer": "flood", "aoi_name": "Благовещенск — слияние Амура и Зеи", "event_name": "Паводок в Приамурье, июль 2019", "date_peak": "2019-07-25"}, "geometry": {"type": "Polygon", "coordinates": [[[127.35921704373868, 50.44017902469896], [127.35952033297757, 50.4395537174159], [127.36008028370756, 50.4396515524879], [127.35978632402022, 50.440007170896315], [127.35921704373868, 50.44017902469896]]]}}, {"id": "619", "type": "Feature", "properties": {"contour_id": "flood_0620", "area_ha": 0.26, "pair_id": "flood_2019_07_amur__blagoveshchensk", "layer": "flood", "aoi_name": "Благовещенск — слияние Амура и Зеи", "event_name": "Паводок в Приамурье, июль 2019", "date_peak": "2019-07-25"}, "geometry": {"type": "Polygon", "coordinates": [[[127.67846466016466, 50.268771448426875], [127.67833682468303, 50.26832029116586], [127.67861738312389, 50.26832348146526], [127.6788904777895, 50.26859640835363], [127.6797371310466, 50.268426148346386], [127.67973215831807, 50.26860597324957], [127.67846466016466, 50.268771448426875]], [[127.67861240619673, 50.268503306290526], [127.67875019774556, 50.2685948136119], [127.67875268596407, 50.26850490119646], [127.67861240619673, 50.268503306290526]]]}}, {"id": "620", "type": "Feature", "properties": {"contour_id": "flood_0621", "area_ha": 0.26, "pair_id": "flood_2019_07_amur__blagoveshchensk", "layer": "flood", "aoi_name": "Благовещенск — слияние Амура и Зеи", "event_name": "Паводок в Приамурье, июль 2019", "date_peak": "2019-07-25"}, "geometry": {"type": "Polygon", "coordinates": [[[127.35220051257306, 50.313621998821716], [127.35222537606923, 50.312902811409074], [127.35306771398024, 50.3129147491147], [127.35277450722356, 50.31327036437692], [127.35220051257306, 50.313621998821716]]]}}, {"id": "621", "type": "Feature", "properties": {"contour_id": "flood_0622", "area_ha": 0.26, "pair_id": "flood_2019_07_amur__blagoveshchensk", "layer": "flood", "aoi_name": "Благовещенск — слияние Амура и Зеи", "event_name": "Паводок в Приамурье, июль 2019", "date_peak": "2019-07-25"}, "geometry": {"type": "Polygon", "coordinates": [[[127.67950732512145, 50.27166140179481], [127.67853525737182, 50.271290590320646], [127.67798655515075, 50.27083464663447], [127.67826961765158, 50.270747925531246], [127.6784024367701, 50.27101925800209], [127.67951229923537, 50.27148157700295], [127.67950732512145, 50.27166140179481]]]}}, {"id": "622", "type": "Feature", "properties": {"contour_id": "flood_0623", "area_ha": 0.26, "pair_id": "flood_2019_07_amur__blagoveshchensk", "layer": "flood", "aoi_name": "Благовещенск — слияние Амура и Зеи", "event_name": "Паводок в Приамурье, июль 2019", "date_peak": "2019-07-25"}, "geometry": {"type": "Polygon", "coordinates": [[[127.38075772927647, 50.19646770623596], [127.3816162679799, 50.19594000829209], [127.38189636477273, 50.19594391067933], [127.38187812869171, 50.19648332013219], [127.38075772927647, 50.19646770623596]]]}}, {"id": "623", "type": "Feature", "properties": {"contour_id": "flood_0624", "area_ha": 0.26, "pair_id": "flood_2019_07_amur__blagoveshchensk", "layer": "flood", "aoi_name": "Благовещенск — слияние Амура и Зеи", "event_name": "Паводок в Приамурье, июль 2019", "date_peak": "2019-07-25"}, "geometry": {"type": "Polygon", "coordinates": [[[127.63502363139642, 50.33536496294705], [127.63502878466952, 50.33518514341213], [127.63446946840493, 50.33508863565694], [127.634755569074, 50.33491211546606], [127.63587420100103, 50.3351051255312], [127.63558552766682, 50.335371558280926], [127.63502363139642, 50.33536496294705]]]}}, {"id": "624", "type": "Feature", "properties": {"contour_id": "flood_0625", "area_ha": 0.25, "pair_id": "flood_2019_07_amur__blagoveshchensk", "layer": "flood", "aoi_name": "Благовещенск — слияние Амура и Зеи", "event_name": "Паводок в Приамурье, июль 2019", "date_peak": "2019-07-25"}, "geometry": {"type": "Polygon", "coordinates": [[[127.7369039034388, 50.42528584903911], [127.73677272672056, 50.42492467274052], [127.73748601295209, 50.42457266340108], [127.73747405870556, 50.425022223738374], [127.7369039034388, 50.42528584903911]]]}}, {"id": "625", "type": "Feature", "properties": {"contour_id": "flood_0626", "area_ha": 0.25, "pair_id": "flood_2019_07_amur__blagoveshchensk", "layer": "flood", "aoi_name": "Благовещенск — слияние Амура и Зеи", "event_name": "Паводок в Приамурье, июль 2019", "date_peak": "2019-07-25"}, "geometry": {"type": "Polygon", "coordinates": [[[127.56445788355275, 50.1447376585504], [127.56405968993208, 50.14401318867866], [127.56406507442478, 50.14383336864232], [127.56462470681639, 50.14384028780144], [127.56445788355275, 50.1447376585504]]]}}, {"id": "626", "type": "Feature", "properties": {"contour_id": "flood_0627", "area_ha": 0.25, "pair_id": "flood_2019_07_amur__blagoveshchensk", "layer": "flood", "aoi_name": "Благовещенск — слияние Амура и Зеи", "event_name": "Паводок в Приамурье, июль 2019", "date_peak": "2019-07-25"}, "geometry": {"type": "Polygon", "coordinates": [[[127.34569833688174, 50.423978107915914], [127.34514800214582, 50.423610516282785], [127.34642071003948, 50.423448732998054], [127.34641131675026, 50.42371842234819], [127.34613301536963, 50.42362452495341], [127.34569833688174, 50.423978107915914]]]}}, {"id": "627", "type": "Feature", "properties": {"contour_id": "flood_0628", "area_ha": 0.25, "pair_id": "flood_2019_07_amur__blagoveshchensk", "layer": "flood", "aoi_name": "Благовещенск — слияние Амура и Зеи", "event_name": "Паводок в Приамурье, июль 2019", "date_peak": "2019-07-25"}, "geometry": {"type": "Polygon", "coordinates": [[[127.35830781928418, 50.42982301796844], [127.35819195964237, 50.42910185666606], [127.35848586170333, 50.428746241107135], [127.35874867630547, 50.42928959400453], [127.35830781928418, 50.42982301796844]]]}}, {"id": "628", "type": "Feature", "properties": {"contour_id": "flood_0629", "area_ha": 0.25, "pair_id": "flood_2019_07_amur__blagoveshchensk", "layer": "flood", "aoi_name": "Благовещенск — слияние Амура и Зеи", "event_name": "Паводок в Приамурье, июль 2019", "date_peak": "2019-07-25"}, "geometry": {"type": "Polygon", "coordinates": [[[127.54731747322425, 50.16997842622948], [127.54690843085416, 50.16961353684741], [127.5473283777126, 50.169618790419605], [127.5471993007301, 50.16925740358573], [127.54762469552291, 50.169082838131246], [127.54760016558315, 50.16989201885082], [127.54731747322425, 50.16997842622948]]]}}, {"id": "629", "type": "Feature", "properties": {"contour_id": "flood_0630", "area_ha": 0.25, "pair_id": "flood_2019_07_amur__blagoveshchensk", "layer": "flood", "aoi_name": "Благовещенск — слияние Амура и Зеи", "event_name": "Паводок в Приамурье, июль 2019", "date_peak": "2019-07-25"}, "geometry": {"type": "Polygon", "coordinates": [[[127.57890477064959, 50.157867168265696], [127.57891543350284, 50.15750752672305], [127.58017497394944, 50.15752293306712], [127.58016698391194, 50.15779266437284], [127.57919000093504, 50.15769077233115], [127.57890477064959, 50.157867168265696]]]}}, {"id": "630", "type": "Feature", "properties": {"contour_id": "flood_0631", "area_ha": 0.25, "pair_id": "flood_2019_07_amur__blagoveshchensk", "layer": "flood", "aoi_name": "Благовещенск — слияние Амура и Зеи", "event_name": "Паводок в Приамурье, июль 2019", "date_peak": "2019-07-25"}, "geometry": {"type": "Polygon", "coordinates": [[[127.5309331331065, 50.34785723966402], [127.53023616171242, 50.347668550412095], [127.53066044850515, 50.34758397231899], [127.53081205034692, 50.34722612566768], [127.53122801108411, 50.347411262067325], [127.5309331331065, 50.34785723966402]]]}}, {"id": "631", "type": "Feature", "properties": {"contour_id": "flood_0632", "area_ha": 0.25, "pair_id": "flood_2019_07_amur__blagoveshchensk", "layer": "flood", "aoi_name": "Благовещенск — слияние Амура и Зеи", "event_name": "Паводок в Приамурье, июль 2019", "date_peak": "2019-07-25"}, "geometry": {"type": "Polygon", "coordinates": [[[127.55317181674698, 50.203330329356604], [127.55248772862271, 50.20278215169822], [127.5524931678111, 50.202602334405825], [127.5534628505405, 50.202974183792094], [127.55331733419034, 50.203152256672844], [127.55359206052415, 50.2033355628209], [127.55317181674698, 50.203330329356604]]]}}, {"id": "632", "type": "Feature", "properties": {"contour_id": "flood_0633", "area_ha": 0.25, "pair_id": "flood_2019_07_amur__blagoveshchensk", "layer": "flood", "aoi_name": "Благовещенск — слияние Амура и Зеи", "event_name": "Паводок в Приамурье, июль 2019", "date_peak": "2019-07-25"}, "geometry": {"type": "Polygon", "coordinates": [[[127.63525175269409, 50.22923750488247], [127.63484667037925, 50.22869309646409], [127.63499709868603, 50.22833509754241], [127.63527741749157, 50.22833839056031], [127.63540731220439, 50.22869968258342], [127.63525175269409, 50.22923750488247]]]}}, {"id": "633", "type": "Feature", "properties": {"contour_id": "flood_0634", "area_ha": 0.25, "pair_id": "flood_2019_07_amur__blagoveshchensk", "layer": "flood", "aoi_name": "Благовещенск — слияние Амура и Зеи", "event_name": "Паводок в Приамурье, июль 2019", "date_peak": "2019-07-25"}, "geometry": {"type": "Polygon", "coordinates": [[[127.6268028623295, 50.264664795225045], [127.62681579054241, 50.26421524242369], [127.6262624938644, 50.263938879840374], [127.62641051623442, 50.26367080615043], [127.6269663960078, 50.26385725744851], [127.6268028623295, 50.264664795225045]]]}}, {"id": "634", "type": "Feature", "properties": {"contour_id": "flood_0635", "area_ha": 0.25, "pair_id": "flood_2019_07_amur__blagoveshchensk", "layer": "flood", "aoi_name": "Благовещенск — слияние Амура и Зеи", "event_name": "Паводок в Приамурье, июль 2019", "date_peak": "2019-07-25"}, "geometry": {"type": "Polygon", "coordinates": [[[127.6984226901768, 50.2573043979922], [127.69801420109472, 50.25685011830688], [127.69745566666384, 50.2567539184302], [127.6974605705885, 50.25657409188353], [127.69802155383448, 50.25658037842928], [127.69801665202039, 50.25676020501582], [127.69871053513874, 50.25703779938441], [127.6984226901768, 50.2573043979922]]]}}, {"id": "635", "type": "Feature", "properties": {"contour_id": "flood_0636", "area_ha": 0.25, "pair_id": "flood_2019_07_amur__blagoveshchensk", "layer": "flood", "aoi_name": "Благовещенск — слияние Амура и Зеи", "event_name": "Паводок в Приамурье, июль 2019", "date_peak": "2019-07-25"}, "geometry": {"type": "Polygon", "coordinates": [[[127.54106946340019, 50.24635126319279], [127.54150106100218, 50.245996913563424], [127.54219934572458, 50.24609561846065], [127.54219111623884, 50.24636534113715], [127.54106946340019, 50.24635126319279]]]}}, {"id": "636", "type": "Feature", "properties": {"contour_id": "flood_0637", "area_ha": 0.25, "pair_id": "flood_2019_07_amur__blagoveshchensk", "layer": "flood", "aoi_name": "Благовещенск — слияние Амура и Зеи", "event_name": "Паводок в Приамурье, июль 2019", "date_peak": "2019-07-25"}, "geometry": {"type": "Polygon", "coordinates": [[[127.57586523074478, 50.24597346698815], [127.57588934833696, 50.24516428688683], [127.57602955355725, 50.24516600518576], [127.57642606119722, 50.245980339365374], [127.57586523074478, 50.24597346698815]]]}}, {"id": "637", "type": "Feature", "properties": {"contour_id": "flood_0638", "area_ha": 0.25, "pair_id": "flood_2019_07_amur__blagoveshchensk", "layer": "flood", "aoi_name": "Благовещенск — слияние Амура и Зеи", "event_name": "Паводок в Приамурье, июль 2019", "date_peak": "2019-07-25"}, "geometry": {"type": "Polygon", "coordinates": [[[127.71608692945814, 50.273420370730754], [127.71609902098733, 50.27297080234502], [127.7165199059713, 50.27297545113009], [127.71653199323289, 50.27252588263354], [127.71695529098945, 50.27244061610278], [127.71665536652819, 50.273156827784575], [127.71608692945814, 50.273420370730754]]]}}, {"id": "638", "type": "Feature", "properties": {"contour_id": "flood_0639", "area_ha": 0.25, "pair_id": "flood_2019_07_amur__blagoveshchensk", "layer": "flood", "aoi_name": "Благовещенск — слияние Амура и Зеи", "event_name": "Паводок в Приамурье, июль 2019", "date_peak": "2019-07-25"}, "geometry": {"type": "Polygon", "coordinates": [[[127.60756560217962, 50.27477912275008], [127.60743055427561, 50.27459762245077], [127.60700704986651, 50.274682488215056], [127.60688512475845, 50.274051439027126], [127.6075787161708, 50.27432957438276], [127.60756560217962, 50.27477912275008]]]}}, {"id": "639", "type": "Feature", "properties": {"contour_id": "flood_0640", "area_ha": 0.25, "pair_id": "flood_2019_07_amur__blagoveshchensk", "layer": "flood", "aoi_name": "Благовещенск — слияние Амура и Зеи", "event_name": "Паводок в Приамурье, июль 2019", "date_peak": "2019-07-25"}, "geometry": {"type": "Polygon", "coordinates": [[[127.57451264156448, 50.234894036412975], [127.57453677258067, 50.23408485523642], [127.57509746324128, 50.23409173285136], [127.5749385276149, 50.23471937696351], [127.57451264156448, 50.234894036412975]]]}}, {"id": "640", "type": "Feature", "properties": {"contour_id": "flood_0641", "area_ha": 0.25, "pair_id": "flood_2019_07_amur__blagoveshchensk", "layer": "flood", "aoi_name": "Благовещенск — слияние Амура и Зеи", "event_name": "Паводок в Приамурье, июль 2019", "date_peak": "2019-07-25"}, "geometry": {"type": "Polygon", "coordinates": [[[127.62297313250555, 50.20768647490507], [127.62396157761144, 50.20742836157028], [127.6252172888311, 50.20762311291071], [127.62521470539207, 50.20771302429399], [127.62297313250555, 50.20768647490507]]]}}, {"id": "641", "type": "Feature", "properties": {"contour_id": "flood_0642", "area_ha": 0.25, "pair_id": "flood_2019_07_amur__blagoveshchensk", "layer": "flood", "aoi_name": "Благовещенск — слияние Амура и Зеи", "event_name": "Паводок в Приамурье, июль 2019", "date_peak": "2019-07-25"}, "geometry": {"type": "Polygon", "coordinates": [[[127.37536860246664, 50.289123997173874], [127.37538391053685, 50.288674497950716], [127.37622583040937, 50.28868626380052], [127.37621665036853, 50.28895596345097], [127.37536860246664, 50.289123997173874]]]}}, {"id": "642", "type": "Feature", "properties": {"contour_id": "flood_0643", "area_ha": 0.25, "pair_id": "flood_2019_07_amur__blagoveshchensk", "layer": "flood", "aoi_name": "Благовещенск — слияние Амура и Зеи", "event_name": "Паводок в Приамурье, июль 2019", "date_peak": "2019-07-25"}, "geometry": {"type": "Polygon", "coordinates": [[[127.37844345029666, 50.289526709405116], [127.37900779586298, 50.289444639308954], [127.3793037121124, 50.28899905316097], [127.38000531810019, 50.28900883484794], [127.37999615931632, 50.289278534987645], [127.37915422742262, 50.28926679634364], [127.37914506374455, 50.28953649635786], [127.37844345029666, 50.289526709405116]]]}}, {"id": "643", "type": "Feature", "properties": {"contour_id": "flood_0644", "area_ha": 0.24, "pair_id": "flood_2019_07_amur__blagoveshchensk", "layer": "flood", "aoi_name": "Благовещенск — слияние Амура и Зеи", "event_name": "Паводок в Приамурье, июль 2019", "date_peak": "2019-07-25"}, "geometry": {"type": "Polygon", "coordinates": [[[127.74161000377323, 50.353925673228865], [127.74134082193999, 50.35347306472254], [127.7412145549723, 50.35293206364943], [127.74149324149104, 50.35302501918344], [127.74148610986612, 50.35329475914131], [127.74190533225779, 50.35338923457434], [127.74189344989387, 50.3538388012062], [127.74161000377323, 50.353925673228865]]]}}, {"id": "644", "type": "Feature", "properties": {"contour_id": "flood_0645", "area_ha": 0.24, "pair_id": "flood_2019_07_amur__blagoveshchensk", "layer": "flood", "aoi_name": "Благовещенск — слияние Амура и Зеи", "event_name": "Паводок в Приамурье, июль 2019", "date_peak": "2019-07-25"}, "geometry": {"type": "Polygon", "coordinates": [[[127.41107981265809, 50.13140712140811], [127.41080306695723, 50.13131338907914], [127.4108120014675, 50.13104367750142], [127.41179995692967, 50.13078736232082], [127.41179102805337, 50.131057074039646], [127.41107981265809, 50.13140712140811]]]}}, {"id": "645", "type": "Feature", "properties": {"contour_id": "flood_0646", "area_ha": 0.24, "pair_id": "flood_2019_07_amur__blagoveshchensk", "layer": "flood", "aoi_name": "Благовещенск — слияние Амура и Зеи", "event_name": "Паводок в Приамурье, июль 2019", "date_peak": "2019-07-25"}, "geometry": {"type": "Polygon", "coordinates": [[[127.57579618245111, 50.267108892932434], [127.57580691006983, 50.266749258672434], [127.5765162947031, 50.26648812583914], [127.57650289194761, 50.26693766881918], [127.57579618245111, 50.267108892932434]]]}}, {"id": "646", "type": "Feature", "properties": {"contour_id": "flood_0647", "area_ha": 0.24, "pair_id": "flood_2019_07_amur__blagoveshchensk", "layer": "flood", "aoi_name": "Благовещенск — слияние Амура и Зеи", "event_name": "Паводок в Приамурье, июль 2019", "date_peak": "2019-07-25"}, "geometry": {"type": "Polygon", "coordinates": [[[127.6094434397961, 50.181352112015034], [127.60936607722782, 50.179192566588675], [127.6095060912817, 50.179194242912416], [127.6094434397961, 50.181352112015034]]]}}, {"id": "647", "type": "Feature", "properties": {"contour_id": "flood_0648", "area_ha": 0.24, "pair_id": "flood_2019_07_amur__blagoveshchensk", "layer": "flood", "aoi_name": "Благовещенск — слияние Амура и Зеи", "event_name": "Паводок в Приамурье, июль 2019", "date_peak": "2019-07-25"}, "geometry": {"type": "Polygon", "coordinates": [[[127.7199191527219, 50.4025256961834], [127.72007436129196, 50.4019877733379], [127.72063464337363, 50.40208387542607], [127.72076805775215, 50.40235515807713], [127.72076321660049, 50.402534981741574], [127.7199191527219, 50.4025256961834]]]}}, {"id": "648", "type": "Feature", "properties": {"contour_id": "flood_0649", "area_ha": 0.24, "pair_id": "flood_2019_07_amur__blagoveshchensk", "layer": "flood", "aoi_name": "Благовещенск — слияние Амура и Зеи", "event_name": "Паводок в Приамурье, июль 2019", "date_peak": "2019-07-25"}, "geometry": {"type": "Polygon", "coordinates": [[[127.73348413768767, 50.34232523964004], [127.73350087724947, 50.3416958471301], [127.73322227259054, 50.34160287287769], [127.73322944806058, 50.34133313323305], [127.7336461576134, 50.341517550941326], [127.73391280989058, 50.34206009034802], [127.73376513795434, 50.34232830006969], [127.73348413768767, 50.34232523964004]]]}}, {"id": "649", "type": "Feature", "properties": {"contour_id": "flood_0650", "area_ha": 0.24, "pair_id": "flood_2019_07_amur__blagoveshchensk", "layer": "flood", "aoi_name": "Благовещенск — слияние Амура и Зеи", "event_name": "Паводок в Приамурье, июль 2019", "date_peak": "2019-07-25"}, "geometry": {"type": "Polygon", "coordinates": [[[127.49058597194019, 50.27709622976144], [127.49045989627888, 50.276644882666936], [127.49143341745528, 50.27692734943137], [127.49128744022681, 50.277105338268285], [127.49058597194019, 50.27709622976144]]]}}, {"id": "650", "type": "Feature", "properties": {"contour_id": "flood_0651", "area_ha": 0.24, "pair_id": "flood_2019_07_amur__blagoveshchensk", "layer": "flood", "aoi_name": "Благовещенск — слияние Амура и Зеи", "event_name": "Паводок в Приамурье, июль 2019", "date_peak": "2019-07-25"}, "geometry": {"type": "Polygon", "coordinates": [[[127.3743704298969, 50.2936971130233], [127.37437962191744, 50.29342741384075], [127.37565793494679, 50.29299557349251], [127.37507822864498, 50.29352712562774], [127.3743704298969, 50.2936971130233]]]}}, {"id": "651", "type": "Feature", "properties": {"contour_id": "flood_0652", "area_ha": 0.24, "pair_id": "flood_2019_07_amur__blagoveshchensk", "layer": "flood", "aoi_name": "Благовещенск — слияние Амура и Зеи", "event_name": "Паводок в Приамурье, июль 2019", "date_peak": "2019-07-25"}, "geometry": {"type": "Polygon", "coordinates": [[[127.56020673703169, 50.23498746376902], [127.56021215339895, 50.23480764686736], [127.56106402317137, 50.234458432099565], [127.56104778371801, 50.23499788302087], [127.56020673703169, 50.23498746376902]]]}}, {"id": "652", "type": "Feature", "properties": {"contour_id": "flood_0653", "area_ha": 0.23, "pair_id": "flood_2019_07_amur__blagoveshchensk", "layer": "flood", "aoi_name": "Благовещенск — слияние Амура и Зеи", "event_name": "Паводок в Приамурье, июль 2019", "date_peak": "2019-07-25"}, "geometry": {"type": "Polygon", "coordinates": [[[127.80221220901967, 50.263906854298845], [127.80209223641418, 50.26309615769958], [127.80237503250905, 50.26300913229829], [127.80236601242106, 50.26336879937275], [127.80264204608388, 50.26355152363953], [127.80221220901967, 50.263906854298845]]]}}, {"id": "653", "type": "Feature", "properties": {"contour_id": "flood_0654", "area_ha": 0.23, "pair_id": "flood_2019_07_amur__blagoveshchensk", "layer": "flood", "aoi_name": "Благовещенск — слияние Амура и Зеи", "event_name": "Паводок в Приамурье, июль 2019", "date_peak": "2019-07-25"}, "geometry": {"type": "Polygon", "coordinates": [[[127.34097818137316, 50.369676229065504], [127.34098758746558, 50.3694065379371], [127.34014425501456, 50.36939450299689], [127.34015680261618, 50.3690349149569], [127.34140298478572, 50.36959234724036], [127.34097818137316, 50.369676229065504]]]}}, {"id": "654", "type": "Feature", "properties": {"contour_id": "flood_0655", "area_ha": 0.23, "pair_id": "flood_2019_07_amur__blagoveshchensk", "layer": "flood", "aoi_name": "Благовещенск — слияние Амура и Зеи", "event_name": "Паводок в Приамурье, июль 2019", "date_peak": "2019-07-25"}, "geometry": {"type": "Polygon", "coordinates": [[[127.62511475473617, 50.19655902859537], [127.62512508508148, 50.19619938237421], [127.62470489101206, 50.19619440815598], [127.62457516069075, 50.19583310358462], [127.62527547888192, 50.19584139384321], [127.62511475473617, 50.19655902859537]]]}}, {"id": "655", "type": "Feature", "properties": {"contour_id": "flood_0656", "area_ha": 0.23, "pair_id": "flood_2019_07_amur__blagoveshchensk", "layer": "flood", "aoi_name": "Благовещенск — слияние Амура и Зеи", "event_name": "Паводок в Приамурье, июль 2019", "date_peak": "2019-07-25"}, "geometry": {"type": "Polygon", "coordinates": [[[127.33281893821136, 50.36173458840338], [127.33284728681143, 50.36092551721498], [127.33298781664813, 50.36092753203675], [127.33352159948912, 50.36174466110251], [127.33281893821136, 50.36173458840338]]]}}, {"id": "656", "type": "Feature", "properties": {"contour_id": "flood_0657", "area_ha": 0.23, "pair_id": "flood_2019_07_amur__blagoveshchensk", "layer": "flood", "aoi_name": "Благовещенск — слияние Амура и Зеи", "event_name": "Паводок в Приамурье, июль 2019", "date_peak": "2019-07-25"}, "geometry": {"type": "Polygon", "coordinates": [[[127.77740604218945, 50.37778151638909], [127.7771317636005, 50.37750881745812], [127.77671225729328, 50.377414467370286], [127.77713869921733, 50.37723907499079], [127.77783479548235, 50.37751620730554], [127.77782786374476, 50.37778594982998], [127.77740604218945, 50.37778151638909]], [[127.77713407548451, 50.37741890330382], [127.77727236995338, 50.377510295767465], [127.77727468157175, 50.37742038160847], [127.77713407548451, 50.37741890330382]]]}}, {"id": "657", "type": "Feature", "properties": {"contour_id": "flood_0658", "area_ha": 0.23, "pair_id": "flood_2019_07_amur__blagoveshchensk", "layer": "flood", "aoi_name": "Благовещенск — слияние Амура и Зеи", "event_name": "Паводок в Приамурье, июль 2019", "date_peak": "2019-07-25"}, "geometry": {"type": "Polygon", "coordinates": [[[127.72171445533326, 50.377632438878074], [127.72158110229843, 50.377361156664655], [127.72187680606498, 50.37682477381267], [127.72228653265462, 50.37727896995735], [127.72200291114709, 50.37736579251554], [127.72199566283845, 50.37763552930484], [127.72171445533326, 50.377632438878074]]]}}, {"id": "658", "type": "Feature", "properties": {"contour_id": "flood_0659", "area_ha": 0.22, "pair_id": "flood_2019_07_amur__blagoveshchensk", "layer": "flood", "aoi_name": "Благовещенск — слияние Амура и Зеи", "event_name": "Паводок в Приамурье, июль 2019", "date_peak": "2019-07-25"}, "geometry": {"type": "Polygon", "coordinates": [[[127.53765837199671, 50.34398463158612], [127.53767493924661, 50.34344519641488], [127.53796144447108, 50.343268918256406], [127.53768874490275, 50.34299566706403], [127.53811297721236, 50.34291106123357], [127.53809089446759, 50.34363030832342], [127.53765837199671, 50.34398463158612]]]}}, {"id": "659", "type": "Feature", "properties": {"contour_id": "flood_0660", "area_ha": 0.22, "pair_id": "flood_2019_07_amur__blagoveshchensk", "layer": "flood", "aoi_name": "Благовещенск — слияние Амура и Зеи", "event_name": "Паводок в Приамурье, июль 2019", "date_peak": "2019-07-25"}, "geometry": {"type": "Polygon", "coordinates": [[[127.58115681694859, 50.14800096855638], [127.5805997936057, 50.14790421804486], [127.58047584372065, 50.14736304403497], [127.58116745918781, 50.14764132604877], [127.58115681694859, 50.14800096855638]]]}}, {"id": "660", "type": "Feature", "properties": {"contour_id": "flood_0661", "area_ha": 0.22, "pair_id": "flood_2019_07_amur__blagoveshchensk", "layer": "flood", "aoi_name": "Благовещенск — слияние Амура и Зеи", "event_name": "Паводок в Приамурье, июль 2019", "date_peak": "2019-07-25"}, "geometry": {"type": "Polygon", "coordinates": [[[127.7062360646606, 50.4347521051269], [127.70695707129063, 50.43413055390214], [127.70723861171007, 50.43413368252447], [127.70694237435178, 50.434670018992854], [127.7062360646606, 50.4347521051269]]]}}, {"id": "661", "type": "Feature", "properties": {"contour_id": "flood_0662", "area_ha": 0.22, "pair_id": "flood_2019_07_amur__blagoveshchensk", "layer": "flood", "aoi_name": "Благовещенск — слияние Амура и Зеи", "event_name": "Паводок в Приамурье, июль 2019", "date_peak": "2019-07-25"}, "geometry": {"type": "Polygon", "coordinates": [[[127.33644206404527, 50.33048661342929], [127.33676061225233, 50.3294118628897], [127.337047763222, 50.32923608612004], [127.33672294465396, 50.33049063246752], [127.33644206404527, 50.33048661342929]]]}}, {"id": "662", "type": "Feature", "properties": {"contour_id": "flood_0663", "area_ha": 0.22, "pair_id": "flood_2019_07_amur__blagoveshchensk", "layer": "flood", "aoi_name": "Благовещенск — слияние Амура и Зеи", "event_name": "Паводок в Приамурье, июль 2019", "date_peak": "2019-07-25"}, "geometry": {"type": "Polygon", "coordinates": [[[127.54566280693925, 50.242901108968304], [127.54567101582317, 50.2426313857143], [127.54735336790371, 50.24265243083493], [127.5470675084473, 50.24282874062102], [127.54566280693925, 50.242901108968304]]]}}, {"id": "663", "type": "Feature", "properties": {"contour_id": "flood_0664", "area_ha": 0.22, "pair_id": "flood_2019_07_amur__blagoveshchensk", "layer": "flood", "aoi_name": "Благовещенск — слияние Амура и Зеи", "event_name": "Паводок в Приамурье, июль 2019", "date_peak": "2019-07-25"}, "geometry": {"type": "Polygon", "coordinates": [[[127.61517687659858, 50.283324517079635], [127.6146312599523, 50.282778369259546], [127.61477679794149, 50.28260022207927], [127.61450399443255, 50.28232714756348], [127.61505743295217, 50.28260356647455], [127.61504699506193, 50.28296320579604], [127.61546534213421, 50.28305813102515], [127.61517687659858, 50.283324517079635]]]}}, {"id": "664", "type": "Feature", "properties": {"contour_id": "flood_0665", "area_ha": 0.21, "pair_id": "flood_2019_07_amur__blagoveshchensk", "layer": "flood", "aoi_name": "Благовещенск — слияние Амура и Зеи", "event_name": "Паводок в Приамурье, июль 2019", "date_peak": "2019-07-25"}, "geometry": {"type": "Polygon", "coordinates": [[[127.63078873883511, 50.33603468824323], [127.63079390821618, 50.3358548690467], [127.63023459309865, 50.33575834093488], [127.63038023891824, 50.33558017664316], [127.63149886791767, 50.33577322876814], [127.63078873883511, 50.33603468824323]]]}}, {"id": "665", "type": "Feature", "properties": {"contour_id": "flood_0666", "area_ha": 0.21, "pair_id": "flood_2019_07_amur__blagoveshchensk", "layer": "flood", "aoi_name": "Благовещенск — слияние Амура и Зеи", "event_name": "Паводок в Приамурье, июль 2019", "date_peak": "2019-07-25"}, "geometry": {"type": "Polygon", "coordinates": [[[127.35246340429062, 50.4399936382954], [127.35162193639816, 50.439891778084444], [127.3524821328002, 50.43945425945436], [127.35246340429062, 50.4399936382954]]]}}, {"id": "666", "type": "Feature", "properties": {"contour_id": "flood_0667", "area_ha": 0.21, "pair_id": "flood_2019_07_amur__blagoveshchensk", "layer": "flood", "aoi_name": "Благовещенск — слияние Амура и Зеи", "event_name": "Паводок в Приамурье, июль 2019", "date_peak": "2019-07-25"}, "geometry": {"type": "Polygon", "coordinates": [[[127.57953902496747, 50.14591249749077], [127.57954701517501, 50.14564276570376], [127.5791432571279, 50.145098166864564], [127.57970290795271, 50.14510501349372], [127.57953902496747, 50.14591249749077]]]}}, {"id": "667", "type": "Feature", "properties": {"contour_id": "flood_0668", "area_ha": 0.21, "pair_id": "flood_2019_07_amur__blagoveshchensk", "layer": "flood", "aoi_name": "Благовещенск — слияние Амура и Зеи", "event_name": "Паводок в Приамурье, июль 2019", "date_peak": "2019-07-25"}, "geometry": {"type": "Polygon", "coordinates": [[[127.61271908576904, 50.28095674190602], [127.61202798321276, 50.2805887267469], [127.6123216780942, 50.28014252886216], [127.6124515316865, 50.280503843128734], [127.61286723855747, 50.28068868729973], [127.61271908576904, 50.28095674190602]]]}}, {"id": "668", "type": "Feature", "properties": {"contour_id": "flood_0669", "area_ha": 0.21, "pair_id": "flood_2019_07_amur__blagoveshchensk", "layer": "flood", "aoi_name": "Благовещенск — слияние Амура и Зеи", "event_name": "Паводок в Приамурье, июль 2019", "date_peak": "2019-07-25"}, "geometry": {"type": "Polygon", "coordinates": [[[127.3564041968786, 50.43600204913397], [127.35628212591587, 50.43546068023426], [127.35671994655259, 50.43501716191109], [127.35655117709007, 50.43582424418833], [127.35682957064397, 50.435918117357446], [127.3564041968786, 50.43600204913397]]]}}, {"id": "669", "type": "Feature", "properties": {"contour_id": "flood_0670", "area_ha": 0.21, "pair_id": "flood_2019_07_amur__blagoveshchensk", "layer": "flood", "aoi_name": "Благовещенск — слияние Амура и Зеи", "event_name": "Паводок в Приамурье, июль 2019", "date_peak": "2019-07-25"}, "geometry": {"type": "Polygon", "coordinates": [[[127.57704749213758, 50.239242317782455], [127.57691533575205, 50.238970873734374], [127.57775645865478, 50.23898117265023], [127.57776448531108, 50.23871144541561], [127.57832523102202, 50.23871830791298], [127.57789397053696, 50.23907279762512], [127.57704749213758, 50.239242317782455]]]}}, {"id": "670", "type": "Feature", "properties": {"contour_id": "flood_0671", "area_ha": 0.2, "pair_id": "flood_2019_07_amur__blagoveshchensk", "layer": "flood", "aoi_name": "Благовещенск — слияние Амура и Зеи", "event_name": "Паводок в Приамурье, июль 2019", "date_peak": "2019-07-25"}, "geometry": {"type": "Polygon", "coordinates": [[[127.64764832198298, 50.32624867223473], [127.64765342595193, 50.326068851475625], [127.64807731929635, 50.32598384141211], [127.64920089687756, 50.32599690146525], [127.64863145761102, 50.32626010404518], [127.64764832198298, 50.32624867223473]]]}}, {"id": "671", "type": "Feature", "properties": {"contour_id": "flood_0672", "area_ha": 0.2, "pair_id": "flood_2019_07_amur__blagoveshchensk", "layer": "flood", "aoi_name": "Благовещенск — слияние Амура и Зеи", "event_name": "Паводок в Приамурье, июль 2019", "date_peak": "2019-07-25"}, "geometry": {"type": "Polygon", "coordinates": [[[127.58972695491808, 50.322772331917264], [127.58960248774147, 50.32223117882719], [127.58918118991903, 50.322226066904314], [127.58918917564273, 50.32195634222146], [127.58988335302394, 50.32223458592795], [127.58987271049838, 50.32259421892551], [127.59015091781731, 50.3226875336477], [127.58972695491808, 50.322772331917264]]]}}, {"id": "672", "type": "Feature", "properties": {"contour_id": "flood_0673", "area_ha": 0.2, "pair_id": "flood_2019_07_amur__blagoveshchensk", "layer": "flood", "aoi_name": "Благовещенск — слияние Амура и Зеи", "event_name": "Паводок в Приамурье, июль 2019", "date_peak": "2019-07-25"}, "geometry": {"type": "Polygon", "coordinates": [[[127.58124142033739, 50.13567978084668], [127.58126535319879, 50.134870583415285], [127.58140523618673, 50.13487229251723], [127.58180096180102, 50.13568661643874], [127.58124142033739, 50.13567978084668]]]}}, {"id": "673", "type": "Feature", "properties": {"contour_id": "flood_0674", "area_ha": 0.2, "pair_id": "flood_2019_07_amur__blagoveshchensk", "layer": "flood", "aoi_name": "Благовещенск — слияние Амура и Зеи", "event_name": "Паводок в Приамурье, июль 2019", "date_peak": "2019-07-25"}, "geometry": {"type": "Polygon", "coordinates": [[[127.38345528384917, 50.28662842212878], [127.38388231802577, 50.28645447589867], [127.384315438082, 50.28610072749691], [127.38429717098116, 50.28664012918115], [127.38345528384917, 50.28662842212878]]]}}, {"id": "674", "type": "Feature", "properties": {"contour_id": "flood_0675", "area_ha": 0.2, "pair_id": "flood_2019_07_amur__blagoveshchensk", "layer": "flood", "aoi_name": "Благовещенск — слияние Амура и Зеи", "event_name": "Паводок в Приамурье, июль 2019", "date_peak": "2019-07-25"}, "geometry": {"type": "Polygon", "coordinates": [[[127.35447560216483, 50.30061255777843], [127.35448490893037, 50.30034286159535], [127.35518977399276, 50.30026289591818], [127.35520217744414, 50.299903300853735], [127.35562633219499, 50.29981935978889], [127.35532702596986, 50.300354780789334], [127.35447560216483, 50.30061255777843]]]}}, {"id": "675", "type": "Feature", "properties": {"contour_id": "flood_0676", "area_ha": 0.2, "pair_id": "flood_2019_07_amur__blagoveshchensk", "layer": "flood", "aoi_name": "Благовещенск — слияние Амура и Зеи", "event_name": "Паводок в Приамурье, июль 2019", "date_peak": "2019-07-25"}, "geometry": {"type": "Polygon", "coordinates": [[[127.7225745237163, 50.424140074298265], [127.72230271894982, 50.42377733701381], [127.7230112571712, 50.42360524017193], [127.72299674809668, 50.42414470963823], [127.7225745237163, 50.424140074298265]]]}}, {"id": "676", "type": "Feature", "properties": {"contour_id": "flood_0677", "area_ha": 0.19, "pair_id": "flood_2019_07_amur__blagoveshchensk", "layer": "flood", "aoi_name": "Благовещенск — слияние Амура и Зеи", "event_name": "Паводок в Приамурье, июль 2019", "date_peak": "2019-07-25"}, "geometry": {"type": "Polygon", "coordinates": [[[127.69421784452027, 50.26229390701002], [127.69394223787863, 50.26211092851506], [127.6945155752058, 50.26166766710976], [127.69479363897129, 50.26176073115775], [127.69464354727128, 50.26211880812643], [127.69421784452027, 50.26229390701002]]]}}, {"id": "677", "type": "Feature", "properties": {"contour_id": "flood_0678", "area_ha": 0.19, "pair_id": "flood_2019_07_amur__blagoveshchensk", "layer": "flood", "aoi_name": "Благовещенск — слияние Амура и Зеи", "event_name": "Паводок в Приамурье, июль 2019", "date_peak": "2019-07-25"}, "geometry": {"type": "Polygon", "coordinates": [[[127.5281919351626, 50.140685903277884], [127.52792042087702, 50.14041263053329], [127.5290423456799, 50.14033690510414], [127.52861162522049, 50.1406912222992], [127.5281919351626, 50.140685903277884]]]}}, {"id": "678", "type": "Feature", "properties": {"contour_id": "flood_0679", "area_ha": 0.19, "pair_id": "flood_2019_07_amur__blagoveshchensk", "layer": "flood", "aoi_name": "Благовещенск — слияние Амура и Зеи", "event_name": "Паводок в Приамурье, июль 2019", "date_peak": "2019-07-25"}, "geometry": {"type": "Polygon", "coordinates": [[[127.59290915609841, 50.32442981974732], [127.59291712134718, 50.32416009473513], [127.59263889993642, 50.324066786539014], [127.59375444568443, 50.32435010700576], [127.59290915609841, 50.32442981974732]]]}}, {"id": "679", "type": "Feature", "properties": {"contour_id": "flood_0680", "area_ha": 0.18, "pair_id": "flood_2019_07_amur__blagoveshchensk", "layer": "flood", "aoi_name": "Благовещенск — слияние Амура и Зеи", "event_name": "Паводок в Приамурье, июль 2019", "date_peak": "2019-07-25"}, "geometry": {"type": "Polygon", "coordinates": [[[127.7418768140775, 50.354468194428655], [127.74216501503713, 50.354201495134134], [127.74189344989387, 50.3538388012062], [127.74217689498948, 50.353751928483625], [127.74230317491971, 50.35429292853448], [127.74258187153151, 50.35438588151316], [127.7418768140775, 50.354468194428655]]]}}, {"id": "680", "type": "Feature", "properties": {"contour_id": "flood_0681", "area_ha": 0.18, "pair_id": "flood_2019_07_amur__blagoveshchensk", "layer": "flood", "aoi_name": "Благовещенск — слияние Амура и Зеи", "event_name": "Паводок в Приамурье, июль 2019", "date_peak": "2019-07-25"}, "geometry": {"type": "Polygon", "coordinates": [[[127.69724475086238, 50.26448645431428], [127.69697648057476, 50.2640337434596], [127.69781073094606, 50.26431291628382], [127.69780582699447, 50.26449274261479], [127.69724475086238, 50.26448645431428]]]}}, {"id": "681", "type": "Feature", "properties": {"contour_id": "flood_0682", "area_ha": 0.18, "pair_id": "flood_2019_07_amur__blagoveshchensk", "layer": "flood", "aoi_name": "Благовещенск — слияние Амура и Зеи", "event_name": "Паводок в Приамурье, июль 2019", "date_peak": "2019-07-25"}, "geometry": {"type": "Polygon", "coordinates": [[[127.61599800494773, 50.225951728768386], [127.61600581221838, 50.22568199651122], [127.61684671544583, 50.22569201059055], [127.61683891291511, 50.22596174294298], [127.61599800494773, 50.225951728768386]]]}}, {"id": "682", "type": "Feature", "properties": {"contour_id": "flood_0683", "area_ha": 0.18, "pair_id": "flood_2019_07_amur__blagoveshchensk", "layer": "flood", "aoi_name": "Благовещенск — слияние Амура и Зеи", "event_name": "Паводок в Приамурье, июль 2019", "date_peak": "2019-07-25"}, "geometry": {"type": "Polygon", "coordinates": [[[127.34699922292786, 50.42300725039044], [127.34686789898483, 50.422735561283076], [127.34786540792314, 50.42238996909484], [127.34742762461651, 50.42283345534725], [127.34699922292786, 50.42300725039044]]]}}, {"id": "683", "type": "Feature", "properties": {"contour_id": "flood_0684", "area_ha": 0.17, "pair_id": "flood_2019_07_amur__blagoveshchensk", "layer": "flood", "aoi_name": "Благовещенск — слияние Амура и Зеи", "event_name": "Паводок в Приамурье, июль 2019", "date_peak": "2019-07-25"}, "geometry": {"type": "Polygon", "coordinates": [[[127.3766586217345, 50.29246989920855], [127.37737862714928, 50.29194029805457], [127.37779961624462, 50.291946174793146], [127.3770796153528, 50.292475778599055], [127.3766586217345, 50.29246989920855]]]}}, {"id": "684", "type": "Feature", "properties": {"contour_id": "flood_0685", "area_ha": 0.17, "pair_id": "flood_2019_07_amur__blagoveshchensk", "layer": "flood", "aoi_name": "Благовещенск — слияние Амура и Зеи", "event_name": "Паводок в Приамурье, июль 2019", "date_peak": "2019-07-25"}, "geometry": {"type": "Polygon", "coordinates": [[[127.54743617114453, 50.244542247507276], [127.5477275047841, 50.24418612132206], [127.5481535701851, 50.24401156190047], [127.54813717951016, 50.24455100885971], [127.54743617114453, 50.244542247507276]]]}}, {"id": "685", "type": "Feature", "properties": {"contour_id": "flood_0686", "area_ha": 0.17, "pair_id": "flood_2019_07_amur__blagoveshchensk", "layer": "flood", "aoi_name": "Благовещенск — слияние Амура и Зеи", "event_name": "Паводок в Приамурье, июль 2019", "date_peak": "2019-07-25"}, "geometry": {"type": "Polygon", "coordinates": [[[127.41077601052307, 50.14057730794493], [127.40994264027037, 50.14038600943916], [127.40994562102522, 50.140296105760136], [127.41078792728531, 50.140217693086285], [127.41077601052307, 50.14057730794493]]]}}, {"id": "686", "type": "Feature", "properties": {"contour_id": "flood_0687", "area_ha": 0.17, "pair_id": "flood_2019_07_amur__blagoveshchensk", "layer": "flood", "aoi_name": "Благовещенск — слияние Амура и Зеи", "event_name": "Паводок в Приамурье, июль 2019", "date_peak": "2019-07-25"}, "geometry": {"type": "Polygon", "coordinates": [[[127.62568792552578, 50.196116100721696], [127.62569566995352, 50.195846365972585], [127.62527547888192, 50.19584139384321], [127.62528322555796, 50.19557165912792], [127.62570341426358, 50.19557663121], [127.62611328046862, 50.19594124818289], [127.6261081190811, 50.196121071379], [127.62568792552578, 50.196116100721696]]]}}, {"id": "687", "type": "Feature", "properties": {"contour_id": "flood_0688", "area_ha": 0.16, "pair_id": "flood_2019_07_amur__blagoveshchensk", "layer": "flood", "aoi_name": "Благовещенск — слияние Амура и Зеи", "event_name": "Паводок в Приамурье, июль 2019", "date_peak": "2019-07-25"}, "geometry": {"type": "Polygon", "coordinates": [[[127.58739765808785, 50.29234407654711], [127.58683894369001, 50.29224734398017], [127.58699526713967, 50.29170959855666], [127.58740564543771, 50.29207435067773], [127.58739765808785, 50.29234407654711]]]}}, {"id": "688", "type": "Feature", "properties": {"contour_id": "flood_0689", "area_ha": 0.16, "pair_id": "flood_2019_07_amur__blagoveshchensk", "layer": "flood", "aoi_name": "Благовещенск — слияние Амура и Зеи", "event_name": "Паводок в Приамурье, июль 2019", "date_peak": "2019-07-25"}, "geometry": {"type": "Polygon", "coordinates": [[[127.77518012200957, 50.37137246136349], [127.77490589258082, 50.37109975724764], [127.77505574100257, 50.37074158136758], [127.77533691350256, 50.37074454254914], [127.77546592731522, 50.37119559388241], [127.77518012200957, 50.37137246136349]], [[127.77518706718176, 50.37110271880655], [127.77532533971979, 50.37119411352299], [127.77532765449985, 50.371104199331164], [127.77518706718176, 50.37110271880655]]]}}, {"id": "689", "type": "Feature", "properties": {"contour_id": "flood_0690", "area_ha": 0.16, "pair_id": "flood_2019_07_amur__blagoveshchensk", "layer": "flood", "aoi_name": "Благовещенск — слияние Амура и Зеи", "event_name": "Паводок в Приамурье, июль 2019", "date_peak": "2019-07-25"}, "geometry": {"type": "Polygon", "coordinates": [[[127.43688402897692, 50.27548691393309], [127.43689286190326, 50.2752172057014], [127.4378748542564, 50.275230409679025], [127.43744517054265, 50.27549446015046], [127.43688402897692, 50.27548691393309]]]}}, {"id": "690", "type": "Feature", "properties": {"contour_id": "flood_0691", "area_ha": 0.16, "pair_id": "flood_2019_07_amur__blagoveshchensk", "layer": "flood", "aoi_name": "Благовещенск — слияние Амура и Зеи", "event_name": "Паводок в Приамурье, июль 2019", "date_peak": "2019-07-25"}, "geometry": {"type": "Polygon", "coordinates": [[[127.74571232298648, 50.35828706559742], [127.74558836431412, 50.35765615585747], [127.74587182568976, 50.3575692743028], [127.74599341879251, 50.35829009717148], [127.74571232298648, 50.35828706559742]]]}}, {"id": "691", "type": "Feature", "properties": {"contour_id": "flood_0692", "area_ha": 0.16, "pair_id": "flood_2019_07_amur__blagoveshchensk", "layer": "flood", "aoi_name": "Благовещенск — слияние Амура и Зеи", "event_name": "Паводок в Приамурье, июль 2019", "date_peak": "2019-07-25"}, "geometry": {"type": "Polygon", "coordinates": [[[127.6969789340782, 50.263943830317345], [127.69613978497875, 50.26384447782438], [127.69586661761416, 50.26357159070038], [127.69614960515267, 50.2634848253543], [127.6969789340782, 50.263943830317345]]]}}, {"id": "692", "type": "Feature", "properties": {"contour_id": "flood_0693", "area_ha": 0.16, "pair_id": "flood_2019_07_amur__blagoveshchensk", "layer": "flood", "aoi_name": "Благовещенск — слияние Амура и Зеи", "event_name": "Паводок в Приамурье, июль 2019", "date_peak": "2019-07-25"}, "geometry": {"type": "Polygon", "coordinates": [[[127.74868484812545, 50.40562677971318], [127.74855600140602, 50.40517570248888], [127.7488373747829, 50.40517872921507], [127.7487061598422, 50.40481756488948], [127.74898989849089, 50.404730678461874], [127.74897569405297, 50.405270155090825], [127.74868484812545, 50.40562677971318]]]}}, {"id": "693", "type": "Feature", "properties": {"contour_id": "flood_0694", "area_ha": 0.16, "pair_id": "flood_2019_07_amur__blagoveshchensk", "layer": "flood", "aoi_name": "Благовещенск — слияние Амура и Зеи", "event_name": "Паводок в Приамурье, июль 2019", "date_peak": "2019-07-25"}, "geometry": {"type": "Polygon", "coordinates": [[[127.69988220337211, 50.260378720018764], [127.6989102022108, 50.26000807882367], [127.69891510122528, 50.25982825227435], [127.69988709879165, 50.26019889341164], [127.69988220337211, 50.260378720018764]]]}}, {"id": "694", "type": "Feature", "properties": {"contour_id": "flood_0695", "area_ha": 0.15, "pair_id": "flood_2019_07_amur__blagoveshchensk", "layer": "flood", "aoi_name": "Благовещенск — слияние Амура и Зеи", "event_name": "Паводок в Приамурье, июль 2019", "date_peak": "2019-07-25"}, "geometry": {"type": "Polygon", "coordinates": [[[127.59734428043105, 50.30739470771377], [127.59721711788445, 50.30694346977264], [127.59763828212678, 50.30694855146863], [127.59790848219815, 50.30731157360596], [127.59734428043105, 50.30739470771377]]]}}, {"id": "695", "type": "Feature", "properties": {"contour_id": "flood_0696", "area_ha": 0.15, "pair_id": "flood_2019_07_amur__blagoveshchensk", "layer": "flood", "aoi_name": "Благовещенск — слияние Амура и Зеи", "event_name": "Паводок в Приамурье, июль 2019", "date_peak": "2019-07-25"}, "geometry": {"type": "Polygon", "coordinates": [[[127.36066481049039, 50.30438766200627], [127.36053990162976, 50.30393618751185], [127.3612448106747, 50.303856185578304], [127.36066481049039, 50.30438766200627]]]}}, {"id": "696", "type": "Feature", "properties": {"contour_id": "flood_0697", "area_ha": 0.15, "pair_id": "flood_2019_07_amur__blagoveshchensk", "layer": "flood", "aoi_name": "Благовещенск — слияние Амура и Зеи", "event_name": "Паводок в Приамурье, июль 2019", "date_peak": "2019-07-25"}, "geometry": {"type": "Polygon", "coordinates": [[[127.70050764454123, 50.26317387601708], [127.69967584613929, 50.26280480927594], [127.69967829445422, 50.262714896018224], [127.7002393503168, 50.26272117241234], [127.70037227329014, 50.26299248093117], [127.70093088659092, 50.26308866729843], [127.70050764454123, 50.26317387601708]]]}}, {"id": "697", "type": "Feature", "properties": {"contour_id": "flood_0698", "area_ha": 0.15, "pair_id": "flood_2019_07_amur__blagoveshchensk", "layer": "flood", "aoi_name": "Благовещенск — слияние Амура и Зеи", "event_name": "Паводок в Приамурье, июль 2019", "date_peak": "2019-07-25"}, "geometry": {"type": "Polygon", "coordinates": [[[127.35480311709514, 50.39280772883408], [127.35452809057902, 50.3926239553342], [127.35439991575537, 50.39226237645972], [127.35495618880243, 50.39245012876541], [127.35480311709514, 50.39280772883408]]]}}, {"id": "698", "type": "Feature", "properties": {"contour_id": "flood_0699", "area_ha": 0.15, "pair_id": "flood_2019_07_amur__blagoveshchensk", "layer": "flood", "aoi_name": "Благовещенск — слияние Амура и Зеи", "event_name": "Паводок в Приамурье, июль 2019", "date_peak": "2019-07-25"}, "geometry": {"type": "Polygon", "coordinates": [[[127.62010878869593, 50.28752045501089], [127.62011658978749, 50.28725072515891], [127.61969559540069, 50.287245726299226], [127.61956566946344, 50.286884419934914], [127.62025952134935, 50.28716248114781], [127.6203894532719, 50.287523786768915], [127.62010878869593, 50.28752045501089]]]}}, {"id": "699", "type": "Feature", "properties": {"contour_id": "flood_0700", "area_ha": 0.15, "pair_id": "flood_2019_07_amur__blagoveshchensk", "layer": "flood", "aoi_name": "Благовещенск — слияние Амура и Зеи", "event_name": "Паводок в Приамурье, июль 2019", "date_peak": "2019-07-25"}, "geometry": {"type": "Polygon", "coordinates": [[[127.72093370336732, 50.375285445256466], [127.72037615437814, 50.375099434312304], [127.72038824904911, 50.374649873076336], [127.72066943877792, 50.374652966577486], [127.72065976519052, 50.375012615608505], [127.72093853919688, 50.37510562073317], [127.72093370336732, 50.375285445256466]]]}}, {"id": "700", "type": "Feature", "properties": {"contour_id": "flood_0701", "area_ha": 0.15, "pair_id": "flood_2019_07_amur__blagoveshchensk", "layer": "flood", "aoi_name": "Благовещенск — слияние Амура и Зеи", "event_name": "Паводок в Приамурье, июль 2019", "date_peak": "2019-07-25"}, "geometry": {"type": "Polygon", "coordinates": [[[127.34811868603342, 50.386776844749235], [127.34798745084008, 50.386505156187525], [127.34742815007961, 50.3864072683843], [127.34799682279642, 50.386235464888884], [127.34826554036138, 50.38659904764258], [127.34811868603342, 50.386776844749235]]]}}, {"id": "701", "type": "Feature", "properties": {"contour_id": "flood_0702", "area_ha": 0.15, "pair_id": "flood_2019_07_amur__blagoveshchensk", "layer": "flood", "aoi_name": "Благовещенск — слияние Амура и Зеи", "event_name": "Паводок в Приамурье, июль 2019", "date_peak": "2019-07-25"}, "geometry": {"type": "Polygon", "coordinates": [[[127.52523321017712, 50.250468564293804], [127.52313272665046, 50.25035194410317], [127.52523598565944, 50.250378657482216], [127.52523321017712, 50.250468564293804]]]}}, {"id": "702", "type": "Feature", "properties": {"contour_id": "flood_0703", "area_ha": 0.14, "pair_id": "flood_2019_07_amur__blagoveshchensk", "layer": "flood", "aoi_name": "Благовещенск — слияние Амура и Зеи", "event_name": "Паводок в Приамурье, июль 2019", "date_peak": "2019-07-25"}, "geometry": {"type": "Polygon", "coordinates": [[[127.3600817051158, 50.305009034277404], [127.36009716589248, 50.304559539710255], [127.3605244453676, 50.304385682226965], [127.3603655306422, 50.304923095848046], [127.3600817051158, 50.305009034277404]]]}}, {"id": "703", "type": "Feature", "properties": {"contour_id": "flood_0704", "area_ha": 0.14, "pair_id": "flood_2019_07_amur__blagoveshchensk", "layer": "flood", "aoi_name": "Благовещенск — слияние Амура и Зеи", "event_name": "Паводок в Приамурье, июль 2019", "date_peak": "2019-07-25"}, "geometry": {"type": "Polygon", "coordinates": [[[127.67345814351933, 50.322678613134414], [127.67346815535399, 50.32231896759596], [127.67431578506101, 50.32214875630378], [127.67417034452508, 50.32232697764239], [127.67345814351933, 50.322678613134414]]]}}, {"id": "704", "type": "Feature", "properties": {"contour_id": "flood_0705", "area_ha": 0.14, "pair_id": "flood_2019_07_amur__blagoveshchensk", "layer": "flood", "aoi_name": "Благовещенск — слияние Амура и Зеи", "event_name": "Паводок в Приамурье, июль 2019", "date_peak": "2019-07-25"}, "geometry": {"type": "Polygon", "coordinates": [[[127.58876788032462, 50.3219512288212], [127.5883572389245, 50.3215864810932], [127.58836522912988, 50.32131675647619], [127.58919183752359, 50.32186643399084], [127.58876788032462, 50.3219512288212]]]}}, {"id": "705", "type": "Feature", "properties": {"contour_id": "flood_0706", "area_ha": 0.14, "pair_id": "flood_2019_07_amur__blagoveshchensk", "layer": "flood", "aoi_name": "Благовещенск — слияние Амура и Зеи", "event_name": "Паводок в Приамурье, июль 2019", "date_peak": "2019-07-25"}, "geometry": {"type": "Polygon", "coordinates": [[[127.73071442367072, 50.26692545652066], [127.7307263747131, 50.26647588506936], [127.73114720484881, 50.26648048046358], [127.73113764720699, 50.2668401376859], [127.73071442367072, 50.26692545652066]]]}}, {"id": "706", "type": "Feature", "properties": {"contour_id": "flood_0707", "area_ha": 0.14, "pair_id": "flood_2019_07_amur__blagoveshchensk", "layer": "flood", "aoi_name": "Благовещенск — слияние Амура и Зеи", "event_name": "Паводок в Приамурье, июль 2019", "date_peak": "2019-07-25"}, "geometry": {"type": "Polygon", "coordinates": [[[127.59008561218948, 50.26314583183132], [127.5900909214742, 50.262966013470454], [127.5905223117512, 50.262611480960025], [127.59064664770807, 50.263152637261506], [127.59008561218948, 50.26314583183132]], [[127.59037143815107, 50.26296941650238], [127.5905090426657, 50.2630610269619], [127.59051169650971, 50.26297111776453], [127.59037143815107, 50.26296941650238]]]}}, {"id": "707", "type": "Feature", "properties": {"contour_id": "flood_0708", "area_ha": 0.13, "pair_id": "flood_2019_07_amur__blagoveshchensk", "layer": "flood", "aoi_name": "Благовещенск — слияние Амура и Зеи", "event_name": "Паводок в Приамурье, июль 2019", "date_peak": "2019-07-25"}, "geometry": {"type": "Polygon", "coordinates": [[[127.74848873228615, 50.40238689293138], [127.74851241289973, 50.40148776490598], [127.74865308866255, 50.401489278327226], [127.74863651422152, 50.40211866799416], [127.74891313490866, 50.402301520018725], [127.74848873228615, 50.40238689293138]]]}}, {"id": "708", "type": "Feature", "properties": {"contour_id": "flood_0709", "area_ha": 0.13, "pair_id": "flood_2019_07_amur__blagoveshchensk", "layer": "flood", "aoi_name": "Благовещенск — слияние Амура и Зеи", "event_name": "Паводок в Приамурье, июль 2019", "date_peak": "2019-07-25"}, "geometry": {"type": "Polygon", "coordinates": [[[127.69967829445422, 50.262714896018224], [127.69884161079234, 50.26252564989002], [127.69884896033861, 50.262255910188635], [127.69968319104687, 50.262535069498306], [127.69967829445422, 50.262714896018224]]]}}, {"id": "709", "type": "Feature", "properties": {"contour_id": "flood_0710", "area_ha": 0.13, "pair_id": "flood_2019_07_amur__blagoveshchensk", "layer": "flood", "aoi_name": "Благовещенск — слияние Амура и Зеи", "event_name": "Паводок в Приамурье, июль 2019", "date_peak": "2019-07-25"}, "geometry": {"type": "Polygon", "coordinates": [[[127.3474344001594, 50.386227474234396], [127.3470188349581, 50.38604168534164], [127.34689385999198, 50.385590201466044], [127.34717506743355, 50.38559419840342], [127.34716256553027, 50.385953786689434], [127.34758437999868, 50.38595978089743], [127.3474344001594, 50.386227474234396]]]}}, {"id": "710", "type": "Feature", "properties": {"contour_id": "flood_0711", "area_ha": 0.13, "pair_id": "flood_2019_07_amur__blagoveshchensk", "layer": "flood", "aoi_name": "Благовещенск — слияние Амура и Зеи", "event_name": "Паводок в Приамурье, июль 2019", "date_peak": "2019-07-25"}, "geometry": {"type": "Polygon", "coordinates": [[[127.37779961624462, 50.291946174793146], [127.37794911724771, 50.29167843362635], [127.37865076216455, 50.291688223864114], [127.37822060547947, 50.29195205000771], [127.37779961624462, 50.291946174793146]]]}}, {"id": "711", "type": "Feature", "properties": {"contour_id": "flood_0712", "area_ha": 0.13, "pair_id": "flood_2019_07_amur__blagoveshchensk", "layer": "flood", "aoi_name": "Благовещенск — слияние Амура и Зеи", "event_name": "Паводок в Приамурье, июль 2019", "date_peak": "2019-07-25"}, "geometry": {"type": "Polygon", "coordinates": [[[127.74875114804325, 50.40310922209064], [127.74847452334032, 50.40292636967567], [127.74862941070914, 50.402388406400675], [127.74889893082354, 50.40284099685835], [127.74875114804325, 50.40310922209064]]]}}, {"id": "712", "type": "Feature", "properties": {"contour_id": "flood_0713", "area_ha": 0.13, "pair_id": "flood_2019_07_amur__blagoveshchensk", "layer": "flood", "aoi_name": "Благовещенск — слияние Амура и Зеи", "event_name": "Паводок в Приамурье, июль 2019", "date_peak": "2019-07-25"}, "geometry": {"type": "Polygon", "coordinates": [[[127.5765162947031, 50.26648812583914], [127.5766646032547, 50.26622011808454], [127.57722567163628, 50.266226988598156], [127.57707736619729, 50.26649499709502], [127.5765162947031, 50.26648812583914]]]}}, {"id": "713", "type": "Feature", "properties": {"contour_id": "flood_0714", "area_ha": 0.13, "pair_id": "flood_2019_07_amur__blagoveshchensk", "layer": "flood", "aoi_name": "Благовещенск — слияние Амура и Зеи", "event_name": "Паводок в Приамурье, июль 2019", "date_peak": "2019-07-25"}, "geometry": {"type": "Polygon", "coordinates": [[[127.33674173877279, 50.37420274064802], [127.3366200341438, 50.37366134932818], [127.33731344463055, 50.373941091203996], [127.33702287745263, 50.374206761473175], [127.33674173877279, 50.37420274064802]]]}}, {"id": "714", "type": "Feature", "properties": {"contour_id": "flood_0715", "area_ha": 0.13, "pair_id": "flood_2019_07_amur__blagoveshchensk", "layer": "flood", "aoi_name": "Благовещенск — слияние Амура и Зеи", "event_name": "Паводок в Приамурье, июль 2019", "date_peak": "2019-07-25"}, "geometry": {"type": "Polygon", "coordinates": [[[127.59418413619886, 50.309784931545366], [127.59418943881322, 50.309605114318366], [127.59363316073818, 50.30941850427907], [127.59363846536142, 50.30923868708319], [127.5943324855573, 50.30951690348588], [127.59418413619886, 50.309784931545366]]]}}, {"id": "715", "type": "Feature", "properties": {"contour_id": "flood_0716", "area_ha": 0.12, "pair_id": "flood_2019_07_amur__blagoveshchensk", "layer": "flood", "aoi_name": "Благовещенск — слияние Амура и Зеи", "event_name": "Паводок в Приамурье, июль 2019", "date_peak": "2019-07-25"}, "geometry": {"type": "Polygon", "coordinates": [[[127.43603347926374, 50.275745297639766], [127.43604231707614, 50.275475589529535], [127.43688402897692, 50.27548691393309], [127.43659756853546, 50.27566294526515], [127.43603347926374, 50.275745297639766]]]}}, {"id": "716", "type": "Feature", "properties": {"contour_id": "flood_0717", "area_ha": 0.12, "pair_id": "flood_2019_07_amur__blagoveshchensk", "layer": "flood", "aoi_name": "Благовещенск — слияние Амура и Зеи", "event_name": "Паводок в Приамурье, июль 2019", "date_peak": "2019-07-25"}, "geometry": {"type": "Polygon", "coordinates": [[[127.33073970037788, 50.36890011128331], [127.33075231883151, 50.3685405249297], [127.33047436963192, 50.368446592695996], [127.33062123113969, 50.36826881742528], [127.33102711506571, 50.36872435311031], [127.33102080686812, 50.368904146309646], [127.33073970037788, 50.36890011128331]]]}}, {"id": "717", "type": "Feature", "properties": {"contour_id": "flood_0718", "area_ha": 0.12, "pair_id": "flood_2019_07_amur__blagoveshchensk", "layer": "flood", "aoi_name": "Благовещенск — слияние Амура и Зеи", "event_name": "Паводок в Приамурье, июль 2019", "date_peak": "2019-07-25"}, "geometry": {"type": "Polygon", "coordinates": [[[127.58198901639213, 50.24757736936293], [127.58200235834552, 50.24712782380869], [127.5821345653574, 50.247399262134444], [127.58297583850153, 50.247409524515334], [127.58198901639213, 50.24757736936293]]]}}, {"id": "718", "type": "Feature", "properties": {"contour_id": "flood_0719", "area_ha": 0.12, "pair_id": "flood_2019_07_amur__blagoveshchensk", "layer": "flood", "aoi_name": "Благовещенск — слияние Амура и Зеи", "event_name": "Паводок в Приамурье, июль 2019", "date_peak": "2019-07-25"}, "geometry": {"type": "Polygon", "coordinates": [[[127.7076658186478, 50.433958552422595], [127.70724595841246, 50.43386394992929], [127.70781882736821, 50.4335105615108], [127.7076658186478, 50.433958552422595]]]}}, {"id": "719", "type": "Feature", "properties": {"contour_id": "flood_0720", "area_ha": 0.12, "pair_id": "flood_2019_07_amur__blagoveshchensk", "layer": "flood", "aoi_name": "Благовещенск — слияние Амура и Зеи", "event_name": "Паводок в Приамурье, июль 2019", "date_peak": "2019-07-25"}, "geometry": {"type": "Polygon", "coordinates": [[[127.67523264854145, 50.26387785018696], [127.67524262616394, 50.263518200733294], [127.67580368597628, 50.263524595151836], [127.67579869930167, 50.26370441992221], [127.67523264854145, 50.26387785018696]]]}}, {"id": "720", "type": "Feature", "properties": {"contour_id": "flood_0721", "area_ha": 0.12, "pair_id": "flood_2019_07_amur__blagoveshchensk", "layer": "flood", "aoi_name": "Благовещенск — слияние Амура и Зеи", "event_name": "Паводок в Приамурье, июль 2019", "date_peak": "2019-07-25"}, "geometry": {"type": "Polygon", "coordinates": [[[127.67743535482289, 50.32110500768888], [127.67772370812905, 50.32083846788893], [127.67856631044648, 50.32084804839462], [127.67785665823166, 50.32110979976784], [127.67743535482289, 50.32110500768888]]]}}, {"id": "721", "type": "Feature", "properties": {"contour_id": "flood_0722", "area_ha": 0.12, "pair_id": "flood_2019_07_amur__blagoveshchensk", "layer": "flood", "aoi_name": "Благовещенск — слияние Амура и Зеи", "event_name": "Паводок в Приамурье, июль 2019", "date_peak": "2019-07-25"}, "geometry": {"type": "Polygon", "coordinates": [[[127.67431578506101, 50.32214875630378], [127.67432328896122, 50.3218790220339], [127.67516840820389, 50.32179871586684], [127.67516340881927, 50.32197853877886], [127.67431578506101, 50.32214875630378]]]}}, {"id": "722", "type": "Feature", "properties": {"contour_id": "flood_0723", "area_ha": 0.11, "pair_id": "flood_2019_07_amur__blagoveshchensk", "layer": "flood", "aoi_name": "Благовещенск — слияние Амура и Зеи", "event_name": "Паводок в Приамурье, июль 2019", "date_peak": "2019-07-25"}, "geometry": {"type": "Polygon", "coordinates": [[[127.59235536740852, 50.32415329432385], [127.59208246041362, 50.32388016817216], [127.59209043018585, 50.32361044323004], [127.5926415555085, 50.3239768782079], [127.59235536740852, 50.32415329432385]]]}}, {"id": "723", "type": "Feature", "properties": {"contour_id": "flood_0724", "area_ha": 0.11, "pair_id": "flood_2019_07_amur__blagoveshchensk", "layer": "flood", "aoi_name": "Благовещенск — слияние Амура и Зеи", "event_name": "Паводок в Приамурье, июль 2019", "date_peak": "2019-07-25"}, "geometry": {"type": "Polygon", "coordinates": [[[127.69467321037965, 50.266166471214305], [127.69425976545278, 50.26589200474856], [127.69426468300014, 50.26571217871473], [127.69495621550034, 50.26607970894879], [127.69467321037965, 50.266166471214305]]]}}, {"id": "724", "type": "Feature", "properties": {"contour_id": "flood_0725", "area_ha": 0.11, "pair_id": "flood_2019_07_amur__blagoveshchensk", "layer": "flood", "aoi_name": "Благовещенск — слияние Амура и Зеи", "event_name": "Паводок в Приамурье, июль 2019", "date_peak": "2019-07-25"}, "geometry": {"type": "Polygon", "coordinates": [[[127.7434013518035, 50.35529412998176], [127.74284869543841, 50.354928400542406], [127.7428534449955, 50.35474857386208], [127.74354663774007, 50.35511582186471], [127.7434013518035, 50.35529412998176]]]}}, {"id": "725", "type": "Feature", "properties": {"contour_id": "flood_0726", "area_ha": 0.11, "pair_id": "flood_2019_07_amur__blagoveshchensk", "layer": "flood", "aoi_name": "Благовещенск — слияние Амура и Зеи", "event_name": "Паводок в Приамурье, июль 2019", "date_peak": "2019-07-25"}, "geometry": {"type": "Polygon", "coordinates": [[[127.69867371032423, 50.23779003754287], [127.69854331269148, 50.23742881293726], [127.69910407148059, 50.23743509253283], [127.69895409182712, 50.237793177380475], [127.69867371032423, 50.23779003754287]]]}}, {"id": "726", "type": "Feature", "properties": {"contour_id": "flood_0727", "area_ha": 0.11, "pair_id": "flood_2019_07_amur__blagoveshchensk", "layer": "flood", "aoi_name": "Благовещенск — слияние Амура и Зеи", "event_name": "Паводок в Приамурье, июль 2019", "date_peak": "2019-07-25"}, "geometry": {"type": "Polygon", "coordinates": [[[127.61964191792832, 50.332754978966456], [127.6195118752027, 50.332393674289584], [127.62007112818397, 50.33249025354001], [127.61992284883719, 50.33275831400969], [127.61964191792832, 50.332754978966456]]]}}, {"id": "727", "type": "Feature", "properties": {"contour_id": "flood_0728", "area_ha": 0.11, "pair_id": "flood_2019_07_amur__blagoveshchensk", "layer": "flood", "aoi_name": "Благовещенск — слияние Амура и Зеи", "event_name": "Паводок в Приамурье, июль 2019", "date_peak": "2019-07-25"}, "geometry": {"type": "Polygon", "coordinates": [[[127.70098469521857, 50.26111057439821], [127.70085177378937, 50.260839266507446], [127.70043589178324, 50.26065473517774], [127.70127010418808, 50.260933883025764], [127.70098469521857, 50.26111057439821]]]}}, {"id": "728", "type": "Feature", "properties": {"contour_id": "flood_0729", "area_ha": 0.11, "pair_id": "flood_2019_07_amur__blagoveshchensk", "layer": "flood", "aoi_name": "Благовещенск — слияние Амура и Зеи", "event_name": "Паводок в Приамурье, июль 2019", "date_peak": "2019-07-25"}, "geometry": {"type": "Polygon", "coordinates": [[[127.337047763222, 50.32923608612004], [127.3373443252471, 50.328790616090984], [127.33762519598682, 50.32879463285243], [127.33761264717506, 50.329154222932424], [127.337047763222, 50.32923608612004]]]}}, {"id": "729", "type": "Feature", "properties": {"contour_id": "flood_0730", "area_ha": 0.11, "pair_id": "flood_2019_07_amur__blagoveshchensk", "layer": "flood", "aoi_name": "Благовещенск — слияние Амура и Зеи", "event_name": "Паводок в Приамурье, июль 2019", "date_peak": "2019-07-25"}, "geometry": {"type": "Polygon", "coordinates": [[[127.72120039231669, 50.37582801106027], [127.72106221167316, 50.37573655275355], [127.72093370336732, 50.375285445256466], [127.72135307656758, 50.37537999559169], [127.72120039231669, 50.37582801106027]]]}}, {"id": "730", "type": "Feature", "properties": {"contour_id": "flood_0731", "area_ha": 0.1, "pair_id": "flood_2019_07_amur__blagoveshchensk", "layer": "flood", "aoi_name": "Благовещенск — слияние Амура и Зеи", "event_name": "Паводок в Приамурье, июль 2019", "date_peak": "2019-07-25"}, "geometry": {"type": "Polygon", "coordinates": [[[127.34747088172101, 50.4418115840475], [127.3479025834283, 50.4415478932034], [127.34818412244539, 50.44155189089036], [127.34817473314072, 50.44182157963678], [127.34747088172101, 50.4418115840475]]]}}, {"id": "731", "type": "Feature", "properties": {"contour_id": "flood_0732", "area_ha": 0.1, "pair_id": "flood_2019_07_amur__blagoveshchensk", "layer": "flood", "aoi_name": "Благовещенск — слияние Амура и Зеи", "event_name": "Паводок в Приамурье, июль 2019", "date_peak": "2019-07-25"}, "geometry": {"type": "Polygon", "coordinates": [[[127.77944292155497, 50.45182179680845], [127.77874341858406, 50.45163458274509], [127.77874804840845, 50.45145475663042], [127.7793090365512, 50.4515505803366], [127.77944292155497, 50.45182179680845]]]}}, {"id": "732", "type": "Feature", "properties": {"contour_id": "flood_0733", "area_ha": 0.1, "pair_id": "flood_2019_07_amur__blagoveshchensk", "layer": "flood", "aoi_name": "Благовещенск — слияние Амура и Зеи", "event_name": "Паводок в Приамурье, июль 2019", "date_peak": "2019-07-25"}, "geometry": {"type": "Polygon", "coordinates": [[[127.34903323631934, 50.30368337327917], [127.34918293632735, 50.30341567159078], [127.34960402078195, 50.303421651414865], [127.3495946853995, 50.303691346792625], [127.34903323631934, 50.30368337327917]]]}}, {"id": "733", "type": "Feature", "properties": {"contour_id": "flood_0734", "area_ha": 0.1, "pair_id": "flood_2019_07_amur__blagoveshchensk", "layer": "flood", "aoi_name": "Благовещенск — слияние Амура и Зеи", "event_name": "Паводок в Приамурье, июль 2019", "date_peak": "2019-07-25"}, "geometry": {"type": "Polygon", "coordinates": [[[127.61519078142902, 50.33602983334401], [127.61449625376831, 50.33575173854164], [127.61449886918898, 50.33566182955513], [127.61519600968704, 50.33585001532534], [127.61519078142902, 50.33602983334401]]]}}, {"id": "734", "type": "Feature", "properties": {"contour_id": "flood_0735", "area_ha": 0.1, "pair_id": "flood_2019_07_amur__blagoveshchensk", "layer": "flood", "aoi_name": "Благовещенск — слияние Амура и Зеи", "event_name": "Паводок в Приамурье, июль 2019", "date_peak": "2019-07-25"}, "geometry": {"type": "Polygon", "coordinates": [[[127.72244829774738, 50.42359905949598], [127.72245555531465, 50.4233293248017], [127.72273703340399, 50.42333241545064], [127.72288502752676, 50.42306422576804], [127.72272977743471, 50.42360215017434], [127.72244829774738, 50.42359905949598]]]}}, {"id": "735", "type": "Feature", "properties": {"contour_id": "flood_0736", "area_ha": 0.1, "pair_id": "flood_2019_07_amur__blagoveshchensk", "layer": "flood", "aoi_name": "Благовещенск — слияние Амура и Зеи", "event_name": "Паводок в Приамурье, июль 2019", "date_peak": "2019-07-25"}, "geometry": {"type": "Polygon", "coordinates": [[[127.61942533909773, 50.28688275316143], [127.61915508686425, 50.28651977940686], [127.61887703094915, 50.28642653479863], [127.61930061976821, 50.28634162662859], [127.61929281431607, 50.28661135643033], [127.6195708721336, 50.286704600056424], [127.61942533909773, 50.28688275316143]]]}}, {"id": "736", "type": "Feature", "properties": {"contour_id": "flood_0737", "area_ha": 0.09, "pair_id": "flood_2019_07_amur__blagoveshchensk", "layer": "flood", "aoi_name": "Благовещенск — слияние Амура и Зеи", "event_name": "Паводок в Приамурье, июль 2019", "date_peak": "2019-07-25"}, "geometry": {"type": "Polygon", "coordinates": [[[127.54807073903802, 50.24212174533355], [127.54807620243126, 50.241941929616225], [127.54863970936661, 50.24185902780347], [127.54863151745997, 50.24212875144838], [127.54807073903802, 50.24212174533355]]]}}, {"id": "737", "type": "Feature", "properties": {"contour_id": "flood_0738", "area_ha": 0.09, "pair_id": "flood_2019_07_amur__blagoveshchensk", "layer": "flood", "aoi_name": "Благовещенск — слияние Амура и Зеи", "event_name": "Паводок в Приамурье, июль 2019", "date_peak": "2019-07-25"}, "geometry": {"type": "Polygon", "coordinates": [[[127.5481535701851, 50.24401156190047], [127.54829923323872, 50.243833497954114], [127.54886003180152, 50.243840503138365], [127.54885457098965, 50.24402031885903], [127.5481535701851, 50.24401156190047]]]}}, {"id": "738", "type": "Feature", "properties": {"contour_id": "flood_0739", "area_ha": 0.09, "pair_id": "flood_2019_07_amur__blagoveshchensk", "layer": "flood", "aoi_name": "Благовещенск — слияние Амура и Зеи", "event_name": "Паводок в Приамурье, июль 2019", "date_peak": "2019-07-25"}, "geometry": {"type": "Polygon", "coordinates": [[[127.44112783240374, 50.27446460939499], [127.44113664103571, 50.274194900570606], [127.44169776855152, 50.27420242611981], [127.4414083977157, 50.274468372543886], [127.44112783240374, 50.27446460939499]]]}}, {"id": "739", "type": "Feature", "properties": {"contour_id": "flood_0740", "area_ha": 0.09, "pair_id": "flood_2019_07_amur__blagoveshchensk", "layer": "flood", "aoi_name": "Благовещенск — слияние Амура и Зеи", "event_name": "Паводок в Приамурье, июль 2019", "date_peak": "2019-07-25"}, "geometry": {"type": "Polygon", "coordinates": [[[127.71798359760653, 50.37516302385477], [127.71799571491488, 50.37471346304393], [127.71827932765035, 50.374626650155136], [127.7182696360023, 50.37498629885206], [127.71798359760653, 50.37516302385477]]]}}, {"id": "740", "type": "Feature", "properties": {"contour_id": "flood_0741", "area_ha": 0.09, "pair_id": "flood_2019_07_amur__blagoveshchensk", "layer": "flood", "aoi_name": "Благовещенск — слияние Амура и Зеи", "event_name": "Паводок в Приамурье, июль 2019", "date_peak": "2019-07-25"}, "geometry": {"type": "Polygon", "coordinates": [[[127.76258115989665, 50.21762193812268], [127.76258813835501, 50.21735218966954], [127.76314867567152, 50.2173581585082], [127.76286143011095, 50.21762492290832], [127.76258115989665, 50.21762193812268]]]}}, {"id": "741", "type": "Feature", "properties": {"contour_id": "flood_0742", "area_ha": 0.09, "pair_id": "flood_2019_07_amur__blagoveshchensk", "layer": "flood", "aoi_name": "Благовещенск — слияние Амура и Зеи", "event_name": "Паводок в Приамурье, июль 2019", "date_peak": "2019-07-25"}, "geometry": {"type": "Polygon", "coordinates": [[[127.75636539662229, 50.39176871303056], [127.75594110128789, 50.391854114073794], [127.75595286685254, 50.39140454798616], [127.75636539662229, 50.39176871303056]]]}}, {"id": "742", "type": "Feature", "properties": {"contour_id": "flood_0743", "area_ha": 0.09, "pair_id": "flood_2019_07_amur__blagoveshchensk", "layer": "flood", "aoi_name": "Благовещенск — слияние Амура и Зеи", "event_name": "Паводок в Приамурье, июль 2019", "date_peak": "2019-07-25"}, "geometry": {"type": "Polygon", "coordinates": [[[127.53575453982701, 50.346479007578765], [127.535765600071, 50.34611938459797], [127.53618709937129, 50.346124691865754], [127.53618157086788, 50.34630450339285], [127.53575453982701, 50.346479007578765]]]}}, {"id": "743", "type": "Feature", "properties": {"contour_id": "flood_0744", "area_ha": 0.09, "pair_id": "flood_2019_07_amur__blagoveshchensk", "layer": "flood", "aoi_name": "Благовещенск — слияние Амура и Зеи", "event_name": "Паводок в Приамурье, июль 2019", "date_peak": "2019-07-25"}, "geometry": {"type": "Polygon", "coordinates": [[[127.53122801108411, 50.347411262067325], [127.53137683468523, 50.34714332018032], [127.53193884476192, 50.34715041751029], [127.53179279694507, 50.34732845457473], [127.53122801108411, 50.347411262067325]]]}}, {"id": "744", "type": "Feature", "properties": {"contour_id": "flood_0745", "area_ha": 0.09, "pair_id": "flood_2019_07_amur__blagoveshchensk", "layer": "flood", "aoi_name": "Благовещенск — слияние Амура и Зеи", "event_name": "Паводок в Приамурье, июль 2019", "date_peak": "2019-07-25"}, "geometry": {"type": "Polygon", "coordinates": [[[127.69779601894214, 50.26485239525891], [127.69780582699447, 50.26449274261479], [127.69822173180641, 50.2646772834181], [127.69821682933903, 50.26485710976709], [127.69779601894214, 50.26485239525891]]]}}, {"id": "745", "type": "Feature", "properties": {"contour_id": "flood_0746", "area_ha": 0.09, "pair_id": "flood_2019_07_amur__blagoveshchensk", "layer": "flood", "aoi_name": "Благовещенск — слияние Амура и Зеи", "event_name": "Паводок в Приамурье, июль 2019", "date_peak": "2019-07-25"}, "geometry": {"type": "Polygon", "coordinates": [[[127.69235786152733, 50.33530440975251], [127.69222479042948, 50.335033094159876], [127.69278669588233, 50.33503941306943], [127.69264128374176, 50.335217657358584], [127.69235786152733, 50.33530440975251]]]}}, {"id": "746", "type": "Feature", "properties": {"contour_id": "flood_0747", "area_ha": 0.09, "pair_id": "flood_2019_07_amur__blagoveshchensk", "layer": "flood", "aoi_name": "Благовещенск — слияние Амура и Зеи", "event_name": "Паводок в Приамурье, июль 2019", "date_peak": "2019-07-25"}, "geometry": {"type": "Polygon", "coordinates": [[[127.61556974138267, 50.22621645159575], [127.615577551142, 50.22594671939971], [127.61599800494773, 50.225951728768386], [127.61599019755839, 50.2262214610121], [127.61556974138267, 50.22621645159575]]]}}, {"id": "747", "type": "Feature", "properties": {"contour_id": "flood_0748", "area_ha": 0.08, "pair_id": "flood_2019_07_amur__blagoveshchensk", "layer": "flood", "aoi_name": "Благовещенск — слияние Амура и Зеи", "event_name": "Паводок в Приамурье, июль 2019", "date_peak": "2019-07-25"}, "geometry": {"type": "Polygon", "coordinates": [[[127.39487525001422, 50.28516773952577], [127.39488129893869, 50.284987937990394], [127.39530525397505, 50.28490384997978], [127.39529618298829, 50.285173552340446], [127.39487525001422, 50.28516773952577]]]}}, {"id": "748", "type": "Feature", "properties": {"contour_id": "flood_0749", "area_ha": 0.08, "pair_id": "flood_2019_07_amur__blagoveshchensk", "layer": "flood", "aoi_name": "Благовещенск — слияние Амура и Зеи", "event_name": "Паводок в Приамурье, июль 2019", "date_peak": "2019-07-25"}, "geometry": {"type": "Polygon", "coordinates": [[[127.76127065196059, 50.34388372717065], [127.76099665834084, 50.34361099073549], [127.76169450892448, 50.34379830279369], [127.76169217064579, 50.343888216949495], [127.76127065196059, 50.34388372717065]]]}}, {"id": "749", "type": "Feature", "properties": {"contour_id": "flood_0750", "area_ha": 0.08, "pair_id": "flood_2019_07_amur__blagoveshchensk", "layer": "flood", "aoi_name": "Благовещенск — слияние Амура и Зеи", "event_name": "Паводок в Приамурье, июль 2019", "date_peak": "2019-07-25"}, "geometry": {"type": "Polygon", "coordinates": [[[127.70207854524271, 50.32408093372873], [127.70236678016664, 50.32381433201909], [127.70278566396452, 50.323908946365144], [127.70278321619452, 50.323998858782026], [127.70207854524271, 50.32408093372873]]]}}, {"id": "750", "type": "Feature", "properties": {"contour_id": "flood_0751", "area_ha": 0.08, "pair_id": "flood_2019_07_amur__blagoveshchensk", "layer": "flood", "aoi_name": "Благовещенск — слияние Амура и Зеи", "event_name": "Паводок в Приамурье, июль 2019", "date_peak": "2019-07-25"}, "geometry": {"type": "Polygon", "coordinates": [[[127.6119007477894, 50.28013750228589], [127.61177089932069, 50.27977618742439], [127.61232429245914, 50.28005261909379], [127.6123216780942, 50.28014252886216], [127.6119007477894, 50.28013750228589]]]}}, {"id": "751", "type": "Feature", "properties": {"contour_id": "flood_0752", "area_ha": 0.08, "pair_id": "flood_2019_07_amur__blagoveshchensk", "layer": "flood", "aoi_name": "Благовещенск — слияние Амура и Зеи", "event_name": "Паводок в Приамурье, июль 2019", "date_peak": "2019-07-25"}, "geometry": {"type": "Polygon", "coordinates": [[[127.6126936625581, 50.33492078217444], [127.61270151875503, 50.33465105537726], [127.61326078368292, 50.33474766745595], [127.61311507686307, 50.3349258098194], [127.6126936625581, 50.33492078217444]]]}}, {"id": "752", "type": "Feature", "properties": {"contour_id": "flood_0753", "area_ha": 0.07, "pair_id": "flood_2019_07_amur__blagoveshchensk", "layer": "flood", "aoi_name": "Благовещенск — слияние Амура и Зеи", "event_name": "Паводок в Приамурье, июль 2019", "date_peak": "2019-07-25"}, "geometry": {"type": "Polygon", "coordinates": [[[127.32605737151422, 50.449959884810355], [127.32550054739144, 50.449771990548136], [127.32606371668854, 50.44978009458411], [127.32605737151422, 50.449959884810355]]]}}, {"id": "753", "type": "Feature", "properties": {"contour_id": "flood_0754", "area_ha": 0.07, "pair_id": "flood_2019_07_amur__blagoveshchensk", "layer": "flood", "aoi_name": "Благовещенск — слияние Амура и Зеи", "event_name": "Паводок в Приамурье, июль 2019", "date_peak": "2019-07-25"}, "geometry": {"type": "Polygon", "coordinates": [[[127.62599140404332, 50.3318408491134], [127.62599918410092, 50.331571120662126], [127.62642316366983, 50.33148619034835], [127.62641797859371, 50.33166600935194], [127.62599140404332, 50.3318408491134]]]}}, {"id": "754", "type": "Feature", "properties": {"contour_id": "flood_0755", "area_ha": 0.07, "pair_id": "flood_2019_07_amur__blagoveshchensk", "layer": "flood", "aoi_name": "Благовещенск — слияние Амура и Зеи", "event_name": "Паводок в Приамурье, июль 2019", "date_peak": "2019-07-25"}, "geometry": {"type": "Polygon", "coordinates": [[[127.44616024950268, 50.27938888646226], [127.4463064009346, 50.27921095601067], [127.44687051470052, 50.27912855403204], [127.44672436561531, 50.2793064852173], [127.44616024950268, 50.27938888646226]]]}}, {"id": "755", "type": "Feature", "properties": {"contour_id": "flood_0756", "area_ha": 0.07, "pair_id": "flood_2019_07_amur__blagoveshchensk", "layer": "flood", "aoi_name": "Благовещенск — слияние Амура и Зеи", "event_name": "Паводок в Приамурье, июль 2019", "date_peak": "2019-07-25"}, "geometry": {"type": "Polygon", "coordinates": [[[127.57757671489472, 50.23088420250064], [127.57772490291875, 50.23061619080462], [127.57800522827294, 50.23061962208834], [127.57799720527612, 50.230889349728685], [127.57757671489472, 50.23088420250064]]]}}, {"id": "756", "type": "Feature", "properties": {"contour_id": "flood_0757", "area_ha": 0.07, "pair_id": "flood_2019_07_amur__blagoveshchensk", "layer": "flood", "aoi_name": "Благовещенск — слияние Амура и Зеи", "event_name": "Паводок в Приамурье, июль 2019", "date_peak": "2019-07-25"}, "geometry": {"type": "Polygon", "coordinates": [[[127.34944218737482, 50.30809636933631], [127.34945463761406, 50.30773677579772], [127.34987264853952, 50.307832653413435], [127.3497260499746, 50.3080104573012], [127.34944218737482, 50.30809636933631]]]}}, {"id": "757", "type": "Feature", "properties": {"contour_id": "flood_0758", "area_ha": 0.07, "pair_id": "flood_2019_07_amur__blagoveshchensk", "layer": "flood", "aoi_name": "Благовещенск — слияние Амура и Зеи", "event_name": "Паводок в Приамурье, июль 2019", "date_peak": "2019-07-25"}, "geometry": {"type": "Polygon", "coordinates": [[[127.59046357457768, 50.19326556448087], [127.59047416399085, 50.19290592334679], [127.59075162323829, 50.192999232331246], [127.59074368273534, 50.19326896321187], [127.59046357457768, 50.19326556448087]]]}}, {"id": "758", "type": "Feature", "properties": {"contour_id": "flood_0759", "area_ha": 0.07, "pair_id": "flood_2019_07_amur__blagoveshchensk", "layer": "flood", "aoi_name": "Благовещенск — слияние Амура и Зеи", "event_name": "Паводок в Приамурье, июль 2019", "date_peak": "2019-07-25"}, "geometry": {"type": "Polygon", "coordinates": [[[127.67963518003238, 50.27211255767176], [127.67978044364521, 50.271934326628596], [127.68020131342357, 50.271939106844705], [127.68019634182399, 50.27211893167222], [127.67963518003238, 50.27211255767176]]]}}, {"id": "759", "type": "Feature", "properties": {"contour_id": "flood_0760", "area_ha": 0.06, "pair_id": "flood_2019_07_amur__blagoveshchensk", "layer": "flood", "aoi_name": "Благовещенск — слияние Амура и Зеи", "event_name": "Паводок в Приамурье, июль 2019", "date_peak": "2019-07-25"}, "geometry": {"type": "Polygon", "coordinates": [[[127.35056796061941, 50.44590286319275], [127.3505773376823, 50.44563317431151], [127.3509996831575, 50.445639161228335], [127.35085265102313, 50.44581695837402], [127.35056796061941, 50.44590286319275]]]}}, {"id": "760", "type": "Feature", "properties": {"contour_id": "flood_0761", "area_ha": 0.06, "pair_id": "flood_2019_07_amur__blagoveshchensk", "layer": "flood", "aoi_name": "Благовещенск — слияние Амура и Зеи", "event_name": "Паводок в Приамурье, июль 2019", "date_peak": "2019-07-25"}, "geometry": {"type": "Polygon", "coordinates": [[[127.39486617651251, 50.28543744181735], [127.39444826660772, 50.28534172667976], [127.39487525001422, 50.28516773952577], [127.39486617651251, 50.28543744181735]]]}}, {"id": "761", "type": "Feature", "properties": {"contour_id": "flood_0762", "area_ha": 0.06, "pair_id": "flood_2019_07_amur__blagoveshchensk", "layer": "flood", "aoi_name": "Благовещенск — слияние Амура и Зеи", "event_name": "Паводок в Приамурье, июль 2019", "date_peak": "2019-07-25"}, "geometry": {"type": "Polygon", "coordinates": [[[127.53769150599192, 50.34290576118935], [127.53755377695333, 50.342814088297985], [127.53756206088983, 50.34254437067715], [127.53784027877303, 50.34263781039048], [127.53769150599192, 50.34290576118935]]]}}, {"id": "762", "type": "Feature", "properties": {"contour_id": "flood_0763", "area_ha": 0.06, "pair_id": "flood_2019_07_amur__blagoveshchensk", "layer": "flood", "aoi_name": "Благовещенск — слияние Амура и Зеи", "event_name": "Паводок в Приамурье, июль 2019", "date_peak": "2019-07-25"}, "geometry": {"type": "Polygon", "coordinates": [[[127.54497003637881, 50.2426226097282], [127.54511570686827, 50.24244454979788], [127.54567375209008, 50.24254147795994], [127.54567101582317, 50.2426313857143], [127.54497003637881, 50.2426226097282]]]}}, {"id": "763", "type": "Feature", "properties": {"contour_id": "flood_0764", "area_ha": 0.06, "pair_id": "flood_2019_07_amur__blagoveshchensk", "layer": "flood", "aoi_name": "Благовещенск — слияние Амура и Зеи", "event_name": "Паводок в Приамурье, июль 2019", "date_peak": "2019-07-25"}, "geometry": {"type": "Polygon", "coordinates": [[[127.69604371188882, 50.26222446779443], [127.69577055416966, 50.26195158044641], [127.69605353222225, 50.261864815237324], [127.69604371188882, 50.26222446779443]]]}}, {"id": "764", "type": "Feature", "properties": {"contour_id": "flood_0765", "area_ha": 0.06, "pair_id": "flood_2019_07_amur__blagoveshchensk", "layer": "flood", "aoi_name": "Благовещенск — слияние Амура и Зеи", "event_name": "Паводок в Приамурье, июль 2019", "date_peak": "2019-07-25"}, "geometry": {"type": "Polygon", "coordinates": [[[127.67632804681745, 50.26991636186788], [127.67605246611203, 50.26973334137445], [127.67605495951072, 50.26964342907455], [127.67633801832544, 50.269556712630724], [127.67632804681745, 50.26991636186788]]]}}, {"id": "765", "type": "Feature", "properties": {"contour_id": "flood_0766", "area_ha": 0.06, "pair_id": "flood_2019_07_amur__blagoveshchensk", "layer": "flood", "aoi_name": "Благовещенск — слияние Амура и Зеи", "event_name": "Паводок в Приамурье, июль 2019", "date_peak": "2019-07-25"}, "geometry": {"type": "Polygon", "coordinates": [[[127.56652211867909, 50.16464059288553], [127.56639828871715, 50.16409940636741], [127.56653825608542, 50.164101134103106], [127.56652211867909, 50.16464059288553]]]}}, {"id": "766", "type": "Feature", "properties": {"contour_id": "flood_0767", "area_ha": 0.06, "pair_id": "flood_2019_07_amur__blagoveshchensk", "layer": "flood", "aoi_name": "Благовещенск — слияние Амура и Зеи", "event_name": "Паводок в Приамурье, июль 2019", "date_peak": "2019-07-25"}, "geometry": {"type": "Polygon", "coordinates": [[[127.77508519404923, 50.37505894164439], [127.774958489782, 50.37451797600703], [127.77509908718076, 50.37451945688013], [127.77508519404923, 50.37505894164439]]]}}, {"id": "767", "type": "Feature", "properties": {"contour_id": "flood_0768", "area_ha": 0.06, "pair_id": "flood_2019_07_amur__blagoveshchensk", "layer": "flood", "aoi_name": "Благовещенск — слияние Амура и Зеи", "event_name": "Паводок в Приамурье, июль 2019", "date_peak": "2019-07-25"}, "geometry": {"type": "Polygon", "coordinates": [[[127.58971319573018, 50.147385655389606], [127.5897211291327, 50.14711592248659], [127.5901355994583, 50.14730084160019], [127.59013295576389, 50.14739075258251], [127.58971319573018, 50.147385655389606]]]}}, {"id": "768", "type": "Feature", "properties": {"contour_id": "flood_0769", "area_ha": 0.06, "pair_id": "flood_2019_07_amur__blagoveshchensk", "layer": "flood", "aoi_name": "Благовещенск — слияние Амура и Зеи", "event_name": "Паводок в Приамурье, июль 2019", "date_peak": "2019-07-25"}, "geometry": {"type": "Polygon", "coordinates": [[[127.49263926631151, 50.27874183352324], [127.49293121993797, 50.27838585235147], [127.49307151750797, 50.27838767159453], [127.49306300100885, 50.27865738677302], [127.49263926631151, 50.27874183352324]]]}}, {"id": "769", "type": "Feature", "properties": {"contour_id": "flood_0770", "area_ha": 0.06, "pair_id": "flood_2019_07_amur__blagoveshchensk", "layer": "flood", "aoi_name": "Благовещенск — слияние Амура и Зеи", "event_name": "Паводок в Приамурье, июль 2019", "date_peak": "2019-07-25"}, "geometry": {"type": "Polygon", "coordinates": [[[127.34016132031617, 50.312461340267525], [127.34016758142978, 50.31228154447951], [127.34058874226487, 50.31228755771827], [127.34058248273816, 50.312467353544434], [127.34016132031617, 50.312461340267525]]]}}, {"id": "770", "type": "Feature", "properties": {"contour_id": "flood_0771", "area_ha": 0.06, "pair_id": "flood_2019_07_amur__blagoveshchensk", "layer": "flood", "aoi_name": "Благовещенск — слияние Амура и Зеи", "event_name": "Паводок в Приамурье, июль 2019", "date_peak": "2019-07-25"}, "geometry": {"type": "Polygon", "coordinates": [[[127.63878214884944, 50.3267747822938], [127.638789855111, 50.32650505216711], [127.6392111995965, 50.32650998464855], [127.63906561498632, 50.3266881607645], [127.63878214884944, 50.3267747822938]]]}}, {"id": "771", "type": "Feature", "properties": {"contour_id": "flood_0772", "area_ha": 0.06, "pair_id": "flood_2019_07_amur__blagoveshchensk", "layer": "flood", "aoi_name": "Благовещенск — слияние Амура и Зеи", "event_name": "Паводок в Приамурье, июль 2019", "date_peak": "2019-07-25"}, "geometry": {"type": "Polygon", "coordinates": [[[127.37565793494679, 50.29299557349251], [127.37566405797163, 50.29281577390245], [127.37608811513101, 50.29273175710769], [127.3760819937225, 50.29291155673812], [127.37565793494679, 50.29299557349251]]]}}, {"id": "772", "type": "Feature", "properties": {"contour_id": "flood_0773", "area_ha": 0.06, "pair_id": "flood_2019_07_amur__blagoveshchensk", "layer": "flood", "aoi_name": "Благовещенск — слияние Амура и Зеи", "event_name": "Паводок в Приамурье, июль 2019", "date_peak": "2019-07-25"}, "geometry": {"type": "Polygon", "coordinates": [[[127.77847334373706, 50.451182061138574], [127.77805318603892, 50.45108771235716], [127.77805781838971, 50.450907886271736], [127.77847334373706, 50.451182061138574]]]}}, {"id": "773", "type": "Feature", "properties": {"contour_id": "flood_0774", "area_ha": 0.06, "pair_id": "flood_2019_07_amur__blagoveshchensk", "layer": "flood", "aoi_name": "Благовещенск — слияние Амура и Зеи", "event_name": "Паводок в Приамурье, июль 2019", "date_peak": "2019-07-25"}, "geometry": {"type": "Polygon", "coordinates": [[[127.59459737335034, 50.31005975031281], [127.59460267445797, 50.309879933062504], [127.59516161127269, 50.30997662987828], [127.59515896177047, 50.310066538524225], [127.59459737335034, 50.31005975031281]]]}}, {"id": "774", "type": "Feature", "properties": {"contour_id": "flood_0775", "area_ha": 0.06, "pair_id": "flood_2019_07_amur__blagoveshchensk", "layer": "flood", "aoi_name": "Благовещенск — слияние Амура и Зеи", "event_name": "Паводок в Приамурье, июль 2019", "date_peak": "2019-07-25"}, "geometry": {"type": "Polygon", "coordinates": [[[127.56263048042678, 50.15433897910107], [127.56263856814004, 50.1540692496953], [127.5629184438651, 50.15407271355893], [127.56291035772529, 50.15434244299763], [127.56263048042678, 50.15433897910107]]]}}, {"id": "775", "type": "Feature", "properties": {"contour_id": "flood_0776", "area_ha": 0.06, "pair_id": "flood_2019_07_amur__blagoveshchensk", "layer": "flood", "aoi_name": "Благовещенск — слияние Амура и Зеи", "event_name": "Паводок в Приамурье, июль 2019", "date_peak": "2019-07-25"}, "geometry": {"type": "Polygon", "coordinates": [[[127.59693634179001, 50.30694008112794], [127.59680389208867, 50.306668660274106], [127.59722240852788, 50.306763652223694], [127.59721711788445, 50.30694346977264], [127.59693634179001, 50.30694008112794]]]}}, {"id": "776", "type": "Feature", "properties": {"contour_id": "flood_0777", "area_ha": 0.06, "pair_id": "flood_2019_07_amur__blagoveshchensk", "layer": "flood", "aoi_name": "Благовещенск — слияние Амура и Зеи", "event_name": "Паводок в Приамурье, июль 2019", "date_peak": "2019-07-25"}, "geometry": {"type": "Polygon", "coordinates": [[[127.59402531459376, 50.305645738194954], [127.59360946653123, 50.305460826195244], [127.5936121185221, 50.30537091753744], [127.59417100055488, 50.30546761873133], [127.59402531459376, 50.305645738194954]]]}}, {"id": "777", "type": "Feature", "properties": {"contour_id": "flood_0778", "area_ha": 0.05, "pair_id": "flood_2019_07_amur__blagoveshchensk", "layer": "flood", "aoi_name": "Благовещенск — слияние Амура и Зеи", "event_name": "Паводок в Приамурье, июль 2019", "date_peak": "2019-07-25"}, "geometry": {"type": "Polygon", "coordinates": [[[127.62642316366983, 50.33148619034835], [127.62656881027073, 50.33130803071331], [127.62699019508187, 50.33131300781918], [127.62670408789742, 50.33148950894887], [127.62642316366983, 50.33148619034835]]]}}, {"id": "778", "type": "Feature", "properties": {"contour_id": "flood_0779", "area_ha": 0.05, "pair_id": "flood_2019_07_amur__blagoveshchensk", "layer": "flood", "aoi_name": "Благовещенск — слияние Амура и Зеи", "event_name": "Паводок в Приамурье, июль 2019", "date_peak": "2019-07-25"}, "geometry": {"type": "Polygon", "coordinates": [[[127.54276016931442, 50.24610265330751], [127.54276565345997, 50.24592283813771], [127.54304880580861, 50.24583644692593], [127.5430405811927, 50.246106169716356], [127.54276016931442, 50.24610265330751]]]}}, {"id": "779", "type": "Feature", "properties": {"contour_id": "flood_0780", "area_ha": 0.05, "pair_id": "flood_2019_07_amur__blagoveshchensk", "layer": "flood", "aoi_name": "Благовещенск — слияние Амура и Зеи", "event_name": "Паводок в Приамурье, июль 2019", "date_peak": "2019-07-25"}, "geometry": {"type": "Polygon", "coordinates": [[[127.62610037690179, 50.19639080616192], [127.6261081190811, 50.196121071379], [127.62638566799569, 50.196214295912746], [127.62638050758135, 50.196394119120875], [127.62610037690179, 50.19639080616192]]]}}, {"id": "780", "type": "Feature", "properties": {"contour_id": "flood_0781", "area_ha": 0.05, "pair_id": "flood_2019_07_amur__blagoveshchensk", "layer": "flood", "aoi_name": "Благовещенск — слияние Амура и Зеи", "event_name": "Паводок в Приамурье, июль 2019", "date_peak": "2019-07-25"}, "geometry": {"type": "Polygon", "coordinates": [[[127.7582311034173, 50.341872646297354], [127.75824048192808, 50.34151299001069], [127.7583809809896, 50.34151449038354], [127.75851210367323, 50.34187564691139], [127.7582311034173, 50.341872646297354]]]}}, {"id": "781", "type": "Feature", "properties": {"contour_id": "flood_0782", "area_ha": 0.05, "pair_id": "flood_2019_07_amur__blagoveshchensk", "layer": "flood", "aoi_name": "Благовещенск — слияние Амура и Зеи", "event_name": "Паводок в Приамурье, июль 2019", "date_peak": "2019-07-25"}, "geometry": {"type": "Polygon", "coordinates": [[[127.65004612805674, 50.32591677891071], [127.64934644166865, 50.32581871231634], [127.6500486754937, 50.32582686843789], [127.65004612805674, 50.32591677891071]]]}}, {"id": "782", "type": "Feature", "properties": {"contour_id": "flood_0783", "area_ha": 0.05, "pair_id": "flood_2019_07_amur__blagoveshchensk", "layer": "flood", "aoi_name": "Благовещенск — слияние Амура и Зеи", "event_name": "Паводок в Приамурье, июль 2019", "date_peak": "2019-07-25"}, "geometry": {"type": "Polygon", "coordinates": [[[127.61777263218809, 50.28578382013415], [127.61777784141141, 50.285604000357274], [127.61806109850419, 50.28551742775001], [127.61805328627436, 50.28578715744932], [127.61777263218809, 50.28578382013415]]]}}, {"id": "783", "type": "Feature", "properties": {"contour_id": "flood_0784", "area_ha": 0.05, "pair_id": "flood_2019_07_amur__blagoveshchensk", "layer": "flood", "aoi_name": "Благовещенск — слияние Амура и Зеи", "event_name": "Паводок в Приамурье, июль 2019", "date_peak": "2019-07-25"}, "geometry": {"type": "Polygon", "coordinates": [[[127.67978044364521, 50.271934326628596], [127.67950732512145, 50.27166140179481], [127.6797879033264, 50.27166458942162], [127.67978044364521, 50.271934326628596]]]}}, {"id": "784", "type": "Feature", "properties": {"contour_id": "flood_0785", "area_ha": 0.05, "pair_id": "flood_2019_07_amur__blagoveshchensk", "layer": "flood", "aoi_name": "Благовещенск — слияние Амура и Зеи", "event_name": "Паводок в Приамурье, июль 2019", "date_peak": "2019-07-25"}, "geometry": {"type": "Polygon", "coordinates": [[[127.35597259285933, 50.43626577271276], [127.35625721555425, 50.43617985387802], [127.3564041968786, 50.43600204913397], [127.35639485612582, 50.4362717392532], [127.35597259285933, 50.43626577271276]]]}}, {"id": "785", "type": "Feature", "properties": {"contour_id": "flood_0786", "area_ha": 0.05, "pair_id": "flood_2019_07_amur__blagoveshchensk", "layer": "flood", "aoi_name": "Благовещенск — слияние Амура и Зеи", "event_name": "Паводок в Приамурье, июль 2019", "date_peak": "2019-07-25"}, "geometry": {"type": "Polygon", "coordinates": [[[127.34152473467746, 50.370133734350006], [127.34139985020168, 50.369682244300705], [127.34154040650967, 50.36968424903952], [127.34152473467746, 50.370133734350006]]]}}, {"id": "786", "type": "Feature", "properties": {"contour_id": "flood_0787", "area_ha": 0.05, "pair_id": "flood_2019_07_amur__blagoveshchensk", "layer": "flood", "aoi_name": "Благовещенск — слияние Амура и Зеи", "event_name": "Паводок в Приамурье, июль 2019", "date_peak": "2019-07-25"}, "geometry": {"type": "Polygon", "coordinates": [[[127.72137683487828, 50.36926441205221], [127.72124833993274, 50.368813304520174], [127.72138891759151, 50.3688148501873], [127.72137683487828, 50.36926441205221]]]}}, {"id": "787", "type": "Feature", "properties": {"contour_id": "flood_0788", "area_ha": 0.05, "pair_id": "flood_2019_07_amur__blagoveshchensk", "layer": "flood", "aoi_name": "Благовещенск — слияние Амура и Зеи", "event_name": "Паводок в Приамурье, июль 2019", "date_peak": "2019-07-25"}, "geometry": {"type": "Polygon", "coordinates": [[[127.61777784141141, 50.285604000357274], [127.61750500375607, 50.28533093274111], [127.61778565514732, 50.28533427068074], [127.61777784141141, 50.285604000357274]]]}}, {"id": "788", "type": "Feature", "properties": {"contour_id": "flood_0789", "area_ha": 0.05, "pair_id": "flood_2019_07_amur__blagoveshchensk", "layer": "flood", "aoi_name": "Благовещенск — слияние Амура и Зеи", "event_name": "Паводок в Приамурье, июль 2019", "date_peak": "2019-07-25"}, "geometry": {"type": "Polygon", "coordinates": [[[127.62122347263124, 50.3315145831614], [127.62122867728418, 50.331334764545176], [127.62164745986236, 50.331429670328774], [127.62164485832399, 50.33151957965198], [127.62122347263124, 50.3315145831614]]]}}], "name": "flood_2019_07_amur__blagoveshchensk_flood"}